set,group,id,entropy,trend,season,acf1_diff
M4,M4,M10046,0.5402987375496369,0.227714692931704,0.0,0.3835293625996998
M4,M4,M10114,0.672209378463406,0.5687659918088008,0.46088312921239183,-0.39480607791501304
M4,M4,M10121,0.23613317339819637,0.9801762930777151,0.7364722040296057,0.12153866501032778
M4,M4,M1021,0.2628757949054382,0.9639134476215607,0.8717437655925133,0.12726284719749156
M4,M4,M10215,0.6755087145792344,0.6499794027694287,0.6352456528539089,-0.4444360206181275
M4,M4,M10226,0.6464167493149625,0.597862073843525,0.73915402301027,-0.22215786938861243
M4,M4,M10228,0.7203602149662318,0.6384630964114784,0.4865863406037344,-0.4370097447374958
M4,M4,M10243,0.5364589110585343,0.6470528562780979,0.8928786165406499,-0.4886574076489099
M4,M4,M10246,0.370082443354938,0.818756610513909,0.8532215985548365,0.46922338951692766
M4,M4,M10253,0.25744638375303824,0.8985902864534655,0.2489327290579738,-0.3209441038034715
M4,M4,M10341,0.7362661534186764,0.401706122368256,0.15134350052629153,-0.47221093941127734
M4,M4,M10354,0.8532554827917037,0.2039960484032446,0.22264540601127314,-0.4929171336159192
M4,M4,M10372,0.33908675587490505,0.9461195310531239,0.8266124646442015,-0.3157397677373116
M4,M4,M10409,0.40642110685461946,0.8842993227484982,0.7024803770769824,0.7033844862284099
M4,M4,M1048,0.46292490118542357,0.3201143041413279,0.8717817381502115,-0.19033921856028915
M4,M4,M10492,0.3503695215039572,0.9857594665745715,0.3159489345186056,-0.1628434747867618
M4,M4,M10514,0.5842572448271359,0.9763179024780723,0.9558633072061276,0.11052422373413918
M4,M4,M10568,0.2075213259845332,0.978462721417486,0.40463378820284224,0.6209930066887163
M4,M4,M10581,0.40162772973980665,0.9951480510948356,0.40381647224750783,0.1758645957468062
M4,M4,M10783,0.15484901748918078,0.9956792747285802,0.44311378759605613,0.0783979595353807
M4,M4,M10784,0.17428489152683863,0.9840918633478634,0.5969356477580168,0.16703562024340904
M4,M4,M10806,0.37966920697367845,0.9812478394745698,0.668040214618964,0.07302216930237752
M4,M4,M10828,0.488909207996789,0.8769298563886598,0.7227684573725459,-0.09519891566737425
M4,M4,M10850,0.13744838800931977,0.9570280924398311,0.3500218103474789,-0.047599037569129976
M4,M4,M10898,0.27901101923829924,0.9691552133382438,0.7373933988411288,0.0819144841776981
M4,M4,M10946,0.3555515487487432,0.9775588051086002,0.5322827502053163,-0.17824339004507855
M4,M4,M11050,0.3011792301027251,0.9574644752868361,0.0,0.127571411057987
M4,M4,M11053,0.3703323378829729,0.9264677278648427,0.32746503475009237,-0.13502546146515473
M4,M4,M11111,0.1816611253243702,0.991513663783455,0.5184570514608926,0.4317967357977986
M4,M4,M11193,0.41573245453008056,0.9067413558110408,0.7902918435758013,-0.021874766654959073
M4,M4,M11200,0.35895569314924874,0.9438852272037037,0.8266890470094901,0.11632958996887434
M4,M4,M11254,0.2735372933176767,0.9532097920393148,0.6189884909351211,-0.2670416058270069
M4,M4,M11269,0.2529104517413481,0.9943461158479561,0.9782006977706876,0.4882195252150697
M4,M4,M11273,0.18077861756677557,0.980492818766113,0.8129427754309666,0.2214910786230165
M4,M4,M11292,0.32769042646049545,0.9308241220992952,0.4270445385578253,-0.2291852719529308
M4,M4,M11323,0.08305412275987359,0.9868925240481543,0.2529695381028324,0.22141355509664937
M4,M4,M11339,0.23467777412812935,0.9311952523851159,0.5160036397151475,-0.0767423239591436
M4,M4,M11345,0.24652928403637295,0.9823963359629863,0.5701345110551459,-0.20917086951376793
M4,M4,M11433,0.30256626799597075,0.9597004328838808,0.819282132002498,0.09925944940575888
M4,M4,M11468,0.6466596024216577,0.7448994256697967,0.6412614941489068,-0.13094524454207726
M4,M4,M11517,0.5832839026687249,0.6851020744862476,0.16790324810887247,-0.32076661566422227
M4,M4,M11555,0.44012312004372545,0.9759692335999595,0.9325521770783916,0.2326719850808123
M4,M4,M11588,0.2547406121902679,0.9455612684638162,0.7649846669535326,0.1318151144527529
M4,M4,M11594,0.33260543919610563,0.8364266397660138,0.057402844255695085,0.263258785942492
M4,M4,M11597,0.7230806304623648,0.5352881031766612,0.43945995363044854,-0.31875489292505366
M4,M4,M11614,0.2748855382282254,0.9504025108855716,0.6649692645724601,0.08617688310776629
M4,M4,M11630,0.411925970559217,0.9846041627959822,0.0,-0.13422919928365318
M4,M4,M11664,0.5827747914643859,0.8894584351257955,0.8402764187788421,0.07238993246556145
M4,M4,M11694,0.4178574639801002,0.9525019315947575,0.9500743287290279,0.18832921147692178
M4,M4,M11695,0.29429412288094425,0.9285547860524309,0.7759447653840087,0.11262239369638688
M4,M4,M11729,0.37787753972849003,0.9027790929120377,0.451063872167608,0.08489884178016492
M4,M4,M11746,0.5829917556186269,0.7715864035117734,0.855069051786501,0.08674588065384363
M4,M4,M11789,0.5091053104940695,0.8673978591518003,0.7078971790159516,0.06144180403974562
M4,M4,M11825,0.43329445905884956,0.9112974387725838,0.819644919337339,0.2200645874541641
M4,M4,M11834,0.3782279750638929,0.9711743201414913,0.6424808505648433,0.07555037940110794
M4,M4,M11842,0.5624506060194476,0.6430716600297426,0.753611379589749,0.08541754490051888
M4,M4,M11859,0.1930164869888406,0.9954610647729503,0.35284493201458855,0.30667443637004677
M4,M4,M11873,0.3136693378616474,0.9600467446813054,0.7050495972830519,0.13369929626482505
M4,M4,M11935,0.5086968934646189,0.8717616147986615,0.7661129732810323,0.1470414471052982
M4,M4,M12047,0.17365113004515542,0.9590043433402535,0.5270397951695627,0.1154822780126473
M4,M4,M121,0.5069889666197757,0.3142598047726295,0.0,0.4321304161089724
M4,M4,M12126,0.48753863252844115,0.6683903898762269,0.20065082190438865,-0.2515622988974682
M4,M4,M12136,0.4812628950920228,0.7916760226090109,0.4838533535179341,0.09380636308334724
M4,M4,M12199,0.1359377660500412,0.9544560027990335,0.13471745804875768,0.4618812709826114
M4,M4,M12310,0.32072360196464045,0.8947514495174247,0.0,0.19325169523474203
M4,M4,M12357,0.5119904957933552,0.9001219963893272,0.8648074879599275,-0.05177537418642275
M4,M4,M12424,0.36167559958457346,0.9977301864020282,0.5742015433844365,-0.2055990140165969
M4,M4,M12500,0.26146264418699733,0.9755618954757761,0.28279221717306524,0.08145493671809463
M4,M4,M12503,0.3998452561827333,0.9469929666607324,0.6768243322707062,0.10267860227477749
M4,M4,M12514,0.2571553391849603,0.9938625145573632,0.49050653669636535,0.2049063031104836
M4,M4,M12542,0.33363449341176976,0.9108183349873938,0.0,0.500477958067939
M4,M4,M12631,0.3004346775803842,0.953425302254429,0.08527066307795239,0.48550057729260176
M4,M4,M12761,0.20494485999144468,0.9462937351738698,0.25078755042011536,0.027953937921832237
M4,M4,M12928,0.36387298183311184,0.9966296890805564,0.558878922872711,-0.01188159766837314
M4,M4,M12944,0.27148070095113097,0.8684322471440803,0.16782018055934578,0.09113938381851379
M4,M4,M12977,0.5740893317720059,0.9317523733369539,0.6387160576176707,-0.1147728908853998
M4,M4,M12993,0.34957689058287683,0.9841421118325503,0.8083883516167822,0.07557819662300118
M4,M4,M13019,0.2857604032921732,0.9458480719278042,0.6240048288911813,-0.11904924270619978
M4,M4,M13055,0.1382875537967536,0.9053491040701683,0.21693317395030398,0.4625438066749778
M4,M4,M13116,0.5171418558244512,0.41852874210892976,0.758814265643345,0.2924865831842576
M4,M4,M1316,0.7630619506208289,0.287848721793067,0.32779389555551397,-0.25437875063205256
M4,M4,M13226,0.4065218177288324,0.9150469537730239,0.6341872741286845,0.25106664676712054
M4,M4,M13252,0.5120939516790624,0.7153506330831063,0.015587749314204924,-0.2508201196383972
M4,M4,M1332,0.3031312036359918,0.9131302199805634,0.5140371248464055,0.21364317429925525
M4,M4,M13558,0.7434509019844239,0.6335862325019597,0.24550111542867892,-0.06883901032443161
M4,M4,M13690,0.3937333063887679,0.8009771303557093,0.0,-0.19263718231042137
M4,M4,M13789,0.4107074774552804,0.9788106855954741,0.0143877555754659,-0.05429108567694551
M4,M4,M13795,0.3385772619581639,0.9414956665529108,0.12289831556224495,-0.09679499481665614
M4,M4,M13810,0.576585775577845,0.8369215856951381,0.17825109617605384,-0.37681505018333267
M4,M4,M13887,0.5049292097143724,0.8372698042043464,0.3377985256147076,-0.2643774776993211
M4,M4,M13897,0.30796293342275743,0.9944307221440221,0.3961342024558624,-0.15763524082969735
M4,M4,M13918,0.3649721699688326,0.8254690859545512,0.09504920784491544,-0.060660359849095506
M4,M4,M13922,0.4138935131406788,0.8369963550781174,0.00015143264104289234,-0.22420011662899725
M4,M4,M13944,0.855381536192021,0.32387131721031615,0.2802522716833594,-0.47536975343446
M4,M4,M13945,0.7257302942228352,0.30480735205211673,0.3713454782894815,-0.1511255102451237
M4,M4,M13961,0.7190023804646593,0.5749921211771971,0.5980587885434332,-0.18509881406312914
M4,M4,M13986,0.5218329426435696,0.8698465615468983,0.6471851589779939,-0.21337340121948406
M4,M4,M13997,0.5340577678293414,0.4276097794847674,0.8677142992062513,0.10647925143105631
M4,M4,M14027,0.5740214684481163,0.44127328828575285,0.0,-0.2722125789435371
M4,M4,M14062,0.5227449567965481,0.8574606297347822,0.1743035443336688,-0.0076284847196827045
M4,M4,M1408,0.27813686674149285,0.9652386378124866,0.777814918635303,0.11550309120962465
M4,M4,M14123,0.5082660183991983,0.5107575979832741,0.0,-0.2712930462414663
M4,M4,M14165,0.2645723796427752,0.948084529039249,0.0,0.0868464569129362
M4,M4,M14196,0.2518510402143107,0.9538418218749747,0.0,0.08880793691731138
M4,M4,M1420,0.4324981795647328,0.9475005165594247,0.8873976934695533,0.034670125627166815
M4,M4,M14203,0.21889989358500375,0.896610405337962,0.0,0.22931576925043395
M4,M4,M14208,0.5058229984451368,0.9324555897566991,0.0,0.897955463182272
M4,M4,M14216,0.31742446657097917,0.9671490138336777,0.0731390831858425,-0.38418280979950004
M4,M4,M14227,0.4253635548153818,0.9929321408974726,0.0,0.5268865066509986
M4,M4,M14260,0.5963769636905755,0.7958050831669108,0.9402613117423153,-0.23425117915116855
M4,M4,M14267,0.4795973698705036,0.9895418500368043,0.9373742017286583,-0.2308991083481813
M4,M4,M14278,0.3963426872238015,0.996842255789804,0.06309757563704632,0.28281663010954583
M4,M4,M14283,0.42172266499584643,0.9860767356666904,0.8747173449175549,-0.17104037089374166
M4,M4,M14321,0.46342632157554847,0.8700923981386204,0.554298275522134,-0.32390390730914914
M4,M4,M14387,0.7304881282053971,0.40593453391719536,0.5145041894307524,-0.4083956799426522
M4,M4,M14412,0.5641500641485706,0.96585755078496,0.8419051871209455,-0.21688988617726884
M4,M4,M14421,0.4337020517534992,0.7689571412789401,0.0,0.7141956563842804
M4,M4,M14544,0.568628490888874,0.9251345784877663,0.9658835285322506,-0.2926760791163305
M4,M4,M14582,0.5629673924061225,0.8453488438680736,0.4816868518225863,-0.34883897634908834
M4,M4,M14597,0.5099128798344744,0.9155872076990832,0.00011977081766678666,0.9093743043338415
M4,M4,M1461,0.4713036592253285,0.9612431297467735,0.7083330573517658,-0.019474676799197572
M4,M4,M14620,0.9039638484176338,0.21244204836458247,0.3655306625955058,-0.4892229653695772
M4,M4,M1465,0.7046430724854916,0.5519630045585053,0.3454936832259822,-0.49325392297114123
M4,M4,M14771,0.3674087585800203,0.8837655471800729,0.01375412630092021,0.09450367391854905
M4,M4,M14801,0.413467453219895,0.9980444037224292,0.0,0.7132264383416839
M4,M4,M14831,0.558113278434554,0.641614665663766,0.03154077203199579,0.29045385586014216
M4,M4,M14904,0.5994870686599927,0.21755119543033885,0.7028265878908734,0.1420450454772197
M4,M4,M14919,0.2559345734455883,0.2499801578091182,0.9366799764067862,0.4407655391466223
M4,M4,M14944,0.386792771122748,0.7368804750400152,0.9249261508918171,0.3599300758454774
M4,M4,M1496,0.4606253416833555,0.7782807686986843,0.9667563816592905,0.10782248673164475
M4,M4,M14974,0.8081138572854062,0.046918249604522844,0.28159309132152044,-0.2893862703447351
M4,M4,M15078,0.15028682181229713,0.7357837825086357,0.9847052969402549,0.5611198972139712
M4,M4,M15079,0.5155749267081823,0.6801863445766385,0.742348058642998,-0.2967975631246614
M4,M4,M15126,0.6818370396839336,0.21073955102699693,0.6995335994797574,-0.15360700579311673
M4,M4,M15180,0.4259478296588116,0.9766335358043625,0.2527857910370229,-0.22056454020124638
M4,M4,M15227,0.2962679468264464,0.7927805105166811,0.9772272439633164,0.4512151125754901
M4,M4,M15282,0.3472311853896063,0.6181273493663335,0.9602771767324348,0.428959288363707
M4,M4,M15396,0.42780535198459074,0.43796020831458227,0.8558449680961783,0.14097669336924712
M4,M4,M15423,0.5044707197023945,0.9033357997172273,0.8303824326659146,-0.13477139265932914
M4,M4,M15489,0.5531865830882962,0.9153630663221557,0.9402978342620212,-0.06603881513284589
M4,M4,M15511,0.5377062866570805,0.8391729825986871,0.7059248527332935,-0.26812368361363703
M4,M4,M1553,0.4572544731731238,0.8827779395000946,0.5953972379567709,-0.10333835441522685
M4,M4,M1567,0.522777111387048,0.9526241794542852,0.6106304414456851,-0.023849741842397902
M4,M4,M15700,0.46600534919211345,0.9848889967218524,0.05346247636391055,-0.1829721979855378
M4,M4,M15713,0.7971943288215335,0.34729172124368335,0.0,-0.47858564673269904
M4,M4,M15742,0.40136500200619546,0.9224543460492454,0.0,0.015998812372812397
M4,M4,M15769,0.28001035456162626,0.9457540646324336,0.0,0.0654111751126416
M4,M4,M15805,0.36847572326498235,0.9851429937020016,0.0,0.11923943605758244
M4,M4,M15856,0.5414027331259539,0.8444700386412106,0.2342297556283116,-0.2616222183901978
M4,M4,M15893,0.33742605436299644,0.849252593189022,0.0,0.011904753996056132
M4,M4,M15913,0.4971004333720226,0.8562985424387062,0.32813513877819456,0.10920319798808656
M4,M4,M15922,0.279975623629367,0.9027391054016541,0.17499525254608994,-0.17567796183875056
M4,M4,M15973,0.5800156830311747,0.9457489763403903,0.47461128927397467,-0.009567678430856163
M4,M4,M15987,0.3970571360271959,0.9226691251619742,0.0,0.027976676140587596
M4,M4,M16025,0.4563028513702142,0.905347548125861,0.0,0.04068607851153859
M4,M4,M16050,0.3320864020713236,0.8703427430881026,0.12344247361021743,-0.03413218085206053
M4,M4,M16052,0.6655946651281561,0.5456973090709054,0.059985977046021044,-0.19720501845589392
M4,M4,M16072,0.6523103670426063,0.8218513037775366,0.20009534518279215,-0.3814943981542255
M4,M4,M16099,0.37133031760277513,0.8915350447797671,0.25092016370804315,-0.2567670092670961
M4,M4,M16124,0.20245055609082338,0.9764060885637248,0.3398326429405316,-0.3398583740870791
M4,M4,M16134,0.49601526555177444,0.633124005509462,0.018158805936279165,-0.3332486063905633
M4,M4,M16190,0.46560343254399383,0.5665030021276358,0.0,-0.09826811491391402
M4,M4,M16211,0.23700709513873397,0.9127497690361805,0.14612206631878122,-0.17200171645856124
M4,M4,M16292,0.2256186981537138,0.9317271198073086,0.13274852358327494,-0.18936270287133145
M4,M4,M16322,0.2974875769395203,0.926751598933137,0.03069718383574338,-0.2921436027182278
M4,M4,M16339,0.34077618294563194,0.9221961989120557,0.0,0.005847494182098062
M4,M4,M16355,0.46181911478414595,0.7316498290852165,0.0,-0.06951319204678023
M4,M4,M16359,0.5623450775992499,0.9118893122469989,0.29151379756158513,-0.16772964685992467
M4,M4,M16410,0.26637961068698446,0.9723599878110802,0.09456793717565837,0.013053865067047971
M4,M4,M16428,0.5300759083160612,0.5364452368613577,0.21451827312335858,-0.15451974725641854
M4,M4,M16433,0.7795476471200888,0.21594043761273674,0.22073699465687768,0.008386617541245426
M4,M4,M16464,0.549461940999663,0.760047438312799,0.027430286546313853,-0.046632518333063686
M4,M4,M16516,0.21978937137920518,0.9560389335011517,0.0,0.22093594028753696
M4,M4,M1658,0.2634645812341419,0.9397555144981706,0.7938356471765472,0.4919480243936745
M4,M4,M16832,0.3406356898115746,0.9109859430892522,0.09625634540381,0.07696280312663731
M4,M4,M1698,0.4741632587989068,0.942607921497858,0.9599953228743042,0.16715165746336852
M4,M4,M17005,0.18525750959762868,0.9862879780267503,0.004423864985294457,0.4021889695854241
M4,M4,M1702,0.48629503324082113,0.8343640648831628,0.948990238130864,0.17254405912596263
M4,M4,M17020,0.2326659515365512,0.9021940443787926,0.0,-0.16227461741412197
M4,M4,M17048,0.20938654420230643,0.9605292558506627,0.02302718576779228,0.14670806761083696
M4,M4,M17084,0.2144559210364356,0.6596074153078832,0.9901609915838214,0.41144641162751966
M4,M4,M17113,0.6164198958578323,0.9496096347790758,0.7447608464531561,-0.5097305567330915
M4,M4,M17164,0.13319283613316144,0.9572612285512616,0.08045209042020296,0.033817658880027406
M4,M4,M1718,0.5615179007015269,0.5142780878716458,0.13342418278925472,0.23174231864925482
M4,M4,M17195,0.3760663816970511,0.9975480792741863,0.18583716264159678,-0.029945091324472938
M4,M4,M1800,0.427859918784894,0.930683973855174,0.9817460270403734,-0.0391351818873314
M4,M4,M1843,0.40085381155687216,0.9562120915181272,0.8546668592809061,-0.1498460512282573
M4,M4,M1848,0.36322726714308246,0.8804887893131014,0.8996036873525689,0.24239713774597496
M4,M4,M192,0.36376380926239615,0.8917580981335292,0.0832740622158743,-0.0075743820501743405
M4,M4,M1962,0.35726114895661404,0.9941353604725011,0.33809059779952866,-0.0287249101062575
M4,M4,M2006,0.4025731222306563,0.9914691456080393,0.8115339626399216,-0.042269175831466554
M4,M4,M2027,0.4507891878239016,0.9471691368269637,0.9489746966134179,0.14186045193851035
M4,M4,M2050,0.5011472484134635,0.7255122967833039,0.814742510089245,0.06837279979285087
M4,M4,M2074,0.31268982686559255,0.9447871572526899,0.45271625470736165,-0.09124104805967455
M4,M4,M21002,0.6742360362125743,0.6498523905806268,0.40087146500783144,-0.20620176646164412
M4,M4,M21063,0.6035361448700777,0.7767867795517667,0.6241016802465534,-0.1286749985224363
M4,M4,M21066,0.40247736981090804,0.9708602810198657,0.3213192969166332,-0.11310746247078539
M4,M4,M21067,0.5695581932567536,0.8211583501023291,0.6466275199067613,-0.08515647901260646
M4,M4,M21072,0.4326205572292078,0.9786221474398328,0.40005859879328376,-0.10208793225136217
M4,M4,M21124,0.5178363566343028,0.7274875668879635,0.3028744152509528,-0.061774912403387956
M4,M4,M21128,0.8044952647295697,0.20092577261985745,0.34043093977539374,-0.20002100439462095
M4,M4,M21167,0.8071534084574246,0.3366257887794333,0.6578869977381814,-0.0969710419806745
M4,M4,M21287,0.579806760264132,0.7405920016234868,0.34975299820994166,-0.2879088486809421
M4,M4,M2131,0.39551668033191706,0.9708129213716495,0.9529755270754734,0.19213197720879976
M4,M4,M21321,0.433720128584445,0.8007027663589399,0.34617083537547055,-0.3597919145920585
M4,M4,M21337,0.28510802902804905,0.9056452126661857,0.673235914268127,0.4634993447586147
M4,M4,M21340,0.38378570024200837,0.7879261351965008,0.0791095018172343,-0.17032327779578973
M4,M4,M21391,0.5177112248558281,0.9122950463091772,0.8300073018484762,0.058777159661802
M4,M4,M21411,0.662834441334954,0.36528509289391875,0.7335510045505365,-0.18203882162188081
M4,M4,M21422,0.3444821777836829,0.99322785564219,0.8652578331139893,0.6304491699195722
M4,M4,M21427,0.5065800857372819,0.9013470800455371,0.962968187760723,0.12461295215547935
M4,M4,M21548,0.43619916214693205,0.958382327874039,0.8444135443970855,0.22836215163509155
M4,M4,M2156,0.4767778857351012,0.8179301379007704,0.875948164871182,0.15470573494775133
M4,M4,M21567,0.6500148032894142,0.6497033733591218,0.817459438957489,-0.03261540337522825
M4,M4,M21611,0.5786188213804415,0.45895955638228914,0.8932503727234887,-0.3745515061168915
M4,M4,M21637,0.17081597835423099,0.9819241059967736,0.5779967302906477,0.2564379415951858
M4,M4,M21659,0.386163238664017,0.9155517440313505,0.9780152078173727,0.1985230725226714
M4,M4,M21662,0.607574329185293,0.8232418921946282,0.8602407952797577,-0.4227999008092986
M4,M4,M21770,0.4093101037795509,0.9658401359192681,0.4385029262666734,-0.0642384691567629
M4,M4,M21904,0.31500602151078655,0.9885800027787929,0.8342556031238897,0.21986230992649067
M4,M4,M21909,0.49828589091027387,0.9762918767354386,0.28352677332595444,-0.26660611967629505
M4,M4,M21925,0.4641958137363159,0.9733096551616442,0.0,0.10024082497993132
M4,M4,M21951,0.44177709535958093,0.9869204930077408,0.7618819346348074,-0.18794039677871655
M4,M4,M21974,0.5323425326757653,0.6871745358539318,0.527156122231556,0.20541862794434562
M4,M4,M22051,0.3170554807597254,0.9975274453197676,0.8853787479917005,0.16308983628194737
M4,M4,M22079,0.49241455097803033,0.759598529155957,0.03715582980346954,-0.16795647216686452
M4,M4,M22081,0.5131538631213903,0.6497381910782136,0.0,-0.19178205385692101
M4,M4,M2211,0.17121254113597353,0.9729634510951249,0.0,0.206606045875998
M4,M4,M22164,0.43579802425478187,0.9328965316391353,0.681356012183914,-0.1397976502009986
M4,M4,M22178,0.5186174526258054,0.6949186867016821,0.7558551410654405,0.19937153618962947
M4,M4,M22183,0.5299999292200914,0.7948326873736443,0.625445292725849,0.07039558026170929
M4,M4,M22184,0.5156772952730445,0.9455079434255195,0.470435665004049,-0.04208885208937976
M4,M4,M2222,0.3869493997244555,0.9760901245095761,0.33162980529768715,-0.0034954998333271608
M4,M4,M22228,0.39901722972335374,0.9566963797203974,0.48134085900245904,-0.015119786963830395
M4,M4,M22247,0.6376884719096213,0.6589618169347455,0.6228038177048298,0.12297949430818463
M4,M4,M22282,0.4009311262171791,0.99129999814277,0.5962872581231919,0.015177041413123945
M4,M4,M22334,0.3360251174018515,0.9434865344181995,0.1598007440052529,-0.09605103843776489
M4,M4,M22353,0.7874636873747026,0.18194796919241507,0.3838990783270162,-0.27602215884940834
M4,M4,M22376,0.3092361580879806,0.9770788536900724,0.46073010227050626,0.00976083880762064
M4,M4,M22377,0.4424872501478718,0.8236440988990283,0.3265377828524635,0.0093291297458745
M4,M4,M22395,0.371324254970355,0.9529873105689706,0.2690619456896881,0.04718288068763519
M4,M4,M22403,0.3948834515850487,0.9179362414448772,0.7135587223575551,0.1637488281337131
M4,M4,M22424,0.5154182786030886,0.8310097041077705,0.6823316688743059,-0.0031721653615531045
M4,M4,M22466,0.3675385126849719,0.9297582155324015,0.7293284826950936,0.15456422734960457
M4,M4,M22506,0.6043068309757513,0.9330108467971823,0.9193348388804701,0.06892618598590546
M4,M4,M22667,0.3295719875760212,0.8888136270317981,0.1651382649203892,-0.1447022393257516
M4,M4,M22674,0.49871627427039356,0.6745956357734741,0.18425875783505652,-0.2934086992296114
M4,M4,M2268,0.49686581078292197,0.8950938912700606,0.9563157121648858,0.02184030144664843
M4,M4,M22680,0.45302240847032327,0.8994753890603558,0.2529415297033468,-0.1728916268375525
M4,M4,M22683,0.589418537050697,0.7605671073248851,0.5277082060840695,-0.231829641653279
M4,M4,M227,0.4624092827799741,0.9271184912012148,0.7296009733354123,0.1483922427564706
M4,M4,M22731,0.4265049572930905,0.8421755727035488,0.5075426833981682,0.12465123299961248
M4,M4,M22779,0.35176225128894845,0.9780110833240618,0.47618589516141063,-0.0701707128950234
M4,M4,M22927,0.5793565799240468,0.7765599380588535,0.14387642001494605,-0.23307631027464917
M4,M4,M22951,0.44053847656994966,0.9233935479458377,0.8307252624559525,0.01473328852118133
M4,M4,M23096,0.5211092486594814,0.916830722798233,0.2304276118475881,-0.303979308840485
M4,M4,M231,0.4771109784750748,0.8370647874105052,0.473045587767429,-0.35937948386439594
M4,M4,M23108,0.46843603471123846,0.9959095836406076,0.6815691537784718,-0.03651621352255916
M4,M4,M23275,0.5754687751383059,0.6996157987795517,0.40895590983993735,-0.05699888254088083
M4,M4,M23323,0.36559101359479784,0.8895301831190678,0.35371920331661855,0.014964169009456895
M4,M4,M23332,0.20492911834454366,0.9870374666180066,0.11640280268891412,0.10388526232027026
M4,M4,M23336,0.2581994656727196,0.9396386366816389,0.035259757516139634,0.1376739077808157
M4,M4,M23341,0.5540172681315294,0.9760431510527317,0.870376665463366,-0.136257041889293
M4,M4,M23362,0.472900010290971,0.7977418176923468,0.8467737457781981,0.35444353118659055
M4,M4,M2339,0.4438887551077102,0.951824251239848,0.8790180234883009,-0.09921153922050852
M4,M4,M23390,0.4016759351297573,0.9569170793281041,0.4152996685352681,-0.05080170286628485
M4,M4,M2345,0.8423976059799713,0.27424543502499843,0.1860169712734142,-0.5034059483599364
M4,M4,M2357,0.29235270042362366,0.9901518687983666,0.8100835576199676,0.19263010520811463
M4,M4,M23607,0.5744556120674398,0.7735384913561428,0.36696205321166875,-0.3974282095047841
M4,M4,M23625,0.6814130691403862,0.7447838946369048,0.44248930507054896,-0.16917860011437968
M4,M4,M2363,0.3213668807657307,0.9776861388601368,0.8074369170953453,0.19916085892702334
M4,M4,M23728,0.6448401171983189,0.8336782969502002,0.6633837894088577,-0.5459632288243229
M4,M4,M23750,0.5335580149663648,0.8019165580982198,0.38476763188593244,-0.2512644536978944
M4,M4,M23810,0.7239926186599647,0.4867391101482761,0.46707699947922166,-0.48700335144734624
M4,M4,M2385,0.4705857204807421,0.9954009582948575,0.9816516608917006,0.2760249102290032
M4,M4,M23852,0.5211524259811905,0.9375205269410265,0.5903301510306191,-0.5054897694715434
M4,M4,M23858,0.4290014682500051,0.9691624191422251,0.3491986852950024,-0.5051561012266166
M4,M4,M23865,0.48379189261429767,0.8196253985612567,0.44674747440169305,0.1494163174705391
M4,M4,M2388,0.49337052286685,0.6594128669810699,0.5655227892399661,0.11183223037251395
M4,M4,M23894,0.5589943476553209,0.8980336871008276,0.37735617963215917,-0.24240691609862958
M4,M4,M23927,0.6820138495330114,0.4486776711347893,0.5868812635402838,-0.37586335685935035
M4,M4,M23932,0.5113218138890859,0.9415967718272215,0.8074281700275985,-0.40961538472663844
M4,M4,M23935,0.6220301146409201,0.5044177079086685,0.17778053474772548,-0.13429660767888135
M4,M4,M23988,0.44433044435283375,0.9675458863519447,0.22230396322074952,-0.17990175477739653
M4,M4,M23995,0.4332321304941455,0.9773766064581816,0.599188852125135,-0.5654286731856719
M4,M4,M24039,0.5803745175586126,0.6060907426729587,0.2815823728997088,0.05437363601921709
M4,M4,M24073,0.6185675743976463,0.7409417046313975,0.7996018280610119,-0.24797425317772628
M4,M4,M24164,0.4913139839307068,0.7630910254705754,0.3199382329951629,-0.3403445481978163
M4,M4,M24201,0.4054585520260352,0.9569280401855891,0.17744833289810347,-0.24433681071707733
M4,M4,M24235,0.6059093957821068,0.7906090459478794,0.15886442597839134,-0.15547694106027043
M4,M4,M24263,0.6403131063261707,0.6884955202307614,0.7223992881496589,-0.6082046719961377
M4,M4,M24336,0.5956050165795731,0.7908304816718832,0.27506113545631916,-0.23599101119182664
M4,M4,M24371,0.520979441439044,0.83148047302354,0.6971538550984218,-0.34400188665863146
M4,M4,M24423,0.4972648844024247,0.8415518500042195,0.09047918745121553,-0.11823882051706586
M4,M4,M24452,0.7033590703549956,0.5761857166487001,0.285866511425394,-0.3104556700467317
M4,M4,M24566,0.41856194306279026,0.9975348682243392,0.8648625466400419,-0.6229113684187019
M4,M4,M24578,0.7325191482026135,0.4478273953315348,0.4809316742433377,-0.4815623164220328
M4,M4,M24617,0.6711615931897078,0.3683623760737885,0.6740386774659899,-0.06610207341039617
M4,M4,M24629,0.6918054864037528,0.5307391994754191,0.10836703903866318,-0.1685485806500222
M4,M4,M24646,0.6694755554811319,0.7529029294816233,0.7079190449478854,-0.06594072129542224
M4,M4,M24733,0.6086289567036159,0.700127783184232,0.6734261053655799,-0.46763579839653424
M4,M4,M24744,0.35642702602369414,0.9933254654913182,0.47380800663731903,-0.3203415357096629
M4,M4,M24779,0.6532455328124201,0.7476817146257393,0.16440629738660806,-0.31040152810946203
M4,M4,M24792,0.5180254646201777,0.9591605122595697,0.3546798601346999,-0.3381656425677405
M4,M4,M24831,0.5747822265322712,0.9677782398405402,0.4827487799398663,-0.04796112251959909
M4,M4,M24898,0.4579760991857404,0.7353087802747958,0.1004544074288023,-0.34120172878510036
M4,M4,M24981,0.7785218842276388,0.35134531802484403,0.23270856059637912,-0.22572867453322054
M4,M4,M25064,0.6919870216044762,0.8077331350030714,0.23957023578642123,-0.33345107244925837
M4,M4,M25068,0.4987224611996718,0.7738304189648909,0.11961141117996754,-0.4368741321285303
M4,M4,M25100,0.5111260051653583,0.8652186672449383,0.4572853813801685,-0.0812156867844967
M4,M4,M25109,0.38328037960251515,0.8350131632499092,0.11000243628692141,-0.35869961972943726
M4,M4,M25150,0.806325197051297,0.5126860142702534,0.28913505550787044,-0.42313552847876224
M4,M4,M25151,0.5814397272183239,0.6785902527224988,0.18028512258626328,-0.4139707081820756
M4,M4,M25169,0.8181952227567335,0.4684999495613409,0.33034009311067647,-0.25712776291181144
M4,M4,M25171,0.443537808300885,0.931118053221768,0.5264435542407506,-0.39043701788397717
M4,M4,M25185,0.5204735859761159,0.9008395397792628,0.43163068119944514,-0.23281552162164038
M4,M4,M25188,0.7588732596044571,0.2645417005763301,0.5605585726580806,-0.3049159976934399
M4,M4,M25198,0.6814284027441234,0.31702012639243327,0.16293804794173117,-0.15772117809509803
M4,M4,M25215,0.6582172487053846,0.5778137122703968,0.07673365571117496,-0.24759873111818484
M4,M4,M2522,0.7326051333146969,0.7308778749913725,0.3486346372013327,-0.41545520503246375
M4,M4,M25224,0.5813717116215252,0.8096290727467115,0.21965505807507646,-0.2394614073821365
M4,M4,M25231,0.6374081224518632,0.797792697669923,0.5656398327730241,-0.5328801441894169
M4,M4,M25235,0.6831648709361247,0.3963042389474226,0.0,0.0174577430313027
M4,M4,M25275,0.44839400108683647,0.9412516024884982,0.36552773762538404,-0.27315234891520784
M4,M4,M25298,0.4825405497076698,0.9856012480312303,0.5350516444773683,-0.5267690732179452
M4,M4,M2537,0.7456112464707199,0.30621681944352364,0.1425977426955135,-0.15176531153631553
M4,M4,M25456,0.5289615384247571,0.9366986921125937,0.9246258013317068,0.26535883334598265
M4,M4,M25486,0.5943986475899474,0.6672333207346575,0.14133045600586713,-0.41880216617194105
M4,M4,M25525,0.6672587117601001,0.7937680596177488,0.4737538297541103,-0.08329072344448187
M4,M4,M25530,0.38527889800172727,0.9719154718156083,0.37611238982535666,-0.32676349716807684
M4,M4,M25535,0.38068253594251383,0.9790118533362451,0.22738853780972046,-0.05631728477075197
M4,M4,M25544,0.40119419224523467,0.9791696058705126,0.33768563242953176,-0.2724998055390482
M4,M4,M25549,0.4844179046163719,0.8740324329256469,0.6343236459101691,-0.39307658905208864
M4,M4,M25612,0.5639687297506875,0.9027613828376291,0.6447095165073417,-0.5119623130908686
M4,M4,M25633,0.41411607645402126,0.968972445633059,0.43980149665162593,0.8318817111223419
M4,M4,M25703,0.38783401844615056,0.9537845715292943,0.7440721224545703,0.0005247982558321326
M4,M4,M25782,0.332480078925436,0.8470767624421566,0.0,0.7221605685523789
M4,M4,M25786,0.28334740702159206,0.9152808103060093,0.029060277020461767,0.6968925439222253
M4,M4,M25822,0.30440028279615794,0.903285923171521,0.020953039583344713,0.765430461025677
M4,M4,M25824,0.3256502172149893,0.8423452112401147,0.0,0.8130046573018938
M4,M4,M25862,0.25315153785475286,0.8946467954652711,0.0,0.7847050098381765
M4,M4,M25885,0.5176040036739012,0.9365335738917105,0.9278750767962289,-0.35329217934850693
M4,M4,M25891,0.6732511028376994,0.40398995070598964,0.3982733321965425,-0.15986295471602208
M4,M4,M25922,0.709350210145108,0.5295933921389127,0.674674484758728,-0.41669001540354705
M4,M4,M25948,0.4155542937870474,0.9841712631937962,0.5361974204476545,-0.38804989001916573
M4,M4,M25967,0.8158847482343219,0.30954619863104404,0.18098192364939758,-0.38543526472440953
M4,M4,M25975,0.57308300595182,0.8889628573597748,0.4646304402795297,-0.23091238152785312
M4,M4,M25977,0.603884412697449,0.9278831032051278,0.6455435384004166,-0.11112366803108437
M4,M4,M25978,0.647156267726275,0.7072106127245601,0.1315516720149501,-0.3014218939724208
M4,M4,M26056,0.4874942497569606,0.9378505629481861,0.4518068564085259,-0.31127446493167066
M4,M4,M26143,0.608230370293242,0.8902804247453597,0.5384525121827518,-0.3042030294122065
M4,M4,M26183,0.5939647335246083,0.6897722849481731,0.0,-0.11208111540013638
M4,M4,M26191,0.5739372652575065,0.6684531617318319,0.13410030082153346,-0.14137605859596863
M4,M4,M26236,0.40554748787661227,0.8129025612107975,0.0,0.6039185404066194
M4,M4,M26296,0.5504367556359556,0.7329985464204556,0.9539166767559664,-0.17230970727923042
M4,M4,M26309,0.6453918020097947,0.6821244197248448,0.7478214347965857,-0.32481317916351254
M4,M4,M26343,0.2559178052997154,0.8916327278564703,0.05869518535251861,0.17264859818489
M4,M4,M26374,0.40396097255494007,0.753410833906471,0.0,0.027138951457013633
M4,M4,M26375,0.5636895107326443,0.42459403972768994,0.0,0.13916078626565348
M4,M4,M26377,0.45325003387879514,0.8504885361498645,0.004828520697258365,0.09101034904690099
M4,M4,M26401,0.4691501840213368,0.9470647156414468,0.10477214031798288,0.01799942655913425
M4,M4,M26413,0.40588767618103727,0.9809474841180532,0.0,0.0407815748748945
M4,M4,M26419,0.30421862163233787,0.8016251761379123,0.0,-0.0005904383440401911
M4,M4,M26424,0.45780844134156395,0.7630223133742445,0.0,-0.050174906657345086
M4,M4,M26468,0.3985884101361402,0.8775450552963424,0.2815580482216343,0.13444024060254886
M4,M4,M26478,0.40040678405416114,0.931040717759884,0.19522350135998012,-0.030919301013602955
M4,M4,M26502,0.13181216317109395,0.9810882149372058,0.10440006499646748,0.844087352197997
M4,M4,M26503,0.16685251129144218,0.96035186804711,0.0,0.8067512851396985
M4,M4,M26569,0.31711274679536133,0.9512426294922938,0.0,0.29923953070355147
M4,M4,M26570,0.19706786767869158,0.929764499573683,0.10538100088150193,0.15047046458551142
M4,M4,M26613,0.47639240964035295,0.7703846995828908,0.0,-0.11884887872124848
M4,M4,M26677,0.1973010554943749,0.9872551130604635,0.40206732691120606,0.006203247458068372
M4,M4,M26702,0.4574975047583745,0.9694736257548588,0.4568032376711969,-0.41517155233216685
M4,M4,M26769,0.23684696752785442,0.9292054604574409,0.9925200591133889,0.35347010250937433
M4,M4,M26777,0.6276886847735278,0.7758837594832418,0.8131923836320469,-0.3214672644801322
M4,M4,M26818,0.49308658644571524,0.9794897921846786,0.0071784068520194255,-0.11991818775938076
M4,M4,M26826,0.5015409174514412,0.7553140390931351,0.13610340708972324,-0.13392557676388173
M4,M4,M26842,0.27106718123886425,0.24779596858801,0.9553709286301664,0.4334084051553347
M4,M4,M26848,0.5264226197863078,0.6856389064858228,0.9177768649414724,-0.23492052847882705
M4,M4,M26869,0.41758924069036296,0.9088888157535818,0.1937716207770277,-0.10675360648217486
M4,M4,M26995,0.6934250889291781,0.5223828761283962,0.4253398103604813,-0.4895453208752419
M4,M4,M27041,0.5805349817172606,0.7914138678613687,0.7361034111919469,-0.09030365954116029
M4,M4,M27051,0.5839649927384024,0.8250748688685832,0.673125340256801,-0.4663768846951258
M4,M4,M2706,0.1531404540526217,0.8323931913179875,0.0,-0.016380180419832087
M4,M4,M27063,0.5770403097867605,0.5688894401235729,0.703762270786688,0.06180579397421695
M4,M4,M27072,0.4322800060070838,0.8425568256828618,0.5980135808879938,-0.41504831863462227
M4,M4,M27082,0.3046240993399558,0.7091339846440681,0.9650252026198407,0.44845175907274043
M4,M4,M27096,0.2900316961022328,0.8748269028054031,0.21607309417565845,0.0871888963482377
M4,M4,M27101,0.5138517433647902,0.8326448248556038,0.8680656634835878,-0.04520050058347202
M4,M4,M27104,0.6162251347912153,0.8979564993062099,0.9452278309220512,-0.4262578635083174
M4,M4,M27125,0.4343573479642346,0.9230291594321467,0.03755404478708391,-0.1188390459628522
M4,M4,M27152,0.4202920708467738,0.7519898921205281,0.10875603117929644,0.26444889655768683
M4,M4,M27153,0.5139284430906387,0.05457652296288695,0.0,0.7042514229317364
M4,M4,M2739,0.2864393769687188,0.7979532692876666,0.9807451116738591,0.1170825539923453
M4,M4,M27459,0.3712739701701841,0.7003189660252274,0.0,0.6373575282548188
M4,M4,M27482,0.49329766707368866,0.29719250722053214,0.0,0.007533062656267441
M4,M4,M27484,0.3502834856253859,0.8186233493805781,0.036962118603032224,0.33901729069160486
M4,M4,M27485,0.4608081122888408,0.7320953606746529,0.0,0.13294076836550697
M4,M4,M27525,0.47645898590055275,0.9811293979690389,0.39841126155412054,-0.2466148801245345
M4,M4,M27535,0.5637728644174438,0.5521299157237216,0.15319478529284758,-0.014372440661685613
M4,M4,M27573,0.4454474365449573,0.7114669017376757,0.0,0.026255399317879864
M4,M4,M27587,0.34186636054722724,0.9147131579856462,0.00699531038731982,-0.1805777542808245
M4,M4,M27594,0.6864800463852826,0.7126210301798078,0.6225687786064316,0.025186668215089743
M4,M4,M27604,0.5946691877547954,0.8566246425145413,0.3157207082906611,-0.320705131582054
M4,M4,M27627,0.3413399871909626,0.9890214184952767,0.08882081740433168,0.014917335125994153
M4,M4,M27648,0.6620257029509033,0.26970615550961985,0.13313604251837574,0.004120474170449632
M4,M4,M27650,0.533680964868736,0.9851343968935401,0.908233166290331,0.3968078417075157
M4,M4,M27658,0.5603309787838917,0.8482630702594767,0.50824937194041,0.25954481803954055
M4,M4,M27900,0.5150718896183986,0.4328042211351749,0.0,-0.12879164605661808
M4,M4,M27965,0.2428503266073773,0.8585704583429858,0.0,0.4744288167961217
M4,M4,M27990,0.24313131522418052,0.9219217311119979,0.03896492619257119,0.3379190784919195
M4,M4,M28038,0.38228061173357003,0.9672058185012011,0.1395776725916853,-0.06907344725357108
M4,M4,M28057,0.4265490979788494,0.9404096746392023,0.20855177842468486,-0.0887646665835289
M4,M4,M28111,0.45851941048208655,0.9756470666932661,0.34797336093447306,-0.0954577066775335
M4,M4,M28132,0.37151737985140415,0.9159896251690975,0.062291167567478545,0.06837535275465079
M4,M4,M28153,0.5438027114005961,0.961081039388048,0.18419273668431668,-0.14888979482553777
M4,M4,M28211,0.25979890243596976,0.9092855931724185,0.009524945282219033,0.15774132632180266
M4,M4,M28280,0.3360921709741093,0.9313451263021795,0.9251911568028209,0.322335536419636
M4,M4,M28281,0.3250639004355805,0.8231911656589179,0.9305294689556163,0.30742620613787536
M4,M4,M28333,0.31800710479417477,0.9761256225179271,0.22648976759267125,0.29434580277517874
M4,M4,M28360,0.43882813496833684,0.8979186303908288,0.4702619245351687,-0.19160168449433188
M4,M4,M28407,0.22873789324480345,0.956518190723428,0.23942904902822904,-0.11632951311840548
M4,M4,M28444,0.607407455344773,0.9534078638646402,0.2811007920242724,0.015952641075465002
M4,M4,M2848,0.4032384622399298,0.9341330125420454,0.15003406564328592,-0.26058976589455307
M4,M4,M285,0.6337231798426624,0.7931932528576515,0.09970722659889597,-0.167636070397367
M4,M4,M28519,0.4727417342238144,0.9974432095182537,0.9662053454634068,-0.4433804063215519
M4,M4,M28540,0.5210696089424395,0.974831393008176,0.9401731325422814,0.40876699730243904
M4,M4,M28583,0.3380496769459274,0.9780279755414707,0.8323855602185802,0.31529269354687245
M4,M4,M28598,0.5235130213511698,0.935524381091341,0.35442651397474734,-0.2941671389650424
M4,M4,M28600,0.6566043535191934,0.9402873220716869,0.7788526106630101,-0.3498780965311529
M4,M4,M28604,0.4505651445927275,0.9752871013868677,0.3994014595695625,-0.23262945670628182
M4,M4,M28662,0.29798530225714626,0.7907447178624729,0.008697375238034932,0.5024496116638919
M4,M4,M28748,0.5533052272268957,0.7969281757427547,0.3971722066616803,-0.09984905191435846
M4,M4,M28793,0.5863693809997439,0.5517748026157844,0.6345533191937061,-0.01416935411010163
M4,M4,M28802,0.38054985332992275,0.8524610607666011,0.5492040037004173,0.04672992792373918
M4,M4,M28804,0.18627080240869523,0.965296508522168,0.3533551200390783,-0.15774973561243982
M4,M4,M28910,0.29822111916241667,0.977849785353059,0.005948802430434941,0.4136029917483447
M4,M4,M28922,0.41952763351172767,0.9992014837824474,0.1739521199859544,0.21280119146527912
M4,M4,M28925,0.4242045938857501,0.9991535596288386,0.17190169675181521,0.3300930927061338
M4,M4,M28929,0.24303649468922686,0.9468536105112966,0.1209113297506682,0.42096705022055564
M4,M4,M28934,0.23880361883696904,0.8312167166220963,0.0,0.4764657190340408
M4,M4,M2896,0.6807357755300479,0.5930042298309415,0.5385104027110832,-0.3577662458987339
M4,M4,M2897,0.7256291026917151,0.48709639848236796,0.46435143747740004,-0.38013476821692954
M4,M4,M290,0.6898216405197002,0.48935298158258556,0.6592021975074895,0.009486756780171166
M4,M4,M29007,0.398143869634885,0.9912423577758672,0.2690545666008376,0.7355850573010024
M4,M4,M29017,0.4515946082753314,0.9862566192870676,0.2778692788544642,0.5712200715921721
M4,M4,M29038,0.41726582536068507,0.9700440895255524,0.03428516815711913,0.4764822778987556
M4,M4,M29047,0.14068376181135286,0.9702900998391856,0.0824058519743115,0.5241005183625904
M4,M4,M2910,0.3537946180964172,0.9619984549221151,0.14398626597763253,-0.008257190003087379
M4,M4,M29126,0.491505852558416,0.9657370145863874,0.04177620432538165,0.059280120964511754
M4,M4,M29129,0.562255723431781,0.9014901050935635,0.43657656964539826,-0.13792903337115014
M4,M4,M29130,0.33165198350734015,0.9634163696632344,0.4737383758066057,0.2056365336010801
M4,M4,M29133,0.29304560281914693,0.9734080638212622,0.17054817801286637,0.42120425620173757
M4,M4,M29145,0.47637098308080533,0.886988598903602,0.3536324672699709,-0.04933983500002757
M4,M4,M29161,0.24057972574762448,0.9672815543041782,0.3728316541486306,0.4743840879422855
M4,M4,M29223,0.44581551762288696,0.9719735420108527,0.9549310019588324,0.38092896641753415
M4,M4,M29272,0.2814283479535647,0.9535297045926143,0.305282925871424,-0.1037481183217739
M4,M4,M29279,0.133077114049664,0.9788549351514255,0.2550975819249339,-0.07877593977997659
M4,M4,M29300,0.5344301016995258,0.510023973790082,0.0,0.4957337312984997
M4,M4,M29313,0.5172970410733274,0.8843359351842704,0.1263683688321905,-0.38485241861392533
M4,M4,M29327,0.37746006320369413,0.9418133515920709,0.0,0.4684091554457123
M4,M4,M29380,0.23570883997555184,0.9062419092089363,0.0,-0.0517787191012419
M4,M4,M29421,0.31034590710857435,0.9940515373852881,0.24513139333904455,0.4118784809812099
M4,M4,M29469,0.37060829667592593,0.935890319377236,0.04298837439359471,-0.21355461231892103
M4,M4,M29509,0.40293451127225965,0.9752438293443927,0.5703284770978758,0.4410218217025397
M4,M4,M29527,0.2629100607130312,0.9880757628136239,0.8891621510278416,0.5963352188292431
M4,M4,M29548,0.36401833466032935,0.9873815393068732,0.08730155133191031,0.29842990156539984
M4,M4,M29560,0.4212227052389084,0.9744335493115,0.4790080390194882,-0.2746404109228276
M4,M4,M2960,0.5722209476292677,0.4101429318287084,0.0,-0.09387879041938622
M4,M4,M29653,0.2897611429060798,0.9657621157870144,0.38287925923681143,0.19153439153439153
M4,M4,M29714,0.3838576943678737,0.9521757003859396,0.9302462027799296,0.2196758935824799
M4,M4,M29720,0.2969030172413909,0.9806082463976641,0.8812392549927099,0.15180373775649367
M4,M4,M29736,0.402653213591465,0.9471504806452278,0.8903111591457994,0.3446380423743186
M4,M4,M29821,0.5309589695968789,0.5224060555817125,0.11225076772551457,0.24500003239289095
M4,M4,M29838,0.27726653143024893,0.7776593784486754,0.0,0.3574851901258369
M4,M4,M29855,0.37623806580771346,0.9444075226075606,0.8180362322214612,0.5426661715558856
M4,M4,M2986,0.5704152109130546,0.7658264069499234,0.037116396690731523,-0.025870614061325424
M4,M4,M29861,0.38068685759307497,0.9203627694169048,0.8546144569885923,0.5171546802859316
M4,M4,M29939,0.242026177055148,0.9838043735513501,0.0,0.00857708922686086
M4,M4,M29970,0.4903449093270385,0.6009764350421045,0.0,-0.13333333333333333
M4,M4,M29977,0.37369957944373666,0.835194878283358,0.06361052871778294,-0.23765052076443835
M4,M4,M29982,0.21540977402181347,0.9646655597445404,0.544281829982505,0.21359281278979225
M4,M4,M29987,0.25588661703245935,0.9967497388145351,0.6318360802259813,0.038923538730053414
M4,M4,M29989,0.12201378717240823,0.9635517906245357,0.2646370714951374,0.03927419535820704
M4,M4,M29996,0.16377122635460278,0.9125784980022329,0.027784310018261094,0.6518958745909463
M4,M4,M30032,0.6018787048525863,0.4519299800077552,0.13716435363374213,0.3971879834323483
M4,M4,M30054,0.18127677222671776,0.9559474197930317,0.504675046564929,0.03472139992350671
M4,M4,M30057,0.15379023947705006,0.9567245225595334,0.0,0.350424106415119
M4,M4,M30104,0.5561474444197665,0.4631679899154544,0.0,-0.3440728830549562
M4,M4,M30126,0.49665776602393996,0.5832017238505629,0.04811076732268926,-0.39747131297108684
M4,M4,M30195,0.4088586586153097,0.8527832844654784,0.4601797812038323,-0.3224768528897325
M4,M4,M30203,0.4089255733930523,0.9225248209517348,0.8267536508093722,0.3130749719525877
M4,M4,M30295,0.3562862036916825,0.7713542334349945,0.0,0.45852591528548287
M4,M4,M30296,0.4576615115326034,0.6271145094667754,0.07041615517823407,0.4710492155259557
M4,M4,M30310,0.4101853349294704,0.640382187609975,0.021363417548902253,0.505977458688079
M4,M4,M30346,0.34564107792289905,0.7408524322770398,0.0,0.40619774353032145
M4,M4,M30354,0.39831197487758796,0.9889411749211265,0.8625810706532249,0.12960792416444392
M4,M4,M30382,0.4602821467132393,0.9793783971502943,0.15806618387060434,-0.2593648385873468
M4,M4,M30396,0.4124647420058984,0.9867024404142961,0.3848643538227422,0.134194757866704
M4,M4,M30483,0.4174943868541538,0.9803714751877451,0.9210625829821344,0.20988474179460626
M4,M4,M3050,0.4951006876998815,0.8212001626475292,0.2173183830647013,-0.07688459062840741
M4,M4,M30520,0.614969950435772,0.8107535518978437,0.7761757696919567,-0.0025549115778119324
M4,M4,M3056,0.4206551354637894,0.8960997963373416,0.0,0.2205651663689256
M4,M4,M30567,0.5601581647060556,0.9162071972503603,0.6881389983885843,-0.2654233650681826
M4,M4,M30582,0.5099784559283379,0.9562552119925255,0.8873338313812872,-0.25407633257265505
M4,M4,M30597,0.3482511253109462,0.9864059093355333,0.5123612225122466,-0.29037076868598105
M4,M4,M30608,0.395262720681067,0.9973910208093779,0.7845648915087707,-0.4010068333817971
M4,M4,M30681,0.5270941708289285,0.9912771323272563,0.5664788086392591,-0.06053743905378092
M4,M4,M30696,0.2981510236866456,0.9701182286866841,0.004937248773857927,-0.09103721939006786
M4,M4,M3078,0.4838907963134133,0.99264461205475,0.8855815150103725,-0.38421306268900024
M4,M4,M3082,0.4295694868463199,0.7103569762150295,0.10144684322848485,0.6894504896344817
M4,M4,M30922,0.6122897258437526,0.7910949599017731,0.5960178543753396,-0.33465938925882677
M4,M4,M30959,0.6649830724067253,0.6811636503706426,0.25892461250206567,-0.36321104010985067
M4,M4,M30996,0.7740219721230449,0.4379281829389423,0.4486083408993743,-0.32192177840451897
M4,M4,M31008,0.49754743352687103,0.9057219124298661,0.4060861353439068,-0.1863881338838886
M4,M4,M31011,0.7430750851374218,0.4802788466275396,0.6250614312681397,-0.3057320454564493
M4,M4,M31016,0.3896083461948058,0.7240086025884873,0.0,0.9542271499202853
M4,M4,M31058,0.2653416018335841,0.9261996693001179,0.5160202023269674,-0.4675584947364509
M4,M4,M31080,0.4645282144985785,0.9244453735982743,0.38489991245655564,-0.490964895332219
M4,M4,M31144,0.4349578881224982,0.9356771552671828,0.36277880373034954,0.4407588739290084
M4,M4,M31175,0.4354686083181203,0.8825018939856817,0.8385102649140577,0.1292975159623639
M4,M4,M31191,0.6719569526791455,0.6423886537556194,0.23872577158799468,-0.3353245281913551
M4,M4,M31200,0.4400231917470321,0.9155179343486256,0.4537724752853003,-0.3830118121869404
M4,M4,M31202,0.37301981764565345,0.9546337055397007,0.06411686815317175,-0.31180585716285086
M4,M4,M31262,0.5402038911574163,0.8924946827727158,0.8254584110609009,-0.18126218215680553
M4,M4,M31300,0.6175246635880612,0.8376271722642961,0.8252949031163748,-0.5851253697807609
M4,M4,M31309,0.7295560745199179,0.7033558521067138,0.5819667002868656,-0.389119860011166
M4,M4,M31327,0.3502188948280133,0.931532498401598,0.4764931219119434,0.8058604042952154
M4,M4,M31357,0.816448116986012,0.3040679770712241,0.5082404637178163,-0.41422568016945394
M4,M4,M31368,0.5670186195834558,0.8160372975648823,0.4139368101860085,-0.420298383775802
M4,M4,M31373,0.6443426104162456,0.6780202629699236,0.36839645330286197,-0.5494545385979958
M4,M4,M31400,0.5795333257454617,0.6188770312201102,0.11827758542357558,-0.45836241007571676
M4,M4,M31424,0.673339768204659,0.7643224897823133,0.6049360690989538,-0.2845534555246664
M4,M4,M31493,0.3742052929750512,0.9778566223936351,0.30815322846727256,0.8328384268379527
M4,M4,M31512,0.5108687295906266,0.7480794069419425,0.06931553588807937,-0.3834469024599063
M4,M4,M31525,0.485467076126496,0.5764807770219715,0.8033899743519133,-0.5011446378372324
M4,M4,M31534,0.36977251351818713,0.8598016462923675,0.18054872183873305,-0.21143231328357204
M4,M4,M31556,0.8653524125801167,0.0,0.28346379630184604,-0.5086097009076966
M4,M4,M31582,0.5175745723767177,0.774651967086059,0.1486774732333277,-0.18143335991356585
M4,M4,M31638,0.6111707629098515,0.746760122901585,0.0,-0.4332807173732238
M4,M4,M31639,0.37540792486713914,0.827287589660787,0.16010726528718833,-0.4732482231754281
M4,M4,M31643,0.4914755254404178,0.2679186576921896,0.9745639735348949,-0.42504893158342777
M4,M4,M31665,0.5500296613238013,0.8685042800936433,0.16871083213770233,-0.3962668937608835
M4,M4,M31692,0.416180291251693,0.9991597487754394,0.24842133599951766,0.19284182633694003
M4,M4,M31701,0.32130365232387037,0.7137410238977073,0.0,0.9537754031574255
M4,M4,M3171,0.38909812024503965,0.896592301523959,0.38992063569495905,0.2676454324035414
M4,M4,M31820,0.4318823244924751,0.8001004238371309,0.23519522192276476,-0.40719981619102597
M4,M4,M31833,0.44512337065504803,0.9801611110285047,0.34246110592966195,-0.25613617918044684
M4,M4,M31855,0.4192329210592721,0.8438088019203311,0.06295044215354306,0.18299150313354717
M4,M4,M32340,0.5953405413101588,0.5677746689243489,0.695046094422271,0.13910685033200107
M4,M4,M3253,0.6400746779894481,0.7398317273492188,0.5353759834930758,-0.45762540974232974
M4,M4,M32542,0.1838534565068958,0.05780042303634958,0.9532353989915743,0.5458686429357796
M4,M4,M32575,0.41051269989332195,0.992911104269636,0.9482492348810264,-0.044773191165695565
M4,M4,M32719,0.8586916388826972,0.03649298539291246,0.40473867976991706,-0.4706304503008548
M4,M4,M32850,0.4223131308228902,0.20254008603168583,0.8376882067490514,0.19335649507966796
M4,M4,M32858,0.6635273558981267,0.2690291972372757,0.48703591492661014,-0.21383158727577425
M4,M4,M32903,0.2579856003554986,0.9208108748942423,0.20244551834796487,-0.3067692198405681
M4,M4,M32987,0.8850872144780306,0.13121723007334585,0.2804998631687836,-0.26493253314342224
M4,M4,M33240,0.6187757838785807,0.7878746533848093,0.5707524635454093,-0.42495628736716956
M4,M4,M3329,0.8582670650191992,0.16982571419602344,0.03547986238430534,-0.5167798808901249
M4,M4,M3330,0.5265077231819689,0.8740218217501667,0.09051780051111735,-0.6211078629626622
M4,M4,M33445,0.8307100528542971,0.11804387189764176,0.5095698573439339,-0.32987187804786655
M4,M4,M33500,0.8025986386130065,0.45009683544506984,0.337757442906813,-0.4277069675101344
M4,M4,M33544,0.48197767446312434,0.7999996017447776,0.06664792976367484,-0.14598689580785496
M4,M4,M33552,0.4883732151881368,0.9809599463490426,0.625801130966964,-0.07734408357060484
M4,M4,M3356,0.6725238468287464,0.6315403196035119,0.16311459840617737,-0.29955131074683045
M4,M4,M33585,0.5233390818870375,0.7645761316653226,0.0,-0.3329835547061285
M4,M4,M33625,0.5521457209120813,0.49198831845949276,0.7074081410895768,0.05912603817247456
M4,M4,M3376,0.4739944681726929,0.9706481310378983,0.4688639068243152,-0.5227765686787179
M4,M4,M3377,0.6574785926171456,0.7182217114770497,0.5446909525651258,-0.08417198976472613
M4,M4,M33823,0.5789404872077573,0.8317696464090103,0.8058734639736262,0.15447120299181744
M4,M4,M33930,0.6790889856425673,0.6259333097195976,0.38314582737427083,0.0615446397633017
M4,M4,M33934,0.5945665851281732,0.8567784895213733,0.6915137446376647,0.14059153731649263
M4,M4,M33942,0.8043896647833546,0.09948973971310027,0.2473650762045133,-0.20961061346445806
M4,M4,M34002,0.6910553876140665,0.6547124825659377,0.6170021746570603,-0.12337701473821178
M4,M4,M3420,0.5216607287433058,0.8612861648797583,0.25977401497935293,-0.43130301288067124
M4,M4,M34238,0.8302863931551504,0.08156963745766799,0.281589499772148,-0.2931444490604424
M4,M4,M34273,0.6615239833136216,0.3027847231556383,0.5672387497310458,-0.006735970961151788
M4,M4,M3462,0.8140811940512473,0.36988453798222287,0.43498216968813175,-0.3920294184476702
M4,M4,M34726,0.7477052921062974,0.5697081992339057,0.3046089376025739,-0.30332893989655224
M4,M4,M34913,0.5932415413703034,0.579733639862269,0.05968564021358902,-0.3825499195220875
M4,M4,M35072,0.8423646000325463,0.22010487909742937,0.3877772194300434,-0.26841626533976964
M4,M4,M35099,0.7668775672310232,0.2667394641664035,0.17384348410278816,-0.28677840345498196
M4,M4,M35178,0.6065828074231289,0.8450880373455236,0.606058737086461,-0.1286588559702016
M4,M4,M35180,0.617347317809624,0.6428672524930354,0.835393639167603,-0.11813003512685322
M4,M4,M35230,0.8308971991843693,0.21133715609937032,0.307125212439763,-0.25759545363458725
M4,M4,M35311,0.7354750124764095,0.7057887222852124,0.693454309188832,-0.45311905670726377
M4,M4,M35316,0.49881188951469735,0.8826885854806028,0.5591880800670362,-0.5351620865512079
M4,M4,M35377,0.408891626560793,0.9631145380421264,0.23864699315653803,-0.3471801750097924
M4,M4,M35381,0.17915359208952827,0.2579450586203401,0.9335197813670253,0.5391242273262316
M4,M4,M35382,0.5862392955724408,0.8236423405444832,0.5526721783469024,-0.4610032786501934
M4,M4,M35412,0.4250901907700349,0.966708692869468,0.20740917572925166,-0.4127383653289133
M4,M4,M35447,0.3658535946487346,0.8066062066810121,0.0350029268012122,0.027152350437736957
M4,M4,M35482,0.2212163655711398,0.8920848776775253,0.0,0.26845294872391756
M4,M4,M35485,0.459985637038194,0.8694437339082508,0.0,-0.01022543678455708
M4,M4,M35518,0.4612846010009058,0.6307943203483377,0.3285249519857908,0.2816438205146758
M4,M4,M35525,0.326190682627632,0.925909863386265,0.0,0.21241662279188833
M4,M4,M35575,0.20384350665326412,0.9732273073040008,0.5418554562683364,0.05612198746527105
M4,M4,M35598,0.3232790662141503,0.99784014934362,0.8470333500006085,0.03947573037162309
M4,M4,M356,0.22573243508490043,0.9424836189946194,0.2686725949792613,-0.2203815017923942
M4,M4,M35609,0.2864412404332724,0.9806097020525704,0.20913411214433153,0.15388169282138212
M4,M4,M35644,0.40722455962239923,0.990972847282551,0.7446434465296246,-0.24107528524728794
M4,M4,M35665,0.5179161742716627,0.7027094076935163,0.12167589247883182,-0.17071942298524145
M4,M4,M35689,0.7658937875515328,0.6164307657075188,0.3179952752089322,-0.5346638187964738
M4,M4,M35699,0.6132301083804982,0.5762019896583046,0.035218297406040655,-0.47824195257059987
M4,M4,M35752,0.2516345298522091,0.9579713137714904,0.23704877456124485,-0.12573085183794655
M4,M4,M35759,0.3145647186421688,0.9177357110710207,0.5539630383534795,-0.2000055728209806
M4,M4,M35763,0.4341317083420062,0.5466466735702207,0.0,0.013989019584019963
M4,M4,M35815,0.29104944596532084,0.9538405653017829,0.14018623060598523,-0.18857385231099108
M4,M4,M35823,0.696115433480984,0.4736337167583393,0.18281433054835095,-0.47490247782033485
M4,M4,M35838,0.8207141526264004,0.07340476318511124,0.0,-0.03550893227878468
M4,M4,M35876,0.6721368631051173,0.4754825059277198,0.5514428541311927,-0.0050076589250901485
M4,M4,M3589,0.530364338710027,0.7240745569184732,0.15887207778712464,-0.41170594122308196
M4,M4,M35954,0.7684806769684351,0.4923199015810248,0.06742521107881538,-0.46509452939320234
M4,M4,M35973,0.6034549225090508,0.6437507781684084,0.0,-0.5256081463079392
M4,M4,M36007,0.5148967664984535,0.8845919092503282,0.5743195546830312,-0.5367552265620429
M4,M4,M36073,0.40764684114209027,0.8412337591704129,0.0,0.11111563412989155
M4,M4,M36084,0.8283341797563448,0.040174038074245466,0.3541933286019351,-0.05694847811591055
M4,M4,M36089,0.4791921328256129,0.8485904553704952,0.0,0.10654644262028028
M4,M4,M36093,0.4386298572606298,0.8076093880185022,0.0,0.6278545412159732
M4,M4,M36166,0.6217721019655551,0.6068734158524822,0.4455424767461933,-0.13622579692382988
M4,M4,M3621,0.4480614923843138,0.8320021590841866,0.14695469797003446,-0.3855137876374835
M4,M4,M3626,0.539022646954692,0.8002042962663338,0.8777321183705864,-0.6229025004070368
M4,M4,M36486,0.09429505239684807,0.9935293397838916,0.10278001426916539,0.7820511068306162
M4,M4,M36491,0.17217524683880808,0.9550836549744013,0.0,0.695756131592538
M4,M4,M36500,0.19479718183152914,0.9704711411639303,0.0,0.7366246175390565
M4,M4,M36503,0.06839078064922748,0.992827084274767,0.0,0.6180723645119929
M4,M4,M36504,0.12020321520988993,0.9685262404695398,0.0,0.8536868935294902
M4,M4,M36559,0.17702534295344674,0.9596503766807157,0.0,0.8502531307452643
M4,M4,M36576,0.16951141187449775,0.9843388138882069,0.0711119870950011,0.818754138926775
M4,M4,M3668,0.8008856296038299,0.41095915556841267,0.13774513200852845,-0.541864284784245
M4,M4,M36688,0.23789650624260492,0.9362965731146431,0.0,0.5606052690942334
M4,M4,M36740,0.36038921805588947,0.681912056294773,0.0,0.49749453653261216
M4,M4,M36742,0.5073583707433122,0.7207100206390364,0.0,0.37475603646065486
M4,M4,M36750,0.3729084253897565,0.9982337362100251,0.2042340513779265,0.1833809437686439
M4,M4,M36786,0.5686308608313891,0.7084936710908178,0.3531975690556506,0.049844507896950725
M4,M4,M3680,0.4819871357592084,0.9319174460846488,0.5749508606326663,-0.34536152874334375
M4,M4,M36816,0.2514104478378278,0.8422765983776778,0.0,0.3534322727381027
M4,M4,M369,0.8028969919905697,0.345415958808703,0.18563260702886575,-0.4292156138251137
M4,M4,M36915,0.614951743061812,0.345127211060816,0.0,0.12947218033968005
M4,M4,M36916,0.6710709666405805,0.5227982643913089,0.11470702112206799,-0.05100750459520003
M4,M4,M36947,0.36460897675174464,0.7468437820783129,0.0,0.3701485706907351
M4,M4,M3698,0.4574842814439072,0.9806912161354553,0.5134169426899369,-0.4292828610274507
M4,M4,M36987,0.2398425107295225,0.9760615696120527,0.6944385204025871,0.08948801254824454
M4,M4,M37039,0.3174601108934812,0.9073199856954851,0.0,0.3274824173072691
M4,M4,M37066,0.3845247202806522,0.89256188006353,0.04888653756358241,0.4259627646762413
M4,M4,M37155,0.3802777277732712,0.9598145758479335,0.3331496739315922,0.19289977184129498
M4,M4,M37198,0.6565690449149238,0.8228012694766307,0.5321352296278021,-0.2678383947151202
M4,M4,M37213,0.29813346879276514,0.8991904331950415,0.0,0.31584227945742277
M4,M4,M37256,0.39899964221987083,0.9707457961803259,0.9248050744679082,0.6743275361834747
M4,M4,M37283,0.5120314133602377,0.6590662526960636,0.1636083574783791,0.33224872569236447
M4,M4,M373,0.6032760194817937,0.8309236528826982,0.6970142127854032,0.17895381661589424
M4,M4,M37305,0.3097084533057626,0.9585095274900979,0.20129562752740415,0.04585570001161664
M4,M4,M37352,0.5167761458056044,0.8977208959369142,0.0,0.3915181606522662
M4,M4,M37364,0.3642847560389716,0.9789169597990355,0.7703388182819881,0.3089598801776235
M4,M4,M37380,0.3885567142239255,0.9456439548903178,0.3193635774380741,0.014053559878408542
M4,M4,M37448,0.22336370178190193,0.8918554654786757,0.0,0.13619752455977638
M4,M4,M37469,0.37435802546698393,0.9217892555796897,0.09088818349179661,-0.010372972900220403
M4,M4,M3748,0.6702029674404694,0.37791516309597406,0.6552023203269124,-0.5719571675739161
M4,M4,M37523,0.2920207923018333,0.9868352999078344,0.7777456272146059,0.14007125636690818
M4,M4,M37534,0.5848914218824565,0.9565847225997054,0.38014161806736835,-0.3982480761344606
M4,M4,M37536,0.6158227587956846,0.9253908398533416,0.17733415028504917,0.1705814732264322
M4,M4,M37609,0.5837616992301629,0.8613663475776303,0.20757200021845923,-0.043189522458628025
M4,M4,M37617,0.4595535857237385,0.9899492889194889,0.4669605923519341,-0.31761673037960264
M4,M4,M37642,0.6124024892773767,0.7604216727207187,0.5824480681431681,-0.04534697985394319
M4,M4,M37673,0.40204110325921966,0.9964225636532508,0.22966221206573734,0.15318461054706378
M4,M4,M37725,0.5483370438433294,0.5682316128375258,0.0,0.34083419832530837
M4,M4,M37757,0.4546309490184313,0.8199978137513978,0.053537755419782784,0.20450199730145335
M4,M4,M37765,0.42509669455589494,0.764692138018427,0.0,0.34286415181378516
M4,M4,M37784,0.537861601041304,0.8794318981442129,0.09283561366043047,-0.02497090798341135
M4,M4,M37829,0.2677406807085175,0.969493674048736,0.8502145300869559,-0.26623198964992756
M4,M4,M3787,0.47647345437029504,0.3888023488241247,0.8947162272752509,0.13300460079975654
M4,M4,M37891,0.4253681873523159,0.9908189786105247,0.9911969466802276,0.08101526150659992
M4,M4,M37905,0.38615225076271,0.9806951111046268,0.09022274853226431,-0.02780603593932865
M4,M4,M37959,0.4436406280439584,0.9462798247986395,0.6867347195160841,0.030868671836543096
M4,M4,M3799,0.5120274528692237,0.880373443104466,0.302124094311197,-0.5091089780041773
M4,M4,M37996,0.23449860802595565,0.8894608956835399,0.0,0.1012740271143494
M4,M4,M38114,0.23586229005605774,0.9839055428662747,0.8758294727189253,0.21690926740399205
M4,M4,M38115,0.7240730838034704,0.5580726768826726,0.7294510163049878,0.01269290695372102
M4,M4,M3812,0.5350795732804097,0.9454788563124266,0.46375215566752703,-0.19792209759567672
M4,M4,M38163,0.38762405175762976,0.9457599413648011,0.881153228567721,0.017152047295788068
M4,M4,M38273,0.2608827756039754,0.9588195007356359,0.8513606477876651,0.29461937477690125
M4,M4,M38282,0.3068422207178502,0.9637453879188772,0.7995431270163224,0.016185868643653293
M4,M4,M38308,0.24487757515201214,0.9512153635129275,0.5467968684567872,-0.10409907849342959
M4,M4,M38319,0.39025619294206493,0.8337777966155339,0.12010687920199692,-0.16058479532163733
M4,M4,M38343,0.4687838749545925,0.8263354676071808,0.9026857986550588,0.04586309535895137
M4,M4,M38383,0.14546230874125127,0.7152061804335559,0.9841100066874278,0.5993915409976147
M4,M4,M38433,0.53819107336986,0.6871736367309887,0.5885628102424074,-0.12752965021551585
M4,M4,M38442,0.2655499893554928,0.950829858715136,0.5902112226000956,-0.03748197481601137
M4,M4,M38489,0.4923718160140768,0.9611355836815209,0.9434236288570147,0.0458894125735973
M4,M4,M38490,0.3519482738017336,0.994936786273866,0.8517905858414776,-0.12721441490653507
M4,M4,M38522,0.29767925947814927,0.9211459834942514,0.9832485557871444,0.3423163036207339
M4,M4,M38525,0.5435340899288749,0.8260263641570567,0.8142035055419787,-0.06484030701053597
M4,M4,M38544,0.5117802745112328,0.8634580547675944,0.8030488124372642,0.04253673404714873
M4,M4,M38551,0.46167712519386106,0.9282926191036855,0.8183503212568846,0.07677204817399097
M4,M4,M38589,0.5726119028347841,0.7951689527681108,0.16144827211259583,0.026698038249622188
M4,M4,M38640,0.3947512905501598,0.9695338082348692,0.223446927277273,-0.03994094099256278
M4,M4,M38719,0.5254077391184603,0.6802590806408002,0.04330682832135946,-0.06159223090687341
M4,M4,M38735,0.3407447787882181,0.8770902286715306,0.004798152969819114,-0.018499787763381546
M4,M4,M38866,0.7133627998146991,0.8120440990404019,0.8544154598188722,-0.15220169211779558
M4,M4,M38979,0.24287081585611645,0.8666590008889145,0.0,0.4140340755540845
M4,M4,M38984,0.4229793032612102,0.9960186106076818,0.6403838058872464,-0.22714344832775293
M4,M4,M39008,0.4869338017977057,0.12412252604778495,0.880075277498418,0.15475310033207137
M4,M4,M39013,0.4437821592306896,0.9843040848891663,0.7011003180901411,-0.4532902593239729
M4,M4,M3902,0.5130656776535446,0.9347066276155888,0.4630272906121575,-0.36103997279155625
M4,M4,M39034,0.5620364538784011,0.9551604026723446,0.7273770465192411,-0.39956473125149755
M4,M4,M39037,0.4641065142135971,0.8385328484118186,0.026763709719056172,0.022122397610274565
M4,M4,M39043,0.4313960157238023,0.9904685119005956,0.6514944157767797,0.059689922480620154
M4,M4,M39048,0.5328635554682435,0.6431489937024604,0.24149950462623204,0.1508414715968392
M4,M4,M39094,0.14757481090223296,0.9518609504396222,0.0,0.22819398764671261
M4,M4,M39095,0.26721269350535964,0.875277626856874,0.015938532769443348,-0.13241676226227306
M4,M4,M39119,0.18186105253854815,0.9839564358010602,0.11837930113916717,0.30049862395986243
M4,M4,M39139,0.572554477901943,0.8456318885835256,0.1062526506622633,0.11209172764187773
M4,M4,M39165,0.5880146188471363,0.45534428178122277,0.06144879713261564,0.04054178712891882
M4,M4,M3920,0.6277675631321262,0.8789356326800545,0.5818900553115465,-0.5160162539481035
M4,M4,M39223,0.2533588933337954,0.8447636125357991,0.0,-0.003867563916898682
M4,M4,M39243,0.27670512778462225,0.9244032295958362,0.12433204162808165,0.04514766195371192
M4,M4,M39244,0.41469671481131304,0.7498891831395794,0.0,-0.02108411173029007
M4,M4,M39249,0.40603020312507726,0.9391566831305819,0.050102494172345136,0.769797358524821
M4,M4,M39261,0.34522670698802366,0.8774190876965813,0.14298552665624897,-0.292766732071433
M4,M4,M39263,0.4964113021343846,0.9517445572453961,0.16548535747060578,-0.1752595982580506
M4,M4,M39312,0.37712049801237063,0.5694279062027481,0.0,0.05230008361513886
M4,M4,M39329,0.2359570139774596,0.9791175735597183,0.21329498634483024,-0.16714516078437888
M4,M4,M39390,0.20339284217171127,0.9894983313536739,0.0,0.2246919739524502
M4,M4,M39413,0.3443582995136349,0.9024719256125182,0.288511298812832,-0.06554317496822634
M4,M4,M39474,0.7223301387296154,0.27842247941633347,0.07000714054819923,-0.15802171324555866
M4,M4,M39479,0.5000890056687797,0.9296447161213705,0.09553712528878833,0.11666584722251372
M4,M4,M39517,0.25200463037762344,0.9539282027154438,0.0,0.6398486673161926
M4,M4,M39819,0.7103571588225323,0.2526895316770831,0.062133748128434085,-0.21004350969694344
M4,M4,M39857,0.4309590443641721,0.8349043525987174,0.14473021007596687,0.03730534622241334
M4,M4,M3989,0.7962433767352127,0.3878945347980455,0.21574039738878747,-0.3945775163758237
M4,M4,M3990,0.6729768639421753,0.6152732274252012,0.5347697260570184,-0.2615365702509484
M4,M4,M40000,0.23051379321902676,0.9438127663630631,0.05889398884125974,-0.09293126052424282
M4,M4,M40008,0.23441510500783092,0.9374909562216167,0.01705417128632225,-0.10320856514777638
M4,M4,M4003,0.8724197087443536,0.22139685305416268,0.33794389924643,-0.46277944052862385
M4,M4,M40134,0.4315613180883035,0.7217959322881685,0.14396968711671498,0.1320250416651382
M4,M4,M4015,0.8738608469125839,0.16425980581417754,0.0,-0.5492288810232423
M4,M4,M40162,0.428796543065931,0.8835643501403749,0.3290913494009976,0.012786233319572357
M4,M4,M40171,0.23669452876109887,0.9520874465694471,0.10152713888716569,-0.17372890300479327
M4,M4,M40191,0.3856599916529061,0.9175045261052523,0.06588768279583979,-0.27141517503387375
M4,M4,M40274,0.7048374519759597,0.7886068411582785,0.7656791759309628,-0.44799645038345576
M4,M4,M40276,0.7855060393163522,0.40036225494606703,0.6672598315680167,-0.45198673910589454
M4,M4,M40340,0.40400393141258545,0.8157474041611862,0.18927480276445696,-0.15510664329666884
M4,M4,M40365,0.28858351801105125,0.9412573362932506,0.16509804480535284,-0.3484066935017605
M4,M4,M40372,0.5081674298114817,0.7377653739527412,0.026615156539043783,-0.07893646871160664
M4,M4,M40401,0.38818315825603117,0.9376976261627574,0.3117700880029668,-0.22251821820742868
M4,M4,M40423,0.45916379385648737,0.6722808430627443,0.005864498118681616,-0.2406003268319375
M4,M4,M40440,0.43052345008139487,0.921448278967723,0.06122297832846324,-0.1247613751358545
M4,M4,M40447,0.3090676037076691,0.9715204931322685,0.0,-0.058242752795949974
M4,M4,M40451,0.4696186942311907,0.7946941246153528,0.12285556602395842,-0.49639273950488555
M4,M4,M40487,0.32095670201610765,0.9366624689717331,0.0,-0.032939928661007395
M4,M4,M40488,0.6305946945720438,0.6229476417693085,0.0058931264630275315,-0.2502057796959321
M4,M4,M40504,0.4320811336713407,0.9334409630988375,0.10817093025242563,-0.32902854045255264
M4,M4,M4057,0.4490272917845285,0.7957773996366342,0.0,-0.07693092230424131
M4,M4,M40642,0.5640087220956294,0.7241344144703371,0.19143286391627024,-0.37753841687505535
M4,M4,M40667,0.49004261270933114,0.8948428476585436,0.2333501062910852,-0.3227596249602782
M4,M4,M4069,0.8145586066187692,0.43993887166232093,0.35363001979871345,-0.5168087242187293
M4,M4,M40694,0.392402561982682,0.9218826714331486,0.20344862871733427,-0.37482888393490277
M4,M4,M40736,0.327040914802222,0.9946357772055187,0.0,0.04711884767835122
M4,M4,M40747,0.5260398216468184,0.9399004264421025,0.0,-0.09931278957334959
M4,M4,M40789,0.3760547767134582,0.8904383319644732,0.1358959876150928,-0.29952634526564165
M4,M4,M40804,0.2168289588785439,0.923615009675256,0.255636049042259,0.020548452800108228
M4,M4,M40831,0.25769374289862385,0.9027907045668407,0.0,0.06864112811923623
M4,M4,M40852,0.20611310575276487,0.9844601365958322,0.0015587003267265587,0.02133484528019138
M4,M4,M40873,0.3086853322035494,0.8778304487672438,0.013369354895627628,0.004857687870904659
M4,M4,M40878,0.4551729192652706,0.9884982929630914,0.06314688730153806,0.5851555412328977
M4,M4,M40916,0.4663601322860806,0.7422462535331629,0.0,-0.047963552214982705
M4,M4,M40937,0.41241772811735433,0.923943164054064,0.13965081089223896,-0.01350757170254848
M4,M4,M40989,0.3568120649509241,0.8504953235221342,0.2002583591582986,-0.12651144504171752
M4,M4,M40993,0.5101534866266375,0.9469346874109514,0.322051805841977,-0.24573196490653007
M4,M4,M41032,0.4610784976377507,0.7846455253537024,0.0,0.09056708879258393
M4,M4,M41054,0.2936165473181387,0.8145248528568021,0.0,0.6960704199755455
M4,M4,M41070,0.541899894929549,0.6407379711548353,0.0034534635454963603,-0.09556334457344685
M4,M4,M41098,0.3363562436293516,0.9716764251162102,0.21997273819622787,-0.3769231285398326
M4,M4,M4111,0.8126672630800996,0.27024987378403986,0.46310646786999676,-0.5043345320744209
M4,M4,M41130,0.4114880875166774,0.9908680090312029,0.33497123884859537,0.44473109167405334
M4,M4,M41160,0.3914899796680326,0.952090279054464,0.06532935907594062,0.030994867174039313
M4,M4,M4117,0.7345109592290596,0.5769783515937851,0.41694005841502935,-0.43579483776078515
M4,M4,M41215,0.2941229762479928,0.8804291570385574,0.05623408098304117,0.18633473925048497
M4,M4,M41226,0.2869473511778878,0.7876863717627316,0.0,0.2220348428708583
M4,M4,M41253,0.2794991478272807,0.7993499361006139,0.0,0.251666688788477
M4,M4,M4134,0.9035959995688775,0.07863130609101032,0.26120576983090227,-0.4025401314523117
M4,M4,M41389,0.8727488582203379,0.058125079945755664,0.22283651068158594,-0.40197427968762256
M4,M4,M4146,0.8890586708472488,0.033060107900225955,0.186952162760322,-0.5208292171181979
M4,M4,M41465,0.6690270715136415,0.1664881967312214,0.6340979919293788,-0.24559148250432078
M4,M4,M41469,0.855279990171059,0.0,0.22707777263077544,-0.3495697970920382
M4,M4,M41473,0.8036318608882764,0.0369226909021525,0.306777778245347,-0.4084168201661918
M4,M4,M41502,0.8938570901818421,0.31843993130285153,0.43325427780675674,-0.41439148046097085
M4,M4,M41515,0.8489711653914925,0.2882521677845292,0.19746219723142444,-0.5103462749768406
M4,M4,M41542,0.36152769906995524,0.9549924751009361,0.5540423826090368,-0.3286290843413353
M4,M4,M41585,0.8789793447341864,0.16821865808500758,0.19866395098047396,-0.3996775706766848
M4,M4,M41603,0.7423340178645682,0.5829897447991025,0.4991307942190888,-0.5146455145984398
M4,M4,M41659,0.6613950367616102,0.005082010581943797,0.6552829849793951,-0.600856325203392
M4,M4,M4166,0.7958150193051243,0.3406563292037271,0.21455060759093336,-0.4347923827267234
M4,M4,M41666,0.6838268867585009,0.41908568399520996,0.0,-0.39589637362809404
M4,M4,M41672,0.8400134835466627,0.0,0.052832528318356387,-0.49850326951729695
M4,M4,M41675,0.7270861981758572,0.32409391157981093,0.299508992993359,-0.3011043493725571
M4,M4,M41685,0.5116433984685258,0.5108675311721641,0.03127197119285963,-0.03651600786505334
M4,M4,M41699,0.6609002591556071,0.5172006790827359,0.721191910822402,-0.0995272556390977
M4,M4,M4176,0.7397946511461375,0.6936257906617267,0.46443986903214074,-0.3064480099232464
M4,M4,M41780,0.5321009814955718,0.8619200800358828,0.4737109198406201,-0.3491978312848135
M4,M4,M41789,0.4256714238047767,0.9961614528825516,0.16319072172324367,-0.26784636482220076
M4,M4,M41819,0.5373384776596276,0.6901286234377405,0.0,0.02853847383198459
M4,M4,M4182,0.7938994503012115,0.38703665482049576,0.10735764471984344,-0.5175570683349977
M4,M4,M41857,0.4361266416923949,0.9990472704278849,0.2330122235897052,-0.08039945350742209
M4,M4,M4188,0.7225226932992959,0.8154762276147238,0.5385742788946168,-0.29151395065162866
M4,M4,M4195,0.7769523061606379,0.5815372148499669,0.3993950546342532,-0.3447080569357064
M4,M4,M42014,0.36654087219457554,0.9078940516469518,0.4687049652028441,0.042439298334179594
M4,M4,M42039,0.20023807236834754,0.973813653649956,0.005562543639335948,0.10597662770998362
M4,M4,M4207,0.66431987288811,0.7459321987641179,0.719004207229078,-0.11248373702279782
M4,M4,M42145,0.282330181262175,0.9761859205678223,0.0,0.6124675507247835
M4,M4,M42224,0.34238071899495687,0.9075527391981062,0.00553757638330532,-0.027117084143731512
M4,M4,M42576,0.4536910093067876,0.9309616348643217,0.4947430152429919,0.1192283771025142
M4,M4,M42592,0.7562354021474285,0.04271569478917392,0.549394619613547,-0.17490327711160233
M4,M4,M42611,0.495149158948154,0.9560501743335595,0.8494852309796239,-0.15019522270362
M4,M4,M42667,0.7837601090135777,0.29508806837768,0.42713759683734076,-0.2601959793713733
M4,M4,M4270,0.598670161924757,0.5556177645336728,0.2048709702648568,-0.3455885706877588
M4,M4,M42763,0.7690063665081204,0.39700483377429263,0.13028394261355225,-0.20218510864909345
M4,M4,M42823,0.3056486494610644,0.9192279129249605,0.2817230824520821,-0.001188918362846223
M4,M4,M42826,0.6126453019447076,0.29465513520527276,0.7079079145602927,0.25933247055272457
M4,M4,M42828,0.712869427098343,0.6188823252942827,0.513184815534477,-0.15575900501691528
M4,M4,M42831,0.36869531163674435,0.95871699235707,0.46414150785931085,-0.1266319230313613
M4,M4,M42879,0.6977841689170687,0.41550412744751863,0.5939468022783707,0.1360863871367615
M4,M4,M42892,0.7719550396917882,0.06908216828159097,0.3008559315608098,-0.12331725275733144
M4,M4,M42901,0.7117697054668742,0.0,0.0,-0.2417663956761211
M4,M4,M42910,0.5987969069962648,0.7119837662628321,0.1280334085598599,-0.36174773710927965
M4,M4,M4292,0.3807818720871397,0.6414081019134368,0.0,0.17891498849574908
M4,M4,M4313,0.34528866363547245,0.8333944039211831,0.0,0.23736959613115766
M4,M4,M43160,0.6960650918220005,0.6148148923385985,0.7445079505331411,-0.23898370601551253
M4,M4,M43179,0.7509732144998639,0.3917741865621843,0.6180303616671103,-0.25891220161161005
M4,M4,M4318,0.6841789066558907,0.45442243382515013,0.20181058361143922,-0.22363525823128255
M4,M4,M43184,0.6732387156111391,0.34568549031041784,0.8149235439706985,0.25907267691327046
M4,M4,M43199,0.6397047478943453,0.72096017785686,0.6626794753211018,-0.2759173092320626
M4,M4,M43230,0.8068967995473377,0.17455510476872327,0.27914882973571187,-0.3007495481172894
M4,M4,M43251,0.8391618677225567,0.18609591624971766,0.344017099877722,-0.24734378221595843
M4,M4,M43253,0.7882573496346615,0.34986034530105337,0.5251659064895995,0.14082165221132756
M4,M4,M43262,0.517687525621297,0.9340200540392132,0.8615605395114129,-0.12479542656243192
M4,M4,M43320,0.33839973803275986,0.909900371159044,0.21527064513833005,-0.005385138003380391
M4,M4,M43328,0.5055267114045818,0.9253459522940364,0.3319169494448937,-0.47654964181189025
M4,M4,M43355,0.4723265461976543,0.9123324772667095,0.15497080713287303,-0.10972558345083021
M4,M4,M43387,0.2947307161417765,0.7588580589191083,0.0,0.04300593970961775
M4,M4,M43451,0.7386127348806517,0.4678556210536855,0.8301762249607382,-0.3838601587425968
M4,M4,M43480,0.3757175018830087,0.8568094440532926,0.19880048953410856,-0.36841974990065124
M4,M4,M43495,0.31950732161198514,0.8188684667929508,0.14065390703782754,-0.13327736066754747
M4,M4,M4352,0.3894013787046616,0.7304249600701231,0.0,0.9205649111198119
M4,M4,M43564,0.4286923901860684,0.9719348897951986,0.0242253189896805,0.26224301629477337
M4,M4,M43646,0.4759258779608473,0.9847598347679232,0.2037530666367754,-0.04532244866821583
M4,M4,M43659,0.46345492636816454,0.9435896322482406,0.0883054670888691,0.008754073635496764
M4,M4,M43669,0.33129938479600096,0.9693986790954612,0.16198143599773407,0.12707179157225754
M4,M4,M43684,0.3645001610087686,0.7364035298206202,0.0,0.28280246152256444
M4,M4,M43714,0.354575207955667,0.9100853200716585,0.0264489886214746,0.022840498957336103
M4,M4,M43783,0.43033780769040636,0.7822242880825614,0.01750939623452974,-0.34100090190338295
M4,M4,M43813,0.11094749377423845,0.9576924172788107,0.03319751431153606,0.615221751325356
M4,M4,M43819,0.38831502477369906,0.9851494777446619,0.3642385618010401,-0.02292977386466486
M4,M4,M43824,0.4244363821792576,0.7712100865651943,0.0,0.19400364051001867
M4,M4,M43832,0.41517717058375475,0.9801116622536133,0.12394451612057134,-0.014989391256754454
M4,M4,M43833,0.33783356395672176,0.8700474755431189,0.018471277911885298,0.02751329977650144
M4,M4,M43942,0.3627080950383247,0.9932227708309239,0.0,-0.14773628744037418
M4,M4,M44196,0.18845359518952545,0.9917607141203398,0.0,0.203193765795392
M4,M4,M44276,0.6875605553187112,0.736960778751343,0.0,-0.02072303184051436
M4,M4,M44306,0.30994313265680423,0.9785387172355238,0.19058508050705136,-0.15924523740329075
M4,M4,M44342,0.24274499930578652,0.9177553459490079,0.0,0.03225788928634808
M4,M4,M44373,0.4077374066637923,0.3971508149529228,0.0,-0.08751699497005427
M4,M4,M44375,0.32710598548337916,0.8276149105431833,0.20103963337913966,0.2793817123174521
M4,M4,M44431,0.3245807217381051,0.8983511732040073,0.0,-0.01900291706516221
M4,M4,M44457,0.6109498609830746,0.2560582020293719,0.0,0.07233719931702885
M4,M4,M44494,0.5561433557868675,0.8328623292947511,0.0032320570863519915,0.16831140323600555
M4,M4,M44531,0.4464107922710658,0.8147973943921502,0.02329549792385388,-0.10097658158411044
M4,M4,M44610,0.45101228675657795,0.9049918450459624,0.0,0.0806641052812481
M4,M4,M44619,0.38168477606714407,0.9922209961681919,0.2983663284886805,-0.09329187827446424
M4,M4,M44711,0.4353486498426855,0.9924968016678386,0.8069833619456894,-0.22549398614348068
M4,M4,M44735,0.5622155454853411,0.8314072412232196,0.8907596513833713,-0.5277334796083393
M4,M4,M44749,0.41738656344565817,0.9670293507237345,0.0,0.2789593507574588
M4,M4,M44775,0.616211956701898,0.09495210097814055,0.0,0.43715561134303216
M4,M4,M44893,0.37292281998519133,0.9314692092854183,0.534878416791261,0.10554132423899494
M4,M4,M45017,0.3026005866432005,0.9014782652257354,0.11867129394126275,-0.047908585633711226
M4,M4,M452,0.4230346691471455,0.9976319780988748,0.7221802482589023,-0.15847514126936757
M4,M4,M4526,0.7534500455046022,0.3711494282255309,0.6685027005421413,-0.23291949415720947
M4,M4,M45326,0.44343700643201556,0.8215757622731416,0.26633121637168644,-0.3538297554902339
M4,M4,M45351,0.34629147202847477,0.882486013008852,0.0,-0.018188352207015628
M4,M4,M45360,0.23320299449935733,0.9213260288285703,0.032865737823943975,-0.08428124678355309
M4,M4,M45400,0.6032056251046877,0.7367627081718282,0.3488054571878223,-0.05044819405331788
M4,M4,M45437,0.49168207063705616,0.7426051021499176,0.17696559005118928,0.10195191417115781
M4,M4,M45519,0.7664802202884332,0.6065083910391895,0.09603209190172468,-0.17632336663629894
M4,M4,M45618,0.6062354800214573,0.5569337703570508,0.0,-0.3351996923804288
M4,M4,M4563,0.8979640834476642,0.13151276144290336,0.11641594621416862,-0.39064128010159066
M4,M4,M4605,0.8367145387626747,0.16425964875254495,0.6087643452194951,-0.3146652393927598
M4,M4,M46097,0.7654994224549835,0.5926610762605162,0.10753612287715797,-0.44244257137225385
M4,M4,M46103,0.2131332092045121,0.911474992125948,0.024299161474037545,0.33356437966874475
M4,M4,M46119,0.4136373862283071,0.8213485000263918,0.4529896931297288,0.08818561997617884
M4,M4,M46157,0.4281336793755771,0.8585151685841546,0.07946051229671725,-0.3494729750809787
M4,M4,M46187,0.28506528569683554,0.9938441089565482,0.41263432383613985,0.7994476391144666
M4,M4,M46212,0.6288612463850316,0.4706003599083406,0.11925134258666137,-0.11951489109604242
M4,M4,M46307,0.18082520064063468,0.8911630160225991,0.0,-0.2300339639485557
M4,M4,M46333,0.48661012525823605,0.7128109979798085,0.18355223985145064,-0.006851905987317498
M4,M4,M46366,0.509249104336133,0.6253564344096253,0.08924577318492166,-0.04006504769994084
M4,M4,M46382,0.16889219773904945,0.921314051473828,0.0,0.12661968601614568
M4,M4,M46384,0.5529845145079341,0.6843452877836771,0.20180087519490197,-0.2534056701858531
M4,M4,M46392,0.7401095327852752,0.3618757787368384,0.1267675727684604,0.0002534806661859712
M4,M4,M46405,0.6562891980208262,0.784852541079518,0.44585226436693737,-0.05380498529621698
M4,M4,M46409,0.9028416589458512,0.06825521038019422,0.28196576939198015,-0.1122010230891707
M4,M4,M46439,0.17005408526187257,0.9470159647659112,0.013484563284517859,0.1018750954712075
M4,M4,M46571,0.6213189574742054,0.7140341328981639,0.0,-0.1939335342074474
M4,M4,M46573,0.7844692895273294,0.15761597289933293,0.012033405532558938,0.19507976692146298
M4,M4,M4673,0.8870896202605205,0.15009537917710714,0.029305044068131725,-0.45785345122689236
M4,M4,M4686,0.8180304095606762,0.3848001805807162,0.4413713431857448,-0.2837425707127305
M4,M4,M470,0.4086013656305938,0.9846988563816993,0.0,-0.03711776114412672
M4,M4,M4709,0.7300334787392737,0.4327059762398221,0.5707790228817988,-0.48084768913552267
M4,M4,M4735,0.614356852322199,0.817246100072735,0.8529697848439488,0.052478249286375116
M4,M4,M4771,0.7219403927516583,0.19121217331390228,0.06990831563322686,-0.2823653488905239
M4,M4,M47726,0.3298999592051256,0.9773685705766794,0.20531897170457303,0.3790506916438732
M4,M4,M47743,0.20914767414514276,0.9461102616700265,0.0,0.24310947361305166
M4,M4,M47762,0.3516749867155793,0.9723427516532519,0.16695228562209075,0.45764925277955776
M4,M4,M47865,0.39140314985657987,0.8180531811502357,0.007536284395372572,-0.11972553652652569
M4,M4,M47890,0.2936381465406882,0.867881754089032,0.0,-0.3318591094223905
M4,M4,M479,0.3187471565600959,0.584820156154894,0.9592161890431997,0.18243775866024342
M4,M4,M4892,0.30313460160388994,0.9595768049487909,0.5300069994367096,-0.2203537098525967
M4,M4,M4897,0.7087550058641221,0.4655784448841912,0.08102406329323875,-0.3671959567120136
M4,M4,M5012,0.834328143363783,0.325658541015199,0.33508824371609236,-0.3534768769842565
M4,M4,M5059,0.5042753807302783,0.948164287927809,0.8349642521150993,-0.1671252063515416
M4,M4,M5066,0.6264930419694594,0.6907619368556269,0.6517227857580689,0.014690786865356428
M4,M4,M5093,0.6525641814992962,0.759116493537626,0.547620544239054,-0.05464898234548755
M4,M4,M5095,0.7964953127643774,0.507379228663394,0.5150643539765634,-0.3397601548627158
M4,M4,M5116,0.714864514729564,0.6662884790665881,0.6954103755016374,-0.3676103065757834
M4,M4,M5117,0.5854091683710617,0.8294792790220058,0.715495983416998,-0.13445183305075525
M4,M4,M5143,0.5972837435802129,0.7625381191055624,0.7318660071444458,0.004677389296108954
M4,M4,M5151,0.6552832981162945,0.7892956516465727,0.7139476177126712,-0.3089309601946012
M4,M4,M5171,0.6943232151295073,0.5529573758877282,0.4158124716785436,-0.40112230551139205
M4,M4,M524,0.40156659529802013,0.9989907835499909,0.4771685788694088,-0.23973058391905389
M4,M4,M5306,0.7040526907196999,0.6329340778972112,0.621310427699648,-0.5540801810675227
M4,M4,M5314,0.7042300963910179,0.5932113716843137,0.6043304151673943,-0.5267379961973954
M4,M4,M5330,0.6363442877033328,0.6657640364656179,0.19152595525936522,-0.3400642079246819
M4,M4,M5359,0.6342809979549673,0.9167952781359899,0.3825072306922347,-0.3854331480227419
M4,M4,M5361,0.5071423556633419,0.8071433041113485,0.24311919444884067,-0.2410580639073
M4,M4,M5444,0.6142588977369643,0.8227450635350216,0.44384076992689914,0.02488531737436261
M4,M4,M5482,0.42987419400356375,0.7673908120005455,0.050074525325702224,-0.22776517173238703
M4,M4,M5489,0.48331771913495797,0.8255679908227992,0.2247171070893823,-0.237663531383201
M4,M4,M5494,0.7390471549901174,0.618864823068678,0.344551518658603,-0.30108363631393337
M4,M4,M5519,0.783034813171111,0.34410566044745794,0.21018218498602104,-0.36693937680027233
M4,M4,M557,0.672728839912113,0.5024701435183804,0.5756163483017375,-0.3528680565056349
M4,M4,M5629,0.4649728145418974,0.5982988870794574,0.9124862332142955,0.32949688576927166
M4,M4,M5744,0.704300258159098,0.3050782084563596,0.498849517131969,-0.21465147958986902
M4,M4,M5789,0.7112601715348627,0.5439819924724482,0.3041187821784357,-0.49130728939228663
M4,M4,M5809,0.4683873025949332,0.8988222655199274,0.0,0.8817258857232562
M4,M4,M5831,0.6261926040859264,0.9670071521557495,0.9835992827691387,-0.26619366816230977
M4,M4,M5870,0.5776403448752395,0.8073824469555556,0.172923590205173,-0.5027341467204102
M4,M4,M593,0.44472410584776,0.9938872828165305,0.15380261370547843,0.036575702620871314
M4,M4,M5934,0.7620627453604015,0.47636536869863366,0.5516173582976606,-0.17017589525106575
M4,M4,M5966,0.5264684789977175,0.47178111060469585,0.0,0.03473089555196067
M4,M4,M5981,0.37544901239730893,0.9095544635235273,0.531359647435153,-0.41298847990107673
M4,M4,M6001,0.47540552864156793,0.812102758053524,0.5272897310485338,-0.3758116036866002
M4,M4,M6054,0.6599687268811631,0.6891120371402151,0.36913050618267806,-0.4580069489292653
M4,M4,M6111,0.38017393615373596,0.8547352860412334,0.3737341912172625,-0.3119842801675232
M4,M4,M6120,0.9759797729261884,0.05263347088726511,0.0411329584674921,-0.5007208963860107
M4,M4,M615,0.19507212003592236,0.9344813432135815,0.0010199136152271304,0.01143153630896714
M4,M4,M6151,0.44676069690717934,0.7433003649065084,0.07396317025640231,-0.2798460156710529
M4,M4,M621,0.26756498448405763,0.9751648614622574,0.04379826758788152,0.0699324739745127
M4,M4,M6234,0.264383259258825,0.9752224874638354,0.03739432640449991,0.06896558633059975
M4,M4,M6350,0.8052274899516964,0.4134767808138923,0.1587234604387988,-0.32462121021484014
M4,M4,M6372,0.36211634424776057,0.6597535433238086,0.8766103045917929,0.6241971872820553
M4,M4,M638,0.5603751009743052,0.7964821206201971,0.2995042123999011,-0.6432095128769194
M4,M4,M6421,0.2582371791453575,0.9883828483991746,0.061673870702212974,-0.3411884388232283
M4,M4,M6422,0.1700814729512941,0.965797400924417,0.0,0.8638823946589644
M4,M4,M6479,0.4394380421043048,0.9712419746652513,0.0,-0.18032016530311293
M4,M4,M6483,0.28660712753784673,0.9572233098020841,0.05972979563437231,0.09741463346348175
M4,M4,M6498,0.3394107447531989,0.8925909518761286,0.0,-0.015604816556055773
M4,M4,M6521,0.5818457386428395,0.6789599628229022,0.049363253215288005,0.20012663681345222
M4,M4,M6529,0.24288893339632175,0.9757407740790933,0.36954343005944146,-0.03850612658359828
M4,M4,M6581,0.8183362909563157,0.3591092129261959,0.06429154029835837,-0.09025572202907577
M4,M4,M6584,0.5158899112909487,0.8093760746175717,0.10376365555178957,-0.43148047330220596
M4,M4,M6606,0.7369573958839237,0.5340062238793797,0.012857656557553998,-0.27664474703791364
M4,M4,M6629,0.4411980005630834,0.6484083282631444,0.0,-0.2089289613867306
M4,M4,M6654,0.6156701917955939,0.4854959329121513,0.7460530473751802,-0.3832698835809864
M4,M4,M6678,0.5934215971806924,0.9472784023130586,0.9744782708829375,-0.23475624068639953
M4,M4,M6759,0.4179761405728683,0.6626862418872508,0.0,0.15521188197692262
M4,M4,M6783,0.40574415585324636,0.4447743600341213,0.9644603723861752,-8.493580288057397e-05
M4,M4,M6787,0.6558514034026772,0.8419459982420634,0.690134874284343,-0.507780278217721
M4,M4,M6793,0.883450226777111,0.2310802415007427,0.053621376756545436,-0.5227722252261285
M4,M4,M6809,0.5762254498749373,0.6817895642625711,0.4364582647190455,-0.5267548458203686
M4,M4,M684,0.25348934232194253,0.8319642247917071,0.9758498465673293,0.18799995177668147
M4,M4,M6872,0.4631592442777732,0.8683028621704855,0.0,0.10858394482457383
M4,M4,M6903,0.883291543144691,0.19432580058730486,0.4854868633322118,-0.48581437935323507
M4,M4,M6914,0.645793163407655,0.5737995391683799,0.14274113728394355,-0.2853149375842425
M4,M4,M6919,0.6805868685031121,0.7563892130685239,0.45007717380481727,-0.33710501674440035
M4,M4,M693,0.3374810323154452,0.9696264271787299,0.6083966534881038,0.3241816719852228
M4,M4,M6967,0.6945205373613124,0.7145537494850229,0.5828265579768093,-0.474842531182309
M4,M4,M737,0.45437346436802367,0.9802336232918565,0.9851760004843435,0.27023161366756654
M4,M4,M740,0.19188005115045326,0.9349342367836395,0.4031289188326814,0.3361631942466167
M4,M4,M748,0.584732645831789,0.533327311900619,0.032143889432181716,0.240932861848736
M4,M4,M781,0.5626011204441944,0.7826758206872728,0.8881928315676476,-0.09809833820130852
M4,M4,M826,0.5194087793840176,0.9266874642961712,0.9683263242671615,0.1908213377718435
M4,M4,M871,0.4592953401153212,0.9306441411943763,0.7757571161307751,0.3186413140521629
M4,M4,M879,0.2938995232947981,0.9827607388262806,0.8058125680143953,0.14164529210311386
M4,M4,M940,0.20765809519056155,0.9676605410105924,0.38737398679873614,0.26792919036999513
M4,M4,M944,0.6600756537475656,0.5195630377542728,0.20901096822971565,-0.397890295884031
M4,M4,M960,0.40656080625646784,0.9806548797406267,0.8050149564530602,0.07530018680742961
M4,M4,M966,0.41194608413797873,0.9647625233130114,0.0,-0.017005893123418884
M4,M4,M992,0.1845737281876569,0.9624198786738141,0.3671788905206743,0.2746996372090297
M4,M4,M994,0.478049208172017,0.784083001006108,0.9695948860572436,0.06312340617046515
M4,M4,M998,0.5101584152603412,0.9234022684132784,0.9200292335461376,0.15261873121505798
fixed,D1,D1-0,0.7618901045143885,0.3881409410480018,0.239813630066412,-0.23647996835295804
fixed,D1,D1-1,0.6485722693041992,0.6075593280969462,0.29018697562550233,-0.3028349393770215
fixed,D1,D1-2,0.7609110391201392,0.32280693190218157,0.15422547276636933,-0.1522731931461276
fixed,D1,D1-3,0.7590739941009762,0.31064866422026627,0.15610431496029187,-0.17601038941047115
fixed,D1,D1-4,0.7860074083106425,0.4283848479585085,0.4248139889885253,-0.17541228762285996
fixed,D1,D1-5,0.7734018566050128,0.35088635830725856,0.3018132569528721,-0.16740397817730857
fixed,D1,D1-6,0.7312592648236154,0.6075135372381557,0.3583729040864735,-0.19821265582200165
fixed,D1,D1-7,0.7274706330064662,0.49880178746280135,0.3223452343559342,-0.2700935410053118
fixed,D1,D1-8,0.7131851336756663,0.5237152501701673,0.15161355626726114,-0.02341926257577071
fixed,D1,D1-9,0.7998009793874694,0.14567379232930766,0.09976091789750041,-0.24725111885056897
fixed,D1,D1-10,0.6484895509459686,0.40000743693412877,0.1070486447508936,-0.09192396379927636
fixed,D1,D1-11,0.716806078075176,0.49359136973517836,0.4894290467757214,-0.12167252058477462
fixed,D1,D1-12,0.7766281628571614,0.4747321280875365,0.3830457379798552,-0.05310041813440094
fixed,D1,D1-13,0.747375373324432,0.4991600903268083,0.17799698327096924,-0.2913219927725273
fixed,D1,D1-14,0.7705764192162354,0.520072132195164,0.23603712232322216,-0.2710877048110059
fixed,D1,D1-15,0.6809311239429109,0.4896101117048727,0.323551519877767,-0.06008212967346775
fixed,D1,D1-16,0.8292944594466359,0.13232403229586653,0.010079318699254047,-0.27098132006751413
fixed,D1,D1-17,0.7576091410920495,0.30187832228004374,0.2255081942623851,-0.11562598409886032
fixed,D1,D1-18,0.7565108299570703,0.3068659981358668,0.1743165095797914,-0.16550698890150253
fixed,D1,D1-19,0.7466445891029088,0.3042445548450986,0.27086045151798355,-0.10073416585093575
fixed,D1,D1-20,0.7243009367609514,0.5416787621600421,0.4119286913136282,-0.2937342608815495
fixed,D1,D1-21,0.7548913997775157,0.38175426432812964,0.0,-0.28778204317284933
fixed,D1,D1-22,0.7404450658106205,0.4300995130031958,0.19335307632864507,-0.09142891781535414
fixed,D1,D1-23,0.6616263344479115,0.6101433926141566,0.27547602556316686,-0.025627908512920117
fixed,D1,D1-24,0.6219579649958688,0.6172588266223156,0.2422711195976598,-0.13488402506374297
fixed,D1,D1-25,0.6964401641383521,0.6298346099208252,0.5238905502052726,-0.1657958885979546
fixed,D1,D1-26,0.765552769315117,0.4747313167366688,0.3161185942028978,-0.04649432699704344
fixed,D1,D1-27,0.7391778478623037,0.4211834168720032,0.32465088758019245,-0.0396835127180617
fixed,D1,D1-28,0.8417948355344272,0.39308169783620295,0.3204400918109779,-0.2786614739601995
fixed,D1,D1-29,0.7330073485436593,0.35431494392135254,0.2854767814698683,-0.04616295747386495
fixed,D1,D1-30,0.6595000364333816,0.48024833806143385,0.312303755370415,-0.06320439092833854
fixed,D1,D1-31,0.7611597953094885,0.3059510778285204,0.46540494036809366,-0.2525078143399866
fixed,D1,D1-32,0.736012851677498,0.4206996778144031,0.22218055116652435,-0.06111975490012207
fixed,D1,D1-33,0.6330401464357693,0.6283531760667198,0.09500745784503051,-0.09806071015975691
fixed,D1,D1-34,0.7224739272455801,0.39180990228427603,0.23791321392094278,-0.029066395476561237
fixed,D1,D1-35,0.7414365467915373,0.23056030589181997,0.26063700152545055,-0.09566767617927226
fixed,D1,D1-36,0.7797137896956248,0.42033648612210295,0.2837189467281517,-0.06688291648835511
fixed,D1,D1-37,0.8936268565280462,0.07557028726431203,0.27755828352950596,-0.261837832664619
fixed,D1,D1-38,0.7588341301830028,0.5088428368433119,0.4167159272703682,-0.2719582816799743
fixed,D1,D1-39,0.7188170707404067,0.3806099312464739,0.14604896664855238,-0.06451377154039915
fixed,D1,D1-40,0.8332304074176174,0.2992061257504557,0.27136391505515933,-0.17359692940066143
fixed,D1,D1-41,0.8435394453037434,0.24274474533743695,0.14325640780822857,-0.13444141070636537
fixed,D1,D1-42,0.7327470094138823,0.43529318491542346,0.11179867656154008,-0.2365627033981169
fixed,D1,D1-43,0.7280897000803634,0.5408075020407961,0.2563544858405693,-0.26635366536344063
fixed,D1,D1-44,0.7046593114450562,0.46341668066606767,0.30095211968494073,-0.025460949003409596
fixed,D1,D1-45,0.7661616195511549,0.3499157641137012,0.2464849793401085,-0.08639969164964588
fixed,D1,D1-46,0.7292751196360407,0.35756238315536515,0.17038545943212102,-0.24852099877973727
fixed,D1,D1-47,0.7407447440497481,0.29168555111083194,0.20705241259821805,-0.23464988845377652
fixed,D1,D1-48,0.6454274515120535,0.5546469847113844,0.22867072283042889,-0.19771007128824764
fixed,D1,D1-49,0.7813130773419273,0.01678011309226246,0.2683080064037503,-0.13523270071370397
fixed,D1,D1-50,0.7853818091395856,0.19805468363468393,0.0,-0.2732523610838686
fixed,D1,D1-51,0.7491325483598306,0.39834195677793416,0.24366245545624887,-0.1147036433024012
fixed,D1,D1-52,0.687525666154788,0.2895501940687897,0.20516053541068213,-0.08033139994989531
fixed,D1,D1-53,0.7313983120784437,0.4183294218097712,0.13120948249021847,-0.15154917934665696
fixed,D1,D1-54,0.7760798156823524,0.3495716226221829,0.04317484763191326,-0.04755999365637017
fixed,D1,D1-55,0.7524843290302513,0.20254111257078455,0.36664694962484,-0.22266096966250412
fixed,D1,D1-56,0.5749192785484109,0.695561981999873,0.229901229690458,-0.09444614466874836
fixed,D1,D1-57,0.7120765753671511,0.5180349905875509,0.3821664272871206,-0.2331576466634661
fixed,D1,D1-58,0.6998427965507187,0.44426486891231143,0.14756830413753497,-0.04228991234967766
fixed,D1,D1-59,0.7343980868296416,0.2954615351222619,0.0,-0.1735325665493478
fixed,D1,D1-60,0.6391339795704877,0.5251129365281182,0.3533681345592806,-0.0066814560099719925
fixed,D1,D1-61,0.7503597732047155,0.0,0.20422330422905455,-0.006579028565106183
fixed,D1,D1-62,0.7938586957833657,0.36182626109180593,0.3961801182458027,-0.03413431009703236
fixed,D1,D1-63,0.5321055750146948,0.754676967358693,0.12757060874281756,-0.1678735598146191
fixed,D1,D1-64,0.8145040954874692,0.4723283867306566,0.33649845403864564,-0.19433975571546142
fixed,D1,D1-65,0.7538328565211355,0.16715617401819094,0.3082205280379894,0.016566877290644082
fixed,D1,D1-66,0.7726620507819549,0.41951064080450895,0.37734930956538537,-0.06073980111556047
fixed,D1,D1-67,0.7649011913342294,0.20725919707373697,0.06699197746030527,-0.08677613792179348
fixed,D1,D1-68,0.7950051099457958,0.3230301189552287,0.14801601897729466,-0.08420444155329301
fixed,D1,D1-69,0.6956304670320693,0.20071240194652384,0.0478575148333128,-0.052754188382382446
fixed,D1,D1-70,0.7251807315022295,0.5652571313851538,0.13086477283876596,-0.2127493517088841
fixed,D1,D1-71,0.8464358816826288,0.15405288971685493,0.0,-0.11078059853859636
fixed,D1,D1-72,0.7518853873590724,0.4241023861867135,0.4006623448814446,-0.19897949789523617
fixed,D1,D1-73,0.8002414707809482,0.1686979759840035,0.09629929459555697,-0.18090426808563334
fixed,D1,D1-74,0.678135027246388,0.6202676103392533,0.1833167671786159,-0.24008941649996857
fixed,D1,D1-75,0.6873879892859744,0.6070216394094042,0.37264936641527435,-0.1903605132729525
fixed,D1,D1-76,0.6898778599703583,0.3929364419750152,0.17223106837933155,0.03493098439253981
fixed,D1,D1-77,0.7545720396344981,0.4663510104988783,0.30351300349686583,-0.19471767504911788
fixed,D1,D1-78,0.7958372839035887,0.48420004608996203,0.44751402925479233,-0.02673728390188749
fixed,D1,D1-79,0.7283236721394314,0.508402207662184,0.21187661170968286,-0.14722656733109213
fixed,D1,D1-80,0.7438703497633884,0.4534227196628766,0.2997684961001459,-0.12075334305911223
fixed,D1,D1-81,0.6273745931345206,0.5050530390924053,0.18741554711843333,-0.22521982433608573
fixed,D1,D1-82,0.6620886297862093,0.43206390132113304,0.09327949659058465,-0.14613437909805452
fixed,D1,D1-83,0.7894345496765648,0.5854463365960055,0.3732098278149353,-0.30906526718045774
fixed,D1,D1-84,0.7488980578072307,0.3155233949848365,0.1882337745987822,-0.05334700252264649
fixed,D1,D1-85,0.6619035884744925,0.5788617611213499,0.24247338594812473,-0.30156441123232003
fixed,D1,D1-86,0.7190742315511294,0.3489185520795772,0.3579071611363678,-0.05963804792188365
fixed,D1,D1-87,0.6722684827111023,0.510245261511658,0.08722466723981803,-0.11134316437771927
fixed,D1,D1-88,0.8081288339544467,0.3731384428661335,0.3036853156881425,-0.26726877612659194
fixed,D1,D1-89,0.7201835527693053,0.13457122951472,0.19035512523387366,-0.018735304297774702
fixed,D1,D1-90,0.7491988374775951,0.4101653161229568,0.14263384016154168,-0.2459822927172448
fixed,D1,D1-91,0.7396204453031879,0.4242657272516781,0.11019024768491459,-0.19441615639105478
fixed,D1,D1-92,0.8358926683578154,0.3345734295516133,0.4894124244885889,-0.02726848907086129
fixed,D1,D1-93,0.771159390784848,0.43964612544450543,0.265240099259169,-0.07725943990639864
fixed,D1,D1-94,0.7977605150988837,0.4319575127141403,0.2408759125896507,-0.387810315186225
fixed,D1,D1-95,0.7263711686836125,0.22885758670616607,0.21201802012236093,-0.13643736638526355
fixed,D1,D1-96,0.7265787052906892,0.3714365989711612,0.13723506820407616,-0.12797578224070025
fixed,D1,D1-97,0.7697576314727047,0.40028308681224056,0.25431385803201434,-0.11598190484279605
fixed,D1,D1-98,0.7954487845778321,0.2223282666570574,0.19945281175857166,-0.11645636030901153
fixed,D1,D1-99,0.7277107857023432,0.37379879025815754,0.3373772950604752,-0.0369409179210264
fixed,D1,D1-100,0.6239181249030505,0.3814344859483897,0.0,-0.19620959610510277
fixed,D1,D1-101,0.722359103990153,0.31898125244062414,0.27155057859420506,-0.19221775062914445
fixed,D1,D1-102,0.76000182779074,0.3256597808746605,0.1101737642984566,-0.24817406955977583
fixed,D1,D1-103,0.8168911591320311,0.17058856918481324,0.1616409250294656,-0.18408907903353575
fixed,D1,D1-104,0.7148619457384447,0.5856152681657769,0.47359545192753927,-0.16811315934480145
fixed,D1,D1-105,0.7786482329167039,0.33931061187413325,0.18671207900096531,-0.16800926793903068
fixed,D1,D1-106,0.7637489630415778,0.2969223083013821,0.35578769533916765,-0.061516317864612396
fixed,D1,D1-107,0.7892422831288998,0.33739853585688995,0.2509580562198479,-0.17680476662002867
fixed,D1,D1-108,0.7539551063016687,0.2056488524328446,0.12682969609417938,-0.14025211533336954
fixed,D1,D1-109,0.7147205649376968,0.42581866458144413,0.105842191930691,-0.15643109601519517
fixed,D1,D1-110,0.6239014683419034,0.7228854620433111,0.4315167446034889,-0.20603703118238065
fixed,D1,D1-111,0.6902938118496722,0.561812696427956,0.536683095353891,-0.10514143736847541
fixed,D1,D1-112,0.6916424542366048,0.6806872943766051,0.47787569313186773,-0.16419885136839338
fixed,D1,D1-113,0.7790031337807319,0.3688697218356526,0.14407016410987272,0.028769635226202156
fixed,D1,D1-114,0.5927433683779777,0.5685877484053619,0.08333618556394284,-0.1894850828601861
fixed,D1,D1-115,0.7846930422911614,0.37898692426344605,0.2864925921979541,-0.16448247293800203
fixed,D1,D1-116,0.7224330237659665,0.6132705828618107,0.2438832507587566,-0.34246437276391267
fixed,D1,D1-117,0.7710948692371332,0.43924048198165844,0.2827841021665869,-0.06564819019621862
fixed,D1,D1-118,0.7857727835495002,0.0595994125370356,0.1679557722014584,-0.018624997881094188
fixed,D1,D1-119,0.7695595593725937,0.38202519366780274,0.49037605739070034,-0.06582654044534156
fixed,D1,D1-120,0.7542911694753025,0.4681660535626522,0.2743863003692698,-0.1733359243328133
fixed,D1,D1-121,0.5776984554576139,0.6602915596566399,0.38264029171872405,-0.29129422029392277
fixed,D1,D1-122,0.6559191452539264,0.4909481428286031,0.18129162154373513,0.08347667888943171
fixed,D1,D1-123,0.7180613797601045,0.3980960292110449,0.14346855246804047,-0.09491449983609376
fixed,D1,D1-124,0.7549844402704832,0.23859060081099137,0.0,-0.1012570553376746
fixed,D1,D1-125,0.7033987747158634,0.5547173565603032,0.3012014669659332,0.07075772187247636
fixed,D1,D1-126,0.7868143741326373,0.3476293104845053,0.40763291647349575,-0.17922373499327446
fixed,D1,D1-127,0.765835426126049,0.13756522452710562,0.21372577541402504,-0.14593482429402357
fixed,D1,D1-128,0.803140843620583,0.4355158460835876,0.2931018764656832,-0.13807442307339682
fixed,D1,D1-129,0.7520460234121615,0.37796088023831964,0.26790834216463266,-0.18765826597528332
fixed,D1,D1-130,0.7433653012201114,0.6115022546145404,0.4120762673921945,-0.08006796961929019
fixed,D1,D1-131,0.7291135684587915,0.353103441262843,0.0,-0.2016381110249674
fixed,D1,D1-132,0.8016016194891212,0.38277132898053123,0.30265223112921524,-0.25875105959606165
fixed,D1,D1-133,0.7898076055383013,0.1551025825725424,0.0,-0.16082758224621055
fixed,D1,D1-134,0.6689703013125916,0.5663166932202135,0.27657566983656146,-0.07080757339961223
fixed,D1,D1-135,0.7787796490490965,0.2637762043498827,0.21439730530843037,-0.14094981706748771
fixed,D1,D1-136,0.8086569232374033,0.4455196307002839,0.27738359719191397,-0.22602421053306684
fixed,D1,D1-137,0.7442577530464978,0.46365159516668875,0.4732988741924071,-0.1162312752832991
fixed,D1,D1-138,0.8008009598976586,0.3177918850805902,0.16762719216180366,-0.13532753933058048
fixed,D1,D1-139,0.7632430656432017,0.20738463461096812,0.0,-0.06803521544854077
fixed,D1,D1-140,0.7152277265281031,0.48242759248023526,0.01611701533032117,-0.12766001229327567
fixed,D1,D1-141,0.7495838112400475,0.4014635008430143,0.4233490756754221,-0.14912754292041017
fixed,D1,D1-142,0.7526995773501008,0.20175323524807975,0.011240084676855222,-0.2226311432542348
fixed,D1,D1-143,0.7695340413294831,0.21891449988963874,0.3759064512429632,-0.06881108809649707
fixed,D1,D1-144,0.694821360598376,0.2580723153708572,0.09984522537652885,-0.20143221342000941
fixed,D1,D1-145,0.7681461412639458,0.38234262862298507,0.18376590662132974,-0.158420540116145
fixed,D1,D1-146,0.8381493994082129,0.20569754593160872,0.1348432189697475,-0.186004049495145
fixed,D1,D1-147,0.7377019534231305,0.41982925760929757,0.3047373653511217,-0.08191889073265235
fixed,D1,D1-148,0.812904975758917,0.44666366948850367,0.31648266627557653,-0.04846062702524694
fixed,D1,D1-149,0.6801298389020041,0.5740555423756062,0.33828320241097964,-0.24283902193546325
fixed,D1,D1-150,0.6808853039879854,0.356405658500921,0.1556115774637743,-0.08066789680168088
fixed,D1,D1-151,0.755107359403342,0.037068231746151925,0.0,-0.07716739358799864
fixed,D1,D1-152,0.7225171263662239,0.4969943387146091,0.254432813377254,-0.1816274602839699
fixed,D1,D1-153,0.7124228787973853,0.37204617983537125,0.034146545728200084,-0.17395796068327032
fixed,D1,D1-154,0.7880300698831247,0.5540258182786733,0.5109870083951678,-0.05320925767076182
fixed,D1,D1-155,0.7551225146746545,0.3782345391562544,0.32211882180508766,-0.24858222367555052
fixed,D1,D1-156,0.8307318405072974,0.2058454878896121,0.1748170168860086,-0.19994096479211623
fixed,D1,D1-157,0.7565942520882089,0.49311763107491335,0.3196978578899058,-0.13746928243269488
fixed,D1,D1-158,0.6874283814041182,0.25362056258234666,0.0280370446639141,-0.09664485838422557
fixed,D1,D1-159,0.8270439177692664,0.2810223440379067,0.04626064695492693,-0.1752268933353493
fixed,D1,D1-160,0.6780072467738949,0.5816449097304823,0.2084993066717088,-0.10192342897101554
fixed,D1,D1-161,0.6887594189245282,0.4470425614311586,0.1895729217092611,0.037557140227181436
fixed,D1,D1-162,0.7303717741143496,0.5511454320964879,0.3249971052338704,-0.17885349283269436
fixed,D1,D1-163,0.6810768586272132,0.5794196485531009,0.23397942845010833,-0.3094581416072083
fixed,D1,D1-164,0.6103019654222134,0.6725125123488122,0.2039849356623692,-0.3128672050738396
fixed,D1,D1-165,0.7620778581766257,0.33760950627438635,0.14496817825743724,-0.18373828410421122
fixed,D1,D1-166,0.7479482860282707,0.2718776092258324,0.05771108966846894,-0.01964424306800692
fixed,D1,D1-167,0.7388741848950499,0.32543189688305907,0.07030657609182778,-0.31959856494397587
fixed,D1,D1-168,0.8132379670887567,0.21699934508859453,0.020523531846233123,-0.2507756880942285
fixed,D1,D1-169,0.7407124400530214,0.5323084233082376,0.16206632417911215,-0.15322819875347687
fixed,D1,D1-170,0.8089309207558019,0.2741837159946484,0.21434213107965006,-0.15313945774558488
fixed,D1,D1-171,0.8054763578231692,0.10192341952238293,0.0,-0.10128628060301105
fixed,D1,D1-172,0.659385950130992,0.5203212974680334,0.3097511303403184,-0.05681783928028327
fixed,D1,D1-173,0.7359162900114558,0.2972059204982376,0.18157067142807914,-0.04646216655092625
fixed,D1,D1-174,0.7793867128409707,0.5035351907847045,0.3333508191239606,-0.2893533159263978
fixed,D1,D1-175,0.7655112982907691,0.41182479640749803,0.1884137172250555,-0.13861791548925545
fixed,D1,D1-176,0.7292559010741505,0.32304272624375796,0.0,-0.1199859444154077
fixed,D1,D1-177,0.8061597943854033,0.2819555656146183,0.3576649173647919,-0.23868192846030528
fixed,D1,D1-178,0.7455931437521305,0.3412632370376536,0.1637887593803362,-0.17552581345767723
fixed,D1,D1-179,0.7755524807412016,0.5616919012597186,0.10491772744849825,-0.18489219607078083
fixed,D1,D1-180,0.8472540827361537,0.2969622572120093,0.3407832439067163,-0.29786489503636693
fixed,D1,D1-181,0.777091557275951,0.25330231494464805,0.1489092431979835,0.03999708455093088
fixed,D1,D1-182,0.7468183198952743,0.349589730829453,0.09262100113667815,-0.2638297731991259
fixed,D1,D1-183,0.7319261970490436,0.5442842435643471,0.48809111047101206,-0.11068881437736926
fixed,D1,D1-184,0.7506063452336371,0.24557816976390257,0.0,-0.20002473391348327
fixed,D1,D1-185,0.7852010290283936,0.516089578532555,0.4077029797751437,-0.19405822022000424
fixed,D1,D1-186,0.7669077424084184,0.30095194458301355,0.0,-0.21687667170577465
fixed,D1,D1-187,0.6589388966047074,0.5469595646141276,0.16152917887709284,-0.25112410984053374
fixed,D1,D1-188,0.7087937859302228,0.4396179687513142,0.30048033255761475,-0.13590493452242794
fixed,D1,D1-189,0.8281068516094188,0.37392454702333056,0.31724675812855196,-0.15464710952874028
fixed,D1,D1-190,0.7416498047785722,0.4400594845367789,0.27500769605553965,-0.12482089720388423
fixed,D1,D1-191,0.8456444390843523,0.10677475008009074,0.12359102183824244,-0.17655707334301188
fixed,D1,D1-192,0.659040547665041,0.6440220038331732,0.18137023886794645,-0.21497745409429223
fixed,D1,D1-193,0.7176584174960303,0.4656397718286046,0.1390730999485308,-0.0933170860418159
fixed,D1,D1-194,0.7603963753843397,0.19716658611645543,0.20487597562946036,-0.15905429957029613
fixed,D1,D1-195,0.7937712115589868,0.2125031657888814,0.2325093175403633,-0.23558579065766394
fixed,D1,D1-196,0.7859640440337008,0.46034017051415543,0.2943356308869991,-0.1466315224660317
fixed,D1,D1-197,0.6023347151269794,0.6144395070980087,0.30432992111372403,-0.18152436128094357
fixed,D1,D1-198,0.7249588770491475,0.24169582029206116,0.04854145135278187,-0.07465251934760779
fixed,D1,D1-199,0.7403012866816862,0.13754520546995175,0.0,0.0098593889311835
random,D1,D1-0,0.8242285144449968,0.2172107098966225,0.13179115297133592,-0.1994993127689814
random,D1,D1-1,0.7862245058681201,0.42274881078436566,0.2504090521213632,-0.04832869659842811
random,D1,D1-2,0.8154980583044424,0.1936860067377093,0.31745516906003823,-0.3157820187048114
random,D1,D1-3,0.6791029675284983,0.4236791737253296,0.15481669894656702,-0.13751948748492576
random,D1,D1-4,0.49736903445940545,0.8498890600553195,0.25185374311374553,-0.16712132322055848
random,D1,D1-5,0.9001824103442366,0.18479786076915838,0.19675877234959693,-0.29437995830177754
random,D1,D1-6,0.8468114502848352,0.17926671087861745,0.40617172808066704,-0.2506327072781037
random,D1,D1-7,0.6890243299401257,0.22299767625318745,0.0,-0.2548491936352355
random,D1,D1-8,0.811826155029456,0.36777507246396257,0.3645380105897408,-0.27268492656477145
random,D1,D1-9,0.6833237097833721,0.5715384782396259,0.19655544365587763,-0.10650086646409107
random,D1,D1-10,0.6151232751300233,0.5712192075958546,0.05287319820758796,0.1264808602615655
random,D1,D1-11,0.8545314436222208,0.21508705338936618,0.15321680725422926,-0.35936043621700964
random,D1,D1-12,0.8809215778447355,0.12614571945400455,0.1336939516562593,-0.2885012177400844
random,D1,D1-13,0.8785171360282279,0.23325687282798302,0.3917230636542228,-0.2830291859400284
random,D1,D1-14,0.6661778742810777,0.7299791005190165,0.3004530074878047,-0.13363891636480882
random,D1,D1-15,0.8778309797083972,0.10077003778705518,0.3392123217557096,-0.46076547680404295
random,D1,D1-16,0.8348393123538269,0.18457519002091216,0.04365144259233744,-0.1555144117562421
random,D1,D1-17,0.8869276421743411,0.103439314115507,0.3655961768201641,-0.5236166022347767
random,D1,D1-18,0.571198524420044,0.6094339094819996,0.019908872712028236,-0.10760588040083909
random,D1,D1-19,0.7645099525745447,0.13420350480033438,0.1350315752615937,-0.16581781400539397
random,D1,D1-20,0.7369249770218236,0.45743088308033686,0.12972330958189904,-0.2866363105222338
random,D1,D1-21,0.8891675601009075,0.16414472988392337,0.3924610877593182,-0.5468664441052126
random,D1,D1-22,0.5891035322660618,0.44584927062304736,0.15922830187208947,-0.06633221519670698
random,D1,D1-23,0.8686298992098608,0.2078027786636606,0.2940140533952158,-0.33392194434812256
random,D1,D1-24,0.378927113249124,0.7588512195486952,0.050742222407927806,-0.09031782082623674
random,D1,D1-25,0.8108454519630173,0.23584070319047035,0.4531996890373514,-0.04021091957495024
random,D1,D1-26,0.909546895397995,0.186263324563668,0.28161887863572965,-0.4698657105386347
random,D1,D1-27,0.8182919755128872,0.3232163156214811,0.12453614195299723,-0.391318382299272
random,D1,D1-28,0.8774886068230403,0.054219190746482626,0.2251995582690487,-0.34064565565851374
random,D1,D1-29,0.6304906791254937,0.6449380694336471,0.1373737678367335,-0.21470128746796757
random,D1,D1-30,0.8327179721553232,0.25597581186726603,0.167674447230306,-0.26132288201818427
random,D1,D1-31,0.8808602220032544,0.2080303172782234,0.23489363379272077,-0.35681110966889157
random,D1,D1-32,0.8751901487710299,0.2878417593628637,0.19715958307021608,-0.3908269637960809
random,D1,D1-33,0.8947393132921296,0.07835735934005672,0.19845433504888044,-0.41486866153978075
random,D1,D1-34,0.5214553004947259,0.7811946401392044,0.4787808712611674,-0.05437229011689349
random,D1,D1-35,0.7916445196287303,0.4736460141716242,0.2978055630999734,-0.16472632554523095
random,D1,D1-36,0.6948148394218143,0.6544507222898781,0.1897924780162632,-0.12306406040128448
random,D1,D1-37,0.5998084720807884,0.5511391508026914,0.11250180184274217,-0.16872649699821726
random,D1,D1-38,0.8660402030412226,0.07653495281393319,0.2096802541635936,-0.2735499970698758
random,D1,D1-39,0.8039105799354873,0.04769242154961684,0.0,-0.302299299553503
random,D1,D1-40,0.8296417092883317,0.2972275883380221,0.20170476172156127,-0.2416800610814679
random,D1,D1-41,0.8108919392116312,0.3693102870575251,0.3611168904076685,-0.22924626533143094
random,D1,D1-42,0.8514947404752639,0.19530253852483948,0.0,-0.25310986994932133
random,D1,D1-43,0.8076268525204393,0.13678195067023602,0.20699292852577844,-0.17218039763293874
random,D1,D1-44,0.6878539860994413,0.3133379233689264,0.05069212641390408,-0.021960867836389238
random,D1,D1-45,0.807823576450864,0.13835071598689552,0.3578635626649447,-0.19264432215572985
random,D1,D1-46,0.8971786507668444,0.011565417346729223,0.163222107403171,-0.49474719733414974
random,D1,D1-47,0.892294674138187,0.2123586322809865,0.47454433227811565,-0.45064960130671433
random,D1,D1-48,0.8624831758469543,0.2092807617172987,0.257785707901917,-0.30198692145889483
random,D1,D1-49,0.6582397671854489,0.5787184540217145,0.3678262321662382,-0.19280635080527428
random,D1,D1-50,0.8966054413060514,0.03961092439679148,0.04225486857138716,-0.49265178496501283
random,D1,D1-51,0.903763994260784,0.07423943618433926,0.22154683324226165,-0.26342867894162025
random,D1,D1-52,0.8490113492272743,0.3502636580494508,0.18136700633710712,-0.4938749573232783
random,D1,D1-53,0.6495322465513595,0.36268863231762694,0.03342044831073332,-0.053457437686769874
random,D1,D1-54,0.9170016905649341,0.1005873821125286,0.2712644197455708,-0.4634770984744149
random,D1,D1-55,0.9049356611831816,0.1963754572647548,0.3182997168012718,-0.3966302275531548
random,D1,D1-56,0.889397972008645,0.20665010598991784,0.19882374340049724,-0.44496261828540706
random,D1,D1-57,0.8347687665158587,0.13329380621020004,0.07755047504447321,-0.382546218367712
random,D1,D1-58,0.8665214033014671,0.08092696051915338,0.08387999820632253,-0.37986050081642253
random,D1,D1-59,0.5476322361792195,0.6043258558954032,0.056467598405699926,-0.02385696366272465
random,D1,D1-60,0.7594606379521658,0.2846489305322043,0.1451189374511942,-0.15115913144048876
random,D1,D1-61,0.8672595349187263,0.05262082364325993,0.11720757723785158,-0.3094539075848075
random,D1,D1-62,0.8038020347912196,0.2297894607457217,0.07848652226746,-0.0912996202516298
random,D1,D1-63,0.8891577284271346,0.12297927631985828,0.05948653112470148,-0.25090966929075376
random,D1,D1-64,0.920313855587686,0.08909190163881309,0.27001234128133156,-0.5373054293684643
random,D1,D1-65,0.7956690804474623,0.398332600562025,0.1439205278004353,-0.2812626405749946
random,D1,D1-66,0.8814347763471914,0.24428501339338005,0.272898804206291,-0.4176776178192899
random,D1,D1-67,0.543214657238702,0.5313697741867471,0.041385919059243714,-0.10550122984628198
random,D1,D1-68,0.8020992316374614,0.22194045121058015,0.013215304317022558,-0.26385511607915346
random,D1,D1-69,0.6133326770195402,0.1440939900380166,0.0,-0.3249191934938447
random,D1,D1-70,0.804973187575952,0.32692291673281315,0.26700658973587477,0.0017016619842745175
random,D1,D1-71,0.7946615536731929,0.4006522063612664,0.3463813555715085,-0.14973742865026524
random,D1,D1-72,0.904574483580055,0.14502151453408396,0.2949175469842241,-0.5181384749094898
random,D1,D1-73,0.809875496489273,0.3858682955177719,0.22522670382858667,-0.233925758801231
random,D1,D1-74,0.7970644603985381,0.36799392758298877,0.5015289753851855,-0.19052896013664486
random,D1,D1-75,0.8570791621619407,0.14665967000493063,0.3411643759168447,-0.32445586622119876
random,D1,D1-76,0.6457765172670238,0.4629680170214516,0.2534936099679662,-0.08459960636580566
random,D1,D1-77,0.8754273292434751,0.019261548910193382,0.0,-0.5342115286471008
random,D1,D1-78,0.8655127255348931,0.12172884745756773,0.20041280630729985,-0.19189415643656058
random,D1,D1-79,0.8076837474664212,0.42515415376148036,0.43328089404988857,-0.40550940092052873
random,D1,D1-80,0.9005961382281883,0.0,0.12599412960609835,-0.4859849021247496
random,D1,D1-81,0.8501233161595082,0.16949854636101902,0.3216440361501739,-0.3092659884275004
random,D1,D1-82,0.9105098073824988,0.19258496310264994,0.4326978853302561,-0.5292029739777537
random,D1,D1-83,0.47721892111352554,0.7473907015150938,0.03432619360500411,-0.13126456183819837
random,D1,D1-84,0.821116905979536,0.06895739774021636,0.06770189365623569,-0.32195843326085416
random,D1,D1-85,0.8463017710970172,0.11068897816840195,0.3276458480961275,-0.17601065969538435
random,D1,D1-86,0.7913330296600908,0.22915866950866148,0.25280634302156657,-0.09452096389198249
random,D1,D1-87,0.48272279503491305,0.7990494488263751,0.29020268907022306,-0.06263127327489677
random,D1,D1-88,0.8698422915840444,0.170691883182166,0.10675425350805312,-0.2703151018374394
random,D1,D1-89,0.9104937142171267,0.13274727858698232,0.2527465889483359,-0.48394727885454686
random,D1,D1-90,0.812689515764489,0.08903920455221803,0.043687334971922676,-0.16759189195608856
random,D1,D1-91,0.883446935821051,0.12525107969127292,0.1610593063251401,-0.4478268939836072
random,D1,D1-92,0.5312827775248196,0.740369090419679,0.3129865563975007,0.02053447510727809
random,D1,D1-93,0.8200637561232894,0.18498041057795056,0.09963172079483307,-0.12470187849932884
random,D1,D1-94,0.6366024381884742,0.6402721532176522,0.04573811097488756,-0.12373336791190173
random,D1,D1-95,0.7056051243127343,0.5089787383661595,0.0,0.07673941842066345
random,D1,D1-96,0.8666879907079706,0.11047349090394032,0.2596987964213797,-0.26369376246352916
random,D1,D1-97,0.6441451996809242,0.5098695558651505,0.15934966345013335,0.002199063090406004
random,D1,D1-98,0.8023193092292853,0.011727554806574947,0.16745025249361367,-0.2058184991507516
random,D1,D1-99,0.9031047055741321,0.08992149816452755,0.3008195139591042,-0.3681756721489521
fixed,D2,D2-0,0.7234543451102059,0.43276235584234723,0.18337308345212888,0.13072322665853972
fixed,D2,D2-1,0.7371832587968588,0.24665612943878157,0.0,0.007352971987292023
fixed,D2,D2-2,0.7487898287702041,0.20834894792625147,0.14343647620670041,0.08591199464542935
fixed,D2,D2-3,0.7755901837694018,0.4254717956702153,0.3880328963336517,0.1010641909043654
fixed,D2,D2-4,0.6892196204016363,0.2647564863444972,0.20250778513247747,0.23236480163245646
fixed,D2,D2-5,0.7962066642455428,0.36584945207493147,0.47596421426525215,0.10270346563521834
fixed,D2,D2-6,0.6664021232581395,0.41576556875305903,0.13441925716277914,0.07102283916575511
fixed,D2,D2-7,0.6805340422955563,0.4762744372857558,0.3043296231436248,0.19505437084250732
fixed,D2,D2-8,0.7509617306661179,0.34466224432167847,0.07429015575620546,-0.07294474537787443
fixed,D2,D2-9,0.7023615070143155,0.3460127840358125,0.06906951605215639,0.1896131212042209
fixed,D2,D2-10,0.788586543140084,0.4302311278337799,0.2747080412856987,0.10750083009100425
fixed,D2,D2-11,0.7614098869997457,0.29233576853761134,0.0960136217638915,0.11845724692327735
fixed,D2,D2-12,0.7879618469055524,0.31864233952102283,0.09934686226752343,0.10526644507555812
fixed,D2,D2-13,0.655904902015138,0.3378458860655429,0.0,0.13709133339830498
fixed,D2,D2-14,0.7046339187975701,0.158186520433526,0.09461539775598549,0.017387260454206056
fixed,D2,D2-15,0.7711769528060763,0.2702554220452702,0.08804480644682777,0.12909884331270347
fixed,D2,D2-16,0.7401640485484081,0.24242463330603203,0.0,-0.03213576179385222
fixed,D2,D2-17,0.718853610769803,0.37837568014916134,0.22103452460792172,0.12774975333451077
fixed,D2,D2-18,0.6207138523887102,0.6770116496788046,0.09296535339622602,0.114939184740713
fixed,D2,D2-19,0.7294638955751996,0.459129255411744,0.3753066323433998,0.17454897188028995
fixed,D2,D2-20,0.7402056203501626,0.38602975809438045,0.26451938073316306,0.1537096177122867
fixed,D2,D2-21,0.7045116214884225,0.5434259820087577,0.5606856778744187,0.23206693460404895
fixed,D2,D2-22,0.7182917658577941,0.32092255908811496,0.26475417446014515,0.03752934682825137
fixed,D2,D2-23,0.7474079021607362,0.19549500528141783,0.09172375463992488,0.05900799406631374
fixed,D2,D2-24,0.7452730549562536,0.36954883938064786,0.41302818108732164,0.20709743905725211
fixed,D2,D2-25,0.6967368312600469,0.4523340748331127,0.32091193616892144,0.17951682714239425
fixed,D2,D2-26,0.6592656511099223,0.6353927244980124,0.3526681108022419,0.01898481210110899
fixed,D2,D2-27,0.6883439279786491,0.35517286184813857,0.39136781541987353,0.24203572726398392
fixed,D2,D2-28,0.7545597350314239,0.11718742806129312,0.0,0.10414745534460709
fixed,D2,D2-29,0.7294528303068003,0.1669321885657783,0.404984668512674,0.20226257882644616
fixed,D2,D2-30,0.6760470419070056,0.6508675869196177,0.40597308545607047,0.07844835462782
fixed,D2,D2-31,0.7501888154369459,0.5678169529968964,0.46407273897360624,0.09472763743710153
fixed,D2,D2-32,0.6780651067704273,0.4191438028973109,0.2880683871953482,0.09897623902689173
fixed,D2,D2-33,0.7765600642121533,0.3191458686599856,0.1589905315545843,0.16482045481357868
fixed,D2,D2-34,0.7633188607113116,0.43242811352730615,0.29892790937671887,0.12067237010082342
fixed,D2,D2-35,0.7384487997431857,0.22886754249456454,0.0,0.13986641443632986
fixed,D2,D2-36,0.6858783578504721,0.23080745311159834,0.16184687695629274,0.04955558471399222
fixed,D2,D2-37,0.7452519944474619,0.17666590054722286,0.2420383382507384,0.11278953693504888
fixed,D2,D2-38,0.6988856111557147,0.3193852002714015,0.30207469983601454,0.07667739590280959
fixed,D2,D2-39,0.7006699926717876,0.22677312536641703,0.03128465913233225,0.14933647803967243
fixed,D2,D2-40,0.7743415645955881,0.30928481516931416,0.4122261930899177,0.08400370880814383
fixed,D2,D2-41,0.7531942681206593,0.21010848392732462,0.0778225985673231,0.1647304838284575
fixed,D2,D2-42,0.7361319004667674,0.5298547642511825,0.44122904658456186,0.1476086294678843
fixed,D2,D2-43,0.6921917409064006,0.3281429630944004,0.15921692085527983,0.26422081851893914
fixed,D2,D2-44,0.7147601819787157,0.3293539429160284,0.018876417908106236,0.09495904894281941
fixed,D2,D2-45,0.7876941005594856,0.1836071209919431,0.3428386903174895,0.23102565638299846
fixed,D2,D2-46,0.724061674033784,0.4667951187733337,0.4731106764080396,0.07205261557412135
fixed,D2,D2-47,0.6827232956838365,0.4964359785487581,0.2923536596238355,0.1324318684180342
fixed,D2,D2-48,0.6987506183366806,0.37683470988327006,0.013736472283406131,0.10354530394255879
fixed,D2,D2-49,0.6799184429595383,0.21035879922914902,0.0,0.15241716667638125
fixed,D2,D2-50,0.6635516875280538,0.391942860041939,0.34786999167677024,0.034257313351547504
fixed,D2,D2-51,0.688535426703702,0.5010664200463957,0.1738329197955466,0.18357023723201513
fixed,D2,D2-52,0.6661949144698354,0.2904350857364276,0.09958589983320187,0.25988732251672814
fixed,D2,D2-53,0.7363787776081284,0.10170541895354723,0.16662286448628838,0.12866001364859278
fixed,D2,D2-54,0.7972502039829683,0.38892949427581935,0.21338961591143346,-0.10306564907276754
fixed,D2,D2-55,0.6801334272457799,0.45789128644080546,0.2218766080201655,-0.02520917790085026
fixed,D2,D2-56,0.7221240972338262,0.44785212276141273,0.3030137884356153,0.009977685446213969
fixed,D2,D2-57,0.7385383880042331,0.2286288585251134,0.0,-0.06525707438077691
fixed,D2,D2-58,0.7249057228347838,0.5497629696177806,0.22485108624430739,0.07857842038083
fixed,D2,D2-59,0.757222465790144,0.31677456326434694,0.33577342289293555,0.10445969552469454
fixed,D2,D2-60,0.6929335551779436,0.605940932179765,0.41063331866316366,0.06642081649623624
fixed,D2,D2-61,0.7724093233896777,0.4220933733070459,0.4109461029176683,0.06898838402058205
fixed,D2,D2-62,0.7724873374977677,0.355697825581743,0.2658580567842266,-0.049272476761250635
fixed,D2,D2-63,0.6879283536818624,0.38562293180456175,0.30141852183510265,0.12405114120017453
fixed,D2,D2-64,0.729727304774279,0.27274631986543363,0.2318694226322301,-0.005908089014233831
fixed,D2,D2-65,0.7021766053472771,0.31665361450521334,0.33363047094440756,0.14759940394569587
fixed,D2,D2-66,0.6795845009082381,0.4022029344741277,0.5279920634096225,-0.023368364972587367
fixed,D2,D2-67,0.7774170490684205,0.23878828087282622,0.04758630550139964,0.13574176353792827
fixed,D2,D2-68,0.8038911364907128,0.24855486741915112,0.3159905995940111,0.0784397461802262
fixed,D2,D2-69,0.707729960362927,0.5346779753435948,0.41163240059640316,0.09389553146505114
fixed,D2,D2-70,0.7184697597095616,0.3564259584583106,0.1694651582458716,0.10252706584768691
fixed,D2,D2-71,0.7124448884225115,0.43901550504565756,0.2522734856706208,0.2349299605815288
fixed,D2,D2-72,0.8153059749417442,0.120839472353796,0.12525683447988545,0.09197645423633874
fixed,D2,D2-73,0.7383933148658821,0.2527622503675331,0.2590752513350447,0.27137689758301275
fixed,D2,D2-74,0.7637670068599379,0.47287531233851876,0.42932369650636326,0.06380484559234437
fixed,D2,D2-75,0.7481050407886282,0.388452331188611,0.3655773793174941,0.11325649379298267
fixed,D2,D2-76,0.7181068498086873,0.37102647513618003,0.2589663658931328,0.15083231938873481
fixed,D2,D2-77,0.7519200144783934,0.5156907959826089,0.10610029874132565,0.1230690255746761
fixed,D2,D2-78,0.729190531989283,0.28240431413831035,0.17376898125128948,0.06771433340617589
fixed,D2,D2-79,0.7170286620745338,0.21812602242614088,0.0,0.004887030941289473
fixed,D2,D2-80,0.7386477114249748,0.17482216165783704,0.40043154467145314,0.17721839526149313
fixed,D2,D2-81,0.6751007612522792,0.4893411169060793,0.04815454669283881,0.11969932234686126
fixed,D2,D2-82,0.7027514126574683,0.44050655728562593,0.14295556811511512,0.08499709408336951
fixed,D2,D2-83,0.706015659040815,0.3293368051520501,0.4181290071365067,0.09382404038636484
fixed,D2,D2-84,0.5570166427467558,0.5593725399440383,0.014464096378008051,0.08630551049447518
fixed,D2,D2-85,0.6972576376969037,0.46430645771054957,0.4597909635487675,0.14474720567957677
fixed,D2,D2-86,0.7229096553784804,0.42291835621872287,0.3304905321478032,0.028514945543025097
fixed,D2,D2-87,0.7611933769362852,0.21374617873577828,0.26134969544977993,-0.06959841686877288
fixed,D2,D2-88,0.6958966042673106,0.5100246654378184,0.38668907659578744,-0.015163661747041018
fixed,D2,D2-89,0.7980800175121128,0.42084919087621997,0.42892942441545845,-0.07479827656075984
fixed,D2,D2-90,0.5919573389604237,0.6917545734983728,0.2674921701467159,0.1301773698332251
fixed,D2,D2-91,0.7583163131925515,0.4042815652713029,0.2674193944225586,0.15758455197751428
fixed,D2,D2-92,0.7221131648913287,0.33317512218098777,0.2091014840997898,0.1373749210796745
fixed,D2,D2-93,0.7755913716392445,0.1965977087788785,0.1648127152496368,0.12327915110769869
fixed,D2,D2-94,0.7690312121522781,0.2849416543149912,0.2783074259250957,0.05804446316032326
fixed,D2,D2-95,0.7158131351979765,0.5108744967863421,0.28355308353032815,0.10093870940488868
fixed,D2,D2-96,0.7298968239641533,0.34748802707078563,0.34208347766970937,0.050060518450187996
fixed,D2,D2-97,0.7468565492879805,0.0633008850826241,0.10462738481273759,0.10710859284192976
fixed,D2,D2-98,0.7121658090293203,0.37021069713267607,0.33805419552771987,0.2502381207277616
fixed,D2,D2-99,0.7015547916495666,0.4082716281081681,0.10659281993558611,0.1413844110898662
fixed,D2,D2-100,0.7440497958022361,0.42703938881858916,0.2512793871907898,0.059011537406710037
fixed,D2,D2-101,0.6960293622235848,0.43356577631193916,0.08609925797293183,0.10872751904671214
fixed,D2,D2-102,0.795920060635804,0.12418031516779227,0.33442412245249875,-0.05112195171862718
fixed,D2,D2-103,0.6803482250633198,0.31867357780927286,0.03609479127614457,0.17518413848026382
fixed,D2,D2-104,0.695822910554062,0.3037760362873052,0.260545764364848,0.2012911530739535
fixed,D2,D2-105,0.77708928897177,0.17452460188031782,0.33048014625931976,0.14859613444668746
fixed,D2,D2-106,0.8129404045755685,0.2885435095113592,0.4107952931145955,0.1071459409440957
fixed,D2,D2-107,0.6196903704207819,0.360309694158637,0.10966874780237956,0.12839776632257327
fixed,D2,D2-108,0.7143982317196889,0.31183200650022247,0.1981599783718785,0.19437553369146415
fixed,D2,D2-109,0.6843890415015895,0.42586187633798933,0.35620168331999724,0.21151072327007636
fixed,D2,D2-110,0.7077191554170721,0.455306496882123,0.174393920513354,-0.036310181973705065
fixed,D2,D2-111,0.6738233250565849,0.31541318890742265,0.0,0.11290751587060556
fixed,D2,D2-112,0.6709460320505862,0.3217139318435551,0.1776713484191078,0.18509171696953008
fixed,D2,D2-113,0.7226685737514215,0.47037371872685896,0.21208982108487195,0.043934646081228074
fixed,D2,D2-114,0.7942103086321666,0.3380092874573085,0.3659736198152751,-0.03973516202596785
fixed,D2,D2-115,0.7089029763175367,0.4332310024576539,0.2918335092924528,0.11993247297721664
fixed,D2,D2-116,0.7387343606952951,0.2741679138231651,0.09151118528139757,0.1656368062084877
fixed,D2,D2-117,0.758242132959859,0.31983063154754043,0.46121514728181534,0.17110300648945462
fixed,D2,D2-118,0.6411383753621691,0.63351547972259,0.24610712618646813,0.10696296669678565
fixed,D2,D2-119,0.6218820836826152,0.5397887876205818,0.3428480044221136,0.216984246527772
fixed,D2,D2-120,0.6641591241629933,0.6335158542307651,0.36102919646013454,-0.00782340561107548
fixed,D2,D2-121,0.7318579001897219,0.2682534664760876,0.18791730260458483,0.1778004827446159
fixed,D2,D2-122,0.7058731263297664,0.3774158208238422,0.389572551356004,0.2085231237902648
fixed,D2,D2-123,0.7376509820025261,0.1059788180728316,0.0,0.19600179592184233
fixed,D2,D2-124,0.7302582808852914,0.5210865665271738,0.3106636645993057,0.13947877730526842
fixed,D2,D2-125,0.6804177318451556,0.5265244145968639,0.43907494240922373,0.16417137664308137
fixed,D2,D2-126,0.7899251544194514,0.44588656305168606,0.4389430527074414,0.05101980968689345
fixed,D2,D2-127,0.7209254391082927,0.3595696448926443,0.3843637510986264,0.01540895107299378
fixed,D2,D2-128,0.6853643417018126,0.4610577294145336,0.2840949459331922,0.18670351809238925
fixed,D2,D2-129,0.6793376237251457,0.35067588985760634,0.23603863975424388,0.09639238035252772
fixed,D2,D2-130,0.7586397525437164,0.41186627980968205,0.38055547568277226,0.12183312882441004
fixed,D2,D2-131,0.7621719276069768,0.18605278341942988,0.0,0.14714679861573013
fixed,D2,D2-132,0.7498887857018597,0.41886112887674976,0.4098936333130153,0.14755377498621608
fixed,D2,D2-133,0.7328391950493147,0.4437745850666158,0.1797339242584538,0.05749474776633851
fixed,D2,D2-134,0.751444967905942,0.12714264606693226,0.23898598862489973,0.08189996160081982
fixed,D2,D2-135,0.7311031098295456,0.5166606689962385,0.34336832912604154,0.018471057503918503
fixed,D2,D2-136,0.6079825936344794,0.3764253722628167,0.006917804735624866,0.11937360514857025
fixed,D2,D2-137,0.7128883370442904,0.3501659482130216,0.2035714143861277,0.11821853834315366
fixed,D2,D2-138,0.6535737023233642,0.4252710114941133,0.2212516343552039,0.07437326362779913
fixed,D2,D2-139,0.7356992120722768,0.07233829584680673,0.32526140369351775,0.2385411279188383
fixed,D2,D2-140,0.8244920842366878,0.24340867716926917,0.0,0.05948978481877168
fixed,D2,D2-141,0.7155304927363562,0.5977698936748123,0.4275983196699428,0.009837269102361922
fixed,D2,D2-142,0.7128870601670191,0.35480323957701376,0.06439834116148901,0.17139068151933393
fixed,D2,D2-143,0.6084556697236172,0.40281750861651366,0.21392218431829502,0.22862311650408204
fixed,D2,D2-144,0.6463124516061525,0.3917628621447897,0.0,0.034380665065529205
fixed,D2,D2-145,0.7603128351489079,0.38950295765811493,0.1717095656712565,0.13386754853734348
fixed,D2,D2-146,0.7711233309922854,0.19261845183522242,0.30962134266784347,0.09250721071671766
fixed,D2,D2-147,0.7473947027244701,0.2627547091073249,0.2661867483353779,0.18355717475457228
fixed,D2,D2-148,0.7309857376073785,0.37142089629983244,0.37170731051400163,0.09112759351308869
fixed,D2,D2-149,0.7178042442832065,0.30592360184465295,0.3009026554323958,0.13491450726487667
fixed,D2,D2-150,0.6793148431880325,0.5225295910439938,0.2480661496109796,-0.03253838522146893
fixed,D2,D2-151,0.7804023570866827,0.21320651838656235,0.4766558414045301,0.03440061104296204
fixed,D2,D2-152,0.7697994263632687,0.22402138776732738,0.20869631934961674,0.04271234466715472
fixed,D2,D2-153,0.6016317052345642,0.4946396858082931,0.4178392275718007,0.1594563084895383
fixed,D2,D2-154,0.6980624425536477,0.49985660127803366,0.28443919855813304,-0.00025633440637722065
fixed,D2,D2-155,0.7315147520368475,0.20962093549520122,0.13541116627956373,0.2350679292870816
fixed,D2,D2-156,0.7155495798809638,0.3600339976486966,0.4078744678756182,0.2187493446595587
fixed,D2,D2-157,0.7023924443064429,0.40209654217958357,0.4162784421877056,0.16708984890816067
fixed,D2,D2-158,0.7442055344683804,0.420354627056005,0.33474092778896136,0.04900535219546936
fixed,D2,D2-159,0.7638970233484615,0.3470507696799019,0.5414938631212771,0.287044812424087
fixed,D2,D2-160,0.7303214478666091,0.18095213143981081,0.21447476098584695,0.23044902377594884
fixed,D2,D2-161,0.7958614451920984,0.45940578658137055,0.3089096051531979,-0.021191780125513964
fixed,D2,D2-162,0.8160980909553297,0.1531241859888084,0.028464312922880763,0.15660719565466633
fixed,D2,D2-163,0.6802028105577199,0.546782461224764,0.4246626817572593,0.18211552159843805
fixed,D2,D2-164,0.7368882112337822,0.3832199127827638,0.18094532634265847,0.09848966690884638
fixed,D2,D2-165,0.7073608878904669,0.2521875096442604,0.031825351002455426,0.19298771759936056
fixed,D2,D2-166,0.679821215757942,0.4922816936106149,0.3520992546181344,0.06493452139067274
fixed,D2,D2-167,0.6154387337361769,0.492637740206871,0.17858974474630862,0.21460155278447865
fixed,D2,D2-168,0.7441895993665966,0.40616893390136377,0.5168231893130816,0.0692629180670499
fixed,D2,D2-169,0.7562507900878294,0.21911327017668225,0.15156064601935004,0.19083749572646577
fixed,D2,D2-170,0.6607579972418829,0.5390601577215293,0.22746434007663874,-0.002707408655695751
fixed,D2,D2-171,0.6472340502181395,0.4604729543101822,0.12068469833849427,0.09887368287387531
fixed,D2,D2-172,0.6583922443934372,0.5962795565503607,0.3912881401430057,0.1973615489502647
fixed,D2,D2-173,0.7014638060851693,0.6162509646048797,0.4121332155192874,0.21331956231787083
fixed,D2,D2-174,0.7129984081861247,0.43731562668498514,0.09609767916420653,-0.027505313554805323
fixed,D2,D2-175,0.7188903762023601,0.29055306982023343,0.003023124255509657,0.15393220894392204
fixed,D2,D2-176,0.7562694311102636,0.44504646696483086,0.21202792196129772,0.14500237968756768
fixed,D2,D2-177,0.754667036885846,0.3648075558373698,0.23811563784570888,0.16998528736356555
fixed,D2,D2-178,0.7423764930303671,0.11585738547171254,0.3251258967423645,0.2728748246782828
fixed,D2,D2-179,0.6948117412028373,0.3099079451364649,0.24357259015865662,0.1359014943569965
fixed,D2,D2-180,0.7324803494154685,0.08583714843517298,0.0,0.03573667612294882
fixed,D2,D2-181,0.614606609394455,0.36748647031305415,0.0,0.007213915187495614
fixed,D2,D2-182,0.7011335327695665,0.20530910067131414,0.0,0.1114837593224698
fixed,D2,D2-183,0.68947999635616,0.22692174529402043,0.13040966359901018,0.0762329892468826
fixed,D2,D2-184,0.7554911218149749,0.3414740876597746,0.3118916314375004,0.1468330885592329
fixed,D2,D2-185,0.7599233018810899,0.3360050810820602,0.3260675763389941,0.10778303573852595
fixed,D2,D2-186,0.7417774269143186,0.25010529921460045,0.0,-0.0013564148869818862
fixed,D2,D2-187,0.7145146072795787,0.46110355295409844,0.07024759677193004,0.018149787121474515
fixed,D2,D2-188,0.6850091277723992,0.5488058006213986,0.25000043085912826,0.12207317609556641
fixed,D2,D2-189,0.7254702756088658,0.36223160762585616,0.1748493891301014,0.07911823915974922
fixed,D2,D2-190,0.7604939587326637,0.21166760985449806,0.0,0.06946702593242315
fixed,D2,D2-191,0.7392473512779324,0.30285597835911393,0.1420162995882438,0.21467294917655508
fixed,D2,D2-192,0.746710873423998,0.48435610848296107,0.5579155299041039,0.11629252879298808
fixed,D2,D2-193,0.6125044019888841,0.6483576843880627,0.310634231077322,0.14769621776606529
fixed,D2,D2-194,0.772847474465644,0.223668541015549,0.04374595952149252,0.09221789864766387
fixed,D2,D2-195,0.7050173522203322,0.07564176046838211,0.25752248657978993,0.22659633348066452
fixed,D2,D2-196,0.7501206241512289,0.23406782023448502,0.3158340940289267,0.11977656541521922
fixed,D2,D2-197,0.6995194810497092,0.3904100193713892,0.2159343265153033,0.09878456623518073
fixed,D2,D2-198,0.6916140756292597,0.2625282704196533,0.13365598434357728,0.16541130406579124
fixed,D2,D2-199,0.7334053808137033,0.4262163051641197,0.033054153289038934,0.042917273793351224
random,D2,D2-0,0.7704533543093575,0.20103720400757497,0.02597917481431178,-0.39112963164176384
random,D2,D2-1,0.8513303903189015,0.23627360212428705,0.46557959084433365,-0.36664292310284874
random,D2,D2-2,0.674059846778115,0.5383820744587766,0.2722346562197254,0.10271629740678886
random,D2,D2-3,0.810908454527215,0.15943004255940207,0.3311154103785563,0.025963706526452548
random,D2,D2-4,0.872243566084821,0.0,0.0,-0.48046542327124325
random,D2,D2-5,0.8675490210877829,0.17800600724576454,0.18937261387646032,-0.5379624292781786
random,D2,D2-6,0.664115016189348,0.5387819317498106,0.22553485111476035,0.1760194849201952
random,D2,D2-7,0.8100249274929306,0.19414094388474334,0.0019473486183334554,-0.25654957358257097
random,D2,D2-8,0.8727909253853798,0.09899309370364784,0.19678784322020615,-0.48972429273871726
random,D2,D2-9,0.8519412265678225,0.3007993320047281,0.38678064206356655,-0.24457512529054717
random,D2,D2-10,0.6745714243992579,0.6233562376497811,0.26286446576775313,-0.2438909172692705
random,D2,D2-11,0.8780085743707813,0.03734684905084962,0.010481707824922637,-0.3127126732854122
random,D2,D2-12,0.8376482410582674,0.3145477701068762,0.34916733702748715,-0.2547423276946514
random,D2,D2-13,0.8967753460376251,0.0,0.2612789462328293,-0.546368794810554
random,D2,D2-14,0.7693682059532689,0.24139868729650593,0.09878017360358382,0.2383373710987897
random,D2,D2-15,0.8071477209657006,0.06743947014668683,0.2110805864952512,0.12542272899549584
random,D2,D2-16,0.7062315930496366,0.5726929988848048,0.45029631309992435,0.24172124770306544
random,D2,D2-17,0.7630315701626056,0.39639742189655747,0.44037953465756086,0.27224371161546174
random,D2,D2-18,0.7934022072322473,0.3658384758445681,0.1437780777467017,-0.17296028215928969
random,D2,D2-19,0.7017207595620895,0.588400361006781,0.199334856969007,-0.06508152052099987
random,D2,D2-20,0.6782064927568867,0.315229471775866,0.3048932531232963,0.3083387827857191
random,D2,D2-21,0.8603850260562568,0.047064288727350134,0.21098153807664355,-0.2806510271034548
random,D2,D2-22,0.9051219984930077,0.0035774787777083095,0.16251231670130573,-0.6239385441081903
random,D2,D2-23,0.7859533615460464,0.5176798790452294,0.311793877201218,0.009381859590791679
random,D2,D2-24,0.9106109068107634,0.1675934500659183,0.17632328594459823,-0.48211543211176633
random,D2,D2-25,0.8698695884997015,0.0,0.32840773007065427,-0.4658200132246463
random,D2,D2-26,0.893718378887491,0.08078960658167511,0.36918224501915975,-0.5981792583124491
random,D2,D2-27,0.8888841819058141,0.188809581426586,0.3262098065972199,-0.4598761025416486
random,D2,D2-28,0.6159904997574851,0.5609672155338379,0.0,0.22650883423322649
random,D2,D2-29,0.6987874745813669,0.5202081689710776,0.49995842539789703,0.11190581518760717
random,D2,D2-30,0.6553286597967889,0.3311659463267561,0.02776549086030622,-0.03338119989997042
random,D2,D2-31,0.8713169604737769,0.0,0.0,-0.607011023250172
random,D2,D2-32,0.8734820135686171,0.011516777033834136,0.17425935014551608,-0.5164555637049266
random,D2,D2-33,0.895494932280356,0.0,0.22371205182310716,-0.6537378034298197
random,D2,D2-34,0.7662045117052322,0.3312034614915593,0.0,-0.12725308380209333
random,D2,D2-35,0.7284050455183505,0.4392990953303395,0.17157526855116334,0.136637146685755
random,D2,D2-36,0.8608079513665894,0.08962209777509678,0.48076876285156234,-0.4123476962473871
random,D2,D2-37,0.7714343945672623,0.6095090221144652,0.3592012466608726,-0.3619601723310344
random,D2,D2-38,0.8820029381458314,0.06668804501882009,0.19073006493493605,-0.3949726962209496
random,D2,D2-39,0.8753156955938975,0.09731655418409657,0.3158415031593539,-0.6154296960097465
random,D2,D2-40,0.7488700577983911,0.1750119814439175,0.18382478329455054,-0.015540862302033975
random,D2,D2-41,0.8301618704087694,0.10920313835093753,0.19573967021134642,-0.14326702251995727
random,D2,D2-42,0.7573114555460934,0.05940054338869538,0.39054639775452227,0.1466023288070402
random,D2,D2-43,0.8622903524715986,0.2746390668864811,0.36545657331856707,-0.07738285540461372
random,D2,D2-44,0.8198745873264784,0.15699913601150384,0.23626290411713513,-0.06482828062494665
random,D2,D2-45,0.6729242298757854,0.016529058808029573,0.4040999071468876,0.18941740137898036
random,D2,D2-46,0.8925235791031397,0.019003329114646195,0.29978949246217235,-0.3802986260219027
random,D2,D2-47,0.7989137251235795,0.08496409838621055,0.2497501253479355,-0.16336758396839832
random,D2,D2-48,0.6249317875312372,0.5603821219616909,0.17282209962334583,0.2478292300990988
random,D2,D2-49,0.7446485458561246,0.3809076562961873,0.07194727559896896,-0.03359876689108176
random,D2,D2-50,0.8127521192843554,0.2802131627271618,0.19654007201181445,0.05055510464120397
random,D2,D2-51,0.6692793352173954,0.583489764345684,0.27333865789160594,0.3778934263842321
random,D2,D2-52,0.7625876163771782,0.40431288892674844,0.3758093918254589,0.031651606234814306
random,D2,D2-53,0.8485975033128285,0.0,0.002263148278724314,-0.37031875427335104
random,D2,D2-54,0.7251638241308603,0.3736523590799926,0.1739783745379747,-0.23529389312144505
random,D2,D2-55,0.5145768020936149,0.6731278712306923,0.0,0.2826147362322883
random,D2,D2-56,0.8948472039558771,0.051525527394197246,0.012348576304008096,-0.2621195746198142
random,D2,D2-57,0.7071627102540751,0.557143916299252,0.2609310423067349,-0.2854270354720016
random,D2,D2-58,0.7479927847215576,0.1906751519190757,0.1932119613865303,0.1726633229258355
random,D2,D2-59,0.76542447171934,0.12997918108311723,0.0,0.14740185794174537
random,D2,D2-60,0.8506774067252746,0.16750300939904583,0.2934953351551127,-0.22552951363756654
random,D2,D2-61,0.8574579298810082,0.20222292722776802,0.24267608496199122,-0.1819338324318838
random,D2,D2-62,0.9066002741354342,0.058297017568698095,0.33283608163007494,-0.5395612481515522
random,D2,D2-63,0.9100490992501635,0.061901024352534306,0.33958025085653654,-0.5203921238193607
random,D2,D2-64,0.7271212805597612,0.32015056241059714,0.20504352460022401,0.2635134177354316
random,D2,D2-65,0.6582158380734616,0.021395532170056852,0.047423371891679555,0.2291374949873738
random,D2,D2-66,0.7273146306486896,0.3219121399339008,0.3631116074173468,0.27330684391169735
random,D2,D2-67,0.7287232156164666,0.32570897531520115,0.08439183352614321,0.2019837524826443
random,D2,D2-68,0.8107530556133724,0.3004007658849188,0.24460370944207732,-0.4697800257741514
random,D2,D2-69,0.837086438420526,0.2507083424426193,0.19819875975480716,-0.31956663012324443
random,D2,D2-70,0.918226084795097,0.17742626176795728,0.3177472785661609,-0.49368701868499865
random,D2,D2-71,0.8698667147430557,0.00506448824178185,0.2062829052521269,-0.546268361995165
random,D2,D2-72,0.8393567399517563,0.12844744287939702,0.1293884027416924,-0.1708679083295548
random,D2,D2-73,0.7843400792047746,0.27771981231160414,0.29180754767665873,-0.22209861869269346
random,D2,D2-74,0.8873741781910727,0.0620738182607764,0.0,-0.33594464419688047
random,D2,D2-75,0.7491658420698427,0.06539826012578742,0.0,0.17074308453812384
random,D2,D2-76,0.7742457753555448,0.2034639105888456,0.11361137103236596,-0.20019053552371036
random,D2,D2-77,0.7522010295784907,0.10584488224228827,0.20041547867270637,0.10779621225242121
random,D2,D2-78,0.7911300110954415,0.2082363013067804,0.19018989122000796,0.2034760472287749
random,D2,D2-79,0.5192881572926382,0.812075222446471,0.3979792971297491,0.23047568231250173
random,D2,D2-80,0.8685139059555063,0.1877549674561514,0.15320027506143052,-0.3992282705560032
random,D2,D2-81,0.8770647635510337,0.07608048840437753,0.18585826469724953,-0.21598772898268367
random,D2,D2-82,0.8342522052072971,0.0012523825638612873,0.0,-0.32891418415675355
random,D2,D2-83,0.8939273971195075,0.07376995817949183,0.1140046693489234,-0.4637213287906297
random,D2,D2-84,0.8741343998551628,0.17643301977591264,0.2762657468612063,-0.4296558634089707
random,D2,D2-85,0.7497037102835907,0.0,0.3271066673542492,0.16729724462278978
random,D2,D2-86,0.627609848765037,0.7114347313364353,0.4294652630849577,0.1785565825663217
random,D2,D2-87,0.7939545378956426,0.34468316879033634,0.17220153257147497,-0.2156632794215108
random,D2,D2-88,0.7828924152788331,0.24186656632074532,0.14832487626751467,-0.10244717534510087
random,D2,D2-89,0.6714904884467826,0.4582520294007528,0.03250891520313104,0.1944025791807992
random,D2,D2-90,0.7971399643690581,0.2567947836347918,0.169361056903633,-0.17025690404192656
random,D2,D2-91,0.8079431673802598,0.1396527299764032,0.3361949896868771,0.05390618544361943
random,D2,D2-92,0.7600869243570679,0.3139121264315303,0.0,-0.14633757987295254
random,D2,D2-93,0.908483801495462,0.015186318772430596,0.14539935620418587,-0.4564048919114405
random,D2,D2-94,0.8870800526338977,0.09432957984997303,0.21932130829213858,-0.4868150558463497
random,D2,D2-95,0.7062732817729731,0.5345307652736921,0.1072160089263684,-0.14062328837354002
random,D2,D2-96,0.850136899548969,0.2406724326638039,0.21627512744489696,-0.1400244187691127
random,D2,D2-97,0.8907692067382637,0.24351863052565403,0.312940054795517,-0.4350076154906474
random,D2,D2-98,0.7949485204536072,0.3263340779375504,0.14960747989441414,0.10243830716675718
random,D2,D2-99,0.7450680196781134,0.11323672730114076,0.24806551328821536,0.17440222042992648
fixed,D3,D3-0,0.5135241562286533,0.9435377359385393,0.0,0.5941131217918707
fixed,D3,D3-1,0.24075069707877708,0.9799642260376517,0.014857473881636496,0.6387172726238709
fixed,D3,D3-2,0.49326434637566996,0.9104521168511912,0.025748503265747624,0.5922133450505465
fixed,D3,D3-3,0.421331060998932,0.7389130129703285,0.05542034376872984,0.5776736332138703
fixed,D3,D3-4,0.42460184377232707,0.9749151461055741,0.006823147317440048,0.6410246374274163
fixed,D3,D3-5,0.26174118512037114,0.9505084750025927,0.11017615295349936,0.6291938009562997
fixed,D3,D3-6,0.31016910455195734,0.9743283781213307,0.09083439036305851,0.6570891805844791
fixed,D3,D3-7,0.44910580567634495,0.8515249847067394,0.02154387929598134,0.6549386529792028
fixed,D3,D3-8,0.3306731162010464,0.8523450103849063,0.0,0.6804930799883324
fixed,D3,D3-9,0.33615991106561777,0.8301539512957843,0.0,0.6563826986124078
fixed,D3,D3-10,0.22878966038940077,0.8816648332945056,0.17215393194609596,0.6430965041563524
fixed,D3,D3-11,0.5404938193736242,0.9619703046187438,0.1422753121977507,0.7136161605647939
fixed,D3,D3-12,0.615518500934471,0.862128370929554,0.0,0.5930125637677124
fixed,D3,D3-13,0.3418762191456543,0.8432090099728637,0.09924175841987604,0.6558947410338388
fixed,D3,D3-14,0.32871370749598094,0.9645068547412082,0.39236358574457875,0.5768566978779676
fixed,D3,D3-15,0.43658664863551994,0.9892609553588683,0.29441599694605314,0.6662232573718259
fixed,D3,D3-16,0.3378520604283299,0.9936560224100409,0.0,0.5358288177618546
fixed,D3,D3-17,0.2926226606512195,0.9763640439790131,0.0,0.6803008514946425
fixed,D3,D3-18,0.35932372038610316,0.8823441507722658,0.0,0.6445303451837734
fixed,D3,D3-19,0.39662241006624066,0.9908402288284939,0.2221864675996179,0.6274500569771274
fixed,D3,D3-20,0.3066106696937722,0.9854706146484307,0.09983424914150452,0.5958561839367027
fixed,D3,D3-21,0.3668542323669677,0.974053969261421,0.02510554658751052,0.5697752964885914
fixed,D3,D3-22,0.2426553100117762,0.9511556299136312,0.0092893664053596,0.5863177148599139
fixed,D3,D3-23,0.24292950662166993,0.931248803323829,0.009560155865387387,0.6296379485180074
fixed,D3,D3-24,0.40182850447192636,0.9584128372505679,0.21154651923459644,0.5073098689899143
fixed,D3,D3-25,0.47341720076021104,0.9669736651311629,0.18651724707970596,0.6364757264016327
fixed,D3,D3-26,0.4675912252457409,0.9566267190496845,0.40115950007951595,0.5588343773091461
fixed,D3,D3-27,0.36847783392256894,0.9838015502317435,0.0,0.622089215019601
fixed,D3,D3-28,0.5277767881153738,0.9419926112745759,0.13580593975434063,0.5626085871288579
fixed,D3,D3-29,0.3028266660115631,0.9733493392239749,0.0,0.5299731283924846
fixed,D3,D3-30,0.3016761159110827,0.8649242635793598,0.0,0.6430013707340174
fixed,D3,D3-31,0.5607491553204618,0.8496681955306837,0.0,0.6557519915536316
fixed,D3,D3-32,0.28606121485044583,0.8646452078421333,0.0,0.5993632223142383
fixed,D3,D3-33,0.23652159231376746,0.992467409071536,0.25057296692273134,0.6159353849537537
fixed,D3,D3-34,0.386819866793741,0.9272184989397095,0.2942343762536368,0.6453030396844833
fixed,D3,D3-35,0.4400907672643397,0.5013468016005802,0.045999208333247554,0.667152569429302
fixed,D3,D3-36,0.47813131375964063,0.6074179131955578,0.0737462307632828,0.45260049745606423
fixed,D3,D3-37,0.32639711834669466,0.9512443279208594,0.0,0.7148466578998905
fixed,D3,D3-38,0.25089309332335213,0.9299366970829585,0.03792853458905565,0.6040720383585377
fixed,D3,D3-39,0.4122596857893536,0.8952768438039467,0.0,0.5938803633078239
fixed,D3,D3-40,0.42270636021929053,0.7470869532725215,0.11238252293279827,0.4971076045785293
fixed,D3,D3-41,0.4541599430994729,0.8740851561052071,0.17766704835848057,0.7218658900185251
fixed,D3,D3-42,0.2726634988354531,0.9459276055138736,0.0,0.6722903634653683
fixed,D3,D3-43,0.31865200208097993,0.8504294432823839,0.0,0.7723478198180321
fixed,D3,D3-44,0.11739130831285749,0.9840253165948449,0.28486014566131834,0.7069193367508407
fixed,D3,D3-45,0.4079130554163573,0.858089273166755,0.35278578842444375,0.6339937462187709
fixed,D3,D3-46,0.5292359780062588,0.7467901906698112,0.0,0.615207795058039
fixed,D3,D3-47,0.29216618767020447,0.7987128972234108,0.0,0.7228463890434964
fixed,D3,D3-48,0.5129066966497731,0.8037015689022735,0.25352811212630977,0.533050398312509
fixed,D3,D3-49,0.4630559279157946,0.7070488225583036,0.00703221998445791,0.6557103090519257
fixed,D3,D3-50,0.48087718078162867,0.8255948166996327,0.3128734993113519,0.5460052534140173
fixed,D3,D3-51,0.41466303778149016,0.9731427024745419,0.26825041720991927,0.6271873180416391
fixed,D3,D3-52,0.4466150575253165,0.9136904060887407,0.035378075249353436,0.48379514171158433
fixed,D3,D3-53,0.4532003038929103,0.9890303421071968,0.5660353455846447,0.5367496837884717
fixed,D3,D3-54,0.2135398017531013,0.9660064014880287,0.2639185042045884,0.6291769560217728
fixed,D3,D3-55,0.5024427975185681,0.8915981538033085,0.3325942282990456,0.6859796433735541
fixed,D3,D3-56,0.4333020901621504,0.9346002383969595,0.07028216973601675,0.6909732183345674
fixed,D3,D3-57,0.44257436122645544,0.9213633706378817,0.29965298117155226,0.5899648724108422
fixed,D3,D3-58,0.3188817589588024,0.9663031944153526,0.14824455318621688,0.7275810154383995
fixed,D3,D3-59,0.34141531680502823,0.9557083733249625,0.2165542370275545,0.7328874894457552
fixed,D3,D3-60,0.4051248596893784,0.9088261651764393,0.0,0.7030306134772752
fixed,D3,D3-61,0.27642342064479897,0.7699601172737022,0.0,0.6262076254745012
fixed,D3,D3-62,0.5431430690310227,0.6701982128488013,0.0,0.724046616435081
fixed,D3,D3-63,0.31697965043747345,0.9274658198320469,0.18901967264149777,0.6612337963587086
fixed,D3,D3-64,0.3767465330880498,0.9294161374356579,0.0,0.5510438929402632
fixed,D3,D3-65,0.11241645276396668,0.9744382441888777,0.040355784963791996,0.6258222366535277
fixed,D3,D3-66,0.307625757685605,0.8912989684046717,0.054130846125277965,0.7129031462579416
fixed,D3,D3-67,0.3579371192572287,0.9411810233922876,0.30529786368065226,0.6342591452462445
fixed,D3,D3-68,0.4401516612154714,0.976834205149523,0.1949171764408062,0.6595759583259491
fixed,D3,D3-69,0.5475992104438429,0.806783795162153,0.0,0.4995732429070869
fixed,D3,D3-70,0.5917579966927297,0.8830953831408953,0.18835326999325175,0.6608730680665039
fixed,D3,D3-71,0.32205519691670026,0.9907465961514289,0.1232562393820924,0.5879932633050777
fixed,D3,D3-72,0.30262422642234416,0.8407542326281229,0.0,0.5789671477449436
fixed,D3,D3-73,0.43688698931771497,0.7469268436565835,0.02459160607562494,0.6790737313048548
fixed,D3,D3-74,0.4461969172914356,0.4470341925837381,0.0,0.6718307567646603
fixed,D3,D3-75,0.5235592954428878,0.883092825146787,0.005570946813870603,0.5764446624866371
fixed,D3,D3-76,0.5741920272496269,0.7733096185103318,0.04487724043912378,0.655497551367187
fixed,D3,D3-77,0.469238042687765,0.8266168362939961,0.10153596773910922,0.5306952745131125
fixed,D3,D3-78,0.5316233279739884,0.9356485160638891,0.0,0.4576541103504437
fixed,D3,D3-79,0.21244898699266979,0.9239765937293947,0.018246598509006784,0.5689806859512175
fixed,D3,D3-80,0.22383593651035744,0.889203196494983,0.020000659163851187,0.7125149706657001
fixed,D3,D3-81,0.30632489944000857,0.9701549569559932,0.0,0.6310901893854766
fixed,D3,D3-82,0.42436894661447644,0.9758658741741559,0.3232644479372606,0.5323783580803018
fixed,D3,D3-83,0.3607097012677248,0.9714707553198652,0.0,0.6211080527778229
fixed,D3,D3-84,0.39126217517047346,0.9555908115591077,0.43616816557347704,0.7006085806642113
fixed,D3,D3-85,0.12838374607350317,0.9535542009546073,0.012907659023848606,0.7281043621683823
fixed,D3,D3-86,0.38995044452231864,0.8312276629649183,0.01613780578658608,0.6936653019229413
fixed,D3,D3-87,0.22679143267161156,0.9693236440153329,0.17919938851115091,0.6550621933565451
fixed,D3,D3-88,0.18579578557993628,0.9608940952809073,0.16222629284431966,0.6568123271547961
fixed,D3,D3-89,0.3711675221410953,0.8910128179065825,0.0,0.6400398459511694
fixed,D3,D3-90,0.43374469294675255,0.9769281272103367,0.08186768454270388,0.5237186586902827
fixed,D3,D3-91,0.37218932831838286,0.8911012949519215,0.4268837805417469,0.6564536466339306
fixed,D3,D3-92,0.3716311774669613,0.9747885290377507,0.0,0.5801171423286247
fixed,D3,D3-93,0.22467786741904808,0.9492349590227706,0.0,0.5914068279836044
fixed,D3,D3-94,0.2305959657500123,0.9717494523570868,0.008830220946369982,0.6677206619638063
fixed,D3,D3-95,0.3792515323066133,0.8446216808536267,0.11007658210799143,0.6216091567959225
fixed,D3,D3-96,0.30051936459450684,0.9069563229704452,0.11495544868921037,0.5539728034032516
fixed,D3,D3-97,0.43388157987012654,0.9070193026875523,0.033663988806051814,0.6907487886845262
fixed,D3,D3-98,0.3332337441398179,0.6527495279488174,0.0,0.6285836709755559
fixed,D3,D3-99,0.43699373984009693,0.9069176062220128,0.2613895005696725,0.7116883114677502
fixed,D3,D3-100,0.3185574796601285,0.9139247496535752,0.08614280476767922,0.5548994495791727
fixed,D3,D3-101,0.4084450905115675,0.910703510159903,0.0,0.5948607626451392
fixed,D3,D3-102,0.44861995940269944,0.5805223735617031,0.10828433951255689,0.7257671928128565
fixed,D3,D3-103,0.47166106984028594,0.9818392271505583,0.3734950501423029,0.6251071265218014
fixed,D3,D3-104,0.47438982879953384,0.9652550993326139,0.2747449513933906,0.6081736990657046
fixed,D3,D3-105,0.4505278094666814,0.7077102402887593,0.07203476425287747,0.6459578955338858
fixed,D3,D3-106,0.33880630333649137,0.9339522150031264,0.0,0.5206995206247296
fixed,D3,D3-107,0.316367021234096,0.9169534279964195,0.0,0.6196541305278994
fixed,D3,D3-108,0.382631340550474,0.9601128188028023,0.024661297317404074,0.574786566180243
fixed,D3,D3-109,0.241190967953744,0.8777402373936037,0.0,0.689504244969914
fixed,D3,D3-110,0.24858625342347357,0.9365816155043265,0.0,0.5595265113317811
fixed,D3,D3-111,0.34523641851303105,0.9157970152389563,0.22237718809393703,0.6911641584263288
fixed,D3,D3-112,0.24327001312811938,0.8789172137896304,0.0,0.5288687939084769
fixed,D3,D3-113,0.5921408172973361,0.9520017624619133,0.24304515555023765,0.6050185088132123
fixed,D3,D3-114,0.34128945941099365,0.8904376350454893,0.0,0.5959735175676979
fixed,D3,D3-115,0.5340228103647778,0.8860289098310821,0.010458718152271729,0.6854979660303968
fixed,D3,D3-116,0.4285515628345699,0.976161406112862,0.1594437152723962,0.5958499342357825
fixed,D3,D3-117,0.3837914592605705,0.7245509012729197,0.24834498899041557,0.6994214237900398
fixed,D3,D3-118,0.13690352511722365,0.9729943263387104,0.3117913148906204,0.6738516136290267
fixed,D3,D3-119,0.36650611125858645,0.9602770322760517,0.11244659461512363,0.7540014073341086
fixed,D3,D3-120,0.2452265295076126,0.9055502070177137,0.011543376370747316,0.6616979326642543
fixed,D3,D3-121,0.22553763912614327,0.9126306841712528,0.09534851920624887,0.6996487570716658
fixed,D3,D3-122,0.5560170749762448,0.6712928316275015,0.0,0.6811710451640764
fixed,D3,D3-123,0.45996836661099044,0.7969483869351643,0.07329581517807449,0.5686859773257363
fixed,D3,D3-124,0.27756386974358804,0.8857524397888189,0.0,0.6488130683569364
fixed,D3,D3-125,0.31110042487828976,0.9315990499381201,0.3936636218105455,0.6502250808390526
fixed,D3,D3-126,0.1994894618727436,0.9444944370174368,0.024281647939407236,0.7478581055262985
fixed,D3,D3-127,0.3610173813559205,0.8640795402042415,0.1805894063556105,0.7046757360578372
fixed,D3,D3-128,0.21498233666210584,0.9436814082022179,0.0,0.7002755010514267
fixed,D3,D3-129,0.2168786948984363,0.9243312277816225,0.08155175766442502,0.6901506829154457
fixed,D3,D3-130,0.5133653203007105,0.9750867652913812,0.09395806272338991,0.6144945892937322
fixed,D3,D3-131,0.45636342383719086,0.9824224589292071,0.05615703337656752,0.6432184774995546
fixed,D3,D3-132,0.21608651585679262,0.9806483677424144,0.24773385070417298,0.5845818144820889
fixed,D3,D3-133,0.5429929619719204,0.9727164838936925,0.1073574545916498,0.5798994497685246
fixed,D3,D3-134,0.41614647583298303,0.8900311558701007,0.259104126956192,0.3571825821860895
fixed,D3,D3-135,0.5614305512616722,0.8832773608949479,0.2865705754847413,0.5759748808274985
fixed,D3,D3-136,0.5455586682870165,0.8746810918071539,0.0,0.69035641890437
fixed,D3,D3-137,0.3902565046353861,0.9933520815266789,0.43749285697671325,0.5393007403917875
fixed,D3,D3-138,0.4306705394115047,0.7111992156799969,0.05282297637191102,0.603692288997906
fixed,D3,D3-139,0.139921772817447,0.9753013013504508,0.12841638145238754,0.6779522589066486
fixed,D3,D3-140,0.2682458725968333,0.8300592969329657,0.0,0.634666716552973
fixed,D3,D3-141,0.37496648001034144,0.949627685480166,0.0,0.6389333109572387
fixed,D3,D3-142,0.1378139115229667,0.960252623145842,0.12056652053890304,0.594781678610738
fixed,D3,D3-143,0.4182172607984857,0.9207259589806265,0.03794706038688911,0.631269769667226
fixed,D3,D3-144,0.4700848424287525,0.9338065434220288,0.17937868497664655,0.6782272130427732
fixed,D3,D3-145,0.44324741312676047,0.966093077077023,0.08898745810180464,0.6492136226881211
fixed,D3,D3-146,0.38951784924424526,0.9826884996271279,0.2940613498204123,0.6124202371202054
fixed,D3,D3-147,0.4421960082689729,0.9940954854240803,0.0,0.48936501583565784
fixed,D3,D3-148,0.5266395534396988,0.9322002419511,0.3021927531398143,0.6353869905872445
fixed,D3,D3-149,0.24553793829434528,0.972758343522573,0.24480059669969678,0.6133832112825313
fixed,D3,D3-150,0.4769958781480222,0.990510694847604,0.2962276673457004,0.5937404632925974
fixed,D3,D3-151,0.18774629355119166,0.9224762647689656,0.30664740396657697,0.6982432356632412
fixed,D3,D3-152,0.4324099977931171,0.983316514367385,0.08906967268812116,0.68102610282851
fixed,D3,D3-153,0.5358637986272852,0.8698923145052999,0.2519169203828222,0.7025689236693118
fixed,D3,D3-154,0.2586291918849611,0.8537844821452076,0.2902489196920067,0.5605813504127743
fixed,D3,D3-155,0.41445886667188997,0.9342730979275834,0.0,0.7622189345729831
fixed,D3,D3-156,0.5254100219756214,0.7860848125399531,0.0,0.7765562596363305
fixed,D3,D3-157,0.40108628958860354,0.9844071276222265,0.21839646864909068,0.6740495715472509
fixed,D3,D3-158,0.519449794769187,0.8917853584145969,0.0,0.5183060169347884
fixed,D3,D3-159,0.4014362881773008,0.930857466704351,0.060987158219648396,0.7182642832759448
fixed,D3,D3-160,0.47889831371270103,0.7545659978104025,0.0,0.6993379518460758
fixed,D3,D3-161,0.4301337940602796,0.9252729952429722,0.24622993895407475,0.6365284180185705
fixed,D3,D3-162,0.16863690150419536,0.9585166317644518,0.025673527347151337,0.6403837064344239
fixed,D3,D3-163,0.4803483174474123,0.7724282498619627,0.253776553971499,0.6965342016787524
fixed,D3,D3-164,0.43597290788389126,0.8773949499773834,0.1768495592204874,0.5829362865995431
fixed,D3,D3-165,0.3297839158843155,0.9462570785419959,0.35864371347932444,0.63333639024685
fixed,D3,D3-166,0.1776880910060203,0.9688950348547943,0.04162664648861303,0.6655333739745265
fixed,D3,D3-167,0.35979977261747476,0.859361665089456,0.021427668944374756,0.7069843664740068
fixed,D3,D3-168,0.5720291820341616,0.961009263512966,0.30308769712599415,0.5350237585493196
fixed,D3,D3-169,0.29984959040447456,0.8217362610862122,0.0,0.717822236371016
fixed,D3,D3-170,0.4713951407696598,0.9367729723353795,0.0,0.69453041556153
fixed,D3,D3-171,0.44629819385443803,0.9240304805433355,0.0,0.6625534200033375
fixed,D3,D3-172,0.36139337639290353,0.721683889363768,0.0,0.6115828110023794
fixed,D3,D3-173,0.3356858484691977,0.9526646504376614,0.0,0.5976245643687015
fixed,D3,D3-174,0.4539823383958507,0.8663239818362838,0.04528799324219468,0.6254737016751186
fixed,D3,D3-175,0.38124634906964655,0.9418507436153573,0.2545990589280288,0.58558166859699
fixed,D3,D3-176,0.26507493701391815,0.9519612232960837,0.3053835564881986,0.5995779222707496
fixed,D3,D3-177,0.34264949241437437,0.8271018806385243,0.0,0.6762992357133407
fixed,D3,D3-178,0.2833384120664193,0.9028672470946095,0.16414226338074067,0.6579825186870136
fixed,D3,D3-179,0.3281019629107395,0.8717685038802546,0.17108621890384845,0.6593465161088515
fixed,D3,D3-180,0.4040469651192293,0.9166939155434267,0.14959633829570196,0.6281151766435814
fixed,D3,D3-181,0.20405565951722057,0.9208820091933995,0.0,0.6397991728387458
fixed,D3,D3-182,0.38293432640455627,0.9514064813772634,0.24036708677783047,0.62260289862689
fixed,D3,D3-183,0.23836889506444583,0.9608140537037764,0.10251602779915725,0.6034516632527208
fixed,D3,D3-184,0.4646555434456008,0.9614943480624115,0.32550954615046823,0.5810089425231584
fixed,D3,D3-185,0.2114938545996114,0.9371779522672841,0.2811055957909856,0.6378482267353534
fixed,D3,D3-186,0.30234416591937496,0.9423480079060487,0.31449342802499103,0.7026923024828596
fixed,D3,D3-187,0.24720753632002276,0.9712361788256387,0.09195740479027636,0.7251069703135372
fixed,D3,D3-188,0.5093353844704138,0.6928945721589352,0.0,0.6808164382635392
fixed,D3,D3-189,0.3508967313242039,0.9907402280883023,0.23690047868684339,0.6212396177549488
fixed,D3,D3-190,0.3860449260808899,0.9475061551353298,0.0,0.690091951638071
fixed,D3,D3-191,0.31604721782716166,0.8504580491259909,0.11336647231045083,0.6089186912646357
fixed,D3,D3-192,0.2933844620074981,0.9257002685716684,0.28727528835232286,0.6852619236684968
fixed,D3,D3-193,0.30492138597355445,0.9256879779640381,0.041357906702715774,0.7528463836256016
fixed,D3,D3-194,0.3333582295644544,0.9282340435714357,0.14844982868164103,0.6498459579669618
fixed,D3,D3-195,0.32039557959459136,0.9789511882136351,0.0,0.7384081067672172
fixed,D3,D3-196,0.3075184964444169,0.7998334279205357,0.0,0.6960739468414608
fixed,D3,D3-197,0.2974635234851172,0.8899051621512375,0.0,0.7198050788618514
fixed,D3,D3-198,0.24414118727368883,0.9332849292257013,0.010551049117022537,0.6418459612021844
fixed,D3,D3-199,0.43240058870543946,0.7058206099166691,0.0,0.7268218275578019
random,D3,D3-0,0.20501339987917758,0.935719761594067,0.2692311120037949,0.3671545350715698
random,D3,D3-1,0.6447471118531598,0.47401385014584796,0.0,0.13295241581160003
random,D3,D3-2,0.6702910289015929,0.2441830819025511,0.028381272847219696,0.10445145597882617
random,D3,D3-3,0.3984419011396091,0.9735759617728685,0.3132543753674649,-0.6974618663671192
random,D3,D3-4,0.5510682747039924,0.7447688539844346,0.19296439376912156,-0.5209366420909258
random,D3,D3-5,0.3589952883721497,0.9767254405289609,0.021580787920238875,-0.5716316168194464
random,D3,D3-6,0.4167237268837297,0.9459596124363583,0.08853793775978358,-0.04728303393509509
random,D3,D3-7,0.284622435752257,0.8935724479803178,0.0,0.8131942427725727
random,D3,D3-8,0.3080179790890874,0.9023187225026054,0.0,0.6620797469151206
random,D3,D3-9,0.49418412876497747,0.7478985926212336,0.021572714672263738,-0.3552136226201424
random,D3,D3-10,0.39669558336354693,0.9916224645087358,0.39827071032823247,0.3645529210517247
random,D3,D3-11,0.4159153944679419,0.9202207013964896,0.029943460151086843,0.6811164800074845
random,D3,D3-12,0.27495403195122653,0.9370698290811978,0.2728639475949999,0.5105818958130414
random,D3,D3-13,0.21218610820293293,0.9115950537231097,0.0,0.6776273656390515
random,D3,D3-14,0.5073939888547307,0.974579345396945,0.234090573566493,-0.13561286773742434
random,D3,D3-15,0.5032409596041145,0.9779291215450343,0.22942115766540427,0.05266769841980794
random,D3,D3-16,0.12167605261024977,0.9550009569387926,0.27392588723349665,0.3615634405634724
random,D3,D3-17,0.5111944611772844,0.6753243062811223,0.0294108514564847,0.7176535053010169
random,D3,D3-18,0.39274569295182227,0.9781459941259177,0.07281450009643975,-0.018377730363660714
random,D3,D3-19,0.5139374864189801,0.7675243527367145,0.0,-0.07531627746155678
random,D3,D3-20,0.4201111169924638,0.7581641640230817,0.11947909397929302,-0.02047790994813622
random,D3,D3-21,0.5244095548588976,0.9195530465512421,0.3435929520210954,0.2498832071116913
random,D3,D3-22,0.6105401059244253,0.6875306913922739,0.009385736234412634,0.03365469776523554
random,D3,D3-23,0.333635514797527,0.94407314020516,0.0,0.3705125436019162
random,D3,D3-24,0.27334179611684734,0.895425496764502,0.13892736548589313,0.3025675465835219
random,D3,D3-25,0.373699307740878,0.9876967998495634,0.2816794960120682,-0.43710569405456545
random,D3,D3-26,0.3574431073567406,0.9691028231194796,0.030966629614194385,-0.12142717259894575
random,D3,D3-27,0.33449358281338887,0.9375920972481193,0.053371191432532106,-0.12359749078440486
random,D3,D3-28,0.60127233244615,0.893571253805301,0.5075357698479528,-0.4293872917819063
random,D3,D3-29,0.40990340782918716,0.9164371886187639,0.18810037591716033,0.12445534189516054
random,D3,D3-30,0.45037912709104594,0.9810905206893692,0.2082938808028939,-0.4566828736723157
random,D3,D3-31,0.3408679174902633,0.7536767510792814,0.0,0.7492593054373936
random,D3,D3-32,0.4451911190143125,0.954463012608205,0.0,0.30928421841241405
random,D3,D3-33,0.39956567971293,0.975553653440389,0.0,-0.335699906153278
random,D3,D3-34,0.5147991018598763,0.8735585543523856,0.24780233927136985,-0.08293721579839194
random,D3,D3-35,0.3587117406998281,0.9210648386024982,0.24921818090815973,0.12156569663012884
random,D3,D3-36,0.4249279304135342,0.7259190374943327,0.0,0.1830007173162356
random,D3,D3-37,0.38060081686695874,0.8527091452385247,0.01774389884224592,0.5436981901422534
random,D3,D3-38,0.5409463384628199,0.8236140077134306,0.3727808669715028,0.08844954250750546
random,D3,D3-39,0.579904704286913,0.7791267544712737,0.3802060083733424,-0.2636148515567746
random,D3,D3-40,0.26085441461734354,0.9294482309699051,0.16500959680497407,0.22289822172691162
random,D3,D3-41,0.24578311910007372,0.9496042067379028,0.11808433246591166,0.13892582946639795
random,D3,D3-42,0.3277280455505939,0.9699374351085454,0.010604199561207728,0.3671676600664975
random,D3,D3-43,0.46506122629831986,0.8493427658906982,0.18147180708325594,-0.42875199273492015
random,D3,D3-44,0.29377615998380746,0.8977867330345387,0.1794053495138127,0.6585600743358082
random,D3,D3-45,0.43513729332682394,0.7188751100451207,0.0,0.5227743433284398
random,D3,D3-46,0.45051245386434,0.9151626659931905,0.0,0.05713729609876038
random,D3,D3-47,0.39132324899622317,0.909290111338273,0.2747230585566397,-0.157621149725712
random,D3,D3-48,0.42813894081984644,0.9289738797342586,0.0,0.06832437895971687
random,D3,D3-49,0.29223267388026153,0.9703137683939025,0.2844476333689727,-0.5131728254800956
random,D3,D3-50,0.4966701156288751,0.9403332416391927,0.29344934161994696,-0.021309649312874348
random,D3,D3-51,0.42254024725454753,0.9155378545347861,0.0,0.3685984155533983
random,D3,D3-52,0.86574888318334,0.42285976331153896,0.20637503409992153,-0.5517623516206401
random,D3,D3-53,0.4958349010376612,0.7684579085047195,0.20956148609982772,0.10908139951131123
random,D3,D3-54,0.48405826909708105,0.7632931932946835,0.0006557630707518802,0.42994410159195334
random,D3,D3-55,0.45170539610640364,0.914414221689742,0.010180411353311158,0.7311527754864025
random,D3,D3-56,0.37075345495111045,0.926486075273917,0.0341463459197171,-0.16933931030097457
random,D3,D3-57,0.3335928549983479,0.848806499223769,0.06848092081934298,0.47940384134422553
random,D3,D3-58,0.4029994449578826,0.9460093995437612,0.12374404032376529,0.7016054910210364
random,D3,D3-59,0.42838239075172113,0.9243687665731453,0.07953046399357089,0.4396409878589791
random,D3,D3-60,0.3562434967266049,0.9703033320449294,0.22883028495312385,0.3972378856426007
random,D3,D3-61,0.309396218710688,0.9731805625877044,0.0,0.7996530480245639
random,D3,D3-62,0.4733286226707009,0.9721256567765931,0.08808486577274688,-0.03284986570899251
random,D3,D3-63,0.3119850559971883,0.9794363981070364,0.14336999940017292,0.19049066864969344
random,D3,D3-64,0.4127575215337447,0.7421537647565635,0.0,0.6489053656130428
random,D3,D3-65,0.5704518843589028,0.7985296363139547,0.055738226900079235,0.31225441802774573
random,D3,D3-66,0.34741264372441205,0.9150912419998913,0.01686603531173403,0.5395777291855226
random,D3,D3-67,0.5135813263619272,0.9686097771443574,0.3243304146861823,-0.04226585463035208
random,D3,D3-68,0.5494852180938777,0.8739448697001957,0.1922474143991455,-0.5825891658462198
random,D3,D3-69,0.36396901218655925,0.9838972693199143,0.10260315075612081,0.45517965632038837
random,D3,D3-70,0.4023672322941821,0.7628845655549095,0.059358964196771224,0.14090939016815768
random,D3,D3-71,0.4566112551868661,0.8507359826202778,0.0037180730079539037,-0.031725152873207124
random,D3,D3-72,0.27772114945829546,0.9839444385255256,0.07765493727635908,0.50995622769176
random,D3,D3-73,0.4350449233680148,0.6996620880304671,0.06439461226808918,0.44214148159582356
random,D3,D3-74,0.26731248645875855,0.9241983414416853,0.17748364632471403,0.7099120861327436
random,D3,D3-75,0.6421315331287446,0.7175440910072246,0.07420713324355621,-0.5341517696027811
random,D3,D3-76,0.18004534589385338,0.9701616750218579,0.1698729333094502,0.1253891677156122
random,D3,D3-77,0.3920635242042232,0.9670647173645404,0.30809855183414103,-0.1976487940529285
random,D3,D3-78,0.21482572029504554,0.9529711697390434,0.28364416313486995,0.5364626800322636
random,D3,D3-79,0.34974442020438695,0.98293857049896,0.03895899944578152,0.751777551530736
random,D3,D3-80,0.2581415424637809,0.9269898773168654,0.14948787820199771,0.025811330225751022
random,D3,D3-81,0.5747104817879847,0.5154699297302798,0.03832564123242488,0.6461796824574444
random,D3,D3-82,0.32537974188003227,0.936553199137629,0.0479785274707526,-0.4630630147118937
random,D3,D3-83,0.4267615925686087,0.9670618870156799,0.3181350382256579,0.8021122766853601
random,D3,D3-84,0.4562140039841837,0.9138541171464355,0.3546919531152247,0.29076620009232074
random,D3,D3-85,0.6570918682795347,0.7287759509976854,0.2582861734043347,-0.5204099180783659
random,D3,D3-86,0.1957968583401015,0.9124871034109002,0.0,0.05237636870128044
random,D3,D3-87,0.22420207112305396,0.9845882468855345,0.001019726267291854,-0.08944678104400593
random,D3,D3-88,0.4001628080363604,0.9674251896755105,0.11367132963309368,0.20869540395873837
random,D3,D3-89,0.5621227798265179,0.8773820524943903,0.2430721509540963,-0.31689596101959533
random,D3,D3-90,0.5185901461954844,0.945864074465681,0.21778302301508068,-0.06671183478197779
random,D3,D3-91,0.44271787009504254,0.9375726718288188,0.25609706623734996,-0.35739052849179914
random,D3,D3-92,0.31855825008528144,0.9895043197299466,0.08697291404161467,-0.30835069249601993
random,D3,D3-93,0.5749554361787931,0.8977167963675812,0.09824999011494828,-0.04832950656544975
random,D3,D3-94,0.37275192094592247,0.8843575367519827,0.0,0.21936556860831252
random,D3,D3-95,0.5045028239980335,0.984983626111856,0.1244589479592102,0.03374098020265341
random,D3,D3-96,0.29264052801778645,0.9130862104800527,0.0,0.5727678504650691
random,D3,D3-97,0.12024251604777147,0.941639290787428,0.22787751607264994,0.49512720179666087
random,D3,D3-98,0.3790784635913057,0.850146820652902,0.026270350928050967,0.44223456335765976
random,D3,D3-99,0.3583258899722913,0.9836580162242958,0.10559868022060948,-0.0431079421719256
fixed,D4,D4-0,0.3730097896966044,0.8393101096143082,0.9686648147760317,-0.05123815226744629
fixed,D4,D4-1,0.43891803393885825,0.8861588355538415,0.9838695747626824,-0.28768622197295995
fixed,D4,D4-2,0.3120926218396259,0.7833174645920441,0.9893237959507515,0.06226984935182618
fixed,D4,D4-3,0.2337118600464661,0.38670639293671183,0.9834153247238844,0.03359266330164818
fixed,D4,D4-4,0.4158763622422891,0.3965140356106597,0.957803422519865,0.31253039096749446
fixed,D4,D4-5,0.4912600140645642,0.34245804782642686,0.9841641570156614,0.2242560989297879
fixed,D4,D4-6,0.2961178663650961,0.7134229351759169,0.9899816740082792,0.21486509956562735
fixed,D4,D4-7,0.4005802724518391,0.15833609101116186,0.9751981582683769,0.18142037766150504
fixed,D4,D4-8,0.3495957646255669,0.4611737945090809,0.9910143897128177,-0.06631045706083691
fixed,D4,D4-9,0.6591812214257141,0.2772946853828566,0.9643714560987391,-0.6136649663933005
fixed,D4,D4-10,0.24396424065986985,0.5485165038377766,0.988890448987378,0.19336178838046023
fixed,D4,D4-11,0.3805050688381862,0.9583889771181375,0.9853139927019927,0.27013285545618626
fixed,D4,D4-12,0.3978182968707243,0.8051334367323226,0.9882432288103398,-0.02416324066950889
fixed,D4,D4-13,0.5317762788574577,0.9620687393015854,0.9729343058583513,-0.14717940849581118
fixed,D4,D4-14,0.668137317694786,0.8431322891213877,0.9615534083566799,-0.2930692522026853
fixed,D4,D4-15,0.3883055298242064,0.3267604240028268,0.9778240661789555,-0.025863577434148948
fixed,D4,D4-16,0.45769861046143245,0.24852184271366784,0.9782724681776572,-0.4460591848904495
fixed,D4,D4-17,0.6717354705256496,0.6346109862064229,0.9586112596899459,-0.46126063230433484
fixed,D4,D4-18,0.32903705588629784,0.9096840503086874,0.9910337610161617,0.4188933033751201
fixed,D4,D4-19,0.3003830423361854,0.42859497178784167,0.9836381307497615,-0.05188183312849542
fixed,D4,D4-20,0.552073199930609,0.7902489467225634,0.9622668600929358,0.005986945009037305
fixed,D4,D4-21,0.24703744603278285,0.6754977853589021,0.9918296272224529,0.31802602007554964
fixed,D4,D4-22,0.4511214457437505,0.48995606361284605,0.9810786419705332,0.25707296278120284
fixed,D4,D4-23,0.5076164638278742,0.9313405810855783,0.9716016119323303,0.07020528852189749
fixed,D4,D4-24,0.39656729409504293,0.8516309917781854,0.9772672870586103,-0.08570940673047471
fixed,D4,D4-25,0.25497011005574666,0.37430840771617013,0.9856999242629939,0.2817600075304747
fixed,D4,D4-26,0.32289192948901313,0.5709200132802333,0.9852514445434774,0.11128230818672263
fixed,D4,D4-27,0.4859646839411494,0.051097478598134516,0.9030547204409812,-0.21378166675393984
fixed,D4,D4-28,0.5303201385408738,0.8369312449866415,0.9649898865258236,-0.029877699157213996
fixed,D4,D4-29,0.4641618131337812,0.9752727660408801,0.9882936942931624,0.4471926254347122
fixed,D4,D4-30,0.6039567927663058,0.7805560549044902,0.9767739521147607,-0.2068717150402182
fixed,D4,D4-31,0.2336099907501917,0.7335010238130273,0.9884646534987274,0.2317582492279568
fixed,D4,D4-32,0.45148081365487885,0.27002486874166154,0.9826058844919225,0.13291980459981814
fixed,D4,D4-33,0.5768319026503651,0.5929745800112152,0.9761313518464209,0.1265958194104192
fixed,D4,D4-34,0.7041112190492977,0.9197991469539,0.9691380568342903,-0.0728266942050811
fixed,D4,D4-35,0.4007250262330826,0.7769183445022165,0.9874548467673541,0.05100541029736956
fixed,D4,D4-36,0.4568995690944948,0.5351773703799494,0.9692027485553473,-0.009554405270764982
fixed,D4,D4-37,0.3660832944370155,0.2939836761731427,0.9606275517921431,0.12061532178670605
fixed,D4,D4-38,0.473658421727733,0.46853910970758783,0.9875025915615336,-0.21928053664675087
fixed,D4,D4-39,0.6499733471921394,0.8547935634739909,0.9760171504905187,0.020783084162086383
fixed,D4,D4-40,0.6060628610109854,0.8250471685954367,0.9792481254544104,-0.17323124369041257
fixed,D4,D4-41,0.6200663632849858,0.04425967109127893,0.9110164960906532,-0.13804394276275378
fixed,D4,D4-42,0.4379450752940079,0.5473531309426862,0.9663493810922866,-0.34553258189820835
fixed,D4,D4-43,0.4583370374865537,0.5138329226238918,0.9677222469785944,0.10427996581405737
fixed,D4,D4-44,0.22934365545811114,0.7332507490880025,0.9879424979211469,0.3673042420764497
fixed,D4,D4-45,0.6584539827844308,0.08738368250268314,0.9629847902364389,-0.3728561651323104
fixed,D4,D4-46,0.49493087523561896,0.8031074808987235,0.9576737975409885,-0.16164936005218883
fixed,D4,D4-47,0.497171450837834,0.837445374708785,0.9650156689105479,-0.07737490152005005
fixed,D4,D4-48,0.3570644736731508,0.4734195454061183,0.9831714774484445,-0.03623305401955718
fixed,D4,D4-49,0.3043281888331032,0.06795356814116393,0.9796885675954187,0.03734705790515038
fixed,D4,D4-50,0.4902670231599999,0.6847180822806235,0.9558394549726279,0.13385181013591851
fixed,D4,D4-51,0.38825986786546934,0.3658609484288371,0.9705216604983307,-0.06742903834854636
fixed,D4,D4-52,0.23555971299391948,0.10511260241473364,0.9930807615485713,0.2982834606779792
fixed,D4,D4-53,0.3491974183808031,0.47266970958759147,0.9860091146878197,-0.29212793842161633
fixed,D4,D4-54,0.41412905942782485,0.5348240777705633,0.9561100457904965,0.09123955193905758
fixed,D4,D4-55,0.4783972628382695,0.6088142879849479,0.9779462686343341,-0.0771585483047004
fixed,D4,D4-56,0.39640387372216696,0.8210244380995496,0.9811870265393254,0.4205502026675158
fixed,D4,D4-57,0.4229291027781826,0.7985460050833013,0.9855077859450779,-0.3479769833394609
fixed,D4,D4-58,0.26163299898800907,0.6094172621156075,0.9862720651323436,0.37385119101519965
fixed,D4,D4-59,0.40689105705776596,0.39690256962670134,0.9857064179109489,-0.2894717339487147
fixed,D4,D4-60,0.47118840446097005,0.8316687110086475,0.9639459828617744,-0.04039497680894826
fixed,D4,D4-61,0.5373257922379507,0.65769867086326,0.9630909380347343,-0.047794912509572185
fixed,D4,D4-62,0.7064096240656688,0.7991131380805889,0.9670681528307337,-0.5280613312643746
fixed,D4,D4-63,0.271300109618756,0.8116435636982351,0.9786606266446717,0.3224957303751364
fixed,D4,D4-64,0.5423411274989678,0.8531299138888357,0.9699762670227334,-0.15527234374401971
fixed,D4,D4-65,0.28611355047318693,0.13834981144757919,0.9754030016729353,0.12082131563364903
fixed,D4,D4-66,0.4924905680895332,0.8003529332511226,0.9863267934554698,-0.102514750370321
fixed,D4,D4-67,0.5135551466714456,0.9783958077675977,0.9836056802124893,0.1227205764758545
fixed,D4,D4-68,0.6990868828426279,0.6874057030328424,0.9585763678724856,-0.2865776886004097
fixed,D4,D4-69,0.6491557595344057,0.9418227736287851,0.9718047770305337,-0.21644899322620859
fixed,D4,D4-70,0.4795703215285967,0.45404486486233653,0.9779426912493207,-0.3800788692651869
fixed,D4,D4-71,0.45908858838183375,0.05617905657052946,0.9845284470544577,-0.23809481769880647
fixed,D4,D4-72,0.44010659042708294,0.817940499219787,0.985706517592677,0.16756981406574017
fixed,D4,D4-73,0.5145845961231013,0.9897093530653018,0.9676550309732705,-0.21530160133524232
fixed,D4,D4-74,0.60415836306416,0.5417640580470966,0.9803672316992937,-0.14349658426464448
fixed,D4,D4-75,0.36889616961050137,0.8979667184954274,0.987935857469932,0.040402259502444506
fixed,D4,D4-76,0.42029865208692185,0.8603321995231693,0.977375120813744,0.1515319794194319
fixed,D4,D4-77,0.40018158475386156,0.701274650616848,0.9823056201555982,-0.05167274543570944
fixed,D4,D4-78,0.271431788917172,0.5668811333681668,0.97828488311685,0.1728775016764734
fixed,D4,D4-79,0.34761233042066736,0.7708846018777968,0.9772037884088197,0.026060678650758506
fixed,D4,D4-80,0.5073905347475285,0.6670271673983357,0.9760968076512901,-0.21496190552385402
fixed,D4,D4-81,0.5362067211759265,0.9383615245005295,0.9776696252568479,0.3393195425536522
fixed,D4,D4-82,0.6759562413248908,0.8724785397578598,0.9344612132421349,0.07654666768161371
fixed,D4,D4-83,0.5081417667188148,0.9222833453096516,0.9548983408048789,0.38085616527114524
fixed,D4,D4-84,0.4755521755443745,0.7350523023474482,0.9864789543910011,-0.19516123850452982
fixed,D4,D4-85,0.42895825796473924,0.681138992515737,0.948980410607318,0.11848743632110327
fixed,D4,D4-86,0.40231978596534795,0.5053815148046932,0.9764214477028581,0.3367647966120253
fixed,D4,D4-87,0.42835642947282687,0.7660746012623917,0.9813489052993883,-0.44387745550495783
fixed,D4,D4-88,0.3016632090477046,0.6291942207102942,0.9674592327250764,0.2846972948328936
fixed,D4,D4-89,0.4350209279019577,0.8351354420362815,0.989535549009672,-0.16868065559954698
fixed,D4,D4-90,0.38888591000329176,0.2666489413065518,0.977309202937223,0.015570149836095601
fixed,D4,D4-91,0.6094063406582273,0.8047116972315489,0.949229534697533,-0.022477488427308064
fixed,D4,D4-92,0.3628692318433193,0.30549327633883017,0.9704779135014032,-0.23571682242259567
fixed,D4,D4-93,0.32845503041594787,0.38127154081080816,0.984696578853849,0.3651979115709353
fixed,D4,D4-94,0.42570432479589465,0.5361667260820457,0.9579551137022668,-0.08488070725883815
fixed,D4,D4-95,0.47665802453338746,0.7089433941515626,0.9781084624147508,0.02932445454353237
fixed,D4,D4-96,0.2300929053876913,0.21462714084683032,0.9854666086871398,0.23958805325257682
fixed,D4,D4-97,0.6006811699091769,0.7113876954539513,0.9641245460430686,-0.24622113021298286
fixed,D4,D4-98,0.373203708587131,0.3147702550596103,0.9783061028156526,-0.13058320783585547
fixed,D4,D4-99,0.4953439908948017,0.04248207986344943,0.955851074253879,-0.14203434521240293
fixed,D4,D4-100,0.19033188400913661,0.46860404281077983,0.9646197327899158,0.3829245427210793
fixed,D4,D4-101,0.6295785177385728,0.9298957295448912,0.9548331344533049,-0.07679645303092235
fixed,D4,D4-102,0.381887928747404,0.7883968757646713,0.9857043770466327,0.27017266801365397
fixed,D4,D4-103,0.55243623627911,0.8932533708140307,0.9843539653353128,-0.13701771258281392
fixed,D4,D4-104,0.5482109796071848,0.4879163435848419,0.9733734640747779,-0.48266692375441733
fixed,D4,D4-105,0.7208335689275455,0.8686843155122632,0.9733962487579417,-0.4148836727442868
fixed,D4,D4-106,0.5094054455763017,0.5109721901521915,0.9802449452202315,0.14140923982497863
fixed,D4,D4-107,0.3932936030451607,0.5733953278388966,0.9851366806881896,-0.103456725376256
fixed,D4,D4-108,0.4614005982897763,0.5345576799763971,0.9764497605760863,-0.1888572319166469
fixed,D4,D4-109,0.28839942045159556,0.6118903887845244,0.9888417028820677,-0.026835142718018123
fixed,D4,D4-110,0.40858346232287807,0.5535049096338094,0.9888788412653331,-0.2046866884749027
fixed,D4,D4-111,0.391887531877597,0.8646697674692692,0.9782963279230231,-0.0202800201006043
fixed,D4,D4-112,0.5494606754163759,0.39106745713737534,0.9750939936495905,-0.02535525556455269
fixed,D4,D4-113,0.3845199298509833,0.23237420925683538,0.9847830165689789,-0.288050949803936
fixed,D4,D4-114,0.6910099766986295,0.5159323671196144,0.9301234379031726,-0.28172068620030816
fixed,D4,D4-115,0.5146497345702549,0.7395552849781719,0.966288813572916,0.05787422779271919
fixed,D4,D4-116,0.2804395783423029,0.8957969317841572,0.9889595509796929,0.2623393591196163
fixed,D4,D4-117,0.5362386605281764,0.499028700519741,0.9696873412144922,0.31084956360880966
fixed,D4,D4-118,0.48482494194476183,0.9502996061162055,0.9864724630499618,0.209375018944596
fixed,D4,D4-119,0.31401580653908745,0.8212663064635741,0.9900729034607753,0.15722886813481834
fixed,D4,D4-120,0.7143264709198617,0.9301521190601516,0.9800570949403922,-0.37374011402951884
fixed,D4,D4-121,0.3801694864940123,0.8551605083294447,0.9897538634173135,-0.11121522129471728
fixed,D4,D4-122,0.5110771382903935,0.8494653828263531,0.9763579714871332,-0.16731913324985512
fixed,D4,D4-123,0.4645620462591705,0.33495634387699613,0.9695866651892111,-0.14593760784461918
fixed,D4,D4-124,0.4639448358514305,0.5207626811377943,0.9659844951810467,-0.16784315372171044
fixed,D4,D4-125,0.7176823939390583,0.6644931297308752,0.9619566939233868,-0.011323916719001487
fixed,D4,D4-126,0.4526883110093018,0.8249477165997872,0.9708152800816294,0.03156237448393659
fixed,D4,D4-127,0.6269237234469901,0.9724428828968248,0.9782193633220984,-0.3368102279585071
fixed,D4,D4-128,0.6215377989752235,0.19237622714017433,0.960199484203239,-0.3974308884295951
fixed,D4,D4-129,0.3789418241786289,0.8144301349301419,0.9874498245865259,-0.019500509653057673
fixed,D4,D4-130,0.3802379549796819,0.4369095868976356,0.9808391809826452,-0.0250131462756876
fixed,D4,D4-131,0.4670951146948081,0.8804456913243093,0.9867321050150784,-0.3986540368087739
fixed,D4,D4-132,0.44522538467148604,0.3593028419619432,0.9870525145963172,-0.13056846004359376
fixed,D4,D4-133,0.5915700422815771,0.23761995614880893,0.9757403996130326,-0.1298860326851508
fixed,D4,D4-134,0.5358383610096344,0.5188821899629295,0.9811907745360191,-0.23009647125540766
fixed,D4,D4-135,0.3376126516879996,0.7824883341183322,0.9887663938252097,0.02842276114670954
fixed,D4,D4-136,0.42067935731956047,0.5159384879368802,0.9922583352191031,-0.32874842504743984
fixed,D4,D4-137,0.5121229105520236,0.78787014991951,0.9870460723038016,-0.07426783388783982
fixed,D4,D4-138,0.24705039196305406,0.8291009007288711,0.9870443514967225,0.2789562917448739
fixed,D4,D4-139,0.5453474635135246,0.6922398245664771,0.982509071000617,-0.22958795828450457
fixed,D4,D4-140,0.5591098669302325,0.6990518045032659,0.9816150066127943,-0.1945273743337243
fixed,D4,D4-141,0.38962412417305137,0.5939493912556637,0.9795710763589992,-0.3258243005442802
fixed,D4,D4-142,0.5200802826695343,0.9385235481267975,0.9763049013605289,-0.28672409268768484
fixed,D4,D4-143,0.5229868537581027,0.2766030630552607,0.9779877150173449,-0.3564464607116928
fixed,D4,D4-144,0.5678313839785115,0.780669809647343,0.9673105957205267,-0.42969641638270095
fixed,D4,D4-145,0.4400077752922185,0.24854468607094438,0.9672498933439513,-0.09344800480980003
fixed,D4,D4-146,0.29931405902596747,0.7239410008037424,0.9747716246191194,0.14747365303204027
fixed,D4,D4-147,0.3820319528967416,0.4847160938763181,0.9762831572876837,-0.2348578495730042
fixed,D4,D4-148,0.4997475410096055,0.7184028677074439,0.9772916811701152,-0.02412417751644872
fixed,D4,D4-149,0.49874590475545233,0.7357348531008221,0.972788181130806,-0.3238897861970623
fixed,D4,D4-150,0.23724016937418016,0.7054348879800355,0.9948778092554662,0.437125599983133
fixed,D4,D4-151,0.6899659076588995,0.7449256878011639,0.92808953338678,-0.42367086586121694
fixed,D4,D4-152,0.42670568873430376,0.7435114138950364,0.9770790745620386,0.07561588105791471
fixed,D4,D4-153,0.34861428544707107,0.7377982849666609,0.9808757811354002,-0.31584660869802944
fixed,D4,D4-154,0.6211505005447313,0.43854224491807847,0.8968255776208226,-0.2888763956262285
fixed,D4,D4-155,0.48433836279434567,0.6861353284841784,0.9624031677101168,-0.23405119975417482
fixed,D4,D4-156,0.49751508003128236,0.41989244095047196,0.9659086800382692,0.15521441897588706
fixed,D4,D4-157,0.3061509926956875,0.3958390788962234,0.9926388050555807,0.20277390998425726
fixed,D4,D4-158,0.3629657776660178,0.5603188144496138,0.97864436309413,0.25417749934814954
fixed,D4,D4-159,0.33361266949073104,0.2543788809308969,0.9858909714404969,0.08857559169716377
fixed,D4,D4-160,0.607576088047881,0.7823902524718065,0.9599195554311352,0.03997827181410645
fixed,D4,D4-161,0.3238051768688726,0.8122510979894011,0.9872348025981157,0.28443834467628015
fixed,D4,D4-162,0.21951929373881401,0.831204150666153,0.9943636064221012,0.062083335281280946
fixed,D4,D4-163,0.413548193335507,0.8573592222015772,0.9848815752636746,-0.1828452207243933
fixed,D4,D4-164,0.5136548761330335,0.1480268465871255,0.9321446622013894,-0.2090142287953901
fixed,D4,D4-165,0.4597920702666527,0.27687270078377857,0.9421570360872885,-0.1838784317394566
fixed,D4,D4-166,0.5389066222708672,0.26443826478709853,0.9302010742954131,0.18665884530998755
fixed,D4,D4-167,0.5181812444395357,0.8600861617813084,0.9853585258717865,0.34693649951107214
fixed,D4,D4-168,0.2974713647872698,0.4399795616180273,0.9800713023021252,0.18212986816107096
fixed,D4,D4-169,0.4821797756004037,0.5489320029093854,0.9485025841457948,-0.1840465601873164
fixed,D4,D4-170,0.3194774090474385,0.9457541143763072,0.9932749520548761,0.38166200528944383
fixed,D4,D4-171,0.4669478378472663,0.12270481877730088,0.9684784931510608,-0.0478348424752484
fixed,D4,D4-172,0.5197337221325758,0.19184487065043654,0.9209891182638513,0.12703328681312703
fixed,D4,D4-173,0.6301794267502121,0.7885370977526653,0.9656993924223327,-0.04170869510607571
fixed,D4,D4-174,0.4098678547760371,0.5487447239164331,0.9869279043084812,0.14096530295735862
fixed,D4,D4-175,0.4951504011338893,0.8675327660872454,0.9816017494856145,0.03692411811618747
fixed,D4,D4-176,0.41453258170227514,0.40936909075634487,0.9670012618215751,0.18777866357270673
fixed,D4,D4-177,0.35125794449226094,0.4569493674234416,0.9856020005110344,0.05204282174756637
fixed,D4,D4-178,0.4269396614554774,0.9409662512931656,0.9891423161132036,0.030266210752346836
fixed,D4,D4-179,0.38826718497777574,0.7974087742932358,0.9620572138020395,0.196008548285331
fixed,D4,D4-180,0.31129062317036116,0.7007773762260052,0.9893620325109468,0.3470516857979756
fixed,D4,D4-181,0.5938495647132042,0.5326509312477983,0.9761590885310453,-0.09349908398599932
fixed,D4,D4-182,0.4309726217374552,0.08255231998572987,0.9753273089547553,-0.1554237797137671
fixed,D4,D4-183,0.3282694030451919,0.21371256438799635,0.9911189096467452,-0.029350918296682647
fixed,D4,D4-184,0.45668500236941206,0.7144007573984004,0.9776730794089558,-0.1913998922921721
fixed,D4,D4-185,0.43636811895067806,0.7646085512389296,0.9668020465788772,-0.3139029390239794
fixed,D4,D4-186,0.5304441571781583,0.39797337254899245,0.9728129210493567,-0.39738680479618693
fixed,D4,D4-187,0.2343789751322042,0.8542670946340467,0.9935168227028807,0.506905230673479
fixed,D4,D4-188,0.5156642354551255,0.8083318220526304,0.9830906057496717,0.014020413499299481
fixed,D4,D4-189,0.41198272489117993,0.9213948902272862,0.9881107067209879,0.06990543498020806
fixed,D4,D4-190,0.3119537394241035,0.8241740815004709,0.9893858721098844,0.019642925288584447
fixed,D4,D4-191,0.33977942566591685,0.6514884727677606,0.9744548798574016,-0.0974594966020561
fixed,D4,D4-192,0.5285508349326935,0.53629170360821,0.9792360594234883,-0.19018028577720245
fixed,D4,D4-193,0.2596128245261382,0.520346810690083,0.9821576475622851,0.01678564624709386
fixed,D4,D4-194,0.3667002280433147,0.39784915820667577,0.977899115899227,0.05806018550694959
fixed,D4,D4-195,0.4887899082429499,0.8445254761455497,0.9896780430146542,-0.09287296200570098
fixed,D4,D4-196,0.4034938310441064,0.8343420366713157,0.9786059184996091,0.1703357181870968
fixed,D4,D4-197,0.25291350370497073,0.8344880141722203,0.9893406389961668,0.3813842125834411
fixed,D4,D4-198,0.5802106445037182,0.7376585170332404,0.9625970715373857,-0.20227329824584508
fixed,D4,D4-199,0.2540484582417814,0.7637957786815726,0.9825104911613991,0.05395392148553273
random,D4,D4-0,0.1254774079007441,0.7672451698093039,0.9958295442420708,0.48378267883779247
random,D4,D4-1,0.28529124865651967,0.7975380271120639,0.9872823308579065,0.105967265255496
random,D4,D4-2,0.5013150021171718,0.09907706059813792,0.9531762481583602,-0.02343047635746178
random,D4,D4-3,0.2982200748573878,0.6987832462616022,0.9854568426070089,-0.12400476868334981
random,D4,D4-4,0.5724180626352443,0.9458454914034375,0.9868047854125513,-0.14782218542150063
random,D4,D4-5,0.7493630062708039,0.5582604476674278,0.9698683554403419,-0.2673820199750223
random,D4,D4-6,0.5113488189951012,0.9523127436709121,0.9888369326930463,0.2182779599779084
random,D4,D4-7,0.4295604462658778,0.4430921218876649,0.98595940348006,-0.24531966225030555
random,D4,D4-8,0.46365611122247424,0.7421114702542229,0.9704919317425674,-0.22732259565095306
random,D4,D4-9,0.48729371132465016,0.5558700452888501,0.9660523440161586,-0.1659561658838088
random,D4,D4-10,0.2540000660446823,0.19821487177213448,0.9833331429772508,0.3260239176776236
random,D4,D4-11,0.3418898846606986,0.4864394861850777,0.9936543871455562,-0.06108053329334541
random,D4,D4-12,0.10378189845157429,0.5834893997363635,0.9960571806753821,0.2299438495855748
random,D4,D4-13,0.49908108920586686,0.9263498543318324,0.9884625617847009,-0.13212377691405464
random,D4,D4-14,0.38887588425228936,0.8802280220540144,0.9842532984698763,0.0019344420663519742
random,D4,D4-15,0.6439282501108031,0.7124383255645956,0.9747173032713808,-0.6002830115786959
random,D4,D4-16,0.5683866039324263,0.9339437294759699,0.8694010371668133,-0.010340434243944518
random,D4,D4-17,0.5629227161601527,0.25863315409575094,0.9588298788213273,-0.43097671948908434
random,D4,D4-18,0.4448245312089988,0.6193055513650148,0.9746424012649895,-0.40671165245821495
random,D4,D4-19,0.5716218361081705,0.7978052831084053,0.9663259984237221,0.16352205935517974
random,D4,D4-20,0.5946124667112029,0.8406881779446853,0.9822245198375488,-0.3985913155224234
random,D4,D4-21,0.6503868699285194,0.49917453072220175,0.9606321420419326,-0.23460152831639938
random,D4,D4-22,0.3919477973257628,0.05513767364826583,0.9855042786664192,-0.09282675488723958
random,D4,D4-23,0.5371184399898832,0.16068024455886176,0.9535155506919761,-0.36587791810251885
random,D4,D4-24,0.3488119181226454,0.8607948828338698,0.9975778683390636,0.09855437154274162
random,D4,D4-25,0.4027705999427032,0.832927694648172,0.988845431303771,0.20348204804031228
random,D4,D4-26,0.29761415052206974,0.8226863754015822,0.9824506818414197,0.21676769266003937
random,D4,D4-27,0.3050848880663608,0.5354752667789067,0.9816629162939375,-0.16216690875931702
random,D4,D4-28,0.7630795890929083,0.17693253841513024,0.9068517890456399,-0.49269540506972176
random,D4,D4-29,0.41337347774577465,0.5412760348536201,0.9648330745071029,0.1360793782550185
random,D4,D4-30,0.5493960514388162,0.8713110632673956,0.9873671473723813,-0.08467672979197931
random,D4,D4-31,0.6851268468598076,0.766150598839292,0.9788853021972518,-0.2511209366400346
random,D4,D4-32,0.6789811644681019,0.771813176945926,0.9845429756381968,-0.3102055795987378
random,D4,D4-33,0.7177123099141336,0.8491286250266414,0.9520081781951594,-0.34237872702148325
random,D4,D4-34,0.3854156302856553,0.8702313333723423,0.9868839023643285,0.027819741974058877
random,D4,D4-35,0.4143464975897972,0.6471858544607884,0.9787219444159927,-0.20782421239544357
random,D4,D4-36,0.1210751640839547,0.20172000047595995,0.986845986482408,0.476003148302174
random,D4,D4-37,0.30234563153789074,0.5989427505963303,0.9811586171956882,0.22583792077557902
random,D4,D4-38,0.5909718365586083,0.3271391366926114,0.9690407214089675,-0.3463729127967442
random,D4,D4-39,0.6913448845654362,0.4747690590275825,0.9518776385353063,-0.39198147495290486
random,D4,D4-40,0.6284523147434272,0.07429861746292077,0.9745551372269513,-0.16491410062642142
random,D4,D4-41,0.5701746969777928,0.2352484752020606,0.9414999182998973,-0.5369322991232521
random,D4,D4-42,0.642658895159497,0.636224661176485,0.9328382407702689,-0.3617341014717261
random,D4,D4-43,0.3603715518774119,0.9011311254397948,0.9903250772818418,-0.08948861596072877
random,D4,D4-44,0.4951347759670276,0.7592567411289914,0.9721007652895018,-0.07013691579209694
random,D4,D4-45,0.37147210740007774,0.8443950470859289,0.9938608399735255,0.027085490907979248
random,D4,D4-46,0.38456974287358947,0.8576781703896879,0.9872176568086636,-0.09383599801112581
random,D4,D4-47,0.2389464073711173,0.05054337067092152,0.9708398666831484,0.15572159821613965
random,D4,D4-48,0.09628449501652712,0.6015318182230038,0.9912756563486987,0.5433323810207255
random,D4,D4-49,0.6020572853933345,0.4488824235629474,0.9100242511493298,-0.13369476261561664
random,D4,D4-50,0.1367471756807665,0.7827229413633339,0.9939836992815058,0.47318716927780263
random,D4,D4-51,0.4851782403904079,0.8748308769396351,0.9844163149317207,0.17887043994389967
random,D4,D4-52,0.6609847792163187,0.8694422390863095,0.9653240433840302,-0.03555564116398415
random,D4,D4-53,0.4440480034126772,0.6709952719875324,0.9904202783995023,-0.45910665908927684
random,D4,D4-54,0.278122918446241,0.1002320918036157,0.9717989126324298,0.05382144561759062
random,D4,D4-55,0.5803202163675303,0.9206586765789689,0.9675159872418038,-0.23725610632578562
random,D4,D4-56,0.33351827710762944,0.5752130226002949,0.9751735471142058,-0.017332784955763285
random,D4,D4-57,0.5674533599685343,0.8649176357614949,0.9395139503753729,0.16139955877668158
random,D4,D4-58,0.6027684790146817,0.8420202626326316,0.9712260653555339,-0.0005658082722147568
random,D4,D4-59,0.6681438756740888,0.8228005411128543,0.9694181612579355,-0.35436437917029673
random,D4,D4-60,0.6973230181815652,0.1156716984091517,0.815137005430616,-0.4097499743626305
random,D4,D4-61,0.24661783314420796,0.7359680196158753,0.9916843530747813,0.3932488219191117
random,D4,D4-62,0.6481487890424172,0.37987690518788775,0.9576167951230696,-0.5825177657170562
random,D4,D4-63,0.15975853971509563,0.9185930810029339,0.9952859407796522,0.5053406423590293
random,D4,D4-64,0.6098555425111517,0.6020732155417372,0.9708595057418778,-0.1914086088159781
random,D4,D4-65,0.4019816187143167,0.6398438082756389,0.9721385980191237,0.011869500182024349
random,D4,D4-66,0.5927038948148026,0.4935528262907045,0.9912299633170327,-0.2952109783391293
random,D4,D4-67,0.6623330826118689,0.8153593665828083,0.9767328293211053,-0.5100585508841827
random,D4,D4-68,0.49461573212703025,0.4074436581353591,0.9725482195252699,-0.2045297810214614
random,D4,D4-69,0.5490190198853444,0.9102984797108159,0.9658247309115893,0.21022860512014438
random,D4,D4-70,0.4323294000875974,0.269783082168513,0.981019033640575,-0.1988429324691727
random,D4,D4-71,0.3856100962061143,0.5217350189352185,0.9851260714388242,-0.24200406959092322
random,D4,D4-72,0.45656204192997973,0.4121629602445388,0.9783189481004557,-0.2158792860688499
random,D4,D4-73,0.6307269669850638,0.9063229094072203,0.9494875009047663,0.01638646561491436
random,D4,D4-74,0.46011289877172806,0.3129556424686264,0.9690840296521207,-0.1802712922292675
random,D4,D4-75,0.39627634449398585,0.779151680076999,0.9890136061949032,0.4047480862229855
random,D4,D4-76,0.3124112702477787,0.5417073027816042,0.9828109584702724,-0.21749820391653046
random,D4,D4-77,0.593232380654385,0.5910943598408409,0.9304596899881762,-0.004897233055253837
random,D4,D4-78,0.41065877990883526,0.11660930181564866,0.9658702027843233,-0.3317724268644933
random,D4,D4-79,0.3567962738973245,0.2503143083582319,0.9711888471033777,0.1288745658730007
random,D4,D4-80,0.6721236287311274,0.7150947610177383,0.9034024212186514,-0.11799544454571936
random,D4,D4-81,0.6782407616841056,0.3385791986869594,0.8557241702299025,-0.34421752707505116
random,D4,D4-82,0.6457450587296321,0.8413037605063489,0.9164467064953066,-0.12898886868077283
random,D4,D4-83,0.4459823813122078,0.41961181824229177,0.9814010426298753,-0.26188182938615295
random,D4,D4-84,0.09917815653306307,0.20452638387648092,0.9949067913606586,0.40119042459085186
random,D4,D4-85,0.43654961400551723,0.8564042063488259,0.981760237479179,-0.009792866452869494
random,D4,D4-86,0.4761944349467735,0.26578328885790237,0.9464640154400158,-0.5351384060377674
random,D4,D4-87,0.5638845047842492,0.8016782691601918,0.9925170223422647,0.022561680222626043
random,D4,D4-88,0.7032757239131107,0.8501561750718319,0.9575657313174356,-0.2525462132241057
random,D4,D4-89,0.6561903555620938,0.15853907474231976,0.9064992063368211,-0.2727692285963419
random,D4,D4-90,0.5297450664815403,0.6822572315782544,0.981619320584027,-0.23921894748720768
random,D4,D4-91,0.22673008820033352,0.8093247149340691,0.9912637856747841,0.32145479579417663
random,D4,D4-92,0.5366682311539487,0.15226523071125364,0.9619739865722202,-0.3862555839933533
random,D4,D4-93,0.2967063318708302,0.8623241800602786,0.9947701420906424,0.0741493426237604
random,D4,D4-94,0.46215033487725526,0.9587690683113033,0.9903171546720478,-0.14966694941543918
random,D4,D4-95,0.40840442623628165,0.9597546958432114,0.9908964356865146,0.0676086259444888
random,D4,D4-96,0.4792443833821347,0.5151444157464811,0.9788495428919132,-0.2549736890651415
random,D4,D4-97,0.24756416101314635,0.6047814892059937,0.9681647435776023,0.24058472813804746
random,D4,D4-98,0.2061366360679274,0.8580617689481915,0.9920220595414141,0.4668160483712677
random,D4,D4-99,0.513507374711504,0.49576764791792893,0.9618107228256727,0.033388580233883525
fixed,D5,D5-0,0.4146948453546526,0.9508858608596256,0.9628657353217952,0.3896278863111039
fixed,D5,D5-1,0.4197901108878192,0.9851468941536522,0.9808715410435304,0.49753879687387503
fixed,D5,D5-2,0.4767042750767157,0.9872013328774153,0.9698723550151932,0.4474849388666352
fixed,D5,D5-3,0.41869730795672755,0.9935398704170684,0.9770294865580025,0.4244855666189844
fixed,D5,D5-4,0.24635893170007775,0.6659039559564028,0.942718109338731,0.28140769892111467
fixed,D5,D5-5,0.18314047178390272,0.6317731548613135,0.9615525019217472,0.41570604702458175
fixed,D5,D5-6,0.4470307146052194,0.9870806581944853,0.9718625758970405,0.3702318570009506
fixed,D5,D5-7,0.4371266120710735,0.9845033007363293,0.970888792869743,0.36605243207441635
fixed,D5,D5-8,0.22876980724935977,0.9198360751484325,0.9736339570717635,0.5554164943347456
fixed,D5,D5-9,0.48013939680908,0.9765995730220416,0.9576006036793566,0.25168692473237336
fixed,D5,D5-10,0.4184407942462927,0.9794524057575017,0.9716201556943141,0.22697165987164364
fixed,D5,D5-11,0.4657836954082289,0.9844903517945217,0.973861977143087,0.4342492879333929
fixed,D5,D5-12,0.22110431636638578,0.6558582676760285,0.9594782439157546,0.44218406197103655
fixed,D5,D5-13,0.4890035485398168,0.9829834651885404,0.9605424222657586,0.4050596259371404
fixed,D5,D5-14,0.41827722580628285,0.978471220391226,0.9660865519060226,0.3713051876257545
fixed,D5,D5-15,0.2153655106370351,0.8773925157045386,0.9713895557430475,0.5200915764912729
fixed,D5,D5-16,0.45580007312824106,0.9796255038652169,0.962650033229034,0.20045468698347865
fixed,D5,D5-17,0.2105002407350895,0.8700938170122491,0.9691477371448883,0.5355179351239899
fixed,D5,D5-18,0.2151875393114539,0.6997833216770803,0.9493668301312926,0.39137934233261307
fixed,D5,D5-19,0.13357609976743337,0.44989815842822345,0.961529566384265,0.40305640132378645
fixed,D5,D5-20,0.26943885901788545,0.8722119130900209,0.9648846932887402,0.4732445851874095
fixed,D5,D5-21,0.41183747277566624,0.9338614104503198,0.952840301902952,0.15547928249109577
fixed,D5,D5-22,0.47506117879927207,0.987834575889838,0.9714584446128107,0.4912217785632271
fixed,D5,D5-23,0.4013663778602176,0.932771015494934,0.952001411611935,0.3281858239352737
fixed,D5,D5-24,0.377230397482678,0.9096782710849654,0.9631193345571826,0.4972318238237313
fixed,D5,D5-25,0.2870130183683966,0.8990588641858994,0.9755921640230704,0.43207948370214677
fixed,D5,D5-26,0.2071176798553036,0.8580609790239638,0.9804481873343949,0.43216499299723493
fixed,D5,D5-27,0.4128243137881437,0.983731083229384,0.9818362430918092,0.40100632943755715
fixed,D5,D5-28,0.41292290793392067,0.9883271689820952,0.9586692033949777,0.4232925666596536
fixed,D5,D5-29,0.49269814703619375,0.980899757666921,0.9730320013867688,0.2142975024711707
fixed,D5,D5-30,0.41423550270433646,0.9490364948077492,0.9666273731290184,0.4890726655822108
fixed,D5,D5-31,0.3212783333531506,0.8752413266391312,0.9657656693007471,0.34210175707713736
fixed,D5,D5-32,0.33820205835150435,0.9258529104602268,0.9679670807556734,0.5365919561330913
fixed,D5,D5-33,0.36023259926229434,0.9420260970790097,0.9690912207993247,0.40305290157094764
fixed,D5,D5-34,0.13129847752965743,0.5076666268359221,0.9713367726898099,0.4112060622092318
fixed,D5,D5-35,0.4301683659006275,0.9824631463280509,0.9574506277093189,0.6163171640968107
fixed,D5,D5-36,0.33101727578113554,0.9685008399767194,0.9649044525107825,0.40974872238189575
fixed,D5,D5-37,0.44664848733628554,0.9952582353490382,0.9673673251595121,0.362829023250715
fixed,D5,D5-38,0.36392741917398524,0.8735651883926775,0.9437436440889668,0.3667951757000624
fixed,D5,D5-39,0.4254145016342818,0.9879103504791121,0.9614041540389462,0.4135508154747864
fixed,D5,D5-40,0.13389404278229913,0.4281815357971964,0.9737887787227499,0.3104480776307887
fixed,D5,D5-41,0.37543935302983783,0.8904893633143363,0.9497273250945935,0.4192418466359393
fixed,D5,D5-42,0.44898569148241335,0.9925974639432201,0.9658871509116994,0.39385690891860187
fixed,D5,D5-43,0.23061683607258224,0.8346813045524674,0.9663697830169361,0.4126091072592341
fixed,D5,D5-44,0.32921592137836125,0.9652572828181806,0.9699091979435799,0.3643939700753534
fixed,D5,D5-45,0.35468822172350056,0.9384616489886755,0.9706443617826102,0.4275856884260705
fixed,D5,D5-46,0.4790125240176878,0.9739055207408076,0.9516715796444228,0.4363884986827729
fixed,D5,D5-47,0.4691694110662628,0.9700674347434579,0.9655157019940547,0.427087255399746
fixed,D5,D5-48,0.32144210745469876,0.9126184859539908,0.9728133333802337,0.4245171563708889
fixed,D5,D5-49,0.24524464377515684,0.8196675787259495,0.9671873526835714,0.4963030061177142
fixed,D5,D5-50,0.36552271273828946,0.9153452871306136,0.9586717643012778,0.4290584280779173
fixed,D5,D5-51,0.3138578994244331,0.9492360757935321,0.9723413955833866,0.3053793736120685
fixed,D5,D5-52,0.25938839977760736,0.8493486984365405,0.9672133064530546,0.4681481153628016
fixed,D5,D5-53,0.4770931718299923,0.9844525057104959,0.9549353820640921,0.3622685041975455
fixed,D5,D5-54,0.4549793568980593,0.9890390425202498,0.9585544252391907,0.4067927688184956
fixed,D5,D5-55,0.19536799595551113,0.7607865856800056,0.9647369334181441,0.5002921373295137
fixed,D5,D5-56,0.38527611526249117,0.965350576404033,0.979996391821811,0.4787453174993015
fixed,D5,D5-57,0.43002387646131934,0.9845962584471248,0.9754725420586106,0.37655567817505486
fixed,D5,D5-58,0.4381136139092996,0.9912525577188679,0.979047319650061,0.38928188552337817
fixed,D5,D5-59,0.4431652815005384,0.9923426295528849,0.9735605558804824,0.48211556890799306
fixed,D5,D5-60,0.4679501578926045,0.9903368287038716,0.9711367680233612,0.41928947403132566
fixed,D5,D5-61,0.20962707169736164,0.6982169511006554,0.9685149289953111,0.26445898151376224
fixed,D5,D5-62,0.352281436327145,0.9334124377367977,0.974962168590562,0.5510314757980188
fixed,D5,D5-63,0.18997958509029222,0.6839198208757608,0.9676406966464868,0.3695513506335123
fixed,D5,D5-64,0.4696613013775506,0.9673822326458786,0.9638967163067734,0.32478397460958663
fixed,D5,D5-65,0.4346880466310104,0.9913900847678875,0.9657860191286991,0.37747509193930706
fixed,D5,D5-66,0.41208524695332294,0.9906790827532775,0.9783790341713064,0.3937794273343017
fixed,D5,D5-67,0.3185070667220106,0.8587944073792458,0.9584507273359377,0.4665145454266884
fixed,D5,D5-68,0.4642096465295215,0.9844873733241071,0.9550991332837367,0.49484446789249653
fixed,D5,D5-69,0.4069667758658597,0.8990707627176796,0.9407829834397808,0.3700995308015121
fixed,D5,D5-70,0.15404955066332954,0.4439553523490053,0.9618610223707902,0.36271668993939
fixed,D5,D5-71,0.21734740603011582,0.8145625045791227,0.9639872405724242,0.31946300303730013
fixed,D5,D5-72,0.25378212465554933,0.9268698236626615,0.9824449585631667,0.4433612672214715
fixed,D5,D5-73,0.37627648722373874,0.9693608780877842,0.9686092327367553,0.44307796970353996
fixed,D5,D5-74,0.3057133349928761,0.8151821304693732,0.9405563380456615,0.3220981925629579
fixed,D5,D5-75,0.5055861566821891,0.9879589423413293,0.964198357898645,0.23093805801483802
fixed,D5,D5-76,0.399244240202256,0.9721792973987967,0.9751184689301582,0.43868387944026055
fixed,D5,D5-77,0.341437840392483,0.9353612789851639,0.9569014535722105,0.30208435223525326
fixed,D5,D5-78,0.20844355658466798,0.7750416424176536,0.9628008975858957,0.39676683039971344
fixed,D5,D5-79,0.18683605468310535,0.7420229939949307,0.9663069774819278,0.42417682321899
fixed,D5,D5-80,0.37918423684597785,0.9387226291252375,0.9659243040482695,0.3713221130629141
fixed,D5,D5-81,0.13849611700933698,0.4513597216755221,0.9742680811692965,0.5047386224477226
fixed,D5,D5-82,0.15129362985166567,0.6718169386340082,0.9772945328233781,0.4234465612057268
fixed,D5,D5-83,0.16754298445502755,0.593972435843478,0.9701674872169642,0.2721923034532715
fixed,D5,D5-84,0.25683269648623885,0.7386456647829799,0.9450141951728981,0.3082953540200163
fixed,D5,D5-85,0.1744890029120406,0.6592859883144644,0.9668350642809737,0.4429333030773391
fixed,D5,D5-86,0.4705743709116583,0.9623535230412804,0.9543137957224525,0.37910206194181134
fixed,D5,D5-87,0.26191168176497676,0.8830764131578731,0.9722035558980098,0.4893634372891982
fixed,D5,D5-88,0.2913549683899497,0.8094193945814531,0.9519085909097837,0.40884608354750984
fixed,D5,D5-89,0.43560332103497906,0.9840422038613407,0.9584222983028884,0.5097618362596188
fixed,D5,D5-90,0.4215423822843501,0.9743161429974309,0.9743381465391941,0.4368809037469224
fixed,D5,D5-91,0.421409855879863,0.9533385036807653,0.9673686654260238,0.4647968568764937
fixed,D5,D5-92,0.2284176297079731,0.7712909573368397,0.9576521563259673,0.4000454903425693
fixed,D5,D5-93,0.44650479702809703,0.9882227549196183,0.9655468573266536,0.3647100401786952
fixed,D5,D5-94,0.4554903668802588,0.981297477066103,0.9649955158425215,0.3648875646158807
fixed,D5,D5-95,0.22958169603356926,0.7215726619967189,0.9588377769634283,0.4102713668878231
fixed,D5,D5-96,0.31338031060617666,0.9412314971838314,0.968420472508341,0.2829309655871474
fixed,D5,D5-97,0.1292462544749903,0.6857316553352639,0.9746181329903758,0.5192513574661177
fixed,D5,D5-98,0.2940708490904228,0.9434948992608184,0.9681561813468121,0.6125845793757133
fixed,D5,D5-99,0.18333661686619745,0.7184992711946938,0.9711519604223173,0.24062305811698453
fixed,D5,D5-100,0.2662024095917441,0.8758000676739806,0.9585675749124586,0.36651653118377947
fixed,D5,D5-101,0.42985211606751283,0.9937603156920791,0.9630400352831013,0.12451305807707344
fixed,D5,D5-102,0.4308158207635972,0.9209930685859132,0.9450242159468012,0.4726319346067251
fixed,D5,D5-103,0.21596221746650843,0.5084519428788998,0.9607896876164538,0.022322307969918423
fixed,D5,D5-104,0.4211423661087474,0.9883741563106208,0.9540212685842684,0.3364367508198807
fixed,D5,D5-105,0.18144366562895198,0.766015435751333,0.9681503353983024,0.42396350397789184
fixed,D5,D5-106,0.38104244617302985,0.9681203108448483,0.9707149686368364,0.12597988847578948
fixed,D5,D5-107,0.17734961190306603,0.5920529894598325,0.9613560675748848,0.4390295817878285
fixed,D5,D5-108,0.4253446395488205,0.9937770878989779,0.971810631586518,0.3681204385159132
fixed,D5,D5-109,0.43637761642513145,0.9889952164182026,0.9544873976637872,0.4467580960548936
fixed,D5,D5-110,0.25286088237864895,0.8554878068253334,0.9545320438368065,0.3141299632513647
fixed,D5,D5-111,0.13670178569028782,0.4768242640991056,0.962274429238837,0.4664411756890725
fixed,D5,D5-112,0.19896996146605794,0.6464358933056044,0.9493957260924928,0.199589231971738
fixed,D5,D5-113,0.4071267136946829,0.9592698460476567,0.9665270853528204,0.4079664655723985
fixed,D5,D5-114,0.15023275820887813,0.6654303361664222,0.9739838941310629,0.4740624840068714
fixed,D5,D5-115,0.4397793961332503,0.9580033684967258,0.9612067865125569,0.32954155560736514
fixed,D5,D5-116,0.2245121028431814,0.8081862600205245,0.9654388510911573,0.3827903963661162
fixed,D5,D5-117,0.37843860912309435,0.956121569698989,0.9600415595012668,0.402730416897814
fixed,D5,D5-118,0.13995618642638125,0.43285032418685443,0.9622029947150263,0.4958922847135412
fixed,D5,D5-119,0.12991921098570344,0.448413402384949,0.9729401081205925,0.49453748135912184
fixed,D5,D5-120,0.33669842271752376,0.9168228931120332,0.9690650752668195,0.40039233844358035
fixed,D5,D5-121,0.47163545062120543,0.9697440631895742,0.9465610348751845,0.25864996524232603
fixed,D5,D5-122,0.16235514264856768,0.5424732314909086,0.9626904134448782,0.3204861080944905
fixed,D5,D5-123,0.3468537175869578,0.9137659556953575,0.9595735548670794,0.2867640952968056
fixed,D5,D5-124,0.49527844415132266,0.9801411365694025,0.9728655862580787,0.3725900074252055
fixed,D5,D5-125,0.3582242556051638,0.8897686614076543,0.9472554717805675,0.39645741345277263
fixed,D5,D5-126,0.4498814356255511,0.9897590824680661,0.9839342616971882,0.4915278139556245
fixed,D5,D5-127,0.3380460950333919,0.8545936476185462,0.9427018079225176,0.39736452304568987
fixed,D5,D5-128,0.395657911882992,0.9378588898948216,0.9584736430072122,0.33105241153426357
fixed,D5,D5-129,0.3970717575371038,0.9782192310087617,0.9753027840019687,0.5063577062156859
fixed,D5,D5-130,0.429477084923811,0.950443285005219,0.9441477392703538,0.3122335743876043
fixed,D5,D5-131,0.45076020314728643,0.988430319992224,0.9661953179020248,0.3452602241201602
fixed,D5,D5-132,0.42709957202281906,0.9658400549498445,0.9685685950071147,0.3321555511102955
fixed,D5,D5-133,0.418062505971004,0.9911682555802604,0.950126567678138,0.310960360070442
fixed,D5,D5-134,0.4779555427555962,0.9928135989724349,0.9781921334254361,0.458134481371122
fixed,D5,D5-135,0.31296253259241114,0.9420190783827884,0.9728382115835497,0.39205689028873064
fixed,D5,D5-136,0.33260800775884125,0.9039100279933923,0.9619139103997759,0.4321839924616426
fixed,D5,D5-137,0.4591415957441495,0.9877332316090797,0.9708941471087125,0.3410406024976002
fixed,D5,D5-138,0.21097473564062277,0.7431858763223073,0.9633144690006122,0.35770788734658815
fixed,D5,D5-139,0.15334915962878554,0.2184087026717637,0.9500572002718767,0.23896156110893227
fixed,D5,D5-140,0.4633165035655241,0.9923528852191849,0.9660550871535101,0.5491055127263202
fixed,D5,D5-141,0.4163217236725999,0.9413708538708517,0.9459162879537766,0.3469582143434271
fixed,D5,D5-142,0.4041598372275317,0.9411545180484157,0.9585676925830502,0.4000324476152808
fixed,D5,D5-143,0.3587308887548033,0.8936781010734153,0.9500700181602147,0.4067474055783001
fixed,D5,D5-144,0.20192411181347894,0.6845854971517127,0.953560990536521,0.3478683168118136
fixed,D5,D5-145,0.37656457429198287,0.9354783541857806,0.9535267991480055,0.3550423644670034
fixed,D5,D5-146,0.3297420416359798,0.9480748564238274,0.9690068707257888,0.5821127673759596
fixed,D5,D5-147,0.47507836587693797,0.9842526378018956,0.976583340621734,0.27965785125763765
fixed,D5,D5-148,0.20826740753271697,0.8259891906233925,0.9657852519620552,0.4188215984577206
fixed,D5,D5-149,0.5088993592477895,0.9513619239640756,0.9597407466841319,0.1767621317550439
fixed,D5,D5-150,0.20923553843403694,0.720873459114548,0.9597236760660225,0.4258615914543736
fixed,D5,D5-151,0.3965138122029727,0.955843458193973,0.9623794099079337,0.4007433453613921
fixed,D5,D5-152,0.4115089709619488,0.9238711479477675,0.9561732400436879,0.3597080407010533
fixed,D5,D5-153,0.4662695779298231,0.9808400463680849,0.9614806949375012,0.31581477650903944
fixed,D5,D5-154,0.4233772258039072,0.9855173677328779,0.9684161183192107,0.5412272724278667
fixed,D5,D5-155,0.27363795223785936,0.8021863020454365,0.956422045058241,0.22506689060827267
fixed,D5,D5-156,0.4688070874100503,0.9741753181459156,0.9549012674655457,0.2990567919918071
fixed,D5,D5-157,0.33685787440780884,0.9206719704599089,0.9677983511518189,0.36982876270315296
fixed,D5,D5-158,0.30349707278083365,0.9228016431585413,0.9613246448854283,0.28095079152908653
fixed,D5,D5-159,0.17752434426470565,0.7732631053051396,0.9614540957876044,0.5337979029103673
fixed,D5,D5-160,0.2943896838823758,0.8617019854967594,0.9632275369397255,0.4430090571768961
fixed,D5,D5-161,0.21694168223370155,0.6170634024267878,0.9489087168572197,0.3634306085470002
fixed,D5,D5-162,0.4005184533390185,0.9912564427268403,0.9803247785923437,0.4665271914930512
fixed,D5,D5-163,0.4704838021984935,0.9786861149068569,0.9614700845352617,0.3252434915668425
fixed,D5,D5-164,0.2137051383518914,0.8634775105602789,0.9751767527680099,0.40822676802035246
fixed,D5,D5-165,0.25938981757135127,0.8532748697889385,0.9644262341373225,0.4976912027826997
fixed,D5,D5-166,0.27933879771200026,0.8605414648410902,0.9633318987489446,0.4426177421287171
fixed,D5,D5-167,0.40707815901093874,0.9588509760494343,0.9650501583277549,0.45861689618094864
fixed,D5,D5-168,0.46396347075196587,0.9711757808242161,0.9579946892573663,0.3916639516128487
fixed,D5,D5-169,0.2093620364144361,0.8254234251720242,0.9679074682633309,0.5724978086784639
fixed,D5,D5-170,0.3194206061657883,0.9384215934789033,0.9713043012849774,0.5140633079481569
fixed,D5,D5-171,0.41363542563018885,0.9926279399188886,0.959695854347705,0.46933918139902653
fixed,D5,D5-172,0.1845502580361039,0.6838444569586899,0.9560526002938654,0.44603394566799665
fixed,D5,D5-173,0.4434774488341631,0.9549496317905702,0.9533810435357987,0.45577127921118965
fixed,D5,D5-174,0.35655929604149544,0.9386375638659781,0.9721567552836349,0.33832926893258075
fixed,D5,D5-175,0.24668885707245355,0.8965327499527288,0.9695422584923541,0.3059507954125527
fixed,D5,D5-176,0.32473977770224877,0.9220751403648839,0.9506686542074665,0.5757406090480369
fixed,D5,D5-177,0.43808424705171534,0.9712846759762257,0.9593548870799709,0.40746722536703867
fixed,D5,D5-178,0.1828580758884889,0.6248890688794637,0.9553896977120047,0.5516091650528214
fixed,D5,D5-179,0.45125376659389527,0.9795965019544902,0.9641173605456058,0.4725710518370898
fixed,D5,D5-180,0.4469747237218912,0.9379521374039467,0.955063731684916,0.36341242235943616
fixed,D5,D5-181,0.46272714565059464,0.9753355320619199,0.9590990158021522,0.4304512674491366
fixed,D5,D5-182,0.4551797310267456,0.9613911671393531,0.9354054677726139,0.3540690251033657
fixed,D5,D5-183,0.4527850793673995,0.9798415416980444,0.9546494413992893,0.26968969184093794
fixed,D5,D5-184,0.46666553775199243,0.9775579463738703,0.9526901046662112,0.3212829208929407
fixed,D5,D5-185,0.3728191470482276,0.9828460538183459,0.967253715184983,0.46691373799265573
fixed,D5,D5-186,0.15741326884518753,0.4356461264744772,0.97032492017628,0.25345831113692197
fixed,D5,D5-187,0.43228696040009656,0.9872562312072626,0.9714186543439807,0.4568138888635438
fixed,D5,D5-188,0.4560271628390853,0.9851105230811806,0.9591563917895441,0.37006998474320973
fixed,D5,D5-189,0.4375818995272428,0.9868790038304852,0.9715078570139629,0.507461827695054
fixed,D5,D5-190,0.1574191196450019,0.5435687961478576,0.9551332711291345,0.5590573901603805
fixed,D5,D5-191,0.4200567784289886,0.9412056520141653,0.9643347999950782,0.33375213099811624
fixed,D5,D5-192,0.3461597168248754,0.9216166712518322,0.9649831476930623,0.3370924009294567
fixed,D5,D5-193,0.20027544181259932,0.669416608592482,0.967617009625773,0.21843644737846152
fixed,D5,D5-194,0.25938558701329095,0.813559061921073,0.9637711229618975,0.38631967381412274
fixed,D5,D5-195,0.23409684139732848,0.8697007755104068,0.968060310929985,0.5349427833086218
fixed,D5,D5-196,0.13624607261595575,0.49486409226282735,0.9622072220155342,0.5055432820411233
fixed,D5,D5-197,0.4501733991029432,0.9680162794392869,0.964444135751242,0.43253111215161877
fixed,D5,D5-198,0.24901349562357045,0.8750610715426261,0.9724373364459183,0.35652144449523276
fixed,D5,D5-199,0.387099995103454,0.9455298530062498,0.9677523256978803,0.4675749157900657
random,D5,D5-0,0.4078030841667455,0.9973208413213039,0.9939968170227452,0.7945912057281667
random,D5,D5-1,0.3713788314881152,0.9980668605325239,0.9204895606494878,0.14385754366003858
random,D5,D5-2,0.3692453602033674,0.8390323862968869,0.921845290274441,0.3152298347709426
random,D5,D5-3,0.5252630834843078,0.7527916513082576,0.7926204181461325,-0.07398788939761233
random,D5,D5-4,0.34509132638153,0.9722152224492705,0.6733411919477961,-0.05405358056698726
random,D5,D5-5,0.33103252606872724,0.9564174351164819,0.9749311371486811,0.45652286145758325
random,D5,D5-6,0.3511439021675459,0.7834583666131331,0.9175942595291107,0.5067947781587397
random,D5,D5-7,0.40038541540333256,0.9871353479718303,0.9877077721535867,0.534288149900528
random,D5,D5-8,0.3858312236029108,0.986398051997761,0.9878005604563678,0.5845775252414143
random,D5,D5-9,0.29950588418907736,0.9763330228283315,0.9814753364305349,0.39955178548092074
random,D5,D5-10,0.39356314135529463,0.9332677016765913,0.954027662088841,0.5992816210686305
random,D5,D5-11,0.43860771372105267,0.9752843713169321,0.769639665655894,-0.2657438136625565
random,D5,D5-12,0.4587356332840425,0.9750543155556262,0.9094520340737579,-0.08260061708593142
random,D5,D5-13,0.44246732883532147,0.9979630307673529,0.9956315499836812,0.7952202946963256
random,D5,D5-14,0.45320658838802114,0.9384142163510439,0.9351110564592737,0.26562151148968005
random,D5,D5-15,0.4647184352351713,0.9960682397528609,0.9878304935459433,0.6656795794322651
random,D5,D5-16,0.35108677481718786,0.9719462310723204,0.9622802367589252,0.2550389852585404
random,D5,D5-17,0.45697329182216156,0.9961968590577047,0.9799219814118676,0.6124965550153486
random,D5,D5-18,0.3992206027216265,0.9806206673869949,0.9659476948728469,0.3490824163245451
random,D5,D5-19,0.4988662622890475,0.9435784063902902,0.9081888017867148,-0.0027365359988098612
random,D5,D5-20,0.31656510724591685,0.9537659757394714,0.9815982399517159,0.5637349592514356
random,D5,D5-21,0.28116238288635553,0.6985379456581031,0.9372564448922668,0.3400678088103552
random,D5,D5-22,0.2933337612337089,0.945536771206417,0.9153655767603583,0.2070385478734064
random,D5,D5-23,0.3037127637018577,0.8213604060814335,0.9602745495033266,0.20301699256166045
random,D5,D5-24,0.3344709676838337,0.0213769405680172,0.8481029947512351,-0.03764283030827334
random,D5,D5-25,0.4783435687412592,0.9363519114626453,0.7348478739516303,-0.2432888326886927
random,D5,D5-26,0.05722998109285122,0.8283046372911546,0.9947080477442656,0.7142813819999182
random,D5,D5-27,0.43808546206124105,0.988912305462537,0.9580109485901721,0.21678863377467747
random,D5,D5-28,0.6091552568564893,0.7817714463592074,0.8233844137333818,-0.15232678916260162
random,D5,D5-29,0.6452353497451345,0.7432121326877368,0.6163424140951619,-0.25818779283500126
random,D5,D5-30,0.4093818709654686,0.9949481163513708,0.9951693905158012,0.7451821318172183
random,D5,D5-31,0.38366430719277445,0.9868848970840497,0.8811656170115973,0.17385250926651682
random,D5,D5-32,0.47705428759359053,0.6958870469205607,0.8531388055468693,-0.03905434718383412
random,D5,D5-33,0.481647139277187,0.9846922515665044,0.9650062300342308,0.5680132648900624
random,D5,D5-34,0.3225181507282271,0.7706880216465621,0.9165833190648145,0.1564425449488514
random,D5,D5-35,0.44681713849765,0.7815115166686135,0.765360849350545,-0.10893040433605665
random,D5,D5-36,0.2754374399308176,0.7060166930784538,0.9493314498263282,0.3226029984984002
random,D5,D5-37,0.36466234804446745,0.9286941190999924,0.9546304189995977,0.4766576624747799
random,D5,D5-38,0.4492020742539854,0.9967862389498503,0.9659395593469362,0.34083294860575314
random,D5,D5-39,0.22584341839700214,0.7781130058702224,0.9644010044668976,0.3281026868596214
random,D5,D5-40,0.2849249755416318,0.9660567699785075,0.9864575022593703,0.5233999323613044
random,D5,D5-41,0.39872622194670254,0.9814216032960844,0.8115820682824577,-0.17864123907693902
random,D5,D5-42,0.360420978042709,0.9885699124199915,0.9928397307411161,0.7628374021912209
random,D5,D5-43,0.2748802254854304,0.8550874523289399,0.9619863037949035,0.42727015779725336
random,D5,D5-44,0.4484639471256317,0.9514466326347082,0.9638827836087528,0.17503800373743772
random,D5,D5-45,0.5901709896467144,0.7128066868816868,0.779551761347661,-0.3106581673729217
random,D5,D5-46,0.4326343850581911,0.9932873581263177,0.9290666881767788,-0.016749189882403575
random,D5,D5-47,0.4492000043241544,0.9930896543977624,0.9427299012202783,0.17706055937805615
random,D5,D5-48,0.44122987483362563,0.976167431759681,0.6800332306808807,-0.23138802844274883
random,D5,D5-49,0.30895315044564664,0.8206393117279664,0.9543977613491914,0.1185210980127325
random,D5,D5-50,0.05620078980256502,0.3907443570997591,0.9821109298015093,0.6729720505681854
random,D5,D5-51,0.12981858677051705,0.7105903566413596,0.970438474947254,0.6051290740760866
random,D5,D5-52,0.5443036366174281,0.8188053194728905,0.8332277500409504,-0.09065669871955752
random,D5,D5-53,0.44157838146598083,0.9928780753507415,0.9872529214759794,0.4576463745121818
random,D5,D5-54,0.3019462489582639,0.7006477944834861,0.934441300985688,0.2732958519227591
random,D5,D5-55,0.28675999958444603,0.9717351537362281,0.9888832149840392,0.6178071982733866
random,D5,D5-56,0.4556298841495074,0.902449349799381,0.894349763556255,0.06213778211893939
random,D5,D5-57,0.31883714393233825,0.35706540575611356,0.9456386396621848,-0.10834617132230234
random,D5,D5-58,0.5113700858193159,0.8758693539493593,0.88781941854593,-0.24295409886836059
random,D5,D5-59,0.3263986388762147,0.44993354686229536,0.9087271347338739,0.06664970543767146
random,D5,D5-60,0.45967375023813634,0.956451185532298,0.833375742218776,-0.14421117790940483
random,D5,D5-61,0.44655178006701934,0.9611365953998378,0.9647037472672766,0.2890553494859444
random,D5,D5-62,0.48750442480924894,0.9765387663311555,0.9176956717900598,0.20867429236547436
random,D5,D5-63,0.6692092330398377,0.8035148249342603,0.5981517973299211,-0.20253211039299954
random,D5,D5-64,0.602202900984204,0.6070484190787396,0.7345058867834926,-0.28967110479297487
random,D5,D5-65,0.45587518341129835,0.912781385415844,0.9406095059965707,0.17911999216705862
random,D5,D5-66,0.37285937351657583,0.8317088248441497,0.9389292833479381,0.09470048299446673
random,D5,D5-67,0.463161304377437,0.9781452191699267,0.9610347491920025,0.3844410227214761
random,D5,D5-68,0.25848289397129404,0.48461696494507567,0.9367634686111229,0.2173776862629919
random,D5,D5-69,0.5425569824324776,0.26730602114202195,0.7671003171606885,-0.2876055220858563
random,D5,D5-70,0.17266528713761506,0.9576965806855708,0.9918541190877372,0.7045313690179873
random,D5,D5-71,0.46919086513888725,0.9907639564997693,0.9711931351930037,0.4109272993103608
random,D5,D5-72,0.46961401818623827,0.9496976848408871,0.9348306491941258,0.17386460029919656
random,D5,D5-73,0.45976177780537864,0.9276703155161315,0.8467003979657615,0.1231601416191266
random,D5,D5-74,0.45262213777864524,0.9907855429679251,0.9572823927714945,0.428714760027337
random,D5,D5-75,0.20693779776942445,0.6332172766139619,0.9577987610598736,0.22009840232383024
random,D5,D5-76,0.25511389647070404,0.8746224499752466,0.9670456671504538,0.5348720580809235
random,D5,D5-77,0.3862028823791876,0.9696083536578912,0.9772696905646178,0.6015660946587539
random,D5,D5-78,0.4964277123036486,0.8223628684825242,0.7643290120658314,-0.27397942493398464
random,D5,D5-79,0.44493682774963844,0.9864340317658308,0.9227260729553832,0.20605866718501703
random,D5,D5-80,0.48705450278062995,0.8554909049045191,0.9227283667560213,0.027991983976542473
random,D5,D5-81,0.5978954779109458,0.8658187651953356,0.8243675066285493,-0.07520215516660028
random,D5,D5-82,0.4205938526156805,0.9919915935245263,0.9464377167060015,0.2558182347808341
random,D5,D5-83,0.12635295004956035,0.9337395296944732,0.9945472864365239,0.7434823589083221
random,D5,D5-84,0.34725749192105804,0.971668851519266,0.9746609823882271,0.3344323052125698
random,D5,D5-85,0.06889475293068253,0.8875500711866857,0.9963312773982884,0.7105105515216011
random,D5,D5-86,0.39129653702172257,0.9959875438143778,0.9596436360964352,0.47889985499736576
random,D5,D5-87,0.35813048045090584,0.962893897424058,0.9648253730689595,0.3529725698992185
random,D5,D5-88,0.47276062413590386,0.9751299233609658,0.9554732512527884,0.41879094672552625
random,D5,D5-89,0.4624477900710097,0.983312902500183,0.9812900107219142,0.1503157223633167
random,D5,D5-90,0.40032880825332584,0.980659103870137,0.7449678058346256,-0.046593104672988904
random,D5,D5-91,0.3874590135067032,0.9308573631331627,0.9412685807703942,0.49773046974066965
random,D5,D5-92,0.37069466049344524,0.9940102793262242,0.9955030179627369,0.7741254941723507
random,D5,D5-93,0.152866317926293,0.956128962756654,0.9928749761921344,0.6873120320078804
random,D5,D5-94,0.37524402563546727,0.9741607367537873,0.9851026023670495,0.49090723669907194
random,D5,D5-95,0.488494477502867,0.9867058412200775,0.9492728846436616,0.042814825852503326
random,D5,D5-96,0.24745427896665667,0.9396258438621241,0.9879007460123281,0.572869651254548
random,D5,D5-97,0.4182182699384562,0.9779576622483754,0.9068660345308621,0.2964528380849581
random,D5,D5-98,0.4035611265350392,0.9943449289850558,0.9274679960564169,0.07517190602305042
random,D5,D5-99,0.39775348644500613,0.9963066057359353,0.8586718078873339,-0.238873426984746
fixed,D6,D6-0,0.4166621741195787,0.8553613620806986,0.09040090571825565,-0.22555516047247173
fixed,D6,D6-1,0.3689235100238606,0.8870369961855232,0.10918062418385488,-0.36224397494618804
fixed,D6,D6-2,0.42172062263052423,0.8342689350076905,0.04637376952482786,-0.3823660340211622
fixed,D6,D6-3,0.3975740966710887,0.9045982893642562,0.07021271855805156,-0.4120707153601756
fixed,D6,D6-4,0.4206473105056045,0.9297402590167326,0.03924385286348753,-0.36750854056382204
fixed,D6,D6-5,0.30934024643048424,0.8466044941371189,0.03662791023680467,-0.3072589120366899
fixed,D6,D6-6,0.3401436087859757,0.9336716541576813,0.04017707270499904,-0.18724387660904548
fixed,D6,D6-7,0.3196581265476478,0.9212844052999766,0.1283781800576388,-0.3556094928912096
fixed,D6,D6-8,0.35232237454122717,0.8798944104730573,0.0315205976671894,-0.2810651320685704
fixed,D6,D6-9,0.42155195899996883,0.9036644415088507,0.12375724777936481,-0.20281860001629146
fixed,D6,D6-10,0.32238734134946745,0.9096246235515272,0.14749689058218496,-0.2639403087274525
fixed,D6,D6-11,0.3295866555232602,0.9351467347194053,0.1694724406298238,-0.2840038358919867
fixed,D6,D6-12,0.42748509949263325,0.8898037731048982,0.11325952547786577,-0.3459779491016488
fixed,D6,D6-13,0.4013555048161227,0.8200399405588309,0.06364111467635325,-0.429226758032526
fixed,D6,D6-14,0.34308794170405743,0.9249915261776174,0.2802037436022481,-0.3496141193938482
fixed,D6,D6-15,0.47675834240267306,0.8473172568677402,0.10073185756717673,-0.35354393562228353
fixed,D6,D6-16,0.355629408005548,0.8996919924479883,0.13424285242788314,-0.32989336479075876
fixed,D6,D6-17,0.3991377776822701,0.8877877440452078,0.08604667253722298,-0.36205878861561525
fixed,D6,D6-18,0.45986036895428434,0.8277881556504594,0.07117157872810242,-0.3023334648001524
fixed,D6,D6-19,0.4396934530224986,0.8379393134025652,0.11779997969543277,-0.28462880359586035
fixed,D6,D6-20,0.4577011349036445,0.7527761350509299,0.004688190291479155,-0.3557064491653438
fixed,D6,D6-21,0.35664687364595493,0.9260003159316094,0.13647482206710415,-0.11995521041407171
fixed,D6,D6-22,0.37218454791189287,0.8745861674774296,0.0,-0.3588709511666887
fixed,D6,D6-23,0.40398339434990743,0.8879533407087452,0.25044896702268304,-0.2608865284785823
fixed,D6,D6-24,0.42341837036219415,0.8925013676425637,0.10669278100791235,-0.33108067111144646
fixed,D6,D6-25,0.4013450295709484,0.9043644263674213,0.16848717004705394,-0.26815260738170843
fixed,D6,D6-26,0.4326614940120572,0.8720835096673114,0.12260976872243046,-0.2509643343468729
fixed,D6,D6-27,0.42076957205352966,0.9185363478660237,0.1758917653886174,-0.3723948142793464
fixed,D6,D6-28,0.4288894144446536,0.8441111779239607,0.008637656200503607,-0.4013271361741676
fixed,D6,D6-29,0.4125119971295182,0.9282720173976038,0.20003784397316526,-0.2740742049656714
fixed,D6,D6-30,0.4039743203493653,0.8854646603082541,0.024022819390505767,-0.27016477965020247
fixed,D6,D6-31,0.46643550374436815,0.8600004343183482,0.1990819154349852,-0.3961950591891979
fixed,D6,D6-32,0.3844263256877657,0.8708388307565333,0.0,-0.3432620626345949
fixed,D6,D6-33,0.5285842913353697,0.7729683390661319,0.03558354869362457,-0.31241944869331184
fixed,D6,D6-34,0.41341908222815665,0.8537773045861726,0.004849349520885893,-0.3519908255424969
fixed,D6,D6-35,0.44333796982703105,0.8492582392722334,0.06410728665398313,-0.26082659319056933
fixed,D6,D6-36,0.4714534976994552,0.8732512836299458,0.12302912286283463,-0.19303825192337207
fixed,D6,D6-37,0.4044536079899782,0.8800401679015457,0.049575548432332917,-0.3341061709781696
fixed,D6,D6-38,0.435131467143392,0.865571509210954,0.0,-0.2321983611301613
fixed,D6,D6-39,0.4195913550957015,0.8415446396658715,0.0,-0.152328422131956
fixed,D6,D6-40,0.3779035898549834,0.8993559231253349,0.05095055639199819,-0.4283439664639648
fixed,D6,D6-41,0.3652586242843889,0.9257854636671067,0.016341921607470833,-0.3901723421730506
fixed,D6,D6-42,0.39358114583442205,0.8905021371942531,0.04983058826050535,-0.27759624782764203
fixed,D6,D6-43,0.3684266813957803,0.9189460692094215,0.0,-0.23490548273215722
fixed,D6,D6-44,0.38569742409616026,0.8829860772933159,0.04184883967141173,-0.4760571584817655
fixed,D6,D6-45,0.3601008355229149,0.8429567429578755,0.0,-0.21218818896673866
fixed,D6,D6-46,0.3640308879547028,0.9405177823162449,0.09242664002545642,-0.2814994978927429
fixed,D6,D6-47,0.3943443142534805,0.8473209477029817,0.0688953331472193,-0.35081240275979836
fixed,D6,D6-48,0.3598051044514993,0.9146364011396166,0.027231166944550078,-0.24591874088180588
fixed,D6,D6-49,0.39629524133412863,0.8834868441391783,0.05354404846775496,-0.3307581149677868
fixed,D6,D6-50,0.3578007114235316,0.9205098513751566,0.11098808117390702,-0.2549491960892316
fixed,D6,D6-51,0.3846520128973554,0.9181963924379902,0.09529883651183524,-0.3768431017369348
fixed,D6,D6-52,0.42316781257801356,0.8703768455612205,0.055271065643359596,-0.17267526143808806
fixed,D6,D6-53,0.4210332043458032,0.8350150428393501,0.03461389452681429,-0.1575364943446992
fixed,D6,D6-54,0.38544566518304396,0.8277430316194132,0.0,-0.3061304631069648
fixed,D6,D6-55,0.3767105973026202,0.9208767438015589,0.05124619428633648,-0.2864954639652195
fixed,D6,D6-56,0.4380585232920134,0.9062636063001255,0.19167432144900287,-0.18711205599144637
fixed,D6,D6-57,0.39430652659097415,0.9081890409177069,0.11146583305745672,-0.4287807154133639
fixed,D6,D6-58,0.42712012021014384,0.8822230904347,0.32196503126750076,-0.3011408060879374
fixed,D6,D6-59,0.33916611480108716,0.9017455676683518,0.050973578730250435,-0.26350408776917633
fixed,D6,D6-60,0.3933212363810502,0.9209476654122121,0.12333876319982295,-0.14544656210005408
fixed,D6,D6-61,0.373019333898836,0.9132318879477848,0.1568978452026657,-0.28497932615717997
fixed,D6,D6-62,0.3544360880363717,0.883943121055389,0.0,-0.2837880524647703
fixed,D6,D6-63,0.32107991680237197,0.917998977898473,0.09729114429834806,-0.34967913832607095
fixed,D6,D6-64,0.3717026644875293,0.924402595174455,0.1687002373168024,-0.3312822280348901
fixed,D6,D6-65,0.4057417931050006,0.8491551972894265,0.08456867789689726,-0.32189176709250844
fixed,D6,D6-66,0.3855865813819732,0.8824786757727647,0.08492602923340886,-0.34963938018166674
fixed,D6,D6-67,0.44805187844921385,0.8646225775136892,0.10240510635291689,-0.34924671334570334
fixed,D6,D6-68,0.353417406405556,0.9240632922584241,0.12611924051938184,-0.29385404730462394
fixed,D6,D6-69,0.3486569745738513,0.9393561786259187,0.13682061348069208,-0.3600370566430269
fixed,D6,D6-70,0.40133012515935224,0.8867225401763259,0.09084154847099524,-0.4129884027047135
fixed,D6,D6-71,0.36346581962867236,0.9311690871455394,0.15769176709310173,-0.2810104823987715
fixed,D6,D6-72,0.401867533471278,0.926087766019259,0.06734629222054578,-0.32107825604713863
fixed,D6,D6-73,0.4118511972951377,0.9115361679028505,0.08964300463058483,-0.34978653923665964
fixed,D6,D6-74,0.44806762507699094,0.8774362719138808,0.10061270883116347,-0.3600784560714519
fixed,D6,D6-75,0.3564329398252456,0.8595709240159106,0.04189409385051024,-0.3491535369327436
fixed,D6,D6-76,0.39409102569993626,0.8562611525583822,0.007103910457341822,-0.3689519635740894
fixed,D6,D6-77,0.37143491713455995,0.89944162566915,0.022910277874859886,-0.18067366771866064
fixed,D6,D6-78,0.41949822782109514,0.8650999691912008,0.14904237707315615,-0.2153207498434598
fixed,D6,D6-79,0.33670965715702067,0.9364140237959091,0.12872624904559693,-0.3250825579954226
fixed,D6,D6-80,0.39360611385279193,0.8057695859067673,0.005318763225555356,-0.3099757544162845
fixed,D6,D6-81,0.4429872592332383,0.937596335052655,0.2009867018749898,-0.3645649984778702
fixed,D6,D6-82,0.47549791474870806,0.8047319037677396,0.0,-0.31983643554353985
fixed,D6,D6-83,0.34220509176350067,0.9077607766164096,0.008803604879297322,-0.2653323325812452
fixed,D6,D6-84,0.406936471600636,0.8831596012532156,0.02462792257420021,-0.2021229828266243
fixed,D6,D6-85,0.40745080190762706,0.8748694661965364,0.08416031369413923,-0.4319928773093945
fixed,D6,D6-86,0.4291713624962004,0.8597219795030565,0.11458939341838426,-0.30335919103878956
fixed,D6,D6-87,0.3526451508217363,0.9228053868373212,0.08468439495101832,-0.20799731414135
fixed,D6,D6-88,0.34242700355031647,0.8972010619104264,0.08667675675229036,-0.33428051560239574
fixed,D6,D6-89,0.38337108705077433,0.9074156367921778,0.0,-0.2928344686415463
fixed,D6,D6-90,0.4263605395147901,0.8842548130322007,0.13360819339853724,-0.3130590196433239
fixed,D6,D6-91,0.3919683536113796,0.8612086155232916,0.006999663145827895,-0.2680613366616374
fixed,D6,D6-92,0.45732814781954795,0.8796924059622981,0.24620254363351468,-0.2924544245326614
fixed,D6,D6-93,0.415850962328624,0.8868006923607291,0.1412438325171086,-0.29197634580245746
fixed,D6,D6-94,0.3836006899511732,0.9210137281827896,0.14721531880511196,-0.2861243723928461
fixed,D6,D6-95,0.4081009068495924,0.9075028788724135,0.050834547022446164,-0.2838670334463136
fixed,D6,D6-96,0.3504479587013696,0.8920226688449882,0.1191363604793666,-0.29756212281488514
fixed,D6,D6-97,0.4401242909956742,0.8797118529119055,0.09056187511132185,-0.37436924581416336
fixed,D6,D6-98,0.36035414671013155,0.8485385286884417,0.011278916789868587,-0.36066881874958084
fixed,D6,D6-99,0.3731801102163178,0.9064680164919374,0.0,-0.27215271750514136
fixed,D6,D6-100,0.3699303118145043,0.9251971901425191,0.13277682192340967,-0.3612844175882021
fixed,D6,D6-101,0.38799683000913615,0.835206099891298,0.011999151541143949,-0.35405308576071776
fixed,D6,D6-102,0.35793311644850434,0.8732864330117799,0.0,-0.29647728537017537
fixed,D6,D6-103,0.37904785972391514,0.9379962972095912,0.01421713199286645,-0.36617535127657386
fixed,D6,D6-104,0.3601038338941389,0.9140117254794319,0.03104018780991802,-0.3615960196275508
fixed,D6,D6-105,0.3974623775829437,0.9088379790999253,0.05318850499017169,-0.2684468313082297
fixed,D6,D6-106,0.3725381281851577,0.9253344704210253,0.19809498804571168,-0.32687510679133874
fixed,D6,D6-107,0.36939124003357654,0.92781136788001,0.04685670892719995,-0.3859084393828352
fixed,D6,D6-108,0.392629720995721,0.8294028178253738,0.043340541569130586,-0.33139309245899157
fixed,D6,D6-109,0.3817556676081835,0.9196470915390236,0.09897779439658472,-0.28655652574824875
fixed,D6,D6-110,0.3686502743211323,0.8859524958942585,0.0,-0.2623042643652607
fixed,D6,D6-111,0.3446652936974928,0.9113239986775943,0.032204570389608,-0.28308409148984187
fixed,D6,D6-112,0.3754243018756381,0.908877212599069,0.2782111381856961,-0.45382476746677053
fixed,D6,D6-113,0.41445951136972226,0.8782180430676849,0.03843169270233571,-0.3246084412860858
fixed,D6,D6-114,0.43283571590634123,0.8581905808092972,0.0,-0.2571859989361612
fixed,D6,D6-115,0.3675025219942286,0.9132007456731266,0.1590005797419517,-0.23478395014778344
fixed,D6,D6-116,0.40846065900315853,0.8829610303809411,0.16734917405805438,-0.3446473298487923
fixed,D6,D6-117,0.4043528207276269,0.9169196536867993,0.14660665173319187,-0.30776475442363405
fixed,D6,D6-118,0.3765863396832111,0.9418538760439202,0.18816407257064816,-0.374975044565662
fixed,D6,D6-119,0.3799386635863748,0.9105503340733041,0.16599197320554537,0.005212336014930686
fixed,D6,D6-120,0.357782010385383,0.9036105886056095,0.0,-0.3932499187403762
fixed,D6,D6-121,0.35972671518785543,0.9062392954558374,0.11699709471281838,-0.40718976605730467
fixed,D6,D6-122,0.3548532775474003,0.8880600372620606,0.08207521331732526,-0.3450398175290634
fixed,D6,D6-123,0.38119912604485573,0.9334878725882048,0.05482500524540035,-0.3243999680420914
fixed,D6,D6-124,0.37573287594356575,0.868488839641943,0.09117937043442448,-0.32472294879129215
fixed,D6,D6-125,0.32363445561970233,0.9323954087109396,0.11991554585377096,-0.1841491982161105
fixed,D6,D6-126,0.4267627769746904,0.8867538603559948,0.16897395115885727,-0.36018007606057134
fixed,D6,D6-127,0.41443162993357124,0.7939166610969474,0.04832456283980002,-0.24287666723302292
fixed,D6,D6-128,0.3589072001797058,0.8640014983758536,0.1295680465616269,-0.2944112010801231
fixed,D6,D6-129,0.32731774611095305,0.9356424888887607,0.036452736066592384,-0.2932051795314061
fixed,D6,D6-130,0.3603121647015254,0.9131750224336282,0.1730343950809442,-0.11800045100795131
fixed,D6,D6-131,0.4112401665329153,0.8700197334660682,0.05921267274347963,-0.3673420480470808
fixed,D6,D6-132,0.4260257752164168,0.911384101020979,0.17403893203312815,-0.29830347319049005
fixed,D6,D6-133,0.3784801534067459,0.8808905813439399,0.12132618986408272,-0.3636379720528038
fixed,D6,D6-134,0.39573206379235165,0.9282762859446045,0.08826307490628782,-0.14552998704134973
fixed,D6,D6-135,0.4020485948961731,0.8825474306094642,0.028415639294740003,-0.24901875913515203
fixed,D6,D6-136,0.4319566085697555,0.886345065823567,0.17366471584846943,-0.30664315833937117
fixed,D6,D6-137,0.42564492077945004,0.8289200622862373,0.07066820192923506,-0.3312052105421789
fixed,D6,D6-138,0.3379185767552748,0.8791576661247874,0.0,-0.3318672460349457
fixed,D6,D6-139,0.41109177593175333,0.8191284179943623,0.026022874222192294,-0.2551847075319217
fixed,D6,D6-140,0.41522108541098535,0.9104897440939821,0.10022102490355056,-0.4281381871575585
fixed,D6,D6-141,0.4474470278671979,0.8611510277974644,0.03871100214928169,-0.38313485822469334
fixed,D6,D6-142,0.3837060133045164,0.897871937078061,0.08373693856084974,-0.3675318007100535
fixed,D6,D6-143,0.3497578500921985,0.9261148775979235,0.1303937476494592,-0.20120544161523207
fixed,D6,D6-144,0.3616621206181266,0.9422292847350938,0.11329445299422691,-0.3373585422695182
fixed,D6,D6-145,0.5006797377079594,0.8141059276613641,0.05913724606020798,-0.45666628799041936
fixed,D6,D6-146,0.3417909840671046,0.9391283458407177,0.17000422731347198,-0.2631532182555647
fixed,D6,D6-147,0.2741002220388084,0.9477402302140685,0.09461988021770107,-0.18959651036043368
fixed,D6,D6-148,0.41904770293803095,0.8916725797572078,0.16064862607513608,-0.20040504958196959
fixed,D6,D6-149,0.41746089919248963,0.8577011854578704,0.055114592329863266,-0.4463387207622715
fixed,D6,D6-150,0.362841190781634,0.9237889111386519,0.08958418649444344,-0.29816631349718586
fixed,D6,D6-151,0.3883938510475121,0.904373642460939,0.0782147599897346,-0.3384859673247402
fixed,D6,D6-152,0.3952652760317204,0.8823948374885678,0.10949983117164142,-0.3149997500644336
fixed,D6,D6-153,0.37811249690308285,0.88687770179151,0.0,-0.21524262796102786
fixed,D6,D6-154,0.42310804445512856,0.8757122563054102,0.1340217605574523,-0.2593343855474771
fixed,D6,D6-155,0.3272677505730647,0.9285123584977317,0.12844617330687247,-0.30118642096629555
fixed,D6,D6-156,0.440972178551671,0.8614998870023386,0.15833457856532296,-0.14811420114905222
fixed,D6,D6-157,0.4104363437149345,0.8488692115220421,0.011108051389045137,-0.33976984862348286
fixed,D6,D6-158,0.3812810113190001,0.9385085792785924,0.25085832171641176,-0.46577168497894006
fixed,D6,D6-159,0.41595401810947585,0.8286188205155676,0.06460677404019877,-0.24116547049918524
fixed,D6,D6-160,0.3509470930005664,0.8757972267734171,0.06415831620216894,-0.2782305714244064
fixed,D6,D6-161,0.39097703376887905,0.844570216287806,0.01292482267559858,-0.3070115860691755
fixed,D6,D6-162,0.3590192475897549,0.9152662661239377,0.08664488938046833,-0.11491581320636363
fixed,D6,D6-163,0.39209967931939926,0.8769937418245192,0.07941174546494922,-0.33791215544920417
fixed,D6,D6-164,0.36249619910666236,0.9294670364651316,0.01644741087212853,-0.2504504125538354
fixed,D6,D6-165,0.42939153560419985,0.8731427466985492,0.06433663737389295,-0.20454854754924173
fixed,D6,D6-166,0.44734530681806534,0.8203475551260565,0.06988660798470225,-0.38748642654107096
fixed,D6,D6-167,0.38379955231835566,0.892545483755113,0.1482793887922409,-0.2915715370145562
fixed,D6,D6-168,0.39185886107139284,0.9082832274254143,0.13526567124235667,-0.37589840365077926
fixed,D6,D6-169,0.3549395550937736,0.9177914538007044,0.0,-0.3678679097989535
fixed,D6,D6-170,0.4481588276284057,0.871335283680674,0.1512243473705286,-0.13434113160650157
fixed,D6,D6-171,0.35973948389221055,0.8734278455130595,0.07591103304024616,-0.3176398719141744
fixed,D6,D6-172,0.4077657510532262,0.910539596297209,0.1142050744325217,-0.3673713150767918
fixed,D6,D6-173,0.38602469257758565,0.9328020533805929,0.09645997422346342,-0.36493264653773894
fixed,D6,D6-174,0.39600585862079524,0.8950446005840996,0.1420404801565469,-0.3477091634305547
fixed,D6,D6-175,0.38694933927136904,0.842978953253336,0.07480692253605492,-0.2755071807113776
fixed,D6,D6-176,0.3574161566321004,0.8916231473226156,0.08997333335901114,-0.4051706025829689
fixed,D6,D6-177,0.3666937702398012,0.9103896019860642,0.05660889640629774,-0.3331048015697874
fixed,D6,D6-178,0.3916355925467634,0.8796614136503849,0.11955702800315304,-0.4658649657568294
fixed,D6,D6-179,0.38419370995127616,0.8903705258565147,0.0,-0.40153351804270754
fixed,D6,D6-180,0.40377922882289585,0.8710567329827856,0.12914400840916274,-0.37701969820408826
fixed,D6,D6-181,0.39290176557959255,0.9124931584805592,0.1621358805438703,-0.35705134165918095
fixed,D6,D6-182,0.43166032640111396,0.8965415415049818,0.036090374682573034,-0.2781071448391083
fixed,D6,D6-183,0.35097658186190417,0.9005885517799793,0.0396778628656721,-0.2654196935277962
fixed,D6,D6-184,0.32128472257159374,0.9523788610300953,0.16699774615411023,-0.39143781433473757
fixed,D6,D6-185,0.35761082478942496,0.8874822993143259,0.06872076336884458,-0.3645379511938159
fixed,D6,D6-186,0.43056767641467003,0.8944985634553986,0.012994643347933432,-0.3006814131080627
fixed,D6,D6-187,0.3756725776075013,0.9077318927386927,0.02441712703116483,-0.48674540707413005
fixed,D6,D6-188,0.3996083857671714,0.9224984034407269,0.2158585125504522,-0.17574656074056713
fixed,D6,D6-189,0.417693543170545,0.874942792898325,0.1878909193341567,-0.2791982495117664
fixed,D6,D6-190,0.3831268618825281,0.9280275717945725,0.11956035596911252,-0.2215486448710256
fixed,D6,D6-191,0.4027171115762759,0.8978115385064658,0.12579584020396606,-0.31242075859189555
fixed,D6,D6-192,0.3886368975743047,0.8913082382402614,0.16552960795028038,-0.36774176581561724
fixed,D6,D6-193,0.40209073695938347,0.8966950987564873,0.0867248881837911,-0.2338812509228846
fixed,D6,D6-194,0.36057146300184667,0.9332387615419474,0.09395154942034323,-0.3063150361428897
fixed,D6,D6-195,0.3713699456453148,0.9086904704291452,0.16014291398318548,-0.3828949692091753
fixed,D6,D6-196,0.34913962216516903,0.9249662258961455,0.07068072346185494,-0.32953667304412093
fixed,D6,D6-197,0.43031753824623703,0.8766328599868058,0.007774572339236063,-0.2794799014022879
fixed,D6,D6-198,0.3923904962765121,0.8993589894149822,0.054602273235120236,-0.29308698278302747
fixed,D6,D6-199,0.42979843919892297,0.8189281308459055,0.05601635030876195,-0.45110563469347015
random,D6,D6-0,0.3418638427480142,0.8928147092913101,0.14988384304961766,-0.47133334820624206
random,D6,D6-1,0.4478558276128977,0.8261654859606202,0.16260889468580153,-0.19683784749624497
random,D6,D6-2,0.48197945696949246,0.8006062162118013,0.15528505386880753,-0.4974685505209169
random,D6,D6-3,0.44701307475017193,0.7904019735537318,0.09118969020067835,-0.41575185839626244
random,D6,D6-4,0.3878435028030548,0.9071429103304485,0.0,-0.22250694342440477
random,D6,D6-5,0.5702522493373223,0.7539504063220984,0.1264841907779527,-0.5837343770765474
random,D6,D6-6,0.35465569212668957,0.8892456386087012,0.028057005555466086,-0.38428114940095165
random,D6,D6-7,0.35213195051709767,0.8987005786153842,0.011914209799073316,-0.3581964414816063
random,D6,D6-8,0.5060805880887304,0.8588466933482791,0.0,-0.17826453099071893
random,D6,D6-9,0.3421308118882441,0.9315197562995491,0.1340399958268027,-0.3013092619082238
random,D6,D6-10,0.5553626558964221,0.7893554412278305,0.0,-0.4341097455763496
random,D6,D6-11,0.5612467408666006,0.8745226636888124,0.41932891920320803,-0.34171115232692784
random,D6,D6-12,0.4760677921150931,0.8562989153687941,0.11041937438522775,-0.3992863360604808
random,D6,D6-13,0.467944642034826,0.7261919805027346,0.0370902755698892,-0.38470883344777107
random,D6,D6-14,0.567177317280817,0.7364282288304236,0.0,-0.324560856420231
random,D6,D6-15,0.22363344451553344,0.9353356093728836,0.1736767794039764,-0.22337693045776721
random,D6,D6-16,0.44553718757049393,0.9010296604768567,0.019510608975477628,-0.29445817230085
random,D6,D6-17,0.4371843804330182,0.8067212358372332,0.0,-0.38515051506531545
random,D6,D6-18,0.31161149105816804,0.9481072293820465,0.18248091327769989,-0.3414468127232221
random,D6,D6-19,0.36787733856427657,0.8904698961879409,0.14493379044965582,-0.28627705962565436
random,D6,D6-20,0.5014039035152927,0.8207367173309157,0.1870810378355936,-0.4366345252636313
random,D6,D6-21,0.4653728182684845,0.8783562427132672,0.06431990760972772,-0.15717760926644161
random,D6,D6-22,0.5020361935787727,0.8488194146847826,0.013669452836792773,-0.14740979151418815
random,D6,D6-23,0.5522084284942376,0.7613662649961688,0.0,-0.4462645169496041
random,D6,D6-24,0.31807103666341563,0.9201158356823613,0.11374950352160407,-0.2407511387990265
random,D6,D6-25,0.4547989827487377,0.7583572877500524,0.0,-0.36674169971421194
random,D6,D6-26,0.4205378742778682,0.8459629430232161,0.030978271067700014,-0.35772764572603116
random,D6,D6-27,0.3266672011284017,0.8983323787480588,0.11989018481631497,-0.22532510117175858
random,D6,D6-28,0.5091240265550602,0.8537484740515864,0.07111070174312628,-0.23183315306667127
random,D6,D6-29,0.5094271412069803,0.7280153804093681,0.1736464658410578,-0.41677111915012693
random,D6,D6-30,0.40394809661205155,0.7924911756587933,0.05352305212153696,-0.4519561845294318
random,D6,D6-31,0.4757573149866588,0.8721759887063658,0.07131717224602963,-0.23045160841350482
random,D6,D6-32,0.42467898058490716,0.8873398474414139,0.06278668228782514,-0.17550934121210318
random,D6,D6-33,0.41694985799277917,0.8265400428692359,0.0,-0.5219853225505662
random,D6,D6-34,0.5183364416485634,0.8351351115728038,0.0,-0.3603743356428638
random,D6,D6-35,0.23122771332288056,0.9415730139514318,0.00909656326140773,-0.2345767280198686
random,D6,D6-36,0.46459304271072194,0.8264007053448121,0.0,-0.3028172476655411
random,D6,D6-37,0.7936592574965321,0.43775394379863264,0.1788579483071311,-0.48325055695980523
random,D6,D6-38,0.4655992084166287,0.9320872684101073,0.17443439305229513,-0.1928109660578103
random,D6,D6-39,0.24850986345617507,0.9467153671411417,0.08222985450020492,-0.06851192829574589
random,D6,D6-40,0.3024220740251584,0.8516106847731008,0.0318811603386554,-0.3723817975141041
random,D6,D6-41,0.30583998175850174,0.8825561795572493,0.14421118736054106,-0.31005097036677465
random,D6,D6-42,0.32809461355133507,0.9029981269778055,0.04422847635777849,-0.39107746999005233
random,D6,D6-43,0.4969549103692474,0.8461251210071233,0.0,-0.2361194272380845
random,D6,D6-44,0.6752833939752442,0.544003446006889,0.2855320215438839,-0.5234482173385535
random,D6,D6-45,0.3854031072466981,0.9109845412503416,0.2507498783841118,-0.26566624863331145
random,D6,D6-46,0.5270372105202064,0.6727112676061673,0.06867440022655924,-0.3094093319579267
random,D6,D6-47,0.486800081955404,0.7807869813505286,0.20629597514393805,-0.30341401890651354
random,D6,D6-48,0.7002472048503039,0.5777907341472293,0.05661395385178303,-0.43935441176861834
random,D6,D6-49,0.37093116984528085,0.8622732214037191,0.0,-0.20796558137124144
random,D6,D6-50,0.513839181859025,0.8959957047355868,0.1608383397867631,-0.19667138286053576
random,D6,D6-51,0.2597433890264295,0.9604906246744163,0.13749378313357097,-0.15456418956029416
random,D6,D6-52,0.3496084809391708,0.9092077302272346,0.03978762196241736,-0.25616302273605
random,D6,D6-53,0.4354697537455388,0.8071802443011311,0.007594537748207064,-0.28530464382029314
random,D6,D6-54,0.4507050135335261,0.934523543160141,0.23176083870448416,-0.3807353921253615
random,D6,D6-55,0.3999008887361225,0.913697053396294,0.1479788424431785,-0.15199043332698634
random,D6,D6-56,0.5153651797137497,0.7537448745860431,0.1446932462113183,-0.24958064852157427
random,D6,D6-57,0.3621931101206458,0.9091426591366716,0.05056254273642924,-0.06656759972294445
random,D6,D6-58,0.30729125225600673,0.9378308656931964,0.06028909321612952,-0.3117696846550478
random,D6,D6-59,0.44944881304621875,0.869778212292619,0.2011413404171224,-0.34889122501362035
random,D6,D6-60,0.6797343182719621,0.5172942003275458,0.18096843620949565,-0.3908394781814878
random,D6,D6-61,0.5605486421706035,0.8324101574010467,0.31339861363755384,-0.4571964933524421
random,D6,D6-62,0.4308398577297451,0.8309979165027264,0.0,-0.2612977588411792
random,D6,D6-63,0.5032557435841076,0.8556234646914322,0.06396952521707966,-0.25295025257167886
random,D6,D6-64,0.39419630877400497,0.8841195760915047,0.0,-0.051645079036786036
random,D6,D6-65,0.2734235606463984,0.9109782331381512,0.13606539308219834,-0.32358935223727764
random,D6,D6-66,0.4450642397610973,0.8518537006519051,0.05088585558086278,-0.371107652598161
random,D6,D6-67,0.3513500857806319,0.9177045054486606,0.0,-0.2017838321901576
random,D6,D6-68,0.3780731787465087,0.9294097624310113,0.06808512285024426,-0.45933586030847934
random,D6,D6-69,0.35021029184639463,0.9251910387672238,0.0,-0.25277982720379255
random,D6,D6-70,0.3855062560607922,0.8504887252353968,0.00443409678784934,-0.24616119116861462
random,D6,D6-71,0.4564221591967949,0.9206754987084027,0.15192159367269864,-0.27625978762690473
random,D6,D6-72,0.6114901559585065,0.7191312450541025,0.11005036359708842,-0.34043012459664135
random,D6,D6-73,0.7286901551462215,0.565027571127064,0.10970281512222468,-0.510663699639301
random,D6,D6-74,0.303228534954316,0.9392296060316145,0.09321553519416548,-0.35093528647876665
random,D6,D6-75,0.3432142165931063,0.8679509944561599,0.09896617820404019,-0.23907829987345666
random,D6,D6-76,0.6334738032670192,0.6150399718661085,0.16131027965826272,-0.5882308305203184
random,D6,D6-77,0.3364292018706911,0.8871038701413522,0.10701186630795201,-0.4618348622548505
random,D6,D6-78,0.4602419915995766,0.7510768111889747,0.1161379221351101,-0.46310904130778713
random,D6,D6-79,0.41066589550713367,0.8859362557005643,0.19963392350921194,-0.17846113343030723
random,D6,D6-80,0.4799601048584681,0.8577727297631439,0.13658804588148943,-0.3555469576977009
random,D6,D6-81,0.46232917782311045,0.9253514625803742,0.12879693473331155,-0.25843971212721223
random,D6,D6-82,0.31152429791394565,0.834447421712835,0.0,-0.42251774285353294
random,D6,D6-83,0.434143118561833,0.8885668786059633,0.061980707223348586,-0.3045865300466402
random,D6,D6-84,0.3827993059121175,0.8946918143917774,0.0,-0.33403561489820877
random,D6,D6-85,0.46102929150924515,0.8883663228900422,0.25190377929656627,-0.43912622316548067
random,D6,D6-86,0.38342796718496686,0.8886972099471455,0.028716840927521692,-0.32669756113517584
random,D6,D6-87,0.28153423237454345,0.9276581533031618,0.0,-0.31323869411609806
random,D6,D6-88,0.335091999348103,0.9091134519229976,0.0,-0.2953208988318576
random,D6,D6-89,0.32768013396723655,0.9264350740907523,0.12707607833679047,-0.3920399344712763
random,D6,D6-90,0.45741554015124164,0.854868126679037,0.020730274287499406,-0.31811434191528976
random,D6,D6-91,0.3291492564341138,0.919932295902268,0.0,-0.3051903905962611
random,D6,D6-92,0.3593392279804653,0.9023480616449225,0.12176980915219782,-0.31399152980129996
random,D6,D6-93,0.34299464142324476,0.9070056786748368,0.08736422957612267,-0.3308145329307981
random,D6,D6-94,0.3106417170172294,0.9038258944224975,0.03969839773706518,-0.42017801804845806
random,D6,D6-95,0.3957992383299424,0.8372408850008948,0.013252554884267909,-0.48506164742201546
random,D6,D6-96,0.2903307335246819,0.9245733916781711,0.11916188522063076,-0.3412417582188203
random,D6,D6-97,0.46812030470844884,0.7995263849544252,0.0,-0.6366053066446832
random,D6,D6-98,0.6069655510164567,0.8208790127876597,0.10964666990276262,-0.4497370910918762
random,D6,D6-99,0.3375028631422619,0.9142797578359626,0.11677672391088922,-0.18882945227128925
fixed,D7,D7-0,0.3179573572244341,0.9979875605158656,0.1391650269366631,-0.28628192496621
fixed,D7,D7-1,0.3320039948661777,0.997026910837118,0.1032790739001409,-0.4730654969030588
fixed,D7,D7-2,0.3293537625426218,0.9974021054832027,0.25529312385430825,-0.48736906930262675
fixed,D7,D7-3,0.32404931686563004,0.9969750705285259,0.030839171790608022,-0.41338474723008506
fixed,D7,D7-4,0.3223040459764571,0.9976788503831692,0.3048881966063677,-0.4134721849928585
fixed,D7,D7-5,0.32369558455780817,0.9975604992478028,0.1995195488784428,-0.2690108049594728
fixed,D7,D7-6,0.3281693993343686,0.9976873280668905,0.17295964067611036,-0.34100011053455226
fixed,D7,D7-7,0.31865422351754064,0.9982390257361549,0.2372159474635095,-0.33821947660686524
fixed,D7,D7-8,0.32651152424607854,0.9974093170658828,0.09053287777526708,-0.2621388094432742
fixed,D7,D7-9,0.3231009548810001,0.9985284524405554,0.3089221290295082,-0.2910659633521978
fixed,D7,D7-10,0.31480784950966567,0.9982279298051553,0.43463113221284677,-0.3458818925420378
fixed,D7,D7-11,0.33109116920340825,0.9966350885661798,0.07301861751608496,-0.38531203798367825
fixed,D7,D7-12,0.3178841923510471,0.9965988536963143,0.1805600371940076,-0.3049924988947599
fixed,D7,D7-13,0.32693548240330816,0.9959711932364813,0.0022047120102963724,-0.4363954592068479
fixed,D7,D7-14,0.3208459319308434,0.9984507314653316,0.2952881915243374,-0.3137199368982193
fixed,D7,D7-15,0.31997712739755235,0.99702535777144,0.14819245428915118,-0.34392799861179485
fixed,D7,D7-16,0.32160682722139244,0.9974290064438878,0.2444600439495892,-0.47534506014306793
fixed,D7,D7-17,0.31496133854217234,0.9977268662579877,0.3100162220861329,-0.3890076644238452
fixed,D7,D7-18,0.3145662546380989,0.9984665327542477,0.40283073065621144,-0.3376618946293001
fixed,D7,D7-19,0.32231340682148696,0.997584761608415,0.20528368445103695,-0.4001116036552138
fixed,D7,D7-20,0.318073813798399,0.9956803788184291,0.0,-0.3504873380958765
fixed,D7,D7-21,0.3275870698014821,0.9973389982260343,0.1563611283841574,-0.4168308126557924
fixed,D7,D7-22,0.3199248021699983,0.9978832337537776,0.39805624134172657,-0.3752135616931864
fixed,D7,D7-23,0.3169579803737778,0.9982679713901907,0.3487939114760916,-0.25110108807284903
fixed,D7,D7-24,0.32552922038378745,0.9984459162115524,0.37070074915145046,-0.3710451514592224
fixed,D7,D7-25,0.32121668314084556,0.9972873377801789,0.02293697014670626,-0.29843553812375273
fixed,D7,D7-26,0.3262918742655255,0.9975409639715198,0.14475418037397958,-0.25665806828320775
fixed,D7,D7-27,0.3238903997306602,0.9969705842658256,0.252517665666399,-0.43022942745667475
fixed,D7,D7-28,0.32090291066692345,0.9969331866005822,0.07047310721431821,-0.1623500690221273
fixed,D7,D7-29,0.32001370001787055,0.9983248297364479,0.40392019659138934,-0.4955155419795332
fixed,D7,D7-30,0.31911230657257494,0.9982306670635913,0.36013844203454204,-0.5509158680757213
fixed,D7,D7-31,0.32555341309168156,0.9975816271564895,0.1950776770285858,-0.2526676734663357
fixed,D7,D7-32,0.3199700730329583,0.997482117414524,0.23594243777050072,-0.3369557426928456
fixed,D7,D7-33,0.319274589297688,0.9980538741682841,0.19310171536659304,-0.41369477497100293
fixed,D7,D7-34,0.32332855232417906,0.9974761739046095,0.2497481196869158,-0.2820052594261129
fixed,D7,D7-35,0.3239513419462798,0.9981909782216257,0.2339487611027522,-0.4156613703308833
fixed,D7,D7-36,0.32245964584737746,0.997695366008613,0.12265883453036197,-0.4176282287371647
fixed,D7,D7-37,0.32773812926525264,0.9963693413673419,0.004322945225033625,-0.40551253304120427
fixed,D7,D7-38,0.31485990792428026,0.9967081915092427,0.050526797249536015,-0.4287387976738869
fixed,D7,D7-39,0.32726175208168484,0.9969550099034373,0.0893579779592224,-0.5273373904223038
fixed,D7,D7-40,0.32030436498895265,0.9974458896784167,0.2181384231286706,-0.3454093804837805
fixed,D7,D7-41,0.32207199719948415,0.9980629655017668,0.295910240154039,-0.3523085618530368
fixed,D7,D7-42,0.3189298502815283,0.9961964884643878,0.0,-0.3980221300481
fixed,D7,D7-43,0.3324530143132909,0.9975820234996576,0.1699706020617202,-0.3024112347734465
fixed,D7,D7-44,0.32203805209743636,0.9982229069011064,0.25362526106332195,-0.37818454271843543
fixed,D7,D7-45,0.31901901078467626,0.9980904023550261,0.17714339254441236,-0.3398899174755082
fixed,D7,D7-46,0.3267675341118226,0.9980534531836672,0.19189987978177359,-0.336890462561789
fixed,D7,D7-47,0.32026529745790877,0.9968774607885106,0.0,-0.32772816918604697
fixed,D7,D7-48,0.3215659027922489,0.9976258663893698,0.24793321551397896,-0.3815667216195734
fixed,D7,D7-49,0.3251809857577215,0.9974927454564662,0.26474711044220234,-0.24546423562591307
fixed,D7,D7-50,0.31312442049065736,0.9956937276608301,0.0,-0.360535870776684
fixed,D7,D7-51,0.3268661770864095,0.9974242001889445,0.08826437258689279,-0.32889388370761974
fixed,D7,D7-52,0.31898265097224804,0.9981059954503603,0.26416984860045156,-0.41274952046900937
fixed,D7,D7-53,0.33062545511564706,0.9981709639368959,0.13793197003706104,-0.27846144791701566
fixed,D7,D7-54,0.3170232474062813,0.9980137070507282,0.29508966655025193,-0.39367588175746376
fixed,D7,D7-55,0.3241924329622273,0.9986542774412146,0.40394328648874844,-0.42851719979859204
fixed,D7,D7-56,0.3218182333062186,0.9983023299328937,0.32950587067959647,-0.531827300882943
fixed,D7,D7-57,0.32341960192966407,0.9976717544603695,0.18789937950478153,-0.38351467416528856
fixed,D7,D7-58,0.32782579791915345,0.9968838973058058,0.13422205506130047,-0.2670460639717686
fixed,D7,D7-59,0.32211237565931033,0.9982918280997731,0.36080805060935073,-0.42828590732433897
fixed,D7,D7-60,0.32692007174897636,0.998162352273155,0.4156237903650718,-0.379712683467449
fixed,D7,D7-61,0.32400079770789825,0.9968043324765506,0.18647768619128946,-0.47029973179746526
fixed,D7,D7-62,0.31818728393742707,0.9979934787768412,0.2883944519530982,-0.35930619411328246
fixed,D7,D7-63,0.32511421731806933,0.9975207557051886,0.08899343400681925,-0.35385251691594344
fixed,D7,D7-64,0.3266721348257494,0.9964310475335084,0.08764477903795576,-0.3929442944376895
fixed,D7,D7-65,0.3236975835370384,0.9965849411912951,0.03197018304924082,-0.4541435891439638
fixed,D7,D7-66,0.3225577896748243,0.9975332304959484,0.25929150520225386,-0.49609671475573885
fixed,D7,D7-67,0.3239343597511721,0.997349150553506,0.1885894555781794,-0.4568395305383897
fixed,D7,D7-68,0.3187174086741797,0.9979479525995116,0.15404533359098416,-0.38900679045276865
fixed,D7,D7-69,0.3149172131906416,0.996788606494228,0.0,-0.3146878238107545
fixed,D7,D7-70,0.3181436073106899,0.9981692144415624,0.2523037646986801,-0.3518726908235075
fixed,D7,D7-71,0.3197249530084286,0.9971532211707753,0.03649729791158063,-0.3499226568146844
fixed,D7,D7-72,0.3151274612017827,0.9973431744891624,0.16253593126104293,-0.4760623929683194
fixed,D7,D7-73,0.3236341929947931,0.9977687800567591,0.19678164538649656,-0.4055469227461702
fixed,D7,D7-74,0.32263076188797296,0.9985657148363044,0.37641203808025814,-0.3121120289191002
fixed,D7,D7-75,0.3225341639061676,0.9986608095472289,0.30812009091952,-0.28807832251926985
fixed,D7,D7-76,0.3203550997795801,0.9968188797455314,0.0,-0.3066437164873639
fixed,D7,D7-77,0.3147598732938587,0.99635580779396,0.13695604094977287,-0.3905206009695081
fixed,D7,D7-78,0.32174180353273407,0.998094658585412,0.34716335744581606,-0.5034651801218242
fixed,D7,D7-79,0.31923057355324824,0.9969627031641761,0.1969272283256137,-0.43383613907998403
fixed,D7,D7-80,0.3228168151596345,0.9976400481350127,0.17589480446420647,-0.4065360153913753
fixed,D7,D7-81,0.3257910298881339,0.9975116731898344,0.20183580961505287,-0.5394656225958065
fixed,D7,D7-82,0.3221129289932647,0.9975386903389518,0.08244760409516383,-0.5314057748284954
fixed,D7,D7-83,0.323471533889165,0.9977718446847634,0.22714459238650342,-0.38415115605800393
fixed,D7,D7-84,0.31996449575466945,0.9984747653777907,0.2746925419221944,-0.40434653258558334
fixed,D7,D7-85,0.3199142339330788,0.996332386374595,0.17324131201430293,-0.4698332678597503
fixed,D7,D7-86,0.31652033213784747,0.9981210915287803,0.22316099385097565,-0.24759126851079644
fixed,D7,D7-87,0.3239686395538796,0.9979314097409596,0.22311324868892568,-0.37108079527709736
fixed,D7,D7-88,0.3232967693170148,0.9971774059198178,0.1666332158828997,-0.385615152251644
fixed,D7,D7-89,0.32395248757304573,0.9978429541150629,0.29630534078999116,-0.336787233159926
fixed,D7,D7-90,0.32493112701352245,0.9972907166657488,0.1451522902508422,-0.40489443588239876
fixed,D7,D7-91,0.32418387397611986,0.9979387393043735,0.32835151100703985,-0.454396342434708
fixed,D7,D7-92,0.3220589963321845,0.9978156974497729,0.24728241680500596,-0.4283877330265111
fixed,D7,D7-93,0.318711864946107,0.9981956122947772,0.41333263439395185,-0.3984891778776601
fixed,D7,D7-94,0.3186876046834201,0.9978284314875501,0.08722370094674436,-0.1603136355868207
fixed,D7,D7-95,0.32774851886827294,0.9985938118800815,0.3357689193188782,-0.42999047329169426
fixed,D7,D7-96,0.32201415798846733,0.9983902933221385,0.48969727765536963,-0.33601106671821546
fixed,D7,D7-97,0.31768426027470964,0.9964702295800827,0.14304717760178476,-0.33554654874892875
fixed,D7,D7-98,0.3249910443531579,0.9974428474163527,0.14964026360152438,-0.2969674416060188
fixed,D7,D7-99,0.32206078188398635,0.9965407009710396,0.14217892208600236,-0.33852153169793925
fixed,D7,D7-100,0.31894759425711755,0.9973326782232387,0.13113448698008567,-0.30499077392764906
fixed,D7,D7-101,0.3156035392082575,0.9983389293891487,0.3520627018814283,-0.4131449383978865
fixed,D7,D7-102,0.32649071101228283,0.9980485078758532,0.27448587226403975,-0.32250443605164264
fixed,D7,D7-103,0.32026104901152624,0.9964535744686428,0.0,-0.35739224941314046
fixed,D7,D7-104,0.31843368364618146,0.997557491818235,0.13691329822389386,-0.3980183089217643
fixed,D7,D7-105,0.30890718198232303,0.9977139219098525,0.1559249090831899,-0.29343588651747
fixed,D7,D7-106,0.3237735829195702,0.9956308306586883,0.0,-0.3783999097928989
fixed,D7,D7-107,0.32749512071945885,0.9972403039183791,0.21288421054949436,-0.4729960192849441
fixed,D7,D7-108,0.3199286576373113,0.9952894199212263,0.0035504290326441312,-0.30914223471475727
fixed,D7,D7-109,0.32202837637938425,0.9974569776328738,0.23383912115436956,-0.4963571944738928
fixed,D7,D7-110,0.323252997202317,0.9981889034934777,0.2708911687968516,-0.45450528023633174
fixed,D7,D7-111,0.32411404181534076,0.9975892750364228,0.3655509066888206,-0.5115091866047279
fixed,D7,D7-112,0.3172550155844536,0.9980110177675771,0.17683395145212966,-0.453460542835993
fixed,D7,D7-113,0.3234219338204939,0.9975772134057604,0.09495237329479145,-0.23172128924705807
fixed,D7,D7-114,0.31359606670047413,0.995769339640819,0.0,-0.30483471199457446
fixed,D7,D7-115,0.3218363269577861,0.9963083758361965,0.021495173327907513,-0.3792701162022498
fixed,D7,D7-116,0.3249968968117996,0.9983356942813719,0.346550915728265,-0.2726971994270769
fixed,D7,D7-117,0.31929061420364335,0.9969933823621884,0.0,-0.31972541963684237
fixed,D7,D7-118,0.3270612701931025,0.9966102649856933,0.1979581602065441,-0.42676834111464823
fixed,D7,D7-119,0.3164848499398188,0.9978135519738618,0.2510293339674601,-0.35992182917473775
fixed,D7,D7-120,0.3212495813916286,0.997333669807497,0.09931535262134739,-0.41686821827648496
fixed,D7,D7-121,0.32718121138367695,0.9977799402017566,0.25271538935616267,-0.37993354726006856
fixed,D7,D7-122,0.3249544323694274,0.99803161942463,0.14691834368265144,-0.29201608406964813
fixed,D7,D7-123,0.3243140407246447,0.9980365787429322,0.13918437425943953,-0.24690324124887875
fixed,D7,D7-124,0.31507164954707023,0.9979896855002464,0.1929366366089238,-0.31818343212818473
fixed,D7,D7-125,0.3227531237018633,0.9981622381744135,0.3208714761078564,-0.3336455483690412
fixed,D7,D7-126,0.31679890689549317,0.9970986792857677,0.13353659881240576,-0.3276802205799336
fixed,D7,D7-127,0.3214686577354116,0.9970765795909047,0.22070506689359692,-0.45149150036548596
fixed,D7,D7-128,0.3229066142828055,0.9978974007737297,0.2673502400322798,-0.5228970972940369
fixed,D7,D7-129,0.32638838248565993,0.996855646727945,0.16382626574397507,-0.32509717032027974
fixed,D7,D7-130,0.3163030001651379,0.9976957462954865,0.31066432872977934,-0.5368107318610328
fixed,D7,D7-131,0.32165405721253476,0.9974552342425985,0.22022754410786816,-0.46105723903640666
fixed,D7,D7-132,0.31842668656064577,0.9970006009937121,0.26300888333012407,-0.43942096614974957
fixed,D7,D7-133,0.32207843263531477,0.9969907774290568,0.17204815792120165,-0.48002936894107695
fixed,D7,D7-134,0.3180343835515927,0.9976902383014731,0.23045621479698786,-0.5005553789548589
fixed,D7,D7-135,0.32075403524825163,0.9975043582362584,0.18619582491991238,-0.33977374983591896
fixed,D7,D7-136,0.32512838561649177,0.9962535366954552,0.09727158203755393,-0.508172832138344
fixed,D7,D7-137,0.32167832976876587,0.9982683805483518,0.3928674589963582,-0.48430764501940665
fixed,D7,D7-138,0.32301755611962446,0.9970061824770665,0.0,-0.30299918711117046
fixed,D7,D7-139,0.3218153943460913,0.9976958843964765,0.16799994593966783,-0.275762130581886
fixed,D7,D7-140,0.32099788294850184,0.996759635423608,0.16762111826709236,-0.3378592496386015
fixed,D7,D7-141,0.3191594047787834,0.9976883224419679,0.18208959223904708,-0.2451543168014937
fixed,D7,D7-142,0.3268795549578355,0.9986379181623565,0.47492428830836686,-0.35816411232721673
fixed,D7,D7-143,0.32358641112249065,0.9972427058319959,0.04329263222987312,-0.44549471473245444
fixed,D7,D7-144,0.3196686645813257,0.998154067388472,0.2375073124877516,-0.35038658749107093
fixed,D7,D7-145,0.31748372679244613,0.9979187617740464,0.18177978321022648,-0.37094368593395755
fixed,D7,D7-146,0.317556860517053,0.997248982639797,0.030958200599625174,-0.3974851266015393
fixed,D7,D7-147,0.32640518051310363,0.9982213682922193,0.26788929792358673,-0.3503923615587354
fixed,D7,D7-148,0.317337094569908,0.9976618142505439,0.33146405340291385,-0.5020050313288912
fixed,D7,D7-149,0.32026270981848226,0.997983482607535,0.2362192578546659,-0.37966224463498643
fixed,D7,D7-150,0.31970263966383006,0.9976155038795431,0.21149316217486092,-0.3104999150688749
fixed,D7,D7-151,0.3260214607662688,0.997683489495116,0.14607110627954945,-0.38891536570678664
fixed,D7,D7-152,0.3190756180408336,0.9978468285147328,0.31100734580748357,-0.3506948026579288
fixed,D7,D7-153,0.3185305175688427,0.9981443093659593,0.1634793059301598,-0.33653952601261156
fixed,D7,D7-154,0.3201646600603468,0.9982738195393789,0.34242108576316976,-0.250535495926474
fixed,D7,D7-155,0.31631613842261114,0.9978116375247812,0.387399848144077,-0.2915867879500305
fixed,D7,D7-156,0.32432485369708797,0.9981525585570377,0.24256386536769547,-0.4120480088030789
fixed,D7,D7-157,0.31612002273357653,0.9979836102560902,0.21486695729486283,-0.15783861880948713
fixed,D7,D7-158,0.326020955970439,0.9980098444574472,0.3581050754163384,-0.22181589189559198
fixed,D7,D7-159,0.3264484308038028,0.9969179756699788,0.17883763859076696,-0.33387889803155074
fixed,D7,D7-160,0.31603642861195513,0.9975818589101263,0.2137332431799388,-0.3260516325767112
fixed,D7,D7-161,0.32991221797026393,0.9978998441780007,0.2696735380821459,-0.48173319922827695
fixed,D7,D7-162,0.3230576136178706,0.9972026169238849,0.1746942404921683,-0.3522798608090648
fixed,D7,D7-163,0.3203301316036421,0.9975246199261673,0.11871497259860075,-0.2608139123259513
fixed,D7,D7-164,0.32524889125998213,0.9979182640577186,0.20545412731402357,-0.3797969725964179
fixed,D7,D7-165,0.31879229445045554,0.9984603658849642,0.4174986395530904,-0.3964465787337703
fixed,D7,D7-166,0.3138340240291066,0.9980623316539338,0.30140794327834264,-0.45955407260833414
fixed,D7,D7-167,0.316265601199254,0.9971256376745053,0.13902652203330745,-0.29010093217374344
fixed,D7,D7-168,0.31332449612999563,0.998158226659865,0.20141023648163747,-0.34622546490352585
fixed,D7,D7-169,0.3163398039381574,0.9977660654212732,0.18104347118240494,-0.2895312815130326
fixed,D7,D7-170,0.3291799927056575,0.9964899971406824,0.06258674853334145,-0.404023209913008
fixed,D7,D7-171,0.3136244213886254,0.9982536050040592,0.3106684909091043,-0.5232130976086838
fixed,D7,D7-172,0.3175186148428769,0.9975980988722631,0.27268096013995213,-0.39884991677974635
fixed,D7,D7-173,0.31628723356017335,0.9956699938362233,0.1087863093453324,-0.5070094159852688
fixed,D7,D7-174,0.3245891674488397,0.9974867714582937,0.0,-0.2192172718222203
fixed,D7,D7-175,0.3245387031691483,0.9979687203980013,0.221268024983852,-0.403034154383523
fixed,D7,D7-176,0.32449633256445054,0.9969044160789137,0.01426659783240014,-0.2912052038899491
fixed,D7,D7-177,0.32931306656623166,0.9960949542134611,0.0888002294374316,-0.47526977534786874
fixed,D7,D7-178,0.31523636098607133,0.9970262402754099,0.14156597045788466,-0.4415963319093036
fixed,D7,D7-179,0.31854290056292556,0.9978437963516322,0.3428449685922018,-0.47730261254067147
fixed,D7,D7-180,0.3294882175894091,0.9972376370663102,0.17869837528688282,-0.5387137558335481
fixed,D7,D7-181,0.31920361774911266,0.9973332907486363,0.10660639881576739,-0.38050612510747694
fixed,D7,D7-182,0.3274893372401489,0.9974471255601128,0.21762753689458136,-0.46292556862986856
fixed,D7,D7-183,0.3223240811648291,0.9979223767031578,0.20059127520651832,-0.3143970548238768
fixed,D7,D7-184,0.3212681985425865,0.9969443399833977,0.10710032659856328,-0.42084068989648965
fixed,D7,D7-185,0.3242507161198726,0.9983317607573159,0.4827770226579573,-0.40535567608988293
fixed,D7,D7-186,0.3279633452129923,0.9976734093260896,0.17054138644646777,-0.4853041765679726
fixed,D7,D7-187,0.3239994749774625,0.9979349011057559,0.18912543023332196,-0.536869610002732
fixed,D7,D7-188,0.3332416951245555,0.9973801371237946,0.25974246781541244,-0.5227238647803252
fixed,D7,D7-189,0.3156112362727985,0.9968216705496667,0.0874243244328865,-0.4769731138012685
fixed,D7,D7-190,0.31103783024979603,0.9973931785774323,0.0979785155385745,-0.4193479869753275
fixed,D7,D7-191,0.32251567279731175,0.997345916340109,0.25691736487781713,-0.3871439441939825
fixed,D7,D7-192,0.3199524306193074,0.9956001132289495,0.027884211152678917,-0.40395292666639776
fixed,D7,D7-193,0.31486197850768033,0.9973517990945291,0.17872143756865322,-0.446719774442956
fixed,D7,D7-194,0.3269687045693649,0.9972373961597939,0.05807293029081184,-0.3804544032377543
fixed,D7,D7-195,0.31888437184661744,0.9981669712333199,0.09063312071934271,-0.27334764899523994
fixed,D7,D7-196,0.3198907487589992,0.9977869113968837,0.3101510004572531,-0.44108551940512924
fixed,D7,D7-197,0.3233901978852378,0.9979047359381413,0.3187310285244749,-0.3340332073483973
fixed,D7,D7-198,0.3274340079488825,0.996680610127249,0.09900281376279796,-0.5343211821448409
fixed,D7,D7-199,0.3181841109994759,0.9979642863929904,0.30115978342346417,-0.4616330184052041
random,D7,D7-0,0.34163742171950634,0.9925614500824685,0.27190250958478523,-0.5459971439350564
random,D7,D7-1,0.4749917684787439,0.9918624679068082,0.3920496522955069,-0.39562603020852816
random,D7,D7-2,0.3769793419057598,0.9842388837333458,0.2264352913515778,-0.4782749979635269
random,D7,D7-3,0.30586603352377795,0.9970834455542763,0.03659004982420366,-0.4127532026668535
random,D7,D7-4,0.44356314956201226,0.9980104630007367,0.24611794948604604,0.05187772828328172
random,D7,D7-5,0.2844593984962347,0.9982970691455219,0.039439413552076474,-0.2569644007314041
random,D7,D7-6,0.21240215586581704,0.9980393455317583,0.2843528175329132,-0.22230572370495288
random,D7,D7-7,0.36436062816901904,0.9990237457492889,0.3145839153108052,-0.32321717336676326
random,D7,D7-8,0.36540279929880537,0.9914669636945527,0.006507544788379782,-0.5920500862891561
random,D7,D7-9,0.3982940218018573,0.985371239757125,0.13836698730414265,-0.4203067205023347
random,D7,D7-10,0.24125838648227593,0.9985305194217943,0.13864817046210787,-0.19761988805655345
random,D7,D7-11,0.29379640163794457,0.9871915636045192,0.3274623150460563,-0.4768974497395972
random,D7,D7-12,0.27046600011057764,0.9973871326270711,0.0,-0.027019209287586582
random,D7,D7-13,0.45075085123612013,0.9921846253076011,0.0967596223433056,-0.17602689061370103
random,D7,D7-14,0.24050924595011783,0.994551123509107,0.2298589322082153,-0.4457664839647247
random,D7,D7-15,0.3764024624317034,0.9903802452790259,0.24367624028275092,-0.32816548286572017
random,D7,D7-16,0.4568312802152836,0.9804584854049809,0.06966243343148915,-0.5380257772301082
random,D7,D7-17,0.3098782839332967,0.9990557854423765,0.2894488028085971,-0.40412316202061904
random,D7,D7-18,0.23059106569866386,0.9993885134100357,0.12308634497243376,0.31289444113299475
random,D7,D7-19,0.24059476551989648,0.9981376894774394,0.33035735417001266,-0.265098673571849
random,D7,D7-20,0.42781751872290746,0.9831211274655735,0.1958078299036209,-0.3486059096887798
random,D7,D7-21,0.40891033243044883,0.9853550788007057,0.2619913849572182,-0.3992591097109052
random,D7,D7-22,0.3196316197210015,0.982328647069437,0.0,-0.5977454535516417
random,D7,D7-23,0.4125224919577963,0.9736212741953271,0.31907247446806897,-0.4818833792781607
random,D7,D7-24,0.4102440906533357,0.9905381544690454,0.26528335868275066,-0.3722552685759225
random,D7,D7-25,0.26181223796793784,0.997070918956375,0.20679338947420112,-0.4032956147862726
random,D7,D7-26,0.3603950539155823,0.9858181912753939,0.24394031441294595,-0.4270899539307054
random,D7,D7-27,0.22895400781835898,0.9959758295951725,0.12616374287920473,-0.49015346425476075
random,D7,D7-28,0.39935500983518324,0.9974409654761838,0.16099087512133836,-0.27938292302363243
random,D7,D7-29,0.3666350432177952,0.9948201899390423,0.3066024434017811,-0.5270190730875668
random,D7,D7-30,0.37997691698976693,0.9953845803951634,0.12003776236548913,-0.273826218904891
random,D7,D7-31,0.35438154881966266,0.9975550177695913,0.2092849628762572,-0.2783264562833647
random,D7,D7-32,0.36231636672533735,0.9944172150990601,0.0,-0.39874481442830456
random,D7,D7-33,0.3903978479258484,0.9956204485467568,0.0,-0.12828439954996482
random,D7,D7-34,0.3969730214586128,0.9937654657531063,0.17177472833444152,-0.30435254443301757
random,D7,D7-35,0.22536119946800792,0.996123803808366,0.17359128332073004,-0.21157837398796125
random,D7,D7-36,0.35213428550603215,0.9949865901119478,0.26810996729447956,-0.4635579480282934
random,D7,D7-37,0.4711349526195372,0.9554707129782141,0.35908801000403545,-0.47908826822125794
random,D7,D7-38,0.3397300934347322,0.9928513666930804,0.33257510740982044,-0.413041125012575
random,D7,D7-39,0.3408914989667504,0.998469955187415,0.20207595486414165,-0.493984173455635
random,D7,D7-40,0.3400206629197614,0.9969090703343583,0.02530239274349677,-0.22744882849781264
random,D7,D7-41,0.46657393211001835,0.9794929754296362,0.3144749205764046,-0.42242352941084355
random,D7,D7-42,0.3512147509449379,0.9981161919850993,0.12333725148926555,-0.45525894041686993
random,D7,D7-43,0.31574054712643196,0.9977764125460273,0.21930992623716095,-0.4065241602803503
random,D7,D7-44,0.42090577329855916,0.99766894651381,0.055889967320844613,0.23145627685746079
random,D7,D7-45,0.29492502345729865,0.9965968203145024,0.0,-0.06089395751378833
random,D7,D7-46,0.31584840971024064,0.9991976574008298,0.0532813714878575,-0.1230079858383044
random,D7,D7-47,0.2185569289504074,0.998199297044717,0.0,0.3114699872061053
random,D7,D7-48,0.42027049074443923,0.9920273269203538,0.0,-0.19268637941011899
random,D7,D7-49,0.41024318696122725,0.9952224570852493,0.14925377733243483,-0.3062498764977847
random,D7,D7-50,0.30893272315942266,0.9977647623374977,0.05323755298757682,0.15453629477582964
random,D7,D7-51,0.2427033085656583,0.9937226207674185,0.027160328947228196,-0.37796974647890513
random,D7,D7-52,0.3355797845193052,0.9973635133017795,0.0,0.04592314727574543
random,D7,D7-53,0.31134750477886447,0.9985742524366968,0.08497613967282835,-0.02522751202099319
random,D7,D7-54,0.2252014584998068,0.9986250564692835,0.0,0.4178120682304459
random,D7,D7-55,0.35286073455526373,0.9940455324040421,0.0,0.22572773422749398
random,D7,D7-56,0.34175601680723366,0.9968570948889505,0.3057279490721603,-0.26383008294120613
random,D7,D7-57,0.45900319630990855,0.9882452867929497,0.0,-0.3791473030376273
random,D7,D7-58,0.297532542720791,0.995986905092055,0.2313955830157166,-0.423918543589969
random,D7,D7-59,0.25123543414991784,0.9941005537080229,0.04142544181687147,-0.41779786714905265
random,D7,D7-60,0.27385882351176205,0.9938134485089364,0.3475108147251399,-0.43675111687690404
random,D7,D7-61,0.38714723630235864,0.99555418668159,0.0,0.2204699608911921
random,D7,D7-62,0.31172765236843697,0.996777208401191,0.23030600155526249,-0.30610960523838526
random,D7,D7-63,0.4135702839544904,0.9893885682761345,0.3004856064982211,-0.54262746990409
random,D7,D7-64,0.37679964558318985,0.9960990229665666,0.028376562753794632,-0.24806029128005833
random,D7,D7-65,0.3190298721902249,0.9996194706750432,0.14913721045851647,-0.05034825201176019
random,D7,D7-66,0.4055546506340286,0.9698470503406302,0.1346173491276249,-0.5097696896376723
random,D7,D7-67,0.25429961280855135,0.9970439108923218,0.40157736324535,-0.37001640378777695
random,D7,D7-68,0.3871445595822129,0.9702197328427601,0.2161765762602761,-0.3922034767569769
random,D7,D7-69,0.3486101541929055,0.9923311315725559,0.12639869505064194,-0.34098761631923896
random,D7,D7-70,0.30123084236431524,0.9955414705099425,0.017680879824067408,-0.10251510320832856
random,D7,D7-71,0.40847693724363043,0.9921952213193045,0.27362095281585963,-0.24043248132366937
random,D7,D7-72,0.34058315419303803,0.9996857793295799,0.2631357168084809,-0.21431323912327468
random,D7,D7-73,0.3692913214744995,0.9901824074138161,0.43789747596991035,-0.486894367005055
random,D7,D7-74,0.3018012777399065,0.9979659355175291,0.12229657782605363,-0.4484326382251723
random,D7,D7-75,0.393769903469845,0.9963313975907822,0.2962403885452912,-0.4507231136618105
random,D7,D7-76,0.3030043676509716,0.9986155759063571,0.08521232362276088,-0.26876090054002316
random,D7,D7-77,0.28803090593176883,0.9987147752849048,0.2828149292145753,-0.2009577369439498
random,D7,D7-78,0.3708359146536232,0.9978476554462298,0.2815823405751796,-0.30618246035275043
random,D7,D7-79,0.29877155335280353,0.9963139630664775,0.11865899720597473,-0.21439291144645678
random,D7,D7-80,0.3851875613731274,0.9935694153122782,0.29004447223346486,-0.4121217999252521
random,D7,D7-81,0.3901699095471874,0.99906766952806,0.33044255667785494,-0.32517479359719237
random,D7,D7-82,0.378269459548236,0.9853440829426875,0.2294980501926992,-0.39638167409789016
random,D7,D7-83,0.3564339671938748,0.9973489148987873,0.2679503036886989,-0.4416608963839028
random,D7,D7-84,0.2215011818850147,0.9946794092944876,0.31792270993368177,-0.39650693629144107
random,D7,D7-85,0.24770368477206023,0.9992348462488994,0.10927654672288956,0.15688130670642356
random,D7,D7-86,0.3659310072831656,0.9977518437942604,0.12971946046097915,-0.37409161140643443
random,D7,D7-87,0.3060119122271208,0.9965003367266156,0.1775772385248644,-0.3680111920295487
random,D7,D7-88,0.2212847722487333,0.990095446988251,0.08408517906460622,-0.3728022486543457
random,D7,D7-89,0.3301402850671491,0.9958693957859973,0.24244048799939144,-0.40877881692925155
random,D7,D7-90,0.3172170004908799,0.9920035611349951,0.05133164401204171,-0.36493579126522874
random,D7,D7-91,0.31698399927245435,0.9856624293629094,0.0,-0.3948340973045478
random,D7,D7-92,0.3058047320852014,0.9975984192577445,0.15457882162463088,-0.3821116646659411
random,D7,D7-93,0.3094786225963436,0.9977760097830808,0.28343610882970616,-0.38069465802897395
random,D7,D7-94,0.38051133652475294,0.9951569719059772,0.20182692874231978,-0.48823287193907383
random,D7,D7-95,0.3578617760035106,0.9938045004994572,0.2598186448791552,-0.49457494822093967
random,D7,D7-96,0.356131342418939,0.9932708525174717,0.21057659219825653,-0.43399399150429735
random,D7,D7-97,0.3852330049943458,0.9996380940997295,0.4314707129025276,-0.12788039954087124
random,D7,D7-98,0.3769187470858802,0.9954676800764233,0.0,-0.4711209211222096
random,D7,D7-99,0.25560589584782023,0.9990958378359056,0.12106209399243939,0.07481978108407855
fixed,D8,D8-0,0.870484690281669,0.004858674818702835,0.0,-0.47161759253617425
fixed,D8,D8-1,0.8862082299525487,0.0320439998347708,0.20053070073803847,-0.5281763500149383
fixed,D8,D8-2,0.8314303143205505,0.0,0.015474919433250856,-0.43487394957983194
fixed,D8,D8-3,0.8789857150439607,0.004414801432558013,0.0,-0.5026344582265944
fixed,D8,D8-4,0.9205420790970241,0.02372004281885698,0.069861453300892,-0.5576059544222866
fixed,D8,D8-5,0.9052968695775613,0.0837925373904761,0.13295949038878974,-0.5091054875535522
fixed,D8,D8-6,0.8905520254029162,0.0,0.0,-0.4642857142857143
fixed,D8,D8-7,0.896845778742725,0.0,0.0,-0.5017605633802817
fixed,D8,D8-8,0.9010168310717551,0.0,0.14691521405929286,-0.5692464358452138
fixed,D8,D8-9,0.8786456303527735,0.0905876904192301,0.0,-0.46399176954732513
fixed,D8,D8-10,0.8952007410785623,0.01358081282784629,0.0056002428822808925,-0.5334114888628371
fixed,D8,D8-11,0.8913817090142675,0.050371707846061375,0.025263792348144465,-0.4897354226086872
fixed,D8,D8-12,0.8560290742172147,0.0,0.0,-0.5188536953242836
fixed,D8,D8-13,0.927786034090351,0.0,0.0,-0.38616102890187565
fixed,D8,D8-14,0.8987814446288799,0.0005780805989793469,0.0,-0.48082386363636365
fixed,D8,D8-15,0.9015866758075031,0.1016687917631186,0.11694057810134129,-0.503305785123967
fixed,D8,D8-16,0.8518885983943405,0.0,0.0,-0.470831656456349
fixed,D8,D8-17,0.9053476710067798,0.0,0.1836228170923382,-0.5949496027454902
fixed,D8,D8-18,0.8890129562866045,0.0,0.0,-0.5371197375357656
fixed,D8,D8-19,0.873454566099619,0.0,0.09516721058827915,-0.3474938891672818
fixed,D8,D8-20,0.8620820460725465,0.060930839155908245,0.2494792217520605,-0.5
fixed,D8,D8-21,0.8965587897616272,0.0,0.04574902887065868,-0.43043704139704864
fixed,D8,D8-22,0.9084193325576575,0.026809423280360622,0.05720293264991805,-0.5734157650695518
fixed,D8,D8-23,0.8661174809401758,0.0,0.09297427814701986,-0.5325581395348837
fixed,D8,D8-24,0.8742164227840581,0.009249135607999115,0.009406640778264697,-0.4975215831431028
fixed,D8,D8-25,0.8926014358296036,0.0,0.04117521123202905,-0.41846921797004993
fixed,D8,D8-26,0.8927320914040194,0.0,0.0,-0.5991692500609564
fixed,D8,D8-27,0.8990730126785498,0.0019649085702897473,0.12151678345500139,-0.5087719298245614
fixed,D8,D8-28,0.8698752658366427,0.0,0.07396526812276205,-0.4378531073446328
fixed,D8,D8-29,0.8490017938899185,0.0,0.0,-0.43890449438202245
fixed,D8,D8-30,0.914918109372208,0.0,0.0,-0.4794283799840434
fixed,D8,D8-31,0.8869528144990516,0.0,0.0031463089850034542,-0.5627380859830523
fixed,D8,D8-32,0.9253987391383873,0.0,0.07779273798951047,-0.41431670281995664
fixed,D8,D8-33,0.8888465711280905,0.004503427166758334,0.08674247754533715,-0.5961820851688693
fixed,D8,D8-34,0.8707214855977812,0.0,0.025277301478001113,-0.5332080200501254
fixed,D8,D8-35,0.8871727146983192,0.0,0.059288413948631824,-0.5345821325648416
fixed,D8,D8-36,0.8897057986417066,0.0,0.1103477025114541,-0.4713896457765668
fixed,D8,D8-37,0.8966992358008312,0.0,0.018277666866300946,-0.5202492211838006
fixed,D8,D8-38,0.9193001469177567,0.010804635919374972,0.03094255970230053,-0.42830882352941174
fixed,D8,D8-39,0.8889646456261663,0.0,0.11080241901522692,-0.5262390670553936
fixed,D8,D8-40,0.887314875834197,6.066063426457546e-06,0.0,-0.5358689740009548
fixed,D8,D8-41,0.9190907138542218,0.023619815468335026,0.16368406008664504,-0.439918533604888
fixed,D8,D8-42,0.8608344538311455,0.0029665500792227517,0.0,-0.5546717486529106
fixed,D8,D8-43,0.9199705744084503,0.0,0.01810469193067432,-0.45060483870967744
fixed,D8,D8-44,0.9031163844125056,0.0,0.0,-0.4856957087126138
fixed,D8,D8-45,0.8849593933249266,0.02705191647006222,0.0,-0.4468864468864469
fixed,D8,D8-46,0.8979357188960417,0.013111664764224429,0.22727248742246675,-0.44563279857397503
fixed,D8,D8-47,0.9366809755315819,0.0032629635288468073,0.046463941229442196,-0.5167410714285714
fixed,D8,D8-48,0.8914803953801208,0.02543643024872122,0.09443288015771178,-0.4463667820069204
fixed,D8,D8-49,0.8759586711777475,0.0,0.06462222914214977,-0.5332886401363105
fixed,D8,D8-50,0.8915248354708637,0.0,0.14251891052965004,-0.49215055447679623
fixed,D8,D8-51,0.8776467859117215,0.0,0.06460341991468743,-0.424860853432282
fixed,D8,D8-52,0.8866781968529646,0.003466611641463113,0.11102098650931047,-0.41787251509373036
fixed,D8,D8-53,0.9033412892145134,0.0,0.049273313378844774,-0.510044374208538
fixed,D8,D8-54,0.8660257925596929,0.0,0.0,-0.5266727266610509
fixed,D8,D8-55,0.8974510130650775,0.0012750609793410472,0.0,-0.5583437892095358
fixed,D8,D8-56,0.9150299987479579,0.02591442411470901,0.0,-0.4092546695976426
fixed,D8,D8-57,0.8879420722186981,0.005049471538005834,0.010836809959476001,-0.5012173581782312
fixed,D8,D8-58,0.8927996831657196,0.0,0.0,-0.5508671736451353
fixed,D8,D8-59,0.9086338937478571,0.0003414386657142332,0.04390440579972288,-0.48592814526885475
fixed,D8,D8-60,0.9218888676284761,0.007719745188642602,0.07896552969173842,-0.6144444444444445
fixed,D8,D8-61,0.9153346328647572,0.0,0.0,-0.37976613844478746
fixed,D8,D8-62,0.894223957902265,0.0,0.14650228452612535,-0.5955160453832539
fixed,D8,D8-63,0.8720660734358646,0.017931543393027605,0.0018224084347199243,-0.4477726574500768
fixed,D8,D8-64,0.8869820346595086,0.07352456267418395,0.11434161845734936,-0.5599593495934959
fixed,D8,D8-65,0.8654786305785219,0.03757937886645302,0.08208012750415028,-0.4572796379040213
fixed,D8,D8-66,0.8913260150095754,0.027232996112341423,0.02424325213909262,-0.46868008948545864
fixed,D8,D8-67,0.8802085925513653,0.0,0.05025970509391853,-0.4795159508485376
fixed,D8,D8-68,0.9107178988168229,0.0,0.17012889761351746,-0.5216783216783217
fixed,D8,D8-69,0.8875340860280012,0.0,5.3439252595266495e-06,-0.5338283828382838
fixed,D8,D8-70,0.8906838654828511,0.09374741012511933,0.06448407365140707,-0.5081342876000853
fixed,D8,D8-71,0.8875074115269166,0.0,0.08832264188305683,-0.4713375796178344
fixed,D8,D8-72,0.9033308955753631,0.0032487823783536873,0.0,-0.351010101010101
fixed,D8,D8-73,0.8674585974526107,0.011824084359087772,0.13503067663898405,-0.5959860383944153
fixed,D8,D8-74,0.9152864489760167,0.0,0.0,-0.5
fixed,D8,D8-75,0.8465883183234101,0.0,0.0,-0.3412667975124266
fixed,D8,D8-76,0.9008885228436164,0.0019659975283595754,0.0,-0.47228911775204113
fixed,D8,D8-77,0.8823563155074089,0.0248475487470331,0.05711116366631375,-0.4820971705438443
fixed,D8,D8-78,0.8961368599552836,0.0,0.0,-0.45052631578947366
fixed,D8,D8-79,0.8675926543761637,0.0,0.0,-0.5165837479270315
fixed,D8,D8-80,0.9188522774610276,0.0,0.024215939223655947,-0.39675174013921116
fixed,D8,D8-81,0.8878931665789119,0.0,0.0,-0.5746105304168184
fixed,D8,D8-82,0.8473844207525646,0.0,0.0678728484364216,-0.44715447154471544
fixed,D8,D8-83,0.8953835386608171,0.0,0.0,-0.4894521272210317
fixed,D8,D8-84,0.8874153036756175,0.022914209531595398,0.123567941164749,-0.5591836734693878
fixed,D8,D8-85,0.8914155252160362,0.0,0.21770133582921858,-0.5216480446927374
fixed,D8,D8-86,0.8791876456749403,0.0,0.17414162289120516,-0.48566210702608836
fixed,D8,D8-87,0.8853458743775686,0.0,0.16840336289602875,-0.4132231404958678
fixed,D8,D8-88,0.8919321748146936,0.006141141748268519,0.0,-0.48731884057971014
fixed,D8,D8-89,0.9279560692907909,0.013231070919889176,0.0,-0.49414737702376577
fixed,D8,D8-90,0.8782055448421935,0.0,0.0,-0.5167883211678832
fixed,D8,D8-91,0.8938591527061962,0.0,0.010918621958997732,-0.4563197026022305
fixed,D8,D8-92,0.8866537438675297,0.0,0.053123765773400944,-0.38739784512930797
fixed,D8,D8-93,0.8953327984761184,0.10886681790457098,0.27860170980126375,-0.5442875481386393
fixed,D8,D8-94,0.8796333403795098,0.005115914731646298,0.0,-0.518801647346112
fixed,D8,D8-95,0.9055063679873961,0.0,0.01893563385190644,-0.5520304568527918
fixed,D8,D8-96,0.8722165439606484,0.0020680289496551874,0.03509029323313684,-0.5036179450072359
fixed,D8,D8-97,0.9067192330535887,0.0,0.18299706596928955,-0.5111265646731572
fixed,D8,D8-98,0.8848562067816139,0.0031239905259833334,0.0,-0.5879608035658769
fixed,D8,D8-99,0.8753934486272511,0.08615363273790999,0.27748148840858444,-0.6232186667551641
fixed,D8,D8-100,0.8711957872319709,0.005534978140617763,0.04129906966395358,-0.25823045267489714
fixed,D8,D8-101,0.8797478022064984,0.0,0.025036583404344226,-0.6824104234527687
fixed,D8,D8-102,0.8717821393763754,0.07892336091480612,0.025338771783997238,-0.5428410372040586
fixed,D8,D8-103,0.9154491411206533,0.006626917085738149,0.0,-0.41050583657587547
fixed,D8,D8-104,0.9086236765846348,0.01701982379166267,0.0,-0.4869215291750503
fixed,D8,D8-105,0.882372129803263,0.03970398214619797,0.0,-0.38484848484848483
fixed,D8,D8-106,0.8757199287347113,0.0,0.04774310254891101,-0.6128634693780298
fixed,D8,D8-107,0.8786296148133254,0.0,0.017818943520814257,-0.5107647160397172
fixed,D8,D8-108,0.9051588721873695,0.024568887465776457,0.0,-0.4573913043478261
fixed,D8,D8-109,0.842506488493218,0.0,0.0,-0.566543438077634
fixed,D8,D8-110,0.9019523881949576,0.0,0.0,-0.3611111111111111
fixed,D8,D8-111,0.920076631423735,0.0,0.00977667144058103,-0.45579800052069047
fixed,D8,D8-112,0.9009600903669043,0.0019599417300546484,0.07479176388618936,-0.45634095634095634
fixed,D8,D8-113,0.8922589243255611,0.0,0.015370384337830001,-0.46232339089481944
fixed,D8,D8-114,0.8638687469945207,0.0,0.2666661755853609,-0.36673553719008267
fixed,D8,D8-115,0.8678620039057069,0.09577968756389477,0.16446550976791774,-0.3886970762672344
fixed,D8,D8-116,0.8945734362645354,0.0,0.21461729269656893,-0.5684608120868744
fixed,D8,D8-117,0.8854347228634546,0.0,0.006808641103210222,-0.37244897959183676
fixed,D8,D8-118,0.8971040884095071,0.03122308822275799,0.09150808813975375,-0.3955637707948244
fixed,D8,D8-119,0.8565379801089872,0.0,0.07767248079127054,-0.38338658146964855
fixed,D8,D8-120,0.9073705869017611,0.017311945988833788,0.0,-0.5278528523783339
fixed,D8,D8-121,0.8852994946845284,0.011067801630596064,0.07186125947381261,-0.5943243106159232
fixed,D8,D8-122,0.9141767660172521,0.005088901784918276,0.10319545223715132,-0.5802469135802469
fixed,D8,D8-123,0.9179605466848939,0.0,0.0,-0.4969742813918306
fixed,D8,D8-124,0.8375927788512894,0.11294665517700941,0.041051571796895114,-0.45691924162736663
fixed,D8,D8-125,0.8860343364497383,0.01744261316882978,0.09690947755020829,-0.4612309212489701
fixed,D8,D8-126,0.8753201359740025,0.09277316750564402,0.26121064100529023,-0.6282586027111574
fixed,D8,D8-127,0.9082007997353189,0.008097261232467123,0.09484052735972237,-0.5585774058577406
fixed,D8,D8-128,0.8686996663926843,0.00448937211269107,0.04884814332146603,-0.4638447971781305
fixed,D8,D8-129,0.9063155980151191,0.0009981225951820605,0.17759528274518777,-0.5287009063444109
fixed,D8,D8-130,0.8867150932527804,0.0,0.0,-0.4414976599063963
fixed,D8,D8-131,0.8866307872603241,0.0,0.049072582779076,-0.48592870544090055
fixed,D8,D8-132,0.8442505774865207,0.0,0.0,-0.35919327809187673
fixed,D8,D8-133,0.8760845233706243,2.4179758195685963e-10,2.4100998974319054e-10,-0.367816091954023
fixed,D8,D8-134,0.8832127620316501,0.016858551534394195,0.0,-0.42454068241469817
fixed,D8,D8-135,0.8574617129085547,0.0,0.024671218584443322,-0.6044198895027625
fixed,D8,D8-136,0.8984218638445337,0.012998255386825086,0.0,-0.46695652173913044
fixed,D8,D8-137,0.8978789991282149,0.017693373026271497,0.0,-0.48939929328621906
fixed,D8,D8-138,0.9321757731961622,0.0,0.0,-0.4892789540125731
fixed,D8,D8-139,0.8998245051253485,0.019493275635820817,0.0,-0.4221124258494029
fixed,D8,D8-140,0.925772281884309,0.0,0.0,-0.46854030039529004
fixed,D8,D8-141,0.8925560708945595,0.01592262637880737,0.0,-0.5576642335766423
fixed,D8,D8-142,0.8974090423389126,0.0,0.0,-0.487454200089045
fixed,D8,D8-143,0.900490550171072,0.005020469970055008,0.0,-0.43684604674399197
fixed,D8,D8-144,0.9085877803177692,2.742624467910737e-05,8.697849092076382e-06,-0.5532180531856217
fixed,D8,D8-145,0.9202382115623527,0.0,0.12686816179391247,-0.5391355140186916
fixed,D8,D8-146,0.887282018438596,0.028200693145492894,0.0,-0.5679442508710801
fixed,D8,D8-147,0.9036202153848523,0.0,0.0,-0.5085714285714286
fixed,D8,D8-148,0.8725112232275462,0.0,0.11385847807341254,-0.3742641606177828
fixed,D8,D8-149,0.898101052431132,0.0,0.01713365629819763,-0.5090883515426162
fixed,D8,D8-150,0.8839209241914432,0.0,0.0,-0.5857298792074532
fixed,D8,D8-151,0.8959116787265516,0.005250620646312765,0.06598369743986487,-0.4400027206373091
fixed,D8,D8-152,0.8650943006929787,0.0,0.0,-0.5742424242424242
fixed,D8,D8-153,0.8576477788923464,0.052804419445523165,0.0,-0.43577981651376146
fixed,D8,D8-154,0.9071985018111173,0.0,0.0,-0.5093856655290102
fixed,D8,D8-155,0.8719629629296715,0.018633697573115726,0.18626177602755167,-0.4244663382594417
fixed,D8,D8-156,0.8947617898391149,0.11251550858448278,0.2331899699822313,-0.5291143065194993
fixed,D8,D8-157,0.9208481392066096,0.00029631075905689475,0.0,-0.5385827475383503
fixed,D8,D8-158,0.9086747999713304,0.008734534223888035,0.02023094769092071,-0.49101796407185627
fixed,D8,D8-159,0.9098646759288759,0.011451872014321962,0.0,-0.42343173431734316
fixed,D8,D8-160,0.8585505176298871,0.032436637173583915,0.0,-0.4476127550158161
fixed,D8,D8-161,0.8632325709975395,0.0,0.09192316591618066,-0.4191536814666657
fixed,D8,D8-162,0.8823423072193629,0.08821240929392604,0.1593891183790227,-0.5352798053527981
fixed,D8,D8-163,0.872544154230003,3.774758283725532e-14,3.944622406493181e-13,-0.4688149688149688
fixed,D8,D8-164,0.8513087897176568,0.0,0.0793205813668929,-0.4202037351443124
fixed,D8,D8-165,0.9132018167333025,0.0,0.0,-0.4891666666666667
fixed,D8,D8-166,0.8840403196111954,0.0,0.05889120162989725,-0.5036710719530103
fixed,D8,D8-167,0.9126555498070831,0.011505879184102619,0.2047450075725431,-0.45541674173745317
fixed,D8,D8-168,0.8950855755354347,0.0,1.5773170547461746e-09,-0.45717344753747324
fixed,D8,D8-169,0.9100990469210036,0.012789429193894364,0.05006894454743649,-0.4212379757940454
fixed,D8,D8-170,0.9017364307187746,0.009989572216933085,0.0,-0.4540801377440922
fixed,D8,D8-171,0.9036642914999143,0.0,0.0,-0.48562091503267973
fixed,D8,D8-172,0.8875928960526089,0.007885783626716991,0.10314596330289127,-0.45437722665670915
fixed,D8,D8-173,0.9088536991615256,0.0,0.10291987391922175,-0.49259757738896365
fixed,D8,D8-174,0.8919194945079049,0.0,1.315103581589483e-11,-0.553886925795053
fixed,D8,D8-175,0.8578990478573393,0.04455720136832908,0.2722866140474852,-0.5084269662921348
fixed,D8,D8-176,0.8883803038210741,0.0,0.0,-0.6082089552238806
fixed,D8,D8-177,0.8976201501161445,0.01568541107417898,0.0595373302256893,-0.47101449275362317
fixed,D8,D8-178,0.881426065281998,0.025845898542600665,0.17110935414737383,-0.3331725385476783
fixed,D8,D8-179,0.9211693652435422,0.0,1.3596890280354046e-10,-0.5140692640692641
fixed,D8,D8-180,0.8893792033456127,0.0,0.19350038459523933,-0.5271186440677966
fixed,D8,D8-181,0.8804375969425727,0.014092674652140813,0.0,-0.5368694397029788
fixed,D8,D8-182,0.8613665446534431,0.005272906953547651,0.0,-0.36641864950543745
fixed,D8,D8-183,0.9137908898545511,0.0,0.04286921550871836,-0.5075034106412005
fixed,D8,D8-184,0.89210034172648,0.009293899023471663,0.04814512471851051,-0.5490235599947697
fixed,D8,D8-185,0.8814839922131589,0.0,0.055594619706621384,-0.508177570093458
fixed,D8,D8-186,0.8976411207499279,0.006052865685036601,0.02734899403318536,-0.5601729600029992
fixed,D8,D8-187,0.8530213359407793,0.0,0.0,-0.6205241201093333
fixed,D8,D8-188,0.9062608398717122,0.02698514101484084,0.021480600578179354,-0.5031185031185031
fixed,D8,D8-189,0.9153559124381682,0.01479771352053183,0.13433053824871688,-0.49740034662045063
fixed,D8,D8-190,0.911393287071184,0.04462264550157391,0.12814567617672068,-0.4683794466403162
fixed,D8,D8-191,0.8995515878858559,0.0,0.1527404947963512,-0.44038301766243604
fixed,D8,D8-192,0.9019084009389591,0.0,0.0,-0.47209411222089265
fixed,D8,D8-193,0.9115753252252123,0.01644785955330008,0.07498746049518912,-0.6346153846153846
fixed,D8,D8-194,0.9130630706220785,0.01683782391350841,0.0,-0.41941747572815535
fixed,D8,D8-195,0.920352436223715,0.0,0.11829929005502915,-0.541673138986357
fixed,D8,D8-196,0.8797448530195434,0.009253626328662778,0.0032764924731667477,-0.4985141158989599
fixed,D8,D8-197,0.9363387567214124,0.03928618115931204,0.20679649035049796,-0.47766323024054985
fixed,D8,D8-198,0.8878298074689689,0.0053436659260607255,0.11501511370185735,-0.529685808891004
fixed,D8,D8-199,0.8928036311503943,0.10666488770085292,0.05448965509953274,-0.538083282700325
random,D8,D8-0,0.8852828429837597,0.06269825919175664,0.024879841918499235,-0.4615683004775222
random,D8,D8-1,0.9127198873343312,0.0,0.06519911906380482,-0.5133136094674556
random,D8,D8-2,0.9078937780539893,0.12879872532279213,0.11420018866695447,-0.34410169908335053
random,D8,D8-3,0.8724367761859976,0.0,0.3646062251982154,-0.5319953461314718
random,D8,D8-4,0.8781338303351613,0.014159143670869123,0.1713811119178088,-0.5998185117967332
random,D8,D8-5,0.8982063192951115,0.012597860712893039,0.15523938369029922,-0.6519024970273484
random,D8,D8-6,0.9011303155051482,0.0,0.11841134071388937,-0.5713780918727915
random,D8,D8-7,0.8918605319170347,0.026907965541202117,0.07487533787484724,-0.5227965386588131
random,D8,D8-8,0.8895902758350919,0.1903965502817594,0.3695915829501597,-0.4174434051218885
random,D8,D8-9,0.8770628065555659,0.07517253737678975,0.26218687072542635,-0.4637142495538056
random,D8,D8-10,0.9092539531645326,0.0,0.07935274096228395,-0.4830882820018485
random,D8,D8-11,0.8926542341842558,0.014802396311182853,0.05635688791164428,-0.6400384985563041
random,D8,D8-12,0.9015426237642025,0.014618089600739181,0.0208269287477576,-0.44696969696969696
random,D8,D8-13,0.9193135831344631,0.04073601090858636,0.0,-0.4441468522379429
random,D8,D8-14,0.8991702669959283,0.011274054178732507,0.06366526184039012,-0.5354651162790698
random,D8,D8-15,0.8393564013835311,5.422567621948815e-05,8.046180299259298e-05,-0.30446927374301674
random,D8,D8-16,0.917865225181429,0.1203327549103198,0.14853211983042414,-0.5416016400021643
random,D8,D8-17,0.9105831060556471,0.0,0.0,-0.39551688106893657
random,D8,D8-18,0.8903048787224795,0.1535575441633934,0.3486870270806274,-0.410958904109589
random,D8,D8-19,0.8783928090499702,0.0,0.11372258532049628,-0.47233236786015004
random,D8,D8-20,0.9268045296582393,0.0,0.25234053052996297,-0.4416489153762079
random,D8,D8-21,0.9052846772261636,0.15900742665940126,0.40025907371002256,-0.46175155958129954
random,D8,D8-22,0.8748182959878605,0.058761551228022735,0.20760892098595451,-0.4790794979079498
random,D8,D8-23,0.8646480498090441,0.09209455085322416,0.29792390673317026,-0.5232082468421352
random,D8,D8-24,0.8560489855872901,0.11978725792359624,0.40899177600575487,-0.4349436434634046
random,D8,D8-25,0.9269252778506575,0.0,0.05226704946252492,-0.5154355016538037
random,D8,D8-26,0.8704172366429312,0.014336170639956403,0.4714567459181743,-0.26955939129396467
random,D8,D8-27,0.9034221720267016,0.0,0.0,-0.5054945054945055
random,D8,D8-28,0.8690606091458908,0.09695157522053421,0.14183408424822752,-0.5885214007782101
random,D8,D8-29,0.9167309666149248,0.0,0.0,-0.49614612788470297
random,D8,D8-30,0.9001639423623159,0.0,2.556294731448361e-08,-0.4649610624686109
random,D8,D8-31,0.9020685613349892,0.0840783493157623,0.11398314432935486,-0.3252875296495847
random,D8,D8-32,0.8893746954762042,0.0,0.0,-0.44779582366589327
random,D8,D8-33,0.8878781121799818,0.0,0.06626478949381676,-0.4893503061183629
random,D8,D8-34,0.8485871899987492,0.004108003216915623,0.0,-0.5067104440569138
random,D8,D8-35,0.9212533730787547,0.02445077768752324,0.1452790488654433,-0.5084215275148698
random,D8,D8-36,0.8485883691851785,0.026209046531959213,0.07440838678907624,-0.5084468984962407
random,D8,D8-37,0.8969805732199563,0.17419605190022547,0.27969078601323527,-0.32548994890166427
random,D8,D8-38,0.8996972773997624,0.0005092379644495715,0.07858560138845228,-0.5740740740740741
random,D8,D8-39,0.886431493845446,0.0,0.045268098971978143,-0.5418060200668896
random,D8,D8-40,0.8890962166866674,4.4634885787431244e-09,9.685605650844309e-09,-0.3324468085106383
random,D8,D8-41,0.9214213632617365,0.0,0.06688367164026476,-0.5310077519379846
random,D8,D8-42,0.9166129133504195,0.035892720067664974,0.0760595863349991,-0.532367043420478
random,D8,D8-43,0.8977371104863092,0.08487087425559592,0.2848171346540509,-0.45473780685675197
random,D8,D8-44,0.8890199353542888,0.07904060668998314,0.23948010494540706,-0.5040242572382448
random,D8,D8-45,0.891023076828994,0.0,0.11318024555190576,-0.40484917535145604
random,D8,D8-46,0.9129459026743587,0.023754396226691288,0.1284063339275352,-0.4925373134328358
random,D8,D8-47,0.8677547241731604,0.03723440491508745,0.3953709413277383,-0.5677884429366706
random,D8,D8-48,0.9079579541076879,2.4619765399913618e-05,0.0,-0.3696682464454976
random,D8,D8-49,0.9177889013764349,0.00014645687173564514,5.050662257255478e-05,-0.3808630393996248
random,D8,D8-50,0.9143086317854829,0.05370768953987182,0.2503820179133185,-0.5156480778242813
random,D8,D8-51,0.9157045347838506,0.005528967256547723,0.0,-0.6184033698356762
random,D8,D8-52,0.9014331234822239,0.003022258221258789,0.25982431288718133,-0.4309210526315789
random,D8,D8-53,0.901611198979725,0.0,0.0,-0.3576929004983523
random,D8,D8-54,0.8927875644239242,0.0673972664275252,0.39075687406225623,-0.5252027180357526
random,D8,D8-55,0.9025101581567778,0.0,0.07920377846098048,-0.5181091922404835
random,D8,D8-56,0.9092707328267178,0.0,1.7828216680726428e-10,-0.535132382892057
random,D8,D8-57,0.8904863303181392,0.0,0.2951925261866881,-0.5
random,D8,D8-58,0.9184527267662372,0.006508804232080778,0.0,-0.5275229357798165
random,D8,D8-59,0.9047364277266232,0.11628731945180004,0.25550540195064786,-0.4365224280483456
random,D8,D8-60,0.91218677584868,0.034771904306524104,0.0,-0.4226277372262774
random,D8,D8-61,0.9011038031092147,3.6193270602780103e-14,1.4954704141700859e-13,-0.42035398230088494
random,D8,D8-62,0.9191761091097498,0.05322981695304363,0.3531005706678034,-0.4606164383561644
random,D8,D8-63,0.8720765081520271,0.07809174898107452,0.24758037558526869,-0.5168676250031505
random,D8,D8-64,0.8829361960141436,0.0,0.02827190909492927,-0.38392857142857145
random,D8,D8-65,0.886137127877509,0.00261567684724362,0.0,-0.4564422416668755
random,D8,D8-66,0.9064738275594091,3.0526483962955986e-05,0.0,-0.5
random,D8,D8-67,0.9032653468417561,5.478235642897289e-10,2.01186822756938e-09,-0.5452173913043479
random,D8,D8-68,0.8969436439036804,0.07478916127102753,0.19314515954151124,-0.3362364791495438
random,D8,D8-69,0.8955813946124043,0.08979121432171255,0.24006589689906288,-0.44185370989845674
random,D8,D8-70,0.8936112694946495,0.11059187529104397,0.21208602384484898,-0.46539333571101027
random,D8,D8-71,0.8951761505819388,0.004929320003670523,0.0,-0.45892351274787535
random,D8,D8-72,0.8929777735571678,2.6298287880699434e-08,0.0,-0.41847826086956524
random,D8,D8-73,0.8760349773756136,0.0,3.609335053056384e-13,-0.5119718309859155
random,D8,D8-74,0.8876817883990115,0.00028655136610555854,0.0,-0.49498567335243554
random,D8,D8-75,0.8935125693472713,1.5876189252139739e-13,2.1862511800918583e-12,-0.5108901515151515
random,D8,D8-76,0.8774030054268592,0.003511879618256497,0.026159393648268803,-0.5147677761969741
random,D8,D8-77,0.9159454425203688,0.048089863848968295,0.0,-0.45475960055726317
random,D8,D8-78,0.909592832688867,1.668058396964156e-07,1.1470369420951698e-07,-0.4230769230769231
random,D8,D8-79,0.9371954570913212,0.0,0.0,-0.5466666666666666
random,D8,D8-80,0.8914378499088831,0.000131781951846488,0.0,-0.46923076923076923
random,D8,D8-81,0.8590393272227987,0.08328206949508421,0.4330878433256343,-0.4932468422173406
random,D8,D8-82,0.884412101179578,0.0,0.06789086222183927,-0.5071174377224199
random,D8,D8-83,0.8721011114525457,0.09534195159769765,0.12146405916826974,-0.4807770551711458
random,D8,D8-84,0.9467531221941529,0.08574961958329363,0.41488422664999836,-0.45463448053518174
random,D8,D8-85,0.8962232537338051,0.07384954656515719,0.24118913892400617,-0.45274276131799746
random,D8,D8-86,0.8867935502340011,0.1068275798659638,0.3782476505213983,-0.3685466388356604
random,D8,D8-87,0.8978364004973759,0.001311244291589797,0.05912837317321973,-0.47507256866501496
random,D8,D8-88,0.9078916587261421,0.06881838597949874,0.09190969502654844,-0.4490956320554052
random,D8,D8-89,0.9154658863872905,7.505651655748125e-11,2.594122694432599e-10,-0.5925925925925926
random,D8,D8-90,0.8824388795567378,0.11260264030050082,0.20843747461581463,-0.4754601226993865
random,D8,D8-91,0.9298326444907646,0.12946209460015812,0.2863262098299135,-0.546857657055401
random,D8,D8-92,0.9071868624200825,0.06538490087005566,0.4379735574897572,-0.524333000797396
random,D8,D8-93,0.9111074249486873,0.0,0.0,-0.5108479143759653
random,D8,D8-94,0.871200137810934,0.007097705104529672,0.1378965939830894,-0.5072463768115942
random,D8,D8-95,0.8712042261436302,0.0,0.0,-0.44755244755244755
random,D8,D8-96,0.8704858358165114,0.0,0.23722261510282472,-0.35286783042394015
random,D8,D8-97,0.8803466710968088,0.0765428733545862,0.17571925060812754,-0.5169404517453798
random,D8,D8-98,0.9202721615824528,1.3645216444535535e-06,0.06859544465917944,-0.5493421052631579
random,D8,D8-99,0.9009298568262453,0.04123472926373395,0.21522730586993388,-0.40966657968019954
fixed,D9,D9-0,0.8142062766803161,0.16522858474047752,0.1655443048647277,-0.1718907602266086
fixed,D9,D9-1,0.8328020647814424,0.12065849261788608,0.12369615075139961,-0.39737110454628294
fixed,D9,D9-2,0.8216474355114531,0.3410910174963385,0.3502270754501433,-0.13416182439047505
fixed,D9,D9-3,0.7384665608808152,0.278634080678248,0.32076024054899854,0.006089968909169586
fixed,D9,D9-4,0.8361915241838003,0.17098828019734047,0.10115350513143095,-0.327391920344442
fixed,D9,D9-5,0.7699574823442709,0.2851670596664151,0.08368372202013286,-0.14907125933963686
fixed,D9,D9-6,0.8194889648326137,0.16946277453379965,0.36150764059847784,-0.11774551856623719
fixed,D9,D9-7,0.7681367663737358,0.05542664320613866,0.11589320815995285,-0.04607111131602676
fixed,D9,D9-8,0.7668194443981695,0.1916155467581928,0.04111058623320696,-0.14231689995991437
fixed,D9,D9-9,0.8228685699774001,0.2678727451192817,0.252920189990413,-0.172214817503208
fixed,D9,D9-10,0.8052125894556326,0.3541974164065077,0.2784064324134642,-0.25583613541823724
fixed,D9,D9-11,0.8057818902276555,0.24025064304158517,0.139501962987586,-0.2995310107540663
fixed,D9,D9-12,0.7765045882272544,0.037773515212163544,0.10917127175186747,-0.10849022951512075
fixed,D9,D9-13,0.8015766076674564,0.5250972561371371,0.35190301278808933,-0.14279633649708653
fixed,D9,D9-14,0.7624470207255543,0.2340161761025351,0.059259320250979686,-0.16356478461763624
fixed,D9,D9-15,0.8435060081619474,0.11344789541308675,0.09756198371187297,-0.21367356824778944
fixed,D9,D9-16,0.8962166397914674,0.15749334066152965,0.242470811241546,-0.3877016579323318
fixed,D9,D9-17,0.8134949014219376,0.258685395474187,0.09686153574403078,-0.33812347952970007
fixed,D9,D9-18,0.7649850790446601,0.3705410062159328,0.050060925122312194,-0.20803083630309074
fixed,D9,D9-19,0.865808013522003,0.06294349719161008,0.34340055785662993,-0.11083992041798857
fixed,D9,D9-20,0.7930584436915896,0.10621001614340919,0.13384109104465758,-0.20578709538563264
fixed,D9,D9-21,0.6032488609961354,0.6046529265639516,0.14938887761317898,-0.3340832882069153
fixed,D9,D9-22,0.819804416741386,0.20884404800617817,0.2946858822943387,-0.07802126226948557
fixed,D9,D9-23,0.8171388476454023,0.15702187737740902,0.07545658857800763,-0.1659223506356124
fixed,D9,D9-24,0.7198960116945733,0.5436985216785386,0.37429473092439347,-0.10152548014214305
fixed,D9,D9-25,0.778866486052423,0.47484625925022705,0.41400334609514133,-0.1234016496932076
fixed,D9,D9-26,0.8366736503750914,0.04990532250488722,0.2128013737791199,-0.0840307941579455
fixed,D9,D9-27,0.7794694089181603,0.5186488806883687,0.3323421187882999,-0.28603389377773725
fixed,D9,D9-28,0.8194909753687464,0.20041487788847223,0.2013598146880703,-0.17776655166233096
fixed,D9,D9-29,0.8011255672878059,0.45963778589490134,0.2306795129150523,-0.2829028804538017
fixed,D9,D9-30,0.7879951014721996,0.23339635713665652,0.2798672126340306,-0.15387435910091565
fixed,D9,D9-31,0.8307419677401047,0.1205200447894369,0.02912638734686368,-0.15670610868108584
fixed,D9,D9-32,0.7672104880912678,0.4147425955213079,0.0984315062254093,-0.20910720374853004
fixed,D9,D9-33,0.7798153960564443,0.22868055843801427,0.2635539876004943,-0.11586544635205595
fixed,D9,D9-34,0.8332521849196064,0.19745512649075003,0.2703538680276403,-0.09799793286491439
fixed,D9,D9-35,0.7748303160814292,0.399131034090913,0.033931074529519045,-0.29086417759273536
fixed,D9,D9-36,0.7153564723939844,0.3513835257840262,0.3126325302445867,-0.2018623638833812
fixed,D9,D9-37,0.7694334968084692,0.49370480612530354,0.23524382349881268,-0.18328777207562708
fixed,D9,D9-38,0.7886059616626989,0.3324479940192452,0.39274133998211547,-0.11914828208548356
fixed,D9,D9-39,0.862547314864305,0.08687752379128832,0.0,-0.21687120112802336
fixed,D9,D9-40,0.7632986117084114,0.46600850341227595,0.4016588299288444,-0.0388600680867545
fixed,D9,D9-41,0.8183508157079016,0.37223488165296836,0.45100817162862394,-0.18380365090078005
fixed,D9,D9-42,0.8437559503000339,0.33094754357882394,0.20962889453129596,-0.24313315007034847
fixed,D9,D9-43,0.8246349855068172,0.25783722148475363,0.21485203422936616,-0.17031743862928375
fixed,D9,D9-44,0.8181678288243392,0.3854588714443099,0.3249405107682771,-0.3381582032970298
fixed,D9,D9-45,0.6407652078879973,0.35058670899770783,0.013908812340015175,-0.08084312587410768
fixed,D9,D9-46,0.8031639131065686,0.19142864346899768,0.0,-0.16598560835686313
fixed,D9,D9-47,0.8524803564937923,0.24009049599590682,0.20831170497859397,-0.45877613844544873
fixed,D9,D9-48,0.8238860484755743,0.3488031340571798,0.2766652665221082,-0.36115488152545333
fixed,D9,D9-49,0.7783760971871131,0.3437274310571935,0.024246902003394077,-0.22888364429213165
fixed,D9,D9-50,0.8108415514563965,0.29667673797046945,0.20443412955608897,-0.06265119127772711
fixed,D9,D9-51,0.7057036839191873,0.4893149347663236,0.31442783330649815,-0.13373238841545027
fixed,D9,D9-52,0.7807284108891767,0.3603155662764834,0.36754845284957594,-0.24677063505541774
fixed,D9,D9-53,0.8081388032633923,0.47950023439984835,0.3778126426503269,-0.14232520737645388
fixed,D9,D9-54,0.8692559520180927,0.125543251417346,0.0934469168866171,-0.1676796003952699
fixed,D9,D9-55,0.8329206559401283,0.31858943829147157,0.3820115633333362,-0.2250094871876579
fixed,D9,D9-56,0.7838721988087098,0.04124037518797741,0.0,-0.04119589306682186
fixed,D9,D9-57,0.7845329565029135,0.3331188888451785,0.12453636721211248,-0.22367035058740953
fixed,D9,D9-58,0.8674953692627101,0.18625246291449227,0.2501360067060149,-0.36536722454516857
fixed,D9,D9-59,0.824451936804562,0.4915672488902779,0.40086731763098316,-0.2955619127951335
fixed,D9,D9-60,0.766505234707246,0.41344515726192665,0.2028216168054584,-0.15843409963979768
fixed,D9,D9-61,0.8198864964739898,0.07571567584212913,0.1686662442876753,-0.16887174639972888
fixed,D9,D9-62,0.8205667599496674,0.18686167722367986,0.13099640415887348,-0.14513078833523588
fixed,D9,D9-63,0.7291625117712909,0.375180893162978,0.12449942325997743,-0.13021184074070602
fixed,D9,D9-64,0.7817941930102337,0.5150139723473208,0.34124247313785294,-0.09933915869848273
fixed,D9,D9-65,0.8517960675824284,0.04342542804489824,0.11618119230919244,-0.26394622649946886
fixed,D9,D9-66,0.8105362439415567,0.11897630857864838,0.20966658798048898,-0.23644107511026688
fixed,D9,D9-67,0.7977016921329412,0.4444144865408298,0.38386983905714267,-0.18440447682123556
fixed,D9,D9-68,0.8490240295687665,0.18439293983250615,0.45972369497471444,-0.12774490892173612
fixed,D9,D9-69,0.8405902620735497,0.10380638329369118,0.06243452651809367,-0.3658221406463609
fixed,D9,D9-70,0.7249600175506469,0.18118161446374914,0.25307789620221766,-0.059420541491765885
fixed,D9,D9-71,0.8309512326395032,0.2309797956783849,0.21587725175799066,-0.2560530693778795
fixed,D9,D9-72,0.8253157011214237,0.20959415587685537,0.12044590432785329,-0.22077243036024222
fixed,D9,D9-73,0.7638005832508935,0.3809316151383608,0.2220485405091709,-0.1996633555618636
fixed,D9,D9-74,0.8102402478549194,0.43527166989565536,0.3194637337111189,-0.39112093204113674
fixed,D9,D9-75,0.8013067266909362,0.027573407063683386,0.0,-0.12848496993747868
fixed,D9,D9-76,0.8054001352518925,0.07272278253905462,0.0,-0.18078680892459786
fixed,D9,D9-77,0.7333332503668275,0.3455682397969301,0.212813238999213,-0.05873521755086727
fixed,D9,D9-78,0.7758982185511537,0.4090552028719,0.4512680592750702,-0.1485972154390001
fixed,D9,D9-79,0.6859887693623314,0.4431882631841031,0.0,-0.3155621326034286
fixed,D9,D9-80,0.8375789476520723,0.15519164867201896,0.12829206642012025,-0.23219222812502785
fixed,D9,D9-81,0.7291440001228516,0.6142910519214363,0.4337073753001853,-0.3421857625420613
fixed,D9,D9-82,0.757592197527521,0.26634503405132626,0.0607208204425187,-0.1444073418315194
fixed,D9,D9-83,0.7692719537364605,0.3295678079845068,0.26897410419430323,-0.1591918009096047
fixed,D9,D9-84,0.791588424495364,0.13638152613553867,0.13913525434075458,-0.11227992533607806
fixed,D9,D9-85,0.8361435953511507,0.2531027473433237,0.1172885697734749,-0.3460831808752543
fixed,D9,D9-86,0.8055490586046546,0.2557560402576753,0.35396087172737434,-0.36939808574959165
fixed,D9,D9-87,0.8260301973129656,0.3809829558709864,0.2662442471863379,-0.302480570937176
fixed,D9,D9-88,0.8236297996911447,0.12389210257017369,0.07165809915814592,-0.29212050045628574
fixed,D9,D9-89,0.7160840272443723,0.37382813525589587,0.09033486233198973,-0.13908841486428913
fixed,D9,D9-90,0.8223059067956888,0.21310181086234647,0.26515561838053336,-0.28820024941406397
fixed,D9,D9-91,0.7869192964810059,0.36050109948713416,0.3374204033771876,-0.06868631075236453
fixed,D9,D9-92,0.8166235826286682,0.2989629374055006,0.1095224720328295,-0.06591213802123733
fixed,D9,D9-93,0.752889356838753,0.5917556366899989,0.49200989204270906,-0.22173474063788684
fixed,D9,D9-94,0.7098360546870757,0.36566098776101097,0.2895411407908933,-0.14128832371497116
fixed,D9,D9-95,0.7703217553787103,0.27556839054056204,0.13356119600314253,-0.22345328452949853
fixed,D9,D9-96,0.8262366901562868,0.13437244398872206,0.1799895857202498,-0.27091869083938525
fixed,D9,D9-97,0.7791212153120909,0.3711527045549933,0.3094158375232281,-0.2162249382322995
fixed,D9,D9-98,0.7458694779633921,0.3811699521249704,0.4669124634266081,-0.08814098343489742
fixed,D9,D9-99,0.7353994259499026,0.3069583975628213,0.3198784266020952,-0.21992946367915478
fixed,D9,D9-100,0.7459099565855267,0.3556971841658497,0.43521772486461485,0.03391762596999927
fixed,D9,D9-101,0.7225735123811307,0.48605829419562363,0.04889376084716279,-0.25370085068697207
fixed,D9,D9-102,0.8522569642149533,0.33273255329257534,0.27535580478779675,-0.1876375414446072
fixed,D9,D9-103,0.7885099917431718,0.38802776942697215,0.25635982944621494,-0.36644048808277085
fixed,D9,D9-104,0.7062766760017204,0.34591398783505545,0.0,-0.2656613409525827
fixed,D9,D9-105,0.836877761747276,0.17118178182943622,0.20696183321874817,-0.21621940527671055
fixed,D9,D9-106,0.8002103198997539,0.19123937429059434,0.05955111404301772,-0.039237047349724094
fixed,D9,D9-107,0.7974701571467419,0.35058954884768867,0.15434020831625705,-0.23797145525646368
fixed,D9,D9-108,0.7696581577918841,0.2703704787012814,0.2633044523446427,-0.1740699184041813
fixed,D9,D9-109,0.8173041638479087,0.28043033321286515,0.25081554013641405,-0.1662719127023404
fixed,D9,D9-110,0.7755055982436856,0.4173208960599736,0.3011051772013389,-0.3396019570096058
fixed,D9,D9-111,0.7685867872719762,0.10262447021460941,0.26136092332429994,-0.20943350689268037
fixed,D9,D9-112,0.7075725347604283,0.39514955765040216,0.13833898286613222,-0.28829110824982324
fixed,D9,D9-113,0.8340501892055829,0.13563201191889207,0.09728334859295351,-0.4047229035675675
fixed,D9,D9-114,0.8252114467213896,0.42172216791640316,0.40749185743113725,-0.30011208736388956
fixed,D9,D9-115,0.7693399743040901,0.20468686996038854,0.026663645223134025,-0.40265450452747403
fixed,D9,D9-116,0.751932459979027,0.18235192600475691,0.17007330251118435,-0.07517772273921842
fixed,D9,D9-117,0.7761137835163822,0.3841508025648387,0.4027168350321434,-0.17728134130442266
fixed,D9,D9-118,0.7347720326046486,0.17958873855627944,0.0,-0.24249103244310616
fixed,D9,D9-119,0.8016373437434287,0.25682819986419214,0.4570597318861811,-0.0700245184059769
fixed,D9,D9-120,0.8202519781680023,0.06437197579868481,0.18106408511144378,-0.157534851769873
fixed,D9,D9-121,0.8671124087456359,0.07075836368280253,0.13695581474755048,-0.15605958949869028
fixed,D9,D9-122,0.8204562255508501,0.2795115424874346,0.16746055786781688,-0.11992878125605759
fixed,D9,D9-123,0.805317399002803,0.2878166184841291,0.42112522098933836,-0.151495435300242
fixed,D9,D9-124,0.8228804284747944,0.41802764923181135,0.33631792163461016,-0.2969075133091716
fixed,D9,D9-125,0.8389302117509664,0.23770670674890948,0.24932632824211198,-0.19289081735800498
fixed,D9,D9-126,0.8432891505721117,0.3984450443871028,0.14808414606792353,-0.19015847217802453
fixed,D9,D9-127,0.7478924670617477,0.2592298430859259,0.3321301637705496,-0.3028258193313758
fixed,D9,D9-128,0.8148421460250239,0.15366562227383718,0.0,-0.24096695901915866
fixed,D9,D9-129,0.8036215306785995,0.2752702953493552,0.1729792095200957,-0.2256179812268923
fixed,D9,D9-130,0.8437743374168223,0.22514049766695832,0.16584287764003647,-0.1800723060262681
fixed,D9,D9-131,0.8461685583783825,0.16598181389650324,0.323179900902572,-0.2887526098006438
fixed,D9,D9-132,0.7443568914561123,0.3357382464249625,0.0,-0.10918401840877952
fixed,D9,D9-133,0.7901462025908571,0.41268227177199623,0.15063884060465882,-0.19862073597114174
fixed,D9,D9-134,0.7299005183425736,0.3615419657690295,0.27478810873859894,-0.10528667291808558
fixed,D9,D9-135,0.749138461359089,0.544930451573033,0.3328252637176521,-0.2275709185530222
fixed,D9,D9-136,0.6823807156609456,0.46493896732585505,0.12420365872989092,-0.24414959139286688
fixed,D9,D9-137,0.8425617138776237,0.18388817184791717,0.029928020249763487,-0.14011202334979908
fixed,D9,D9-138,0.7798813308017608,0.23929717691887664,0.014792558457298877,-0.1413305630364695
fixed,D9,D9-139,0.8149086362367279,0.23596427890997218,0.19873873416654186,-0.08934720138511942
fixed,D9,D9-140,0.8694827557058821,0.2550489394695197,0.48602979424750314,-0.2088938724735851
fixed,D9,D9-141,0.8714448829060665,0.047977235081724356,0.0,-0.2657270518549504
fixed,D9,D9-142,0.8141699407880948,0.25178867351312084,0.2907036319166997,-0.1467357322687406
fixed,D9,D9-143,0.7231907223187397,0.24748651130827626,0.5231709896194197,-0.08637130538724452
fixed,D9,D9-144,0.7702585830254509,0.3789632597250473,0.02902950398712223,-0.21530915870374803
fixed,D9,D9-145,0.7788890749948522,0.4675891989030241,0.2979915889771102,-0.457381127185017
fixed,D9,D9-146,0.8100859839838481,0.10543635171099242,0.09044560231407706,-0.08016867956730855
fixed,D9,D9-147,0.7914968545678932,0.33471526888993675,0.3027308405582012,-0.2224284488211575
fixed,D9,D9-148,0.8653879329898171,0.2807098131589414,0.18158202691183734,-0.3199494779094431
fixed,D9,D9-149,0.7292955785402813,0.39623690741305717,0.07501510307112302,-0.2614607734822836
fixed,D9,D9-150,0.816566279492336,0.30662639696595084,0.21217347715447732,-0.07995267242501634
fixed,D9,D9-151,0.7377970628910715,0.4424876460304974,0.2776649834065644,-0.2630938331812772
fixed,D9,D9-152,0.7936026713755042,0.26760533995762226,0.34491163521609125,-0.1715887969649665
fixed,D9,D9-153,0.7609989982206429,0.3980540671107641,0.1307892925946652,-0.18694609824816055
fixed,D9,D9-154,0.8494439875800108,0.1664033159188586,0.033064490224340326,-0.1553274295198825
fixed,D9,D9-155,0.7280803702355207,0.45229266651319144,0.1332312257249133,-0.27246015384064015
fixed,D9,D9-156,0.791603569037688,0.06391718706561744,0.1004649350956568,-0.2606690360932264
fixed,D9,D9-157,0.7905689324739172,0.27268098792603945,0.20372598928165997,-0.25707550926828016
fixed,D9,D9-158,0.7529404631827954,0.39997122538773866,0.4148308740287904,-0.1630955613782906
fixed,D9,D9-159,0.6799797790479819,0.654928132532778,0.47461991133661563,-0.16553445502743835
fixed,D9,D9-160,0.7783178130106972,0.42963103782866396,0.3009198298449338,-0.37452469495102636
fixed,D9,D9-161,0.7928953821999378,0.5026888742219537,0.40381051742071183,-0.15294110130910873
fixed,D9,D9-162,0.7943614595662521,0.2334602082806717,0.0,-0.06269539501016982
fixed,D9,D9-163,0.8421877046933348,0.11215524074173433,0.0,-0.11090228756867807
fixed,D9,D9-164,0.7917375447301646,0.31699343982539996,0.1946260736092198,-0.2509139046318344
fixed,D9,D9-165,0.7586221732905514,0.4970118128703974,0.35036522958897653,-0.3162849291341015
fixed,D9,D9-166,0.8480703033392077,0.12206618216503073,0.141693305859096,-0.2046595282755979
fixed,D9,D9-167,0.8121009522818206,0.14022212403511214,0.24822624277590322,-0.24211462510943663
fixed,D9,D9-168,0.7727174047075642,0.35979493329506385,0.29392650672587595,-0.13125408169593564
fixed,D9,D9-169,0.8372574020927183,0.283362327324411,0.3278519305504485,-0.31945766318114444
fixed,D9,D9-170,0.8126398783892665,0.33314341102171485,0.17990954350932564,-0.18447582594667788
fixed,D9,D9-171,0.7563747950662169,0.3042415507508758,0.1234596621323154,-0.1624570478859731
fixed,D9,D9-172,0.8147957118095072,0.3245023326697355,0.2826979963591867,-0.2927808709205434
fixed,D9,D9-173,0.7669191404906369,0.3469183271755272,0.20838890636228147,-0.10720694838136025
fixed,D9,D9-174,0.7807144022904434,0.23217356123337896,0.07589170806753809,-0.13653403268474504
fixed,D9,D9-175,0.8469128077489819,0.10583559703898104,0.2390969667534879,-0.269912446890939
fixed,D9,D9-176,0.7289748238977577,0.4343392671248639,0.07972739651427829,-0.18209811522039215
fixed,D9,D9-177,0.8051393795999605,0.3862449947600254,0.29474516295885345,-0.1851644053154731
fixed,D9,D9-178,0.7973718535234036,0.08077144493827826,0.18832296388335235,-0.15807118685286445
fixed,D9,D9-179,0.7761660613008121,0.44099170774550267,0.4489815930677308,-0.11195312835332848
fixed,D9,D9-180,0.8504725018128823,0.30038546172895864,0.26252524125049803,-0.2996274691615494
fixed,D9,D9-181,0.8416360951381301,0.23033618937924516,0.18367659957499494,-0.14769987674532412
fixed,D9,D9-182,0.8109300748211079,0.3083016650103596,0.15166875968351334,-0.10241099840555995
fixed,D9,D9-183,0.8094524638165539,0.24149945648718807,0.39445020592508806,-0.03917380404253853
fixed,D9,D9-184,0.8156964362552628,0.38545128020926833,0.3031269247373233,-0.3267474409258986
fixed,D9,D9-185,0.7838998354539851,0.41212572666002945,0.3937189254228143,-0.30166210707702285
fixed,D9,D9-186,0.789847594440086,0.299757839296962,0.1037160897458782,-0.30829002846629744
fixed,D9,D9-187,0.6498858932466702,0.45867651008558097,0.19334699605326644,-0.22527113212273003
fixed,D9,D9-188,0.7612529740119975,0.3116098251510443,0.06002324381817925,-0.1631019506854814
fixed,D9,D9-189,0.8284287035840572,0.09609611161701537,0.0,-0.19278394188241002
fixed,D9,D9-190,0.7385199617500317,0.40069319510197343,0.12529100199860543,-0.11480201413926819
fixed,D9,D9-191,0.8038981374392092,0.23656853802582534,0.1154129827204039,-0.37412919677722567
fixed,D9,D9-192,0.7420663299981346,0.27540150009795283,0.000937686768925694,-0.041801596905313425
fixed,D9,D9-193,0.7936002887635824,0.41555868555424913,0.3564718460880477,-0.2237953264214818
fixed,D9,D9-194,0.75327434568273,0.32678984870373784,0.057668698588580924,-0.09692322644804643
fixed,D9,D9-195,0.8266829639488318,0.09069818784010042,0.2044409452028194,-0.16616104120280212
fixed,D9,D9-196,0.8367738581890463,0.31975175728901917,0.2995755149128482,-0.2581966022399734
fixed,D9,D9-197,0.792234943799262,0.2260145865187635,0.1531793027295426,-0.24183658434815616
fixed,D9,D9-198,0.7943445287439718,0.2858701305367777,0.12130220994296936,-0.20587025402937711
fixed,D9,D9-199,0.8110561039378812,0.24112067671075377,0.07295767974426359,-0.028842916952063345
random,D9,D9-0,0.6660195380942326,0.5361076644987046,0.09558997917111356,-0.1080366472622813
random,D9,D9-1,0.7416512461486021,0.1281216952423685,0.03680015289357219,-0.12281307904933456
random,D9,D9-2,0.8303518789616254,0.4932427210332785,0.3928400664633219,-0.13950245294018646
random,D9,D9-3,0.8830547244601822,0.10596188343550605,0.24863308412351293,-0.4974326481636871
random,D9,D9-4,0.8867349845050251,0.19198063944304022,0.2090019503953815,-0.23406957339339687
random,D9,D9-5,0.8166835015193716,0.12516491145225084,0.14049761328036303,-0.20860902693391664
random,D9,D9-6,0.8224043135484145,0.1514109597349662,0.16635698969269352,-0.2673938989747336
random,D9,D9-7,0.6149223038468955,0.6216587271234946,0.19587457230197625,-0.10730650084663937
random,D9,D9-8,0.8282555455316652,0.11068716129545919,0.1828302094437939,-0.31882845763592865
random,D9,D9-9,0.8962384614073872,0.2096368760648365,0.14208244515836255,-0.499124881937493
random,D9,D9-10,0.7427156617953922,0.5355845471389793,0.4355032887535326,-0.1592138946063903
random,D9,D9-11,0.8651002592174656,0.09532464542682395,0.18074333475168536,-0.3587140200712616
random,D9,D9-12,0.8354766348871546,0.016816162600824525,0.0,-0.42233271283498125
random,D9,D9-13,0.8214843762233432,0.2535017818789116,0.19859272447189336,-0.3416887602106725
random,D9,D9-14,0.8922131224899701,0.0,0.0,-0.5284773461552315
random,D9,D9-15,0.7926677960097795,0.24691198111557222,0.09416174889221207,-0.13195623075261306
random,D9,D9-16,0.8732295976726393,0.06733842055251038,0.13804609772970045,-0.21237605611635424
random,D9,D9-17,0.8219457772442228,0.34595264935654435,0.24953288371327031,-0.20977043107204696
random,D9,D9-18,0.712194852490492,0.32554607347226194,0.0,-0.2145650459805955
random,D9,D9-19,0.6998749568088929,0.3690618281442014,0.10376566675532162,-0.1571817313387874
random,D9,D9-20,0.8581883654463848,0.06219564360467578,0.2660166693937913,-0.457763824386886
random,D9,D9-21,0.8393457932324866,0.17645741406769244,0.1973370758403149,-0.17308248490033587
random,D9,D9-22,0.8546647088043489,0.11017460872911089,0.14380810103338548,-0.07042203848145455
random,D9,D9-23,0.8536610511057875,0.051556488548379575,0.04182025835778591,-0.23108375649090904
random,D9,D9-24,0.8693778448196086,0.0,0.003947621611122054,-0.5638158189662565
random,D9,D9-25,0.5545962103375499,0.5179241451463431,0.04260497067011637,-0.1570856289578681
random,D9,D9-26,0.8896688960682678,0.29973251071209317,0.4337560138774347,-0.3090658223567182
random,D9,D9-27,0.8733162860917497,0.18341364763694212,0.21557213910293838,-0.2995383729337711
random,D9,D9-28,0.8334072624356502,0.04383204554353948,0.17480977587809243,-0.33544251553328247
random,D9,D9-29,0.8621798679926397,0.15584507898200506,0.17819191164968096,-0.3399088006059116
random,D9,D9-30,0.6062251482739031,0.6357488841215355,0.020067038235799584,-0.13756286983854105
random,D9,D9-31,0.7378923637800991,0.5847413354650808,0.4032787086757361,-0.20285790403499843
random,D9,D9-32,0.6961643084409006,0.5400183815257615,0.23914336575742234,0.07424278664345046
random,D9,D9-33,0.7768379958388885,0.06980552284090025,0.0,-0.12135446337943462
random,D9,D9-34,0.9109287443778424,0.12325538156808946,0.20938396722012187,-0.347870452885572
random,D9,D9-35,0.6459942894171152,0.8140796814540272,0.6342097658137971,-0.11997890009480908
random,D9,D9-36,0.8733324936369824,0.06914712098103215,0.05179121765339012,-0.41683631887727474
random,D9,D9-37,0.7565303429477989,0.4391810802224281,0.16751202910066654,-0.1767832332617633
random,D9,D9-38,0.9050893805176867,0.041102198353478614,0.2704049030865987,-0.3350630688604388
random,D9,D9-39,0.8503185168019247,0.32553202100498957,0.30693288763733606,-0.13981849703763696
random,D9,D9-40,0.6190391013398794,0.2677116281142219,0.0,-0.017868300317137
random,D9,D9-41,0.8475136843503648,0.1885210294394405,0.29788373635267584,-0.3456012023628369
random,D9,D9-42,0.8074363085153363,0.35391839582343043,0.2579738516275677,-0.30866232537456195
random,D9,D9-43,0.7942278692817906,0.20183126899892911,0.1944727790036339,-0.08888437904427866
random,D9,D9-44,0.8980912574207347,0.1564912456700821,0.32806722002203503,-0.37833669995169017
random,D9,D9-45,0.6555489373983237,0.307517554440739,0.005436277383100263,-0.24118472120337336
random,D9,D9-46,0.8512292801593617,0.07561938707487637,0.20022781609516527,-0.4016895229214922
random,D9,D9-47,0.7970870686599998,0.3544587341446297,0.32608488291540794,-0.11871549509192618
random,D9,D9-48,0.7703357379314733,0.40153963391888847,0.3106187189313323,-0.3108360034349538
random,D9,D9-49,0.8869192429102875,0.22256062162826518,0.15437402275691303,-0.35555056884047387
random,D9,D9-50,0.9007390907524796,0.11364129171857995,0.35891872271161385,-0.5263488229827266
random,D9,D9-51,0.8290944398384202,0.2752310137286942,0.32529376137999744,-0.09763875038416915
random,D9,D9-52,0.8923642603340435,0.14436348818036093,0.3312827275921544,-0.3774475300845944
random,D9,D9-53,0.7646361903067783,0.49644307096374773,0.328347955125438,-0.19585352966316952
random,D9,D9-54,0.7752476521094861,0.18257581683695012,0.0,-0.11196200250629412
random,D9,D9-55,0.7976267541835678,0.007506820224761457,0.00967159328721412,-0.05704426879217823
random,D9,D9-56,0.713913557503007,0.37853986158602493,0.21288953233442376,0.1054790645642398
random,D9,D9-57,0.7239390608147472,0.3502011125153066,0.40256496553839194,0.05139629966119115
random,D9,D9-58,0.5431228632269508,0.6526860849390982,0.20737440936993812,-0.04647628007416233
random,D9,D9-59,0.875862814876488,0.01746518235519534,0.19781016443908273,-0.3344096399144194
random,D9,D9-60,0.622805604477347,0.5197345306950727,0.13019383334628565,-0.04253970639437684
random,D9,D9-61,0.795323807736661,0.2495438006699099,0.1516684196979894,-0.07716554285290865
random,D9,D9-62,0.8943559317688103,0.012264499974564469,0.17867351956565636,-0.28182262501717237
random,D9,D9-63,0.8773204965086545,0.05704355522017979,0.1530977803182093,-0.43667994279222305
random,D9,D9-64,0.8847083590000477,0.06286254965973181,0.3230735493865562,-0.2673612445263545
random,D9,D9-65,0.7716817435500488,0.3541668819028875,0.24201972618864753,-0.14959096500099017
random,D9,D9-66,0.6406578863996073,0.5200242016006164,0.15403298555064582,-0.010314307237190208
random,D9,D9-67,0.8362896704445753,0.08699467271374417,0.12002940755686076,-0.38798586096684234
random,D9,D9-68,0.8838841469319115,0.20197947645090109,0.16767677633541422,-0.32427095906874415
random,D9,D9-69,0.8860181200433288,0.16869410137218477,0.11999872805966572,-0.4667278215960235
random,D9,D9-70,0.8497086489070381,0.07780937171338376,0.00823347717091183,-0.24668941259023502
random,D9,D9-71,0.7248401831174249,0.3678199290086358,0.3334967117754285,0.0007229943456481536
random,D9,D9-72,0.8546400629022317,0.24009195681003392,0.05322213702658085,-0.412184370575297
random,D9,D9-73,0.8843223832973923,0.101660000773518,0.27854589190952017,-0.19499190067734504
random,D9,D9-74,0.8072803940641814,0.3928747076434932,0.37510489891176957,-0.3705849256626485
random,D9,D9-75,0.8743782937856241,0.241709701815225,0.1421123973227949,-0.37026691850335336
random,D9,D9-76,0.7827875591604094,0.35502323057428953,0.30646009886281744,-0.22004496926520833
random,D9,D9-77,0.7785763641688381,0.22043666543396223,0.04332843962059796,-0.0770695999559212
random,D9,D9-78,0.8885484038188208,0.19815903501200804,0.28343607399141735,-0.38044522067446146
random,D9,D9-79,0.794926734914437,0.15491750934335113,0.10095626873139008,-0.2038775307499081
random,D9,D9-80,0.7367432433205202,0.2667993218216723,0.06335992955976011,0.00013262079495541824
random,D9,D9-81,0.8301725558667222,0.3420660145416603,0.42712894653857914,-0.19578050878627345
random,D9,D9-82,0.6206603860878045,0.6205831336004953,0.2866268221481659,-0.1161349674940409
random,D9,D9-83,0.74050403372065,0.4703272120870815,0.15755920351685282,-0.0795197144069892
random,D9,D9-84,0.6295920434271995,0.45990688406781377,0.0684117445785688,-0.06188068445348986
random,D9,D9-85,0.6950798889664105,0.4290774895124615,0.08758906824618273,-0.10858110703315481
random,D9,D9-86,0.9119577077468289,0.08266241871418645,0.27743077816734907,-0.3356471097145436
random,D9,D9-87,0.8485265651421202,0.22710879888119073,0.1658806499843848,-0.4660139283619319
random,D9,D9-88,0.5147314130014601,0.6530558859687225,0.13788242677480467,-0.07516345923314105
random,D9,D9-89,0.8162895600344732,0.25881382060976343,0.1502223602226438,-0.25711380670394274
random,D9,D9-90,0.854504223961444,0.16848837081702905,0.04895328843456792,-0.4425535422983619
random,D9,D9-91,0.6548751643380492,0.6205432855989196,0.18016084314391934,-0.25730147558640903
random,D9,D9-92,0.6438176006421396,0.611781909502501,0.17069624220768964,-0.1236013359249658
random,D9,D9-93,0.7073140278122592,0.2998693121479803,0.2091087584061615,-0.005062219896563798
random,D9,D9-94,0.8948784614239244,0.0,0.0,-0.36316858477385666
random,D9,D9-95,0.8795770914701606,0.17956368033283088,0.3912088676875042,-0.4054459823809213
random,D9,D9-96,0.7073616291129844,0.46749704188212693,0.055262023018852746,-0.16703742196643884
random,D9,D9-97,0.9124392454966713,0.0,0.1852373129983853,-0.4580308733196142
random,D9,D9-98,0.7854399905676017,0.2400219773889617,0.519331358792579,-0.14632596487771798
random,D9,D9-99,0.8394220565506813,0.17438079332595924,0.05877886784777986,-0.4001442087080184
