dgp,n,rep,method,horizon_slice,m,correct_model,classical_cell_secs,timesfm_cell_secs,MASE,RMSSE,sMAPE,MAPE,SPL,cover60,cover80,width60,width80,denom_ok
D3,24,0,SeasonalNaive,h1,1,ARIMA,8.671362161636353,4.402890920639038,0.10109318257181958,0.07604906008437616,0.1584597920604671,0.15833434392439563,0.16960606385775215,1.0,1.0,2.2375600415707435,3.407172323946127,True
D3,24,0,SeasonalNaive,h1_6,1,ARIMA,8.671362161636353,4.402890920639038,2.2670936281597975,2.007385695178113,3.646406202245969,3.74156586182501,0.7986526142868164,0.5,0.6666666666666666,4.039475381081778,6.15098074062046,True
D3,24,0,SeasonalNaive,h1_12,1,ARIMA,8.671362161636353,4.402890920639038,1.5984342840071661,1.534086503993095,2.5541645207918697,2.603615812828498,0.6898499747951073,0.75,0.8333333333333334,5.453866994175099,8.304699912317021,True
D3,24,1,SeasonalNaive,h1,1,ARIMA,8.671362161636353,4.402890920639038,0.9786923724256615,0.7941793448761362,1.8605686181647756,1.8434195751070015,0.3173907975211766,1.0,1.0,2.074313030384224,3.1585932073423084,True
D3,24,1,SeasonalNaive,h1_6,1,ARIMA,8.671362161636353,4.402890920639038,1.6856587425571006,1.4112179854669982,3.1799601836039684,3.127166735833216,0.5688424902787699,0.5,1.0,3.7447649507595426,5.7022199462208185,True
D3,24,1,SeasonalNaive,h1_12,1,ARIMA,8.671362161636353,4.402890920639038,2.190447780116519,2.058345594164026,4.088787609407566,3.981579038243441,0.7687752178315073,0.5,1.0,5.055965945860464,7.698808935404923,True
D3,24,2,SeasonalNaive,h1,1,ARIMA,8.671362161636353,4.402890920639038,1.3651224994868427,1.0245773821975188,2.276617950486856,2.3028312856966546,0.4555140692512919,0.0,1.0,2.2427121698354364,3.4150175609483733,True
D3,24,2,SeasonalNaive,h1_6,1,ARIMA,8.671362161636353,4.402890920639038,3.9817103196255963,3.3278723538656014,6.846019639302149,7.155818111064459,1.5187956611260858,0.0,0.3333333333333333,4.04877653720664,6.165143775864449,True
D3,24,2,SeasonalNaive,h1_12,1,ARIMA,8.671362161636353,4.402890920639038,6.574104628459525,5.427580447409717,11.606117545310939,12.50119594348196,2.6441715013766025,0.0,0.16666666666666666,5.466424879447678,8.323822026742148,True
D3,24,3,SeasonalNaive,h1,1,ARIMA,8.671362161636353,4.402890920639038,0.8707627898447015,0.7068471265284422,1.5514568129037758,1.5635859936155547,0.28739429382319276,1.0,1.0,2.07358119127616,3.157478822964576,True
D3,24,3,SeasonalNaive,h1_6,1,ARIMA,8.671362161636353,4.402890920639038,4.584595302389275,4.811795042291031,8.702563645565547,9.415109526340586,1.9261626998892476,0.3333333333333333,0.5,3.743443758923349,5.700208144000864,True
D3,24,3,SeasonalNaive,h1_12,1,ARIMA,8.671362161636353,4.402890920639038,8.54787782044028,7.965448548319705,16.79658242731063,18.938649466742042,3.7147024708049057,0.16666666666666666,0.25,5.05418214874113,7.696092715923153,True
D3,24,4,SeasonalNaive,h1,1,ARIMA,8.671362161636353,4.402890920639038,0.8622881085562851,0.7742495457204609,3.515190704141823,3.5780788517333204,0.2806734182525116,1.0,1.0,1.8746410266036215,2.854549109079566,True
D3,24,4,SeasonalNaive,h1_6,1,ARIMA,8.671362161636353,4.402890920639038,1.839866559295915,1.7959972137366396,7.70841448650119,8.082988305557185,0.609662148313935,0.3333333333333333,1.0,3.3842963472011762,5.153328016226658,True
D3,24,4,SeasonalNaive,h1_12,1,ARIMA,8.671362161636353,4.402890920639038,1.8039059400669368,1.8440548825343652,7.483661831556077,7.7824841223200405,0.6620065985134587,0.5833333333333334,1.0,4.569281999576112,6.957726666557791,True
D3,24,5,SeasonalNaive,h1,1,ARIMA,8.671362161636353,4.402890920639038,0.26154622200705335,0.22794431677160376,0.5280901284638212,0.5266994046824184,0.15607987732672918,1.0,1.0,1.931373917275332,2.9409372869889423,True
D3,24,5,SeasonalNaive,h1_6,1,ARIMA,8.671362161636353,4.402890920639038,0.4373768051359976,0.4608324769115598,0.8870687324924449,0.8887743149409525,0.2887691749810977,1.0,1.0,3.4867164436045486,5.309284911862182,True
D3,24,5,SeasonalNaive,h1_12,1,ARIMA,8.671362161636353,4.402890920639038,1.1350134174627444,1.4074996334978327,2.249511441590579,2.2040984471678455,0.4999048745453094,0.9166666666666666,1.0,4.707563714555892,7.168290684252783,True
D3,24,6,SeasonalNaive,h1,1,ARIMA,8.671362161636353,4.402890920639038,0.6894245947745766,0.5492259091561122,3.0818378475891297,3.130069683672801,0.23788600581877448,1.0,1.0,2.112916991848466,3.217376143510282,True
D3,24,6,SeasonalNaive,h1_6,1,ARIMA,8.671362161636353,4.402890920639038,0.7685600543783244,0.7010840010649005,3.3260874236706393,3.2721430689524658,0.35447894614216796,1.0,1.0,3.8144568245193073,5.808340997306234,True
D3,24,6,SeasonalNaive,h1_12,1,ARIMA,8.671362161636353,4.402890920639038,1.055132894429249,1.089002358994964,4.761697241446613,4.902862021575133,0.4935067899022936,1.0,1.0,5.150059899704245,7.8420874662291205,True
D3,24,7,SeasonalNaive,h1,1,ARIMA,8.671362161636353,4.402890920639038,1.6800140447768466,1.4451494482603844,2.6914397712480707,2.655701468483874,0.6087117261331401,0.0,0.0,1.9568017612115445,2.9796567155215854,True
D3,24,7,SeasonalNaive,h1_6,1,ARIMA,8.671362161636353,4.402890920639038,4.517922543638888,4.387902904953129,7.011248469654487,6.717598503754433,1.8414030219289275,0.0,0.0,3.53262142388039,5.379185238745632,True
D3,24,7,SeasonalNaive,h1_12,1,ARIMA,8.671362161636353,4.402890920639038,7.036179209031864,6.596777446257046,10.70313491269407,10.07179699871294,2.954326505998535,0.0,0.0,4.769541974893161,7.262666079497699,True
D3,24,8,SeasonalNaive,h1,1,ARIMA,8.671362161636353,4.402890920639038,0.44598864388019727,0.3239468143262446,1.3515954209999828,1.3425226834423363,0.20541637153970374,1.0,1.0,2.317377396673185,3.528711624891412,True
D3,24,8,SeasonalNaive,h1_6,1,ARIMA,8.671362161636353,4.402890920639038,1.9184782999098184,1.5936829375188417,5.638392611599274,5.439493591251143,0.6547856361070858,0.3333333333333333,1.0,4.183569946112098,6.370396088088727,True
D3,24,8,SeasonalNaive,h1_12,1,ARIMA,8.671362161636353,4.402890920639038,4.558297410431318,4.085852983676136,12.600339699984561,11.55149108273082,1.720342089043809,0.16666666666666666,0.6666666666666666,5.648415176332459,8.600941876602038,True
D3,24,9,SeasonalNaive,h1,1,ARIMA,8.671362161636353,4.402890920639038,1.4106092888779582,1.1668734455144762,2.821514465429915,2.861888768219833,0.48018906754111734,0.0,1.0,2.0348371699750896,3.0984826152012603,True
D3,24,9,SeasonalNaive,h1_6,1,ARIMA,8.671362161636353,4.402890920639038,1.7863887207407734,1.6584429890072394,3.4726391475210527,3.425640025742358,0.6129674968474593,0.6666666666666666,1.0,3.6734990346244936,5.593702072919169,True
D3,24,9,SeasonalNaive,h1_12,1,ARIMA,8.671362161636353,4.402890920639038,4.241395590547,4.139617972264216,7.921360700026608,7.529972590667448,1.6114439638617368,0.3333333333333333,0.5,4.959746810663136,7.552294353276327,True
D3,24,10,SeasonalNaive,h1,1,ARIMA,8.671362161636353,4.402890920639038,0.45235009212254684,0.36297864553878034,0.5920546953588969,0.590307224538934,0.1940494814308389,1.0,1.0,2.0976850689048314,3.1941822245405858,True
D3,24,10,SeasonalNaive,h1_6,1,ARIMA,8.671362161636353,4.402890920639038,2.649849214362432,2.2985051997015584,3.409300963830564,3.3428831558926078,0.9327000131150553,0.16666666666666666,0.8333333333333334,3.786958577949729,5.766468929997091,True
D3,24,10,SeasonalNaive,h1_12,1,ARIMA,8.671362161636353,4.402890920639038,4.2684013993905205,3.8555251054354898,5.412107265030639,5.235249479608028,1.572202745091325,0.08333333333333333,0.5833333333333334,5.112933351027682,7.785554212692102,True
D3,24,11,SeasonalNaive,h1,1,ARIMA,8.671362161636353,4.402890920639038,0.3237505935144855,0.24404773000022625,0.9403725573835944,0.9359717466583749,0.18163936419965587,1.0,1.0,2.232967902494904,3.400179792404526,True
D3,24,11,SeasonalNaive,h1_6,1,ARIMA,8.671362161636353,4.402890920639038,0.7849421285089903,0.7253501945513283,2.326539250434741,2.364126941979301,0.36868640544627157,1.0,1.0,4.031185175501265,6.138357097683966,True
D3,24,11,SeasonalNaive,h1_12,1,ARIMA,8.671362161636353,4.402890920639038,3.266947961279708,3.151525946909816,10.346832390685607,11.331843095679824,1.223719342234318,0.5,0.5833333333333334,5.442674036098846,8.287656196719682,True
D3,24,12,SeasonalNaive,h1,1,ARIMA,8.671362161636353,4.402890920639038,0.18852028318355574,0.1392415944653234,0.33500835273014334,0.3344481381309987,0.17749695283586445,1.0,1.0,2.278955133998741,3.4702053646902917,True
D3,24,12,SeasonalNaive,h1_6,1,ARIMA,8.671362161636353,4.402890920639038,2.677086654331549,2.220192031853653,4.626605859463782,4.496319718184031,0.9751944179527781,0.3333333333333333,0.6666666666666666,4.114206093846507,6.26477452114489,True
D3,24,12,SeasonalNaive,h1_12,1,ARIMA,8.671362161636353,4.402890920639038,1.688725682797479,1.6350859813024645,2.930638316158416,2.85962170542577,0.7688088805290056,0.6666666666666666,0.8333333333333334,5.554764098216753,8.458337720496553,True
D3,24,13,SeasonalNaive,h1,1,ARIMA,8.671362161636353,4.402890920639038,0.15322734334537227,0.12167031779045068,0.23015411078756293,0.23041927049911315,0.16387304915471707,1.0,1.0,2.119816699181073,3.2278824501256342,True
D3,24,13,SeasonalNaive,h1_6,1,ARIMA,8.671362161636353,4.402890920639038,0.43561191965321344,0.4172335933873874,0.6565128858362187,0.6595072860537318,0.3109845859170598,1.0,1.0,3.826912891569546,5.827308071320032,True
D3,24,13,SeasonalNaive,h1_12,1,ARIMA,8.671362161636353,4.402890920639038,0.7569918921316331,0.8271581831459907,1.1281388402767745,1.120886718335186,0.45393853397924894,1.0,1.0,5.166877363991978,7.867695717098623,True
D3,24,14,SeasonalNaive,h1,1,ARIMA,8.671362161636353,4.402890920639038,3.3782352945069265,2.8474832852367618,5.9397060664412225,5.7683932641187,1.4530723451302647,0.0,0.0,1.996987705321034,3.040848564695549,True
D3,24,14,SeasonalNaive,h1_6,1,ARIMA,8.671362161636353,4.402890920639038,7.134956990775813,6.229589320365434,12.092432796380702,11.361201111222082,3.1413450424159275,0.0,0.0,3.6051692567339955,5.489655109349661,True
D3,24,14,SeasonalNaive,h1_12,1,ARIMA,8.671362161636353,4.402890920639038,12.525893166920698,11.778023636652163,19.932614415575447,17.825538808930762,5.687605739656183,0.0,0.0,4.867491880208153,7.411816135952991,True
D3,24,15,SeasonalNaive,h1,1,ARIMA,8.671362161636353,4.402890920639038,0.9335838170857441,0.7699621932482448,2.1480229521607086,2.1251980808825897,0.3041281317837761,1.0,1.0,2.040941673940311,3.1077780515584164,True
D3,24,15,SeasonalNaive,h1_6,1,ARIMA,8.671362161636353,4.402890920639038,4.8228028098794935,4.372344483842313,10.508267955592231,9.889090192182898,1.9889848495994742,0.16666666666666666,0.16666666666666666,3.684519518107892,5.610483158397788,True
D3,24,15,SeasonalNaive,h1_12,1,ARIMA,8.671362161636353,4.402890920639038,5.931387302291781,5.2396836215798865,12.788713848340425,11.92675437660897,2.391944816891125,0.08333333333333333,0.16666666666666666,4.974626032705545,7.574951208334016,True
D3,24,16,SeasonalNaive,h1,1,ARIMA,8.671362161636353,4.402890920639038,0.6792442742932353,0.5061888722157365,2.2498988050877102,2.2248701417210426,0.24097360750518151,1.0,1.0,2.2587079068951534,3.4393745532070983,True
D3,24,16,SeasonalNaive,h1_6,1,ARIMA,8.671362161636353,4.402890920639038,2.1811822099071954,2.227307694556839,7.815873925988225,8.448989795964252,0.8299642301125092,0.6666666666666666,0.8333333333333334,4.077653700212105,6.209115543664363,True
D3,24,16,SeasonalNaive,h1_12,1,ARIMA,8.671362161636353,4.402890920639038,5.000463954004575,4.416896130372341,18.98796108136673,21.996761588393987,1.9601656847846327,0.3333333333333333,0.4166666666666667,5.505413161673265,8.383190174943424,True
D3,24,17,SeasonalNaive,h1,1,ARIMA,8.671362161636353,4.402890920639038,1.951868050703051,1.5829858395850764,2.641748146677402,2.6771093905318533,0.730610003891247,0.0,0.0,2.0754874181753133,3.1603814684414857,True
D3,24,17,SeasonalNaive,h1_6,1,ARIMA,8.671362161636353,4.402890920639038,5.239712038270229,4.567491613607104,7.2952781977038095,7.620195141412688,2.176971659982404,0.0,0.0,3.7468850773625597,5.705448300567009,True
D3,24,17,SeasonalNaive,h1_12,1,ARIMA,8.671362161636353,4.402890920639038,6.477244426471943,5.502605860921024,9.084622518333079,9.565086951321993,2.64066526072386,0.0,0.0,5.058828418684987,7.703167673496666,True
D3,24,18,SeasonalNaive,h1,1,ARIMA,8.671362161636353,4.402890920639038,0.3464045503166872,0.30092807424195567,0.6046481720624438,0.6064817123562714,0.16733737515816224,1.0,1.0,1.9376153300897463,2.9504411968767283,True
D3,24,18,SeasonalNaive,h1_6,1,ARIMA,8.671362161636353,4.402890920639038,0.3869473670807742,0.37974079865161187,0.6762871837163285,0.6792230387147005,0.2853794387287224,1.0,1.0,3.4979840891374487,5.326442355373193,True
D3,24,18,SeasonalNaive,h1_12,1,ARIMA,8.671362161636353,4.402890920639038,2.838387187832522,3.4626504415085284,5.194137388163344,5.480709325385633,1.1391874696993707,0.5833333333333334,0.6666666666666666,4.722776640561523,7.1914556762483715,True
D3,24,19,SeasonalNaive,h1,1,ARIMA,8.671362161636353,4.402890920639038,2.0855814029809743,1.5280575637576341,4.433608231546503,4.337455342983421,0.7712380294906317,0.0,0.0,2.2973867408204267,3.4982714989981893,True
D3,24,19,SeasonalNaive,h1_6,1,ARIMA,8.671362161636353,4.402890920639038,1.1997351078039253,1.0173023480504073,2.5663436878003614,2.526139677150344,0.5255396979121576,0.6666666666666666,0.8333333333333334,4.1474807415014325,6.315442416742153,True
D3,24,19,SeasonalNaive,h1_12,1,ARIMA,8.671362161636353,4.402890920639038,1.4713699833981058,1.3045875460661327,3.1272711213029436,3.0595422668198937,0.6310438271609573,0.8333333333333334,0.9166666666666666,5.599689610930092,8.526746594766811,True
D3,24,20,SeasonalNaive,h1,1,ARIMA,8.671362161636353,4.402890920639038,0.1595247598333648,0.14192084059489973,0.30655733100937416,0.30608816315761833,0.14752870728133397,1.0,1.0,1.89203255270466,2.881031494044324,True
D3,24,20,SeasonalNaive,h1_6,1,ARIMA,8.671362161636353,4.402890920639038,0.509299665720696,0.5609180150374214,0.9874678873252989,0.9948414215855822,0.29666951801738356,1.0,1.0,3.41569333330183,5.201136763303843,True
D3,24,20,SeasonalNaive,h1_12,1,ARIMA,8.671362161636353,4.402890920639038,1.8045151263591923,2.4143334793867974,3.6169668932660297,3.7781362684050737,0.7238611068931247,0.75,0.8333333333333334,4.611672401808265,7.022275283177233,True
D3,24,21,SeasonalNaive,h1,1,ARIMA,8.671362161636353,4.402890920639038,1.196191090259282,1.0124106726067028,2.0906324085049786,2.0690047664148876,0.3983513928672324,0.0,1.0,1.988797329409498,3.0283769341649514,True
D3,24,21,SeasonalNaive,h1_6,1,ARIMA,8.671362161636353,4.402890920639038,7.0047694256704665,6.869098833404928,11.432493203281009,10.639992901032802,3.083887829096218,0.0,0.16666666666666666,3.5903831409463756,5.467140028835946,True
D3,24,21,SeasonalNaive,h1_12,1,ARIMA,8.671362161636353,4.402890920639038,11.966735246144223,11.254265873434713,18.715594921923266,16.820146575080063,5.41333088234788,0.0,0.08333333333333333,4.847528518321158,7.381417571065079,True
D3,24,22,SeasonalNaive,h1,1,ARIMA,8.671362161636353,4.402890920639038,0.9529025062994638,0.8065094530243643,2.2029842346993553,2.1789829097104976,0.30834936339117514,1.0,1.0,1.988775158974483,3.028343174850691,True
D3,24,22,SeasonalNaive,h1_6,1,ARIMA,8.671362161636353,4.402890920639038,1.5472226746565354,1.6060531649613312,3.66538622294121,3.7220468864516723,0.5659385757961257,0.6666666666666666,0.8333333333333334,3.5903431165784023,5.467079083021616,True
D3,24,22,SeasonalNaive,h1_12,1,ARIMA,8.671362161636353,4.402890920639038,5.787288704493714,6.219688589261401,15.184483898037984,17.399577357011086,2.429023694571093,0.3333333333333333,0.4166666666666667,4.84747447972484,7.381335285536923,True
D3,24,23,SeasonalNaive,h1,1,ARIMA,8.671362161636353,4.402890920639038,1.2424605131295634,1.0704835655470673,3.3396263499549947,3.284776715589488,0.4175258128292273,0.0,1.0,1.9536612861335154,2.974874658472338,True
D3,24,23,SeasonalNaive,h1_6,1,ARIMA,8.671362161636353,4.402890920639038,4.571740885775832,4.56769108398082,11.540808846953336,10.739054561123384,1.8744263978300213,0.0,0.3333333333333333,3.526951912659718,5.370552173548502,True
D3,24,23,SeasonalNaive,h1_12,1,ARIMA,8.671362161636353,4.402890920639038,8.69915915069473,8.495747754322702,20.665408366683646,18.321673266781282,3.7894432937386737,0.0,0.16666666666666666,4.761887327395037,7.251010212115094,True
D3,24,24,SeasonalNaive,h1,1,ARIMA,8.671362161636353,4.402890920639038,0.7481497422799049,0.5896496081702681,3.169406034413955,3.2204404514148814,0.2546987431515387,1.0,1.0,2.135704663482284,3.252075334895293,True
D3,24,24,SeasonalNaive,h1_6,1,ARIMA,8.671362161636353,4.402890920639038,2.18297118680043,1.8407197196300014,9.605702588913454,10.170871626397393,0.7306167676624988,0.5,1.0,3.855595492017304,5.8709835752657495,True
D3,24,24,SeasonalNaive,h1_12,1,ARIMA,8.671362161636353,4.402890920639038,2.350647541749509,2.044588576941586,9.957045773489776,10.187981997569011,0.8184860316572763,0.6666666666666666,1.0,5.205602959058547,7.926663866908149,True
D3,24,25,SeasonalNaive,h1,1,ARIMA,8.671362161636353,4.402890920639038,1.6478673673021145,1.4501490954202614,5.028175510551313,4.904862951670317,0.5978463420600484,0.0,0.0,1.9127414840491679,2.91256535075639,True
D3,24,25,SeasonalNaive,h1_6,1,ARIMA,8.671362161636353,4.402890920639038,4.424475861692014,4.242259646212056,12.804036497688184,11.917227386213387,1.804081620685054,0.0,0.0,3.4530792433022386,5.25806495092446,True
D3,24,25,SeasonalNaive,h1_12,1,ARIMA,8.671362161636353,4.402890920639038,4.183813196613721,3.9950081924673504,12.164930807598145,11.368497045225357,1.6257221481334478,0.16666666666666666,0.3333333333333333,4.662148704140332,7.0991364431576525,True
D3,24,26,SeasonalNaive,h1,1,ARIMA,8.671362161636353,4.402890920639038,0.08628647503124212,0.0678143657248552,0.16931785389925344,0.16946131803269462,0.16176120620842327,1.0,1.0,2.1417447108802055,3.261272622095276,True
D3,24,26,SeasonalNaive,h1_6,1,ARIMA,8.671362161636353,4.402890920639038,0.6460964513968102,0.5859575375298902,1.2679247591953033,1.2693027541460766,0.3374343889128681,1.0,1.0,3.866499611822446,5.887587471709574,True
D3,24,26,SeasonalNaive,h1_12,1,ARIMA,8.671362161636353,4.402890920639038,1.4579233185463392,1.3764888071299324,2.8067576344446343,2.7577595864341813,0.5607379387266475,1.0,1.0,5.220325073564882,7.949081491536782,True
D3,24,27,SeasonalNaive,h1,1,ARIMA,8.671362161636353,4.402890920639038,0.8245826077275584,0.6696912805314231,1.9273971238559326,1.9461521642759902,0.2745439550298548,1.0,1.0,2.072555673556742,3.155917248961458,True
D3,24,27,SeasonalNaive,h1_6,1,ARIMA,8.671362161636353,4.402890920639038,1.7066858643043488,1.8504359665879873,3.832283187498605,3.7240465162392424,0.6477323774905293,0.6666666666666666,0.8333333333333334,3.741592388008812,5.697389028703772,True
D3,24,27,SeasonalNaive,h1_12,1,ARIMA,8.671362161636353,4.402890920639038,5.278133893342386,5.442073961828642,11.14572751461082,10.268832379523596,2.160278745043979,0.3333333333333333,0.4166666666666667,5.051682534367429,7.692286508824185,True
D3,24,28,SeasonalNaive,h1,1,ARIMA,8.671362161636353,4.402890920639038,1.3375754344220963,1.112195493272089,2.233031786286152,2.2083749292212103,0.45213971414908505,0.0,1.0,2.024341752731333,3.082501057389691,True
D3,24,28,SeasonalNaive,h1_6,1,ARIMA,8.671362161636353,4.402890920639038,1.7227903635976884,1.5799191256592555,2.858218328938555,2.8098582434060484,0.586862863417744,0.6666666666666666,1.0,3.6545516192333074,5.564850507762578,True
D3,24,28,SeasonalNaive,h1_12,1,ARIMA,8.671362161636353,4.402890920639038,4.4105150545747565,4.945440916573214,6.981685129340599,6.583717372303137,1.760634047522761,0.4166666666666667,0.6666666666666666,4.934165101733585,7.51334063179191,True
D3,24,29,SeasonalNaive,h1,1,ARIMA,8.671362161636353,4.402890920639038,0.15206704450704037,0.14288927522025155,0.3919418854405466,0.39271148584152105,0.13973592541407534,1.0,1.0,1.791357026432218,2.7277310862602517,True
D3,24,29,SeasonalNaive,h1_6,1,ARIMA,8.671362161636353,4.402890920639038,2.812383858429466,3.090907203587358,6.895269322078878,6.589165463028977,1.081624353090723,0.16666666666666666,0.5,3.2339434350646976,4.924382972724502,True
D3,24,29,SeasonalNaive,h1_12,1,ARIMA,8.671362161636353,4.402890920639038,5.133384210280206,5.465842033081556,12.180324209316483,11.314223374183184,2.079437720702735,0.08333333333333333,0.25,4.366284157623764,6.648618255578439,True
D3,24,30,SeasonalNaive,h1,1,ARIMA,8.671362161636353,4.402890920639038,0.784888728107783,0.6266998054120552,1.355741855288986,1.346613553502075,0.2642985127742284,1.0,1.0,2.1081194340988065,3.2100708173141146,True
D3,24,30,SeasonalNaive,h1_6,1,ARIMA,8.671362161636353,4.402890920639038,1.0159292799619706,1.0453278931030123,1.7891319612094534,1.8124461539065864,0.4204162389084035,1.0,1.0,3.8057957758506626,5.795152665028262,True
D3,24,30,SeasonalNaive,h1_12,1,ARIMA,8.671362161636353,4.402890920639038,2.137555971467653,2.008389378006323,3.813853041979867,3.916236736287894,0.7418836819712791,0.75,1.0,5.13836625065019,7.824281339607853,True
D3,24,31,SeasonalNaive,h1,1,ARIMA,8.671362161636353,4.402890920639038,0.3956262651224324,0.3316526517395234,0.7962656166788342,0.7931079935509455,0.17951835425274645,1.0,1.0,2.0079288589418294,3.0575088531866785,True
D3,24,31,SeasonalNaive,h1_6,1,ARIMA,8.671362161636353,4.402890920639038,1.8537683854420874,1.9151700970809813,3.6428822128330345,3.5463544891475247,0.6549969379985697,0.6666666666666666,0.8333333333333334,3.6249213616477074,5.519731989500968,True
D3,24,31,SeasonalNaive,h1_12,1,ARIMA,8.671362161636353,4.402890920639038,5.286971883955073,5.70137163766871,9.829720140898326,9.12322533869107,2.1432833594546787,0.3333333333333333,0.4166666666666667,4.894160034582581,7.45242420716769,True
D3,24,32,SeasonalNaive,h1,1,ARIMA,8.671362161636353,4.402890920639038,0.05743101491127718,0.04971194494480901,0.06810742403908132,0.06808423882845999,0.14571017771229122,1.0,1.0,1.9446095568634811,2.961091429919935,True
D3,24,32,SeasonalNaive,h1_6,1,ARIMA,8.671362161636353,4.402890920639038,1.5142748376799748,1.7154490769385453,1.7708114360742429,1.7461288470860643,0.5734987428440182,0.6666666666666666,0.8333333333333334,3.510610792482742,5.34566926029707,True
D3,24,32,SeasonalNaive,h1_12,1,ARIMA,8.671362161636353,4.402890920639038,4.15809167224562,5.013220097153714,4.71070367308531,4.511991283770335,1.6923258867445823,0.4166666666666667,0.5833333333333334,4.739824488146541,7.217414735846945,True
D3,24,33,SeasonalNaive,h1,1,ARIMA,8.671362161636353,4.402890920639038,0.5159277384752692,0.42256028051446554,1.1467046480893974,1.1533172191691112,0.20224061358239778,1.0,1.0,2.0551659004077942,3.1294375332479065,True
D3,24,33,SeasonalNaive,h1_6,1,ARIMA,8.671362161636353,4.402890920639038,3.6347534046469026,3.2934973692246334,8.449630996127627,8.916704816322135,1.419734370626835,0.16666666666666666,0.3333333333333333,3.7101985665190207,5.649585100435622,True
D3,24,33,SeasonalNaive,h1_12,1,ARIMA,8.671362161636353,4.402890920639038,4.411070646684446,3.8591905431615463,10.324826348242242,10.980543516310119,1.640823559745879,0.08333333333333333,0.3333333333333333,5.009296404810589,7.627744398283147,True
D3,24,34,SeasonalNaive,h1,1,ARIMA,8.671362161636353,4.402890920639038,0.17822353757570397,0.14974620626757276,0.2761314624569845,0.2757507451742916,0.15672562335486054,1.0,1.0,2.003345757930885,3.0505300840666525,True
D3,24,34,SeasonalNaive,h1_6,1,ARIMA,8.671362161636353,4.402890920639038,0.5044057637907507,0.62529613897341,0.7891900898847984,0.7959345932446577,0.3227396686827892,1.0,1.0,3.6166474725190314,5.507133191914816,True
D3,24,34,SeasonalNaive,h1_12,1,ARIMA,8.671362161636353,4.402890920639038,1.1337607746238012,1.1806100540892226,1.7830895155039759,1.8079050369550809,0.48770047594824667,1.0,1.0,4.882989106039806,7.435414036331336,True
D3,24,35,SeasonalNaive,h1,1,ARIMA,8.671362161636353,4.402890920639038,1.9474566766878016,1.5394602235713315,3.7158879769896034,3.7862340855728447,0.7220383255709629,0.0,0.0,2.1293449034512832,3.242391215603756,True
D3,24,35,SeasonalNaive,h1_6,1,ARIMA,8.671362161636353,4.402890920639038,3.00121777392625,2.4314809969902527,5.793362636399966,5.975913225340877,1.0905411283566853,0.0,0.5,3.8441141938185877,5.853500799054669,True
D3,24,35,SeasonalNaive,h1_12,1,ARIMA,8.671362161636353,4.402890920639038,2.82276248376722,2.3245319118652126,5.444262394756486,5.610883503707973,1.0011902502413397,0.3333333333333333,0.75,5.1901015715294845,7.903059629439415,True
D3,24,36,SeasonalNaive,h1,1,ARIMA,8.671362161636353,4.402890920639038,1.198638846145373,0.9823496488214497,4.6292297042743975,4.524504843188295,0.39711715308056467,0.0,1.0,2.053851000021362,3.127435311129997,True
D3,24,36,SeasonalNaive,h1_6,1,ARIMA,8.671362161636353,4.402890920639038,1.4790810730125958,1.3675285922076952,6.036877951104456,6.245851788917056,0.5248909109428755,0.6666666666666666,1.0,3.7078247720103263,5.645970481474566,True
D3,24,36,SeasonalNaive,h1_12,1,ARIMA,8.671362161636353,4.402890920639038,1.8838844905277792,1.7563761302790792,7.807881704826193,8.211689134130403,0.6825640329663066,0.6666666666666666,1.0,5.006091444190565,7.622864147956449,True
D3,24,37,SeasonalNaive,h1,1,ARIMA,8.671362161636353,4.402890920639038,0.2762328617359505,0.23059135364721364,0.5870714281469893,0.5853532074297084,0.16312811303233388,1.0,1.0,2.01641074715462,3.070424374663885,True
D3,24,37,SeasonalNaive,h1_6,1,ARIMA,8.671362161636353,4.402890920639038,4.229759656702873,4.16111331617035,8.488700322283643,8.026270576152715,1.7284938624918886,0.16666666666666666,0.16666666666666666,3.6402337456660687,5.543048427974896,True
D3,24,37,SeasonalNaive,h1_12,1,ARIMA,8.671362161636353,4.402890920639038,5.852946245885121,5.322507975882438,11.619059814087638,10.877545904236246,2.3674824830568117,0.08333333333333333,0.08333333333333333,4.91483393352277,7.483904719416932,True
D3,24,38,SeasonalNaive,h1,1,ARIMA,8.671362161636353,4.402890920639038,1.124722687686049,0.9678465661006135,3.4650567171043214,3.5261482352445186,0.37165774920333633,0.0,1.0,1.9560755371618932,2.978550881292782,True
D3,24,38,SeasonalNaive,h1_6,1,ARIMA,8.671362161636353,4.402890920639038,1.8627707738826187,2.100541278339772,5.436103690562379,5.259133466017221,0.7092540538265639,0.3333333333333333,0.8333333333333334,3.5313103689298035,5.377188872141018,True
D3,24,38,SeasonalNaive,h1_12,1,ARIMA,8.671362161636353,4.402890920639038,6.415959469016848,6.991298276674723,16.87731234593346,14.982632899223667,2.742061838893845,0.16666666666666666,0.4166666666666667,4.76777186401291,7.259970700294704,True
D3,24,39,SeasonalNaive,h1,1,ARIMA,8.671362161636353,4.402890920639038,0.7588038350345543,0.5545303812801917,0.935727092824706,0.9313695541982293,0.2613370223003168,1.0,1.0,2.303301825257283,3.507278502883047,True
D3,24,39,SeasonalNaive,h1_6,1,ARIMA,8.671362161636353,4.402890920639038,0.8758264545218784,0.6899450920058589,1.0881307243403284,1.0912524325191109,0.3819452993219813,1.0,1.0,4.158159265212868,6.331702794016619,True
D3,24,39,SeasonalNaive,h1_12,1,ARIMA,8.671362161636353,4.402890920639038,5.023823260592324,4.899424250200468,6.589921725415097,7.007209517793502,2.0681322582592436,0.5,0.5833333333333334,5.614107138584564,8.548700419598957,True
D3,24,40,SeasonalNaive,h1,1,ARIMA,8.671362161636353,4.402890920639038,1.8570526275687211,1.4918129969969909,3.36730823170054,3.4249729293930233,0.6808545626199809,0.0,0.0,2.095349653569697,3.190626046227165,True
D3,24,40,SeasonalNaive,h1_6,1,ARIMA,8.671362161636353,4.402890920639038,4.440735083115954,3.847265473968894,8.302963005154924,8.730569465403747,1.7732448173268056,0.0,0.0,3.782742444046904,5.76004894819509,True
D3,24,40,SeasonalNaive,h1_12,1,ARIMA,8.671362161636353,4.402890920639038,5.9919621391942695,5.1034496348544325,11.370717636974923,12.157881962625956,2.39230172067708,0.0,0.0,5.1072409698726124,7.776886323040616,True
D3,24,41,SeasonalNaive,h1,1,ARIMA,8.671362161636353,4.402890920639038,1.5104897766997933,1.199029390521088,3.8417567651745212,3.916997523856764,0.5161533552025789,0.0,1.0,2.1204822487510055,3.228895894249037,True
D3,24,41,SeasonalNaive,h1_6,1,ARIMA,8.671362161636353,4.402890920639038,4.3911649741790875,3.7207379116053647,11.691208540311617,12.538943293442415,1.7450219169151182,0.0,0.16666666666666666,3.8281144106585074,5.829137645727222,True
D3,24,41,SeasonalNaive,h1_12,1,ARIMA,8.671362161636353,4.402890920639038,3.6188845329717627,3.153430568391767,9.392575420952353,9.826172204946605,1.3715116606753215,0.3333333333333333,0.5,5.168499585860905,7.870165903083544,True
D3,24,42,SeasonalNaive,h1,1,ARIMA,8.671362161636353,4.402890920639038,0.5017218474389786,0.3999610260515149,0.8224037059139668,0.819035815464396,0.20305982019279226,1.0,1.0,2.1115045349327963,3.2152253703366394,True
D3,24,42,SeasonalNaive,h1_6,1,ARIMA,8.671362161636353,4.402890920639038,0.7822194431077363,0.77704712830813,1.2993804648095029,1.3116277764569055,0.36402808137366416,1.0,1.0,3.8119069108492067,5.804458198577346,True
D3,24,42,SeasonalNaive,h1_12,1,ARIMA,8.671362161636353,4.402890920639038,2.8310279243900744,3.3703787543036743,4.444972313935506,4.256664943420077,1.1311653612383312,0.6666666666666666,0.8333333333333334,5.146617153136587,7.83684513502649,True
D3,24,43,SeasonalNaive,h1,1,ARIMA,8.671362161636353,4.402890920639038,1.3425660666329104,1.1460432940846113,3.2540977184993944,3.3079191797788883,0.45584337780217044,0.0,1.0,1.9718838109955428,3.0026224199754132,True
D3,24,43,SeasonalNaive,h1_6,1,ARIMA,8.671362161636353,4.402890920639038,3.2267907411345784,2.9070194862331213,8.0414369916877,8.421803985206859,1.195558515297987,0.0,0.16666666666666666,3.55984910388308,5.4206453095490525,True
D3,24,43,SeasonalNaive,h1_12,1,ARIMA,8.671362161636353,4.402890920639038,2.5645460598239818,2.461087449419935,6.332408407515152,6.5713037971601755,0.9781732879066833,0.3333333333333333,0.5833333333333334,4.806303220175182,7.318643079082824,True
D3,24,44,SeasonalNaive,h1,1,ARIMA,8.671362161636353,4.402890920639038,1.6863919194671966,1.373352780197491,2.7999890843928807,2.761330606608364,0.5988849428419301,0.0,0.0,2.0669172087674115,3.1473314587154637,True
D3,24,44,SeasonalNaive,h1_6,1,ARIMA,8.671362161636353,4.402890920639038,4.944661616894909,4.241684372003747,7.959541625642476,7.624999328204458,2.0312752301720405,0.0,0.0,3.7314132467654755,5.681889069962332,True
D3,24,44,SeasonalNaive,h1_12,1,ARIMA,8.671362161636353,4.402890920639038,4.549165581867751,3.8660093448510744,7.354391931332007,7.073069497508717,1.7166919127769384,0.0,0.5,5.037939244157992,7.671359357296805,True
D3,24,45,SeasonalNaive,h1,1,ARIMA,8.671362161636353,4.402890920639038,0.6175154250603465,0.5133057637753746,1.2370812973979817,1.2294764855685445,0.21746376682367663,1.0,1.0,2.024968860536786,3.0834559655571567,True
D3,24,45,SeasonalNaive,h1_6,1,ARIMA,8.671362161636353,4.402890920639038,0.499764645595717,0.5043323689293048,1.012031165267081,1.0167792323187999,0.30849833968903645,1.0,1.0,3.6556837392633237,5.566574406992981,True
D3,24,45,SeasonalNaive,h1_12,1,ARIMA,8.671362161636353,4.402890920639038,1.3795666287954427,1.4189514205152998,2.840143935396938,2.902526678044359,0.5450533128600492,1.0,1.0,4.935693624990357,7.515668141239802,True
D3,24,46,SeasonalNaive,h1,1,ARIMA,8.671362161636353,4.402890920639038,0.5648583914541496,0.4390726076187897,0.7886455233941183,0.785547929105615,0.2166345570014203,1.0,1.0,2.1654587781636416,3.2973824525512954,True
D3,24,46,SeasonalNaive,h1_6,1,ARIMA,8.671362161636353,4.402890920639038,3.115427646808411,3.574502007599485,4.1701160849209495,3.9928774968162615,1.3208199022644438,0.5,0.6666666666666666,3.9093107047974054,5.952776681577549,True
D3,24,46,SeasonalNaive,h1_12,1,ARIMA,8.671362161636353,4.402890920639038,11.00480024625232,10.998103941682315,13.701830318546579,12.353435399600153,4.991116659177799,0.25,0.3333333333333333,5.278126145469955,8.037096207937916,True
D3,24,47,SeasonalNaive,h1,1,ARIMA,8.671362161636353,4.402890920639038,1.807210966878389,1.387203089620459,2.525487414872865,2.557785692757875,0.6444052097247643,0.0,0.0,2.192883125262985,3.339141991827658,True
D3,24,47,SeasonalNaive,h1_6,1,ARIMA,8.671362161636353,4.402890920639038,4.422877673239776,3.6078049734475903,6.322190844623334,6.558399022838881,1.7435036281845022,0.0,0.0,3.9588199795841814,6.02816533157942,True
D3,24,47,SeasonalNaive,h1_12,1,ARIMA,8.671362161636353,4.402890920639038,4.8094855612045455,3.822943246729187,6.882536709117327,7.147653799287397,1.7851103629477734,0.0,0.16666666666666666,5.3449707166560385,8.138881620941358,True
D3,24,48,SeasonalNaive,h1,1,ARIMA,8.671362161636353,4.402890920639038,0.4330985965082255,0.3249470744730224,0.7663606199092702,0.7634352862132552,0.19908754247351707,1.0,1.0,2.2434728833492623,3.4161759128954188,True
D3,24,48,SeasonalNaive,h1_6,1,ARIMA,8.671362161636353,4.402890920639038,2.495119131210732,2.023637866221623,4.320306455660644,4.214280701275669,0.8848561149160452,0.3333333333333333,0.6666666666666666,4.050149856113873,6.167234952899149,True
D3,24,48,SeasonalNaive,h1_12,1,ARIMA,8.671362161636353,4.402890920639038,1.8222485604214163,1.5926733866072613,3.167458785276648,3.101317567308173,0.7474489666225482,0.6666666666666666,0.8333333333333334,5.468279055535921,8.326645413526961,True
D3,24,49,SeasonalNaive,h1,1,ARIMA,8.671362161636353,4.402890920639038,1.407551947058076,1.1607334547291448,1.773348931270503,1.7892134298890459,0.47878737451321507,0.0,1.0,2.0411673346270574,3.1081216690847406,True
D3,24,49,SeasonalNaive,h1_6,1,ARIMA,8.671362161636353,4.402890920639038,1.1228278380295242,1.048311117422859,1.41415129255995,1.4263531027639387,0.46479996667960943,0.6666666666666666,1.0,3.6849269041764985,5.611103492383167,True
D3,24,49,SeasonalNaive,h1_12,1,ARIMA,8.671362161636353,4.402890920639038,1.6749803319741232,1.631337674541372,2.122151233024665,2.1536893447818755,0.6351332349157115,0.6666666666666666,1.0,4.975176061910784,7.575788747551128,True
D3,24,50,SeasonalNaive,h1,1,ARIMA,8.671362161636353,4.402890920639038,0.5373357671052928,0.4500506822136075,0.7637018155737653,0.766629196118503,0.20323673152830546,1.0,1.0,2.009698947370384,3.060204198202076,True
D3,24,50,SeasonalNaive,h1_6,1,ARIMA,8.671362161636353,4.402890920639038,9.690061628523502,9.396513664168719,15.121412512038937,16.877017585343378,4.444871037829823,0.16666666666666666,0.16666666666666666,3.62811690880472,5.524597905780737,True
D3,24,50,SeasonalNaive,h1_12,1,ARIMA,8.671362161636353,4.402890920639038,15.844275131287777,14.71512347332603,26.069532457953347,31.287477779985963,7.357477610012421,0.08333333333333333,0.08333333333333333,4.898474478297123,7.458993887061997,True
D3,24,51,SeasonalNaive,h1,1,ARIMA,8.671362161636353,4.402890920639038,2.345861251777213,1.77687652132593,3.8696352607210134,3.796185985001922,0.910259870682121,0.0,0.0,2.222244052207256,3.383850395549287,True
D3,24,51,SeasonalNaive,h1_6,1,ARIMA,8.671362161636353,4.402890920639038,3.7296143158813306,2.9370958246353887,6.068237991219292,5.876570052034062,1.4334556408171029,0.16666666666666666,0.3333333333333333,4.011825369094932,6.108877577421214,True
D3,24,51,SeasonalNaive,h1_12,1,ARIMA,8.671362161636353,4.402890920639038,2.641925013539948,2.2534219846514034,4.359090964756452,4.281644833310368,1.0403064977757606,0.5833333333333334,0.6666666666666666,5.416535540573512,8.247854646419832,True
D3,24,52,SeasonalNaive,h1,1,ARIMA,8.671362161636353,4.402890920639038,1.7136260751460333,1.3101500149372682,4.157484554340626,4.07282110025609,0.5965804466813232,0.0,0.0,2.201616722976829,3.3524407958222975,True
D3,24,52,SeasonalNaive,h1_6,1,ARIMA,8.671362161636353,4.402890920639038,4.663718824884269,3.8734604748446535,10.82249009916936,10.185262913012739,1.8620605580059477,0.0,0.0,3.974586775691508,6.052173711393215,True
D3,24,52,SeasonalNaive,h1_12,1,ARIMA,8.671362161636353,4.402890920639038,9.57731892576875,8.51459295652312,20.51480904870977,18.14982359870093,4.1543641090593395,0.0,0.0,5.366258136625562,8.171296352533309,True
D3,24,53,SeasonalNaive,h1,1,ARIMA,8.671362161636353,4.402890920639038,0.8100902735630596,0.6470647194991139,1.313969119681607,1.3226587836696952,0.27128159527113865,1.0,1.0,2.107329158262026,3.2088674502941026,True
D3,24,53,SeasonalNaive,h1_6,1,ARIMA,8.671362161636353,4.402890920639038,2.5831067239668735,2.469066919507641,4.291310101034973,4.430607396630591,0.9344515024238144,0.5,0.6666666666666666,3.804369087972963,5.792980222116561,True
D3,24,53,SeasonalNaive,h1_12,1,ARIMA,8.671362161636353,4.402890920639038,3.2347028382236123,2.8215989054661526,5.380228938298122,5.560442319964234,1.1204487455978793,0.3333333333333333,0.75,5.136440018851968,7.821348232316654,True
D3,24,54,SeasonalNaive,h1,1,ARIMA,8.671362161636353,4.402890920639038,0.022829594877906412,0.017542404579653358,0.10190641069651618,0.10185451255757624,0.1618136996063139,1.0,1.0,2.190563068577131,3.3356092004016586,True
D3,24,54,SeasonalNaive,h1_6,1,ARIMA,8.671362161636353,4.402890920639038,1.6755729766522076,1.4695182184409719,7.867586542717898,8.295857313058518,0.5869492578881673,0.6666666666666666,1.0,3.9546315727074477,6.02178757021137,True
D3,24,54,SeasonalNaive,h1_12,1,ARIMA,8.671362161636353,4.402890920639038,2.8982040278156664,2.5277449886096868,14.134613764515539,15.606607789356195,1.0001711255752832,0.5,0.8333333333333334,5.339315770934576,8.130270734887972,True
D3,24,55,SeasonalNaive,h1,1,ARIMA,8.671362161636353,4.402890920639038,0.0064536468915924435,0.005511504873933372,0.025026965656614705,0.025023834303406167,0.14481060204663707,1.0,1.0,1.970977575882916,3.001242479711294,True
D3,24,55,SeasonalNaive,h1_6,1,ARIMA,8.671362161636353,4.402890920639038,1.28806183828855,1.4501750539597842,5.206251417157612,5.442948004811652,0.4901317679780898,0.6666666666666666,1.0,3.558213074297762,5.418154098309714,True
D3,24,55,SeasonalNaive,h1_12,1,ARIMA,8.671362161636353,4.402890920639038,1.4278048297521089,1.484875899963379,5.767040033210849,6.021130109218896,0.5677020176512951,0.8333333333333334,1.0,4.804094347260978,7.315279589156042,True
D3,24,56,SeasonalNaive,h1,1,ARIMA,8.671362161636353,4.402890920639038,1.5215179996891224,1.1107771051850677,2.6200390982730704,2.6548177295237747,0.5142188804765557,0.0,1.0,2.3056684366723523,3.510882184020186,True
D3,24,56,SeasonalNaive,h1_6,1,ARIMA,8.671362161636353,4.402890920639038,2.739516936405472,2.069599023158128,4.775636594097888,4.9014586772109645,0.9490454534648954,0.16666666666666666,0.6666666666666666,4.162431717513676,6.338208532841167,True
D3,24,56,SeasonalNaive,h1_12,1,ARIMA,8.671362161636353,4.402890920639038,4.238734802019038,3.585554249836366,7.574492129773945,7.993270087249689,1.601140971971794,0.16666666666666666,0.5,5.619875557596768,8.557484093442866,True
D3,24,57,SeasonalNaive,h1,1,ARIMA,8.671362161636353,4.402890920639038,1.0333530206643065,0.8516267223651858,1.9204782435855081,1.9390982233359684,0.33322330645404413,0.0,1.0,2.0424249759388307,3.1100367017950634,True
D3,24,57,SeasonalNaive,h1_6,1,ARIMA,8.671362161636353,4.402890920639038,1.9302696849729624,1.8852715360154082,3.6442756285756337,3.740664732947098,0.7588618330068365,0.3333333333333333,0.5,3.687197328666896,5.614560707985691,True
D3,24,57,SeasonalNaive,h1_12,1,ARIMA,8.671362161636353,4.402890920639038,2.054205591816563,2.071758956119259,3.7707924393017995,3.7670492044489925,0.7994759489438414,0.5,0.75,4.978241458286006,7.5804564809292465,True
D3,24,58,SeasonalNaive,h1,1,ARIMA,8.671362161636353,4.402890920639038,0.6867567775727592,0.5626625696062212,2.0757006816870334,2.0543792991288066,0.2358622035265464,1.0,1.0,2.0544785366115628,3.1283908722155833,True
D3,24,58,SeasonalNaive,h1_6,1,ARIMA,8.671362161636353,4.402890920639038,1.8863221914851447,1.6274369603581198,5.583136851413126,5.416379404140003,0.6230674627011074,0.5,1.0,3.708957666127021,5.647695559420472,True
D3,24,58,SeasonalNaive,h1_12,1,ARIMA,8.671362161636353,4.402890920639038,2.4402782325109937,2.180758543683831,7.13819107634172,6.85157771026676,0.8378481457136481,0.4166666666666667,1.0,5.007621012574586,7.625193248838119,True
D3,24,59,SeasonalNaive,h1,1,ARIMA,8.671362161636353,4.402890920639038,0.8279400808255164,0.6962580175025876,1.396794770289165,1.3871072495293013,0.2739188940368844,1.0,1.0,2.0015911763522016,3.0478583516063282,True
D3,24,59,SeasonalNaive,h1_6,1,ARIMA,8.671362161636353,4.402890920639038,6.120526206239842,5.920616746785915,9.733156143745509,9.154552691524556,2.649237038975049,0.16666666666666666,0.16666666666666666,3.613479919935191,5.502309903467669,True
D3,24,59,SeasonalNaive,h1_12,1,ARIMA,8.671362161636353,4.402890920639038,8.636476958082921,7.843727482699511,13.520112790506303,12.541418386329322,3.7496162126393755,0.08333333333333333,0.08333333333333333,4.878712458985531,7.42890191008136,True
D3,24,60,SeasonalNaive,h1,1,ARIMA,8.671362161636353,4.402890920639038,1.9915352464892067,1.6222830227390777,3.3910015023624758,3.4494875903690874,0.7515213063264983,0.0,0.0,2.066369834807511,3.146497962687469,True
D3,24,60,SeasonalNaive,h1_6,1,ARIMA,8.671362161636353,4.402890920639038,4.508747739160042,3.8371678999423633,7.874280024299251,8.230656489121472,1.8134350944050859,0.0,0.0,3.730425070540397,5.6803843565143275,True
D3,24,60,SeasonalNaive,h1_12,1,ARIMA,8.671362161636353,4.402890920639038,5.23840458244175,4.457802412641481,9.213129413764843,9.706145874166317,2.036403212788093,0.0,0.08333333333333333,5.036605065535784,7.66932777986767,True
D3,24,61,SeasonalNaive,h1,1,ARIMA,8.671362161636353,4.402890920639038,1.3547450673648884,1.1284976525095447,2.2699870394926185,2.29604702443023,0.4589389009842507,0.0,1.0,2.020708172918089,3.0769681410225487,True
D3,24,61,SeasonalNaive,h1_6,1,ARIMA,8.671362161636353,4.402890920639038,1.333921836122218,1.1260390781692375,2.2353875509119243,2.2613680871995236,0.46452043962830103,0.6666666666666666,1.0,3.6479919042187103,5.554861913474388,True
D3,24,61,SeasonalNaive,h1_12,1,ARIMA,8.671362161636353,4.402890920639038,3.0953211366708664,3.1050651851074966,5.328034207621868,5.547962178049567,1.1043203700254147,0.4166666666666667,0.75,4.9253085523467846,7.499854607106207,True
D3,24,62,SeasonalNaive,h1,1,ARIMA,8.671362161636353,4.402890920639038,2.2150019680940143,1.6968530929480787,5.195317378179317,5.333873198792784,0.8477862898842724,0.0,0.0,2.1972352191254276,3.3457690022693303,True
D3,24,62,SeasonalNaive,h1_6,1,ARIMA,8.671362161636353,4.402890920639038,3.26343242827078,2.594172696734561,7.773662235101588,8.116093291645178,1.2222907793996616,0.16666666666666666,0.3333333333333333,3.9666768306571742,6.040129097928454,True
D3,24,62,SeasonalNaive,h1_12,1,ARIMA,8.671362161636353,4.402890920639038,3.407310745704875,2.9356014147013885,8.195894657426564,8.65369215531444,1.2684696376318307,0.3333333333333333,0.5833333333333334,5.355578584436548,8.155034409177818,True
D3,24,63,SeasonalNaive,h1,1,ARIMA,8.671362161636353,4.402890920639038,0.8159770525800129,0.6702786080143277,6.033915386255028,6.221618999291228,0.2716392969054619,1.0,1.0,2.0491288408980592,3.1202447957582167,True
D3,24,63,SeasonalNaive,h1_6,1,ARIMA,8.671362161636353,4.402890920639038,0.9237263774034328,0.8256675627504954,6.902609570470741,7.200259525677059,0.3846478157499098,1.0,1.0,3.699299840759434,5.632989417600545,True
D3,24,63,SeasonalNaive,h1_12,1,ARIMA,8.671362161636353,4.402890920639038,1.3697228777505723,1.2567699362958649,10.480523161101068,11.236082163955247,0.528413593677311,1.0,1.0,4.994581573033879,7.605337863195964,True
D3,24,64,SeasonalNaive,h1,1,ARIMA,8.671362161636353,4.402890920639038,1.0686535174119918,0.8199846584084008,1.8153341746374643,1.799005196569053,0.3450006555618035,1.0,1.0,2.193703217160333,3.340390760291451,True
D3,24,64,SeasonalNaive,h1_6,1,ARIMA,8.671362161636353,4.402890920639038,1.644591094934165,1.308273179700813,2.7772354011620743,2.736502247896355,0.549592749536959,0.8333333333333334,1.0,3.960300494505808,6.0304197378847,True
D3,24,64,SeasonalNaive,h1_12,1,ARIMA,8.671362161636353,4.402890920639038,2.953551903319382,2.499154210633872,4.912459915766265,4.771331683773721,0.9904754846803655,0.4166666666666667,1.0,5.3469696226286425,8.14192539048564,True
D3,24,65,SeasonalNaive,h1,1,ARIMA,8.671362161636353,4.402890920639038,0.26730800941801763,0.2109558530588442,0.8334413727702359,0.8369290291651291,0.1711685013645191,1.0,1.0,2.1328831920824514,3.247779030399449,True
D3,24,65,SeasonalNaive,h1_6,1,ARIMA,8.671362161636353,4.402890920639038,0.5939907217179049,0.5121359676198721,1.849272545926349,1.8547407049058096,0.32560334048817885,1.0,1.0,3.850501879311364,5.86322744094169,True
D3,24,65,SeasonalNaive,h1_12,1,ARIMA,8.671362161636353,4.402890920639038,1.2158553017386167,1.226654498856836,3.675574504693201,3.5839738897352666,0.5309007629840822,0.9166666666666666,1.0,5.198725856564463,7.916191981080972,True
D3,24,66,SeasonalNaive,h1,1,ARIMA,8.671362161636353,4.402890920639038,0.4966077021164865,0.431205771406483,0.7985967424688085,0.7954206408056093,0.19242374043956859,1.0,1.0,1.9385435658424683,2.951854637905341,True
D3,24,66,SeasonalNaive,h1_6,1,ARIMA,8.671362161636353,4.402890920639038,6.7582407707808745,6.993436512445292,10.132418067962845,9.46607797664018,2.9943343932509725,0.16666666666666666,0.16666666666666666,3.49965983655931,5.328994045666013,True
D3,24,66,SeasonalNaive,h1_12,1,ARIMA,8.671362161636353,4.402890920639038,8.201097468457856,7.7338780485855905,12.285100836410583,11.462823072681145,3.5564839890907627,0.08333333333333333,0.08333333333333333,4.725039138210957,7.1949008215096955,True
D3,24,67,SeasonalNaive,h1,1,ARIMA,8.671362161636353,4.402890920639038,1.5320606205470368,1.2634890776378573,2.2896831480238458,2.263766606770933,0.5272117531131132,0.0,1.0,2.0410382205818354,3.107925064840244,True
D3,24,67,SeasonalNaive,h1_6,1,ARIMA,8.671362161636353,4.402890920639038,7.624596342485898,7.191269297800086,10.725775554359256,10.03938042041551,3.377170452575847,0.0,0.16666666666666666,3.684693814115298,5.610748562016717,True
D3,24,67,SeasonalNaive,h1_12,1,ARIMA,8.671362161636353,4.402890920639038,10.158236999476157,9.00318658304771,14.111599499219905,13.060821906265394,4.491289306369795,0.0,0.08333333333333333,4.974861357135656,7.575309541013601,True
D3,24,68,SeasonalNaive,h1,1,ARIMA,8.671362161636353,4.402890920639038,1.6841912030899708,1.3178983545505152,7.344885332584754,7.62490561983199,0.58783672208826,0.0,0.0,2.151077999335804,3.275484585808644,True
D3,24,68,SeasonalNaive,h1_6,1,ARIMA,8.671362161636353,4.402890920639038,5.576231529902965,4.748967829842624,27.299042961037344,32.85493511507251,2.3291012737622823,0.0,0.0,3.8833490318337307,5.913244382125566,True
D3,24,68,SeasonalNaive,h1_12,1,ARIMA,8.671362161636353,4.402890920639038,6.860730220725959,5.629204622095487,34.34841582767821,42.59090436663753,2.810630182637182,0.0,0.0,5.243074189972646,7.983721974195894,True
D3,24,69,SeasonalNaive,h1,1,ARIMA,8.671362161636353,4.402890920639038,0.687286968122471,0.5902072746388709,1.2555510774724066,1.2634829141435107,0.23393803927980744,1.0,1.0,1.960109035537553,2.9846927607413303,True
D3,24,69,SeasonalNaive,h1_6,1,ARIMA,8.671362161636353,4.402890920639038,3.4284442211861212,3.4438799836607,6.503064258266964,6.813354648067172,1.3244838867556048,0.16666666666666666,0.5,3.538592058397529,5.388276829722068,True
D3,24,69,SeasonalNaive,h1_12,1,ARIMA,8.671362161636353,4.402890920639038,5.360054063237801,5.0695627996999555,10.343969256561463,11.046721969463091,2.129573972535814,0.08333333333333333,0.25,4.777603181722099,7.274941021977398,True
D3,24,70,SeasonalNaive,h1,1,ARIMA,8.671362161636353,4.402890920639038,0.5494648583027717,0.4698139590917132,1.0105490622016626,1.0156810398130582,0.2029342624104163,1.0,1.0,1.9686145245398015,2.9976442195588215,True
D3,24,70,SeasonalNaive,h1_6,1,ARIMA,8.671362161636353,4.402890920639038,2.6546004691512746,2.468366859086494,5.001622166294743,5.155025163054488,0.968042492226732,0.3333333333333333,0.5,3.5539470490079625,5.411658146008721,True
D3,24,70,SeasonalNaive,h1_12,1,ARIMA,8.671362161636353,4.402890920639038,1.8363040370638102,1.888961266091867,3.4357136771201104,3.5162761806314453,0.7556668082322388,0.6666666666666666,0.75,4.798334605628857,7.3065091285125545,True
D3,24,71,SeasonalNaive,h1,1,ARIMA,8.671362161636353,4.402890920639038,1.8371840578200547,1.4366971151823171,3.674240128144772,3.7430035982471215,0.6641703593122275,0.0,0.0,2.1524552345840795,3.2775817263252285,True
D3,24,71,SeasonalNaive,h1_6,1,ARIMA,8.671362161636353,4.402890920639038,1.568180138918845,1.3626802624576444,3.1394413265359717,3.201745749619711,0.5931343825412654,0.5,0.8333333333333334,3.8858353596980075,5.917030357621212,True
D3,24,71,SeasonalNaive,h1_12,1,ARIMA,8.671362161636353,4.402890920639038,1.7596573823124864,1.5044730520166307,3.4444731670417554,3.4363713032323946,0.6565808732135955,0.75,0.9166666666666666,5.246431086647688,7.988833580245817,True
D3,24,72,SeasonalNaive,h1,1,ARIMA,8.671362161636353,4.402890920639038,0.5287814916086617,0.44935328929692075,0.7771238751620675,0.7801552615625353,0.20017486727765882,1.0,1.0,1.9807743343974595,3.0161601774959177,True
D3,24,72,SeasonalNaive,h1_6,1,ARIMA,8.671362161636353,4.402890920639038,1.5866329859090567,1.7282347357628298,2.368170446941656,2.4158458341153053,0.5742371628771239,0.6666666666666666,0.8333333333333334,3.5758991985128246,5.445085073042854,True
D3,24,72,SeasonalNaive,h1_12,1,ARIMA,8.671362161636353,4.402890920639038,2.058093763398085,2.0622184073841,3.077691694065159,3.145828312020989,0.743213756845513,0.6666666666666666,0.8333333333333334,4.827973133492268,7.3516402400727285,True
D3,24,73,SeasonalNaive,h1,1,ARIMA,8.671362161636353,4.402890920639038,2.387476101591244,1.8512554370273564,4.134747407588982,4.050998137356078,0.9371482817588787,0.0,0.0,2.1707977641092846,3.3055122210553876,True
D3,24,73,SeasonalNaive,h1_6,1,ARIMA,8.671362161636353,4.402890920639038,5.386736084332058,4.423968006665262,9.044788374146922,8.613208933476816,2.2301455874363767,0.0,0.0,3.9189491957816487,5.967453382589375,True
D3,24,73,SeasonalNaive,h1_12,1,ARIMA,8.671362161636353,4.402890920639038,10.53331108049027,9.234860933049736,16.670070135364394,15.120196060339216,4.6412392625169465,0.0,0.0,5.291139480839892,8.056911844296701,True
D3,24,74,SeasonalNaive,h1,1,ARIMA,8.671362161636353,4.402890920639038,2.40523671927808,2.0861120071812462,3.973642244846845,3.8962311023273735,0.9732218253192982,0.0,0.0,1.940737877683681,2.955195955428272,True
D3,24,74,SeasonalNaive,h1_6,1,ARIMA,8.671362161636353,4.402890920639038,7.274650915569848,6.909933784397601,11.427505441279402,10.708151819106932,3.223195049807319,0.0,0.0,3.5036212358050607,5.335026138491884,True
D3,24,74,SeasonalNaive,h1_12,1,ARIMA,8.671362161636353,4.402890920639038,9.58946701103395,8.837966189614386,14.818536424366254,13.689938507610822,4.235598481713844,0.0,0.0,4.73038759130423,7.203045005807213,True
D3,24,75,SeasonalNaive,h1,1,ARIMA,8.671362161636353,4.402890920639038,2.027557594534053,1.554257513889325,7.441772789781798,7.174806394778714,0.7542312830700566,0.0,0.0,2.1958208451336376,3.343615309929889,True
D3,24,75,SeasonalNaive,h1_6,1,ARIMA,8.671362161636353,4.402890920639038,1.7245222001366742,1.4537985352825447,6.323937906036094,6.094045933833809,0.6666985883746319,0.5,0.6666666666666666,3.9641234560824836,6.036241029218816,True
D3,24,75,SeasonalNaive,h1_12,1,ARIMA,8.671362161636353,4.402890920639038,2.548829204775244,2.470842229912839,9.030312418020682,8.456001752773288,0.9651133467988097,0.5,0.75,5.352131165154854,8.149784962750719,True
D3,24,76,SeasonalNaive,h1,1,ARIMA,8.671362161636353,4.402890920639038,0.5136280087517299,0.44066300590806634,1.1649206515190837,1.1717456047857921,0.19658468541486773,1.0,1.0,1.9619538401343142,2.9875018773900055,True
D3,24,76,SeasonalNaive,h1_6,1,ARIMA,8.671362161636353,4.402890920639038,0.5852938183944257,0.539020215333132,1.3272447955610869,1.3348913487545804,0.31297709944813246,1.0,1.0,3.5419224909280853,5.393348138350254,True
D3,24,76,SeasonalNaive,h1_12,1,ARIMA,8.671362161636353,4.402890920639038,1.5101332713799014,1.7085304083731245,3.5062096002889147,3.615854145075919,0.5853374823733655,0.8333333333333334,1.0,4.782099739898886,7.281788010790365,True
D3,24,77,SeasonalNaive,h1,1,ARIMA,8.671362161636353,4.402890920639038,2.650534660619602,2.2145097544317562,7.162488122037434,7.428521611054828,1.0871327090367162,0.0,0.0,2.014663738765825,3.0677641740339925,True
D3,24,77,SeasonalNaive,h1_6,1,ARIMA,8.671362161636353,4.402890920639038,3.9790850338422907,3.4080569612719667,10.981426824003531,11.660049805701266,1.55963720839562,0.0,0.0,3.6370798649898073,5.538245957983677,True
D3,24,77,SeasonalNaive,h1_12,1,ARIMA,8.671362161636353,4.402890920639038,4.5053295416554215,3.936373027314484,12.56535696650273,13.508819979223238,1.7233790182972424,0.08333333333333333,0.16666666666666666,4.9105757454906325,7.4774207010470475,True
D3,24,78,SeasonalNaive,h1,1,ARIMA,8.671362161636353,4.402890920639038,0.6538035509896203,0.537747482945752,1.0998783675354415,1.1059604775585206,0.2265337932181625,1.0,1.0,2.046517997941963,3.1162692189259165,True
D3,24,78,SeasonalNaive,h1_6,1,ARIMA,8.671362161636353,4.402890920639038,1.146895046743799,1.0072325977337653,1.901725779715516,1.8850921172028845,0.40882355178051916,1.0,1.0,3.694586476358448,5.625812294108282,True
D3,24,78,SeasonalNaive,h1_12,1,ARIMA,8.671362161636353,4.402890920639038,2.7280656641837346,2.6629092803592243,4.424612361859523,4.294692562190642,0.939374450399789,0.5833333333333334,0.8333333333333334,4.9882178598996365,7.595647724444065,True
D3,24,79,SeasonalNaive,h1,1,ARIMA,8.671362161636353,4.402890920639038,4.58281738582004,3.9578309110526817,6.683225178578225,6.467119112161902,2.0610301825556205,0.0,0.0,1.9490455798514141,2.967846240728142,True
D3,24,79,SeasonalNaive,h1_6,1,ARIMA,8.671362161636353,4.402890920639038,10.589734545753949,9.842572519943952,14.635268502482148,13.517842209102366,4.878964099948656,0.0,0.0,3.5186191611149678,5.357863745118368,True
D3,24,79,SeasonalNaive,h1_12,1,ARIMA,8.671362161636353,4.402890920639038,13.181725759739628,11.970672715721554,17.928984227065392,16.3374793777236,6.029334370937798,0.0,0.0,4.750636926208436,7.233879026875755,True
D3,24,80,SeasonalNaive,h1,1,ARIMA,8.671362161636353,4.402890920639038,0.7586444682873281,0.6199266478273295,1.7642961925754228,1.748868581675598,0.255949856483323,1.0,1.0,2.0598930388973695,3.136635630788939,True
D3,24,80,SeasonalNaive,h1_6,1,ARIMA,8.671362161636353,4.402890920639038,1.9543359510039877,1.8319178816381274,4.451684317293634,4.326482946304337,0.6671628579179171,0.5,1.0,3.7187324870381837,5.66257985242772,True
D3,24,80,SeasonalNaive,h1_12,1,ARIMA,8.671362161636353,4.402890920639038,3.869288193403916,3.626199864799242,8.57017917088334,8.12111215349591,1.4142650185397583,0.25,0.5833333333333334,5.02081841275953,7.645289163952256,True
D3,24,81,SeasonalNaive,h1,1,ARIMA,8.671362161636353,4.402890920639038,0.20988157795404708,0.17498182969073084,0.48477271852432385,0.4859505964829517,0.1596288773779109,1.0,1.0,2.018961544225655,3.0743085185630323,True
D3,24,81,SeasonalNaive,h1_6,1,ARIMA,8.671362161636353,4.402890920639038,0.7851471327224183,0.8439601892302804,1.788442233144175,1.7687566972749547,0.35754870574512165,1.0,1.0,3.644838709009695,5.550060487256299,True
D3,24,81,SeasonalNaive,h1_12,1,ARIMA,8.671362161636353,4.402890920639038,1.4336904268049635,1.5352087158335816,3.220114206045558,3.1420214890393696,0.5846975457377275,0.75,1.0,4.921051289793047,7.493371997978686,True
D3,24,82,SeasonalNaive,h1,1,ARIMA,8.671362161636353,4.402890920639038,2.1431498865295495,1.6497245106558842,2.3452925625659615,2.3181093395990797,0.813106356367403,0.0,0.0,2.1866929170077487,3.329716052029475,True
D3,24,82,SeasonalNaive,h1_6,1,ARIMA,8.671362161636353,4.402890920639038,3.6526459869898864,2.9200285363068645,3.958354796676687,3.8758964061187484,1.365661119020157,0.0,0.16666666666666666,3.947644773830493,6.011148647758223,True
D3,24,82,SeasonalNaive,h1_12,1,ARIMA,8.671362161636353,4.402890920639038,5.8791591757349755,5.1061154162287545,6.252684066496805,6.017822218233665,2.3219320717038254,0.0,0.16666666666666666,5.329882597515963,8.115906674571491,True
D3,24,83,SeasonalNaive,h1,1,ARIMA,8.671362161636353,4.402890920639038,0.5652703381122782,0.4726633974928056,2.2791658124971126,2.305438192047816,0.20808109018660995,1.0,1.0,2.013033045451658,3.0652810884292885,True
D3,24,83,SeasonalNaive,h1_6,1,ARIMA,8.671362161636353,4.402890920639038,2.147659111608841,2.00096652260456,9.04461189921038,9.590527485692297,0.7329869743155043,0.3333333333333333,1.0,3.634135968346001,5.533763234399515,True
D3,24,83,SeasonalNaive,h1_12,1,ARIMA,8.671362161636353,4.402890920639038,2.0082040810958834,1.860312827237786,8.105423612939692,8.250331288374808,0.7149336365010137,0.6666666666666666,1.0,4.906601065804477,7.471368385859248,True
D3,24,84,SeasonalNaive,h1,1,ARIMA,8.671362161636353,4.402890920639038,1.2480414407156146,1.0806163278390195,4.6055386174955215,4.501870915728679,0.42001965515194967,0.0,1.0,1.9440353617193646,2.9602170927994718,True
D3,24,84,SeasonalNaive,h1_6,1,ARIMA,8.671362161636353,4.402890920639038,0.7353280853155745,0.7761326968135663,2.7246191185368764,2.674238360873373,0.3681848417552122,0.6666666666666666,1.0,3.5095741958750497,5.344090816274469,True
D3,24,84,SeasonalNaive,h1_12,1,ARIMA,8.671362161636353,4.402890920639038,0.9254677368999105,0.9287861406295462,3.5064679172459505,3.52170734899604,0.45281832540440686,0.8333333333333334,1.0,4.738424935112639,7.2152836116427155,True
D3,24,85,SeasonalNaive,h1,1,ARIMA,8.671362161636353,4.402890920639038,1.2037967714209183,1.0248349683238496,1.8904383634716704,1.908477660396885,0.40169960545889855,0.0,1.0,1.9771786776389684,3.010685007236222,True
D3,24,85,SeasonalNaive,h1_6,1,ARIMA,8.671362161636353,4.402890920639038,1.6623356682107948,1.562387847098207,2.5548292299137922,2.5249681430513298,0.5610060462218619,0.5,1.0,3.569407946128598,5.435200728015068,True
D3,24,85,SeasonalNaive,h1_12,1,ARIMA,8.671362161636353,4.402890920639038,4.259975313501384,4.633734686170224,6.295927036950895,6.004300223609857,1.645195147595202,0.25,0.6666666666666666,4.819209018405693,7.338294966733875,True
D3,24,86,SeasonalNaive,h1,1,ARIMA,8.671362161636353,4.402890920639038,0.9597280836133688,0.7455269093874408,2.609179136213492,2.5755784089716385,0.3141544511808969,1.0,1.0,2.1668635255269786,3.2995214862530133,True
D3,24,86,SeasonalNaive,h1_6,1,ARIMA,8.671362161636353,4.402890920639038,1.204188881133671,1.0668818827372013,3.2680816344902315,3.222384555823627,0.4835584813658127,0.6666666666666666,1.0,3.911846700384311,5.9566382869945365,True
D3,24,86,SeasonalNaive,h1_12,1,ARIMA,8.671362161636353,4.402890920639038,1.99638913494274,1.8148574681969218,5.655080702125037,5.832753366578999,0.7280038315719165,0.6666666666666666,1.0,5.281550100643333,8.042309925151512,True
D3,24,87,SeasonalNaive,h1,1,ARIMA,8.671362161636353,4.402890920639038,1.6011288045630285,1.27584107666684,2.5881746139249104,2.622106967364553,0.5516734375518183,0.0,1.0,2.1124010258800467,3.2165904729874524,True
D3,24,87,SeasonalNaive,h1_6,1,ARIMA,8.671362161636353,4.402890920639038,8.286257351550292,7.551052683431155,14.488008680066592,16.05596831851119,3.69250010295824,0.0,0.16666666666666666,3.8135253492568713,5.8069226234187585,True
D3,24,87,SeasonalNaive,h1_12,1,ARIMA,8.671362161636353,4.402890920639038,11.454018340028014,9.83145754443536,20.459695035302204,23.269766057355255,5.118483602417583,0.0,0.08333333333333333,5.1488022754559335,7.84017245950163,True
D3,24,88,SeasonalNaive,h1,1,ARIMA,8.671362161636353,4.402890920639038,0.9303178415689976,0.7793715355790931,2.0365240996747422,2.0159959777074987,0.30252522489023026,1.0,1.0,2.0092477430662594,3.059517141413049,True
D3,24,88,SeasonalNaive,h1_6,1,ARIMA,8.671362161636353,4.402890920639038,2.8706959382866475,2.7945288315693366,6.627600071443472,6.9369938107698,1.0697621112792444,0.3333333333333333,0.5,3.627302348013294,5.523357559629956,True
D3,24,88,SeasonalNaive,h1_12,1,ARIMA,8.671362161636353,4.402890920639038,4.4169295644213316,4.069576816585473,10.380931949444848,11.083138685682437,1.6611736389664593,0.16666666666666666,0.25,4.897374705233542,7.457319243130559,True
D3,24,89,SeasonalNaive,h1,1,ARIMA,8.671362161636353,4.402890920639038,2.2744489632229237,1.8637203102205826,4.392411913935725,4.491044500792201,0.8944169757625847,0.0,0.0,2.0541972222213483,3.1279625098088286,True
D3,24,89,SeasonalNaive,h1_6,1,ARIMA,8.671362161636353,4.402890920639038,3.672637031303372,3.183283420141774,7.221341666107428,7.528164114343262,1.4513784776874592,0.16666666666666666,0.16666666666666666,3.7084498082226465,5.646922235190454,True
D3,24,89,SeasonalNaive,h1_12,1,ARIMA,8.671362161636353,4.402890920639038,3.5535553420949055,3.1210752757411044,6.736252165458785,6.779104190811696,1.321852968600363,0.25,0.5833333333333334,5.006935332083658,7.62414915100461,True
D3,24,90,SeasonalNaive,h1,1,ARIMA,8.671362161636353,4.402890920639038,0.906452977595404,0.6320586155194757,1.70163193848932,1.687276322095646,0.3047802070285393,1.0,1.0,2.413985204687639,3.6758180460057654,True
D3,24,90,SeasonalNaive,h1_6,1,ARIMA,8.671362161636353,4.402890920639038,5.182280452133007,4.137777239152741,9.221677138896943,8.703164114912438,2.1146806003216407,0.16666666666666666,0.3333333333333333,4.357976377601962,6.635967851728789,True
D3,24,90,SeasonalNaive,h1_12,1,ARIMA,8.671362161636353,4.402890920639038,5.5658703722953184,4.228461522064128,9.920548061895557,9.375796747192238,2.1456678611392053,0.08333333333333333,0.5,5.883888694683175,8.959501575488856,True
D3,24,91,SeasonalNaive,h1,1,ARIMA,8.671362161636353,4.402890920639038,1.2810235125528542,0.9595890425514074,2.3403617379083657,2.313292037047792,0.42266213152520915,0.0,1.0,2.247079824930122,3.421668266754108,True
D3,24,91,SeasonalNaive,h1_6,1,ARIMA,8.671362161636353,4.402890920639038,2.192757056524451,1.9226652592550568,3.959450146115994,3.8719053782939232,0.8565631935025377,0.3333333333333333,0.6666666666666666,4.05666148102948,6.177150319541468,True
D3,24,91,SeasonalNaive,h1_12,1,ARIMA,8.671362161636353,4.402890920639038,3.7928561044442035,3.229298853470984,7.240926403689456,7.508315318751264,1.3812304387787042,0.16666666666666666,0.6666666666666666,5.4770706764409525,8.340032570462968,True
D3,24,92,SeasonalNaive,h1,1,ARIMA,8.671362161636353,4.402890920639038,0.6994292510817248,0.5482531254537689,0.7606955118359066,0.7578131863874316,0.24142159949112274,1.0,1.0,2.1473822282551374,3.269856969696579,True
D3,24,92,SeasonalNaive,h1_6,1,ARIMA,8.671362161636353,4.402890920639038,1.0150083611647118,0.8606435596780817,1.1078075425008138,1.107591834405062,0.3953996292352807,1.0,1.0,3.8766770426950874,5.903084826039248,True
D3,24,92,SeasonalNaive,h1_12,1,ARIMA,8.671362161636353,4.402890920639038,4.604897775497885,4.897904755790653,5.270250420581921,5.545014893744885,1.8568393808450758,0.5,0.5,5.234066054530318,7.970005126737397,True
D3,24,93,SeasonalNaive,h1,1,ARIMA,8.671362161636353,4.402890920639038,1.38358286371686,1.1056267610241295,2.712259138837688,2.7495465526632916,0.4672735023797245,0.0,1.0,2.106411960276918,3.2074708166698,True
D3,24,93,SeasonalNaive,h1_6,1,ARIMA,8.671362161636353,4.402890920639038,3.0259141572420063,2.579919977835116,6.054698059431554,6.272974061708424,1.099404121692352,0.16666666666666666,0.5,3.8027132670735915,5.790458874292626,True
D3,24,93,SeasonalNaive,h1_12,1,ARIMA,8.671362161636353,4.402890920639038,4.176683241890591,3.997297405099563,7.836238086838196,7.649439910858559,1.6017906086456677,0.25,0.5,5.1342044248454695,7.817944053709154,True
D3,24,94,SeasonalNaive,h1,1,ARIMA,8.671362161636353,4.402890920639038,1.746989387223682,1.4573334372822253,4.053269284092689,4.137113458625965,0.6349894195709083,0.0,0.0,2.017799530978925,3.072539100401819,True
D3,24,94,SeasonalNaive,h1_6,1,ARIMA,8.671362161636353,4.402890920639038,4.66821317526804,4.066285157852786,11.26953518904297,12.013065055092394,1.9035321383020654,0.0,0.0,3.642740922217163,5.5468661501353855,True
D3,24,94,SeasonalNaive,h1_12,1,ARIMA,8.671362161636353,4.402890920639038,3.745832241936516,3.3488324552293296,8.958749278621296,9.453079669779008,1.4312365619026648,0.3333333333333333,0.4166666666666667,4.918218978893914,7.489059187985186,True
D3,24,95,SeasonalNaive,h1,1,ARIMA,8.671362161636353,4.402890920639038,1.1584232275254744,0.8870688571387902,1.8848917513351076,1.9028248456137722,0.3766286645165334,0.0,1.0,2.1981463511055654,3.347156399080363,True
D3,24,95,SeasonalNaive,h1_6,1,ARIMA,8.671362161636353,4.402890920639038,3.9466660618878637,3.2692386893384966,6.608499751571051,6.877043313644404,1.5138146195277293,0.0,0.16666666666666666,3.9683217005754283,6.042633770499396,True
D3,24,95,SeasonalNaive,h1_12,1,ARIMA,8.671362161636353,4.402890920639038,4.921329639977723,3.9509279014596705,8.295162385736427,8.693888360510426,1.8321392488389063,0.0,0.08333333333333333,5.357799393059095,8.158416073819184,True
D3,24,96,SeasonalNaive,h1,1,ARIMA,8.671362161636353,4.402890920639038,1.0745823543905182,0.8619379057309755,2.1470379985051795,2.1242339435327824,0.34737228874588577,0.0,1.0,2.0985069125388054,3.1954336604047637,True
D3,24,96,SeasonalNaive,h1_6,1,ARIMA,8.671362161636353,4.402890920639038,7.009397867207179,6.460790419263096,12.957128453740188,11.960524269731275,3.066590163293269,0.0,0.16666666666666666,3.78844225528792,5.7687281517701,True
D3,24,96,SeasonalNaive,h1_12,1,ARIMA,8.671362161636353,4.402890920639038,8.862167784751797,7.642471493945581,16.228565282335623,14.854615120978032,3.831338761153342,0.0,0.08333333333333333,5.114936526712984,7.788604483803559,True
D3,24,97,SeasonalNaive,h1,1,ARIMA,8.671362161636353,4.402890920639038,0.5267212975061265,0.40149819863518427,0.8814293172780879,0.8775617739018894,0.21269767443278964,1.0,1.0,2.2082282294821898,3.3625082539312015,True
D3,24,97,SeasonalNaive,h1_6,1,ARIMA,8.671362161636353,4.402890920639038,0.5929781299154914,0.5158652816079201,1.0010028764694028,1.0054046653100355,0.33993129582585824,1.0,1.0,3.9865225527272607,6.070348530582626,True
D3,24,97,SeasonalNaive,h1_12,1,ARIMA,8.671362161636353,4.402890920639038,2.1210547340946673,2.6274784640362614,3.7426292931085214,3.945475866010821,0.9038637414287739,0.75,0.8333333333333334,5.382373135303358,8.195834946571155,True
D3,24,98,SeasonalNaive,h1,1,ARIMA,8.671362161636353,4.402890920639038,0.8331546168505746,0.6070998829098779,1.1225950049008746,1.1289316701699101,0.28213706242845404,1.0,1.0,2.3100008289569613,3.5174791945201624,True
D3,24,98,SeasonalNaive,h1_6,1,ARIMA,8.671362161636353,4.402890920639038,1.2052090119597894,1.2182800130691847,1.6400360313361413,1.6662878447692018,0.5024571396468621,0.8333333333333334,1.0,4.170253001255668,6.350118140185043,True
D3,24,98,SeasonalNaive,h1_12,1,ARIMA,8.671362161636353,4.402890920639038,4.807945696569208,4.4974617156306325,6.805259573491214,7.217308279532129,1.934841246491538,0.4166666666666667,0.5,5.630435404415576,8.573563759310016,True
D3,24,99,SeasonalNaive,h1,1,ARIMA,8.671362161636353,4.402890920639038,1.7009938607164152,1.4231384660504145,2.9853845393113208,2.94147733452519,0.6126912421164468,0.0,0.0,2.0118809033799034,3.063526701281157,True
D3,24,99,SeasonalNaive,h1_6,1,ARIMA,8.671362161636353,4.402890920639038,3.348314545098583,2.9013621918324026,5.780904458447065,5.607725276625172,1.2448457880362493,0.0,0.0,3.63205600202204,5.530596032821862,True
D3,24,99,SeasonalNaive,h1_12,1,ARIMA,8.671362161636353,4.402890920639038,2.6149040217770305,2.370873710322557,4.535204573178878,4.418529628283668,0.973786082052979,0.4166666666666667,0.5,4.903792815075586,7.467092212713307,True
D3,24,100,SeasonalNaive,h1,1,ARIMA,8.671362161636353,4.402890920639038,0.36655299767490435,0.30446490624891687,0.9645394480185026,0.9692136721200959,0.1757232020242629,1.0,1.0,2.0264981595007745,3.0857846561881788,True
D3,24,100,SeasonalNaive,h1_6,1,ARIMA,8.671362161636353,4.402890920639038,3.126594472722569,3.025935603144934,8.671836079778101,9.222059448349668,1.2010743090854121,0.3333333333333333,0.3333333333333333,3.6584445883134418,5.570778400762713,True
D3,24,100,SeasonalNaive,h1_12,1,ARIMA,8.671362161636353,4.402890920639038,2.7518246752468167,2.599942161367451,7.5612085847755885,7.958817800895342,1.0197169757265285,0.5833333333333334,0.6666666666666666,4.939421164358678,7.521344131486414,True
D3,24,101,SeasonalNaive,h1,1,ARIMA,8.671362161636353,4.402890920639038,0.44195332746655575,0.3759431549633525,0.6100717856121929,0.6119384174272154,0.1855915695953577,1.0,1.0,1.9787954627359317,3.0131469145521375,True
D3,24,101,SeasonalNaive,h1_6,1,ARIMA,8.671362161636353,4.402890920639038,3.3745172326347297,3.2104721651220043,4.78321611092065,4.931632568481263,1.3038458465026501,0.16666666666666666,0.3333333333333333,3.5723267342166607,5.439645218356485,True
D3,24,101,SeasonalNaive,h1_12,1,ARIMA,8.671362161636353,4.402890920639038,2.916677957968064,2.825417919558446,4.0979498942668595,4.188385959454777,1.108871448133103,0.4166666666666667,0.5833333333333334,4.823149797966081,7.344295661599479,True
D3,24,102,SeasonalNaive,h1,1,ARIMA,8.671362161636353,4.402890920639038,0.6555705860184189,0.5423027543082891,1.008532145988245,1.003471977254945,0.22676769003493585,1.0,1.0,2.0348121816297753,3.0984445650050554,True
D3,24,102,SeasonalNaive,h1_6,1,ARIMA,8.671362161636353,4.402890920639038,1.2688836765573672,1.3702223713320958,1.92976034461731,1.898743713815908,0.4879521421342058,0.8333333333333334,1.0,3.6734539230726813,5.593633380759865,True
D3,24,102,SeasonalNaive,h1_12,1,ARIMA,8.671362161636353,4.402890920639038,1.93809815239661,1.8692055064064517,2.936961733891061,2.8797366457672164,0.6948639658386286,0.6666666666666666,1.0,4.959685903644209,7.5522016090793604,True
D3,24,103,SeasonalNaive,h1,1,ARIMA,8.671362161636353,4.402890920639038,0.04397081591059772,0.03506877184880076,0.04859639693234211,0.04860820785115663,0.15712230973423932,1.0,1.0,2.1105257114471887,3.2137348984707472,True
D3,24,103,SeasonalNaive,h1_6,1,ARIMA,8.671362161636353,4.402890920639038,3.040176275075106,2.897404480075543,3.2807148792576726,3.206223971730801,1.1575940701493628,0.3333333333333333,0.3333333333333333,3.810139837206906,5.801767444230388,True
D3,24,103,SeasonalNaive,h1_12,1,ARIMA,8.671362161636353,4.402890920639038,5.3634178933897445,4.806700163391904,5.712991162359296,5.5155390354239415,2.1175908331465654,0.16666666666666666,0.16666666666666666,5.144231352084511,7.833212233489071,True
D3,24,104,SeasonalNaive,h1,1,ARIMA,8.671362161636353,4.402890920639038,0.5656531131307447,0.4850407754868079,1.8583504717362156,1.875779752677523,0.20531428172939103,1.0,1.0,1.962992370567839,2.9890832660834716,True
D3,24,104,SeasonalNaive,h1_6,1,ARIMA,8.671362161636353,4.402890920639038,1.2193607163501647,1.0949236380470062,4.057534209904849,4.150265100431698,0.4205844023736832,1.0,1.0,3.5437973537432947,5.396203025180769,True
D3,24,104,SeasonalNaive,h1_12,1,ARIMA,8.671362161636353,4.402890920639038,1.0784496732634463,1.0413587030564957,3.5206123387595705,3.534629914899961,0.4724874430593799,1.0,1.0,4.7846310716837905,7.2856425145533965,True
D3,24,105,SeasonalNaive,h1,1,ARIMA,8.671362161636353,4.402890920639038,1.654278983642582,1.2357117154305088,3.0732283427577047,3.1211889748609325,0.5676046497424149,0.0,1.0,2.2533998852668695,3.4312919346177493,True
D3,24,105,SeasonalNaive,h1_6,1,ARIMA,8.671362161636353,4.402890920639038,2.315882106295892,2.009849082549145,4.155453156026282,4.0809624208905095,0.8291975661505913,0.3333333333333333,0.8333333333333334,4.068071109223999,6.194523962567192,True
D3,24,105,SeasonalNaive,h1_12,1,ARIMA,8.671362161636353,4.402890920639038,4.812784199619269,4.210812661552834,8.325799391406495,7.9057392040274825,1.8332304312529566,0.16666666666666666,0.4166666666666667,5.492475299258394,8.363489462590682,True
D3,24,106,SeasonalNaive,h1,1,ARIMA,8.671362161636353,4.402890920639038,0.08709761176695302,0.07362481510421343,0.14921699244546507,0.1491057468899288,0.15077756057310848,1.0,1.0,1.991263390007828,3.0321320483356016,True
D3,24,106,SeasonalNaive,h1_6,1,ARIMA,8.671362161636353,4.402890920639038,0.6737356919809734,0.7080738188127331,1.1609718084177358,1.1670390015610717,0.34443222791843836,0.8333333333333334,1.0,3.594835129223832,5.473919150273431,True
D3,24,106,SeasonalNaive,h1_12,1,ARIMA,8.671362161636353,4.402890920639038,4.793123159805391,5.788576570530162,7.595675548748401,7.072524957715122,2.0671263059674594,0.5,0.5833333333333334,4.853539336468134,7.390570350366709,True
D3,24,107,SeasonalNaive,h1,1,ARIMA,8.671362161636353,4.402890920639038,1.3247396507772602,1.1408252927962395,2.3505428419778536,2.3232384840335905,0.4494916824097779,0.0,1.0,1.9546008071355914,2.9763052837501,True
D3,24,107,SeasonalNaive,h1_6,1,ARIMA,8.671362161636353,4.402890920639038,3.7241112294483085,3.4431182664319784,6.4391710054415014,6.210988860712733,1.4479931887888853,0.0,0.16666666666666666,3.528648033383783,5.373134886629604,True
D3,24,107,SeasonalNaive,h1_12,1,ARIMA,8.671362161636353,4.402890920639038,6.247305249256769,5.904793052967312,10.51114217148203,9.896012787858137,2.5620367138042326,0.0,0.08333333333333333,4.764177331903655,7.2544972425583065,True
D3,24,108,SeasonalNaive,h1,1,ARIMA,8.671362161636353,4.402890920639038,0.40157678869635177,0.3296369968831887,0.7099318984126571,0.70742079547113,0.1829234142626473,1.0,1.0,2.0505923514200575,3.1224733091628885,True
D3,24,108,SeasonalNaive,h1_6,1,ARIMA,8.671362161636353,4.402890920639038,1.670195443987813,1.5812458857181417,2.9060301534119097,2.851240684710286,0.6043144635941935,0.3333333333333333,1.0,3.7019419216930256,5.637012561054718,True
D3,24,108,SeasonalNaive,h1_12,1,ARIMA,8.671362161636353,4.402890920639038,1.533796254725432,1.4324336092684316,2.6905504348463904,2.661695484233077,0.6056210658840767,0.6666666666666666,1.0,4.998148758532062,7.610769679763112,True
D3,24,109,SeasonalNaive,h1,1,ARIMA,8.671362161636353,4.402890920639038,0.6407681873893392,0.5121365394086301,1.58551146539145,1.573041091957299,0.2259237981792295,1.0,1.0,2.1060169341856154,3.2068693034408633,True
D3,24,109,SeasonalNaive,h1_6,1,ARIMA,8.671362161636353,4.402890920639038,3.6791814846516777,3.5306987006620822,9.828082813865002,10.595690198362306,1.4551421991102154,0.3333333333333333,0.3333333333333333,3.802000125016588,5.789372960245833,True
D3,24,109,SeasonalNaive,h1_12,1,ARIMA,8.671362161636353,4.402890920639038,5.399645751323023,4.763778954816034,14.675900171916531,16.141414646340767,2.1255454627868273,0.16666666666666666,0.16666666666666666,5.133241581515595,7.816477915109563,True
D3,24,110,SeasonalNaive,h1,1,ARIMA,8.671362161636353,4.402890920639038,1.1475759659435933,0.9506550575676164,1.6217972546146848,1.6087519074801475,0.37799659017076204,0.0,1.0,2.0319132421117567,3.0940302984329637,True
D3,24,110,SeasonalNaive,h1_6,1,ARIMA,8.671362161636353,4.402890920639038,1.8104822651454486,1.5785888132390695,2.543270157810638,2.5080821726572693,0.6084678930121181,0.5,1.0,3.66822045688778,5.5856642890652415,True
D3,24,110,SeasonalNaive,h1_12,1,ARIMA,8.671362161636353,4.402890920639038,2.856385215295722,2.6034393881177125,3.972235585713039,3.8798727357123295,0.9821904959724349,0.4166666666666667,0.8333333333333334,4.952619979038095,7.5414422004763475,True
D3,24,111,SeasonalNaive,h1,1,ARIMA,8.671362161636353,4.402890920639038,1.2706897206840444,1.056233211071583,2.3205827357599587,2.3478243388971682,0.4261062711733917,0.0,1.0,2.0250062940655864,3.083512966254773,True
D3,24,111,SeasonalNaive,h1_6,1,ARIMA,8.671362161636353,4.402890920639038,3.9633331377522714,3.7039815314271025,7.4958711025939415,7.875606977354986,1.5609896480099994,0.0,0.3333333333333333,3.6557513181506844,5.566677310562237,True
D3,24,111,SeasonalNaive,h1_12,1,ARIMA,8.671362161636353,4.402890920639038,3.490965602043507,3.347179006431949,6.522918827163855,6.773512647528046,1.3507732377706207,0.25,0.5833333333333334,4.9357848661116694,7.515807075711977,True
D3,24,112,SeasonalNaive,h1,1,ARIMA,8.671362161636353,4.402890920639038,0.6835002521642358,0.5670259876332671,1.6265827401380673,1.613460604283962,0.23439838715291506,1.0,1.0,2.029001625745286,3.089596728599093,True
D3,24,112,SeasonalNaive,h1_6,1,ARIMA,8.671362161636353,4.402890920639038,2.1927264975161775,1.9597970654340868,5.105538269912876,4.959729662342636,0.7357617873859305,0.16666666666666666,1.0,3.662964105141682,5.577660349121058,True
D3,24,112,SeasonalNaive,h1_12,1,ARIMA,8.671362161636353,4.402890920639038,4.240433559169227,3.962887144400113,9.561196071480543,9.024701600107099,1.5718342770150917,0.08333333333333333,0.5,4.945523155665419,7.530635741773971,True
D3,24,113,SeasonalNaive,h1,1,ARIMA,8.671362161636353,4.402890920639038,3.463519735250775,2.8624054609505993,8.623242339384095,9.01179688149634,1.4910171467310855,0.0,0.0,2.0367287526888904,3.1013629617176464,True
D3,24,113,SeasonalNaive,h1_6,1,ARIMA,8.671362161636353,4.402890920639038,8.288136836943712,7.12874200307255,22.16825952493573,25.245134377602646,3.7094546980978964,0.0,0.0,3.676913915861965,5.598901973089764,True
D3,24,113,SeasonalNaive,h1_12,1,ARIMA,8.671362161636353,4.402890920639038,8.303771879612299,7.052272856825897,22.146568933048563,25.12446709582124,3.565095527401555,0.0,0.0,4.9643573866199295,7.559314958983257,True
D3,24,114,SeasonalNaive,h1,1,ARIMA,8.671362161636353,4.402890920639038,0.24359739911169612,0.19736105094491976,0.9863959327698031,0.9815549238464415,0.16579814164127005,1.0,1.0,2.0775805819229833,3.163568765970058,True
D3,24,114,SeasonalNaive,h1_6,1,ARIMA,8.671362161636353,4.402890920639038,3.7267578592864923,3.624554243243158,13.68306507814789,12.481782977197014,1.5028661171177755,0.3333333333333333,0.3333333333333333,3.750663873582631,5.711202340530025,True
D3,24,114,SeasonalNaive,h1_12,1,ARIMA,8.671362161636353,4.402890920639038,4.4288127612801915,3.9043361935459804,16.291070639997614,14.872284976377262,1.6642941821121124,0.16666666666666666,0.4166666666666667,5.06393033169054,7.710936446834026,True
D3,24,115,SeasonalNaive,h1,1,ARIMA,8.671362161636353,4.402890920639038,1.1266116798534458,0.9073666205689483,2.10346250320615,2.1258204209259883,0.3678931112174946,0.0,1.0,2.089960750730223,3.1824202683843446,True
D3,24,115,SeasonalNaive,h1_6,1,ARIMA,8.671362161636353,4.402890920639038,1.5688729780626596,1.3170735408225225,2.9451367292126736,2.993185893785209,0.5457727466020701,0.3333333333333333,1.0,3.773013837910449,5.745235027244194,True
D3,24,115,SeasonalNaive,h1_12,1,ARIMA,8.671362161636353,4.402890920639038,1.6548316118821984,1.5256581174220185,3.0453129673953887,3.035894964281424,0.6266164670415393,0.5833333333333334,1.0,5.094105966214601,7.756885420223684,True
D3,24,116,SeasonalNaive,h1,1,ARIMA,8.671362161636353,4.402890920639038,1.6907416735333998,1.420146545312557,2.5821258455071416,2.5492138901497348,0.6085004629245657,0.0,0.0,2.0039679674313264,3.0514775334982644,True
D3,24,116,SeasonalNaive,h1_6,1,ARIMA,8.671362161636353,4.402890920639038,3.2397696342370708,2.8067079871552325,4.882506634367374,4.7593012602248885,1.1922618591346907,0.0,0.0,3.6177707496209695,5.508843625861946,True
D3,24,116,SeasonalNaive,h1_12,1,ARIMA,8.671362161636353,4.402890920639038,3.357651458647984,2.9994614479700754,5.046977665119809,4.907808884600309,1.2293031124844735,0.16666666666666666,0.25,4.884505690084427,7.437723365729327,True
D3,24,117,SeasonalNaive,h1,1,ARIMA,8.671362161636353,4.402890920639038,0.9478351772023937,0.8385047289383939,2.294197907453237,2.2681796425054173,0.3050527486516691,1.0,1.0,1.902716069522587,2.8972994744105147,True
D3,24,117,SeasonalNaive,h1_6,1,ARIMA,8.671362161636353,4.402890920639038,6.984882926782053,7.042127342124837,15.409974077084657,14.04611835056057,3.09576403939919,0.16666666666666666,0.16666666666666666,3.4349803255467846,5.230505408152828,True
D3,24,117,SeasonalNaive,h1_12,1,ARIMA,8.671362161636353,4.402890920639038,9.50417147671774,9.026873557750548,20.5332001958795,18.390917438028673,4.208574753766215,0.08333333333333333,0.08333333333333333,4.637712587846852,7.0619271358796105,True
D3,24,118,SeasonalNaive,h1,1,ARIMA,8.671362161636353,4.402890920639038,1.4654483102330818,1.158167172764691,2.0701764786881913,2.048967853409607,0.4983229321996675,0.0,1.0,2.1298348694369262,3.243137295492082,True
D3,24,118,SeasonalNaive,h1_6,1,ARIMA,8.671362161636353,4.402890920639038,3.8804153875593412,3.200347398993206,5.3770475659051575,5.2246066044879695,1.4911376893464294,0.0,0.3333333333333333,3.84499873121637,5.854847699823915,True
D3,24,118,SeasonalNaive,h1_12,1,ARIMA,8.671362161636353,4.402890920639038,4.84951768827012,4.00123134302302,6.67124413603087,6.438625497835542,1.8138498821274869,0.0,0.16666666666666666,5.191295822976464,7.9048781372793755,True
D3,24,119,SeasonalNaive,h1,1,ARIMA,8.671362161636353,4.402890920639038,0.7921789332437595,0.6214239299732327,2.4506261977764474,2.42096183528956,0.26714988387873856,1.0,1.0,2.1457642000873904,3.2673931695347505,True
D3,24,119,SeasonalNaive,h1_6,1,ARIMA,8.671362161636353,4.402890920639038,2.158547289541029,1.867563368943064,6.494618966949112,6.251162791815738,0.7216077352869484,0.5,1.0,3.87375601048674,5.898636918536102,True
D3,24,119,SeasonalNaive,h1_12,1,ARIMA,8.671362161636353,4.402890920639038,2.282524718924587,1.9988816592578682,6.846839570349367,6.572146314727127,0.8137968332967086,0.5833333333333334,1.0,5.230122245087974,7.963999818216853,True
D3,24,120,SeasonalNaive,h1,1,ARIMA,8.671362161636353,4.402890920639038,0.9824077071664087,0.8496166362772168,1.975936032463906,1.9566053969382873,0.31664069299006126,0.0,1.0,1.9463253214998337,2.9637040551343454,True
D3,24,120,SeasonalNaive,h1_6,1,ARIMA,8.671362161636353,4.402890920639038,6.159269979973809,5.915731625637201,11.620217573882393,10.854505472379126,2.6735612567716407,0.0,0.16666666666666666,3.5137082686976764,5.350385842215563,True
D3,24,120,SeasonalNaive,h1_12,1,ARIMA,8.671362161636353,4.402890920639038,7.245876215885325,6.608986348138916,13.608335091681942,12.657949943546843,3.066817801721657,0.0,0.08333333333333333,4.744006522123774,7.223782793088007,True
D3,24,121,SeasonalNaive,h1,1,ARIMA,8.671362161636353,4.402890920639038,0.7066890855411914,0.6157883862766007,1.5212086489389895,1.509725610656711,0.23870430909909754,1.0,1.0,1.9317173015294085,2.941460164277249,True
D3,24,121,SeasonalNaive,h1_6,1,ARIMA,8.671362161636353,4.402890920639038,0.8567860513063539,0.8229473325324637,1.8696271479941116,1.8813480191487917,0.3485194610260244,1.0,1.0,3.487336356462662,5.310228864155833,True
D3,24,121,SeasonalNaive,h1_12,1,ARIMA,8.671362161636353,4.402890920639038,2.602114788362502,3.2333686484965405,5.359429207448596,5.111491962037103,1.0298036374394564,0.6666666666666666,0.75,4.708400685191225,7.169565154269984,True
D3,24,122,SeasonalNaive,h1,1,ARIMA,8.671362161636353,4.402890920639038,0.9977381090799755,0.753795345466644,1.382965893026788,1.3734685919378204,0.3260541480661048,1.0,1.0,2.227972308920966,3.392572913549613,True
D3,24,122,SeasonalNaive,h1_6,1,ARIMA,8.671362161636353,4.402890920639038,3.1620529470907117,2.640583841264058,4.532834278493456,4.659971426006101,1.1562590007258724,0.3333333333333333,0.5,4.022166612029923,6.124624371280907,True
D3,24,122,SeasonalNaive,h1_12,1,ARIMA,8.671362161636353,4.402890920639038,2.326915000114874,2.0420431051883163,3.3192985993679778,3.3949597401001377,0.8989933475754069,0.6666666666666666,0.75,5.430497691150293,8.269115060506683,True
D3,24,123,SeasonalNaive,h1,1,ARIMA,8.671362161636353,4.402890920639038,0.491316932059283,0.3787926833130404,0.9936347375179733,0.9985959355696042,0.20538498217613313,1.0,1.0,2.183266893216457,3.324499184894729,True
D3,24,123,SeasonalNaive,h1_6,1,ARIMA,8.671362161636353,4.402890920639038,1.8135054697168596,1.5467581647214539,3.733138450213714,3.821359669947892,0.6074945078364499,0.8333333333333334,1.0,3.941459760466467,6.001730618312913,True
D3,24,123,SeasonalNaive,h1_12,1,ARIMA,8.671362161636353,4.402890920639038,2.4021159336898634,2.1436536906240184,4.811253352360559,4.799825691417051,0.8368922891543925,0.6666666666666666,1.0,5.3215319487157275,8.103190993673298,True
D3,24,124,SeasonalNaive,h1,1,ARIMA,8.671362161636353,4.402890920639038,3.9937460561973745,2.9837136609107846,4.961105435547833,4.841021348909444,1.7305615078729182,0.0,0.0,2.2530456098577245,3.430752473174654,True
D3,24,124,SeasonalNaive,h1_6,1,ARIMA,8.671362161636353,4.402890920639038,12.770051665407724,10.49573746209632,14.821079647075939,13.629551058657253,5.904252664760051,0.0,0.0,4.067431534523558,6.1935500708378255,True
D3,24,124,SeasonalNaive,h1_12,1,ARIMA,8.671362161636353,4.402890920639038,16.87189886772336,13.426982021392869,19.170025509551824,17.32087549066598,7.786837194036233,0.0,0.0,5.49161178233602,8.362174570071817,True
D3,24,125,SeasonalNaive,h1,1,ARIMA,8.671362161636353,4.402890920639038,0.5584593156934663,0.49041397375073054,1.4837664367106027,1.494856526418591,0.20150204070980818,1.0,1.0,1.9167937429658917,2.918735797213251,True
D3,24,125,SeasonalNaive,h1_6,1,ARIMA,8.671362161636353,4.402890920639038,0.8271615553098788,0.7942105933601943,2.179806197289433,2.178946915168147,0.3483403480832207,0.8333333333333334,1.0,3.4603948012438237,5.269204480630796,True
D3,24,125,SeasonalNaive,h1_12,1,ARIMA,8.671362161636353,4.402890920639038,0.8737107071816617,0.8231450211473463,2.2873128852809543,2.2712276719097297,0.4254671475939735,0.9166666666666666,1.0,4.672025749112173,7.114176394553458,True
D3,24,126,SeasonalNaive,h1,1,ARIMA,8.671362161636353,4.402890920639038,0.7128766717966364,0.6176146648798589,1.0951291997055341,1.1011587552373934,0.2406678627477249,1.0,1.0,1.9428688404591072,2.958440810206222,True
D3,24,126,SeasonalNaive,h1_6,1,ARIMA,8.671362161636353,4.402890920639038,1.4590722910677636,1.7483126026720832,2.184995261463273,2.1430267162677317,0.5679828982175228,0.6666666666666666,0.8333333333333334,3.5074682707491274,5.340884086769106,True
D3,24,126,SeasonalNaive,h1_12,1,ARIMA,8.671362161636353,4.402890920639038,6.271074691433358,7.415073925129672,8.809041151741704,8.169959858502672,2.702304323670626,0.3333333333333333,0.4166666666666667,4.735581636304516,7.210954070165505,True
D3,24,127,SeasonalNaive,h1,1,ARIMA,8.671362161636353,4.402890920639038,0.5265967061160274,0.47688553735756956,1.135410387975498,1.129000990711058,0.1929058020754381,1.0,1.0,1.8587058515238433,2.830284335620821,True
D3,24,127,SeasonalNaive,h1_6,1,ARIMA,8.671362161636353,4.402890920639038,0.509373037140024,0.5543925311881338,1.0959079257058613,1.087419576917694,0.28839486687028465,1.0,1.0,3.355528516961057,5.109522731365879,True
D3,24,127,SeasonalNaive,h1_12,1,ARIMA,8.671362161636353,4.402890920639038,0.4835631975328841,0.5181201332596124,1.0464841057754444,1.0445148166746103,0.366466035527194,1.0,1.0,4.530441332152962,6.898583294031862,True
D3,24,128,SeasonalNaive,h1,1,ARIMA,8.671362161636353,4.402890920639038,1.2051040728703388,1.033228669707735,2.422476578262796,2.3934857622653296,0.4026762018259182,0.0,1.0,1.9632462902520336,2.989469914085942,True
D3,24,128,SeasonalNaive,h1_6,1,ARIMA,8.671362161636353,4.402890920639038,7.86114047955089,7.574609928141601,14.538111840885131,13.338414711071678,3.5170003388379723,0.0,0.16666666666666666,3.544255755884023,5.396901042243158,True
D3,24,128,SeasonalNaive,h1_12,1,ARIMA,8.671362161636353,4.402890920639038,11.05246908784344,10.163257736001551,19.92593725146199,17.903707279248856,4.9632965160033145,0.0,0.08333333333333333,4.785249979851196,7.286584936986707,True
D3,24,129,SeasonalNaive,h1,1,ARIMA,8.671362161636353,4.402890920639038,0.9950271500439829,0.8228960212793488,1.5692721288134794,1.5570549144123822,0.3210727329261263,1.0,1.0,2.0353385015924825,3.0992460017384373,True
D3,24,129,SeasonalNaive,h1_6,1,ARIMA,8.671362161636353,4.402890920639038,3.909802637351846,3.775608891771094,5.964111779855816,5.735757938164361,1.535133201671302,0.16666666666666666,0.5,3.6744040904391113,5.595080217445304,True
D3,24,129,SeasonalNaive,h1_12,1,ARIMA,8.671362161636353,4.402890920639038,6.684216011866659,6.238121163739414,9.95643638794489,9.374247343605466,2.762992601066983,0.08333333333333333,0.25,4.960968764894703,7.554155044637266,True
D3,24,130,SeasonalNaive,h1,1,ARIMA,8.671362161636353,4.402890920639038,0.40282942137700267,0.34543297428573977,0.9111184555964302,0.9069865944704273,0.17817328189908443,1.0,1.0,1.9629266443934426,2.988983183673064,True
D3,24,130,SeasonalNaive,h1_6,1,ARIMA,8.671362161636353,4.402890920639038,2.260209586636883,2.4822231070395078,4.929401725225445,4.741679715274139,0.8517620026314296,0.5,0.6666666666666666,3.5436786980386663,5.396022346036794,True
D3,24,130,SeasonalNaive,h1_12,1,ARIMA,8.671362161636353,4.402890920639038,5.548514415540671,5.751700287639313,11.553781749723411,10.678257493946749,2.278990722024836,0.25,0.3333333333333333,4.784470869585719,7.285398571979946,True
D3,24,131,SeasonalNaive,h1,1,ARIMA,8.671362161636353,4.402890920639038,0.23629859372826628,0.17083386791317084,0.3980357532746647,0.3972451643834643,0.18376576451374316,1.0,1.0,2.328272682395853,3.545302069521301,True
D3,24,131,SeasonalNaive,h1_6,1,ARIMA,8.671362161636353,4.402890920639038,0.7080703822085633,0.6242765815207715,1.1959160744860478,1.1969512863588103,0.3753622605478453,1.0,1.0,4.20323924554044,6.400346878860182,True
D3,24,131,SeasonalNaive,h1_12,1,ARIMA,8.671362161636353,4.402890920639038,1.5474705263668689,1.3676635403020576,2.659091709850249,2.708900223015247,0.6079164380332933,1.0,1.0,5.67497153150996,8.641379709198542,True
D3,24,132,SeasonalNaive,h1,1,ARIMA,8.671362161636353,4.402890920639038,1.299237093570317,1.1370015107531897,2.4799802570864835,2.511117870800495,0.4406218717628853,0.0,1.0,1.9234196525737033,2.928825187181453,True
D3,24,132,SeasonalNaive,h1_6,1,ARIMA,8.671362161636353,4.402890920639038,0.8424833876617142,0.77601025578271,1.6025456770144675,1.616936208620241,0.35827280735617356,0.8333333333333334,1.0,3.472356580253436,5.287418893486553,True
D3,24,132,SeasonalNaive,h1_12,1,ARIMA,8.671362161636353,4.402890920639038,1.5566936822499378,1.6541795229589646,2.8870933142553064,2.842209516759626,0.5877971044803412,0.75,1.0,4.688175854157416,7.138768445679087,True
D3,24,133,SeasonalNaive,h1,1,ARIMA,8.671362161636353,4.402890920639038,1.4671719764654838,1.2149371831314926,2.5691462758258323,2.6025782975290412,0.5022573953177238,0.0,1.0,2.0327027698893834,3.0952325263700518,True
D3,24,133,SeasonalNaive,h1_6,1,ARIMA,8.671362161636353,4.402890920639038,4.665760997617271,4.256569738295872,8.484357119070959,8.954168850988564,1.9006155843504964,0.0,0.16666666666666666,3.6696457942915277,5.587834675586328,True
D3,24,133,SeasonalNaive,h1_12,1,ARIMA,8.671362161636353,4.402890920639038,6.130693563752332,5.380988439004416,11.272631278375114,12.043305753637416,2.4804611271337924,0.0,0.08333333333333333,4.954544387504177,7.544372531347381,True
D3,24,134,SeasonalNaive,h1,1,ARIMA,8.671362161636353,4.402890920639038,0.3111994082753104,0.266423530330844,1.324972282066831,1.3338085790509582,0.16308297650930278,1.0,1.0,1.9661328678783418,2.9938653569864946,True
D3,24,134,SeasonalNaive,h1_6,1,ARIMA,8.671362161636353,4.402890920639038,0.5320720778521917,0.5388602808720369,2.2865330258479575,2.323934588602411,0.30060389988143416,1.0,1.0,3.5494669051003274,5.4048361514942505,True
D3,24,134,SeasonalNaive,h1_12,1,ARIMA,8.671362161636353,4.402890920639038,1.2344342776149948,1.2557322969017475,5.422058745386183,5.641500653486538,0.49720588632495105,1.0,1.0,4.792285773371717,7.297298464451779,True
D3,24,135,SeasonalNaive,h1,1,ARIMA,8.671362161636353,4.402890920639038,0.4994106429913059,0.4183161466391446,2.0924591500003418,2.1145825378996363,0.19690772128344858,1.0,1.0,2.0095547580015554,3.0599846384952,True
D3,24,135,SeasonalNaive,h1_6,1,ARIMA,8.671362161636353,4.402890920639038,1.9330889829994482,1.8186654559053175,8.445068718184777,8.929839970413873,0.6516846860228201,0.5,1.0,3.627856603206316,5.524201533833543,True
D3,24,135,SeasonalNaive,h1_12,1,ARIMA,8.671362161636353,4.402890920639038,4.524088165137466,4.554654258181904,21.785282017351694,26.293485382157357,1.7410315514407706,0.25,0.5833333333333334,4.898123028671218,7.458458728489092,True
D3,24,136,SeasonalNaive,h1,1,ARIMA,8.671362161636353,4.402890920639038,2.329206078960155,1.9295126339015243,3.066438911776238,3.0201336352862085,0.9244285157462205,0.0,0.0,2.031921697715118,3.0940431739300376,True
D3,24,136,SeasonalNaive,h1_6,1,ARIMA,8.671362161636353,4.402890920639038,5.764150924468643,5.472271646557855,7.3379019572519395,7.006805466438439,2.4519806611491495,0.0,0.16666666666666666,3.6682357218196615,5.585687533247506,True
D3,24,136,SeasonalNaive,h1_12,1,ARIMA,8.671362161636353,4.402890920639038,10.642484226008676,10.05265922554319,13.035828446006645,12.04433786662175,4.737583209477533,0.0,0.08333333333333333,4.952640588869896,7.541473583432426,True
D3,24,137,SeasonalNaive,h1,1,ARIMA,8.671362161636353,4.402890920639038,1.4304143131681093,1.2274850794639185,3.550309259187018,3.488385030814468,0.49035492937660674,0.0,1.0,1.9615180321290153,2.986838264817992,True
D3,24,137,SeasonalNaive,h1_6,1,ARIMA,8.671362161636353,4.402890920639038,4.531992875061928,4.187755948060909,10.741998499612059,10.120321853099219,1.8485985473657711,0.0,0.16666666666666666,3.541135725131604,5.392150116130782,True
D3,24,137,SeasonalNaive,h1_12,1,ARIMA,8.671362161636353,4.402890920639038,6.1846192980288315,5.635922652999526,14.368314629520004,13.30604314208171,2.527771150288205,0.0,0.08333333333333333,4.7810374940365445,7.280170510193217,True
D3,24,138,SeasonalNaive,h1,1,ARIMA,8.671362161636353,4.402890920639038,2.989879653848326,2.352625934592318,6.475818210512588,6.692515788602463,1.2420871956533772,0.0,0.0,2.139180874874136,3.2573686235786985,True
D3,24,138,SeasonalNaive,h1_6,1,ARIMA,8.671362161636353,4.402890920639038,11.223198682465407,9.72685734415319,27.53548438805283,33.3946465087573,5.155123555070969,0.0,0.0,3.8618711092413935,5.880539568814236,True
D3,24,138,SeasonalNaive,h1_12,1,ARIMA,8.671362161636353,4.402890920639038,14.543762008369148,12.097968268128486,36.845949039606765,46.74623998512821,6.655573689762744,0.0,0.0,5.214075935972041,7.9395658189920075,True
D3,24,139,SeasonalNaive,h1,1,ARIMA,8.671362161636353,4.402890920639038,0.4247958652288539,0.3550220578987636,1.0216948367768097,1.0165020622340224,0.18472656396802573,1.0,1.0,2.0140563785055194,3.066839335803454,True
D3,24,139,SeasonalNaive,h1_6,1,ARIMA,8.671362161636353,4.402890920639038,2.8969960243814277,3.3433273052516066,6.570389701381892,6.1962818497317285,1.1755220907262944,0.5,0.6666666666666666,3.635983395275764,5.536576344121116,True
D3,24,139,SeasonalNaive,h1_12,1,ARIMA,8.671362161636353,4.402890920639038,6.932541153920235,7.070363194148077,14.921072975334035,13.475548680540983,2.9644120659696442,0.25,0.3333333333333333,4.909095355237104,7.475166484576094,True
D3,24,140,SeasonalNaive,h1,1,ARIMA,8.671362161636353,4.402890920639038,0.1744910238212803,0.13249037430331076,0.2340585693153544,0.2343328073234833,0.17216556849261083,1.0,1.0,2.2168455857731937,3.3756300550515395,True
D3,24,140,SeasonalNaive,h1_6,1,ARIMA,8.671362161636353,4.402890920639038,0.7522698483003623,0.8159148085719603,0.9987200732466659,0.9898105448567949,0.38095274092122616,1.0,1.0,4.00207949776596,6.094037366455748,True
D3,24,140,SeasonalNaive,h1_12,1,ARIMA,8.671362161636353,4.402890920639038,2.3755646974242732,2.3139431047640246,3.1023995193094303,3.0265516854587107,0.8643960815540052,0.75,0.9166666666666666,5.403377226447005,8.227818248339474,True
D3,24,141,SeasonalNaive,h1,1,ARIMA,8.671362161636353,4.402890920639038,1.4051827789021416,1.0319094132794524,3.0399371946011398,3.086856443181244,0.4694326026154121,0.0,1.0,2.2921230266067334,3.490256348094132,True
D3,24,141,SeasonalNaive,h1_6,1,ARIMA,8.671362161636353,4.402890920639038,2.2682535123831555,1.765656429466736,4.968829048606218,5.1124773687342255,0.7893120012551141,0.3333333333333333,1.0,4.137978138852004,6.300972635305643,True
D3,24,141,SeasonalNaive,h1_12,1,ARIMA,8.671362161636353,4.402890920639038,2.5248764283900527,2.252168803602026,5.307916030320761,5.253412088888156,0.9419863535066745,0.4166666666666667,0.9166666666666666,5.586859744162936,8.507210329300484,True
D3,24,142,SeasonalNaive,h1,1,ARIMA,8.671362161636353,4.402890920639038,0.4133546048428792,0.2966835438162766,1.0715870241696628,1.0773594461841502,0.2015499940341999,1.0,1.0,2.3451790278354,3.5710456612956145,True
D3,24,142,SeasonalNaive,h1_6,1,ARIMA,8.671362161636353,4.402890920639038,0.9180737807659419,0.9309430801885823,2.4250878153467603,2.4867250773693996,0.4261636148674764,1.0,1.0,4.2337603332066225,6.446821879870633,True
D3,24,142,SeasonalNaive,h1_12,1,ARIMA,8.671362161636353,4.402890920639038,4.272740762539799,3.963960144799887,12.144696661985412,13.556369147856499,1.694494137650589,0.5,0.5,5.71617934612581,8.704127578699676,True
D3,24,143,SeasonalNaive,h1,1,ARIMA,8.671362161636353,4.402890920639038,1.1050090850361955,0.9440598028963604,2.7183970504494095,2.681944105717151,0.36351627933407166,0.0,1.0,1.9702122819004002,3.0000771530034256,True
D3,24,143,SeasonalNaive,h1_6,1,ARIMA,8.671362161636353,4.402890920639038,1.8398864837684006,1.6459195658975168,4.476232588122672,4.369610583578406,0.6190106601000493,0.3333333333333333,1.0,3.556831486253541,5.416050329713605,True
D3,24,143,SeasonalNaive,h1_12,1,ARIMA,8.671362161636353,4.402890920639038,3.8511833001044926,4.356752292721841,10.394246789865642,11.433536816011944,1.517829774080549,0.3333333333333333,0.6666666666666666,4.802229006660261,7.312439201970261,True
D3,24,144,SeasonalNaive,h1,1,ARIMA,8.671362161636353,4.402890920639038,0.2617493076521444,0.2044692225402322,0.7199630774212237,0.7225641750567645,0.17246497900278837,1.0,1.0,2.1547866466769436,3.281131808830718,True
D3,24,144,SeasonalNaive,h1_6,1,ARIMA,8.671362161636353,4.402890920639038,3.9738491364158244,3.5238766969345763,11.717250625768342,12.689436817864882,1.580828005965441,0.16666666666666666,0.3333333333333333,3.890044266532834,5.923439334638706,True
D3,24,144,SeasonalNaive,h1_12,1,ARIMA,8.671362161636353,4.402890920639038,3.8445606508143904,3.343435847839535,10.783045359467687,11.137172150125261,1.4353645455792856,0.25,0.5833333333333334,5.2521137102318125,7.997486611871123,True
D3,24,145,SeasonalNaive,h1,1,ARIMA,8.671362161636353,4.402890920639038,0.8696539862499757,0.765231751493253,2.012436647306283,1.9923888654635635,0.2835600575422354,1.0,1.0,1.9129348965488104,2.912859863396787,True
D3,24,145,SeasonalNaive,h1_6,1,ARIMA,8.671362161636353,4.402890920639038,3.0388301171200207,3.1670152226984336,6.768286257585822,6.466522668100848,1.1730288061807626,0.3333333333333333,0.5,3.453428411599936,5.258596635678477,True
D3,24,145,SeasonalNaive,h1_12,1,ARIMA,8.671362161636353,4.402890920639038,6.142588089934153,6.328869958936893,13.086297741779257,12.041827241713596,2.551074845813749,0.16666666666666666,0.25,4.662620131064516,7.099854293288595,True
D3,24,146,SeasonalNaive,h1,1,ARIMA,8.671362161636353,4.402890920639038,0.3994375685222408,0.3332888229375087,0.8500989182694306,0.8537276831692248,0.1806848033080531,1.0,1.0,2.0173202100934877,3.0718092299962083,True
D3,24,146,SeasonalNaive,h1_6,1,ARIMA,8.671362161636353,4.402890920639038,1.7293140752894482,1.9259438797477426,3.5587626275612156,3.4609785570988794,0.6554953246711227,0.6666666666666666,0.8333333333333334,3.6418756024579833,5.545548512404971,True
D3,24,146,SeasonalNaive,h1_12,1,ARIMA,8.671362161636353,4.402890920639038,2.4283022483285195,2.458946823550147,4.96394363230494,4.79685588411046,0.9004011906489562,0.5833333333333334,0.75,4.917050673995684,7.487280189414766,True
D3,24,147,SeasonalNaive,h1,1,ARIMA,8.671362161636353,4.402890920639038,1.3181764757060213,1.1108608916040377,2.818456589044553,2.779290047311005,0.4455017523992258,0.0,1.0,1.9973793657432037,3.0414449529604424,True
D3,24,147,SeasonalNaive,h1_6,1,ARIMA,8.671362161636353,4.402890920639038,5.066105815656323,4.619859713628002,10.325309130952292,9.742885644742222,2.1105867310410362,0.0,0.16666666666666666,3.6058763227361093,5.490731771280003,True
D3,24,147,SeasonalNaive,h1_12,1,ARIMA,8.671362161636353,4.402890920639038,3.0962625146378717,3.379086082677983,6.360093154704476,6.046081294846825,1.3519067759700454,0.4166666666666667,0.5833333333333334,4.86844651999868,7.413269782877855,True
D3,24,148,SeasonalNaive,h1,1,ARIMA,8.671362161636353,4.402890920639038,0.12186185871472233,0.09382469882597659,0.18784511208922225,0.18766884870961467,0.16699845798826596,1.0,1.0,2.1862372944506054,3.3290222674882424,True
D3,24,148,SeasonalNaive,h1_6,1,ARIMA,8.671362161636353,4.402890920639038,3.008097868629554,2.9666112994820106,4.825715698977944,5.027435174016605,1.188676864699554,0.3333333333333333,0.5,3.946822236750607,6.0098961559716555,True
D3,24,148,SeasonalNaive,h1_12,1,ARIMA,8.671362161636353,4.402890920639038,4.9841553664631775,4.400058026494415,8.101104287665407,8.56236281928187,1.9522335699596112,0.16666666666666666,0.3333333333333333,5.3287720553271205,8.114215632302185,True
D3,24,149,SeasonalNaive,h1,1,ARIMA,8.671362161636353,4.402890920639038,0.6022813855537361,0.5000217697227363,1.3097290533329862,1.3012079043492228,0.21506697156072133,1.0,1.0,2.0274829351882606,3.087284191577328,True
D3,24,149,SeasonalNaive,h1_6,1,ARIMA,8.671362161636353,4.402890920639038,1.4993400106917187,1.522284692385999,3.351976837893415,3.427291524669084,0.5354850136148641,0.6666666666666666,1.0,3.6602224074877046,5.573485517521593,True
D3,24,149,SeasonalNaive,h1_12,1,ARIMA,8.671362161636353,4.402890920639038,2.6408143845530656,2.7023843325787715,5.6256144747638315,5.493465660834906,0.9445680458577638,0.5,0.75,4.94182147340909,7.52499912460997,True
D3,24,150,SeasonalNaive,h1,1,ARIMA,8.671362161636353,4.402890920639038,0.316228321686436,0.23527728382857918,0.5233718182966597,0.5220058026661457,0.18337778206877947,1.0,1.0,2.2623898564073888,3.444981122972026,True
D3,24,150,SeasonalNaive,h1_6,1,ARIMA,8.671362161636353,4.402890920639038,6.310697243451166,5.887083446023941,11.420368848562923,12.584196199677466,2.7557153223572874,0.3333333333333333,0.3333333333333333,4.0843007372224065,6.219237104702723,True
D3,24,150,SeasonalNaive,h1_12,1,ARIMA,8.671362161636353,4.402890920639038,11.746600105224983,9.964169635272375,22.346103748640076,26.266293321196848,5.263062604605088,0.16666666666666666,0.16666666666666666,5.5143876081891,8.3968557236766,True
D3,24,151,SeasonalNaive,h1,1,ARIMA,8.671362161636353,4.402890920639038,2.407130287670034,1.8223932863001713,3.896394381962883,3.821935541109859,0.9407658823479254,0.0,0.0,2.223331239540016,3.385505874965396,True
D3,24,151,SeasonalNaive,h1_6,1,ARIMA,8.671362161636353,4.402890920639038,3.2968487311028367,2.546599924388472,5.292806645342641,5.151274592207342,1.2139118572281755,0.16666666666666666,0.3333333333333333,4.013788072389447,6.1118662205060685,True
D3,24,151,SeasonalNaive,h1_12,1,ARIMA,8.671362161636353,4.402890920639038,2.3773705836738293,2.006751047856805,3.8314508508812337,3.742961477393419,0.939875715123925,0.5833333333333334,0.6666666666666666,5.4191854695141455,8.25188974017339,True
D3,24,152,SeasonalNaive,h1,1,ARIMA,8.671362161636353,4.402890920639038,1.3885329417812502,1.161733004692849,2.67156324139254,2.7077326362856384,0.47237616440362057,0.0,1.0,2.0118543634344515,3.0634862884359335,True
D3,24,152,SeasonalNaive,h1_6,1,ARIMA,8.671362161636353,4.402890920639038,1.9142097909303843,1.884651445661524,3.608134839244095,3.5871103187581888,0.6987146993115659,0.3333333333333333,0.8333333333333334,3.6320080893607924,5.530523075363592,True
D3,24,152,SeasonalNaive,h1_12,1,ARIMA,8.671362161636353,4.402890920639038,3.028772762977306,2.964627420899724,5.565200230117457,5.397587813768475,1.1200645216999074,0.3333333333333333,0.5833333333333334,4.903728126160042,7.466993709755351,True
D3,24,153,SeasonalNaive,h1,1,ARIMA,8.671362161636353,4.402890920639038,0.3389290099126996,0.27947111851711864,0.5797723573741698,0.5780965354185226,0.17195958452488094,1.0,1.0,2.0413547770511458,3.108407090985289,True
D3,24,153,SeasonalNaive,h1_6,1,ARIMA,8.671362161636353,4.402890920639038,4.56382972136238,4.989282051544388,8.415306890122913,9.116287949463825,1.9470657448287922,0.3333333333333333,0.5,3.6852652946747906,5.611618765591058,True
D3,24,153,SeasonalNaive,h1_12,1,ARIMA,8.671362161636353,4.402890920639038,9.294010272441414,8.911337598515598,17.885757526841516,20.40943703654133,4.109257817659105,0.16666666666666666,0.25,4.975632937270994,7.576484439757761,True
D3,24,154,SeasonalNaive,h1,1,ARIMA,8.671362161636353,4.402890920639038,2.4620089118467257,2.1226558410237275,4.8223379668098945,4.94148553330847,1.0002358718501003,0.0,0.0,1.9523456769672263,2.9728713570827603,True
D3,24,154,SeasonalNaive,h1_6,1,ARIMA,8.671362161636353,4.402890920639038,2.02640570106333,1.9748620894255664,3.942251052349228,4.01432552947651,0.7991493410917433,0.5,0.6666666666666666,3.5245768385881227,5.36693560617434,True
D3,24,154,SeasonalNaive,h1_12,1,ARIMA,8.671362161636353,4.402890920639038,7.024042346587413,7.80637054603756,12.186717022562348,11.209920658993955,3.050818824533443,0.25,0.3333333333333333,4.758680639182882,7.246127331153244,True
D3,24,155,SeasonalNaive,h1,1,ARIMA,8.671362161636353,4.402890920639038,0.24134576474977115,0.1902371946351173,0.40541421434732117,0.40623768701091023,0.16991482294052512,1.0,1.0,2.135457481234382,3.251698946106436,True
D3,24,155,SeasonalNaive,h1_6,1,ARIMA,8.671362161636353,4.402890920639038,0.3596895161148913,0.3600159331821897,0.6011724883299875,0.599392885368992,0.3057551242839728,1.0,1.0,3.8551492529951075,5.870304079199477,True
D3,24,155,SeasonalNaive,h1_12,1,ARIMA,8.671362161636353,4.402890920639038,4.212739148327126,4.834698122544984,6.574184369039964,6.154594947476082,1.8092816865250514,0.5833333333333334,0.5833333333333334,5.205000472833213,7.925746450457026,True
D3,24,156,SeasonalNaive,h1,1,ARIMA,8.671362161636353,4.402890920639038,0.7242266099619517,0.6095677971565767,1.305413930916575,1.3139904380310596,0.24507155102490724,1.0,1.0,1.999857918038749,3.045219088459796,True
D3,24,156,SeasonalNaive,h1_6,1,ARIMA,8.671362161636353,4.402890920639038,3.30330759957151,3.388959148831345,6.1897162325896335,6.495756850475754,1.284764555588649,0.3333333333333333,0.5,3.610350862320555,5.497545231992244,True
D3,24,156,SeasonalNaive,h1_12,1,ARIMA,8.671362161636353,4.402890920639038,3.271305032509958,3.306898757827635,6.10457908256686,6.379766574949965,1.2693146620580094,0.4166666666666667,0.5833333333333334,4.8744877856214455,7.4224689250903895,True
D3,24,157,SeasonalNaive,h1,1,ARIMA,8.671362161636353,4.402890920639038,0.4990559556129866,0.4113223764028488,1.9520045319394579,1.9712439172395062,0.1986992932849309,1.0,1.0,2.04227201378195,3.109803783608357,True
D3,24,157,SeasonalNaive,h1_6,1,ARIMA,8.671362161636353,4.402890920639038,1.9361377046753054,2.2519600119499223,8.113370437647866,8.860637020970293,0.7682046048373704,0.6666666666666666,0.6666666666666666,3.686921185521914,5.614140219925679,True
D3,24,157,SeasonalNaive,h1_12,1,ARIMA,8.671362161636353,4.402890920639038,4.214433002548289,4.158324292188245,18.511553997024286,21.452323733851955,1.6464054229386136,0.3333333333333333,0.4166666666666667,4.977868625716918,7.579888762169856,True
D3,24,158,SeasonalNaive,h1,1,ARIMA,8.671362161636353,4.402890920639038,2.289820583951186,1.848364766083055,5.132946951574639,5.0045075916414,0.8984310080569854,0.0,0.0,2.085261156118631,3.175264112394393,True
D3,24,158,SeasonalNaive,h1_6,1,ARIMA,8.671362161636353,4.402890920639038,2.1912368330338508,1.888500311578625,4.945888650684988,4.858902959806131,0.814655130836931,0.5,0.5,3.7645296424556336,5.732315992488682,True
D3,24,158,SeasonalNaive,h1_12,1,ARIMA,8.671362161636353,4.402890920639038,2.376482251645727,2.3267289144501646,5.298885494346842,5.1494141499923245,0.9108263111169481,0.5833333333333334,0.6666666666666666,5.082651094183483,7.739442883606263,True
D3,24,159,SeasonalNaive,h1,1,ARIMA,8.671362161636353,4.402890920639038,0.3267002766519769,0.2758364217122063,0.7860311255947405,0.7891325392852298,0.1672218621854299,1.0,1.0,1.9936300517364272,3.035735806086026,True
D3,24,159,SeasonalNaive,h1_6,1,ARIMA,8.671362161636353,4.402890920639038,2.0962533683710864,2.085396197454537,5.2066721365697735,5.4065733616941785,0.7302184759784542,0.6666666666666666,0.8333333333333334,3.5991076723558284,5.4804250274082404,True
D3,24,159,SeasonalNaive,h1_12,1,ARIMA,8.671362161636353,4.402890920639038,6.043367749488111,6.274284358216643,16.296945065520234,18.73173699280195,2.5010647662304315,0.3333333333333333,0.4166666666666667,4.859307878115378,7.399354210949164,True
D3,24,160,SeasonalNaive,h1,1,ARIMA,8.671362161636353,4.402890920639038,0.5637238573020303,0.4179344665137385,0.6534435090937868,0.6513155196005118,0.22238232802329871,1.0,1.0,2.2704132163812374,3.457198435374837,True
D3,24,160,SeasonalNaive,h1_6,1,ARIMA,8.671362161636353,4.402890920639038,2.1796337704992923,1.8732971018033147,2.4924852954772274,2.4517721504561347,0.7566727078501552,0.6666666666666666,0.8333333333333334,4.098785338522822,6.241293063764047,True
D3,24,160,SeasonalNaive,h1_12,1,ARIMA,8.671362161636353,4.402890920639038,4.0432856072503105,3.845725817780571,4.847431793045612,5.012209516907932,1.5657485209416657,0.5,0.5833333333333334,5.533943882582073,8.426634409223942,True
D3,24,161,SeasonalNaive,h1,1,ARIMA,8.671362161636353,4.402890920639038,0.07806979046810011,0.05828137785608535,0.16789875341546232,0.16775792168582923,0.16958739676887444,1.0,1.0,2.2547577210953254,3.4333595352940414,True
D3,24,161,SeasonalNaive,h1_6,1,ARIMA,8.671362161636353,4.402890920639038,4.789126032806327,4.2601499032341295,9.608012713676935,9.001241056873766,2.007856537352682,0.3333333333333333,0.3333333333333333,4.070522415244269,6.198256609680396,True
D3,24,161,SeasonalNaive,h1_12,1,ARIMA,8.671362161636353,4.402890920639038,5.72151958156812,4.733000812406917,11.45324728808052,10.709930995298008,2.2659379705405596,0.16666666666666666,0.3333333333333333,5.495784911456841,8.36852906773023,True
D3,24,162,SeasonalNaive,h1,1,ARIMA,8.671362161636353,4.402890920639038,0.24347671239192215,0.20050012410768184,0.4446311771423694,0.44364488540421704,0.1633332875513093,1.0,1.0,2.0440403410375394,3.1124964468544722,True
D3,24,162,SeasonalNaive,h1_6,1,ARIMA,8.671362161636353,4.402890920639038,2.1317249025691325,1.9500626618717354,3.810015212121493,3.7229334441240014,0.7338732888610366,0.3333333333333333,0.8333333333333334,3.690113553226886,5.619001294797488,True
D3,24,162,SeasonalNaive,h1_12,1,ARIMA,8.671362161636353,4.402890920639038,3.3150029508566763,3.022740450288011,5.850500484668709,5.650111252382628,1.1420973738180007,0.16666666666666666,0.75,4.982178776718447,7.586451905473991,True
D3,24,163,SeasonalNaive,h1,1,ARIMA,8.671362161636353,4.402890920639038,2.538680998795965,2.1143882513734553,4.449982437453169,4.353125771301585,1.0304548586818763,0.0,0.0,2.021017504677197,3.077439165973365,True
D3,24,163,SeasonalNaive,h1_6,1,ARIMA,8.671362161636353,4.402890920639038,4.569892499465527,3.89876152394866,7.855533596757634,7.545761427864993,1.8536851230417215,0.0,0.0,3.6485503419822884,5.555712256552279,True
D3,24,163,SeasonalNaive,h1_12,1,ARIMA,8.671362161636353,4.402890920639038,4.981468217316415,4.304921157513945,8.521929024259608,8.150706911662555,1.9506222710469439,0.08333333333333333,0.16666666666666666,4.9260625228503185,7.501002691351985,True
D3,24,164,SeasonalNaive,h1,1,ARIMA,8.671362161636353,4.402890920639038,1.453598754020839,1.0990648608742157,2.370562912762332,2.342794207460135,0.49047575629487494,0.0,1.0,2.226219070466819,3.3899032262888174,True
D3,24,164,SeasonalNaive,h1_6,1,ARIMA,8.671362161636353,4.402890920639038,1.8713497221715083,1.597516785785451,3.029773108712887,2.97357424701452,0.7167761410064447,0.3333333333333333,0.8333333333333334,4.019001484193751,6.119804775039998,True
D3,24,164,SeasonalNaive,h1_12,1,ARIMA,8.671362161636353,4.402890920639038,3.3116737220016765,2.8546095581169677,5.607523675005354,5.767523346364415,1.1789858074799293,0.25,0.8333333333333334,5.426224317850663,8.26260791926091,True
D3,24,165,SeasonalNaive,h1,1,ARIMA,8.671362161636353,4.402890920639038,0.6606467466779719,0.5875742779453015,1.1370357763779257,1.1435369887168383,0.22505559515370088,1.0,1.0,1.8925754607209386,2.8818581897008095,True
D3,24,165,SeasonalNaive,h1_6,1,ARIMA,8.671362161636353,4.402890920639038,0.6053406224423155,0.6895645719654312,1.0327184214449703,1.0296639829547245,0.31501388007993475,1.0,1.0,3.416673447142432,5.202629200016139,True
D3,24,165,SeasonalNaive,h1_12,1,ARIMA,8.671362161636353,4.402890920639038,2.442479241654021,2.800781256718921,4.042957456387881,3.916048956664806,0.9048374054892737,0.5,0.8333333333333334,4.612995695063328,7.024290285264931,True
D3,24,166,SeasonalNaive,h1,1,ARIMA,8.671362161636353,4.402890920639038,0.5386866182833406,0.4511750049358893,1.5268957629319995,1.5153270308179385,0.20346366122364734,1.0,1.0,2.009730553461269,3.0602523253567213,True
D3,24,166,SeasonalNaive,h1_6,1,ARIMA,8.671362161636353,4.402890920639038,1.1220208878070979,1.3330293173226129,3.30811455834146,3.420641027212728,0.4620211851005436,0.8333333333333334,1.0,3.628173967396955,5.52468478991019,True
D3,24,166,SeasonalNaive,h1_12,1,ARIMA,8.671362161636353,4.402890920639038,1.9456828116119238,1.9129508542264624,5.777257435523643,6.017135170338075,0.6919258840649646,0.75,1.0,4.898551515521901,7.459111193009237,True
D3,24,167,SeasonalNaive,h1,1,ARIMA,8.671362161636353,4.402890920639038,0.7390665264473404,0.5467216579460948,1.0578728055678805,1.0523067719819077,0.255242693738913,1.0,1.0,2.2754323800444367,3.4648412048223,True
D3,24,167,SeasonalNaive,h1_6,1,ARIMA,8.671362161636353,4.402890920639038,2.0295579152775756,1.7383689589132736,2.864527746893373,2.8109051668386313,0.6987086385279448,0.5,1.0,4.10784645316306,6.255090583585978,True
D3,24,167,SeasonalNaive,h1_12,1,ARIMA,8.671362161636353,4.402890920639038,3.3817571718499773,3.0905162005123197,4.69314568654505,4.533883884725059,1.2766078544226347,0.4166666666666667,0.75,5.546177677668011,8.445263025779129,True
D3,24,168,SeasonalNaive,h1,1,ARIMA,8.671362161636353,4.402890920639038,0.7997697988393703,0.6936398548537455,6.158553653025491,6.35421760318661,0.26475912254777173,1.0,1.0,1.940785956756986,2.9552691662851363,True
D3,24,168,SeasonalNaive,h1_6,1,ARIMA,8.671362161636353,4.402890920639038,1.4089048247512388,1.5149493335602344,9.809490830367878,9.215378810583045,0.5216936082593163,0.6666666666666666,1.0,3.5037080331331145,5.335158306321327,True
D3,24,168,SeasonalNaive,h1_12,1,ARIMA,8.671362161636353,4.402890920639038,0.8715771641064146,1.097953694064189,6.164279937299426,5.879147721638168,0.4884354964633246,0.8333333333333334,1.0,4.730504780057225,7.2032234511979345,True
D3,24,169,SeasonalNaive,h1,1,ARIMA,8.671362161636353,4.402890920639038,1.118692119023871,0.8291582866310745,2.871791230954355,2.913627886021052,0.360597262578529,1.0,1.0,2.271014006328283,3.4581132688729763,True
D3,24,169,SeasonalNaive,h1_6,1,ARIMA,8.671362161636353,4.402890920639038,2.2773362657081693,1.9647986146330694,5.997518915623295,6.254429437436572,0.8777563757614367,0.5,0.5,4.099869946826164,6.242944616046371,True
D3,24,169,SeasonalNaive,h1_12,1,ARIMA,8.671362161636353,4.402890920639038,2.531544581612131,2.1232788146533923,6.380242558235273,6.377406602342722,0.9452891433953726,0.5833333333333334,0.75,5.535408258242072,8.428864239989561,True
D3,24,170,SeasonalNaive,h1,1,ARIMA,8.671362161636353,4.402890920639038,1.0527974898988153,0.8613589072328848,2.340555426041193,2.368270771058876,0.3402836142105751,0.0,1.0,2.0573461647887656,3.132757460454203,True
D3,24,170,SeasonalNaive,h1_6,1,ARIMA,8.671362161636353,4.402890920639038,2.723667692721644,2.4109177398725277,6.203371466723442,6.440323184981586,0.9497677330073327,0.0,0.8333333333333334,3.714134605833086,5.655578577244146,True
D3,24,170,SeasonalNaive,h1_12,1,ARIMA,8.671362161636353,4.402890920639038,3.066290232192419,2.7354958524851662,7.021062127577217,7.333315425414441,1.0832730535076562,0.3333333333333333,0.75,5.014610618384777,7.6358364454582475,True
D3,24,171,SeasonalNaive,h1,1,ARIMA,8.671362161636353,4.402890920639038,1.1980271270154452,1.05368100721048,3.9283174040784354,4.007021668880345,0.4015845813243288,0.0,1.0,1.9138336205981175,2.914228366431679,True
D3,24,171,SeasonalNaive,h1_6,1,ARIMA,8.671362161636353,4.402890920639038,4.762264928884963,4.57627444566824,16.868374160299236,18.81026240638176,1.9775410137642437,0.0,0.16666666666666666,3.4550508814349836,5.261067199245806,True
D3,24,171,SeasonalNaive,h1_12,1,ARIMA,8.671362161636353,4.402890920639038,7.010396540542966,6.629515067532403,25.960078211866396,30.72860587546658,2.9562134341788884,0.0,0.08333333333333333,4.664810696384918,7.10318990591789,True
D3,24,172,SeasonalNaive,h1,1,ARIMA,8.671362161636353,4.402890920639038,0.8471438628404073,0.6955463040425707,1.6174173962726284,1.6306042345496103,0.2803183469729173,1.0,1.0,2.0501130081882457,3.121743404730035,True
D3,24,172,SeasonalNaive,h1_6,1,ARIMA,8.671362161636353,4.402890920639038,2.3097933448016854,2.089171126293418,4.49426962451282,4.6214555976497245,0.8283839158832844,0.3333333333333333,0.6666666666666666,3.7010765615918317,5.6356948618948035,True
D3,24,172,SeasonalNaive,h1_12,1,ARIMA,8.671362161636353,4.402890920639038,2.5369787628096705,2.223702387189131,4.793320686877838,4.78947334635584,0.877439805302592,0.4166666666666667,0.8333333333333334,4.996980399166369,7.608990598254121,True
D3,24,173,SeasonalNaive,h1,1,ARIMA,8.671362161636353,4.402890920639038,0.1782980505078796,0.14564270321603837,0.3164529751169198,0.3159530536977202,0.16092967297497043,1.0,1.0,2.0606514696379588,3.1377905067167324,True
D3,24,173,SeasonalNaive,h1_6,1,ARIMA,8.671362161636353,4.402890920639038,0.45334666741425933,0.4608230364621312,0.8054955818655838,0.805165308352534,0.3084505515362285,1.0,1.0,3.720101684846491,5.664664754192054,True
D3,24,173,SeasonalNaive,h1_12,1,ARIMA,8.671362161636353,4.402890920639038,1.459347520649131,1.8339213781667,2.673961113359966,2.7604271819790323,0.6349422452851275,0.75,1.0,5.022667024777367,7.648104078228463,True
D3,24,174,SeasonalNaive,h1,1,ARIMA,8.671362161636353,4.402890920639038,0.8751787058766486,0.7319447899121,1.6801715567476303,1.6944060207559106,0.2872831574862591,1.0,1.0,2.012635357716268,3.0646755222677573,True
D3,24,174,SeasonalNaive,h1_6,1,ARIMA,8.671362161636353,4.402890920639038,1.310489706965969,1.1951375897545684,2.5325886295222118,2.5716219854304807,0.4702229778807413,0.8333333333333334,1.0,3.6334180212131573,5.532670003578603,True
D3,24,174,SeasonalNaive,h1_12,1,ARIMA,8.671362161636353,4.402890920639038,1.4761211980276447,1.6659715152701422,2.8847224453696207,2.9650402469820354,0.6117013900009695,0.8333333333333334,1.0,4.905631734937966,7.469892368572665,True
D3,24,175,SeasonalNaive,h1,1,ARIMA,8.671362161636353,4.402890920639038,1.8499173630185834,1.4865771296248211,3.375363067536764,3.433306344714203,0.677369575678358,0.0,0.0,2.094650458485918,3.18956136948364,True
D3,24,175,SeasonalNaive,h1_6,1,ARIMA,8.671362161636353,4.402890920639038,2.9936711250210153,2.494455889795584,5.531614836602974,5.702090993186837,1.1057842658619166,0.16666666666666666,0.3333333333333333,3.7814801845879202,5.758126883350172,True
D3,24,175,SeasonalNaive,h1_12,1,ARIMA,8.671362161636353,4.402890920639038,2.337492378516918,2.0646905222088434,4.2548790418102165,4.321999248552711,0.8871587701390946,0.5833333333333334,0.6666666666666666,5.105536739854604,7.774291261793939,True
D3,24,176,SeasonalNaive,h1,1,ARIMA,8.671362161636353,4.402890920639038,0.2969436963626679,0.23899856557192414,0.4704713674304466,0.4693672481750666,0.1697705469294533,1.0,1.0,2.091344100215861,3.184526719158526,True
D3,24,176,SeasonalNaive,h1_6,1,ARIMA,8.671362161636353,4.402890920639038,0.6872112224676016,0.6894367099340638,1.1003500047226755,1.1095288239686205,0.339009218273355,1.0,1.0,3.7755112038299705,5.749037810582158,True
D3,24,176,SeasonalNaive,h1_12,1,ARIMA,8.671362161636353,4.402890920639038,1.4801140507390174,1.5129184591292215,2.3958133879054184,2.443165843631406,0.584895247521272,0.9166666666666666,1.0,5.097477765836073,7.7620197192542095,True
D3,24,177,SeasonalNaive,h1,1,ARIMA,8.671362161636353,4.402890920639038,1.1637740716495482,0.9427741794020086,2.4613324433886636,2.4920006536778794,0.38275318485220283,0.0,1.0,2.07781882699232,3.1639315459587407,True
D3,24,177,SeasonalNaive,h1_6,1,ARIMA,8.671362161636353,4.402890920639038,1.6705804590471545,1.453995871207531,3.559726829122843,3.632490431110306,0.6044624024267619,0.5,0.8333333333333334,3.751093978283452,5.711857268579247,True
D3,24,177,SeasonalNaive,h1_12,1,ARIMA,8.671362161636353,4.402890920639038,5.793886759036956,6.379700999745644,10.984195641656221,10.11634345164618,2.414238613735126,0.25,0.5,5.064511034284457,7.7118206929635935,True
D3,24,178,SeasonalNaive,h1,1,ARIMA,8.671362161636353,4.402890920639038,0.8665880068613419,0.710304102284618,1.5688533908430586,1.5566426701857987,0.28579595303241145,1.0,1.0,2.05359610056677,3.1270471712137775,True
D3,24,178,SeasonalNaive,h1_6,1,ARIMA,8.671362161636353,4.402890920639038,3.585625925982119,4.005642202236738,6.96727189713444,7.465901629691789,1.4906800296170806,0.5,0.5,3.7073646010864896,5.645269771054798,True
D3,24,178,SeasonalNaive,h1_12,1,ARIMA,8.671362161636353,4.402890920639038,7.723135008978098,7.537589095592419,15.670596624585077,17.696115382131836,3.3379575751264716,0.25,0.25,5.005470147914086,7.621918089107136,True
D3,24,179,SeasonalNaive,h1,1,ARIMA,8.671362161636353,4.402890920639038,0.9562920411678508,0.8440460460058028,4.312304068798665,4.221286709533236,0.3078031293321147,0.0,1.0,1.9070895270519734,2.903959015686392,True
D3,24,179,SeasonalNaive,h1_6,1,ARIMA,8.671362161636353,4.402890920639038,2.6573197572430503,2.4614266373305167,11.475409980633362,10.798892834846574,0.9605619804970638,0.0,0.5,3.442875744526365,5.242527902536622,True
D3,24,179,SeasonalNaive,h1_12,1,ARIMA,8.671362161636353,4.402890920639038,3.3523178534026834,3.0815642284938187,14.25961808448185,13.245661234781089,1.1734281002482367,0.08333333333333333,0.5,4.648372527793406,7.078159215325991,True
D3,24,180,SeasonalNaive,h1,1,ARIMA,8.671362161636353,4.402890920639038,1.6271621600682329,1.2100697572744348,2.579865464821908,2.547010739593864,0.5567221466744818,0.0,1.0,2.2634302132537556,3.446565292776671,True
D3,24,180,SeasonalNaive,h1_6,1,ARIMA,8.671362161636353,4.402890920639038,5.378796920354031,4.329604550720247,8.22487610550306,7.850806925482844,2.208189350238984,0.0,0.16666666666666666,4.08617889726742,6.222097012283483,True
D3,24,180,SeasonalNaive,h1_12,1,ARIMA,8.671362161636353,4.402890920639038,5.903470269869773,4.628955927378752,9.008900922786783,8.582901021742472,2.3195831088265058,0.0,0.3333333333333333,5.516923391703769,8.400717006167431,True
D3,24,181,SeasonalNaive,h1,1,ARIMA,8.671362161636353,4.402890920639038,0.45105633868544887,0.39066017197012476,0.8996682384642787,0.9037335402753819,0.18511064006615263,1.0,1.0,1.9434722012274166,2.959359558339407,True
D3,24,181,SeasonalNaive,h1_6,1,ARIMA,8.671362161636353,4.402890920639038,3.2370431444915546,3.2332933618143924,6.716208646387041,7.035591926968328,1.2433779644902336,0.16666666666666666,0.3333333333333333,3.5085575201655397,5.342542706156516,True
D3,24,181,SeasonalNaive,h1_12,1,ARIMA,8.671362161636353,4.402890920639038,3.9440763832736123,3.6964245689202917,8.209022997192701,8.627375186775954,1.4646172088812117,0.16666666666666666,0.3333333333333333,4.737052278128056,7.21319344252937,True
D3,24,182,SeasonalNaive,h1,1,ARIMA,8.671362161636353,4.402890920639038,0.5376266146803288,0.43513891357736484,0.8232830926199709,0.8266860759662076,0.2072445721389375,1.0,1.0,2.0796943712938676,3.1667874705005934,True
D3,24,182,SeasonalNaive,h1_6,1,ARIMA,8.671362161636353,4.402890920639038,1.6627331773759009,1.9643978795563724,2.4705817994740626,2.40953357150597,0.6663178316104004,0.6666666666666666,0.8333333333333334,3.7544799053162343,5.717013079669313,True
D3,24,182,SeasonalNaive,h1_12,1,ARIMA,8.671362161636353,4.402890920639038,6.952045592221361,7.24313747026247,9.752826862775015,9.039265263351497,3.0162204600539115,0.3333333333333333,0.4166666666666667,5.069082517941777,7.718781772133425,True
D3,24,183,SeasonalNaive,h1,1,ARIMA,8.671362161636353,4.402890920639038,2.375435881906093,1.6420068101267917,3.7411599415438106,3.6724635735039515,0.8998886365001271,0.0,0.0,2.4350901164030967,3.707954869045284,True
D3,24,183,SeasonalNaive,h1_6,1,ARIMA,8.671362161636353,4.402890920639038,3.8138311339935522,2.6890426307328164,5.9323158904856506,5.755184959564443,1.4059024572899006,0.0,0.3333333333333333,4.396077152423929,6.693984576680296,True
D3,24,183,SeasonalNaive,h1_12,1,ARIMA,8.671362161636353,4.402890920639038,3.978468225760053,2.801310198444462,6.180745827146387,5.98928375717293,1.3843257663802788,0.08333333333333333,0.6666666666666666,5.935330166322585,9.037832415875963,True
D3,24,184,SeasonalNaive,h1,1,ARIMA,8.671362161636353,4.402890920639038,0.5606498486905046,0.45186476347346144,1.016068961384579,1.010933072798043,0.2115786352904885,1.0,1.0,2.0884780376776697,3.1801625149461743,True
D3,24,184,SeasonalNaive,h1_6,1,ARIMA,8.671362161636353,4.402890920639038,0.7034032182481637,0.7794794995334595,1.2662399637268602,1.2516076125183067,0.3842450437176246,0.8333333333333334,1.0,3.770337090577773,5.74115909664987,True
D3,24,184,SeasonalNaive,h1_12,1,ARIMA,8.671362161636353,4.402890920639038,4.110093589045683,4.758954276007019,8.106389339276996,8.865126254339497,1.731012282338716,0.5,0.5833333333333334,5.090491976141093,7.751382333500333,True
D3,24,185,SeasonalNaive,h1,1,ARIMA,8.671362161636353,4.402890920639038,1.4249966550790216,1.179259523646692,2.4511657494702708,2.4815795636249858,0.48581225879962575,0.0,1.0,2.034000860092597,3.097209151324131,True
D3,24,185,SeasonalNaive,h1_6,1,ARIMA,8.671362161636353,4.402890920639038,1.216182835656634,1.121856782290013,2.056057766802811,2.0462082333936014,0.45293757608903706,0.8333333333333334,1.0,3.671989241314598,5.591403083893268,True
D3,24,185,SeasonalNaive,h1_12,1,ARIMA,8.671362161636353,4.402890920639038,1.25771304172794,1.228370908128377,2.1247092164416155,2.113290670650092,0.5287573683677975,0.9166666666666666,1.0,4.957708374697059,7.549190390710536,True
D3,24,186,SeasonalNaive,h1,1,ARIMA,8.671362161636353,4.402890920639038,1.082537244838206,0.9213095001991953,5.00276207682121,5.131110707108683,0.35452199760567404,0.0,1.0,1.977807308385229,3.0116422344126237,True
D3,24,186,SeasonalNaive,h1_6,1,ARIMA,8.671362161636353,4.402890920639038,3.6779081667439897,3.4415891650259374,18.453663417938518,20.87674552442674,1.4247520894803998,0.0,0.16666666666666666,3.5705428155292385,5.436928813760844,True
D3,24,186,SeasonalNaive,h1_12,1,ARIMA,8.671362161636353,4.402890920639038,5.409319966537814,4.966713339364074,28.479878260930597,34.44177691078953,2.1387643903616342,0.0,0.08333333333333333,4.820741253704326,7.340628128573686,True
D3,24,187,SeasonalNaive,h1,1,ARIMA,8.671362161636353,4.402890920639038,0.5068838171360943,0.44155875169489806,1.1253106428580733,1.1316780898520724,0.19378125270083862,1.0,1.0,1.9322646502588017,2.9422936218862823,True
D3,24,187,SeasonalNaive,h1_6,1,ARIMA,8.671362161636353,4.402890920639038,0.7268810568010842,0.8036803091162428,1.592393138937415,1.5807437508652087,0.33906350919622646,1.0,1.0,3.4883244871390033,5.311733508245968,True
D3,24,187,SeasonalNaive,h1_12,1,ARIMA,8.671362161636353,4.402890920639038,1.0022116535669199,1.024807202314878,2.1912477847072744,2.1711031998161876,0.45317789108078105,1.0,1.0,4.709734802316158,7.171596638056129,True
D3,24,188,SeasonalNaive,h1,1,ARIMA,8.671362161636353,4.402890920639038,1.0613413390188093,0.8661795071931637,3.698487955758894,3.6313356990280314,0.3434330425615395,0.0,1.0,2.0624995155599715,3.1406045589887883,True
D3,24,188,SeasonalNaive,h1_6,1,ARIMA,8.671362161636353,4.402890920639038,3.403288157642844,3.621139394626441,13.473682538334106,15.346438050583119,1.3689532390370978,0.3333333333333333,0.5,3.7234379689534625,5.669744973119325,True
D3,24,188,SeasonalNaive,h1_12,1,ARIMA,8.671362161636353,4.402890920639038,7.628718544674403,7.31450796570653,33.41677748140754,44.14741539921025,3.273855218679922,0.16666666666666666,0.25,5.0271714834155885,7.654963097214041,True
D3,24,189,SeasonalNaive,h1,1,ARIMA,8.671362161636353,4.402890920639038,0.07988631574965604,0.06071207666336842,0.4178470330550994,0.4187218414507271,0.16676337050284465,1.0,1.0,2.214848290550655,3.3725887382249113,True
D3,24,189,SeasonalNaive,h1_6,1,ARIMA,8.671362161636353,4.402890920639038,0.35459908119241984,0.3976793747832048,1.8152267003727616,1.781191638931549,0.32292102000071976,1.0,1.0,3.998473773347251,6.088546865991413,True
D3,24,189,SeasonalNaive,h1_12,1,ARIMA,8.671362161636353,4.402890920639038,0.6840965612900878,0.6623520033263304,3.477154724436724,3.390114813519176,0.44977977126339347,1.0,1.0,5.39850898501907,8.220405290853913,True
D3,24,190,SeasonalNaive,h1,1,ARIMA,8.671362161636353,4.402890920639038,1.0850352537712387,0.8667276184333819,2.562965810733549,2.5305374064559047,0.35114482362067356,0.0,1.0,2.107210360735118,3.208686555194834,True
D3,24,190,SeasonalNaive,h1_6,1,ARIMA,8.671362161636353,4.402890920639038,1.4617942632166627,1.2983036269951553,3.4237983543494077,3.3530870029621176,0.5415028551502225,0.3333333333333333,1.0,3.8041546223602607,5.792653651527857,True
D3,24,190,SeasonalNaive,h1_12,1,ARIMA,8.671362161636353,4.402890920639038,1.7508717059552352,1.6789081932323404,4.068540638030687,3.955666635295374,0.6680639394593259,0.5,1.0,5.13615045973447,7.82090731551757,True
D3,24,191,SeasonalNaive,h1,1,ARIMA,8.671362161636353,4.402890920639038,1.8425472124056528,1.5157072539898626,3.401305249786802,3.3444281447553466,0.6794103221296405,0.0,0.0,2.046208928193927,3.1157985929439813,True
D3,24,191,SeasonalNaive,h1_6,1,ARIMA,8.671362161636353,4.402890920639038,3.5433666608519583,3.3376906745125186,6.3786971149904295,6.129685325124523,1.3510236905894608,0.0,0.3333333333333333,3.6940285116044143,5.624962671290407,True
D3,24,191,SeasonalNaive,h1_12,1,ARIMA,8.671362161636353,4.402890920639038,5.677935749973557,5.195093755191041,10.007125829088272,9.434365307276343,2.2649481765095185,0.0,0.25,4.9874645280263445,7.594500612651875,True
D3,24,192,SeasonalNaive,h1,1,ARIMA,8.671362161636353,4.402890920639038,0.3644924835714982,0.30661666692939354,1.2637690244959243,1.2718053656272614,0.1739354740743941,1.0,1.0,2.000965027267352,3.046904903299721,True
D3,24,192,SeasonalNaive,h1_6,1,ARIMA,8.671362161636353,4.402890920639038,0.24547663723233368,0.26078489345279077,0.8430444610966745,0.8404000460841948,0.28088476562748543,1.0,1.0,3.6123495306870126,5.500588639729432,True
D3,24,192,SeasonalNaive,h1_12,1,ARIMA,8.671362161636353,4.402890920639038,0.5717696004152335,0.6146291821997064,1.9778074103416814,1.9868418206473375,0.3999730284759325,1.0,1.0,4.877186272530705,7.426577958923198,True
D3,24,193,SeasonalNaive,h1,1,ARIMA,8.671362161636353,4.402890920639038,0.1587695531313287,0.1316562498341531,0.6874275633856917,0.6897984958819479,0.1575902338867781,1.0,1.0,2.029889615244768,3.090948885944767,True
D3,24,193,SeasonalNaive,h1_6,1,ARIMA,8.671362161636353,4.402890920639038,3.195389502113592,3.3787123927184735,15.552106274831143,17.907659998676685,1.295203092624305,0.3333333333333333,0.5,3.664567195854418,5.580101403755452,True
D3,24,193,SeasonalNaive,h1_12,1,ARIMA,8.671362161636353,4.402890920639038,3.3561771327692527,3.206495479759081,16.041949548310967,18.042527974410792,1.2438027391674256,0.4166666666666667,0.6666666666666666,4.947687556411072,7.53393151314167,True
D3,24,194,SeasonalNaive,h1,1,ARIMA,8.671362161636353,4.402890920639038,0.8645114986624632,0.749555529518351,1.4773055098028822,1.4664733639005354,0.2827562706956154,1.0,1.0,1.941393813503856,2.95619476052457,True
D3,24,194,SeasonalNaive,h1_6,1,ARIMA,8.671362161636353,4.402890920639038,3.664810524533608,3.437617333823737,6.0849621602799635,5.876991099825494,1.4314639833346132,0.16666666666666666,0.16666666666666666,3.504805399156204,5.3368292850095616,True
D3,24,194,SeasonalNaive,h1_12,1,ARIMA,8.671362161636353,4.402890920639038,6.39072274182011,6.333066470810306,10.272128670056546,9.645249312823362,2.642701918122739,0.08333333333333333,0.08333333333333333,4.731986380455606,7.205479510377901,True
D3,24,195,SeasonalNaive,h1,1,ARIMA,8.671362161636353,4.402890920639038,0.6854118226749524,0.5894768235046841,1.3477253477119402,1.35686877995325,0.23335294820710517,1.0,1.0,1.9571834572748747,2.980237930880703,True
D3,24,195,SeasonalNaive,h1_6,1,ARIMA,8.671362161636353,4.402890920639038,1.7501426623977383,1.588864219659042,3.4847155822697546,3.55396679150954,0.5891450781198513,0.3333333333333333,1.0,3.5333105011887933,5.380234508973305,True
D3,24,195,SeasonalNaive,h1_12,1,ARIMA,8.671362161636353,4.402890920639038,1.1810764759293961,1.1945905951163769,2.3361043551511864,2.366874370417744,0.5331702719694665,0.6666666666666666,1.0,4.77047232738555,7.264082743723324,True
D3,24,196,SeasonalNaive,h1,1,ARIMA,8.671362161636353,4.402890920639038,1.9857971517673854,1.6727125601593447,3.6694789032925628,3.738062612776411,0.7566984007427817,0.0,0.0,1.998297960214803,3.0428437130394657,True
D3,24,196,SeasonalNaive,h1_6,1,ARIMA,8.671362161636353,4.402890920639038,6.955910328153646,6.218106377439538,13.591414215652877,14.731523370083362,3.051542118275771,0.0,0.0,3.607534664717684,5.493256958000485,True
D3,24,196,SeasonalNaive,h1_12,1,ARIMA,8.671362161636353,4.402890920639038,8.04943446038763,7.025195387735222,15.852257231192496,17.339899166409296,3.4489988962558003,0.0,0.0,4.8706855178251605,7.416679144542359,True
D3,24,197,SeasonalNaive,h1,1,ARIMA,8.671362161636353,4.402890920639038,0.06270016603969829,0.05141858177093994,0.1039116883170027,0.10396570457645073,0.15391434565191286,1.0,1.0,2.052557237873144,3.125465276581971,True
D3,24,197,SeasonalNaive,h1_6,1,ARIMA,8.671362161636353,4.402890920639038,3.1366334453749167,2.973974702110303,5.021588668526416,4.8595156164132,1.211188741873382,0.3333333333333333,0.5,3.7054891384408997,5.642413970851931,True
D3,24,197,SeasonalNaive,h1_12,1,ARIMA,8.671362161636353,4.402890920639038,3.1057278286609438,2.8736355480900633,5.035629157806108,4.937852933182537,1.1556006488731367,0.4166666666666667,0.6666666666666666,5.002938006272749,7.618062352161365,True
D3,24,198,SeasonalNaive,h1,1,ARIMA,8.671362161636353,4.402890920639038,0.33608542980268963,0.25832125635319886,0.42236335020472565,0.4214732758806121,0.17989167870953707,1.0,1.0,2.189960191504152,3.3346911887999036,True
D3,24,198,SeasonalNaive,h1_6,1,ARIMA,8.671362161636353,4.402890920639038,3.031135828008279,2.7081936253712917,3.9185022536039233,4.026125712430362,1.113963039632323,0.16666666666666666,0.6666666666666666,3.953543196507989,6.0201302804868755,True
D3,24,198,SeasonalNaive,h1_12,1,ARIMA,8.671362161636353,4.402890920639038,2.965566697863314,2.6532070299258925,3.7836605640168846,3.838319753137974,1.0979112917151506,0.4166666666666667,0.75,5.3378463080782685,8.128033157758399,True
D3,24,199,SeasonalNaive,h1,1,ARIMA,8.671362161636353,4.402890920639038,0.4941238383398181,0.4116539227061266,0.8284541554708669,0.8250366303467347,0.19664344616380733,1.0,1.0,2.020459864089382,3.076590036769134,True
D3,24,199,SeasonalNaive,h1_6,1,ARIMA,8.671362161636353,4.402890920639038,1.5275204985952202,1.3944600912024467,2.532686333358211,2.4949706569526415,0.5115785722121905,0.8333333333333334,1.0,3.647543631376045,5.554179320473647,True
D3,24,199,SeasonalNaive,h1_12,1,ARIMA,8.671362161636353,4.402890920639038,2.7305294759830008,2.5257084854940746,4.470746078175351,4.351781996096305,0.9204616205644716,0.5,0.9166666666666666,4.9247033201741965,7.4989330093525455,True
D3,24,0,Theta,h1,1,ARIMA,8.671362161636353,4.402890920639038,0.05363087910708213,0.04034473783328426,0.0839625873260376,0.08399785071041498,0.15828957299151364,1.0,1.0,2.0602360671409903,3.2409923625716774,True
D3,24,0,Theta,h1_6,1,ARIMA,8.671362161636353,4.402890920639038,2.7674765977405587,2.4429072099216387,4.426458498253986,4.56650926744765,0.95320773484113,0.3333333333333333,0.5,3.685750943847656,5.844622016583629,True
D3,24,0,Theta,h1_12,1,ARIMA,8.671362161636353,4.402890920639038,2.2309532585488605,2.0052773809460493,3.5364711680378935,3.6293635995719655,0.815396809070022,0.6666666666666666,0.75,5.3741330269956915,8.129708989945772,True
D3,24,1,Theta,h1,1,ARIMA,8.671362161636353,4.402890920639038,0.7028289656976365,0.5703245097888185,1.3326368832407096,1.3238160527481182,0.22847367181210743,1.0,1.0,2.0211010983473914,3.1794319206618713,True
D3,24,1,Theta,h1_6,1,ARIMA,8.671362161636353,4.402890920639038,0.8210582473823234,0.7480528416164917,1.5366677069041519,1.52239540430245,0.38795918516865013,1.0,1.0,3.6157421016673505,5.733602367936085,True
D3,24,1,Theta,h1_12,1,ARIMA,8.671362161636353,4.402890920639038,0.9538618157363636,0.8553885380047138,1.7589423643730058,1.7503658453020012,0.5009402675591803,1.0,1.0,5.272051609977322,7.975289411156015,True
D3,24,2,Theta,h1,1,ARIMA,8.671362161636353,4.402890920639038,1.371569379152748,1.0294160154292755,2.287246470240807,2.313706556007816,0.4900217702759744,0.0,1.0,1.9053259403783704,2.9972987414952517,True
D3,24,2,Theta,h1_6,1,ARIMA,8.671362161636353,4.402890920639038,4.0175086177180654,3.358464007001684,6.904896719479817,7.220274087808988,1.546193115771351,0.0,0.16666666666666666,3.4086181069570083,5.405158080739578,True
D3,24,2,Theta,h1_12,1,ARIMA,8.671362161636353,4.402890920639038,6.645124628663872,5.488360729614985,11.722448218493666,12.636959675835902,2.669319915337773,0.0,0.08333333333333333,4.970049378181834,7.518429162691099,True
D3,24,3,Theta,h1,1,ARIMA,8.671362161636353,4.402890920639038,1.2212439265430428,0.9913523755662748,2.1691438854542042,2.192927764714571,0.4308491615580845,0.0,1.0,1.936622234891234,3.0465432814038174,True
D3,24,3,Theta,h1_6,1,ARIMA,8.671362161636353,4.402890920639038,5.8090055335035675,5.884132875427718,10.826062169757861,11.866701857164552,2.435174455495357,0.16666666666666666,0.3333333333333333,3.4646115493414373,5.493945871887634,True
D3,24,3,Theta,h1_12,1,ARIMA,8.671362161636353,4.402890920639038,10.821002964853715,10.014554795428037,20.65395095114254,23.935713475361432,4.696062421825548,0.08333333333333333,0.16666666666666666,5.051691360572523,7.641930630302398,True
D3,24,4,Theta,h1,1,ARIMA,8.671362161636353,4.402890920639038,0.8506005558883256,0.7637552779067689,3.4683716611873825,3.529581157500053,0.2900046899633703,0.0,1.0,1.7919097233195223,2.8188881472289142,True
D3,24,4,Theta,h1_6,1,ARIMA,8.671362161636353,4.402890920639038,1.7568039144606609,1.7105912784502544,7.375720263868398,7.716248012932285,0.5273561690413349,0.5,1.0,3.20571636399366,5.083414821805161,True
D3,24,4,Theta,h1_12,1,ARIMA,8.671362161636353,4.402890920639038,1.783787145299498,1.8079818951346676,7.404159198722546,7.649574954610011,0.63398400821835,0.6666666666666666,1.0,4.6742016433730145,7.070889302195141,True
D3,24,5,Theta,h1,1,ARIMA,8.671362161636353,4.402890920639038,0.06957050405587346,0.06063249888596939,0.1401986582155792,0.1401004487409348,0.1420388183210286,1.0,1.0,1.8329236169354939,2.8833993645237364,True
D3,24,5,Theta,h1_6,1,ARIMA,8.671362161636353,4.402890920639038,0.9038008303638202,0.9917605382888826,1.820674366186861,1.8466417033804643,0.3354062365279638,1.0,1.0,3.2790851052426713,5.199754721585419,True
D3,24,5,Theta,h1_12,1,ARIMA,8.671362161636353,4.402890920639038,0.8493880139328196,0.909785312576743,1.6865244598158875,1.700381715849032,0.43442862203240223,1.0,1.0,4.781179640081721,7.232713361136551,True
D3,24,6,Theta,h1,1,ARIMA,8.671362161636353,4.402890920639038,0.24757811761935852,0.1972316012037715,1.117752151556713,1.1240341092770507,0.14121603837329041,1.0,1.0,1.6370839721999675,2.575329041163856,True
D3,24,6,Theta,h1_6,1,ARIMA,8.671362161636353,4.402890920639038,2.1299095487055064,2.010701026915509,9.605333140822097,9.003800823085651,0.8104296418374054,0.3333333333333333,0.5,2.9287387788248807,4.6441978338964365,True
D3,24,6,Theta,h1_12,1,ARIMA,8.671362161636353,4.402890920639038,2.6194321774373224,2.2841652834689024,12.499903115969108,11.634890057929676,0.9278660963760798,0.3333333333333333,0.75,4.270345735158898,6.459953474873333,True
D3,24,7,Theta,h1,1,ARIMA,8.671362161636353,4.402890920639038,1.5568692248661522,1.3392201739764287,2.4916997317384384,2.4610388821264766,0.5272694033676116,0.0,0.0,1.883778491509222,2.9634161210574828,True
D3,24,7,Theta,h1_6,1,ARIMA,8.671362161636353,4.402890920639038,4.047085160214205,3.937241449056584,6.251809317374141,6.016752472821477,1.6316644720752367,0.0,0.0,3.370076834507228,5.3440413061056,True
D3,24,7,Theta,h1_12,1,ARIMA,8.671362161636353,4.402890920639038,6.14811074939039,5.750125160642297,9.279695241850456,8.803845052245315,2.4770865885373388,0.0,0.0,4.913852484917437,7.433419686840075,True
D3,24,8,Theta,h1,1,ARIMA,8.671362161636353,4.402890920639038,0.7695092103185361,0.5589381270083555,2.3435325295208465,2.316389854643797,0.25070382589878587,1.0,1.0,2.2465262019568044,3.534054145131393,True
D3,24,8,Theta,h1_6,1,ARIMA,8.671362161636353,4.402890920639038,3.058307380194461,2.50604843229423,9.185004361109073,8.68160846116564,1.1550399945961096,0.3333333333333333,0.3333333333333333,4.0190305329809535,6.373109814379888,True
D3,24,8,Theta,h1_12,1,ARIMA,8.671362161636353,4.402890920639038,6.677696707331527,5.805340681760997,19.2585401623302,17.020219821952544,2.754457638756308,0.16666666666666666,0.16666666666666666,5.8600826988765435,8.864825436493232,True
D3,24,9,Theta,h1,1,ARIMA,8.671362161636353,4.402890920639038,1.6088149317336746,1.330831604037188,3.2116010843211513,3.2640146492550905,0.5801326632113273,0.0,0.0,2.0628193147245812,3.245062352349869,True
D3,24,9,Theta,h1_6,1,ARIMA,8.671362161636353,4.402890920639038,1.3180538830762927,1.2545765246610536,2.5584362237375275,2.554015247727003,0.5509755790996261,0.5,0.8333333333333334,3.690376938144289,5.851953508320292,True
D3,24,9,Theta,h1_12,1,ARIMA,8.671362161636353,4.402890920639038,3.11906455058146,3.0490646005525783,5.748653561164478,5.55116286335093,1.272931470649845,0.25,0.5833333333333334,5.380878380396407,8.139908094489376,True
D3,24,10,Theta,h1,1,ARIMA,8.671362161636353,4.402890920639038,0.016916955950884837,0.013574649070764104,0.022078703864210486,0.02207626678742635,0.1116500210996066,1.0,1.0,1.4685992183551726,2.3102877416752743,True
D3,24,10,Theta,h1_6,1,ARIMA,8.671362161636353,4.402890920639038,1.1077225172696181,1.0374211295049356,1.410277758913719,1.3968726054776357,0.4434556712039692,0.6666666666666666,0.8333333333333334,2.627325157420827,4.166236446001934,True
D3,24,10,Theta,h1_12,1,ARIMA,8.671362161636353,4.402890920639038,1.4153834028292698,1.3552510523095689,1.7562236285085988,1.7348401812702325,0.5912559032479926,0.6666666666666666,0.9166666666666666,3.8308613647239995,5.79512389672683,True
D3,24,11,Theta,h1,1,ARIMA,8.671362161636353,4.402890920639038,0.7742763253365132,0.5836603341480456,2.2637908129552526,2.2384538565765415,0.24542473566378695,1.0,1.0,1.845067049312948,2.9025099002664367,True
D3,24,11,Theta,h1_6,1,ARIMA,8.671362161636353,4.402890920639038,1.0321915179307277,0.8209737255645011,3.104506539275448,3.0518718663254214,0.40723362547201175,0.8333333333333334,1.0,3.3008201415569367,5.234218668060873,True
D3,24,11,Theta,h1_12,1,ARIMA,8.671362161636353,4.402890920639038,1.2851502593042186,1.0407867890607265,4.191691512640442,4.2453154307998044,0.5063821210194455,0.9166666666666666,1.0,4.8128706929652205,7.280657074739739,True
D3,24,12,Theta,h1,1,ARIMA,8.671362161636353,4.402890920639038,0.24279918868368547,0.1793321418591644,0.42981700161760994,0.4307427043057768,0.1714555361129339,1.0,1.0,2.0954778534507383,3.296438438422742,True
D3,24,12,Theta,h1_6,1,ARIMA,8.671362161636353,4.402890920639038,1.4144996122090978,1.2586658965718676,2.411848296525102,2.37166438832891,0.5931332120566517,0.5,1.0,3.748799878748163,5.944599760470745,True
D3,24,12,Theta,h1_12,1,ARIMA,8.671362161636353,4.402890920639038,2.3410694843620985,2.0277401845659395,3.997578034081247,4.06945873423289,0.7291212569654564,0.75,1.0,5.466059265156691,8.268779000698053,True
D3,24,13,Theta,h1,1,ARIMA,8.671362161636353,4.402890920639038,0.4682089107675894,0.37178173113013036,0.7016103614684334,0.7040803116783307,0.17903145347780414,1.0,1.0,1.6541720130314785,2.6021991911382125,True
D3,24,13,Theta,h1_6,1,ARIMA,8.671362161636353,4.402890920639038,1.4454501619475209,1.3124721965207455,2.155626065073593,2.1864674534605943,0.4494001105633138,0.6666666666666666,1.0,2.9592966002139436,4.692657834736781,True
D3,24,13,Theta,h1_12,1,ARIMA,8.671362161636353,4.402890920639038,1.809360157431045,1.7584269101845016,2.670245440705713,2.724790391913347,0.586547515994452,0.75,1.0,4.314902034970799,6.527361696556967,True
D3,24,14,Theta,h1,1,ARIMA,8.671362161636353,4.402890920639038,3.327474589747049,2.804697556668472,5.8478476325420985,5.681718511802038,1.3856786358829902,0.0,0.0,2.0854811956850643,3.2807056397634935,True
D3,24,14,Theta,h1_6,1,ARIMA,8.671362161636353,4.402890920639038,6.949678723495007,6.0601843117229945,11.758924252106233,11.06794529145465,3.1056816267807994,0.0,0.0,3.7309147711472432,5.916231794340752,True
D3,24,14,Theta,h1_12,1,ARIMA,8.671362161636353,4.402890920639038,12.179193824614776,11.44886046869497,19.317036800400636,17.333522787854427,5.626816384864108,0.0,0.0,5.439984154766948,8.229321153382218,True
D3,24,15,Theta,h1,1,ARIMA,8.671362161636353,4.402890920639038,1.0017860680653052,0.8262111917716061,2.306755029394467,2.280452799570932,0.3126139437480567,1.0,1.0,2.087801061083124,3.2843547305937864,True
D3,24,15,Theta,h1_6,1,ARIMA,8.671362161636353,4.402890920639038,5.065977374369641,4.594466903599656,11.073230544245199,10.387355486562154,2.1227397821204703,0.16666666666666666,0.16666666666666666,3.735064733823872,5.922814211343741,True
D3,24,15,Theta,h1_12,1,ARIMA,8.671362161636353,4.402890920639038,6.384528642994633,5.624874094039228,13.843803018078473,12.843485818636417,2.564789300930067,0.08333333333333333,0.16666666666666666,5.4460369607919095,8.238477710192774,True
D3,24,16,Theta,h1,1,ARIMA,8.671362161636353,4.402890920639038,1.0955108377967204,0.8164005446515419,3.6539123205274056,3.5883546541218183,0.33759510084283345,0.0,1.0,1.9872581408048797,3.1261897662995586,True
D3,24,16,Theta,h1_6,1,ARIMA,8.671362161636353,4.402890920639038,1.8128512650143318,1.5432861685315822,6.528604493433784,6.661046267787634,0.6271093389788476,0.3333333333333333,1.0,3.5551942974409543,5.637589809150507,True
D3,24,16,Theta,h1_12,1,ARIMA,8.671362161636353,4.402890920639038,2.8648566633354307,2.3597271006842635,11.417770889852784,12.228923147367926,0.9255582614567666,0.3333333333333333,0.9166666666666666,5.1837678746335465,7.841735591719441,True
D3,24,17,Theta,h1,1,ARIMA,8.671362161636353,4.402890920639038,2.0306978433752008,1.6469176435266863,2.746974620601481,2.785229392875391,0.8094077284075443,0.0,0.0,1.8941790777631586,2.979766855561744,True
D3,24,17,Theta,h1_6,1,ARIMA,8.671362161636353,4.402890920639038,5.412010744468366,4.716044513124114,7.524677583269522,7.870536657955024,2.21780358380155,0.0,0.0,3.363394562256241,5.341667112574186,True
D3,24,17,Theta,h1_12,1,ARIMA,8.671362161636353,4.402890920639038,6.761705828901268,5.744865953156434,9.462703124889941,9.985144964229264,2.640120068674993,0.0,0.0,4.900888882308269,7.421920415833447,True
D3,24,18,Theta,h1,1,ARIMA,8.671362161636353,4.402890920639038,0.8535809695897619,0.7415216605942329,1.4833572951691,1.494441246797292,0.30555390427167545,0.0,1.0,1.1596460592288762,1.8242666086715678,True
D3,24,18,Theta,h1_6,1,ARIMA,8.671362161636353,4.402890920639038,2.141185948853156,1.9642884809802788,3.6725193391999276,3.749083553432101,0.774974290714522,0.0,0.16666666666666666,2.074605639461999,3.2897800095532306,True
D3,24,18,Theta,h1_12,1,ARIMA,8.671362161636353,4.402890920639038,6.089100364604079,6.538169595535366,10.633740214114097,11.59914005053352,2.5829654675912654,0.0,0.08333333333333333,3.024951693334892,4.5759907498046966,True
D3,24,19,Theta,h1,1,ARIMA,8.671362161636353,4.402890920639038,2.2637065090475215,1.6585657353548091,4.821401837170523,4.707908249747704,0.8501908623593122,0.0,0.0,2.1125079916762095,3.3232257906497367,True
D3,24,19,Theta,h1_6,1,ARIMA,8.671362161636353,4.402890920639038,1.6061131369120791,1.283812769372768,3.4575358786257615,3.38835741704779,0.6354547536753178,0.6666666666666666,0.6666666666666666,3.779269611917167,5.992915033576054,True
D3,24,19,Theta,h1_12,1,ARIMA,8.671362161636353,4.402890920639038,2.486268852954705,2.1032418320602826,5.368545491945656,5.185125810915544,0.8824613466442214,0.5833333333333334,0.8333333333333334,5.510489992767515,8.33597955572423,True
D3,24,20,Theta,h1,1,ARIMA,8.671362161636353,4.402890920639038,0.05425075037300206,0.04826405696446753,0.10403948831389205,0.10409363755783328,0.14064852020809426,1.0,1.0,1.8257693363866367,2.87214542307829,True
D3,24,20,Theta,h1_6,1,ARIMA,8.671362161636353,4.402890920639038,1.1531825783892113,1.1960591263513858,2.2152218677785043,2.249148512165605,0.3718511892911629,0.8333333333333334,1.0,3.2662882651896066,5.179459079760079,True
D3,24,20,Theta,h1_12,1,ARIMA,8.671362161636353,4.402890920639038,3.085639714335375,3.6286693266790913,6.037941110370748,6.387960916820439,0.9703053140478256,0.5833333333333334,0.8333333333333334,4.762518748465994,7.204487677534635,True
D3,24,21,Theta,h1,1,ARIMA,8.671362161636353,4.402890920639038,0.8045298610985789,0.6809234949496558,1.4013138021387532,1.3915637149372677,0.2548949746560805,0.0,1.0,1.302822625490017,2.049485519255149,True
D3,24,21,Theta,h1_6,1,ARIMA,8.671362161636353,4.402890920639038,5.614083301788592,5.5631194756082,9.024819019957421,8.514259104591948,2.573083258387139,0.0,0.16666666666666666,2.3307392609675475,3.695927732166404,True
D3,24,21,Theta,h1_12,1,ARIMA,8.671362161636353,4.402890920639038,9.377219248596955,8.806295611482502,14.319380357874623,13.185972542990665,4.3930263396889035,0.0,0.08333333333333333,3.398413082024216,5.140937460979078,True
D3,24,22,Theta,h1,1,ARIMA,8.671362161636353,4.402890920639038,0.9892082789284781,0.8372376215736987,2.287878522171164,2.2620025864974487,0.3077356955328512,1.0,1.0,2.0036319267373055,3.15195380251363,True
D3,24,22,Theta,h1_6,1,ARIMA,8.671362161636353,4.402890920639038,1.537121836522915,1.557746314348791,3.64168689464253,3.6827894903628167,0.5520738495848779,0.6666666666666666,1.0,3.5844948870965965,5.684051994601227,True
D3,24,22,Theta,h1_12,1,ARIMA,8.671362161636353,4.402890920639038,5.575361919194414,5.966206281913322,14.696006537119674,16.739365544879263,2.2012762339805834,0.3333333333333333,0.5,5.226490481736807,7.9063608271923895,True
D3,24,23,Theta,h1,1,ARIMA,8.671362161636353,4.402890920639038,1.605606154374681,1.3833638838710443,4.336896723371793,4.244849357033172,0.5885269091385973,0.0,0.0,1.6071004559929665,2.5281580885937824,True
D3,24,23,Theta,h1_6,1,ARIMA,8.671362161636353,4.402890920639038,5.826789101872871,5.762828993700226,15.01772825865837,13.70769792905584,2.5699981418349958,0.0,0.0,2.87509736997656,4.5591355815987376,True
D3,24,23,Theta,h1_12,1,ARIMA,8.671362161636353,4.402890920639038,11.024490456614073,10.756589605224807,27.12954631578081,23.228115942548392,4.954414495997988,0.0,0.0,4.192129808036843,6.3416351302964715,True
D3,24,24,Theta,h1,1,ARIMA,8.671362161636353,4.402890920639038,0.46930548674803835,0.3698802268244403,1.999943344809015,2.020144214697711,0.18782337176015465,1.0,1.0,1.79518043127753,2.824033884337925,True
D3,24,24,Theta,h1_6,1,ARIMA,8.671362161636353,4.402890920639038,1.1498057077990327,1.006542382796408,5.184783165022112,5.358536460625951,0.39329771358615667,0.8333333333333334,1.0,3.2115715985532116,5.092696432122758,True
D3,24,24,Theta,h1_12,1,ARIMA,8.671362161636353,4.402890920639038,2.218612539045305,2.6305091676385035,9.508559755198409,8.821875968726921,0.947508905530704,0.6666666666666666,0.8333333333333334,4.6827394234363675,7.083803335181246,True
D3,24,25,Theta,h1,1,ARIMA,8.671362161636353,4.402890920639038,1.9142074800823738,1.6845325666184097,5.86469609873469,5.697621991409275,0.7000363190304113,0.0,0.0,1.9280480423614508,3.0330462599984513,True
D3,24,25,Theta,h1_6,1,ARIMA,8.671362161636353,4.402890920639038,5.306240648192692,5.099833455028115,15.58978772288163,14.287483320683211,2.265366748802304,0.0,0.0,3.449263151668071,5.469612029387873,True
D3,24,25,Theta,h1_12,1,ARIMA,8.671362161636353,4.402890920639038,5.8040875915789085,5.375161177581174,17.375336143768923,15.870622817596312,2.3254094881487712,0.0,0.08333333333333333,5.029314357555868,7.6080848861563455,True
D3,24,26,Theta,h1,1,ARIMA,8.671362161636353,4.402890920639038,0.1701453083685957,0.1337207964967684,0.3335975311808422,0.33415489742490684,0.16394900517497288,1.0,1.0,2.0494442698006585,3.224016514842681,True
D3,24,26,Theta,h1_6,1,ARIMA,8.671362161636353,4.402890920639038,0.6553827955227203,0.6219904229714133,1.28649976337998,1.2961663312945177,0.33684299003153834,1.0,1.0,3.6664458559822743,5.814004325234831,True
D3,24,26,Theta,h1_12,1,ARIMA,8.671362161636353,4.402890920639038,1.0450733877470129,0.9555013742433347,2.0046509888774526,1.988969857495584,0.5411972318410242,1.0,1.0,5.345985482723136,8.087125123238824,True
D3,24,27,Theta,h1,1,ARIMA,8.671362161636353,4.402890920639038,0.8228012168994181,0.668244509894201,1.923273303832801,1.9419477854992404,0.2848451863037625,1.0,1.0,2.054313778359986,3.2316761862573786,True
D3,24,27,Theta,h1_6,1,ARIMA,8.671362161636353,4.402890920639038,1.7484421096702782,1.9104268986959756,3.9289248751094035,3.811806456583775,0.7316507999356741,0.6666666666666666,0.8333333333333334,3.6751623896465078,5.827822090283544,True
D3,24,27,Theta,h1_12,1,ARIMA,8.671362161636353,4.402890920639038,5.418212073309558,5.587213440115975,11.467967689029711,10.54013805450906,2.3813112439679074,0.3333333333333333,0.4166666666666667,5.358690155846883,8.106345887016948,True
D3,24,28,Theta,h1,1,ARIMA,8.671362161636353,4.402890920639038,1.2064683724866576,1.003179822328835,2.011951623907842,1.991913456341986,0.38738521374935275,0.0,1.0,1.838057707155528,2.8914878472275727,True
D3,24,28,Theta,h1_6,1,ARIMA,8.671362161636353,4.402890920639038,1.2774794706509993,1.2126806417095637,2.110029321555779,2.0817361362958655,0.4853646306066636,0.6666666666666666,1.0,3.2882841509880785,5.21434337707431,True
D3,24,28,Theta,h1_12,1,ARIMA,8.671362161636353,4.402890920639038,3.588159564414564,4.238600247550674,5.609532666491108,5.322100894227983,1.477996020435214,0.5,0.6666666666666666,4.794589822697303,7.253008436582017,True
D3,24,29,Theta,h1,1,ARIMA,8.671362161636353,4.402890920639038,0.15880382148103017,0.14921946452756932,0.40926991233051185,0.4101091389873083,0.13962129305561527,1.0,1.0,1.7350880264332975,2.729500995749693,True
D3,24,29,Theta,h1_6,1,ARIMA,8.671362161636353,4.402890920639038,2.831957756274608,3.1128621945150825,6.945510063212872,6.634969113280414,1.1604648937428208,0.16666666666666666,0.5,3.104065260401156,4.922220796855513,True
D3,24,29,Theta,h1_12,1,ARIMA,8.671362161636353,4.402890920639038,5.1807134109563755,5.518580513472809,12.301317108704911,11.417822725426555,2.2154954250893018,0.08333333333333333,0.25,4.525986150563691,6.84667860315744,True
D3,24,30,Theta,h1,1,ARIMA,8.671362161636353,4.402890920639038,0.24156311231860353,0.19287772911424755,0.41530426608535065,0.41444366497477025,0.11189180298067555,1.0,1.0,1.306255662503861,2.054892545530627,True
D3,24,30,Theta,h1_6,1,ARIMA,8.671362161636353,4.402890920639038,2.5532281579521996,2.589005844330842,4.3961596184171645,4.558909070850977,0.9580355830205045,0.3333333333333333,0.5,2.3368911096117895,3.7056834661512057,True
D3,24,30,Theta,h1_12,1,ARIMA,8.671362161636353,4.402890920639038,5.5143687802677075,5.191490608104489,9.440588642672763,10.10688188927031,2.17420224540543,0.16666666666666666,0.25,3.407379885011722,5.15450802568745,True
D3,24,31,Theta,h1,1,ARIMA,8.671362161636353,4.402890920639038,0.12667980737289378,0.10619541153080544,0.2542766078687859,0.2539537353968243,0.13897436261622148,1.0,1.0,1.75017685288958,2.7532363487445166,True
D3,24,31,Theta,h1_6,1,ARIMA,8.671362161636353,4.402890920639038,0.8955702707552579,1.0607003043858045,1.730387646734087,1.7014274625665473,0.4045463137552088,0.6666666666666666,1.0,3.1310595681027436,4.965025066365785,True
D3,24,31,Theta,h1_12,1,ARIMA,8.671362161636353,4.402890920639038,3.501671780943494,4.074529494443398,6.31856310664604,5.972343425248838,1.451661384797641,0.3333333333333333,0.6666666666666666,4.565346801118398,6.906218698323713,True
D3,24,32,Theta,h1,1,ARIMA,8.671362161636353,4.402890920639038,0.3911488198950457,0.3385760922019044,0.46263273753603595,0.46370536394569767,0.15227377897099897,1.0,1.0,1.4262800127782906,2.2437060015145134,True
D3,24,32,Theta,h1_6,1,ARIMA,8.671362161636353,4.402890920639038,0.9614037022025083,0.9501937479046135,1.1249200373149484,1.1289652937853885,0.38148020049371234,0.5,0.8333333333333334,2.551612942681745,4.0461679162810205,True
D3,24,32,Theta,h1_12,1,ARIMA,8.671362161636353,4.402890920639038,2.160852273472066,2.685390788544782,2.401214090547284,2.3575297504902837,0.9391876146426935,0.5,0.6666666666666666,3.7204601660652257,5.628110572220839,True
D3,24,33,Theta,h1,1,ARIMA,8.671362161636353,4.402890920639038,0.2524135736790365,0.20673428184862963,0.5626639266154055,0.5642513460051118,0.16957952404488288,1.0,1.0,2.06350641760124,3.246146152025236,True
D3,24,33,Theta,h1_6,1,ARIMA,8.671362161636353,4.402890920639038,2.7199806352662157,2.5496472486398916,6.406337362130114,6.6911013922851525,0.9907406848747752,0.3333333333333333,0.5,3.691609177282433,5.853908968225386,True
D3,24,33,Theta,h1_12,1,ARIMA,8.671362161636353,4.402890920639038,2.7147875518024107,2.438396716281302,6.49214702388647,6.759508730272332,0.9392887814558805,0.5833333333333334,0.75,5.382673296654832,8.142627540565597,True
D3,24,34,Theta,h1,1,ARIMA,8.671362161636353,4.402890920639038,0.005769068031684551,0.004847261271970532,0.008925610135037954,0.008926008485396967,0.14037375468224375,1.0,1.0,1.8578509784235349,2.9226161572380525,True
D3,24,34,Theta,h1_6,1,ARIMA,8.671362161636353,4.402890920639038,1.1231496524873594,1.1257024282900376,1.742379539044326,1.7643495588545801,0.41777130451869365,0.8333333333333334,1.0,3.3236866316394917,5.270475223997868,True
D3,24,34,Theta,h1_12,1,ARIMA,8.671362161636353,4.402890920639038,2.3751995409870355,2.3480137674654613,3.683874334428733,3.7806885806330155,0.8164543429929896,0.5,1.0,4.846208279745921,7.331088563596883,True
D3,24,35,Theta,h1,1,ARIMA,8.671362161636353,4.402890920639038,2.0179077792915865,1.5951516653700422,3.847727599327036,3.923204714618269,0.7677637575949835,0.0,0.0,2.218408608716386,3.489818774715952,True
D3,24,35,Theta,h1_6,1,ARIMA,8.671362161636353,4.402890920639038,3.182031276818604,2.5733881833795413,6.131082931265169,6.335099114703397,1.0862768617333705,0.0,0.5,3.9687291731513095,6.293343006554792,True
D3,24,35,Theta,h1_12,1,ARIMA,8.671362161636353,4.402890920639038,3.1360108670058544,2.559927777521873,6.028430836706994,6.229664830878953,1.0052089276828835,0.5,0.75,5.786737125084059,8.753869948776309,True
D3,24,36,Theta,h1,1,ARIMA,8.671362161636353,4.402890920639038,1.6382909406238846,1.3426684237414144,6.381374666949976,6.184060627804213,0.5915391806341463,0.0,0.0,1.7070804901719652,2.6854461754995858,True
D3,24,36,Theta,h1_6,1,ARIMA,8.671362161636353,4.402890920639038,0.700994982421229,0.7114714519358795,2.8634419891440324,2.8146568201942417,0.35196611061816624,0.8333333333333334,0.8333333333333334,3.053963922012166,4.842771539823023,True
D3,24,36,Theta,h1_12,1,ARIMA,8.671362161636353,4.402890920639038,1.2363208063717295,1.5122100912736451,5.397735834917467,5.101131724674555,0.5365975673933592,0.8333333333333334,0.9166666666666666,4.452935179332393,6.736165375496506,True
D3,24,37,Theta,h1,1,ARIMA,8.671362161636353,4.402890920639038,0.10010489445275729,0.08356472496975387,0.2123532178251394,0.2121279875214347,0.1639074246889692,1.0,1.0,2.1005106417024777,3.304352260205555,True
D3,24,37,Theta,h1_6,1,ARIMA,8.671362161636353,4.402890920639038,3.639324412307171,3.6190753588754236,7.24360474710007,6.897198279270884,1.5490714534111787,0.16666666666666666,0.3333333333333333,3.75780466550007,5.9588767567784275,True
D3,24,37,Theta,h1_12,1,ARIMA,8.671362161636353,4.402890920639038,4.7653422689544085,4.356762603898175,9.343268771659742,8.853144711137695,2.0583505121992087,0.08333333333333333,0.25,5.479196875675667,8.288638492538215,True
D3,24,38,Theta,h1,1,ARIMA,8.671362161636353,4.402890920639038,0.9963686223830176,0.8573953031282521,3.075703446203256,3.123741965850334,0.34260315555048027,0.0,1.0,1.9715700398664695,3.101512339522965,True
D3,24,38,Theta,h1_6,1,ARIMA,8.671362161636353,4.402890920639038,2.1286707314846325,2.4525104314046793,6.249092081776119,5.970110777087251,0.8821012938936501,0.5,0.6666666666666666,3.5271287504340263,5.593086928657248,True
D3,24,38,Theta,h1_12,1,ARIMA,8.671362161636353,4.402890920639038,7.199271841579789,7.82936329995682,19.24366072594125,16.806551200703087,3.268235615034255,0.25,0.3333333333333333,5.142848857984481,7.779833320723691,True
D3,24,39,Theta,h1,1,ARIMA,8.671362161636353,4.402890920639038,0.43720787057911487,0.3195095174497858,0.5380806190622137,0.5366368496209356,0.19320727308188448,1.0,1.0,2.240750039036297,3.524970476465609,True
D3,24,39,Theta,h1_6,1,ARIMA,8.671362161636353,4.402890920639038,1.4619973021130988,1.4341306003160137,1.8047192926504436,1.834162105957376,0.5092937885845877,0.8333333333333334,1.0,4.00869333509194,6.356715767817752,True
D3,24,39,Theta,h1_12,1,ARIMA,8.671362161636353,4.402890920639038,6.863302256741501,6.564150858866914,8.816979554636069,9.551102563455732,2.7483755156408782,0.4166666666666667,0.5,5.845007078436041,8.842021271989852,True
D3,24,40,Theta,h1,1,ARIMA,8.671362161636353,4.402890920639038,1.930421864445984,1.5507521888800713,3.4980184683540334,3.5602882384070917,0.733872673174935,0.0,0.0,2.1277853807018206,3.3472568055683958,True
D3,24,40,Theta,h1_6,1,ARIMA,8.671362161636353,4.402890920639038,4.676858523449401,4.055673184304236,8.721767459523143,9.195636542235155,1.8066970494110683,0.0,0.0,3.8066009339128537,6.036250612190727,True
D3,24,40,Theta,h1_12,1,ARIMA,8.671362161636353,4.402890920639038,6.423390623675136,5.477250614771202,12.1326554585291,13.034669961079585,2.4381090773475016,0.0,0.0,5.550336894761775,8.396258137102853,True
D3,24,41,Theta,h1,1,ARIMA,8.671362161636353,4.402890920639038,1.5699225676400639,1.2462072424981974,3.98990164651448,4.0711184577021875,0.5596860052997197,0.0,1.0,2.2336606267907277,3.5138195841058812,True
D3,24,41,Theta,h1_6,1,ARIMA,8.671362161636353,4.402890920639038,4.577784741935089,3.882932179650074,12.153149608771361,13.073738420833312,1.7435185415004264,0.0,0.16666666666666666,3.996014128080268,6.33661385463943,True
D3,24,41,Theta,h1_12,1,ARIMA,8.671362161636353,4.402890920639038,3.596299804346608,3.209644105315297,9.336662000961327,9.847278857259614,1.3752562774822519,0.4166666666666667,0.5,5.826522669030447,8.81406097946134,True
D3,24,42,Theta,h1,1,ARIMA,8.671362161636353,4.402890920639038,0.5470787233758027,0.43611847610234167,0.8970844812574432,0.8930786462868114,0.21001934478317355,1.0,1.0,2.215420926072503,3.485123949627977,True
D3,24,42,Theta,h1_6,1,ARIMA,8.671362161636353,4.402890920639038,0.6834994243736188,0.697844644371781,1.1367123675145143,1.1461761883830217,0.3570680247203626,1.0,1.0,3.9633871783657617,6.284868874751989,True
D3,24,42,Theta,h1_12,1,ARIMA,8.671362161636353,4.402890920639038,2.9207659254443668,3.50522511496523,4.592547568169928,4.384627821120165,1.1277486461176556,0.75,0.8333333333333334,5.778947409333593,8.74208632835881,True
D3,24,43,Theta,h1,1,ARIMA,8.671362161636353,4.402890920639038,1.61448659699972,1.3781605120717844,3.900322794010035,3.9778982296977468,0.5930648444324356,0.0,0.0,1.9699526651344896,3.0989734173884473,True
D3,24,43,Theta,h1_6,1,ARIMA,8.671362161636353,4.402890920639038,4.1386314062553105,3.758256075886836,10.181273287435499,10.808615591403283,1.5233038687023466,0.0,0.0,3.52423987877255,5.588501355185424,True
D3,24,43,Theta,h1_12,1,ARIMA,8.671362161636353,4.402890920639038,3.678057785532727,3.4427872213347843,8.913516287380551,9.427207469010845,1.2772536503137226,0.3333333333333333,0.3333333333333333,5.138635632256387,7.773455571078491,True
D3,24,44,Theta,h1,1,ARIMA,8.671362161636353,4.402890920639038,1.558144577038441,1.268911551415324,2.5843030646626275,2.5513359382417176,0.509466462484577,0.0,1.0,2.167982780018815,3.410494001284265,True
D3,24,44,Theta,h1_6,1,ARIMA,8.671362161636353,4.402890920639038,4.501564681809856,3.864632504737144,7.218170486861873,6.9416039533448615,1.825175452902042,0.0,0.3333333333333333,3.878509838966661,6.150280330539341,True
D3,24,44,Theta,h1_12,1,ARIMA,8.671362161636353,4.402890920639038,3.7282491355951373,3.2401734665522377,5.985705376386897,5.789939443738977,1.4260048315766871,0.5,0.6666666666666666,5.6551943538664435,8.55487599175132,True
D3,24,45,Theta,h1,1,ARIMA,8.671362161636353,4.402890920639038,0.6050638287895498,0.5029554536865549,1.211985597484071,1.2046852913708588,0.21501558112881874,1.0,1.0,2.128401640527928,3.348229605945597,True
D3,24,45,Theta,h1_6,1,ARIMA,8.671362161636353,4.402890920639038,0.5416200544151376,0.5447911549049745,1.0963222971137192,1.1025360250958371,0.32413221159530625,1.0,1.0,3.807704378433866,6.038005177607692,True
D3,24,45,Theta,h1_12,1,ARIMA,8.671362161636353,4.402890920639038,1.48067969723236,1.5143007645874327,3.0435555861316925,3.114751095121618,0.5356193782857119,1.0,1.0,5.55195140000166,8.398701223331331,True
D3,24,46,Theta,h1,1,ARIMA,8.671362161636353,4.402890920639038,0.41517274740622206,0.32271978884234004,0.5790519382662215,0.5773802724368652,0.1738098618825959,1.0,1.0,1.950239482745464,3.0679520349411096,True
D3,24,46,Theta,h1_6,1,ARIMA,8.671362161636353,4.402890920639038,2.635628305268828,3.129639061162944,3.5020415619961236,3.367646048241942,1.1598607232251383,0.6666666666666666,0.6666666666666666,3.488964183855658,5.532569244536169,True
D3,24,46,Theta,h1_12,1,ARIMA,8.671362161636353,4.402890920639038,9.966517625241666,10.062236008464813,12.2767049855433,11.161761970730065,4.525305461694534,0.3333333333333333,0.3333333333333333,5.087200207347922,7.695649768072493,True
D3,24,47,Theta,h1,1,ARIMA,8.671362161636353,4.402890920639038,2.0251616559941614,1.5545005855229685,2.8257593777830556,2.866256128453585,0.8067230701923529,0.0,0.0,1.8934158871033437,2.978565223525901,True
D3,24,47,Theta,h1_6,1,ARIMA,8.671362161636353,4.402890920639038,4.633643129031679,3.7592370973166034,6.612291696830952,6.86817033636913,1.8531213529040995,0.0,0.0,3.2292642167687706,5.135767071787191,True
D3,24,47,Theta,h1_12,1,ARIMA,8.671362161636353,4.402890920639038,5.011628737007806,3.971782713745908,7.160746389039853,7.446380833800579,1.8155966377692945,0.0,0.08333333333333333,4.676677939841827,7.0984027592651815,True
D3,24,48,Theta,h1,1,ARIMA,8.671362161636353,4.402890920639038,0.2681146678396217,0.20116222412218446,0.4737328577363805,0.47261339526466445,0.1877408582533024,1.0,1.0,2.292850271937229,3.6069288826773906,True
D3,24,48,Theta,h1_6,1,ARIMA,8.671362161636353,4.402890920639038,1.9417860706427377,1.6303834671711157,3.3437459410426555,3.2753952059085942,0.7768477762587693,0.3333333333333333,0.8333333333333334,4.101903955133022,6.5045256111760015,True
D3,24,48,Theta,h1_12,1,ARIMA,8.671362161636353,4.402890920639038,1.3415837378326156,1.25771734639206,2.316609989589915,2.287666365616511,0.7053530839281226,0.6666666666666666,0.9166666666666666,5.980919005942607,9.047621287905656,True
D3,24,49,Theta,h1,1,ARIMA,8.671362161636353,4.402890920639038,1.562674812090722,1.2886550560690895,1.9668634051399922,1.9863982755207672,0.5609033050337978,0.0,1.0,2.056352656045184,3.2348929658519787,True
D3,24,49,Theta,h1_6,1,ARIMA,8.671362161636353,4.402890920639038,1.404325071014539,1.2946287297884025,1.7641012062511605,1.7838224808369791,0.5384065961024477,0.5,0.8333333333333334,3.678812133694878,5.833621193754704,True
D3,24,49,Theta,h1_12,1,ARIMA,8.671362161636353,4.402890920639038,2.39810928611977,2.3586397975373288,3.0174876442954526,3.084155864862201,0.7927610477360743,0.5833333333333334,0.9166666666666666,5.36401928737223,8.114406408955691,True
D3,24,50,Theta,h1,1,ARIMA,8.671362161636353,4.402890920639038,0.5960241821392648,0.49920572239707395,0.8467610325437549,0.85036129659144,0.22797227294636094,1.0,1.0,2.106855365342143,3.314331184094705,True
D3,24,50,Theta,h1_6,1,ARIMA,8.671362161636353,4.402890920639038,9.87732519743594,9.568470898698795,15.38322865128117,17.199914220775568,4.4171021438113,0.16666666666666666,0.16666666666666666,3.7691575413222065,5.976877602964887,True
D3,24,50,Theta,h1_12,1,ARIMA,8.671362161636353,4.402890920639038,16.185828884854377,15.034230717024258,26.537306068458882,31.963909965721133,7.273283625720602,0.08333333333333333,0.08333333333333333,5.495743688358282,8.313674586827615,True
D3,24,51,Theta,h1,1,ARIMA,8.671362161636353,4.402890920639038,2.0105468787770415,1.5228920897250644,3.3073677347536092,3.2535640706032742,0.7694539390907087,0.0,0.0,1.7686757060239182,2.7823311690157357,True
D3,24,51,Theta,h1_6,1,ARIMA,8.671362161636353,4.402890920639038,2.5052141754472714,2.1303459620694425,4.035955522410786,3.9363056173378346,1.0487419711700492,0.16666666666666666,0.3333333333333333,3.1641482811067987,5.017495803614634,True
D3,24,51,Theta,h1_12,1,ARIMA,8.671362161636353,4.402890920639038,3.5817423158720914,3.0224116505774696,5.873396630790602,5.995282398283274,1.284451641775502,0.16666666666666666,0.25,4.613590107268927,6.979198141641203,True
D3,24,52,Theta,h1,1,ARIMA,8.671362161636353,4.402890920639038,1.975070549099959,1.5100369601839505,4.80702905668765,4.694203200767229,0.6899991882980804,0.0,0.0,2.231568179226297,3.510522372889284,True
D3,24,52,Theta,h1_6,1,ARIMA,8.671362161636353,4.402890920639038,5.5712073531804345,4.643323926559275,13.089953719560418,12.161914920341326,2.3236962220515824,0.0,0.0,3.992268369139267,6.330668382992467,True
D3,24,52,Theta,h1_12,1,ARIMA,8.671362161636353,4.402890920639038,11.260060319275606,9.96622905630278,24.696140393290143,21.362126106089093,4.912169143214482,0.0,0.0,5.821060949916279,8.80578954981156,True
D3,24,53,Theta,h1,1,ARIMA,8.671362161636353,4.402890920639038,0.9475166139529645,0.7568348763546776,1.5351641148272013,1.547038907905491,0.3212002911445596,1.0,1.0,2.116779524335918,3.32995020184308,True
D3,24,53,Theta,h1_6,1,ARIMA,8.671362161636353,4.402890920639038,3.0636832766235425,2.882368950176234,5.061137907000818,5.249420015294802,1.0634134831620796,0.3333333333333333,0.5,3.786913130900688,6.005032653593922,True
D3,24,53,Theta,h1_12,1,ARIMA,8.671362161636353,4.402890920639038,4.1270596456003945,3.584330020861517,6.803169200677154,7.090572778934168,1.361357621515692,0.16666666666666666,0.5833333333333334,5.52163211492682,8.352837852056009,True
D3,24,54,Theta,h1,1,ARIMA,8.671362161636353,4.402890920639038,0.4201153043380347,0.3228192474818832,1.8920816020352837,1.8743494910958507,0.1827980958674139,1.0,1.0,2.102442150774982,3.3073939769612664,True
D3,24,54,Theta,h1_6,1,ARIMA,8.671362161636353,4.402890920639038,0.46364375673458186,0.5021325555944302,2.232854758522823,2.2781292129389232,0.32869538334096166,1.0,1.0,3.761262371630438,5.96435791020997,True
D3,24,54,Theta,h1_12,1,ARIMA,8.671362161636353,4.402890920639038,0.930865780730811,0.8996817400657036,4.904419550487631,4.969474006555289,0.4873040388452395,1.0,1.0,5.484234131904228,8.296261531960262,True
D3,24,55,Theta,h1,1,ARIMA,8.671362161636353,4.402890920639038,0.3222324175918844,0.2751909997447627,1.2573017965738895,1.2494471359302435,0.14191117012118748,1.0,1.0,1.6443448741091995,2.5867494636836996,True
D3,24,55,Theta,h1_6,1,ARIMA,8.671362161636353,4.402890920639038,0.9241938730972682,0.8806157483575264,3.733786711460025,3.715291471935473,0.35920475675310065,0.6666666666666666,1.0,2.9417276660855807,4.664792181725318,True
D3,24,55,Theta,h1_12,1,ARIMA,8.671362161636353,4.402890920639038,1.2202959735261947,1.3454258156955146,5.071711253107973,4.900536365529443,0.4876475688371344,0.75,1.0,4.289281317283751,6.488600428261591,True
D3,24,56,Theta,h1,1,ARIMA,8.671362161636353,4.402890920639038,1.5580709291043904,1.1374624004824099,2.6821387649864366,2.718597037489577,0.5511737725167798,0.0,1.0,2.4052101297722324,3.783683692743539,True
D3,24,56,Theta,h1_6,1,ARIMA,8.671362161636353,4.402890920639038,2.842771746913082,2.1458798996745903,4.9508384219988395,5.0859532089542165,0.9088831311975668,0.3333333333333333,0.6666666666666666,4.302916221709322,6.8232738698097,True
D3,24,56,Theta,h1_12,1,ARIMA,8.671362161636353,4.402890920639038,4.422031869837463,3.715423081060479,7.884654549569345,8.33297242537694,1.4856995677465215,0.3333333333333333,0.5833333333333334,6.2740099128787135,9.490988989920842,True
D3,24,57,Theta,h1,1,ARIMA,8.671362161636353,4.402890920639038,0.9707501621679969,0.8000332532159595,1.8051814730526348,1.8216232759961835,0.33230124403794864,0.0,1.0,1.986469508267028,3.124960831958489,True
D3,24,57,Theta,h1_6,1,ARIMA,8.671362161636353,4.402890920639038,1.8451635459707858,1.7771609159928425,3.487576813615233,3.572082705283915,0.7025502784150967,0.3333333333333333,0.6666666666666666,3.55378850160076,5.635360020805652,True
D3,24,57,Theta,h1_12,1,ARIMA,8.671362161636353,4.402890920639038,2.113165222074593,2.20105463704168,3.8800208508504164,3.84988101965496,0.8550614308484324,0.5,0.8333333333333334,5.181716273477103,7.83863033896812,True
D3,24,58,Theta,h1,1,ARIMA,8.671362161636353,4.402890920639038,0.7376794585030857,0.6043837253911885,2.231330021861273,2.2067105246452816,0.2347320058307165,1.0,1.0,1.8130638192183863,2.852165996618901,True
D3,24,58,Theta,h1_6,1,ARIMA,8.671362161636353,4.402890920639038,2.045172999463074,1.7674435597693285,6.0691716885784235,5.871972716809508,0.6930789439986264,0.3333333333333333,0.8333333333333334,3.2435655935683685,5.1434287621921815,True
D3,24,58,Theta,h1_12,1,ARIMA,8.671362161636353,4.402890920639038,2.728642792946046,2.418531352303439,8.02214087173959,7.667280962144167,0.8858880432948756,0.3333333333333333,0.9166666666666666,4.729387537530447,7.154368931001292,True
D3,24,59,Theta,h1,1,ARIMA,8.671362161636353,4.402890920639038,0.6399771700897466,0.5381901975917369,1.0779785786846885,1.0721995380144127,0.20892826815063942,1.0,1.0,1.8942607766789676,2.9798989902920527,True
D3,24,59,Theta,h1_6,1,ARIMA,8.671362161636353,4.402890920639038,5.4182122555974,5.263148690136276,8.553289319938367,8.099638001907952,2.3403249059835485,0.16666666666666666,0.16666666666666666,3.388822445788468,5.373772847920023,True
D3,24,59,Theta,h1_12,1,ARIMA,8.671362161636353,4.402890920639038,7.316941759552475,6.626973466052023,11.322267970789156,10.631173240602921,3.078063800801176,0.08333333333333333,0.08333333333333333,4.941188773308214,7.474771498164803,True
D3,24,60,Theta,h1,1,ARIMA,8.671362161636353,4.402890920639038,2.0378872076811083,1.660040827851913,3.468556564048929,3.5297726444260507,0.8124728117000075,0.0,0.0,1.8990711267564726,2.987463629015402,True
D3,24,60,Theta,h1_6,1,ARIMA,8.671362161636353,4.402890920639038,4.647852561652339,3.959820685296661,8.106356291340425,8.48539185517901,1.8596413745746694,0.0,0.0,3.3974270662895454,5.387412958396335,True
D3,24,60,Theta,h1_12,1,ARIMA,8.671362161636353,4.402890920639038,5.488812838494514,4.672011459232319,9.63008742240417,10.170209497354445,2.0984218521893228,0.0,0.08333333333333333,4.953730589989575,7.493745262960802,True
D3,24,61,Theta,h1,1,ARIMA,8.671362161636353,4.402890920639038,1.7752846896433037,1.4788056093058317,2.964192271323269,3.008785362917421,0.7246935278916211,0.0,0.0,1.498763265088798,2.3577201695793155,True
D3,24,61,Theta,h1_6,1,ARIMA,8.671362161636353,4.402890920639038,2.794321455586819,2.4161368251743647,4.618620660104708,4.736402895877614,1.0317907992508353,0.0,0.0,2.68127243558529,4.251780726720155,True
D3,24,61,Theta,h1_12,1,ARIMA,8.671362161636353,4.402890920639038,5.803552752758887,5.623194614850103,9.677985439334186,10.369894877930491,2.3698812704471113,0.0,0.0,3.9095165996475614,5.914112038784074,True
D3,24,62,Theta,h1,1,ARIMA,8.671362161636353,4.402890920639038,2.268558106722097,1.7378810020815485,5.3175941410920355,5.4628399701880115,0.8886888782933517,0.0,0.0,2.2588782855052,3.553490419075911,True
D3,24,62,Theta,h1_6,1,ARIMA,8.671362161636353,4.402890920639038,3.3906170952586505,2.687720175486221,8.063448306861217,8.430246921810495,1.168821950454558,0.16666666666666666,0.3333333333333333,4.0411263484711135,6.408150818719519,True
D3,24,62,Theta,h1_12,1,ARIMA,8.671362161636353,4.402890920639038,3.6228496467244895,3.097128051947416,8.685798948370664,9.19356278195637,1.132178929742861,0.4166666666666667,0.6666666666666666,5.892299900053514,8.913564511422093,True
D3,24,63,Theta,h1,1,ARIMA,8.671362161636353,4.402890920639038,0.4880413593979295,0.40089814045179584,3.653220463139853,3.7211921394962677,0.18478414344144087,1.0,1.0,1.6942602680698549,2.665272067094655,True
D3,24,63,Theta,h1_6,1,ARIMA,8.671362161636353,4.402890920639038,0.659179279162938,0.7017578714873615,5.120455691916283,4.955804486650138,0.32733720912479847,1.0,1.0,3.031024610666977,4.806395958784211,True
D3,24,63,Theta,h1_12,1,ARIMA,8.671362161636353,4.402890920639038,0.9977565309162005,0.9262657606730059,8.403758829799205,7.994760881255266,0.4781298980729945,1.0,1.0,4.4194866923657115,6.68556691258471,True
D3,24,64,Theta,h1,1,ARIMA,8.671362161636353,4.402890920639038,0.6577662984232263,0.504708275167911,1.113469380219225,1.1073046312120773,0.21213551143832912,1.0,1.0,1.7888024246212635,2.814002144152588,True
D3,24,64,Theta,h1_6,1,ARIMA,8.671362161636353,4.402890920639038,0.506626451026364,0.4267996492389026,0.847539625520448,0.8458670397072408,0.28733162775459664,1.0,1.0,3.200163995290686,5.074609200504505,True
D3,24,64,Theta,h1_12,1,ARIMA,8.671362161636353,4.402890920639038,0.4843995074827615,0.40924172871704917,0.7950324419979995,0.7927698202787958,0.3839350122627809,1.0,1.0,4.666105825953449,7.058641543902372,True
D3,24,65,Theta,h1,1,ARIMA,8.671362161636353,4.402890920639038,0.28806521451485834,0.22733715759908243,0.8978698505943173,0.9019188794419812,0.1671282287453567,1.0,1.0,1.9509679949415937,3.06910789898779,True
D3,24,65,Theta,h1_6,1,ARIMA,8.671362161636353,4.402890920639038,0.5918535329325404,0.5206358104670121,1.8426387423385155,1.851412721309657,0.30668487129262223,1.0,1.0,3.490277779754412,5.534644113893461,True
D3,24,65,Theta,h1_12,1,ARIMA,8.671362161636353,4.402890920639038,1.1499097907706881,1.171890586044651,3.471407552699448,3.3910523533610357,0.5310745679412493,1.0,1.0,5.089114082432441,7.698540835263343,True
D3,24,66,Theta,h1,1,ARIMA,8.671362161636353,4.402890920639038,0.17110316423271194,0.1485693266709552,0.27443339782355475,0.27405734538109755,0.15141767930876338,1.0,1.0,1.8825045196291166,2.9614117523549273,True
D3,24,66,Theta,h1_6,1,ARIMA,8.671362161636353,4.402890920639038,5.64375567069901,5.932910865983777,8.360298942032717,7.8869653203305194,2.5431244726127598,0.16666666666666666,0.3333333333333333,3.3678017503888267,5.340438664397335,True
D3,24,66,Theta,h1_12,1,ARIMA,8.671362161636353,4.402890920639038,6.139835693738286,5.896527839271038,9.038204945895224,8.569723526947888,2.6849108846884615,0.08333333333333333,0.16666666666666666,4.910540386367947,7.428403645316663,True
D3,24,67,Theta,h1,1,ARIMA,8.671362161636353,4.402890920639038,1.3694878280021168,1.1294154352853447,2.0442327355426864,2.023549702820173,0.44968476001077207,0.0,1.0,1.862688578626475,2.930224408066195,True
D3,24,67,Theta,h1_6,1,ARIMA,8.671362161636353,4.402890920639038,7.010992307200748,6.62559760083797,9.80787915352279,9.228912797164481,3.119359070602512,0.0,0.16666666666666666,3.3323329804957296,5.284193248460724,True
D3,24,67,Theta,h1_12,1,ARIMA,8.671362161636353,4.402890920639038,9.00339547290274,7.9817303697420705,12.395428207454113,11.577486525161683,3.9116424093895605,0.0,0.08333333333333333,4.858818183663596,7.350171418428426,True
D3,24,68,Theta,h1,1,ARIMA,8.671362161636353,4.402890920639038,1.5763920681110237,1.233544332067752,6.890963048605038,7.136862321300348,0.5649544286407999,0.0,1.0,2.11272834205448,3.3235729003777537,True
D3,24,68,Theta,h1_6,1,ARIMA,8.671362161636353,4.402890920639038,5.1589925988642245,4.384822613396782,25.575790726586344,30.37383524479771,2.0056430315240825,0.0,0.16666666666666666,3.7796619321986293,5.993535164999671,True
D3,24,68,Theta,h1_12,1,ARIMA,8.671362161636353,4.402890920639038,6.072163534415456,4.973723487825314,31.076159449447637,37.65857791139609,2.1510383813374037,0.0,0.25,5.511061633339571,8.336845794839073,True
D3,24,69,Theta,h1,1,ARIMA,8.671362161636353,4.402890920639038,0.745320086307723,0.6400431803253723,1.360845906480873,1.3701688498332891,0.26124639533653504,1.0,1.0,1.9784979775013776,3.112414734881478,True
D3,24,69,Theta,h1_6,1,ARIMA,8.671362161636353,4.402890920639038,3.677597933605518,3.683854120829086,6.953026466594518,7.306597342875882,1.4232802701637126,0.16666666666666666,0.3333333333333333,3.5395233075469585,5.6127418731494565,True
D3,24,69,Theta,h1_12,1,ARIMA,8.671362161636353,4.402890920639038,5.838552488738168,5.532650193522576,11.203573583542541,12.03575536029063,2.3905004353971346,0.08333333333333333,0.16666666666666666,5.160921121906,7.807170744385045,True
D3,24,70,Theta,h1,1,ARIMA,8.671362161636353,4.402890920639038,0.904804729451239,0.7736434564012749,1.6586530365776866,1.6725237193065667,0.3140961714948061,0.0,1.0,1.659581269198953,2.610712933082406,True
D3,24,70,Theta,h1_6,1,ARIMA,8.671362161636353,4.402890920639038,3.892567895793955,3.5663805388787777,7.233081708129656,7.5477458978673235,1.5233771860370142,0.0,0.16666666666666666,2.9689748434103262,4.70800156299443,True
D3,24,70,Theta,h1_12,1,ARIMA,8.671362161636353,4.402890920639038,3.6086632564540766,3.255800522990867,6.57629964823432,6.82934113845742,1.2533580647400566,0.3333333333333333,0.5,4.329012361140245,6.548702649419112,True
D3,24,71,Theta,h1,1,ARIMA,8.671362161636353,4.402890920639038,1.5536594998562459,1.214977950585776,3.116045209635832,3.1653622693161556,0.5900736427091529,0.0,0.0,1.7177295022874248,2.7021908353417907,True
D3,24,71,Theta,h1_6,1,ARIMA,8.671362161636353,4.402890920639038,1.1112514555080883,0.965070992240552,2.2384839545093738,2.2527697149821964,0.42825982082122965,0.8333333333333334,0.8333333333333334,3.0730123334108654,4.8729821194729555,True
D3,24,71,Theta,h1_12,1,ARIMA,8.671362161636353,4.402890920639038,2.9122856723200132,2.7758024764342575,5.781544038432415,5.5687187490212615,1.10275676823491,0.4166666666666667,0.5,4.480708842271759,6.778182078994699,True
D3,24,72,Theta,h1,1,ARIMA,8.671362161636353,4.402890920639038,0.7626067841127433,0.6480557135967553,1.1188428815543139,1.1251371399533598,0.26438249855267326,1.0,1.0,1.9177070992014809,3.016781992040772,True
D3,24,72,Theta,h1_6,1,ARIMA,8.671362161636353,4.402890920639038,2.3992371446887235,2.4696590204163744,3.5485204536763986,3.644621487348871,0.8056568469987874,0.5,0.6666666666666666,3.430771677570791,5.440283379123328,True
D3,24,72,Theta,h1_12,1,ARIMA,8.671362161636353,4.402890920639038,3.5652325617084553,3.3792610900671565,5.25204457764715,5.430700689435717,1.1575179173645576,0.3333333333333333,0.6666666666666666,5.002351217923701,7.567289357110945,True
D3,24,73,Theta,h1,1,ARIMA,8.671362161636353,4.402890920639038,2.3661990155506394,1.834757126870235,4.0971438415701815,4.014895813290339,0.8887195007648562,0.0,0.0,2.207893321794714,3.4732730047468263,True
D3,24,73,Theta,h1_6,1,ARIMA,8.671362161636353,4.402890920639038,5.25035997023011,4.30467476999315,8.804716114492136,8.396563798815256,2.199550894160912,0.0,0.0,3.9499109249032855,6.263502492137108,True
D3,24,73,Theta,h1_12,1,ARIMA,8.671362161636353,4.402890920639038,10.25881613271471,8.99049124135609,16.19208247312446,14.727517593157533,4.530120671374956,0.0,0.0,5.759296503992966,8.712361698743926,True
D3,24,74,Theta,h1,1,ARIMA,8.671362161636353,4.402890920639038,2.0791412465227266,1.8032825976058895,3.4256789268978585,3.367990653853386,0.8196096811623518,0.0,0.0,1.6497391468189748,2.5952366473299855,True
D3,24,74,Theta,h1_6,1,ARIMA,8.671362161636353,4.402890920639038,6.130381841008526,5.810430096933761,9.529608102430132,9.02658907697329,2.7555246332476537,0.0,0.0,2.9513748757750924,4.680100285986333,True
D3,24,74,Theta,h1_12,1,ARIMA,8.671362161636353,4.402890920639038,7.463389614305452,6.812453009824367,11.335222616588776,10.674695596961755,3.322486125850586,0.0,0.0,4.30335276242214,6.50989095697183,True
D3,24,75,Theta,h1,1,ARIMA,8.671362161636353,4.402890920639038,2.4265867985294585,1.860139891900718,8.972035749605457,8.586829062962217,0.9709649673094739,0.0,0.0,1.817494507513844,2.8591405772811873,True
D3,24,75,Theta,h1_6,1,ARIMA,8.671362161636353,4.402890920639038,3.100820066102996,2.3984254033318075,11.738597360829923,11.078610428051373,1.216356575956774,0.0,0.3333333333333333,3.2514932936977394,5.156005955616116,True
D3,24,75,Theta,h1_12,1,ARIMA,8.671362161636353,4.402890920639038,5.097849465106668,4.5204264397838845,19.303502382792615,17.185223422171276,2.0733768238924464,0.0,0.3333333333333333,4.740950066836981,7.171863735289651,True
D3,24,76,Theta,h1,1,ARIMA,8.671362161636353,4.402890920639038,0.7306776171646702,0.6268789661841868,1.653125421826828,1.666903423956189,0.2567415259815345,1.0,1.0,1.962538037427819,3.0873051616109377,True
D3,24,76,Theta,h1_6,1,ARIMA,8.671362161636353,4.402890920639038,1.1517391666287726,1.021109387723935,2.589459793494946,2.6258449873862286,0.3918763036391089,0.8333333333333334,1.0,3.510971160794153,5.567466493270898,True
D3,24,76,Theta,h1_12,1,ARIMA,8.671362161636353,4.402890920639038,2.6865662724668993,2.9285860820541085,6.096279361780564,6.4189741576399335,0.7975648366481852,0.6666666666666666,1.0,5.119288183623399,7.744193577641347,True
D3,24,77,Theta,h1,1,ARIMA,8.671362161636353,4.402890920639038,2.736837315117658,2.286615233020224,7.387088240940577,7.670397766668027,1.1379256431459461,0.0,0.0,2.1200095513883284,3.335028297360473,True
D3,24,77,Theta,h1_6,1,ARIMA,8.671362161636353,4.402890920639038,4.236831077444818,3.639504047869352,11.64839129876759,12.419624215913467,1.5482716748205192,0.0,0.0,3.79269037085401,6.014191724905507,True
D3,24,77,Theta,h1_12,1,ARIMA,8.671362161636353,4.402890920639038,4.968807652183314,4.326622323986861,13.759055083446134,14.889187009637727,1.6871216379211393,0.16666666666666666,0.25,5.530057040826013,8.36557964697529,True
D3,24,78,Theta,h1,1,ARIMA,8.671362161636353,4.402890920639038,0.7957360352406935,0.6544856622332853,1.3370518170867474,1.3460505135116536,0.27912637572129184,1.0,1.0,2.1199684845837234,3.3349643296519345,True
D3,24,78,Theta,h1_6,1,ARIMA,8.671362161636353,4.402890920639038,0.8174677846747147,0.6837029149636882,1.3539122474470588,1.3509870252673943,0.38582427647198364,1.0,1.0,3.7926204230348595,6.014082333079879,True
D3,24,78,Theta,h1_12,1,ARIMA,8.671362161636353,4.402890920639038,1.9390035551292313,1.8945495307958493,3.1182359663103316,3.0554900532363756,0.8235973976060358,0.6666666666666666,1.0,5.529958003117368,8.365424343152293,True
D3,24,79,Theta,h1,1,ARIMA,8.671362161636353,4.402890920639038,4.587731834653345,3.962075146828566,6.690631783116924,6.4740542185167715,2.0241527648304447,0.0,0.0,2.0228950812454465,3.1822462553573536,True
D3,24,79,Theta,h1_6,1,ARIMA,8.671362161636353,4.402890920639038,10.574918999714287,9.826398746723344,14.61313748622729,13.499468305438647,4.88474301165556,0.0,0.0,3.618947759773433,5.738680694325071,True
D3,24,79,Theta,h1_12,1,ARIMA,8.671362161636353,4.402890920639038,13.143234219852411,11.9344278860496,17.87155011762281,16.29015590267649,5.981197472992277,0.0,0.0,5.276724101311399,7.982354235848454,True
D3,24,80,Theta,h1,1,ARIMA,8.671362161636353,4.402890920639038,0.9261281181222167,0.7567859830603723,2.157997220478704,2.1349610207358127,0.2888963892008935,1.0,1.0,1.9235721326138127,3.0260073375208347,True
D3,24,80,Theta,h1_6,1,ARIMA,8.671362161636353,4.402890920639038,2.5253037743872544,2.3463763056783598,5.8009162101311595,5.593481882302634,0.9361639323465294,0.3333333333333333,0.5,3.4412623538990528,5.456924609246337,True
D3,24,80,Theta,h1_12,1,ARIMA,8.671362161636353,4.402890920639038,4.9244370250452345,4.584700236491705,11.075074994083732,10.344248361514635,1.9367776703454986,0.16666666666666666,0.25,5.017648065845988,7.5904345990056745,True
D3,24,81,Theta,h1,1,ARIMA,8.671362161636353,4.402890920639038,0.45592587088468023,0.38011312792878166,1.050088229327973,1.0556307564874936,0.17708395183430323,1.0,1.0,1.6558114675056308,2.6047866338984043,True
D3,24,81,Theta,h1_6,1,ARIMA,8.671362161636353,4.402890920639038,0.6525022079902345,0.6234475861312369,1.4899233967112986,1.502149031371675,0.3036149852137904,0.8333333333333334,1.0,2.9622393249057084,4.697325043509322,True
D3,24,81,Theta,h1_12,1,ARIMA,8.671362161636353,4.402890920639038,1.1239065293193793,1.174682980497029,2.5074286053243426,2.5383255661013866,0.45785837109781863,0.9166666666666666,1.0,4.319197804351525,6.533853630546218,True
D3,24,82,Theta,h1,1,ARIMA,8.671362161636353,4.402890920639038,2.074580943347726,1.5969424504986256,2.269404732045898,2.2439426615728326,0.7845243120427804,0.0,0.0,1.8957742910039423,2.9822787102353367,True
D3,24,82,Theta,h1_6,1,ARIMA,8.671362161636353,4.402890920639038,3.365479865381104,2.6866897625874735,3.641156674289201,3.5714688309361873,1.300350367483784,0.0,0.16666666666666666,3.3915336332542187,5.378068253340851,True
D3,24,82,Theta,h1_12,1,ARIMA,8.671362161636353,4.402890920639038,5.329676440013837,4.636261848793984,5.647603534927651,5.454834726351676,2.1015704125003527,0.08333333333333333,0.25,4.945137490550451,7.480749094855943,True
D3,24,83,Theta,h1,1,ARIMA,8.671362161636353,4.402890920639038,0.2131201098613537,0.17820513196837667,0.8654427715750899,0.8692040031829841,0.15711613449165293,1.0,1.0,1.9271368393047854,3.031613876072225,True
D3,24,83,Theta,h1_6,1,ARIMA,8.671362161636353,4.402890920639038,0.9464246803787653,0.9608484067002002,4.11692168944557,4.247338442012501,0.3861414476792363,1.0,1.0,3.4476400380168006,5.467035236228363,True
D3,24,83,Theta,h1_12,1,ARIMA,8.671362161636353,4.402890920639038,2.841478938915051,3.095481348326562,11.773609960726889,10.86294144568822,0.9370773435021392,0.6666666666666666,0.8333333333333334,5.026946654661624,7.604500896365855,True
D3,24,84,Theta,h1,1,ARIMA,8.671362161636353,4.402890920639038,1.5310958404159154,1.3256988996223993,5.679732898433266,5.522890192820286,0.5158597963172935,0.0,0.0,1.8727046614696947,2.9459815333972434,True
D3,24,84,Theta,h1_6,1,ARIMA,8.671362161636353,4.402890920639038,1.5457774868600236,1.4406587878557782,5.863141079396859,5.671696613965005,0.548056570415821,0.5,0.6666666666666666,3.350256467047371,5.312611331726779,True
D3,24,84,Theta,h1_12,1,ARIMA,8.671362161636353,4.402890920639038,1.7002577219666848,1.589720702533932,6.636899424135721,6.391961882338632,0.6136257067706176,0.75,0.8333333333333334,4.884952922051404,7.389700507799012,True
D3,24,85,Theta,h1,1,ARIMA,8.671362161636353,4.402890920639038,1.3771305972173953,1.172400213626764,2.159701830125089,2.183277977341773,0.4937978662537904,0.0,1.0,1.8344716952984124,2.8858373483927813,True
D3,24,85,Theta,h1_6,1,ARIMA,8.671362161636353,4.402890920639038,1.2636045996404726,1.1533480428022063,1.9388356896949535,1.931052732563741,0.4719839191617085,0.8333333333333334,1.0,3.2818621553175475,5.204160389713313,True
D3,24,85,Theta,h1_12,1,ARIMA,8.671362161636353,4.402890920639038,3.3051501948354374,3.6995002844188085,4.829811362940386,4.651302516858619,1.3109555848711798,0.5833333333333334,0.75,4.785230753527431,7.238847500607373,True
D3,24,86,Theta,h1,1,ARIMA,8.671362161636353,4.402890920639038,1.2780329266606223,0.9927894725361844,3.489642426299829,3.4297985732258707,0.40444179873033737,0.0,1.0,2.080151473455941,3.272326266628147,True
D3,24,86,Theta,h1_6,1,ARIMA,8.671362161636353,4.402890920639038,1.86272188710735,1.573677449370887,5.116406592173958,4.967738869139996,0.716819928263633,0.5,0.6666666666666666,3.7213841440778936,5.901121931223953,True
D3,24,86,Theta,h1_12,1,ARIMA,8.671362161636353,4.402890920639038,1.4567641013275707,1.3203803081665992,4.136421247033197,4.055033218346706,0.6655211330502273,0.75,0.8333333333333334,5.426087526524272,8.208303844952786,True
D3,24,87,Theta,h1,1,ARIMA,8.671362161636353,4.402890920639038,1.2967064431737207,1.0332656185216131,2.1012554177055236,2.1235661925401805,0.45937957703984994,0.0,1.0,1.9724810269181972,3.1029429404348874,True
D3,24,87,Theta,h1_6,1,ARIMA,8.671362161636353,4.402890920639038,7.225175252552649,6.618067749399656,12.791604305143412,14.012998812024142,3.1797626841099857,0.0,0.16666666666666666,3.5287535586523235,5.595660398381875,True
D3,24,87,Theta,h1_12,1,ARIMA,8.671362161636353,4.402890920639038,9.484944555900368,8.125872972210622,17.29398475066197,19.25215984496024,4.2175866497301575,0.0,0.08333333333333333,5.145216573110613,7.783410242792698,True
D3,24,88,Theta,h1,1,ARIMA,8.671362161636353,4.402890920639038,0.9433173810713028,0.7902618685502912,2.0652747625347567,2.0441659408939503,0.29586906606206476,1.0,1.0,2.0571742529065715,3.2361796767249795,True
D3,24,88,Theta,h1_6,1,ARIMA,8.671362161636353,4.402890920639038,2.856609106580546,2.7807548761761276,6.596508890952959,6.90267469180654,0.9825926681841922,0.3333333333333333,0.5,3.6802781456909384,5.835936876847523,True
D3,24,88,Theta,h1_12,1,ARIMA,8.671362161636353,4.402890920639038,4.394171576352701,4.048473089609945,10.33080041110618,11.025852180568902,1.4990846177096184,0.16666666666666666,0.25,5.366151384843013,8.117632092949588,True
D3,24,89,Theta,h1,1,ARIMA,8.671362161636353,4.402890920639038,2.5498462349026227,2.0893852940949578,4.911198625100918,5.0348339735433045,1.066866602213462,0.0,0.0,1.9136489435115747,3.0104003383803684,True
D3,24,89,Theta,h1_6,1,ARIMA,8.671362161636353,4.402890920639038,4.607301595223097,3.916454421898388,8.965510758151963,9.423573156254662,1.8433760062540958,0.0,0.16666666666666666,3.4235121343391346,5.4287770896396275,True
D3,24,89,Theta,h1_12,1,ARIMA,8.671362161636353,4.402890920639038,2.9533156887642864,2.8906066555278245,5.640288902741202,5.857120625665301,1.234312966105615,0.5,0.5833333333333334,4.991766476510333,7.551279888506919,True
D3,24,90,Theta,h1,1,ARIMA,8.671362161636353,4.402890920639038,1.1794457447296582,0.822413145436111,2.219793456027192,2.195426489256985,0.3840363320580969,0.0,1.0,1.6771854418020342,2.638413503135562,True
D3,24,90,Theta,h1_6,1,ARIMA,8.671362161636353,4.402890920639038,6.058405488551214,4.80677620915095,10.890162040956424,10.182911651583442,2.662049859836616,0.0,0.16666666666666666,3.000477315203603,4.7579595237648284,True
D3,24,90,Theta,h1_12,1,ARIMA,8.671362161636353,4.402890920639038,7.165754131854268,5.359334328576505,12.996657696518584,12.10089738727642,2.970945247241841,0.0,0.08333333333333333,4.374944252643807,6.618188800485696,True
D3,24,91,Theta,h1,1,ARIMA,8.671362161636353,4.402890920639038,0.939626061396223,0.7038550532259258,1.7113099273623578,1.6967912488185337,0.2937696090118677,1.0,1.0,1.9918752998386342,3.1334479779585105,True
D3,24,91,Theta,h1_6,1,ARIMA,8.671362161636353,4.402890920639038,2.1709640691361276,1.8172296210468186,3.9095955825414612,3.905435545298134,0.7775906971984899,0.5,0.6666666666666666,3.5634526700600544,5.650683474932985,True
D3,24,91,Theta,h1_12,1,ARIMA,8.671362161636353,4.402890920639038,5.4132493050584225,4.854157382125923,10.126401321766744,10.891027649272178,2.1341158021732816,0.25,0.3333333333333333,5.195810802454615,7.859944550390036,True
D3,24,92,Theta,h1,1,ARIMA,8.671362161636353,4.402890920639038,0.5124152226720725,0.40166070681997695,0.5567338692823778,0.55518840832863,0.1891050575787674,1.0,1.0,1.9332376613066842,3.041216200309975,True
D3,24,92,Theta,h1_6,1,ARIMA,8.671362161636353,4.402890920639038,0.783288962027606,1.0106617968763263,0.8549185272193394,0.8633989118006401,0.38905757845369776,0.8333333333333334,1.0,3.458559872029614,5.48435120383151,True
D3,24,92,Theta,h1_12,1,ARIMA,8.671362161636353,4.402890920639038,5.416607614977511,5.931210842844628,6.142533250995949,6.544016899855758,2.341074117093273,0.4166666666666667,0.5,5.042866015569831,7.628588980922982,True
D3,24,93,Theta,h1,1,ARIMA,8.671362161636353,4.402890920639038,1.4915254165552385,1.1918840992732935,2.9207704176638565,2.9640570686761403,0.5323555807845405,0.0,1.0,2.094968000094913,3.295626443582108,True
D3,24,93,Theta,h1_6,1,ARIMA,8.671362161636353,4.402890920639038,3.3625082832261213,2.858358043734978,6.702263172525699,6.968917003414653,1.14885406441991,0.16666666666666666,0.3333333333333333,3.747887664937797,5.943147183880325,True
D3,24,93,Theta,h1_12,1,ARIMA,8.671362161636353,4.402890920639038,3.96002976552884,3.694304971979928,7.4246278361305444,7.337581432115707,1.5827708179020832,0.25,0.4166666666666667,5.464730014269341,8.26675817859615,True
D3,24,94,Theta,h1,1,ARIMA,8.671362161636353,4.402890920639038,1.751743338622272,1.4612991696347213,4.064075011417047,4.148371475678958,0.676871385650287,0.0,0.0,1.8303513539125116,2.879362003593865,True
D3,24,94,Theta,h1_6,1,ARIMA,8.671362161636353,4.402890920639038,4.62547645852729,4.0285381695709255,11.172653193716698,11.902915276086096,1.828371391469482,0.0,0.0,3.274488942583308,5.19246737803285,True
D3,24,94,Theta,h1_12,1,ARIMA,8.671362161636353,4.402890920639038,3.646106723428558,3.282997232435813,8.731967058202189,9.208181846221187,1.3093565293674787,0.4166666666666667,0.5,4.774477319544586,7.222581224798055,True
D3,24,95,Theta,h1,1,ARIMA,8.671362161636353,4.402890920639038,1.4313359023310332,1.0960532151748374,2.32379345381374,2.3511109348112615,0.5057110318475441,0.0,1.0,2.2372121331858015,3.5194021185354054,True
D3,24,95,Theta,h1_6,1,ARIMA,8.671362161636353,4.402890920639038,4.894797908841411,4.072093262933425,8.119352248248914,8.53189455708056,1.8936047295565444,0.0,0.16666666666666666,4.00236958341672,6.346685101019897,True
D3,24,95,Theta,h1_12,1,ARIMA,8.671362161636353,4.402890920639038,6.679724493508856,5.434649406856912,11.070190379127476,11.811865272960052,2.5198974931197604,0.0,0.08333333333333333,5.835786823999764,8.828066570467806,True
D3,24,96,Theta,h1,1,ARIMA,8.671362161636353,4.402890920639038,0.9495181086614878,0.761622082001816,1.8947896627466547,1.8770069954868958,0.2947100379405844,1.0,1.0,1.8819953177197248,2.9605935194870048,True
D3,24,96,Theta,h1_6,1,ARIMA,8.671362161636353,4.402890920639038,6.575872475559409,6.075461546792527,12.092384492720349,11.216123409053173,2.9393253023127692,0.16666666666666666,0.16666666666666666,3.3668753884007008,5.338966504302854,True
D3,24,96,Theta,h1_12,1,ARIMA,8.671362161636353,4.402890920639038,8.05848901800155,6.966874709826639,14.634636688656396,13.503577464540614,3.535331423658372,0.08333333333333333,0.08333333333333333,4.909185618270151,7.426358763974206,True
D3,24,97,Theta,h1,1,ARIMA,8.671362161636353,4.402890920639038,0.7588107612534122,0.578410546888308,1.2722846287993175,1.2642422488975622,0.24837119485395506,1.0,1.0,2.2725290233146684,3.574959165147029,True
D3,24,97,Theta,h1_6,1,ARIMA,8.671362161636353,4.402890920639038,0.5354895754097664,0.5387189957344819,0.9040933617367517,0.8972337950822041,0.3608594863480375,1.0,1.0,4.0655482709495905,6.446876218783621,True
D3,24,97,Theta,h1_12,1,ARIMA,8.671362161636353,4.402890920639038,1.6290669301945928,1.8702892481627336,2.902722344619411,2.989276548935325,0.7238741457846064,0.9166666666666666,0.9166666666666666,5.927907375631861,8.967429091418307,True
D3,24,98,Theta,h1,1,ARIMA,8.671362161636353,4.402890920639038,1.2945866957416399,0.9433344249743183,1.738924208470324,1.754176104944364,0.4610414137064503,0.0,1.0,1.8633039043333028,2.931202757048686,True
D3,24,98,Theta,h1_6,1,ARIMA,8.671362161636353,4.402890920639038,2.642194015473918,2.403435162767993,3.5368155916711386,3.6381851218606465,0.9544053419402481,0.3333333333333333,0.6666666666666666,3.33344324575046,5.28595544106792,True
D3,24,98,Theta,h1_12,1,ARIMA,8.671362161636353,4.402890920639038,7.702139086722059,6.903843866228683,10.567239328988386,11.504945542379136,3.2170730250989212,0.16666666666666666,0.3333333333333333,4.860444910116879,7.35262433734114,True
D3,24,99,Theta,h1,1,ARIMA,8.671362161636353,4.402890920639038,1.3614128451358747,1.1390276195776408,2.3822926999526315,2.3542501353955547,0.48067223490660116,0.0,0.0,1.5002996917863227,2.360136115725409,True
D3,24,99,Theta,h1_6,1,ARIMA,8.671362161636353,4.402890920639038,2.1104450323544626,1.8121022909508342,3.606582763863795,3.539579826688228,0.7825116416100336,0.0,0.3333333333333333,2.684024616477756,4.256141546441336,True
D3,24,99,Theta,h1_12,1,ARIMA,8.671362161636353,4.402890920639038,1.8960956226348344,1.6769930964570612,3.2348648020069466,3.2254529929597875,0.6767879007943314,0.5,0.6666666666666666,3.913529295470555,5.920178306188977,True
D3,24,100,Theta,h1,1,ARIMA,8.671362161636353,4.402890920639038,0.2741825911161551,0.22774053800892038,0.722355888241517,0.7249743356423932,0.16309781725844588,1.0,1.0,1.9228477311027146,3.024873905496008,True
D3,24,100,Theta,h1_6,1,ARIMA,8.671362161636353,4.402890920639038,2.796202889451156,2.724763714825747,7.804739610995487,8.253796706970684,0.9891309030884711,0.3333333333333333,0.3333333333333333,3.4399722958089693,5.454881764308778,True
D3,24,100,Theta,h1_12,1,ARIMA,8.671362161636353,4.402890920639038,2.135807679920207,2.185745203740216,5.933319265657942,6.219272669828136,0.8184160722599837,0.5833333333333334,0.6666666666666666,5.015769245678349,7.58759393305413,True
D3,24,101,Theta,h1,1,ARIMA,8.671362161636353,4.402890920639038,0.5300047184501977,0.4508431855051681,0.7311734525260483,0.7338563338725268,0.19496889754532257,1.0,1.0,1.7424770717129527,2.741122465648185,True
D3,24,101,Theta,h1_6,1,ARIMA,8.671362161636353,4.402890920639038,3.6549430793327833,3.4691245997485716,5.167847565443945,5.340688093717136,1.400144866436414,0.16666666666666666,0.16666666666666666,3.1172791552642516,4.943174937452213,True
D3,24,101,Theta,h1_12,1,ARIMA,8.671362161636353,4.402890920639038,3.129278449862021,3.0246375187878254,4.38965387095348,4.5093261410737355,1.1767203770844377,0.4166666666666667,0.4166666666666667,4.545253060694578,6.875824586321098,True
D3,24,102,Theta,h1,1,ARIMA,8.671362161636353,4.402890920639038,0.40841890770030853,0.33785331935444307,0.6271208991726814,0.6251606426509482,0.16366064121344986,1.0,1.0,1.7820261961956498,2.8033340966863776,True
D3,24,102,Theta,h1_6,1,ARIMA,8.671362161636353,4.402890920639038,0.7187693714711184,0.6875128418214607,1.0876298836667664,1.081814126578548,0.3172110843940145,1.0,1.0,3.188035149370024,5.055368038924264,True
D3,24,102,Theta,h1_12,1,ARIMA,8.671362161636353,4.402890920639038,0.8884259874207566,0.8532217621612388,1.3328851681469787,1.3309724036081827,0.4335022445612973,1.0,1.0,4.648418332820454,7.031884646475025,True
D3,24,103,Theta,h1,1,ARIMA,8.671362161636353,4.402890920639038,0.37968248332223076,0.3028144487854333,0.418846777442965,0.4197257813977058,0.1743960497614384,1.0,1.0,1.819915145536013,2.862945813394706,True
D3,24,103,Theta,h1_6,1,ARIMA,8.671362161636353,4.402890920639038,1.9773620089895674,1.8740265566587202,2.1169413126224,2.0863934286139045,0.7506807680317142,0.3333333333333333,0.8333333333333334,3.2558288127266763,5.162869738330398,True
D3,24,103,Theta,h1_12,1,ARIMA,8.671362161636353,4.402890920639038,3.2378438973622576,2.887067501332665,3.4027510054598022,3.3326356647450215,1.2262616319404667,0.16666666666666666,0.6666666666666666,4.747260765943173,7.181410258047628,True
D3,24,104,Theta,h1,1,ARIMA,8.671362161636353,4.402890920639038,0.28312101705884896,0.24277288409282846,0.9344795886888593,0.9388663458724831,0.1618501886438316,1.0,1.0,1.8780193667426974,2.954351350638971,True
D3,24,104,Theta,h1_6,1,ARIMA,8.671362161636353,4.402890920639038,0.34965267885289186,0.3104636778261115,1.1817254196102378,1.1861284621321153,0.275850385173163,1.0,1.0,3.3597706982282545,5.3277043394113965,True
D3,24,104,Theta,h1_12,1,ARIMA,8.671362161636353,4.402890920639038,2.002065994263529,2.320414449275498,6.713426049359622,6.335851465579811,0.6946317078143037,0.75,1.0,4.898827466007302,7.410694189239535,True
D3,24,105,Theta,h1,1,ARIMA,8.671362161636353,4.402890920639038,1.623072337959129,1.2124010054162762,3.0161286409466124,3.062310249196949,0.5785672524355476,0.0,1.0,2.3122309886010233,3.6374105963476207,True
D3,24,105,Theta,h1_6,1,ARIMA,8.671362161636353,4.402890920639038,2.361039207674478,2.0762737044721833,4.238091096393744,4.154113950809441,0.895359461110399,0.3333333333333333,0.8333333333333334,4.13656957465325,6.5594952345228705,True
D3,24,105,Theta,h1_12,1,ARIMA,8.671362161636353,4.402890920639038,4.978911193722945,4.371401194650638,8.629267825133176,8.173035400333845,1.9478862472304923,0.16666666666666666,0.4166666666666667,6.031460857949876,9.12407945743047,True
D3,24,106,Theta,h1,1,ARIMA,8.671362161636353,4.402890920639038,0.2176134021960096,0.18395161676475594,0.37323596949141497,0.3725407414673319,0.15092721363242695,1.0,1.0,1.8417235825935043,2.8972510361595813,True
D3,24,106,Theta,h1_6,1,ARIMA,8.671362161636353,4.402890920639038,0.9042686380939398,0.8235714303641843,1.5587451613753969,1.5543871062110348,0.3693846151281361,1.0,1.0,3.294838193015366,5.224742744516195,True
D3,24,106,Theta,h1_12,1,ARIMA,8.671362161636353,4.402890920639038,5.503559295546812,6.489342248329349,8.818689905938808,8.147374856855514,2.4428629773144657,0.5,0.5833333333333334,4.804147804741831,7.267473650406491,True
D3,24,107,Theta,h1,1,ARIMA,8.671362161636353,4.402890920639038,0.818365839881955,0.7047516456157981,1.4455678188029888,1.4351944641475096,0.2698271557118973,0.0,1.0,1.0881781068892866,1.7118336348514023,True
D3,24,107,Theta,h1_6,1,ARIMA,8.671362161636353,4.402890920639038,1.9621848938677828,1.778569889869929,3.3386589058187477,3.278625402165267,0.7898471915344191,0.0,0.16666666666666666,1.946743699075039,3.0870143762453344,True
D3,24,107,Theta,h1_12,1,ARIMA,8.671362161636353,4.402890920639038,2.9787158840539774,2.9013628629748616,4.864897550980978,4.721348922587099,1.2914617917373261,0.08333333333333333,0.16666666666666666,2.8385138146549327,4.293955116981598,True
D3,24,108,Theta,h1,1,ARIMA,8.671362161636353,4.402890920639038,0.09567125066141487,0.07853238694015703,0.1686773599231891,0.16853521954375555,0.13711149194692124,1.0,1.0,1.748314703542672,2.750315854286719,True
D3,24,108,Theta,h1_6,1,ARIMA,8.671362161636353,4.402890920639038,1.0390819425232665,0.9341795516260193,1.7927677064014405,1.7843364721499912,0.3813675370963855,1.0,1.0,3.127730575320821,4.959740915043915,True
D3,24,108,Theta,h1_12,1,ARIMA,8.671362161636353,4.402890920639038,2.0142950867265643,1.9487148781578387,3.4929839845534207,3.5672361803594113,0.7340082732197637,0.75,0.8333333333333334,4.56048665110168,6.8988686074263255,True
D3,24,109,Theta,h1,1,ARIMA,8.671362161636353,4.402890920639038,0.7882519552243443,0.6300135313761968,1.9540094808749569,1.9351034286447293,0.2542385174751532,1.0,1.0,2.144925241106212,3.3742214751209083,True
D3,24,109,Theta,h1_6,1,ARIMA,8.671362161636353,4.402890920639038,3.179533783280515,3.0529946413443776,8.576588558759608,9.153949516875286,1.1177436498353766,0.3333333333333333,0.5,3.837261360613919,6.084874330110919,True
D3,24,109,Theta,h1_12,1,ARIMA,8.671362161636353,4.402890920639038,4.393827194601973,3.892623462530083,12.141350518110215,13.137152238000827,1.470682035128572,0.25,0.5,5.595045805290069,8.463893352221262,True
D3,24,110,Theta,h1,1,ARIMA,8.671362161636353,4.402890920639038,1.2719578852635174,1.0536933784984897,1.799159724815831,1.78311914407301,0.4027205125577685,0.0,1.0,2.065775866418799,3.2497227839687453,True
D3,24,110,Theta,h1_6,1,ARIMA,8.671362161636353,4.402890920639038,2.2068981322988668,1.916708606248014,3.1098937225822327,3.0578054151789433,0.7589711020567006,0.16666666666666666,1.0,3.695672206646572,5.860355741383587,True
D3,24,110,Theta,h1_12,1,ARIMA,8.671362161636353,4.402890920639038,3.579241819849334,3.234534263874179,5.008184447732561,4.864406652327951,1.2210491270560908,0.16666666666666666,0.75,5.388600233263607,8.151589986931054,True
D3,24,111,Theta,h1,1,ARIMA,8.671362161636353,4.402890920639038,1.374525669477885,1.1425445865662567,2.5078341699756685,2.5396796469730223,0.4893553181802383,0.0,1.0,1.985108215621744,3.122812681612105,True
D3,24,111,Theta,h1_6,1,ARIMA,8.671362161636353,4.402890920639038,4.316945482330293,4.029268018357667,8.130025234571185,8.5771974050394,1.691955433299919,0.0,0.16666666666666666,3.5513581376865027,5.631497146980061,True
D3,24,111,Theta,h1_12,1,ARIMA,8.671362161636353,4.402890920639038,3.5928388555972637,3.569396210304742,6.706571365899497,7.034669578243456,1.438446253086526,0.3333333333333333,0.4166666666666667,5.178171651502368,7.833257816885994,True
D3,24,112,Theta,h1,1,ARIMA,8.671362161636353,4.402890920639038,0.6322651384985527,0.524521773719962,1.5037375109887512,1.4925157513832683,0.20542080431434864,1.0,1.0,1.811245167447143,2.849306127801717,True
D3,24,112,Theta,h1_6,1,ARIMA,8.671362161636353,4.402890920639038,2.0354557543835674,1.8184051907021639,4.729393462305256,4.604144167420696,0.7689833822060023,0.16666666666666666,0.8333333333333334,3.240311664251505,5.1382698893043,True
D3,24,112,Theta,h1_12,1,ARIMA,8.671362161636353,4.402890920639038,3.9559200606762954,3.6993097388360385,8.884001907060354,8.418577381769994,1.6582603784442653,0.08333333333333333,0.4166666666666667,4.7246427524312775,7.147196588831547,True
D3,24,113,Theta,h1,1,ARIMA,8.671362161636353,4.402890920639038,3.2563151075413432,2.6911624182581426,8.128324340704754,8.472667279080989,1.4036674048985671,0.0,0.0,2.0648009439317843,3.248176116576123,True
D3,24,113,Theta,h1_6,1,ARIMA,8.671362161636353,4.402890920639038,7.540828141995932,6.4645804642086455,20.391187701883574,22.947355718355624,3.2834830031666695,0.0,0.0,3.6939196313438942,5.857572747712996,True
D3,24,113,Theta,h1_12,1,ARIMA,8.671362161636353,4.402890920639038,6.908338303978503,5.9500347153621735,18.779210126731975,20.948294582735258,2.834489649778588,0.08333333333333333,0.25,5.38604276151294,8.147725096368172,True
D3,24,114,Theta,h1,1,ARIMA,8.671362161636353,4.402890920639038,0.685255284852451,0.5551894382994935,2.799831835897618,2.761177670170059,0.2180913831019052,1.0,1.0,1.6866846687830395,2.653356525539564,True
D3,24,114,Theta,h1_6,1,ARIMA,8.671362161636353,4.402890920639038,5.248505325067214,4.9723862155175995,20.03837547368014,17.67851401181085,2.2645360193615747,0.16666666666666666,0.16666666666666666,3.0174721412436263,4.784907844281437,True
D3,24,114,Theta,h1_12,1,ARIMA,8.671362161636353,4.402890920639038,7.246667723108874,6.372773112432844,28.4705366660242,24.39751184961115,2.993616436001437,0.08333333333333333,0.08333333333333333,4.3997265574138265,6.655677763975939,True
D3,24,115,Theta,h1,1,ARIMA,8.671362161636353,4.402890920639038,1.3368129198211705,1.076661500215259,2.491034702153777,2.522452283011318,0.4759730680612733,0.0,1.0,1.9287314492082757,3.034123288441491,True
D3,24,115,Theta,h1_6,1,ARIMA,8.671362161636353,4.402890920639038,2.2891628678228177,1.889478974641866,4.264702153427026,4.3625881200154915,0.7137906985421529,0.3333333333333333,0.8333333333333334,3.4504884613174673,5.47155737674589,True
D3,24,115,Theta,h1_12,1,ARIMA,8.671362161636353,4.402890920639038,1.7427029552827362,1.5533467888307055,3.212407512770428,3.2725396118968706,0.6630956641438768,0.6666666666666666,0.9166666666666666,5.03110017383829,7.610788832040835,True
D3,24,116,Theta,h1,1,ARIMA,8.671362161636353,4.402890920639038,1.5658063475213828,1.3152065214160213,2.389043571860482,2.3608427903976192,0.5265502576337392,0.0,0.0,1.9226766663245969,3.0245971564825833,True
D3,24,116,Theta,h1_6,1,ARIMA,8.671362161636353,4.402890920639038,2.7798452845748876,2.3953665321253403,4.174499682711633,4.08504514280081,1.0402203684301572,0.0,0.5,3.439664010740453,5.454383654737223,True
D3,24,116,Theta,h1_12,1,ARIMA,8.671362161636353,4.402890920639038,2.5207414717586922,2.3712102707253973,3.7633437900089195,3.677003615675257,1.0123055889482857,0.25,0.75,5.015311905103113,7.58689698897506,True
D3,24,117,Theta,h1,1,ARIMA,8.671362161636353,4.402890920639038,0.8947031473133146,0.7915013475576923,2.1642022856600422,2.141034130861608,0.2790682372870131,1.0,1.0,1.856720947864002,2.9208423739566887,True
D3,24,117,Theta,h1_6,1,ARIMA,8.671362161636353,4.402890920639038,6.777664948303255,6.836769088567833,14.90934871548838,13.627891220201436,3.009020091705104,0.16666666666666666,0.16666666666666666,3.321665649634079,5.267273221611464,True
D3,24,117,Theta,h1_12,1,ARIMA,8.671362161636353,4.402890920639038,9.11205035993128,8.648976142662631,19.5923450667709,17.635064112655034,3.949842590345262,0.08333333333333333,0.08333333333333333,4.843262569749624,7.326635395064069,True
D3,24,118,Theta,h1,1,ARIMA,8.671362161636353,4.402890920639038,1.3210977984444694,1.0440846609777263,1.8643577733181382,1.8471391323194388,0.4227427138272589,0.0,1.0,2.0452406116201214,3.2174074196029046,True
D3,24,118,Theta,h1_6,1,ARIMA,8.671362161636353,4.402890920639038,3.3378683664590225,2.7670375936702203,4.606881348999947,4.493440408521896,1.3203513451357782,0.0,0.5,3.658924926463995,5.8020780959796765,True
D3,24,118,Theta,h1_12,1,ARIMA,8.671362161636353,4.402890920639038,3.8291348559957505,3.1350899515458654,5.2298745070261585,5.087886946909202,1.4733265532636304,0.0,0.6666666666666666,5.335015071757198,8.07053420052883,True
D3,24,119,Theta,h1,1,ARIMA,8.671362161636353,4.402890920639038,1.1582601285952803,0.908595938162246,3.6035124868344157,3.539735088870266,0.35709373895307156,1.0,1.0,2.1495101225135893,3.3814377591063374,True
D3,24,119,Theta,h1_6,1,ARIMA,8.671362161636353,4.402890920639038,3.370592867891617,2.9186409134172675,10.370621093844983,9.760866669241713,1.2232196418592218,0.16666666666666666,0.5,3.8454687189685415,6.097887774621879,True
D3,24,119,Theta,h1_12,1,ARIMA,8.671362161636353,4.402890920639038,4.434242157817081,3.7207815018854884,13.890120507361544,12.874909747516236,1.483656252919679,0.16666666666666666,0.5,5.607013580996953,8.481997435154158,True
D3,24,120,Theta,h1,1,ARIMA,8.671362161636353,4.402890920639038,1.060814214460993,0.917425014106429,2.135320295795044,2.112763165457991,0.3275314606056245,1.0,1.0,1.9978856474222342,3.1429104457816606,True
D3,24,120,Theta,h1_6,1,ARIMA,8.671362161636353,4.402890920639038,6.4198789593226495,6.164299256819219,12.14832215548114,11.31437241799174,2.829674327065303,0.16666666666666666,0.16666666666666666,3.574208547493627,5.667742983889799,True
D3,24,120,Theta,h1_12,1,ARIMA,8.671362161636353,4.402890920639038,7.725128161699271,7.046614849303915,14.581806954168044,13.495476353075816,3.3028697128622815,0.08333333333333333,0.08333333333333333,5.211496572949225,7.8836798364296845,True
D3,24,121,Theta,h1,1,ARIMA,8.671362161636353,4.402890920639038,0.6679199938450106,0.5820061234661909,1.4371551857446605,1.4269017892150664,0.21714410733413383,1.0,1.0,1.9218783631605487,3.0233384361216387,True
D3,24,121,Theta,h1_6,1,ARIMA,8.671362161636353,4.402890920639038,0.9211790113094195,0.9242088104137037,2.008816020400882,2.0278963081459915,0.3529521758043089,1.0,1.0,3.438228327639775,5.452112291952919,True
D3,24,121,Theta,h1_12,1,ARIMA,8.671362161636353,4.402890920639038,2.4818701577919997,3.0306748662665837,5.101236063116138,4.894421406868958,0.9802393607197714,0.6666666666666666,0.75,5.013223827760534,7.583743654153598,True
D3,24,122,Theta,h1,1,ARIMA,8.671362161636353,4.402890920639038,0.776696115805659,0.5867971881681406,1.0749326179603491,1.0691861028770866,0.24293631597581872,1.0,1.0,1.6529113575852925,2.6002277357002126,True
D3,24,122,Theta,h1_6,1,ARIMA,8.671362161636353,4.402890920639038,3.9311808554770677,3.3091249995035925,5.596763273215495,5.797751159260217,1.6028238557210228,0.16666666666666666,0.16666666666666666,2.9570551503233964,4.689103694805277,True
D3,24,122,Theta,h1_12,1,ARIMA,8.671362161636353,4.402890920639038,3.879003136157792,3.125811673386452,5.453392985169365,5.62841661346013,1.4824689718982915,0.08333333333333333,0.3333333333333333,4.311638866059542,6.522416279688632,True
D3,24,123,Theta,h1,1,ARIMA,8.671362161636353,4.402890920639038,0.6165561276902302,0.475348873164216,1.245340192778607,1.253143140378699,0.2303045789256697,1.0,1.0,2.089008780580949,3.286261249226572,True
D3,24,123,Theta,h1_6,1,ARIMA,8.671362161636353,4.402890920639038,2.2547195030528537,1.918491644522028,4.615542806073552,4.750329771821624,0.6847795406160466,0.3333333333333333,1.0,3.7372282267529555,5.92625176776999,True
D3,24,123,Theta,h1_12,1,ARIMA,8.671362161636353,4.402890920639038,2.410266894838342,2.0737933241222284,4.831615180959338,4.907675151078034,0.8462746989967167,0.5,1.0,5.449191432958607,8.243253052672,True
D3,24,124,Theta,h1,1,ARIMA,8.671362161636353,4.402890920639038,4.395461277918829,3.2838336930761134,5.473781115110389,5.327960662819429,1.928153433034284,0.0,0.0,2.0218741446008863,3.180649226531199,True
D3,24,124,Theta,h1_6,1,ARIMA,8.671362161636353,4.402890920639038,14.015541771637887,11.5183747598844,16.407751899705538,14.959267721949141,6.629494237328091,0.0,0.0,3.5367006792640554,5.620004572460891,True
D3,24,124,Theta,h1_12,1,ARIMA,8.671362161636353,4.402890920639038,19.12991883536397,15.250187882199693,22.057348555425925,19.634374286140787,9.028734024296853,0.0,0.0,5.144155214516828,7.796552982712785,True
D3,24,125,Theta,h1,1,ARIMA,8.671362161636353,4.402890920639038,0.5094219773546632,0.4473515781901351,1.354361772446186,1.3635957824502836,0.1963835477808002,1.0,1.0,1.825874497142515,2.872316688817922,True
D3,24,125,Theta,h1_6,1,ARIMA,8.671362161636353,4.402890920639038,0.8862332949203213,0.8677801299356098,2.336168687684494,2.326024997492428,0.3613775453680342,0.8333333333333334,1.0,3.2664809250348013,5.17976306435691,True
D3,24,125,Theta,h1_12,1,ARIMA,8.671362161636353,4.402890920639038,1.0951351750525429,1.0276591458343902,2.8741183590597643,2.8394601576100134,0.4729254236811995,0.9166666666666666,1.0,4.762799665263651,7.204913302542264,True
D3,24,126,Theta,h1,1,ARIMA,8.671362161636353,4.402890920639038,1.209394046492077,1.0477822157504706,1.850826161925333,1.8681139326251321,0.46077377007613796,0.0,0.0,1.3237727524362766,2.0824430609431754,True
D3,24,126,Theta,h1_6,1,ARIMA,8.671362161636353,4.402890920639038,0.9628408383008816,0.9174010610677527,1.4450608432303398,1.4537377669898979,0.36939831680846963,0.6666666666666666,0.8333333333333334,2.3682219551646337,3.755358141239173,True
D3,24,126,Theta,h1_12,1,ARIMA,8.671362161636353,4.402890920639038,3.7147706714883,4.582429006315659,5.05165427015842,4.830349142306136,1.7235781542705382,0.3333333333333333,0.5,3.4530616452521294,5.223603353305017,True
D3,24,127,Theta,h1,1,ARIMA,8.671362161636353,4.402890920639038,0.16641631356061756,0.15070647460513134,0.3574271453469022,0.35678951405940235,0.11156076952890574,1.0,1.0,1.3572461744777027,2.1351159037990564,True
D3,24,127,Theta,h1_6,1,ARIMA,8.671362161636353,4.402890920639038,0.8795977802460722,0.871612814941125,1.8669785774984644,1.887835560198497,0.2913455052297859,0.8333333333333334,1.0,2.4281150218294427,3.8503391908377202,True
D3,24,127,Theta,h1_12,1,ARIMA,8.671362161636353,4.402890920639038,2.3167963162013945,2.5217097343438604,4.8602647218023005,5.037059574408811,0.8021555860330005,0.4166666666666667,0.5833333333333334,3.540391173250638,5.355716094502397,True
D3,24,128,Theta,h1,1,ARIMA,8.671362161636353,4.402890920639038,1.3392633103243223,1.148253731496318,2.6957959156210034,2.6599426035883047,0.43216837186701385,0.0,1.0,1.9921841678089174,3.1339443466276298,True
D3,24,128,Theta,h1_6,1,ARIMA,8.671362161636353,4.402890920639038,8.314051137608361,8.001459604575622,15.456401710966164,14.110336450063777,3.7531819851435437,0.0,0.16666666666666666,3.564011449228176,5.6515707326793265,True
D3,24,128,Theta,h1_12,1,ARIMA,8.671362161636353,4.402890920639038,11.887881450625096,10.951938462964247,21.618082045656273,19.25013116075148,5.321765065329297,0.0,0.08333333333333333,5.196623057507249,7.861181705368826,True
D3,24,129,Theta,h1,1,ARIMA,8.671362161636353,4.402890920639038,0.5545240892580771,0.4585961968312681,0.8715208629696309,0.8677395971568955,0.17979595923690647,1.0,1.0,1.5662861804402082,2.463964607444932,True
D3,24,129,Theta,h1_6,1,ARIMA,8.671362161636353,4.402890920639038,2.3752905015767674,2.383151135834556,3.5636719094053686,3.4747483857529584,0.9584138042892055,0.16666666666666666,0.6666666666666666,2.802086972468434,4.443362083269548,True
D3,24,129,Theta,h1_12,1,ARIMA,8.671362161636353,4.402890920639038,3.8368929861045746,3.5958907183335027,5.568069595615802,5.379935312945685,1.6169864117651553,0.08333333333333333,0.3333333333333333,4.085677341938398,6.180595622799626,True
D3,24,130,Theta,h1,1,ARIMA,8.671362161636353,4.402890920639038,0.4950536698261692,0.4245168116434084,1.1208800382173632,1.114633187766851,0.19005739071569985,1.0,1.0,2.00493499487152,3.1540031883518473,True
D3,24,130,Theta,h1_6,1,ARIMA,8.671362161636353,4.402890920639038,2.56978661619031,2.767019244341965,5.634692738457739,5.399832873673318,0.968923945561875,0.5,0.6666666666666666,3.586825310848944,5.687742796205843,True
D3,24,130,Theta,h1_12,1,ARIMA,8.671362161636353,4.402890920639038,6.118914782419213,6.298930076454068,12.850508909951028,11.790214266878344,2.42397380043557,0.25,0.3333333333333333,5.229886980273507,7.9114975171002735,True
D3,24,131,Theta,h1,1,ARIMA,8.671362161636353,4.402890920639038,0.07323217141892384,0.05294375604097638,0.12303598273012621,0.12311171858653563,0.16829828331473204,1.0,1.0,2.178555616353813,3.4271261917723606,True
D3,24,131,Theta,h1_6,1,ARIMA,8.671362161636353,4.402890920639038,1.1925472469818688,1.2179838150862468,1.998907256195105,2.0391224303925455,0.447719944810978,0.8333333333333334,1.0,3.897432333897574,6.180283943229218,True
D3,24,131,Theta,h1_12,1,ARIMA,8.671362161636353,4.402890920639038,3.2715986485468718,2.9513726707463017,5.496122838708992,5.743430467794795,1.0480413500640209,0.4166666666666667,0.9166666666666666,5.6827799475904675,8.596609350816474,True
D3,24,132,Theta,h1,1,ARIMA,8.671362161636353,4.402890920639038,1.641817041161177,1.436803540646108,3.123682810464938,3.1732438467525097,0.6320109722216685,0.0,0.0,1.7374341357191496,2.7331847983791597,True
D3,24,132,Theta,h1_6,1,ARIMA,8.671362161636353,4.402890920639038,2.026801900266151,1.827371188046307,3.8048004322202416,3.8831188052428973,0.6464429497891,0.0,0.8333333333333334,3.1082640537182913,4.928872228409902,True
D3,24,132,Theta,h1_12,1,ARIMA,8.671362161636353,4.402890920639038,1.550673033145717,1.544130972046578,2.871767618965633,2.9260097520493535,0.5914593647654061,0.5,0.9166666666666666,4.532104985903326,6.855924699975443,True
D3,24,133,Theta,h1,1,ARIMA,8.671362161636353,4.402890920639038,2.0165149963291125,1.669837680027513,3.5141915433131046,3.577043625608991,0.8768153161343265,0.0,0.0,1.208979062063144,1.9018712858103473,True
D3,24,133,Theta,h1_6,1,ARIMA,8.671362161636353,4.402890920639038,6.574206771631578,6.013378630170156,11.704430975288659,12.620083033635227,2.9667766349543427,0.0,0.0,2.1628635307435933,3.429724233287554,True
D3,24,133,Theta,h1_12,1,ARIMA,8.671362161636353,4.402890920639038,9.670062642747451,8.604966437222132,17.121672508412725,19.012708762387266,4.3168457582570285,0.0,0.0,3.1536398321934476,4.770656899647876,True
D3,24,134,Theta,h1,1,ARIMA,8.671362161636353,4.402890920639038,0.004954054053381896,0.004241256683830743,0.02123545616000684,0.02123320167639016,0.14148825480307195,1.0,1.0,1.8732359452039977,2.946821804464377,True
D3,24,134,Theta,h1_6,1,ARIMA,8.671362161636353,4.402890920639038,0.5545473935315188,0.5416482717274745,2.4452059811486664,2.4068330426721514,0.3127325464605408,1.0,1.0,3.35121235511066,5.31412851620681,True
D3,24,134,Theta,h1_12,1,ARIMA,8.671362161636353,4.402890920639038,0.8292976437928435,0.9031386871636342,3.8311807285982513,3.715887396963587,0.46126682205696573,1.0,1.0,4.886346601157957,7.391808178425649,True
D3,24,135,Theta,h1,1,ARIMA,8.671362161636353,4.402890920639038,0.2355665640148613,0.19731517283150024,0.992475960573633,0.997425565052514,0.155172871267248,1.0,1.0,1.8848121190029534,2.965034619305701,True
D3,24,135,Theta,h1_6,1,ARIMA,8.671362161636353,4.402890920639038,1.0502414886912323,1.000124496139859,4.706616136722045,4.857484451174623,0.37360323934536593,1.0,1.0,3.371922945667878,5.346968799381585,True
D3,24,135,Theta,h1_12,1,ARIMA,8.671362161636353,4.402890920639038,2.898436572431125,3.0391721997696077,14.88340417123858,17.067156679883553,1.1046371784961817,0.5833333333333334,0.6666666666666666,4.916543708117096,7.437490756635608,True
D3,24,136,Theta,h1,1,ARIMA,8.671362161636353,4.402890920639038,2.1455073490875014,1.7773367387230314,2.82118503780181,2.781943155766492,0.844440518294805,0.0,0.0,1.7123793233939912,2.6937710203617056,True
D3,24,136,Theta,h1_6,1,ARIMA,8.671362161636353,4.402890920639038,5.095637272337306,4.860165621365676,6.450967968445791,6.19148652572261,2.2106078251049173,0.0,0.16666666666666666,3.063435123754503,4.857790748065406,True
D3,24,136,Theta,h1_12,1,ARIMA,8.671362161636353,4.402890920639038,9.39219266716692,8.882431602930625,11.39303372566452,10.627241627756675,4.20844198660231,0.0,0.08333333333333333,4.4667404913314686,6.75705071404226,True
D3,24,137,Theta,h1,1,ARIMA,8.671362161636353,4.402890920639038,1.4556370449381004,1.2491295265489122,3.6140437018826743,3.5498963000549244,0.4758557726974051,0.0,1.0,2.0274523286623505,3.1894301655025585,True
D3,24,137,Theta,h1_6,1,ARIMA,8.671362161636353,4.402890920639038,4.583051760134642,4.233797191059521,10.870590645808765,10.234689449774866,1.9154837280730304,0.0,0.16666666666666666,3.6271122744575854,5.751630012085156,True
D3,24,137,Theta,h1_12,1,ARIMA,8.671362161636353,4.402890920639038,6.266681567064813,5.712051292016094,14.574436654519419,13.482135569811653,2.6190669703799045,0.0,0.08333333333333333,5.288630659194501,8.000363878989706,True
D3,24,138,Theta,h1,1,ARIMA,8.671362161636353,4.402890920639038,2.9908214629395484,2.3533670094013295,6.477792017281635,6.694623924361284,1.2567055381336654,0.0,0.0,2.195549062983333,3.453859362536379,True
D3,24,138,Theta,h1_6,1,ARIMA,8.671362161636353,4.402890920639038,11.161871320475841,9.669316077686394,27.411306909402917,33.20688221943344,4.9846930508062695,0.0,0.0,3.92782943758786,6.228492147711614,True
D3,24,138,Theta,h1_12,1,ARIMA,8.671362161636353,4.402890920639038,14.407711641082644,11.977772071121947,36.57421992558789,46.29668233261281,6.260443135577365,0.0,0.0,5.727103956779541,8.663667738763444,True
D3,24,139,Theta,h1,1,ARIMA,8.671362161636353,4.402890920639038,0.7033345579507673,0.5878100579450697,1.6973055875247747,1.683022569469322,0.228854127004673,1.0,1.0,2.0357414447641307,3.2024592410515575,True
D3,24,139,Theta,h1_6,1,ARIMA,8.671362161636353,4.402890920639038,3.8399660139313005,4.171581335051588,8.873369610651839,8.276292592344884,1.563649214978768,0.3333333333333333,0.5,3.6419350123588035,5.7751321139906056,True
D3,24,139,Theta,h1_12,1,ARIMA,8.671362161636353,4.402890920639038,8.672828699663661,8.619461464451922,19.186321094750294,16.96192910063138,3.676429588193845,0.16666666666666666,0.25,5.3102415281752995,8.03305358746932,True
D3,24,140,Theta,h1,1,ARIMA,8.671362161636353,4.402890920639038,0.5292087589682785,0.40182620873445063,0.708184628154313,0.710701166360452,0.20948881904737304,1.0,1.0,1.9865066148243595,3.1250220805369895,True
D3,24,140,Theta,h1_6,1,ARIMA,8.671362161636353,4.402890920639038,0.931654931119439,0.8007915228926418,1.2388247521459768,1.248640965583137,0.3726864643480068,1.0,1.0,3.5538613241008776,5.635477703380009,True
D3,24,140,Theta,h1_12,1,ARIMA,8.671362161636353,4.402890920639038,0.9850791404916053,0.8408804994024878,1.27954457650509,1.280144915997619,0.5103747903881078,1.0,1.0,5.181826158818196,7.83879763573176,True
D3,24,141,Theta,h1,1,ARIMA,8.671362161636353,4.402890920639038,1.4648654693830843,1.0757379678574173,3.1670086728519142,3.217965292808214,0.5150983669529704,0.0,1.0,2.39764088818212,3.771778558849442,True
D3,24,141,Theta,h1_6,1,ARIMA,8.671362161636353,4.402890920639038,2.473274993397316,1.9083543856076672,5.404221955922586,5.571486855212154,0.8123656397203393,0.3333333333333333,0.8333333333333334,4.289375023727918,6.801804422276065,True
D3,24,141,Theta,h1_12,1,ARIMA,8.671362161636353,4.402890920639038,2.496324395039296,2.116140896163752,5.249233334721487,5.239974907190357,0.9569807829808474,0.5833333333333334,0.9166666666666666,6.254266391585173,9.4611252383091,True
D3,24,142,Theta,h1,1,ARIMA,8.671362161636353,4.402890920639038,0.053304069594369737,0.038258773657785426,0.13883425418596373,0.1389306958836965,0.16437086246789817,1.0,1.0,2.141146430082861,3.3682837658191285,True
D3,24,142,Theta,h1_6,1,ARIMA,8.671362161636353,4.402890920639038,0.5845775079667476,0.5090935611926307,1.5555423939122988,1.5427898801152422,0.3457741898621592,1.0,1.0,3.8305077982771256,6.074167739774282,True
D3,24,142,Theta,h1_12,1,ARIMA,8.671362161636353,4.402890920639038,2.3583010471634545,2.197049673050126,7.016198441995337,7.459124654126158,0.8646076987401904,0.75,0.8333333333333334,5.585201807476436,8.449001354705363,True
D3,24,143,Theta,h1,1,ARIMA,8.671362161636353,4.402890920639038,1.3181218138207262,1.1261317545712548,3.251191308482695,3.1991854882151496,0.4240403401135752,0.0,1.0,1.9900960679521078,3.1306584933738493,True
D3,24,143,Theta,h1_6,1,ARIMA,8.671362161636353,4.402890920639038,2.5775984193101453,2.297849174500024,6.335647472064096,6.1251855308596195,0.9240271777833233,0.0,0.6666666666666666,3.560270784351131,5.645643441101171,True
D3,24,143,Theta,h1_12,1,ARIMA,8.671362161636353,4.402890920639038,3.398202891519719,3.5022842218428645,9.240701597760276,9.74994273699331,1.2754334745317617,0.16666666666666666,0.5833333333333334,5.191172427352289,7.85293679222149,True
D3,24,144,Theta,h1,1,ARIMA,8.671362161636353,4.402890920639038,0.1807691671850659,0.14121042536890496,0.49777489464102864,0.499016885027873,0.16824469251749144,1.0,1.0,2.098600044733954,3.3013486103770284,True
D3,24,144,Theta,h1_6,1,ARIMA,8.671362161636353,4.402890920639038,3.7056641119595626,3.3007521856810933,10.982816686296175,11.840657882013785,1.4280502854136603,0.16666666666666666,0.3333333333333333,3.7543873883058465,5.953457163700585,True
D3,24,144,Theta,h1_12,1,ARIMA,8.671362161636353,4.402890920639038,3.879968898655091,3.4072349670732587,10.883817138357662,11.079977624520676,1.4024026570093162,0.25,0.5833333333333334,5.474210509386221,8.281098474708577,True
D3,24,145,Theta,h1,1,ARIMA,8.671362161636353,4.402890920639038,0.8653303493466187,0.7614272679944263,2.002331298086821,1.9824833557312367,0.2708849943191772,1.0,1.0,1.8552691303469229,2.918560869393297,True
D3,24,145,Theta,h1_6,1,ARIMA,8.671362161636353,4.402890920639038,2.9884855562113097,3.1153113101590315,6.650980496875211,6.3592398523485985,1.1813961753188824,0.3333333333333333,0.5,3.319068210702414,5.263159292029232,True
D3,24,145,Theta,h1_12,1,ARIMA,8.671362161636353,4.402890920639038,6.037018420219013,6.220767508113203,12.842034307391218,11.834654257549778,2.5003843395956746,0.16666666666666666,0.25,4.83948004812243,7.320914807389677,True
D3,24,146,Theta,h1,1,ARIMA,8.671362161636353,4.402890920639038,0.7970052180642752,0.6650173942987645,1.6890724168957902,1.7034587427744923,0.26984465782502104,0.0,1.0,1.761940595043293,2.771750149373962,True
D3,24,146,Theta,h1_6,1,ARIMA,8.671362161636353,4.402890920639038,1.1520250126065432,1.1177824144088493,2.3703269015748494,2.3723463564601794,0.45743898444821524,0.5,0.8333333333333334,3.1521107662276866,4.998410365995665,True
D3,24,146,Theta,h1_12,1,ARIMA,8.671362161636353,4.402890920639038,1.5687032047729474,1.5184680318943955,3.148271704136909,3.164822150586994,0.5810479122935107,0.6666666666666666,0.9166666666666666,4.596047380875825,6.952655178318055,True
D3,24,147,Theta,h1,1,ARIMA,8.671362161636353,4.402890920639038,1.3622766750547886,1.1480252528799046,2.9141232521828133,2.8722724721936923,0.4504928189850914,0.0,1.0,1.7815237051904729,2.80255147009161,True
D3,24,147,Theta,h1_6,1,ARIMA,8.671362161636353,4.402890920639038,5.199950854986597,4.741995259582114,10.614935450117185,10.000305698783578,2.2345194667417934,0.0,0.16666666666666666,3.187141176337065,5.053954675150675,True
D3,24,147,Theta,h1_12,1,ARIMA,8.671362161636353,4.402890920639038,3.3126446991208462,3.5029322972382695,6.83034930857474,6.491225010455386,1.441041583584393,0.4166666666666667,0.5833333333333334,4.647119251272482,7.029917101486947,True
D3,24,148,Theta,h1,1,ARIMA,8.671362161636353,4.402890920639038,0.03825227071867521,0.02945144459015076,0.05892635130131239,0.05890899484068844,0.1293301185281229,1.0,1.0,1.6874133295384883,2.6545015205542857,True
D3,24,148,Theta,h1_6,1,ARIMA,8.671362161636353,4.402890920639038,3.288956964693293,3.2251705805622506,5.256926113312959,5.494362479114026,1.3110918613995837,0.3333333333333333,0.5,3.018776672319176,4.786970412842165,True
D3,24,148,Theta,h1_12,1,ARIMA,8.671362161636353,4.402890920639038,5.5490926387392365,4.875894647988159,8.964978145315037,9.527317301879242,2.197359276841123,0.16666666666666666,0.25,4.401625956033257,6.658547225963294,True
D3,24,149,Theta,h1,1,ARIMA,8.671362161636353,4.402890920639038,0.4538033277046236,0.3767533722070969,0.98525609928412,0.980426244597182,0.1837697519300014,1.0,1.0,2.0158901091781294,3.1712334937122533,True
D3,24,149,Theta,h1_6,1,ARIMA,8.671362161636353,4.402890920639038,1.7231059421191366,1.9021500202645556,3.8356258599041313,3.966381348238331,0.6010473218026048,0.6666666666666666,0.8333333333333334,3.606417272695329,5.718812542038995,True
D3,24,149,Theta,h1_12,1,ARIMA,8.671362161636353,4.402890920639038,2.2980791344435696,2.279259690350762,4.890151843574042,4.88625252162682,0.8375413543583762,0.5833333333333334,0.9166666666666666,5.258454557401876,7.954716467975028,True
D3,24,150,Theta,h1,1,ARIMA,8.671362161636353,4.402890920639038,0.20002838366559997,0.14882327600033535,0.33073776551113787,0.33019173113440964,0.15246009407421407,1.0,1.0,1.8750164605675297,2.9496267548312973,True
D3,24,150,Theta,h1_6,1,ARIMA,8.671362161636353,4.402890920639038,6.658346088906849,6.197542965705385,11.989662338507156,13.272182342392705,2.9168277604207256,0.3333333333333333,0.3333333333333333,3.3543971019788583,5.319174454535751,True
D3,24,150,Theta,h1_12,1,ARIMA,8.671362161636353,4.402890920639038,12.43783427114762,10.55279877622085,23.456663142071253,27.814315998204847,5.572568886605777,0.16666666666666666,0.16666666666666666,4.890988888981317,7.398828737378729,True
D3,24,151,Theta,h1,1,ARIMA,8.671362161636353,4.402890920639038,2.236902329185649,1.693516885105118,3.615866635299784,3.5516550797843576,0.8547791452798668,0.0,0.0,1.9775828435823894,3.110962963031235,True
D3,24,151,Theta,h1_6,1,ARIMA,8.671362161636353,4.402890920639038,2.6321888793742327,2.066555641378499,4.203682620906087,4.110991174337214,0.9741309124159118,0.16666666666666666,0.5,3.5378727055243058,5.61012016891955,True
D3,24,151,Theta,h1_12,1,ARIMA,8.671362161636353,4.402890920639038,1.8418980230229263,1.5890151558417525,2.9481255214708044,2.9077806677380527,0.7836314042739929,0.5833333333333334,0.75,5.158513185712395,7.803531599977872,True
D3,24,152,Theta,h1,1,ARIMA,8.671362161636353,4.402890920639038,1.4085168759913855,1.1784528067493578,2.7094918105064187,2.746702652216807,0.5002102733520625,0.0,1.0,2.088993102603651,3.286237991357235,True
D3,24,152,Theta,h1_6,1,ARIMA,8.671362161636353,4.402890920639038,1.9118469744996176,1.8641373773818284,3.6037214114887077,3.5875277309277176,0.7145765208294349,0.3333333333333333,0.8333333333333334,3.7372006204385286,5.92620338365242,True
D3,24,152,Theta,h1_12,1,ARIMA,8.671362161636353,4.402890920639038,2.9408943010666397,2.8787767043196255,5.398904686551604,5.244394309429875,1.1061642738283526,0.3333333333333333,0.75,5.449149434442204,8.243188142431835,True
D3,24,153,Theta,h1,1,ARIMA,8.671362161636353,4.402890920639038,0.00816308234773012,0.006731043043070012,0.013924385446096733,0.013923416071036239,0.1330418201333395,1.0,1.0,1.7588238324958132,2.7668405001051886,True
D3,24,153,Theta,h1_6,1,ARIMA,8.671362161636353,4.402890920639038,5.622445882242359,6.021131160762339,10.195833985259473,11.194771955797577,2.4377302458854184,0.3333333333333333,0.3333333333333333,3.146529342531849,4.989557721073971,True
D3,24,153,Theta,h1_12,1,ARIMA,8.671362161636353,4.402890920639038,11.413480738919542,10.913367489803703,21.369356180873112,25.046676282028706,5.089353841594074,0.16666666666666666,0.16666666666666666,4.5879035352808595,6.940343924951922,True
D3,24,154,Theta,h1,1,ARIMA,8.671362161636353,4.402890920639038,2.5522493894319576,2.200457946418782,4.9946778829089915,5.122606735738152,1.0571491597777218,0.0,0.0,2.0140765922476658,3.168377246894565,True
D3,24,154,Theta,h1_6,1,ARIMA,8.671362161636353,4.402890920639038,2.110926016087241,2.0350365954507716,4.103497163230059,4.193459994565784,0.8349724497269687,0.5,0.6666666666666666,3.6031716203785695,5.713667667947648,True
D3,24,154,Theta,h1_12,1,ARIMA,8.671362161636353,4.402890920639038,6.7091119438668585,7.384466965091267,11.596757553771083,10.74777469608962,2.938562638422119,0.25,0.3333333333333333,5.253724807486462,7.9475579587851035,True
D3,24,155,Theta,h1,1,ARIMA,8.671362161636353,4.402890920639038,0.32335926519039093,0.2548831115096302,0.5428071315951079,0.544284338698413,0.17139322888159994,1.0,1.0,1.9244829268329462,3.0274437339830143,True
D3,24,155,Theta,h1_6,1,ARIMA,8.671362161636353,4.402890920639038,0.3210494376544994,0.2862823488501566,0.5367288848941193,0.5375848767817843,0.28243476003592743,1.0,1.0,3.442895377880314,5.459516729443852,True
D3,24,155,Theta,h1_12,1,ARIMA,8.671362161636353,4.402890920639038,3.786010351974883,4.386124282746906,5.866738500209712,5.525133387529359,1.6129614538643686,0.5833333333333334,0.5833333333333334,5.0200272847226675,7.594039795271267,True
D3,24,156,Theta,h1,1,ARIMA,8.671362161636353,4.402890920639038,0.9778897180372994,0.8230712225795999,1.7586196607222246,1.7742205564877083,0.3374639757149404,0.0,1.0,1.8815887547566221,2.9599619294189443,True
D3,24,156,Theta,h1_6,1,ARIMA,8.671362161636353,4.402890920639038,4.192033309993424,4.210050526330532,7.761583015717637,8.226706068484953,1.6192306089168553,0.0,0.3333333333333333,3.3661569749054574,5.3378255427291155,True
D3,24,156,Theta,h1_12,1,ARIMA,8.671362161636353,4.402890920639038,4.5392611535858975,4.41857598407068,8.329190035474927,8.832133137112718,1.6890804358736606,0.16666666666666666,0.4166666666666667,4.908137142190596,7.4247671218559255,True
D3,24,157,Theta,h1,1,ARIMA,8.671362161636353,4.402890920639038,0.2905014984095211,0.2394316014676636,1.1409193137287912,1.1474651394257982,0.1594538467345623,1.0,1.0,1.818620787115851,2.860906113852163,True
D3,24,157,Theta,h1_6,1,ARIMA,8.671362161636353,4.402890920639038,1.4621914546708301,1.6544198299454322,6.249869644882119,6.653438462063294,0.5418369203281729,0.6666666666666666,0.8333333333333334,3.25350359415954,5.15918672238385,True
D3,24,157,Theta,h1_12,1,ARIMA,8.671362161636353,4.402890920639038,2.959232387368627,2.9586763192016208,13.530271631062227,15.090681027609175,1.111478501492511,0.4166666666666667,0.5833333333333334,4.743877101701183,7.176290514871346,True
D3,24,158,Theta,h1,1,ARIMA,8.671362161636353,4.402890920639038,2.6181253190183624,2.113375443814537,5.890562557344356,5.722032602347885,1.054262378844761,0.0,0.0,1.9110422358560293,3.0063000888983775,True
D3,24,158,Theta,h1_6,1,ARIMA,8.671362161636353,4.402890920639038,2.306300992215009,2.248311067099287,5.207992435036219,5.019197355616402,1.0193917621723307,0.3333333333333333,0.5,3.418847750160196,5.421380373779101,True
D3,24,158,Theta,h1_12,1,ARIMA,8.671362161636353,4.402890920639038,3.5173535709605126,3.7105055684002615,8.033528409485946,7.532294109022848,1.4909683347285851,0.4166666666666667,0.5,4.984963776969001,7.540993417942589,True
D3,24,159,Theta,h1,1,ARIMA,8.671362161636353,4.402890920639038,0.1546787657195663,0.13059688130107272,0.3729242256610123,0.3736208870610023,0.158990932816468,1.0,1.0,1.9950730991373267,3.138482752566908,True
D3,24,159,Theta,h1_6,1,ARIMA,8.671362161636353,4.402890920639038,1.4809444146150619,1.5185615146883795,3.7199791979765675,3.8277787650802204,0.48876860106060316,0.8333333333333334,1.0,3.5691725901647855,5.6597572185959795,True
D3,24,159,Theta,h1_12,1,ARIMA,8.671362161636353,4.402890920639038,4.896113864343741,5.193770971426578,13.536300109695349,15.25433638501015,1.916063033881419,0.4166666666666667,0.5,5.20415075491331,7.872571717248481,True
D3,24,160,Theta,h1,1,ARIMA,8.671362161636353,4.402890920639038,0.9224904466754766,0.6839173962594453,1.0715377921271503,1.065827420323341,0.28458620007233215,1.0,1.0,1.722912216979695,2.710347103607771,True
D3,24,160,Theta,h1_6,1,ARIMA,8.671362161636353,4.402890920639038,3.3831477389288698,2.827956312766597,3.9036936919112497,3.809763741461452,1.3345345231623253,0.16666666666666666,0.16666666666666666,3.082282626746828,4.88767933364674,True
D3,24,160,Theta,h1_12,1,ARIMA,8.671362161636353,4.402890920639038,3.7576974182628806,3.0267151506919876,4.500509558148389,4.506761553369409,1.426762921179485,0.16666666666666666,0.4166666666666667,4.49422563862181,6.798633394763989,True
D3,24,161,Theta,h1,1,ARIMA,8.671362161636353,4.402890920639038,0.24723264866874536,0.1845663902647669,0.5326733789458413,0.531258442796751,0.1902731380268751,1.0,1.0,2.3418292818017425,3.6839824712999762,True
D3,24,161,Theta,h1_6,1,ARIMA,8.671362161636353,4.402890920639038,5.349463897154814,4.711209987163474,10.817221941718604,10.069056790798554,2.293385423705867,0.16666666666666666,0.3333333333333333,4.189528603759852,6.643479085353846,True
D3,24,161,Theta,h1_12,1,ARIMA,8.671362161636353,4.402890920639038,6.751267453294003,5.555884252230334,13.68822859808233,12.649438566514831,2.7434412012944978,0.08333333333333333,0.16666666666666666,6.108684398093218,9.240898774002567,True
D3,24,162,Theta,h1,1,ARIMA,8.671362161636353,4.402890920639038,0.041469522868418714,0.03414964987871324,0.07553409628412829,0.07556263406051132,0.1487315166947254,1.0,1.0,1.9424098847778846,3.0556437375262395,True
D3,24,162,Theta,h1_6,1,ARIMA,8.671362161636353,4.402890920639038,1.186791363763689,1.1385729384110852,2.099670822407416,2.0703370949582705,0.4971071172771736,0.6666666666666666,1.0,3.474961543871221,5.5103665286565615,True
D3,24,162,Theta,h1_12,1,ARIMA,8.671362161636353,4.402890920639038,1.554585251505013,1.4229655143162976,2.6957285672758555,2.6520070803384974,0.7045618925238327,0.75,1.0,5.066785804817726,7.6647698890367195,True
D3,24,163,Theta,h1,1,ARIMA,8.671362161636353,4.402890920639038,2.3611121364650645,1.9664966822868808,4.132295980333741,4.0486449833806315,0.9257672548498207,0.0,0.0,1.910954042834965,3.0061626352354045,True
D3,24,163,Theta,h1_6,1,ARIMA,8.671362161636353,4.402890920639038,3.9166067016617667,3.322814169743923,6.694634855320415,6.470706592602891,1.6153317379547887,0.0,0.0,3.4186958130523153,5.421133971390161,True
D3,24,163,Theta,h1_12,1,ARIMA,8.671362161636353,4.402890920639038,3.7573220969452255,3.3470125171710032,6.3610132061172235,6.138960068354918,1.557126106745043,0.16666666666666666,0.25,4.984741496588807,7.540651357185862,True
D3,24,164,Theta,h1,1,ARIMA,8.671362161636353,4.402890920639038,1.4197808380850816,1.0734951615536998,2.3147735519828574,2.288289195438413,0.4617591995647513,0.0,1.0,2.0308907359937725,3.194836229063566,True
D3,24,164,Theta,h1_6,1,ARIMA,8.671362161636353,4.402890920639038,1.8222361215896106,1.5443947940720457,2.948803675382935,2.8972870704618345,0.715050052035907,0.3333333333333333,0.8333333333333334,3.633258386558559,5.761378982737491,True
D3,24,164,Theta,h1_12,1,ARIMA,8.671362161636353,4.402890920639038,3.439524328464712,2.992250612702505,5.8174043481318485,6.003370482165844,1.219747037236933,0.16666666666666666,0.6666666666666666,5.297597893093398,8.01392547103215,True
D3,24,165,Theta,h1,1,ARIMA,8.671362161636353,4.402890920639038,0.9675942216174384,0.8605710676238907,1.6609342844372308,1.6748433077920917,0.3404559051239033,0.0,1.0,1.5743118339405897,2.476590521019208,True
D3,24,165,Theta,h1_6,1,ARIMA,8.671362161636353,4.402890920639038,1.0765811509884564,1.0524435999091473,1.8319395379448833,1.8524675702787696,0.3683511784511096,0.6666666666666666,1.0,2.8164417069171943,4.466128994663834,True
D3,24,165,Theta,h1_12,1,ARIMA,8.671362161636353,4.402890920639038,1.2817884332907556,1.250561737217839,2.1115620403630837,2.1056637282297337,0.5546505057589122,0.6666666666666666,1.0,4.106610271854826,6.212263169762968,True
D3,24,166,Theta,h1,1,ARIMA,8.671362161636353,4.402890920639038,0.5278155956680344,0.4420700197447793,1.4958516170466487,1.4847468124451442,0.18668621990550643,1.0,1.0,1.8403014872845405,2.895015253566556,True
D3,24,166,Theta,h1_6,1,ARIMA,8.671362161636353,4.402890920639038,1.1877176975796016,1.4048191381920292,3.4951744179281334,3.6205697888969186,0.4487786254850061,0.8333333333333334,1.0,3.2922943733430157,5.220697138741846,True
D3,24,166,Theta,h1_12,1,ARIMA,8.671362161636353,4.402890920639038,2.105725570649578,2.066202142755729,6.2320555871861405,6.511261989299993,0.7216271294885622,0.75,1.0,4.800438221578778,7.261847601121257,True
D3,24,167,Theta,h1,1,ARIMA,8.671362161636353,4.402890920639038,0.6496551902728881,0.4805799613555983,0.9292980295043237,0.9250000259970711,0.22250113179005515,1.0,1.0,2.129411338343119,3.349820826644327,True
D3,24,167,Theta,h1_6,1,ARIMA,8.671362161636353,4.402890920639038,1.7183366236505757,1.4875346755689764,2.4180691218436476,2.378935278902773,0.6428059164935153,0.5,1.0,3.80951437628134,6.040882033820607,True
D3,24,167,Theta,h1_12,1,ARIMA,8.671362161636353,4.402890920639038,2.93908765865424,2.703041909108867,4.059463826157103,3.9396198589022284,1.1619167372723924,0.4166666666666667,0.75,5.554590776353337,8.402700337459798,True
D3,24,168,Theta,h1,1,ARIMA,8.671362161636353,4.402890920639038,0.41442781269095597,0.35943298716640526,3.239323255322666,3.292653094018487,0.1488796738839986,1.0,1.0,1.2321058685182356,1.9382501936024752,True
D3,24,168,Theta,h1_6,1,ARIMA,8.671362161636353,4.402890920639038,2.5821367148464747,2.7262203452288167,19.153489420670514,16.850178102026796,1.069266020726475,0.3333333333333333,0.5,2.2042345817513174,3.4953254780899172,True
D3,24,168,Theta,h1_12,1,ARIMA,8.671362161636353,4.402890920639038,3.069030821204787,2.9267238087281795,25.2137543064803,21.901173984657184,1.1363241898162688,0.16666666666666666,0.3333333333333333,3.213956846788994,4.861903889013959,True
D3,24,169,Theta,h1,1,ARIMA,8.671362161636353,4.402890920639038,0.9463170029428499,0.7013963640457217,2.434674341571478,2.4646777803315505,0.3258987700333205,1.0,1.0,2.3004044824666328,3.6188109193485443,True
D3,24,169,Theta,h1_6,1,ARIMA,8.671362161636353,4.402890920639038,2.0288326598965893,1.7021694706683137,5.367122049920211,5.542996434021639,0.7567442771196419,0.5,0.6666666666666666,4.1154133818851895,6.525949640010878,True
D3,24,169,Theta,h1_12,1,ARIMA,8.671362161636353,4.402890920639038,3.1747733317104427,2.6280332049321076,8.043406924103776,7.844838579049449,1.0757178730636767,0.4166666666666667,0.8333333333333334,6.000616221957822,9.077419477937738,True
D3,24,170,Theta,h1,1,ARIMA,8.671362161636353,4.402890920639038,1.00239220578086,0.8201192188187552,2.229744869945212,2.2548839495392463,0.34624636972161243,0.0,1.0,1.914395444421189,3.0115741869176995,True
D3,24,170,Theta,h1_6,1,ARIMA,8.671362161636353,4.402890920639038,2.522569929970769,2.2276065054494048,5.760870493174487,5.96375609371926,0.8373286934347925,0.0,0.8333333333333334,3.42484896402622,5.430898507871527,True
D3,24,170,Theta,h1_12,1,ARIMA,8.671362161636353,4.402890920639038,2.6843614950820407,2.440372242261345,6.178373642208871,6.429007225030681,0.9346057374320246,0.3333333333333333,0.75,4.993716139496845,7.5542302419631095,True
D3,24,171,Theta,h1,1,ARIMA,8.671362161636353,4.402890920639038,1.2143760105712391,1.0680600706752206,3.9808581830776797,4.061703511380247,0.42632765876294487,0.0,1.0,2.0179888258830103,3.1745372459407504,True
D3,24,171,Theta,h1_6,1,ARIMA,8.671362161636353,4.402890920639038,4.798901757919362,4.610548853772827,16.984822342791066,18.954251131524344,1.8598752599920658,0.0,0.16666666666666666,3.6101750253318894,5.724772980230249,True
D3,24,171,Theta,h1_12,1,ARIMA,8.671362161636353,4.402890920639038,7.0713789041516915,6.688094363610584,26.150873842200934,30.99747716227384,2.6768678375311916,0.0,0.08333333333333333,5.263933936787892,7.963003462294451,True
D3,24,172,Theta,h1,1,ARIMA,8.671362161636353,4.402890920639038,0.598232100011992,0.4911776433436251,1.1449007662574109,1.1514924894248215,0.21995053751761048,1.0,1.0,1.962532195192433,3.0872979278418757,True
D3,24,172,Theta,h1_6,1,ARIMA,8.671362161636353,4.402890920639038,1.5677584452846967,1.4705791884673474,3.078612319642072,3.141568358566725,0.5588278182315229,0.6666666666666666,0.8333333333333334,3.510961841855034,5.567452079077818,True
D3,24,172,Theta,h1_12,1,ARIMA,8.671362161636353,4.402890920639038,3.3187806491211473,3.166083645089874,6.316348326882195,6.123812532588125,1.1402208128754767,0.3333333333333333,0.6666666666666666,5.119278279645669,7.744174691657434,True
D3,24,173,Theta,h1,1,ARIMA,8.671362161636353,4.402890920639038,0.20174250993715298,0.16479330209803353,0.35685992394640353,0.3574978071477523,0.12446511650886363,1.0,1.0,1.487846783213023,2.3405584125822414,True
D3,24,173,Theta,h1_6,1,ARIMA,8.671362161636353,4.402890920639038,1.2595613262748544,1.1436420364129107,2.211156685081712,2.241845273001393,0.3957738623642284,0.6666666666666666,1.0,2.6617518871837933,4.2208285257236735,True
D3,24,173,Theta,h1_12,1,ARIMA,8.671362161636353,4.402890920639038,3.5611868238682205,3.815859276658052,6.2922554008821425,6.661202747599824,1.2675489068029084,0.4166666666666667,0.6666666666666666,3.881056094638325,5.87106049576865,True
D3,24,174,Theta,h1,1,ARIMA,8.671362161636353,4.402890920639038,0.7097379771070503,0.5935805008257111,1.3647250656917294,1.3741014189378644,0.24854705265027777,1.0,1.0,1.8757405813641093,2.950768823508328,True
D3,24,174,Theta,h1_6,1,ARIMA,8.671362161636353,4.402890920639038,0.7413416964338866,0.7886038654500973,1.441854880318012,1.4590715222659958,0.3565561820773922,0.8333333333333334,1.0,3.3556946361977458,5.321234510427615,True
D3,24,174,Theta,h1_12,1,ARIMA,8.671362161636353,4.402890920639038,1.0433235010887407,1.105723575918427,2.0539725498903043,2.0749946285246357,0.4898845324804927,0.9166666666666666,1.0,4.892879846928214,7.401693575994805,True
D3,24,175,Theta,h1,1,ARIMA,8.671362161636353,4.402890920639038,1.8103760053952085,1.4548020465360771,3.3044078437735243,3.359920583425155,0.6687461461686286,0.0,0.0,2.174730636831772,3.4211116180341845,True
D3,24,175,Theta,h1_6,1,ARIMA,8.671362161636353,4.402890920639038,2.8782619092728083,2.4072657443253487,5.324431446356403,5.483449132755578,1.0413104172893097,0.3333333333333333,0.5,3.8905814845932736,6.1694279220859976,True
D3,24,175,Theta,h1_12,1,ARIMA,8.671362161636353,4.402890920639038,2.3496012120174083,2.072914981054458,4.276910771493131,4.329612637940163,0.8811459175523373,0.6666666666666666,0.75,5.672790589059902,8.58150674064155,True
D3,24,176,Theta,h1,1,ARIMA,8.671362161636353,4.402890920639038,0.09421894668628443,0.07583320805779056,0.14903917235897757,0.14892819168682792,0.1497620418748706,1.0,1.0,1.9172065899842343,3.0159940312479874,True
D3,24,176,Theta,h1_6,1,ARIMA,8.671362161636353,4.402890920639038,1.3139909469477544,1.2829793623243186,2.088334117722334,2.1210333605686427,0.41033098597377404,1.0,1.0,3.4298730670243733,5.438864736109484,True
D3,24,176,Theta,h1_12,1,ARIMA,8.671362161636353,4.402890920639038,2.684051783291452,2.5651586197525136,4.280802909575315,4.415246601927652,0.7901677012454013,0.75,0.9166666666666666,5.001042972898119,7.565314985591737,True
D3,24,177,Theta,h1,1,ARIMA,8.671362161636353,4.402890920639038,1.1574331840446122,0.9376374219728363,2.4480858898017805,2.4784228498400593,0.404401812980464,0.0,1.0,2.008373112782797,3.159410890152212,True
D3,24,177,Theta,h1_6,1,ARIMA,8.671362161636353,4.402890920639038,1.6647450049869195,1.4474124813599756,3.5475414568482724,3.619496964999109,0.5831947480423406,0.5,0.8333333333333334,3.592974098670171,5.697499856154289,True
D3,24,177,Theta,h1_12,1,ARIMA,8.671362161636353,4.402890920639038,5.802341273659726,6.391359857897983,11.001601110312258,10.129425708385103,2.4975987083399906,0.25,0.5,5.238855475098599,7.925065113041614,True
D3,24,178,Theta,h1,1,ARIMA,8.671362161636353,4.402890920639038,0.4101350831297761,0.33616970201681484,0.739445041122723,0.7367212168702002,0.16128521249685568,1.0,1.0,1.7323975376510712,2.7252736686982932,True
D3,24,178,Theta,h1_6,1,ARIMA,8.671362161636353,4.402890920639038,5.050010877525792,5.398044978100536,9.573951933144546,10.456222125174056,2.1188666722937204,0.3333333333333333,0.3333333333333333,3.0992607920219934,4.914601696242488,True
D3,24,178,Theta,h1_12,1,ARIMA,8.671362161636353,4.402890920639038,10.655695050677506,10.214006081643708,20.754967727580873,24.295889120244908,4.650463103753789,0.16666666666666666,0.16666666666666666,4.518980579114425,6.836073657936377,True
D3,24,179,Theta,h1,1,ARIMA,8.671362161636353,4.402890920639038,1.3212572429913028,1.16617299286672,6.007513490126154,5.8323246452019255,0.4637047686867972,0.0,0.0,1.4769559777569243,2.323427528881217,True
D3,24,179,Theta,h1_6,1,ARIMA,8.671362161636353,4.402890920639038,3.95220831054639,3.6573970622001983,17.635335285246942,16.08240361498221,1.6826102109531913,0.0,0.0,2.64226913101742,4.189934471099042,True
D3,24,179,Theta,h1_12,1,ARIMA,8.671362161636353,4.402890920639038,5.763114428481888,5.401347339142771,26.08174157562911,22.749239001267206,2.4361524530598233,0.0,0.0,3.852648829868698,5.8280862158866125,True
D3,24,180,Theta,h1,1,ARIMA,8.671362161636353,4.402890920639038,1.3926823911144546,1.035694465083664,2.2040009300448777,2.179977567117854,0.4463431205474432,0.0,1.0,2.1404716182182177,3.3672149755806005,True
D3,24,180,Theta,h1_6,1,ARIMA,8.671362161636353,4.402890920639038,4.509640536310762,3.6126078879337378,6.843806069589466,6.5852841086019795,1.8377102806730934,0.0,0.16666666666666666,3.829295445476388,6.072236524931762,True
D3,24,180,Theta,h1_12,1,ARIMA,8.671362161636353,4.402890920639038,4.272701947719118,3.4730682998696616,6.437124973214395,6.201005710309931,1.683980059845595,0.25,0.4166666666666667,5.583427058266913,8.446318925361227,True
D3,24,181,Theta,h1,1,ARIMA,8.671362161636353,4.402890920639038,0.6770568049609663,0.5863993146187597,1.3474074961706373,1.3565466014692595,0.2404335142055705,1.0,1.0,1.9109572000091635,3.006172502699593,True
D3,24,181,Theta,h1_6,1,ARIMA,8.671362161636353,4.402890920639038,3.9897076403842653,3.953516072009574,8.1933383777125,8.665265764698262,1.5031914061068978,0.16666666666666666,0.16666666666666666,3.4187016534095154,5.421147039794391,True
D3,24,181,Theta,h1_12,1,ARIMA,8.671362161636353,4.402890920639038,5.328737714706964,4.96761665874148,10.90285643749502,11.643290333252533,1.8829703573040242,0.08333333333333333,0.16666666666666666,4.984750062893343,7.540671711457552,True
D3,24,182,Theta,h1,1,ARIMA,8.671362161636353,4.402890920639038,0.7814713258713561,0.6324995348932207,1.19445941570852,1.201635942537609,0.2652335560705616,1.0,1.0,1.7575664284329828,2.764853621493735,True
D3,24,182,Theta,h1_6,1,ARIMA,8.671362161636353,4.402890920639038,1.1608355112916522,1.3081810009439565,1.7140665754556619,1.6909203887412059,0.4638695588522193,0.8333333333333334,0.8333333333333334,3.144277941707712,4.9859840567505875,True
D3,24,182,Theta,h1_12,1,ARIMA,8.671362161636353,4.402890920639038,5.46694050801351,5.767570982702381,7.539390576225406,7.097825579057059,2.2861719967026164,0.4166666666666667,0.4166666666666667,4.584619339147911,6.935371609262064,True
D3,24,183,Theta,h1,1,ARIMA,8.671362161636353,4.402890920639038,2.2206223000481056,1.5349927847652827,3.4930799882650536,3.433119188590089,0.7782075288127408,0.0,0.0,2.4908259705236957,3.918360568823739,True
D3,24,183,Theta,h1_6,1,ARIMA,8.671362161636353,4.402890920639038,3.277932524224363,2.3160744804742595,5.077457417571963,4.946626949901158,1.2553557142217622,0.0,0.5,4.456075628825287,7.066145944653639,True
D3,24,183,Theta,h1_12,1,ARIMA,8.671362161636353,4.402890920639038,2.985267582497414,2.1157164587133273,4.603964331908657,4.495450790806956,1.1964221644160926,0.4166666666666667,0.75,6.497326406529016,9.82881983788335,True
D3,24,184,Theta,h1,1,ARIMA,8.671362161636353,4.402890920639038,0.40323994637572896,0.3249977208015004,0.7297531843320257,0.7271001660246017,0.18078059663061435,1.0,1.0,2.1009386549667566,3.305026663429682,True
D3,24,184,Theta,h1_6,1,ARIMA,8.671362161636353,4.402890920639038,0.8784089305600689,0.7549583945648111,1.5812375334370787,1.5784700429744742,0.37909615194722457,1.0,1.0,3.7585724786894406,5.96008802586997,True
D3,24,184,Theta,h1_12,1,ARIMA,8.671362161636353,4.402890920639038,4.913966844966936,5.556643383250237,9.540042951588424,10.567411752079357,1.8776751619446868,0.5833333333333334,0.5833333333333334,5.48031079784543,8.290323240857402,True
D3,24,185,Theta,h1,1,ARIMA,8.671362161636353,4.402890920639038,1.4703810906439228,1.2168175260984742,2.528245581961195,2.560614898482153,0.5282974951973284,0.0,1.0,1.9119659307542307,3.0077584451588906,True
D3,24,185,Theta,h1_6,1,ARIMA,8.671362161636353,4.402890920639038,1.1659785670903178,1.063126351988404,1.9709551675361352,1.9657937477372476,0.46780666243489377,0.8333333333333334,1.0,3.420503437143171,5.424006749400285,True
D3,24,185,Theta,h1_12,1,ARIMA,8.671362161636353,4.402890920639038,1.265277114322091,1.1884269857322545,2.1376359967699816,2.135205075105541,0.5535105609404806,0.9166666666666666,1.0,4.987380686630292,7.544645905326361,True
D3,24,186,Theta,h1,1,ARIMA,8.671362161636353,4.402890920639038,0.7891548808854753,0.6716220549040021,3.671836985213787,3.7405096944112364,0.2675765359602767,0.0,1.0,1.7274399328719572,2.717468343181475,True
D3,24,186,Theta,h1_6,1,ARIMA,8.671362161636353,4.402890920639038,2.6517884066107285,2.471367491254632,13.742595033903008,15.037143873150308,0.9448569050019918,0.0,0.3333333333333333,3.0903839841288607,4.9005235192325065,True
D3,24,186,Theta,h1_12,1,ARIMA,8.671362161636353,4.402890920639038,3.503915330987913,3.17001122565384,19.585722915885377,22.151186805621574,1.2726676092023932,0.0,0.4166666666666667,4.506036617485006,6.8164957231637135,True
D3,24,187,Theta,h1,1,ARIMA,8.671362161636353,4.402890920639038,0.6589134613409917,0.5739954514795157,1.4603605582038608,1.4711022567682055,0.23230680376976964,1.0,1.0,1.7982970488866643,2.828934326076628,True
D3,24,187,Theta,h1_6,1,ARIMA,8.671362161636353,4.402890920639038,0.6479591174844632,0.6395794866544832,1.421677239274094,1.4289707943364716,0.3160581645430156,1.0,1.0,3.2171428476548947,5.101535266564343,True
D3,24,187,Theta,h1_12,1,ARIMA,8.671362161636353,4.402890920639038,1.0039676974981406,1.1615772305875547,2.1887339433264557,2.226550615644076,0.4632820399295501,1.0,1.0,4.690864835292211,7.096098135622685,True
D3,24,188,Theta,h1,1,ARIMA,8.671362161636353,4.402890920639038,1.5371507098033235,1.2544959810290293,5.401333995418741,5.25929787343953,0.5332115396036,0.0,0.0,1.7652630180190638,2.7769684274972355,True
D3,24,188,Theta,h1_6,1,ARIMA,8.671362161636353,4.402890920639038,2.2419583317255354,2.336373381395743,9.208974022257198,9.957831813872536,0.8609542929495924,0.3333333333333333,0.5,3.158050722202659,5.007825231183544,True
D3,24,188,Theta,h1_12,1,ARIMA,8.671362161636353,4.402890920639038,4.84326195330634,4.61479776432275,23.192763532009106,27.84913084996124,2.0342497153005046,0.16666666666666666,0.25,4.604700386574145,6.965751042446311,True
D3,24,189,Theta,h1,1,ARIMA,8.671362161636353,4.402890920639038,0.3651886970033133,0.2775364461485537,1.9326225373960833,1.9141261209918463,0.16344819746438935,1.0,1.0,1.8990625415150046,2.9874502069898003,True
D3,24,189,Theta,h1_6,1,ARIMA,8.671362161636353,4.402890920639038,1.8411892587255947,1.5473241274723502,9.998153062473465,9.421649516582908,0.6290771812013003,0.3333333333333333,1.0,3.3974150970550605,5.387392991673051,True
D3,24,189,Theta,h1_12,1,ARIMA,8.671362161636353,4.402890920639038,3.441128724779958,2.939152071924641,19.44277278832172,17.3099054714236,1.1131234220462949,0.16666666666666666,0.8333333333333334,4.953714148448522,7.493718870880637,True
D3,24,190,Theta,h1,1,ARIMA,8.671362161636353,4.402890920639038,1.175627111966415,0.9390925164678506,2.7799275229334888,2.7418172566602697,0.3621150673663426,1.0,1.0,2.161469888239395,3.4002529422681733,True
D3,24,190,Theta,h1_6,1,ARIMA,8.671362161636353,4.402890920639038,1.7895442483218713,1.526152592998156,4.211557189764278,4.11333079473154,0.6873268453978346,0.3333333333333333,1.0,3.866864571220082,6.131813766686614,True
D3,24,190,Theta,h1_12,1,ARIMA,8.671362161636353,4.402890920639038,2.277842170062809,2.154909492519708,5.340610478047785,5.150624667790985,0.9634244372073383,0.4166666666666667,1.0,5.638210154902091,8.529187023011719,True
D3,24,191,Theta,h1,1,ARIMA,8.671362161636353,4.402890920639038,2.0345720849577127,1.6736698235859129,3.762447769303158,3.6929746481676995,0.7385104217463064,0.0,0.0,2.090855908018692,3.289166746301588,True
D3,24,191,Theta,h1_6,1,ARIMA,8.671362161636353,4.402890920639038,4.179059588276947,3.901621803034044,7.578655873495999,7.234747990373057,1.641904861856898,0.0,0.16666666666666666,3.740535156743092,5.931488883253853,True
D3,24,191,Theta,h1_12,1,ARIMA,8.671362161636353,4.402890920639038,6.84603034324606,6.232158712386068,12.221255379540107,11.384117268532734,2.6879098215984865,0.0,0.16666666666666666,5.4540106356593165,8.25054384895319,True
D3,24,192,Theta,h1,1,ARIMA,8.671362161636353,4.402890920639038,0.12885252995946936,0.1083927242462393,0.4485902506904742,0.4495986786102135,0.1314174765618898,1.0,1.0,1.6483337585286355,2.5930290310867177,True
D3,24,192,Theta,h1_6,1,ARIMA,8.671362161636353,4.402890920639038,0.9517122830767573,0.8959105973782907,3.3287695184705415,3.2611625590992563,0.38023017404048937,0.8333333333333334,1.0,2.9488684376201784,4.676118645610598,True
D3,24,192,Theta,h1_12,1,ARIMA,8.671362161636353,4.402890920639038,1.5297518532930814,1.6122084282449443,5.436301911247921,5.2161616052317346,0.6182719804834852,0.6666666666666666,1.0,4.2996941183097785,6.504354582786476,True
D3,24,193,Theta,h1,1,ARIMA,8.671362161636353,4.402890920639038,0.3315345990244841,0.27491796214686476,1.4508515924503576,1.4404025408495522,0.12280901656556145,1.0,1.0,1.2593387412346229,1.98108826941246,True
D3,24,193,Theta,h1_6,1,ARIMA,8.671362161636353,4.402890920639038,1.7961905245538676,1.8796565256669289,9.261232098818578,10.027760678945281,0.6604735406569682,0.5,0.5,2.252950057266119,3.572578686426334,True
D3,24,193,Theta,h1_12,1,ARIMA,8.671362161636353,4.402890920639038,1.6644777574246175,1.6222422742944775,8.630415890043384,8.88415480134206,0.6073940404709174,0.6666666666666666,0.75,3.2849883982681454,4.969360339649575,True
D3,24,194,Theta,h1,1,ARIMA,8.671362161636353,4.402890920639038,0.5481164805019089,0.47523224319859697,0.9341141403346879,0.9297715764504697,0.18784695539996493,1.0,1.0,1.7988656078323277,2.829827754668971,True
D3,24,194,Theta,h1_6,1,ARIMA,8.671362161636353,4.402890920639038,2.5474936826981436,2.4184998240452216,4.1857432356601905,4.083962665433829,1.00891316179832,0.16666666666666666,0.5,3.218166902733827,5.103152359001648,True
D3,24,194,Theta,h1_12,1,ARIMA,8.671362161636353,4.402890920639038,4.312299711574741,4.327981037890514,6.785386645655202,6.5003446338356765,1.8417517415980473,0.08333333333333333,0.4166666666666667,4.692355290599144,7.0983463056161895,True
D3,24,195,Theta,h1,1,ARIMA,8.671362161636353,4.402890920639038,0.8882868006014143,0.7639560104699019,1.7431615908116131,1.7584882365710364,0.3014520336815684,1.0,1.0,1.996484637232731,3.140713367912172,True
D3,24,195,Theta,h1_6,1,ARIMA,8.671362161636353,4.402890920639038,2.428239035618462,2.1970592765986976,4.797755912081385,4.92897320589931,0.7536142869025769,0.3333333333333333,0.8333333333333334,3.5717057955412903,5.663775324519994,True
D3,24,195,Theta,h1_12,1,ARIMA,8.671362161636353,4.402890920639038,1.8678629141222542,1.7655232480204892,3.6480934853121227,3.731366330765077,0.6634760137551993,0.6666666666666666,0.9166666666666666,5.2078453633540205,7.878156813953031,True
D3,24,196,Theta,h1,1,ARIMA,8.671362161636353,4.402890920639038,2.177540158291677,1.8342249961352164,4.0166776625291405,4.098999460385385,0.8811769802249723,0.0,0.0,1.9093765987455944,3.003681588136005,True
D3,24,196,Theta,h1_6,1,ARIMA,8.671362161636353,4.402890920639038,7.606710174235609,6.816051368979563,14.755452118314924,16.115778294278016,3.3209372087393683,0.0,0.0,3.415873461413877,5.416663148672732,True
D3,24,196,Theta,h1_12,1,ARIMA,8.671362161636353,4.402890920639038,9.251102513938797,8.11442102661635,17.983107322105827,19.942579404539615,3.9095922026331777,0.0,0.0,4.9806275225681835,7.534434147123478,True
D3,24,197,Theta,h1,1,ARIMA,8.671362161636353,4.402890920639038,0.14862580563609196,0.12188369860986727,0.2461392190230525,0.2464425148637657,0.15024984628670032,1.0,1.0,1.8835770287522815,2.9630976380494087,True
D3,24,197,Theta,h1_6,1,ARIMA,8.671362161636353,4.402890920639038,2.8588477490492754,2.71716269876462,4.56347722491591,4.428809306489677,1.1333379543356645,0.16666666666666666,0.5,3.3697168494514846,5.343471347258539,True
D3,24,197,Theta,h1_12,1,ARIMA,8.671362161636353,4.402890920639038,3.0329855614765373,2.793486434520689,4.91454902598716,4.866211681184221,1.1241792453629544,0.3333333333333333,0.75,4.913327000865691,7.432627583192869,True
D3,24,198,Theta,h1,1,ARIMA,8.671362161636353,4.402890920639038,0.04690272239194368,0.036050269069341376,0.058801811262910945,0.058819104612351285,0.14280877553076277,1.0,1.0,1.8598383892765245,2.9257398130153187,True
D3,24,198,Theta,h1_6,1,ARIMA,8.671362161636353,4.402890920639038,4.283219893886396,3.864001077684301,5.475740826632844,5.692416455373828,1.7426161357766217,0.16666666666666666,0.16666666666666666,3.327237973507605,5.2761060905927115,True
D3,24,198,Theta,h1_12,1,ARIMA,8.671362161636353,4.402890920639038,3.8903448943259327,3.598552669890309,4.924491316818014,5.109723259082577,1.5567366993604128,0.3333333333333333,0.4166666666666667,4.851384200936689,7.338916770241292,True
D3,24,199,Theta,h1,1,ARIMA,8.671362161636353,4.402890920639038,0.09643008415831252,0.0803357768449773,0.1611386562424778,0.16100893242740585,0.12346560808157696,1.0,1.0,1.5667462509111407,2.4646735618445663,True
D3,24,199,Theta,h1_6,1,ARIMA,8.671362161636353,4.402890920639038,0.1893567786400145,0.1934663780021538,0.3105227365333024,0.30983854247958376,0.22584821129572505,1.0,1.0,2.802905974772756,4.444649161831759,True
D3,24,199,Theta,h1_12,1,ARIMA,8.671362161636353,4.402890920639038,0.5255813635234439,0.6070388772749996,0.8373507478731874,0.83488356494572,0.3607747397757276,1.0,1.0,4.086862644671631,6.1823910888954785,True
D3,24,0,AutoETS,h1,1,ARIMA,8.671362161636353,4.402890920639038,0.027429179042372777,0.020634064849789337,0.042950951604731454,0.04296017750725667,0.153864234884663,1.0,1.0,2.078609907377968,3.1651361380795793,True
D3,24,0,AutoETS,h1_6,1,ARIMA,8.671362161636353,4.402890920639038,2.6204690560550725,2.3135315746611447,4.1982291875445155,4.324066799311853,0.9054517898558033,0.3333333333333333,0.8333333333333334,4.595325185173629,6.997383086741691,True
D3,24,0,AutoETS,h1_12,1,ARIMA,8.671362161636353,4.402890920639038,1.9377058928964992,1.8016908945605588,3.0834704175335337,3.157702581435891,0.8541719515855031,0.6666666666666666,0.9166666666666666,7.124449332742626,10.848525241287746,True
D3,24,1,AutoETS,h1,1,ARIMA,8.671362161636353,4.402890920639038,0.9786850103122888,0.7941733707431604,1.8605544920264303,1.8434057081716013,0.32637002141099425,1.0,1.0,2.483476758440163,3.781634066266558,True
D3,24,1,AutoETS,h1_6,1,ARIMA,8.671362161636353,4.402890920639038,1.6856513804437279,1.411212194877659,3.179946060038145,3.127153050257424,0.578367008243821,0.8333333333333334,1.0,4.485792500154478,6.830595726388778,True
D3,24,1,AutoETS,h1_12,1,ARIMA,8.671362161636353,4.402890920639038,2.1904404180031465,2.058340435209573,4.088773489868227,3.981565473373567,0.786169462033654,0.75,1.0,6.060726975090383,9.228776358566721,True
D3,24,2,AutoETS,h1,1,ARIMA,8.671362161636353,4.402890920639038,1.6784554910706477,1.2597459450142117,2.791869701531853,2.831394118798701,0.6077360742901887,0.0,0.0,1.9584631306047968,2.9821865121354625,True
D3,24,2,AutoETS,h1_6,1,ARIMA,8.671362161636353,4.402890920639038,4.898428680312649,4.059451198245412,8.341092336164662,8.796337704928243,1.9456573461863436,0.0,0.0,4.260186993095168,6.487062223152501,True
D3,24,2,AutoETS,h1_12,1,ARIMA,8.671362161636353,4.402890920639038,7.846233843276218,6.431065475282001,13.667158749113808,14.90429060838807,3.157923556135318,0.0,0.0,6.4736799646398095,9.857587193111259,True
D3,24,3,AutoETS,h1,1,ARIMA,8.671362161636353,4.402890920639038,0.8707369540791392,0.706826154184582,1.551411137837821,1.5635396015996825,0.2906845757918771,1.0,1.0,2.2238050019120643,3.3862272813241963,True
D3,24,3,AutoETS,h1_6,1,ARIMA,8.671362161636353,4.402890920639038,4.584569466623713,4.811778821725289,8.70251811603758,9.415059547921173,1.9074856969489054,0.3333333333333333,0.5,4.014376804197656,6.112762692862513,True
D3,24,3,AutoETS,h1_12,1,ARIMA,8.671362161636353,4.402890920639038,8.547851984674718,7.965430279078261,16.79653717995963,18.93859513817871,3.6781413893883634,0.16666666666666666,0.25,5.41990218010988,8.25298108809733,True
D3,24,4,AutoETS,h1,1,ARIMA,8.671362161636353,4.402890920639038,0.8624583539392542,0.7744024092577367,3.5158725234784907,3.5787852877822033,0.2837017789949941,1.0,1.0,2.0104509964526396,3.061349356665634,True
D3,24,4,AutoETS,h1_6,1,ARIMA,8.671362161636353,4.402890920639038,1.8400368046788842,1.7961378237426242,7.70909530571718,8.08372546654778,0.6066629740823204,0.5,1.0,3.629233606002412,5.526298320391082,True
D3,24,4,AutoETS,h1_12,1,ARIMA,8.671362161636353,4.402890920639038,1.8039910627584212,1.8441395648094232,7.484001902857891,7.782878217578714,0.6682912769161913,0.6666666666666666,1.0,4.899911516211524,7.4611820901579815,True
D3,24,5,AutoETS,h1,1,ARIMA,8.671362161636353,4.402890920639038,0.2616225155879798,0.22801080860637346,0.5282445803278724,0.5268530440022552,0.16634261899466204,1.0,1.0,2.071346159883224,3.1540755010587023,True
D3,24,5,AutoETS,h1_6,1,ARIMA,8.671362161636353,4.402890920639038,0.4373768051359976,0.4608223280562824,0.8870687337757825,0.8887729422039427,0.30576490430801717,1.0,1.0,3.739160569631573,5.693686055769923,True
D3,24,5,AutoETS,h1_12,1,ARIMA,8.671362161636353,4.402890920639038,1.1350388486563867,1.407535492516336,2.2495628897626787,2.2041465271495726,0.5166879240203301,1.0,1.0,5.04832643062702,7.687176110189879,True
D3,24,6,AutoETS,h1,1,ARIMA,8.671362161636353,4.402890920639038,0.141410328553746,0.11265367794050116,0.6440872994688795,0.642019715744282,0.08860261706829677,1.0,1.0,1.101746211626059,1.6776484789340627,True
D3,24,6,AutoETS,h1_6,1,ARIMA,8.671362161636353,4.402890920639038,3.4032991512741066,3.200000227702837,15.988539082091858,14.388844447387491,1.504009505484761,0.16666666666666666,0.16666666666666666,1.8809325495595697,2.864129322567799,True
D3,24,6,AutoETS,h1_12,1,ARIMA,8.671362161636353,4.402890920639038,5.094397434331486,4.448467653650601,26.743159191816783,22.95942942562208,2.2795219152515416,0.08333333333333333,0.08333333333333333,2.3690263194099552,3.607358354740421,True
D3,24,7,AutoETS,h1,1,ARIMA,8.671362161636353,4.402890920639038,1.6801863651557287,1.4452976783905072,2.6917195497919284,2.655973865899044,0.5732348211500057,0.0,1.0,2.385668546417569,3.632699768698359,True
D3,24,7,AutoETS,h1_6,1,ARIMA,8.671362161636353,4.402890920639038,4.518094864017771,4.388034191400404,7.011527867072386,6.717859534810507,1.752329849191619,0.0,0.16666666666666666,4.308258929411785,6.560262212396811,True
D3,24,7,AutoETS,h1_12,1,ARIMA,8.671362161636353,4.402890920639038,7.036351529410745,6.596913447300281,10.703413799024762,10.07204864375449,2.8315744688865983,0.0,0.08333333333333333,5.81944263530222,8.86136841891173,True
D3,24,8,AutoETS,h1,1,ARIMA,8.671362161636353,4.402890920639038,0.4459268057389492,0.3239018977815387,1.35140675049549,1.342336537206403,0.21490487793269958,1.0,1.0,2.4853016104773444,3.784412800799216,True
D3,24,8,AutoETS,h1_6,1,ARIMA,8.671362161636353,4.402890920639038,1.9184164617685704,1.5936436631175606,5.638204127506462,5.43931517515117,0.6541854443661468,0.6666666666666666,1.0,4.486426250483744,6.831560749244947,True
D3,24,8,AutoETS,h1_12,1,ARIMA,8.671362161636353,4.402890920639038,4.558235572290069,4.0858165858737046,12.600152117848234,11.551324198704826,1.6960767912391324,0.3333333333333333,0.6666666666666666,6.05722696246971,9.223446827330436,True
D3,24,9,AutoETS,h1,1,ARIMA,8.671362161636353,4.402890920639038,1.410716771870741,1.1669623567751009,2.82172642076689,2.8621068331172115,0.4739618563887334,0.0,1.0,2.221385704062191,3.38254337361922,True
D3,24,9,AutoETS,h1_6,1,ARIMA,8.671362161636353,4.402890920639038,1.7863528930765125,1.6584051234752881,3.472568533456983,3.425576622103265,0.6162635680782871,0.6666666666666666,1.0,4.012020862529731,6.109175258738438,True
D3,24,9,AutoETS,h1_12,1,ARIMA,8.671362161636353,4.402890920639038,4.241323935218478,4.139550899894726,7.921219809420614,7.529847222202224,1.5786680314071981,0.3333333333333333,0.5,5.420013645226823,8.253150818006018,True
D3,24,10,AutoETS,h1,1,ARIMA,8.671362161636353,4.402890920639038,0.38501007342128585,0.3089430894409649,0.5011709196920797,0.5024299360577542,0.16336965967660358,1.0,1.0,1.7537247146894839,2.670427698340446,True
D3,24,10,AutoETS,h1_6,1,ARIMA,8.671362161636353,4.402890920639038,0.7874715815777746,0.7304321723638006,0.9913549149059739,0.9943891049860062,0.3208066920485567,1.0,1.0,3.166338438721144,4.821439646859354,True
D3,24,10,AutoETS,h1_12,1,ARIMA,8.671362161636353,4.402890920639038,1.4278602249485912,1.3127664953827929,1.7452472687451763,1.7636559449005798,0.5165985333954884,0.8333333333333334,1.0,4.275844185027638,6.510903706747084,True
D3,24,11,AutoETS,h1,1,ARIMA,8.671362161636353,4.402890920639038,1.0099886024791864,0.7613435487033875,2.9631652395556087,2.9199044428167165,0.32733117383040466,1.0,1.0,2.1311222196462327,3.2450975664671096,True
D3,24,11,AutoETS,h1_6,1,ARIMA,8.671362161636353,4.402890920639038,1.877177189786254,1.4771780360752897,5.761015346926801,5.58434561048249,0.6436119794878171,0.8333333333333334,1.0,5.065021613750512,7.712598161363817,True
D3,24,11,AutoETS,h1_12,1,ARIMA,8.671362161636353,4.402890920639038,1.3437202661437468,1.1657399584517905,4.334164629701949,4.216007885217215,0.8110137179673291,0.9166666666666666,1.0,8.900408987664221,13.55281047711366,True
D3,24,12,AutoETS,h1,1,ARIMA,8.671362161636353,4.402890920639038,0.18838882427963663,0.13914449856095037,0.3347743537824531,0.3342149208616735,0.18959338124482455,1.0,1.0,2.44410461486993,3.7216814055939347,True
D3,24,12,AutoETS,h1_6,1,ARIMA,8.671362161636353,4.402890920639038,2.67695519542763,2.22010555865988,4.62637201703208,4.496096239689107,0.9631412252410888,0.3333333333333333,0.6666666666666666,4.412058100656379,6.718319049729696,True
D3,24,12,AutoETS,h1_12,1,ARIMA,8.671362161636353,4.402890920639038,1.6886380435281996,1.6350123128826681,2.930482401951369,2.8594723970186866,0.780723523191987,0.6666666666666666,0.8333333333333334,5.956820817994529,9.07055661198237,True
D3,24,13,AutoETS,h1,1,ARIMA,8.671362161636353,4.402890920639038,0.7860326687848308,0.624149988616342,1.1750706071612147,1.1820153647227076,0.2638718903106762,1.0,1.0,2.074207206535827,3.1584320674931856,True
D3,24,13,AutoETS,h1_6,1,ARIMA,8.671362161636353,4.402890920639038,2.5793699177320133,2.3056113296587397,3.805883666471508,3.8998653822120035,0.9069378469482774,0.3333333333333333,0.5,3.7448460415589384,5.702343424617945,True
D3,24,13,AutoETS,h1_12,1,ARIMA,8.671362161636353,4.402890920639038,3.922595110536241,3.5597595771014086,5.663636457298657,5.8808045477286015,1.4215893763638674,0.16666666666666666,0.5,5.056899180410258,7.70022998819042,True
D3,24,14,AutoETS,h1,1,ARIMA,8.671362161636353,4.402890920639038,3.378272982532168,2.8475150521246704,5.939774298531788,5.768457617052107,1.4434746401554288,0.0,0.0,2.0783455206337367,3.164733551699319,True
D3,24,14,AutoETS,h1_6,1,ARIMA,8.671362161636353,4.402890920639038,7.134994678801055,6.22961998783758,12.09250082229355,11.361261644698269,3.1238682151269406,0.0,0.0,3.7531859305308495,5.715042721334885,True
D3,24,14,AutoETS,h1_12,1,ARIMA,8.671362161636353,4.402890920639038,12.525930854945939,11.778052112874107,19.932681892336817,17.825594927761927,5.663742672455039,0.0,0.0,5.06953734624571,7.71947434725118,True
D3,24,15,AutoETS,h1,1,ARIMA,8.671362161636353,4.402890920639038,0.9005109525012474,0.742685739986692,2.0711397062153725,2.0499114413137223,0.2925049268635535,1.0,1.0,1.929950140518566,2.9387692768926765,True
D3,24,15,AutoETS,h1_6,1,ARIMA,8.671362161636353,4.402890920639038,4.720736725091674,4.281255038863516,10.27218587150381,9.679369692835905,1.863093317574292,0.16666666666666666,0.16666666666666666,4.306265652776752,6.5572270147445995,True
D3,24,15,AutoETS,h1_12,1,ARIMA,8.671362161636353,4.402890920639038,5.7787406315034815,5.110952121777208,12.43621690277747,11.617953731468772,2.1806582387969415,0.25,0.3333333333333333,6.771291637809629,10.310765761403749,True
D3,24,16,AutoETS,h1,1,ARIMA,8.671362161636353,4.402890920639038,1.6595132697354775,1.2367084747361508,5.587613533560712,5.435749204461264,0.5936737630797756,0.0,0.0,1.9973055517596376,3.0413325550997135,True
D3,24,16,AutoETS,h1_6,1,ARIMA,8.671362161636353,4.402890920639038,2.2373010186506685,1.87127927721032,7.9469966403467955,7.580581572105747,0.8859054279744926,0.3333333333333333,0.5,4.746927190767085,7.228230146984225,True
D3,24,16,AutoETS,h1_12,1,ARIMA,8.671362161636353,4.402890920639038,2.018333687608126,1.741667246481681,8.31277658558373,7.886375749977585,0.952912996281043,0.6666666666666666,0.75,8.341383273419538,12.701572116326872,True
D3,24,17,AutoETS,h1,1,ARIMA,8.671362161636353,4.402890920639038,1.9520799382171103,1.583157682622427,2.642031136614752,2.6774000075402213,0.7129500141376214,0.0,0.0,2.2257905611534143,3.389250727564277,True
D3,24,17,AutoETS,h1_6,1,ARIMA,8.671362161636353,4.402890920639038,5.239923925784288,4.567651491846246,7.295560798612109,7.620499749317387,2.145036233457849,0.0,0.0,4.017961103610124,6.118220569090197,True
D3,24,17,AutoETS,h1_12,1,ARIMA,8.671362161636353,4.402890920639038,6.477456313986002,5.502769912730136,9.084904913618251,9.565397064043125,2.5975200387965134,0.0,0.0,5.424741424940978,8.260349891951085,True
D3,24,18,AutoETS,h1,1,ARIMA,8.671362161636353,4.402890920639038,1.2577700866652062,1.0926482624817442,2.1781096309706576,2.2020916157534187,0.42553943363460583,0.0,1.0,1.8923643824068304,2.8815367770117155,True
D3,24,18,AutoETS,h1_6,1,ARIMA,8.671362161636353,4.402890920639038,3.5755304231292886,3.3430717138177437,6.041152951140448,6.259108921807142,1.2502179463987233,0.0,0.3333333333333333,4.580762639210263,6.975208439960936,True
D3,24,18,AutoETS,h1_12,1,ARIMA,8.671362161636353,4.402890920639038,8.75963126752103,9.13044772083528,14.81694600351057,16.62625059344306,3.4115865400739063,0.0,0.16666666666666666,8.20790623401589,12.498324263268538,True
D3,24,19,AutoETS,h1,1,ARIMA,8.671362161636353,4.402890920639038,2.0856453515193945,1.5281044173820886,4.433747189492361,4.33758833895723,0.7770465693088737,0.0,0.0,2.248515908498679,3.4238550166507635,True
D3,24,19,AutoETS,h1_6,1,ARIMA,8.671362161636353,4.402890920639038,1.1997777401628722,1.0173361911838747,2.5664363434473776,2.526228849269674,0.5225320688970755,0.6666666666666666,0.8333333333333334,4.061518996899619,6.184546945030115,True
D3,24,19,AutoETS,h1_12,1,ARIMA,8.671362161636353,4.402890920639038,1.4714232738467894,1.3046236739348818,3.1273869281604925,3.059653868398678,0.6263727619579764,0.8333333333333334,0.9166666666666666,5.487699619706682,8.356217450714208,True
D3,24,20,AutoETS,h1,1,ARIMA,8.671362161636353,4.402890920639038,0.15930880828165148,0.1417287197869515,0.30614170357550297,0.3056738060768491,0.1575705627407082,1.0,1.0,2.0292124414417443,3.0899177413956624,True
D3,24,20,AutoETS,h1_6,1,ARIMA,8.671362161636353,4.402890920639038,0.5093716495712671,0.5610515143166005,0.9876064149315867,0.9949840995286732,0.31136015565773284,1.0,1.0,3.6628712995056594,5.577519032334616,True
D3,24,20,AutoETS,h1_12,1,ARIMA,8.671362161636353,4.402890920639038,1.8046590940603346,2.414458710490497,3.617243662971195,3.7784290576272217,0.72973428574837,0.8333333333333334,0.9166666666666666,4.945259038736777,7.530233566246689,True
D3,24,21,AutoETS,h1,1,ARIMA,8.671362161636353,4.402890920639038,0.308167683667462,0.2608214142690182,0.5344499210897637,0.5330255437906749,0.13519124949900332,1.0,1.0,1.4819832740567005,2.2566421915420136,True
D3,24,21,AutoETS,h1_6,1,ARIMA,8.671362161636353,4.402890920639038,3.896609138238795,3.958973458335446,6.140580012020816,5.888136444160519,1.6580885880736727,0.16666666666666666,0.16666666666666666,2.6756399140211893,4.074244308322105,True
D3,24,21,AutoETS,h1_12,1,ARIMA,8.671362161636353,4.402890920639038,6.194410701704731,5.841235495304259,9.20491701591778,8.718002288304874,2.6831589996241516,0.08333333333333333,0.08333333333333333,3.6130891319822354,5.5017148437270995,True
D3,24,22,AutoETS,h1,1,ARIMA,8.671362161636353,4.402890920639038,0.9528181465768326,0.8064380533656301,2.2027870581759803,2.178790006037072,0.3114881315850759,1.0,1.0,2.1328369998522896,3.247708692672077,True
D3,24,22,AutoETS,h1_6,1,ARIMA,8.671362161636353,4.402890920639038,1.5471945547489916,1.6060537052045516,3.6653204377358835,3.7219884928047815,0.5682015222203659,0.6666666666666666,1.0,3.8501628389088824,5.862711178113169,True
D3,24,22,AutoETS,h1_12,1,ARIMA,8.671362161636353,4.402890920639038,5.787316824401257,6.219737372025486,15.184547764074246,17.399677402636524,2.404076507813224,0.3333333333333333,0.5,5.198193139856741,7.915380803910601,True
D3,24,23,AutoETS,h1,1,ARIMA,8.671362161636353,4.402890920639038,1.9115072840674772,1.6469232715199882,5.184584401137166,5.053580819698687,0.7424825712857851,0.0,0.0,1.8043134193029906,2.747460015266539,True
D3,24,23,AutoETS,h1_6,1,ARIMA,8.671362161636353,4.402890920639038,6.913162968046306,6.801677736282045,18.14150603577331,16.276479073186355,3.0715201202950477,0.0,0.0,3.257691647503476,4.960544796613607,True
D3,24,23,AutoETS,h1_12,1,ARIMA,8.671362161636353,4.402890920639038,13.047431606564277,12.727764441485855,33.14939147042663,27.49505883634195,6.003724624964433,0.0,0.0,4.399223287375072,6.698775252118625,True
D3,24,24,AutoETS,h1,1,ARIMA,8.671362161636353,4.402890920639038,0.04361038234506572,0.03437125405344709,0.1875465991683306,0.18772263287524402,0.1497475331415956,1.0,1.0,2.010173721646058,3.0609271454044547,True
D3,24,24,AutoETS,h1_6,1,ARIMA,8.671362161636353,4.402890920639038,0.588245484301998,0.6639341810502134,2.8116305185999586,2.749292249895339,0.3268502877621245,1.0,1.0,3.629270307658897,5.526354206653749,True
D3,24,24,AutoETS,h1_12,1,ARIMA,8.671362161636353,4.402890920639038,3.7756951259161173,4.494338981711762,17.83036915036478,15.000470148648166,1.5661554161392042,0.5833333333333334,0.6666666666666666,4.900839597049939,7.462595295295848,True
D3,24,25,AutoETS,h1,1,ARIMA,8.671362161636353,4.402890920639038,1.6480429206518383,1.4503035851178858,5.028724649199418,4.905385484695843,0.5815539659932,0.0,0.0,2.05132066076756,3.123582318711661,True
D3,24,25,AutoETS,h1_6,1,ARIMA,8.671362161636353,4.402890920639038,4.424651415041738,4.242401439563569,12.804583348879287,11.917711387384207,1.774627310321345,0.0,0.0,3.703010862677398,5.638640256432817,True
D3,24,25,AutoETS,h1_12,1,ARIMA,8.671362161636353,4.402890920639038,4.1839887499634445,3.995150571457867,12.16547793637333,11.368984061584275,1.6042758702629376,0.16666666666666666,0.3333333333333333,4.999519882291449,7.612857514207285,True
D3,24,26,AutoETS,h1,1,ARIMA,8.671362161636353,4.402890920639038,0.08342273112025463,0.06556368881573688,0.16370299839649738,0.16383710152033473,0.13299863079138072,1.0,1.0,1.751464278762661,2.6669856925006865,True
D3,24,26,AutoETS,h1_6,1,ARIMA,8.671362161636353,4.402890920639038,0.6456949458677489,0.5859823695278082,1.2671377513700468,1.2682749156317896,0.33491751780917967,1.0,1.0,3.833473821356801,5.837298515364072,True
D3,24,26,AutoETS,h1_12,1,ARIMA,8.671362161636353,4.402890920639038,1.465297577281407,1.3843337633500603,2.821210188693237,2.7714572723805175,0.5870126910880792,1.0,1.0,5.871630681738657,8.940836081971277,True
D3,24,27,AutoETS,h1,1,ARIMA,8.671362161636353,4.402890920639038,0.8248431321149673,0.669902867471262,1.928000208833078,1.9467670451813732,0.27791157077393436,1.0,1.0,2.2226787698076653,3.384512347742441,True
D3,24,27,AutoETS,h1_6,1,ARIMA,8.671362161636353,4.402890920639038,1.7066858643043488,1.8503367462187823,3.832283529209355,3.7240689775587232,0.6463362094013434,0.6666666666666666,0.8333333333333334,4.012343748227288,6.109666922511514,True
D3,24,27,AutoETS,h1_12,1,ARIMA,8.671362161636353,4.402890920639038,5.278003631148682,5.441917373727619,11.145428853322375,10.26859274383554,2.132317661279168,0.3333333333333333,0.4166666666666667,5.417157304622713,8.248801417554956,True
D3,24,28,AutoETS,h1,1,ARIMA,8.671362161636353,4.402890920639038,1.3375338076312178,1.1121608805481837,2.232961516036185,2.2083062022103856,0.4471955925558185,0.0,1.0,2.170983525111176,3.305795082624557,True
D3,24,28,AutoETS,h1_6,1,ARIMA,8.671362161636353,4.402890920639038,1.7227487368068102,1.5798877426005633,2.858148067269359,2.809789939111896,0.5904713605416341,0.6666666666666666,1.0,3.9190243290252926,5.967567789310798,True
D3,24,28,AutoETS,h1_12,1,ARIMA,8.671362161636353,4.402890920639038,4.410473427783878,4.945415249166413,6.981615000899398,6.58365172024078,1.7444257205774567,0.4166666666666667,0.6666666666666666,5.291164616778712,8.056950119236136,True
D3,24,29,AutoETS,h1,1,ARIMA,8.671362161636353,4.402890920639038,0.35836459988261216,0.33673606341084084,0.9297750823853858,0.9254726752211399,0.14643285785900775,1.0,1.0,1.5328168511916511,2.3340473801955435,True
D3,24,29,AutoETS,h1_6,1,ARIMA,8.671362161636353,4.402890920639038,4.255535507814634,4.577895789647487,10.682158226503049,9.99159119950569,1.7583402782155941,0.16666666666666666,0.16666666666666666,3.3347177447492222,5.077833799760563,True
D3,24,29,AutoETS,h1_12,1,ARIMA,8.671362161636353,4.402890920639038,7.181577047053417,7.5034194544656785,17.56849069747941,15.87682029407175,3.0041152187206914,0.08333333333333333,0.08333333333333333,5.06801250129812,7.71715243882986,True
D3,24,30,AutoETS,h1,1,ARIMA,8.671362161636353,4.402890920639038,0.18479574634623144,0.1475514351637564,0.3165475384343331,0.31704934438196475,0.12072860244141098,1.0,1.0,1.5072021469552774,2.2950434161727697,True
D3,24,30,AutoETS,h1_6,1,ARIMA,8.671362161636353,4.402890920639038,3.9489231281552124,3.868030047815741,6.682965817707142,7.039287846127144,1.6872306866175413,0.16666666666666666,0.16666666666666666,2.7211748866020837,4.143581217932077,True
D3,24,30,AutoETS,h1_12,1,ARIMA,8.671362161636353,4.402890920639038,8.21015284796374,7.655021314654737,13.636538091620157,15.037345784154768,3.6879457424132793,0.08333333333333333,0.08333333333333333,3.6745779029858445,5.595344884890103,True
D3,24,31,AutoETS,h1,1,ARIMA,8.671362161636353,4.402890920639038,0.3957210900996593,0.33173214331508577,0.7964572282112997,0.7932980882288195,0.21171575346313776,1.0,1.0,2.5768493324391564,3.9238141392185506,True
D3,24,31,AutoETS,h1_6,1,ARIMA,8.671362161636353,4.402890920639038,1.8538632104193145,1.9152345988129522,3.6430737319012327,3.546539308209006,0.6605870332609094,0.6666666666666666,1.0,4.6549825686836686,7.088224441716808,True
D3,24,31,AutoETS,h1_12,1,ARIMA,8.671362161636353,4.402890920639038,5.2870667089323,5.701433432002428,9.829911015304782,9.123399471665666,2.0504397797071032,0.3333333333333333,0.6666666666666666,6.29019601704433,9.578192934847317,True
D3,24,32,AutoETS,h1,1,ARIMA,8.671362161636353,4.402890920639038,0.6244726148958913,0.5405397814961773,0.7375796041348778,0.7403097911483396,0.21247882699425247,1.0,1.0,1.7773880801000297,2.7064603241561924,True
D3,24,32,AutoETS,h1_6,1,ARIMA,8.671362161636353,4.402890920639038,1.2060378986598548,1.2841947349794924,1.4079997249986198,1.4232008569362375,0.4858556905223574,0.6666666666666666,0.8333333333333334,3.2090236846057274,4.886437227132861,True
D3,24,32,AutoETS,h1_12,1,ARIMA,8.671362161636353,4.402890920639038,1.920989964317209,2.0367938078813905,2.1491003348886357,2.1528351236260024,0.7190037444372966,0.5833333333333334,0.8333333333333334,4.333412890174375,6.598564594167872,True
D3,24,33,AutoETS,h1,1,ARIMA,8.671362161636353,4.402890920639038,0.5159242273917758,0.4225574048318549,1.146696889073072,1.1533093704090063,0.1967648799801995,1.0,1.0,1.9583738045562857,2.98205049377857,True
D3,24,33,AutoETS,h1_6,1,ARIMA,8.671362161636353,4.402890920639038,3.6347498935634093,3.2934947699130745,8.449623253948808,8.916696365179739,1.4340985243439273,0.16666666666666666,0.3333333333333333,3.536954814938272,5.385783770095375,True
D3,24,33,AutoETS,h1_12,1,ARIMA,8.671362161636353,4.402890920639038,4.411067135600953,3.859187851078113,10.324818612771265,10.980534905028886,1.6611233202374658,0.08333333333333333,0.3333333333333333,4.778155682205709,7.2757823242538775,True
D3,24,34,AutoETS,h1,1,ARIMA,8.671362161636353,4.402890920639038,0.17837989610946564,0.14987758115535058,0.2763740520393562,0.275992665982203,0.1905182738478581,1.0,1.0,2.464311371512389,3.7524505919888353,True
D3,24,34,AutoETS,h1_6,1,ARIMA,8.671362161636353,4.402890920639038,0.5043015247682431,0.6252175925650643,0.7890283712828143,0.7957709358882717,0.37485872550978033,1.0,1.0,4.450233994341213,6.776450159504775,True
D3,24,34,AutoETS,h1_12,1,ARIMA,8.671362161636353,4.402890920639038,1.1336304758456663,1.1805068311267732,1.78288738676677,1.8076984930369564,0.5498183123906895,1.0,1.0,6.011143235289522,9.15327431936841,True
D3,24,35,AutoETS,h1,1,ARIMA,8.671362161636353,4.402890920639038,1.9477140505035915,1.5396636770071588,3.716369939496491,3.786734470267273,0.7112139926487221,0.0,0.0,2.2220095137619946,3.383493259702754,True
D3,24,35,AutoETS,h1_6,1,ARIMA,8.671362161636353,4.402890920639038,3.0014751477420396,2.4316795119401844,5.793844339294886,5.976424167137958,1.0795470786327641,0.0,0.5,4.012951348528008,6.110592126255848,True
D3,24,35,AutoETS,h1_12,1,ARIMA,8.671362161636353,4.402890920639038,2.82301985758301,2.324727213588008,5.444744134651503,5.611392685586822,0.9982844151793864,0.4166666666666667,0.75,5.420949417833933,8.25457573553637,True
D3,24,36,AutoETS,h1,1,ARIMA,8.671362161636353,4.402890920639038,1.8160663045138368,1.4883649918511548,7.098411661214909,6.855109707772124,0.6716772539335466,0.0,0.0,1.9996154076624357,3.0448498136126063,True
D3,24,36,AutoETS,h1_6,1,ARIMA,8.671362161636353,4.402890920639038,1.0935962207033905,1.0426517227040601,4.58412330684486,4.447087843262044,0.45363159840340245,0.8333333333333334,0.8333333333333334,3.610175891764409,5.497278801225992,True
D3,24,36,AutoETS,h1_12,1,ARIMA,8.671362161636353,4.402890920639038,2.3441565818442176,2.497041723807111,10.754539889487898,9.862071955555411,0.8655377683906197,0.6666666666666666,0.8333333333333334,4.875045819938328,7.423318653832843,True
D3,24,37,AutoETS,h1,1,ARIMA,8.671362161636353,4.402890920639038,0.9500120944466688,0.7930431356464915,2.0335993738662457,2.0131298755936524,0.3085628902909341,0.0,1.0,1.8118079125009565,2.7588720128584265,True
D3,24,37,AutoETS,h1_6,1,ARIMA,8.671362161636353,4.402890920639038,6.595775860714879,6.350068773696013,13.666102836519977,12.54853741527473,2.809074024902271,0.0,0.16666666666666666,4.202735598372286,6.399579966392808,True
D3,24,37,AutoETS,h1_12,1,ARIMA,8.671362161636353,4.402890920639038,10.249646815458672,9.365440991673205,21.501000848083073,19.05955353017365,4.2702884233544305,0.0,0.08333333333333333,7.263165839273789,11.059751323782365,True
D3,24,38,AutoETS,h1,1,ARIMA,8.671362161636353,4.402890920639038,0.10498117619293915,0.09033842030214426,0.32858855785809515,0.3291292984657537,0.14825698308698793,1.0,1.0,1.9433150988161154,2.959120335713931,True
D3,24,38,AutoETS,h1_6,1,ARIMA,8.671362161636353,4.402890920639038,4.532308447322596,5.1484997270722594,14.19725785758085,12.673172767242422,1.835263946274236,0.3333333333333333,0.5,4.618675871213764,7.032939590139595,True
D3,24,38,AutoETS,h1_12,1,ARIMA,8.671362161636353,4.402890920639038,12.594530980200147,13.322734636573834,37.72502955323269,29.627087561635474,5.39545992074114,0.16666666666666666,0.25,8.116076426603314,12.358493388334878,True
D3,24,39,AutoETS,h1,1,ARIMA,8.671362161636353,4.402890920639038,0.7588808319408669,0.5545866502680955,0.9358224866657464,0.9314640615939432,0.2662079651725678,1.0,1.0,2.4701703288701036,3.761372130175766,True
D3,24,39,AutoETS,h1_6,1,ARIMA,8.671362161636353,4.402890920639038,0.8758264545218784,0.6899343894098608,1.0881307258044324,1.0912513915092068,0.39951462013851535,1.0,1.0,4.4591115057783055,6.789968103475901,True
D3,24,39,AutoETS,h1_12,1,ARIMA,8.671362161636353,4.402890920639038,5.023784762139168,4.8993850068532625,6.589874213336806,7.007155135262076,2.0497751390775516,0.5,0.5833333333333334,6.020348699267474,9.167291642484685,True
D3,24,40,AutoETS,h1,1,ARIMA,8.671362161636353,4.402890920639038,1.8571284272584612,1.4918738886274399,3.3674433616202855,3.425112727200345,0.6629551656453129,0.0,0.0,2.2471025624101166,3.4217028895177832,True
D3,24,40,AutoETS,h1_6,1,ARIMA,8.671362161636353,4.402890920639038,4.440810882805694,3.8473219352864265,8.303097899922173,8.730716434697232,1.74093228602507,0.0,0.0,4.05643318341137,6.17680268671302,True
D3,24,40,AutoETS,h1_12,1,ARIMA,8.671362161636353,4.402890920639038,5.992037938884009,5.103507066770901,11.370852309967578,12.158033564560466,2.348671267198699,0.0,0.0,5.476683462113497,8.339442952345268,True
D3,24,41,AutoETS,h1,1,ARIMA,8.671362161636353,4.402890920639038,1.510568763628083,1.1990920904810263,3.841953800198425,3.9172023525204867,0.5110219588802265,0.0,1.0,2.2740925770999287,3.4628010631379658,True
D3,24,41,AutoETS,h1_6,1,ARIMA,8.671362161636353,4.402890920639038,4.391243961107377,3.7207966511335515,11.691404873245897,12.539165116646709,1.7144793362480426,0.0,0.16666666666666666,4.105155121181351,6.250992444688134,True
D3,24,41,AutoETS,h1_12,1,ARIMA,8.671362161636353,4.402890920639038,3.618910861947859,3.1534607120716163,9.392640733831751,9.826257275763288,1.3569656170758633,0.4166666666666667,0.5,5.542464067576983,8.439608245889877,True
D3,24,42,AutoETS,h1,1,ARIMA,8.671362161636353,4.402890920639038,0.5018978805152506,0.4001013555391866,0.8226934396832334,0.8193231806547083,0.211739463501025,1.0,1.0,2.2644284438707203,3.448085316225355,True
D3,24,42,AutoETS,h1_6,1,ARIMA,8.671362161636353,4.402890920639038,0.782102087723555,0.7769586006483905,1.2991873231818338,1.311430817335966,0.37983705727029204,1.0,1.0,4.0877095842594215,6.224427816489352,True
D3,24,42,AutoETS,h1_12,1,ARIMA,8.671362161636353,4.402890920639038,2.8310572632361195,3.3704495346681105,4.445020313077982,4.25670089994194,1.1295233299162926,0.6666666666666666,0.8333333333333334,5.51891044812166,8.403742732184782,True
D3,24,43,AutoETS,h1,1,ARIMA,8.671362161636353,4.402890920639038,1.342698492938153,1.1461563360293283,3.2544134691031186,3.3082454620572097,0.4510928477119438,0.0,1.0,2.1147790203084122,3.2202114872406327,True
D3,24,43,AutoETS,h1_6,1,ARIMA,8.671362161636353,4.402890920639038,3.226923167439821,2.90712659591967,8.041752254045381,8.422146418908987,1.1674187691120017,0.0,0.3333333333333333,3.8175648664476025,5.8130736678236765,True
D3,24,43,AutoETS,h1_12,1,ARIMA,8.671362161636353,4.402890920639038,2.5646343440274766,2.4611658012084083,6.332618605284958,6.571535108099864,0.969831235155331,0.3333333333333333,0.6666666666666666,5.154181869707586,7.848364062992825,True
D3,24,44,AutoETS,h1,1,ARIMA,8.671362161636353,4.402890920639038,1.686382268161262,1.3733449204303247,2.7999728355737314,2.7613148033741552,0.5813227964880934,0.0,1.0,2.2166932365841134,3.375398070241751,True
D3,24,44,AutoETS,h1_6,1,ARIMA,8.671362161636353,4.402890920639038,4.9446519655889745,4.241676910412319,7.959525402073872,7.624984315413973,1.9993657700338971,0.0,0.16666666666666666,4.001538760509066,6.093213976253028,True
D3,24,44,AutoETS,h1_12,1,ARIMA,8.671362161636353,4.402890920639038,4.549155930561816,3.8660018129937095,7.354375703147633,7.073054395018562,1.6944855369218912,0.08333333333333333,0.5833333333333334,5.402569242926858,8.226587917516207,True
D3,24,45,AutoETS,h1,1,ARIMA,8.671362161636353,4.402890920639038,0.6175669999422783,0.5133486350674706,1.237185257551377,1.229579171431938,0.21842026456866226,1.0,1.0,2.041726290204434,3.108972800646868,True
D3,24,45,AutoETS,h1_6,1,ARIMA,8.671362161636353,4.402890920639038,0.4997474539684063,0.5043169762488663,1.0119965129886161,1.0167435205412274,0.3105338115050344,1.0,1.0,3.6873224287497504,5.614751200098575,True
D3,24,45,AutoETS,h1_12,1,ARIMA,8.671362161636353,4.402890920639038,1.3795322455408217,1.4189203134176767,2.8400746575612086,2.9024543510744283,0.54691094814945,1.0,1.0,4.981008217035992,7.584669473503682,True
D3,24,46,AutoETS,h1,1,ARIMA,8.671362161636353,4.402890920639038,0.5650809707523855,0.43924562173056875,0.7889575106509379,0.785857469885103,0.22553985772588844,1.0,1.0,2.3222348146132545,3.5361081012601936,True
D3,24,46,AutoETS,h1_6,1,ARIMA,8.671362161636353,4.402890920639038,3.1156502261066468,3.574619224114025,4.170427786113392,3.993177030996168,1.3124002444448002,0.6666666666666666,0.6666666666666666,4.192060709310474,6.383325123663723,True
D3,24,46,AutoETS,h1_12,1,ARIMA,8.671362161636353,4.402890920639038,11.005022825550556,10.998238510477847,13.702139951895226,12.35370884953975,4.958559307394905,0.3333333333333333,0.3333333333333333,5.659797295009004,8.618273630397283,True
D3,24,47,AutoETS,h1,1,ARIMA,8.671362161636353,4.402890920639038,1.8075211665430582,1.3874411968149787,2.525915428693667,2.5582247252110477,0.625790750271373,0.0,0.0,2.3516771312895233,3.5809404385689536,True
D3,24,47,AutoETS,h1_6,1,ARIMA,8.671362161636353,4.402890920639038,4.423187872904445,3.6080290349949213,6.322618440817061,6.558855181237906,1.709807291983363,0.0,0.0,4.245209502943666,6.46425573350382,True
D3,24,47,AutoETS,h1_12,1,ARIMA,8.671362161636353,4.402890920639038,4.809795760869215,3.8231731819134818,6.8829642457400935,7.148112480185991,1.7505616369328294,0.0,0.3333333333333333,5.7315547000890525,8.727539902624464,True
D3,24,48,AutoETS,h1,1,ARIMA,8.671362161636353,4.402890920639038,0.4330182683758405,0.32488680553697213,0.7662179360933322,0.7632936895162611,0.20826904674641109,1.0,1.0,2.4060242569054906,3.6636957697531414,True
D3,24,48,AutoETS,h1_6,1,ARIMA,8.671362161636353,4.402890920639038,2.495038803078347,2.023582112115111,4.320163847376096,4.21414402845239,0.8765908515923335,0.3333333333333333,0.8333333333333334,4.343316054669166,6.6136443182241065,True
D3,24,48,AutoETS,h1_12,1,ARIMA,8.671362161636353,4.402890920639038,1.8221816203110952,1.5926217609989581,3.1673399286633637,3.10120308744424,0.7586806713311992,0.6666666666666666,0.9166666666666666,5.864010605330457,8.929232856599882,True
D3,24,49,AutoETS,h1,1,ARIMA,8.671362161636353,4.402890920639038,1.407729086494034,1.1608795322290895,1.7735701269229347,1.789438601157816,0.4714664296268119,0.0,1.0,2.2610684655962277,3.4429690177693857,True
D3,24,49,AutoETS,h1_6,1,ARIMA,8.671362161636353,4.402890920639038,1.122886884508177,1.0484156371998983,1.414225016882692,1.4264299958101974,0.4774842868176742,0.6666666666666666,1.0,4.082494329481971,6.216486455627559,True
D3,24,49,AutoETS,h1_12,1,ARIMA,8.671362161636353,4.402890920639038,1.6750689016921023,1.631448124282636,2.122261805291886,2.153804715674381,0.6505645499301285,0.8333333333333334,1.0,5.513259849898898,8.395138466144697,True
D3,24,50,AutoETS,h1,1,ARIMA,8.671362161636353,4.402890920639038,0.5374018098671668,0.45010599695693226,0.7637953220227837,0.7667234208333729,0.20592404155185218,1.0,1.0,2.0570118138982565,3.1322483384286666,True
D3,24,50,AutoETS,h1_6,1,ARIMA,8.671362161636353,4.402890920639038,9.690127671285374,9.396561440933876,15.121505291504475,16.877126874537073,4.4361143904417695,0.16666666666666666,0.16666666666666666,3.7141072698054947,5.655536952190549,True
D3,24,50,AutoETS,h1_12,1,ARIMA,8.671362161636353,4.402890920639038,15.844341174049651,14.715173357778484,26.069623965329512,31.287600544092083,7.3443242946205824,0.08333333333333333,0.08333333333333333,5.015847424517814,7.637719752072719,True
D3,24,51,AutoETS,h1,1,ARIMA,8.671362161636353,4.402890920639038,1.6983984311186318,1.2864547269473792,2.78672598728805,2.7484303755293524,0.5907139685551338,0.0,0.0,2.1868338646486065,3.3299306754997304,True
D3,24,51,AutoETS,h1_6,1,ARIMA,8.671362161636353,4.402890920639038,1.9762439191277588,1.6497319662050751,3.164741401339194,3.115347888788735,0.741244867784043,0.5,0.5,3.9482215528383056,6.012026919373706,True
D3,24,51,AutoETS,h1_12,1,ARIMA,8.671362161636353,4.402890920639038,4.714340910587542,4.288206836611891,7.603120871447287,7.99335534803204,1.8427635093814005,0.25,0.3333333333333333,5.331540195075098,8.118430727746734,True
D3,24,52,AutoETS,h1,1,ARIMA,8.671362161636353,4.402890920639038,1.7136302834201764,1.3101532323663863,4.157494976409498,4.07283110217423,0.5985584682385061,0.0,0.0,2.1849000895204522,3.3269860818463877,True
D3,24,52,AutoETS,h1_6,1,ARIMA,8.671362161636353,4.402890920639038,4.663723033158412,3.873463436586573,10.822500490224124,10.18527227761262,1.865303727556653,0.0,0.0,3.947166751971705,6.010420755403485,True
D3,24,52,AutoETS,h1_12,1,ARIMA,8.671362161636353,4.402890920639038,9.577323134042892,8.514595723426766,20.514819333475355,18.14983213287001,4.158166463823188,0.0,0.0,5.334107300703183,8.12233970497467,True
D3,24,53,AutoETS,h1,1,ARIMA,8.671362161636353,4.402890920639038,0.810078144716119,0.6470550315060599,1.3139495758983528,1.3226389805360628,0.2769649278419533,1.0,1.0,2.3664007979423647,3.603360426678548,True
D3,24,53,AutoETS,h1_6,1,ARIMA,8.671362161636353,4.402890920639038,2.583094595119933,2.469058823753634,4.291290569488057,4.430586986060058,0.9160038033792008,0.5,0.8333333333333334,4.273411279248463,6.507199078007048,True
D3,24,53,AutoETS,h1_12,1,ARIMA,8.671362161636353,4.402890920639038,3.2346907093766717,2.821590034169504,5.380209410651317,5.5604216885717035,1.098038639312163,0.4166666666666667,0.8333333333333334,5.772286236205142,8.789562534414557,True
D3,24,54,AutoETS,h1,1,ARIMA,8.671362161636353,4.402890920639038,0.022849091900934364,0.017557386215021148,0.10199348560461223,0.10194149876068044,0.1264341333861086,1.0,1.0,1.70781146492765,2.600514779364147,True
D3,24,54,AutoETS,h1_6,1,ARIMA,8.671362161636353,4.402890920639038,1.6755599786368556,1.4695051518889937,7.867528669137107,8.295792039521114,0.5859224578355299,0.5,0.8333333333333334,3.0876026260434997,4.701547229728794,True
D3,24,54,AutoETS,h1_12,1,ARIMA,8.671362161636353,4.402890920639038,2.8981877802964764,2.5277318068021537,14.134541774814165,15.606521637508514,1.0436486189143528,0.3333333333333333,0.5833333333333334,4.176335559384176,6.359380159227751,True
D3,24,55,AutoETS,h1,1,ARIMA,8.671362161636353,4.402890920639038,0.2772766710344685,0.23679816226471692,1.0809432793173492,1.0751324931033703,0.13737788052339006,1.0,1.0,1.611657002386772,2.4540986754355014,True
D3,24,55,AutoETS,h1_6,1,ARIMA,8.671362161636353,4.402890920639038,1.0214322679784014,1.037735920668206,4.143529985210456,4.189496705290253,0.3982060082045474,1.0,1.0,3.5060303261958223,5.338694503117992,True
D3,24,55,AutoETS,h1_12,1,ARIMA,8.671362161636353,4.402890920639038,0.8938406307077035,0.9287729428014989,3.6462593972579427,3.672205846907665,0.48832659671388945,1.0,1.0,5.328093708662838,8.113182701816456,True
D3,24,56,AutoETS,h1,1,ARIMA,8.671362161636353,4.402890920639038,1.5216124827491755,1.1108460821015131,2.6201996656593236,2.6549825881077806,0.508641526839292,0.0,1.0,2.472728556069336,3.7652675880627573,True
D3,24,56,AutoETS,h1_6,1,ARIMA,8.671362161636353,4.402890920639038,2.739611419465525,2.069665679561334,4.775797090737924,4.90162714378974,0.9350092449543392,0.16666666666666666,0.6666666666666666,4.463729576121529,6.797000121017835,True
D3,24,56,AutoETS,h1_12,1,ARIMA,8.671362161636353,4.402890920639038,4.238829285079091,3.5856137796857572,7.574652409447601,7.993443519125392,1.5769988107940984,0.16666666666666666,0.5,6.026583661938381,9.176785730624658,True
D3,24,57,AutoETS,h1,1,ARIMA,8.671362161636353,4.402890920639038,1.033252555740783,0.8515439252843993,1.9202933230575179,1.9389096998103035,0.3332498821146436,1.0,1.0,2.1063617009560165,3.2073942859112683,True
D3,24,57,AutoETS,h1_6,1,ARIMA,8.671362161636353,4.402890920639038,1.9302027083572801,1.8852039016480087,3.6441524234194618,3.7405345234535927,0.7556287481382247,0.5,0.5,3.8038636177359737,5.792210533629966,True
D3,24,57,AutoETS,h1_12,1,ARIMA,8.671362161636353,4.402890920639038,2.0541888476626426,2.0717544349422776,3.770761609764036,3.7670114148645686,0.8001263135801208,0.5833333333333334,0.75,5.138127664508941,7.823918040262918,True
D3,24,58,AutoETS,h1,1,ARIMA,8.671362161636353,4.402890920639038,0.17192486149013447,0.1408587253949364,0.5156257355840809,0.5142998045090272,0.12622342510279078,1.0,1.0,1.5919328014636127,2.4240642851850565,True
D3,24,58,AutoETS,h1_6,1,ARIMA,8.671362161636353,4.402890920639038,0.3800122940035421,0.40297481949513747,1.102210347174761,1.0921394786121688,0.2883353329924475,1.0,1.0,3.4631226517649223,5.273358226955664,True
D3,24,58,AutoETS,h1_12,1,ARIMA,8.671362161636353,4.402890920639038,0.8052384342319048,0.7928084491859628,2.281342340918236,2.270998597079604,0.45105370346573614,1.0,1.0,5.262785336523234,8.01373648632191,True
D3,24,59,AutoETS,h1,1,ARIMA,8.671362161636353,4.402890920639038,0.82813753195589,0.6964240644615058,1.39713021164084,1.3874380535339776,0.27715642978112565,1.0,1.0,2.14658634171752,3.2686450591629734,True
D3,24,59,AutoETS,h1_6,1,ARIMA,8.671362161636353,4.402890920639038,6.120723657370216,5.920761099765066,9.733490563570697,9.15485743907772,2.6218054876520607,0.16666666666666666,0.16666666666666666,3.8749829283543717,5.900505168113628,True
D3,24,59,AutoETS,h1_12,1,ARIMA,8.671362161636353,4.402890920639038,8.636674409213295,7.843881233384079,13.520446472817662,12.541711772399179,3.7096809579233723,0.08333333333333333,0.08333333333333333,5.231703311785664,7.966407336493279,True
D3,24,60,AutoETS,h1,1,ARIMA,8.671362161636353,4.402890920639038,1.9916234832466495,1.6223548994451682,3.391149196274622,3.4496404230143294,0.7338747981305742,0.0,0.0,2.2160358669260125,3.3743970818150335,True
D3,24,60,AutoETS,h1_6,1,ARIMA,8.671362161636353,4.402890920639038,4.508835975917485,3.8372366973832652,7.874427509493802,8.230816385297981,1.7815736561870186,0.0,0.0,4.0003520874397145,6.091407008142961,True
D3,24,60,AutoETS,h1_12,1,ARIMA,8.671362161636353,4.402890920639038,5.238492819199193,4.457871215316152,9.213276805734246,9.7063079501791,1.9985359224826376,0.0,0.16666666666666666,5.400967088403413,8.224148288433833,True
D3,24,61,AutoETS,h1,1,ARIMA,8.671362161636353,4.402890920639038,2.103724854976256,1.752395057606258,3.502983590394277,3.565431836473456,0.8412011224322856,0.0,0.0,1.7822343101064275,2.7138397644601655,True
D3,24,61,AutoETS,h1_6,1,ARIMA,8.671362161636353,4.402890920639038,3.9551517511672656,3.4768152217555315,6.462997309792458,6.703742239850421,1.5972359649054024,0.0,0.0,3.2177472656113504,4.899720778508405,True
D3,24,61,AutoETS,h1_12,1,ARIMA,8.671362161636353,4.402890920639038,7.963251204636333,7.649852138155389,12.97128969371216,14.21543960688447,3.468025886330825,0.0,0.0,4.345150312492906,6.616437375114611,True
D3,24,62,AutoETS,h1,1,ARIMA,8.671362161636353,4.402890920639038,2.2152369258499705,1.6970330877294146,5.1958541577174815,5.334438992817075,0.8290894347727482,0.0,0.0,2.3564080275773853,3.5881442581760092,True
D3,24,62,AutoETS,h1_6,1,ARIMA,8.671362161636353,4.402890920639038,3.2636673860267362,2.594346159751777,7.774198498730489,8.116674030183091,1.2025713387201502,0.16666666666666666,0.3333333333333333,4.253749640367905,6.477259952087438,True
D3,24,62,AutoETS,h1_12,1,ARIMA,8.671362161636353,4.402890920639038,3.4075457034608307,2.935761461809436,8.196430643435445,8.654275781529556,1.2565217414854168,0.3333333333333333,0.5833333333333334,5.743084935465979,8.745097196343954,True
D3,24,63,AutoETS,h1,1,ARIMA,8.671362161636353,4.402890920639038,0.07717152316529219,0.06339200466731915,0.5901496387575167,0.5884133790421078,0.075783591134124,1.0,1.0,0.9755317240816856,1.4854594422812852,True
D3,24,63,AutoETS,h1_6,1,ARIMA,8.671362161636353,4.402890920639038,2.2022591205254,2.302909239702984,19.316182601871944,16.70668880160222,0.9426248122262741,0.16666666666666666,0.3333333333333333,1.5921995538281828,2.4244704737373324,True
D3,24,63,AutoETS,h1_12,1,ARIMA,8.671362161636353,4.402890920639038,4.435666926798494,4.238154058565253,48.84221985593785,36.12212218668285,2.008551482448866,0.08333333333333333,0.16666666666666666,1.8961747372525928,2.8873388718532764,True
D3,24,64,AutoETS,h1,1,ARIMA,8.671362161636353,4.402890920639038,0.17760437363334997,0.13627696842122075,0.29853853833985194,0.29898483081173355,0.17761202517550564,1.0,1.0,2.2887998079880396,3.4851960242173834,True
D3,24,64,AutoETS,h1_6,1,ARIMA,8.671362161636353,4.402890920639038,2.717214168309235,2.5229448006585953,4.374171457776851,4.518070995041932,0.9241441730528904,0.6666666666666666,1.0,5.576288846796645,8.491113836568877,True
D3,24,64,AutoETS,h1_12,1,ARIMA,8.671362161636353,4.402890920639038,5.146910206561692,4.585693723368845,7.870744878268043,8.303706180650629,1.6918524068943994,0.5,1.0,10.05814378034744,15.315713760518161,True
D3,24,65,AutoETS,h1,1,ARIMA,8.671362161636353,4.402890920639038,0.15205552650113424,0.12000015777752576,0.4749482651831789,0.4760788292534006,0.14686776237817006,1.0,1.0,1.888676174002255,2.8759206767205137,True
D3,24,65,AutoETS,h1_6,1,ARIMA,8.671362161636353,4.402890920639038,0.6087844941238876,0.5503495801118666,1.8954437369989137,1.8793253575791509,0.34879507830361023,1.0,1.0,4.108086026245293,6.255455385763434,True
D3,24,65,AutoETS,h1_12,1,ARIMA,8.671362161636353,4.402890920639038,1.5227802006740625,1.5211869731670162,4.636303720681511,4.477495653975916,0.6427378795681402,1.0,1.0,6.242414365123773,9.505434966796608,True
D3,24,66,AutoETS,h1,1,ARIMA,8.671362161636353,4.402890920639038,0.4965414816808092,0.4311482720283472,0.7984898279800238,0.7953145749891583,0.2003581128929696,1.0,1.0,2.079006024379879,3.165739312457415,True
D3,24,66,AutoETS,h1_6,1,ARIMA,8.671362161636353,4.402890920639038,6.758174550345197,6.993388264740798,10.132311535667526,9.465981181165436,2.9684527583722167,0.16666666666666666,0.16666666666666666,3.7529880330702476,5.714741379364972,True
D3,24,66,AutoETS,h1_12,1,ARIMA,8.671362161636353,4.402890920639038,8.201031248022185,7.733825105573172,12.284994392775294,11.462728412051387,3.518078959612811,0.08333333333333333,0.08333333333333333,5.066995206103775,7.7156033854113755,True
D3,24,67,AutoETS,h1,1,ARIMA,8.671362161636353,4.402890920639038,0.9551365863395774,0.7877003222375517,1.4213356734443487,1.4113059757966242,0.3159983684730521,1.0,1.0,2.3089723982234767,3.5159131848189022,True
D3,24,67,AutoETS,h1_6,1,ARIMA,8.671362161636353,4.402890920639038,5.604982840440673,5.34164882744852,7.7402956698831415,7.369579463591075,2.3217993721737624,0.16666666666666666,0.16666666666666666,4.2237553132980015,6.431587058770928,True
D3,24,67,AutoETS,h1_12,1,ARIMA,8.671362161636353,4.402890920639038,6.407396136025615,5.770530874855837,8.66074070516328,8.241354538577504,2.5453775558367675,0.08333333333333333,0.25,5.79409611097532,8.822772817189138,True
D3,24,68,AutoETS,h1,1,ARIMA,8.671362161636353,4.402890920639038,1.6843625289506527,1.318032418942652,7.34560505573605,7.625681270194928,0.577503731183287,0.0,1.0,2.3069651786884204,3.512856756065768,True
D3,24,68,AutoETS,h1_6,1,ARIMA,8.671362161636353,4.402890920639038,5.576402855763647,4.749091011650531,27.299747312189478,32.855892597711374,2.29728970222351,0.0,0.16666666666666666,4.164496209629747,6.341352171568259,True
D3,24,68,AutoETS,h1_12,1,ARIMA,8.671362161636353,4.402890920639038,6.86090154658664,5.6293324800527555,34.34911280131945,42.59193201619584,2.7665250611020107,0.0,0.08333333333333333,5.622581831887313,8.561604985259143,True
D3,24,69,AutoETS,h1,1,ARIMA,8.671362161636353,4.402890920639038,0.6870970101169672,0.5900441483147526,1.2552062358798486,1.2631337023797338,0.2515825550961705,1.0,1.0,2.423120219226049,3.6897280945121063,True
D3,24,69,AutoETS,h1_6,1,ARIMA,8.671362161636353,4.402890920639038,3.4282542631806177,3.4437405279380755,6.5027199095438055,6.812986297316257,1.2617382885500292,0.16666666666666666,0.6666666666666666,4.376389063483744,6.664005174786218,True
D3,24,69,AutoETS,h1_12,1,ARIMA,8.671362161636353,4.402890920639038,5.359864105232297,5.0694146885307845,10.343625530438194,11.046339019750869,2.0135477952289764,0.08333333333333333,0.3333333333333333,5.912283434705697,9.002738749264294,True
D3,24,70,AutoETS,h1,1,ARIMA,8.671362161636353,4.402890920639038,1.2143785413903794,1.0383411818709136,2.21985295704102,2.2447682340521826,0.4108194526665698,0.0,1.0,1.8282521120992272,2.7839118869712056,True
D3,24,70,AutoETS,h1_6,1,ARIMA,8.671362161636353,4.402890920639038,4.981661568201596,4.565718960584107,9.144639439120205,9.652762532010103,2.103960120735631,0.0,0.16666666666666666,3.300819742048506,5.02621671038948,True
D3,24,70,AutoETS,h1_12,1,ARIMA,8.671362161636353,4.402890920639038,5.633180761423907,4.9998112543310285,10.010121871258484,10.580463665283034,2.2913773774471875,0.0,0.08333333333333333,4.457311449196109,6.7872271254219285,True
D3,24,71,AutoETS,h1,1,ARIMA,8.671362161636353,4.402890920639038,1.1125384453074059,0.8700166802008715,2.2412398662227915,2.266640289114543,0.37754804309298806,0.0,1.0,1.6397972644819612,2.496948351161742,True
D3,24,71,AutoETS,h1_6,1,ARIMA,8.671362161636353,4.402890920639038,1.3390175712781744,1.56656245114748,2.748282485795881,2.674961120507385,0.5682433477213084,0.5,0.8333333333333334,2.8985918269940023,4.413737136822274,True
D3,24,71,AutoETS,h1_12,1,ARIMA,8.671362161636353,4.402890920639038,5.087299018471037,5.121877966300828,10.50250765357786,9.670274904424005,2.213521368879146,0.25,0.4166666666666667,3.8138798099093245,5.807462366935149,True
D3,24,72,AutoETS,h1,1,ARIMA,8.671362161636353,4.402890920639038,0.5287817967309438,0.44935354858682275,0.7771243218427173,0.7801557117347854,0.20829105073344267,1.0,1.0,2.1242549168893676,3.2346406028734536,True
D3,24,72,AutoETS,h1_6,1,ARIMA,8.671362161636353,4.402890920639038,1.5866332910313388,1.728234938051262,2.3681708935251775,2.4158462915939793,0.5751050439492272,0.6666666666666666,1.0,3.834670601618115,5.8391208738744265,True
D3,24,72,AutoETS,h1_12,1,ARIMA,8.671362161636353,4.402890920639038,2.0580940685203672,2.0622186272853966,3.0776921406042956,3.145828772760402,0.7461495887630833,0.6666666666666666,0.9166666666666666,5.177276715026067,7.883530993190465,True
D3,24,73,AutoETS,h1,1,ARIMA,8.671362161636353,4.402890920639038,2.387726940368232,1.8514499380945744,4.135190804342109,4.051423753100536,0.9186870864983417,0.0,0.0,2.328044024059343,3.544953887420583,True
D3,24,73,AutoETS,h1_6,1,ARIMA,8.671362161636353,4.402890920639038,5.3869869231090455,4.424151645327909,9.045230951430156,8.613614311921182,2.196749506584838,0.0,0.0,4.202547400198878,6.399293393699368,True
D3,24,73,AutoETS,h1_12,1,ARIMA,8.671362161636353,4.402890920639038,10.533561919267255,9.235032955440579,16.67050988787251,15.120572574740013,4.596115554811297,0.0,0.0,5.673955616855821,8.639832757953092,True
D3,24,74,AutoETS,h1,1,ARIMA,8.671362161636353,4.402890920639038,1.8133429073107223,1.5727501504356076,2.981210651697298,2.937425234705949,0.6838575393673826,0.0,0.0,1.8850476726510506,2.8703954934174853,True
D3,24,74,AutoETS,h1_6,1,ARIMA,8.671362161636353,4.402890920639038,5.203056542027304,4.921376621274273,8.021528645362837,7.663760557556539,2.199248649829249,0.0,0.0,3.4033613479295983,5.182358630659817,True
D3,24,74,AutoETS,h1_12,1,ARIMA,8.671362161636353,4.402890920639038,5.742231963601183,5.209256599214262,8.61710513400679,8.233639280059437,2.327891661356266,0.0,0.0,4.595780044766582,6.998075709503807,True
D3,24,75,AutoETS,h1,1,ARIMA,8.671362161636353,4.402890920639038,2.7271557791267553,2.0905459715084147,10.13969851719987,9.65043596117079,1.1159041100426348,0.0,0.0,2.0953668138464794,3.190652176484703,True
D3,24,75,AutoETS,h1_6,1,ARIMA,8.671362161636353,4.402890920639038,4.172833234550019,3.2397996009984245,16.212795596481307,14.961744990613488,1.6392537256696842,0.0,0.0,3.7830822675961033,5.760566403534988,True
D3,24,75,AutoETS,h1_12,1,ARIMA,8.671362161636353,4.402890920639038,7.095595658973358,6.2072356645255145,28.306608064361388,24.025643940370397,2.943964711604545,0.0,0.0,5.108541884247823,7.778867248411422,True
D3,24,76,AutoETS,h1,1,ARIMA,8.671362161636353,4.402890920639038,0.513632823403829,0.44066713659998785,1.1649315076618179,1.1717565885081351,0.20419373793724513,1.0,1.0,2.096455850734273,3.1923104722510227,True
D3,24,76,AutoETS,h1_6,1,ARIMA,8.671362161636353,4.402890920639038,0.5852970281624919,0.5390228380430381,1.3272520328248354,1.3348987313516454,0.3282582767333313,1.0,1.0,3.7866980226134457,5.766072177769589,True
D3,24,76,AutoETS,h1_12,1,ARIMA,8.671362161636353,4.402890920639038,1.5101364811479676,1.7085330857942584,3.5062168322551317,3.615861775305975,0.5971303008798712,0.8333333333333334,1.0,5.116125699412435,7.79041525814467,True
D3,24,77,AutoETS,h1,1,ARIMA,8.671362161636353,4.402890920639038,2.650704255467662,2.214651450162399,7.16293000128983,7.42899692609698,1.0699616026858658,0.0,0.0,2.1606519341362764,3.2900629859755326,True
D3,24,77,AutoETS,h1_6,1,ARIMA,8.671362161636353,4.402890920639038,3.97925462869035,3.4081951834392616,10.981867861233084,11.660543843043342,1.5286004712168895,0.0,0.0,3.900373908181557,5.939168463014232,True
D3,24,77,AutoETS,h1_12,1,ARIMA,8.671362161636353,4.402890920639038,4.505499136503482,3.936508525004016,12.565797483456546,13.509322196406753,1.6907802124372535,0.16666666666666666,0.16666666666666666,5.265984255910438,8.018607537556344,True
D3,24,78,AutoETS,h1,1,ARIMA,8.671362161636353,4.402890920639038,0.6539070658245233,0.537832622957354,1.100051550294406,1.106135581098522,0.23313218469563946,1.0,1.0,2.194737495604547,3.3419656744054342,True
D3,24,78,AutoETS,h1_6,1,ARIMA,8.671362161636353,4.402890920639038,1.1468605417988313,1.007181719690896,1.9016680649918225,1.885037652576489,0.42001640412094277,1.0,1.0,3.96190461217701,6.032862356286951,True
D3,24,78,AutoETS,h1_12,1,ARIMA,8.671362161636353,4.402890920639038,2.7279966542937992,2.6628429979853303,4.424497019746658,4.294584541324109,0.9373580652757354,0.5833333333333334,1.0,5.349058270382604,8.14510581143058,True
D3,24,79,AutoETS,h1,1,ARIMA,8.671362161636353,4.402890920639038,4.582946080533822,3.9579420548913764,6.6834191286265625,6.467300721851546,2.0444122057391394,0.0,0.0,2.090181183783134,3.1827559257000044,True
D3,24,79,AutoETS,h1_6,1,ARIMA,8.671362161636353,4.402890920639038,10.58986324046773,9.842675792966363,14.635461486115123,13.518010128637044,4.848941399642927,0.0,0.0,3.77316124999038,5.7454594942303885,True
D3,24,79,AutoETS,h1_12,1,ARIMA,8.671362161636353,4.402890920639038,13.181854454453415,11.970778413046029,17.929176689651804,16.3376418224624,5.988785603062045,0.0,0.0,5.094231528875199,7.757076616711898,True
D3,24,80,AutoETS,h1,1,ARIMA,8.671362161636353,4.402890920639038,0.7586890911246892,0.6199631113977346,1.7644008825102708,1.7489714486726542,0.25467568855658845,1.0,1.0,2.001280499481705,3.0473852784305544,True
D3,24,80,AutoETS,h1_6,1,ARIMA,8.671362161636353,4.402890920639038,1.9543805738413487,1.8319496690822852,4.45178894767451,4.326583114589985,0.6679589694736606,0.5,1.0,3.614760495552371,5.504259858651219,True
D3,24,80,AutoETS,h1_12,1,ARIMA,8.671362161636353,4.402890920639038,3.8693328162412772,3.6262316585043686,8.570283619393376,8.121208348879609,1.4233961416242469,0.25,0.5833333333333334,4.883778430386724,7.4366159545008905,True
D3,24,81,AutoETS,h1,1,ARIMA,8.671362161636353,4.402890920639038,0.24129489576753002,0.20117164530600687,0.5571273246689182,0.5586836142055117,0.1403759294447558,1.0,1.0,1.7324523309808693,2.638035862729421,True
D3,24,81,AutoETS,h1_6,1,ARIMA,8.671362161636353,4.402890920639038,0.7517485587716676,0.791326220226076,1.7116805132932,1.6965338393875218,0.3216520118964623,1.0,1.0,3.1325131305321587,4.7699332507093954,True
D3,24,81,AutoETS,h1_12,1,ARIMA,8.671362161636353,4.402890920639038,1.3605476168633732,1.4481463725675334,3.05205958842817,2.9847604547899502,0.539726016618766,0.75,1.0,4.235542030011388,6.449534901166181,True
D3,24,82,AutoETS,h1,1,ARIMA,8.671362161636353,4.402890920639038,2.1433453031924095,1.6498749358130498,2.3455089189165097,2.3183207094123324,0.7944841984195407,0.0,0.0,2.345066510842243,3.5708743296763963,True
D3,24,82,AutoETS,h1_6,1,ARIMA,8.671362161636353,4.402890920639038,3.6528414036527463,2.920173380366414,3.958571091568599,3.8761044051008366,1.3396160695006498,0.0,0.3333333333333333,4.233276117884239,6.446084556619145,True
D3,24,82,AutoETS,h1_12,1,ARIMA,8.671362161636353,4.402890920639038,5.879354592397835,5.106248739356836,6.252900186937836,6.018025582390856,2.2832141427149795,0.0,0.25,5.7154431632666896,8.703006580015229,True
D3,24,83,AutoETS,h1,1,ARIMA,8.671362161636353,4.402890920639038,0.9490155978970326,0.7935405531336767,3.797048783618393,3.870531773429681,0.3083665515371771,0.0,1.0,1.8061186918237933,2.750208935722649,True
D3,24,83,AutoETS,h1_6,1,ARIMA,8.671362161636353,4.402890920639038,3.270445831976678,2.99611570465389,13.388045950501079,14.573131093572405,1.1908794592044474,0.0,0.5,3.928949533835147,5.9826810745453205,True
D3,24,83,AutoETS,h1_12,1,ARIMA,8.671362161636353,4.402890920639038,2.1145376403825864,2.269238545129849,8.530739806182035,9.190254311579682,0.9452238449854573,0.5,0.75,5.97046290302109,9.091329656584467,True
D3,24,84,AutoETS,h1,1,ARIMA,8.671362161636353,4.402890920639038,0.9937134626211197,0.8604065200640387,3.6498866949652036,3.5844721096576375,0.3266892957908794,0.0,1.0,1.7781396912178753,2.707604815723604,True
D3,24,84,AutoETS,h1_6,1,ARIMA,8.671362161636353,4.402890920639038,0.7879736648996312,0.7646895764748602,2.9122581939436407,2.9260499223654746,0.3779264124582484,0.8333333333333334,1.0,3.868099174858325,5.890023154687907,True
D3,24,84,AutoETS,h1_12,1,ARIMA,8.671362161636353,4.402890920639038,1.4136828185503763,1.5034456059958785,5.298230210274384,5.502368263911914,0.5988810860443824,0.9166666666666666,1.0,5.878005537484739,8.950543187775661,True
D3,24,85,AutoETS,h1,1,ARIMA,8.671362161636353,4.402890920639038,1.2039417079298869,1.0249583579242407,1.8906638196241796,1.908707440120597,0.3918680946514117,0.0,1.0,2.2714146989298505,3.4587234105974707,True
D3,24,85,AutoETS,h1_6,1,ARIMA,8.671362161636353,4.402890920639038,1.6622873560411386,1.5623221852106595,2.5547541055791267,2.52489867741114,0.5648711895273048,0.6666666666666666,1.0,4.101658632925173,6.245668280064109,True
D3,24,85,AutoETS,h1_12,1,ARIMA,8.671362161636353,4.402890920639038,4.259878689162071,4.633645886077415,6.295777068976934,6.004163444196397,1.6047706027979716,0.3333333333333333,0.6666666666666666,5.539931956978596,8.43575255621375,True
D3,24,86,AutoETS,h1,1,ARIMA,8.671362161636353,4.402890920639038,0.9598073751280585,0.745588503873313,2.6093975157789147,2.57579119998686,0.31762276883143525,1.0,1.0,2.3238678184689,3.5385947051673448,True
D3,24,86,AutoETS,h1_6,1,ARIMA,8.671362161636353,4.402890920639038,1.204241742143464,1.0669166835600516,3.2682271939885044,3.222523128606302,0.49446820387201984,0.8333333333333334,1.0,4.195008581445674,6.387813900799087,True
D3,24,86,AutoETS,h1_12,1,ARIMA,8.671362161636353,4.402890920639038,1.9963759196902917,1.8148309382459609,5.655044480819646,5.832704224132448,0.7370201997414293,0.75,1.0,5.663777284778666,8.62433403134334,True
D3,24,87,AutoETS,h1,1,ARIMA,8.671362161636353,4.402890920639038,1.6011434400168625,1.2758527387599357,2.588197965523352,2.622130935283536,0.552629491165858,0.0,0.0,2.0976379456604763,3.194110469141409,True
D3,24,87,AutoETS,h1_6,1,ARIMA,8.671362161636353,4.402890920639038,8.286271987004126,7.551062881027592,14.48803187216302,16.055995423977336,3.6954236698382146,0.0,0.0,3.787730566273988,5.767644450297752,True
D3,24,87,AutoETS,h1_12,1,ARIMA,8.671362161636353,4.402890920639038,11.454032975481848,9.831468370903897,20.45971810410591,23.26979484764083,5.122335442629007,0.0,0.0,5.115715508283762,7.789790652844624,True
D3,24,88,AutoETS,h1,1,ARIMA,8.671362161636353,4.402890920639038,0.9304263570815099,0.7794624441888628,2.0367640660757753,2.016231130498264,0.3045067244080566,1.0,1.0,2.098146565004876,3.1948849528296286,True
D3,24,88,AutoETS,h1_6,1,ARIMA,8.671362161636353,4.402890920639038,2.8706235946116396,2.79445904917358,6.627440429185438,6.93681716860923,1.058475510975606,0.3333333333333333,0.5,3.78967113183434,5.7705993838625265,True
D3,24,88,AutoETS,h1_12,1,ARIMA,8.671362161636353,4.402890920639038,4.416839134827571,4.069497059632697,10.380732741720944,11.08291209464739,1.6387835746113733,0.16666666666666666,0.25,5.120010360445747,7.796330500334695,True
D3,24,89,AutoETS,h1,1,ARIMA,8.671362161636353,4.402890920639038,2.2745395676636875,1.8637945529664866,4.392583046111258,4.491223405037589,0.8768722200028014,0.0,0.0,2.203012425092616,3.354566056165288,True
D3,24,89,AutoETS,h1_6,1,ARIMA,8.671362161636353,4.402890920639038,3.6727276357441356,3.1833536079755524,7.221512629679284,7.528348218590193,1.4282004061236528,0.16666666666666666,0.16666666666666666,3.976842380985313,6.055608361542491,True
D3,24,89,AutoETS,h1_12,1,ARIMA,8.671362161636353,4.402890920639038,3.5535553420949055,3.1210775977524468,6.736252138173837,6.779115797648676,1.3080334856995939,0.25,0.5833333333333334,5.369226094600163,8.17581571473223,True
D3,24,90,AutoETS,h1,1,ARIMA,8.671362161636353,4.402890920639038,0.9238563549739479,0.6441937784933187,1.734585643599059,1.719671059937656,0.2998568408184233,1.0,1.0,1.9694520930491752,2.9989195999694465,True
D3,24,90,AutoETS,h1_6,1,ARIMA,8.671362161636353,4.402890920639038,5.232617184671556,4.174965596384921,9.316693605464916,8.788482058911203,2.2141628903999346,0.16666666666666666,0.3333333333333333,3.5555676624994157,5.414125882888759,True
D3,24,90,AutoETS,h1_12,1,ARIMA,8.671362161636353,4.402890920639038,5.6356057718982795,4.276794384276458,10.052255710992975,9.494452664576956,2.271088879507778,0.08333333333333333,0.3333333333333333,4.800802799354001,7.310267490833212,True
D3,24,91,AutoETS,h1,1,ARIMA,8.671362161636353,4.402890920639038,0.27479142482673913,0.20584074973405153,0.49745684417056907,0.4962225975336929,0.20923338168022707,1.0,1.0,2.6465871692260188,4.030005179019754,True
D3,24,91,AutoETS,h1_6,1,ARIMA,8.671362161636353,4.402890920639038,2.826431284488079,2.865647230591622,4.989975419259004,5.21597939650437,1.0134517827948262,0.6666666666666666,1.0,6.430202147450801,9.791382750468467,True
D3,24,91,AutoETS,h1_12,1,ARIMA,8.671362161636353,4.402890920639038,8.889060719456747,8.317133497409829,15.791284521467553,18.041906036752113,3.2572719394545753,0.3333333333333333,0.5,11.568492115249466,17.61554793282659,True
D3,24,92,AutoETS,h1,1,ARIMA,8.671362161636353,4.402890920639038,0.6995387758781122,0.5483389773277665,0.7608150835546197,0.7579318536219094,0.2608102384219626,1.0,1.0,2.549592780628115,3.8823101048009563,True
D3,24,92,AutoETS,h1_6,1,ARIMA,8.671362161636353,4.402890920639038,1.0150813776956367,0.8606746875457754,1.1078872579711878,1.1076702256049646,0.4321828277854674,1.0,1.0,4.603415182105975,7.00970186842201,True
D3,24,92,AutoETS,h1_12,1,ARIMA,8.671362161636353,4.402890920639038,4.604879521365154,4.8978511938698395,5.270230645775701,5.54498833448709,1.8078524365935706,0.5,0.5833333333333334,6.2167002193040215,9.466279581312753,True
D3,24,93,AutoETS,h1,1,ARIMA,8.671362161636353,4.402890920639038,1.3837378929211355,1.105750645499344,2.712558923195779,2.749854636859299,0.4622080656989633,0.0,1.0,2.258939492171264,3.4397271922106296,True
D3,24,93,AutoETS,h1_6,1,ARIMA,8.671362161636353,4.402890920639038,3.0260691864462816,2.5800360884628963,6.054997584128871,6.2732927105479535,1.0808604668237642,0.16666666666666666,0.5,4.0778010174729005,6.209339866267777,True
D3,24,93,AutoETS,h1_12,1,ARIMA,8.671362161636353,4.402890920639038,4.176683241890591,3.9972689071068594,7.836238405598294,7.649462846935886,1.5795416693792688,0.25,0.5,5.505532664882214,8.383372144597239,True
D3,24,94,AutoETS,h1,1,ARIMA,8.671362161636353,4.402890920639038,1.7472276733783392,1.4575322148955085,4.053810936684378,4.1376777533289815,0.6400026546937827,0.0,0.0,1.9763945906740155,3.009491064120979,True
D3,24,94,AutoETS,h1_6,1,ARIMA,8.671362161636353,4.402890920639038,4.6684514614226975,4.0664755240793875,11.270075179244133,12.013672027738167,1.9122920293365357,0.0,0.0,3.569638567372652,5.4355518990699,True
D3,24,94,AutoETS,h1_12,1,ARIMA,8.671362161636353,4.402890920639038,3.7460705280911735,3.3490179334088666,8.959289891795914,9.453672770461703,1.4357106669038613,0.3333333333333333,0.4166666666666667,4.822533329566729,7.343356954244216,True
D3,24,95,AutoETS,h1,1,ARIMA,8.671362161636353,4.402890920639038,1.1584243167458774,0.8870696912152098,1.884893506922775,1.9028266347661267,0.3735299596029517,1.0,1.0,2.3573898162583142,3.5896392451973407,True
D3,24,95,AutoETS,h1_6,1,ARIMA,8.671362161636353,4.402890920639038,3.9466671511082665,3.2692394603834143,6.6085015050570375,6.877045190131281,1.4824884724926357,0.16666666666666666,0.16666666666666666,4.255521949407564,6.479958678466725,True
D3,24,95,AutoETS,h1_12,1,ARIMA,8.671362161636353,4.402890920639038,4.921330729198126,3.950928697031276,8.295164138147275,8.693890268896446,1.787732016586428,0.08333333333333333,0.16666666666666666,5.7454777705426086,8.748740808715196,True
D3,24,96,AutoETS,h1,1,ARIMA,8.671362161636353,4.402890920639038,1.0745787814174428,0.8619350397980694,2.1470307829933932,2.1242268804811184,0.3478945821063946,1.0,1.0,2.2505598228130426,3.4269673211945793,True
D3,24,96,AutoETS,h1_6,1,ARIMA,8.671362161636353,4.402890920639038,7.009394294234104,6.4607879252580585,12.95712127666576,11.960517916500129,3.037256784073612,0.16666666666666666,0.16666666666666666,4.062674173945908,6.186305953587766,True
D3,24,96,AutoETS,h1_12,1,ARIMA,8.671362161636353,4.402890920639038,8.862164211778722,7.642468828263066,16.228558120380256,14.854608976594427,3.789123673208373,0.08333333333333333,0.08333333333333333,5.485109566551134,8.35227353087958,True
D3,24,97,AutoETS,h1,1,ARIMA,8.671362161636353,4.402890920639038,0.5271017883814688,0.40178823133705205,0.8820688489181843,0.8781957035514019,0.22180369826434349,1.0,1.0,2.368087466027248,3.6059287460584746,True
D3,24,97,AutoETS,h1_6,1,ARIMA,8.671362161636353,4.402890920639038,0.5929781299154914,0.5157603038535297,1.001002890379053,1.0053982353246707,0.3587235568052574,1.0,1.0,4.274833173662811,6.509364221827164,True
D3,24,97,AutoETS,h1_12,1,ARIMA,8.671362161636353,4.402890920639038,2.1209279038028863,2.6273188420256006,3.742416716869489,3.9452374523592515,0.9074998303217715,0.75,0.9166666666666666,5.771550297250157,8.788441907127263,True
D3,24,98,AutoETS,h1,1,ARIMA,8.671362161636353,4.402890920639038,1.6968806698596839,1.236476441645417,2.273154713589853,2.299287899219913,0.6087450941858669,0.0,0.0,2.0278668733676097,3.0878688210462633,True
D3,24,98,AutoETS,h1_6,1,ARIMA,8.671362161636353,4.402890920639038,4.059496445584208,3.5197291601305847,5.3639734123831415,5.577621923516484,1.6165347310143983,0.16666666666666666,0.3333333333333333,3.661214427463322,5.574996083916652,True
D3,24,98,AutoETS,h1_12,1,ARIMA,8.671362161636353,4.402890920639038,10.337451664023037,9.057058796404068,13.830901459606187,15.398451141740393,4.594116804012884,0.08333333333333333,0.16666666666666666,4.94397581837246,7.528279583859802,True
D3,24,99,AutoETS,h1,1,ARIMA,8.671362161636353,4.402890920639038,0.8855591602637577,0.7409040879217885,1.5431866774860683,1.5313707229959703,0.2911957496649555,1.0,1.0,2.0595200179911872,3.1360676252453366,True
D3,24,99,AutoETS,h1_6,1,ARIMA,8.671362161636353,4.402890920639038,0.8200448980502387,0.7636782972799464,1.3889551948202032,1.3814732008552355,0.373244109296336,1.0,1.0,3.7990002755192473,5.784805036260136,True
D3,24,99,AutoETS,h1_12,1,ARIMA,8.671362161636353,4.402890920639038,3.3432331537938738,3.6519201214887467,5.498606048295155,5.7584065226892935,1.27202265252805,0.5833333333333334,0.5833333333333334,5.263007236418908,8.014074377225029,True
D3,24,100,AutoETS,h1,1,ARIMA,8.671362161636353,4.402890920639038,0.24670368295956865,0.20491610812078234,0.6501958705394466,0.6523165381363508,0.12399206845555441,1.0,1.0,1.4650971631106802,2.2309294111895546,True
D3,24,100,AutoETS,h1_6,1,ARIMA,8.671362161636353,4.402890920639038,2.7759055036081564,2.7193174288609843,7.751369865559851,8.198929236597913,1.0671189685391467,0.3333333333333333,0.3333333333333333,3.177913706172242,4.839065511716137,True
D3,24,100,AutoETS,h1_12,1,ARIMA,8.671362161636353,4.402890920639038,2.265161284505231,2.2382924276431693,6.279702589713859,6.578442272211971,0.8913687351796439,0.5833333333333334,0.6666666666666666,4.820278793800835,7.33992393268404,True
D3,24,101,AutoETS,h1,1,ARIMA,8.671362161636353,4.402890920639038,0.44205756620262854,0.3760318245962598,0.6102152376024291,0.612082748702087,0.19371369711139744,1.0,1.0,2.1220748962208846,3.2313210467724676,True
D3,24,101,AutoETS,h1_6,1,ARIMA,8.671362161636353,4.402890920639038,3.3746214713708023,3.2105514453281847,4.783359461202574,4.931783096505484,1.2803743752419725,0.16666666666666666,0.3333333333333333,3.8307352635840872,5.833128464917444,True
D3,24,101,AutoETS,h1_12,1,ARIMA,8.671362161636353,4.402890920639038,2.916747450458779,2.8254717197277555,4.098045467315921,4.188487603456845,1.0989962828016242,0.4166666666666667,0.6666666666666666,5.171963524902062,7.875440504441096,True
D3,24,102,AutoETS,h1,1,ARIMA,8.671362161636353,4.402890920639038,0.6589791216434182,0.5451223717484517,1.0036276285574215,1.008689371165089,0.2211823930275595,1.0,1.0,1.7372257816315189,2.6453044806187687,True
D3,24,102,AutoETS,h1_6,1,ARIMA,8.671362161636353,4.402890920639038,3.3318281717687586,3.0073228788988517,4.888041776313079,5.033403759363111,1.2025888192852108,0.16666666666666666,0.3333333333333333,4.1286665595218395,6.286793728462229,True
D3,24,102,AutoETS,h1_12,1,ARIMA,8.671362161636353,4.402890920639038,6.606008264726665,6.3897418376776836,9.264086206799375,9.883346931546253,2.457813973947659,0.08333333333333333,0.16666666666666666,7.254891674748179,11.04715210684441,True
D3,24,103,AutoETS,h1,1,ARIMA,8.671362161636353,4.402890920639038,0.7682067373146793,0.612680621127776,0.8456351566872646,0.8492258327881278,0.2562180313329378,1.0,1.0,1.9511013427120711,2.97097658726333,True
D3,24,103,AutoETS,h1_6,1,ARIMA,8.671362161636353,4.402890920639038,0.816104169776897,0.7572447385359963,0.869082153093154,0.8653540320071608,0.34924036534030917,1.0,1.0,3.5226180175810176,5.363952874717318,True
D3,24,103,AutoETS,h1_12,1,ARIMA,8.671362161636353,4.402890920639038,0.9932219868903551,0.9648424242288136,1.0352552177450705,1.0284458873288673,0.4657528186393648,1.0,1.0,4.756820077416283,7.2432942207828575,True
D3,24,104,AutoETS,h1,1,ARIMA,8.671362161636353,4.402890920639038,0.5657404815323451,0.48511569284566547,1.858634837289088,1.876069477731521,0.21337525230096624,1.0,1.0,2.10524035140703,3.2056867870831827,True
D3,24,104,AutoETS,h1_6,1,ARIMA,8.671362161636353,4.402890920639038,1.2194480847517652,1.09499517991315,4.057818471284242,4.150561293906274,0.4299026961671905,1.0,1.0,3.8003458157000143,5.786853914135803,True
D3,24,104,AutoETS,h1_12,1,ARIMA,8.671362161636353,4.402890920639038,1.078464234663713,1.0413679002983802,3.5206597199052663,3.534687365471207,0.49121939578627405,1.0,1.0,5.130934034429968,7.812964172273488,True
D3,24,105,AutoETS,h1,1,ARIMA,8.671362161636353,4.402890920639038,1.6542705783185914,1.2357054368297224,3.0732129677502398,3.1211731162271534,0.5621153701069359,0.0,1.0,2.416648512359205,3.6798735117899586,True
D3,24,105,AutoETS,h1_6,1,ARIMA,8.671362161636353,4.402890920639038,2.315882106295892,2.009851545064173,4.155453150028022,4.080961793294095,0.8217251622606241,0.3333333333333333,0.8333333333333334,4.362494788694222,6.642848116363359,True
D3,24,105,AutoETS,h1_12,1,ARIMA,8.671362161636353,4.402890920639038,4.812788402281265,4.210817319987353,8.325807046285806,7.905745677551234,1.7999204978301035,0.16666666666666666,0.4166666666666667,5.8899042539399895,8.968661574162446,True
D3,24,106,AutoETS,h1,1,ARIMA,8.671362161636353,4.402890920639038,0.08714378350469185,0.07366384471231747,0.14929615363784737,0.14918479006116037,0.14855699217524543,1.0,1.0,1.96092982411489,2.98594259005208,True
D3,24,106,AutoETS,h1_6,1,ARIMA,8.671362161636353,4.402890920639038,0.6737510825602196,0.7080656604321064,1.1609981978555188,1.167064464787313,0.3418497621079344,0.8333333333333334,1.0,3.5408840703954882,5.3917669170048725,True
D3,24,106,AutoETS,h1_12,1,ARIMA,8.671362161636353,4.402890920639038,4.793153940963883,5.788601470206947,7.595728097980732,7.072572133155891,2.070166915145671,0.5,0.5833333333333334,4.782338989525195,7.282152320435746,True
D3,24,107,AutoETS,h1,1,ARIMA,8.671362161636353,4.402890920639038,0.3735277208770326,0.321670655277081,0.6572201821383226,0.6550675640196332,0.1338699314135526,1.0,1.0,1.2660471532170616,1.9278324340399708,True
D3,24,107,AutoETS,h1_6,1,ARIMA,8.671362161636353,4.402890920639038,0.42855000344601646,0.4685716048985857,0.7303660905030638,0.7261130155534784,0.22596107930286694,0.8333333333333334,1.0,2.2857861943912945,3.4806071413936257,True
D3,24,107,AutoETS,h1_12,1,ARIMA,8.671362161636353,4.402890920639038,1.1202536821137683,1.4011725358926774,1.7678485370818193,1.7834058029320028,0.4519558088386943,0.8333333333333334,0.9166666666666666,3.086645673159879,4.700090060616092,True
D3,24,108,AutoETS,h1,1,ARIMA,8.671362161636353,4.402890920639038,1.0432699240033647,0.8563751052530539,1.8210980502364897,1.8378324153780217,0.35498716937783775,0.0,1.0,1.5095531927528625,2.2986233952682915,True
D3,24,108,AutoETS,h1_6,1,ARIMA,8.671362161636353,4.402890920639038,3.3869725923915315,3.4252870342060637,5.60082295554361,5.849484597289304,1.2836678775939774,0.0,0.6666666666666666,3.587754199989906,5.463136893857771,True
D3,24,108,AutoETS,h1_12,1,ARIMA,8.671362161636353,4.402890920639038,8.522774716803706,8.31273782418906,13.583002805534816,15.015223266847865,3.523318302753148,0.0,0.3333333333333333,6.304509798678057,9.599988783775334,True
D3,24,109,AutoETS,h1,1,ARIMA,8.671362161636353,4.402890920639038,0.6406227511551658,0.51202029891614,1.5851487469777388,1.5726840561725697,0.2345304389240932,1.0,1.0,2.2585974509604956,3.4392063599981704,True
D3,24,109,AutoETS,h1_6,1,ARIMA,8.671362161636353,4.402890920639038,3.679278442141127,3.5307898938823055,9.828323363293824,10.595970461275224,1.4357536613110078,0.3333333333333333,0.5,4.077183570214079,6.208399668385853,True
D3,24,109,AutoETS,h1_12,1,ARIMA,8.671362161636353,4.402890920639038,5.399766948184833,4.763882179032397,14.676200054586092,16.141775482895103,2.0915711201621905,0.16666666666666666,0.3333333333333333,5.504699035178919,8.382102761876451,True
D3,24,110,AutoETS,h1,1,ARIMA,8.671362161636353,4.402890920639038,1.1477196695197538,0.9507741020017295,1.622001988920295,1.6089533611608804,0.3731077976087236,0.0,1.0,2.1790532666804627,3.3180830211046524,True
D3,24,110,AutoETS,h1_6,1,ARIMA,8.671362161636353,4.402890920639038,1.810625968721609,1.5787019171299292,2.5434748690012556,2.5082817849812185,0.6087320588603494,0.5,1.0,3.933591695922942,5.989749777013618,True
D3,24,110,AutoETS,h1_12,1,ARIMA,8.671362161636353,4.402890920639038,2.8565289188718825,2.603547586761994,3.972440236363955,3.880069539328559,0.973713473357809,0.4166666666666667,0.8333333333333334,5.310832352882727,8.086898529505936,True
D3,24,111,AutoETS,h1,1,ARIMA,8.671362161636353,4.402890920639038,1.2707215841462434,1.0562596968819635,2.320640250853928,2.3478832122876225,0.41419497539973393,0.0,1.0,2.3798224962731975,3.623797884553911,True
D3,24,111,AutoETS,h1_6,1,ARIMA,8.671362161636353,4.402890920639038,3.9633650012144703,3.70400508873717,7.495928522117183,7.875669030483825,1.4971624533503043,0.0,0.3333333333333333,4.298088891149796,6.544776114926372,True
D3,24,111,AutoETS,h1_12,1,ARIMA,8.671362161636353,4.402890920639038,3.490981533774607,3.3471938343975562,6.522947521032695,6.7735453052733305,1.3239435751222743,0.3333333333333333,0.5833333333333334,5.80633952884518,8.841416086527921,True
D3,24,112,AutoETS,h1,1,ARIMA,8.671362161636353,4.402890920639038,0.6834174730302325,0.5669573147687509,1.6263841417471951,1.613265197082358,0.2376021646038536,1.0,1.0,2.176005120623626,3.3134415550919867,True
D3,24,112,AutoETS,h1_6,1,ARIMA,8.671362161636353,4.402890920639038,2.192643718382174,1.959733324022855,5.105339807808893,4.959540901223681,0.7290769507403105,0.3333333333333333,1.0,3.928089231985735,5.98137107767502,True
D3,24,112,AutoETS,h1_12,1,ARIMA,8.671362161636353,4.402890920639038,4.240350780035223,3.9628261840984513,9.560998027983446,9.02452091249897,1.5418384669954555,0.16666666666666666,0.5,5.303403350139865,8.075586255390498,True
D3,24,113,AutoETS,h1,1,ARIMA,8.671362161636353,4.402890920639038,3.463631392048768,2.8624977390528645,8.623508348602472,9.01208740341071,1.4736349446025283,0.0,0.0,2.1842577746829894,3.326008017661837,True
D3,24,113,AutoETS,h1_6,1,ARIMA,8.671362161636353,4.402890920639038,8.288248493741705,7.128830668922072,22.168522449328467,25.24546816217685,3.678060532243412,0.0,0.0,3.9429867895505826,6.0040558525576335,True
D3,24,113,AutoETS,h1_12,1,ARIMA,8.671362161636353,4.402890920639038,8.303883536410291,7.052362653157969,22.14683195792547,25.12480055881107,3.5226984594210724,0.0,0.0,5.323516884235522,8.106213490161533,True
D3,24,114,AutoETS,h1,1,ARIMA,8.671362161636353,4.402890920639038,0.5648684948823397,0.4576528329209934,2.3022904718209176,2.276089377388051,0.19504990730271224,1.0,1.0,1.7376519735140892,2.6459534505502917,True
D3,24,114,AutoETS,h1_6,1,ARIMA,8.671362161636353,4.402890920639038,4.62918695421495,4.398742070843013,17.395408200826797,15.580486918783688,1.9870638389116182,0.16666666666666666,0.3333333333333333,2.98502783867461,4.545354783419017,True
D3,24,114,AutoETS,h1_12,1,ARIMA,8.671362161636353,4.402890920639038,5.856589074643797,5.117771505602108,22.23493098411568,19.710098450131312,2.469905933165901,0.08333333333333333,0.16666666666666666,3.985086621119069,6.068162012078713,True
D3,24,115,AutoETS,h1,1,ARIMA,8.671362161636353,4.402890920639038,0.8527013102929676,0.6867607713563664,1.596134151265029,1.6089748497964624,0.27567542174852583,1.0,1.0,1.7682645134043609,2.692567707482863,True
D3,24,115,AutoETS,h1_6,1,ARIMA,8.671362161636353,4.402890920639038,0.84483614802292,0.7685503544409481,1.5977542682251,1.6136940668737565,0.3956649774404185,1.0,1.0,3.880541350434726,5.908969075908334,True
D3,24,115,AutoETS,h1_12,1,ARIMA,8.671362161636353,4.402890920639038,1.890325141955292,2.0149586126573613,3.4939762316043095,3.408699425527876,0.7270026110068497,0.8333333333333334,1.0,5.980251378816651,9.10623474212614,True
D3,24,116,AutoETS,h1,1,ARIMA,8.671362161636353,4.402890920639038,1.6908451871322594,1.420233492054401,2.582285974151595,2.549369962664042,0.5913978971390225,0.0,0.0,2.1490967668065477,3.2724677279297407,True
D3,24,116,AutoETS,h1_6,1,ARIMA,8.671362161636353,4.402890920639038,3.2398731478359304,2.806792286952982,4.88266668838783,4.759453793169055,1.164219862474392,0.0,0.16666666666666666,3.8795147071017975,5.907405787913592,True
D3,24,116,AutoETS,h1_12,1,ARIMA,8.671362161636353,4.402890920639038,3.357754972246844,2.999543200710673,5.0471377056126245,4.907961179701773,1.2081361892771816,0.25,0.3333333333333333,5.237821770194266,7.9757240215286345,True
D3,24,117,AutoETS,h1,1,ARIMA,8.671362161636353,4.402890920639038,0.9479257275706588,0.8385848345451741,2.2944195954528173,2.268396330498077,0.3081037174816577,1.0,1.0,2.0405645345140786,3.1072037746713375,True
D3,24,117,AutoETS,h1_6,1,ARIMA,8.671362161636353,4.402890920639038,6.984973477150318,7.0421976317962045,15.410194120581835,14.046308924868999,3.069639579648707,0.16666666666666666,0.16666666666666666,3.683594077618509,5.609073973766178,True
D3,24,117,AutoETS,h1_12,1,ARIMA,8.671362161636353,4.402890920639038,9.504262027086005,9.026948170455718,20.533419248958126,18.3910983791819,4.170561087156008,0.08333333333333333,0.08333333333333333,4.9733048355222085,7.572939397971884,True
D3,24,118,AutoETS,h1,1,ARIMA,8.671362161636353,4.402890920639038,1.3674113705090876,1.080687015659333,1.9303471709092819,1.9118940743220527,0.4618767032118633,0.0,1.0,2.0798650706745416,3.1670473974722655,True
D3,24,118,AutoETS,h1_6,1,ARIMA,8.671362161636353,4.402890920639038,3.5759405424755863,2.9548463646963974,4.943880223408235,4.81426256697809,1.3405768319937768,0.0,0.5,4.01984809868587,6.121093929928807,True
D3,24,118,AutoETS,h1_12,1,ARIMA,8.671362161636353,4.402890920639038,4.390972464857093,3.621157637747826,6.019996896896929,5.830140705730754,1.5597391963163816,0.0,0.6666666666666666,5.742582828297436,8.74433262886128,True
D3,24,119,AutoETS,h1,1,ARIMA,8.671362161636353,4.402890920639038,0.7924192850744916,0.6216124737137462,2.45137884586122,2.421696369603495,0.27062974357566794,1.0,1.0,2.3012561254701898,3.5041634795682866,True
D3,24,119,AutoETS,h1_6,1,ARIMA,8.671362161636353,4.402890920639038,2.158787641371761,1.867734318242719,6.495370771701402,6.251868493973866,0.7182293633834977,0.5,1.0,4.154190319143183,6.32565920950821,True
D3,24,119,AutoETS,h1_12,1,ARIMA,8.671362161636353,4.402890920639038,2.2827250121168636,1.9990449665949723,6.847465788803989,6.572724140937593,0.8184121007553316,0.5833333333333334,1.0,5.608667612809098,8.540417557314488,True
D3,24,120,AutoETS,h1,1,ARIMA,8.671362161636353,4.402890920639038,0.9824554987534729,0.849657967923078,1.9760331063499108,1.9567005807163622,0.31872029029722737,1.0,1.0,2.087259542875188,3.1783070913191898,True
D3,24,120,AutoETS,h1_6,1,ARIMA,8.671362161636353,4.402890920639038,6.159317771560873,5.915768842095631,11.620314257390003,10.854592017780801,2.6466600731760996,0.16666666666666666,0.16666666666666666,3.767887151100886,5.737428530396483,True
D3,24,120,AutoETS,h1_12,1,ARIMA,8.671362161636353,4.402890920639038,7.245924007472389,6.609025537677195,13.608431677848253,12.658034738104831,3.0278460519587798,0.08333333333333333,0.08333333333333333,5.0871108470200745,7.746233828275534,True
D3,24,121,AutoETS,h1,1,ARIMA,8.671362161636353,4.402890920639038,0.7067358757946792,0.615829157947309,1.521310135090159,1.5098255703779875,0.24178960272850575,1.0,1.0,2.071683294515527,3.1545888619372136,True
D3,24,121,AutoETS,h1_6,1,ARIMA,8.671362161636353,4.402890920639038,0.8567860513063539,0.8229354772349905,1.8696271538045115,1.881346109731595,0.3623000848755974,1.0,1.0,3.7397691596143723,5.6946127665207,True
D3,24,121,AutoETS,h1_12,1,ARIMA,8.671362161636353,4.402890920639038,2.6021303851136652,3.233389690583505,5.35946290359031,5.111520604940323,1.0265107830424838,0.6666666666666666,0.75,5.0491481019188456,7.688427283625619,True
D3,24,122,AutoETS,h1,1,ARIMA,8.671362161636353,4.402890920639038,0.19663649434489086,0.1485597000226195,0.2710531638288378,0.270686311922579,0.1820482148486344,1.0,1.0,2.334902553622124,3.555397491916147,True
D3,24,122,AutoETS,h1_6,1,ARIMA,8.671362161636353,4.402890920639038,5.699422229794961,4.898523519904091,7.97868968752997,8.414360981474706,2.4030407527438573,0.16666666666666666,0.16666666666666666,4.2861276835597,6.526562572181238,True
D3,24,122,AutoETS,h1_12,1,ARIMA,8.671362161636353,4.402890920639038,7.401763066065339,6.023899904510169,10.075482513297588,10.698681497201946,3.032999947415537,0.08333333333333333,0.08333333333333333,5.904010136099024,8.99014085087646,True
D3,24,123,AutoETS,h1,1,ARIMA,8.671362161636353,4.402890920639038,0.5069097746919442,0.39081436283576243,1.0250079384529318,1.0302882064052308,0.18858007511390332,1.0,1.0,1.8402394504940285,2.802165219555667,True
D3,24,123,AutoETS,h1_6,1,ARIMA,8.671362161636353,4.402890920639038,1.861925625507369,1.5864087285384978,3.8304671880549486,3.9231936187186434,0.6187743789540326,0.5,1.0,4.11371462793623,6.264026157294734,True
D3,24,123,AutoETS,h1_12,1,ARIMA,8.671362161636353,4.402890920639038,2.4065252175662413,2.1363417723491334,4.820183333105507,4.816667246552044,0.850925725265976,0.6666666666666666,1.0,6.4872943920242205,9.878318122931576,True
D3,24,124,AutoETS,h1,1,ARIMA,8.671362161636353,4.402890920639038,5.084806783981045,3.7988413011170885,6.359537859989891,6.163551174750827,2.2859457434022445,0.0,0.0,2.1696800002358545,3.3038101821989767,True
D3,24,124,AutoETS,h1_6,1,ARIMA,8.671362161636353,4.402890920639038,15.589248838812765,12.773174257681573,18.451344565008977,16.648137355415056,7.403037652175914,0.0,0.0,3.3128977899230065,5.044608167906036,True
D3,24,124,AutoETS,h1_12,1,ARIMA,8.671362161636353,4.402890920639038,21.76485977587405,17.366104428893724,25.545180133774842,22.341731268024198,10.37627726404684,0.0,0.0,4.2821465109995245,6.520500370179116,True
D3,24,125,AutoETS,h1,1,ARIMA,8.671362161636353,4.402890920639038,0.5583669153577904,0.4903328319118869,1.4835227599479324,1.494609193728551,0.21534053976146783,1.0,1.0,2.161709099971813,3.291672751125854,True
D3,24,125,AutoETS,h1_6,1,ARIMA,8.671362161636353,4.402890920639038,0.8271615553098788,0.794219259565441,2.179806195731795,2.178941605295111,0.37231779756699346,1.0,1.0,3.905597020218776,5.94712178826471,True
D3,24,125,AutoETS,h1_12,1,ARIMA,8.671362161636353,4.402890920639038,0.8737569073494995,0.8231890336963419,2.287434710242581,2.2713439820958436,0.46257632056034115,1.0,1.0,5.278466004369582,8.037613717106545,True
D3,24,126,AutoETS,h1,1,ARIMA,8.671362161636353,4.402890920639038,1.2109838165652012,1.0491595441858002,1.853236561865484,1.8705696017528977,0.4305278491928945,0.0,0.0,1.480228887134749,2.2539707554889326,True
D3,24,126,AutoETS,h1_6,1,ARIMA,8.671362161636353,4.402890920639038,0.9987102716014271,0.9417225786612856,1.4977632555627058,1.5058193932642716,0.3728472756391257,0.6666666666666666,0.8333333333333334,2.70160155033949,4.113776551973529,True
D3,24,126,AutoETS,h1_12,1,ARIMA,8.671362161636353,4.402890920639038,4.006241027654413,4.944065828988433,5.4668690499783175,5.206171822256436,1.671068489371501,0.3333333333333333,0.5833333333333334,3.6907705630031544,5.620001735225754,True
D3,24,127,AutoETS,h1,1,ARIMA,8.671362161636353,4.402890920639038,0.25731678045154255,0.23302586152089647,0.5501587100364528,0.551676257527448,0.12693090079624386,1.0,1.0,1.4857806358868824,2.2624245016885207,True
D3,24,127,AutoETS,h1_6,1,ARIMA,8.671362161636353,4.402890920639038,2.272044217673762,2.2999762170503755,4.726176451158684,4.869150744745742,0.8490479512501474,0.16666666666666666,0.3333333333333333,2.68250424699774,4.084696749778668,True
D3,24,127,AutoETS,h1_12,1,ARIMA,8.671362161636353,4.402890920639038,4.966001343412075,5.234832304569147,10.050123175927448,10.780657416431504,2.069885111920282,0.08333333333333333,0.16666666666666666,3.62235984605442,5.515831524318069,True
D3,24,128,AutoETS,h1,1,ARIMA,8.671362161636353,4.402890920639038,1.205156896603673,1.033273959568545,2.422584049709064,2.393590676734122,0.39927887665145345,0.0,1.0,2.0649526532277096,3.144339995184048,True
D3,24,128,AutoETS,h1_6,1,ARIMA,8.671362161636353,4.402890920639038,7.8611933032842245,7.574650227531229,14.538218620885852,13.338507861147328,3.496582833102276,0.0,0.16666666666666666,3.729338632380147,5.678730017876475,True
D3,24,128,AutoETS,h1_12,1,ARIMA,8.671362161636353,4.402890920639038,11.052521911576774,10.163299963891918,19.926043523809845,17.903795522221245,4.934178393695993,0.0,0.08333333333333333,5.037879969036747,7.671269098019351,True
D3,24,129,AutoETS,h1,1,ARIMA,8.671362161636353,4.402890920639038,0.20605707275748436,0.17041097353083082,0.32296634710223326,0.32244565163100203,0.16447307238890688,1.0,1.0,2.0879572918318274,3.17936956601929,True
D3,24,129,AutoETS,h1_6,1,ARIMA,8.671362161636353,4.402890920639038,1.1485722357785173,1.298700981774341,1.6931269220473544,1.6673831222579674,0.46204080148384935,0.8333333333333334,1.0,3.840269420481734,5.847646294566836,True
D3,24,129,AutoETS,h1_12,1,ARIMA,8.671362161636353,4.402890920639038,1.5562732211491337,1.5380930498432168,2.2147326161985936,2.180806794694758,0.5999329318053211,0.9166666666666666,1.0,5.302012818610938,8.07346886839175,True
D3,24,130,AutoETS,h1,1,ARIMA,8.671362161636353,4.402890920639038,0.4028730277765453,0.345470367503545,0.9112175337902343,0.9070847760274823,0.18622568115363772,1.0,1.0,2.1051520383705147,3.205552311257601,True
D3,24,130,AutoETS,h1_6,1,ARIMA,8.671362161636353,4.402890920639038,2.260253193036426,2.482252304493474,4.9295007081426645,4.741774097409534,0.8426277954962782,0.5,0.6666666666666666,3.8001863944355616,5.786611160551545,True
D3,24,130,AutoETS,h1_12,1,ARIMA,8.671362161636353,4.402890920639038,5.548558021940214,5.751731220241665,11.5538803564825,10.678345994108936,2.2486674720448185,0.25,0.3333333333333333,5.130718796125018,7.812636425092609,True
D3,24,131,AutoETS,h1,1,ARIMA,8.671362161636353,4.402890920639038,0.23635639284670384,0.17087565422602555,0.39813330744452563,0.39734233136166197,0.19613013317812825,1.0,1.0,2.4969346136674813,3.8021265808888796,True
D3,24,131,AutoETS,h1_6,1,ARIMA,8.671362161636353,4.402890920639038,0.7080896485813758,0.624279034259295,1.1959485931236171,1.1969826368484515,0.39503024790090946,1.0,1.0,4.50742595959919,6.863537378421275,True
D3,24,131,AutoETS,h1_12,1,ARIMA,8.671362161636353,4.402890920639038,1.5474512599940564,1.3676377388800407,2.6590592153164434,2.708865062191353,0.6283152163422757,1.0,1.0,6.085579151306961,9.266619207662075,True
D3,24,132,AutoETS,h1,1,ARIMA,8.671362161636353,4.402890920639038,2.013538898039528,1.7621085330468593,3.8174132126606435,3.8916942376732897,0.7930754714932828,0.0,0.0,1.8078912902863207,2.7529081028112583,True
D3,24,132,AutoETS,h1_6,1,ARIMA,8.671362161636353,4.402890920639038,3.3422381481052144,3.0824245801246213,6.181275478592182,6.400164149998612,1.1739053481017696,0.0,0.6666666666666666,4.296814183819122,6.542835095486656,True
D3,24,132,AutoETS,h1_12,1,ARIMA,8.671362161636353,4.402890920639038,3.928088013024418,3.625732257044763,7.010343802692691,7.292591286884307,1.3424249187540847,0.4166666666666667,0.8333333333333334,7.550491370078453,11.497267000829206,True
D3,24,133,AutoETS,h1,1,ARIMA,8.671362161636353,4.402890920639038,2.4209248077103718,2.0047217460754063,4.204143986404041,4.294415696021788,1.0431796361160282,0.0,0.0,1.4152437158559315,2.1550166836721107,True
D3,24,133,AutoETS,h1_6,1,ARIMA,8.671362161636353,4.402890920639038,8.003648581178142,7.331144659415199,14.028942789704466,15.366251796242093,3.699803437664191,0.0,0.0,2.5551532888664292,3.8907771892253633,True
D3,24,133,AutoETS,h1_12,1,ARIMA,8.671362161636353,4.402890920639038,12.329542850092377,11.065482767687538,21.220047775048563,24.249831865900337,5.7569330361487125,0.0,0.0,3.4503895695459224,5.2539693370358,True
D3,24,134,AutoETS,h1,1,ARIMA,8.671362161636353,4.402890920639038,0.027629319311139777,0.023653967828241623,0.11849012328527743,0.11841996530383599,0.13682020580498935,1.0,1.0,1.8459007801603005,2.8107858265549384,True
D3,24,134,AutoETS,h1_6,1,ARIMA,8.671362161636353,4.402890920639038,0.5496569363541717,0.5282173680828992,2.4184209663709284,2.3821675667486564,0.3437178154704907,1.0,1.0,4.186022279715185,6.3741302999204885,True
D3,24,134,AutoETS,h1_12,1,ARIMA,8.671362161636353,4.402890920639038,0.6184015559250198,0.5883415397434585,2.804786077410698,2.7645857633358797,0.53210744648111,1.0,1.0,6.747987594251132,10.275280281339128,True
D3,24,135,AutoETS,h1,1,ARIMA,8.671362161636353,4.402890920639038,0.7756873375804828,0.6497309230534235,3.2313167646682204,3.284381143927892,0.2549002002491658,1.0,1.0,1.7963984586151804,2.735407764377347,True
D3,24,135,AutoETS,h1_6,1,ARIMA,8.671362161636353,4.402890920639038,2.9003985072097898,2.719767391261581,12.3411137244152,13.393551668360585,0.9867239050189905,0.16666666666666666,1.0,4.269499177434548,6.501242051254157,True
D3,24,135,AutoETS,h1_12,1,ARIMA,8.671362161636353,4.402890920639038,6.3206370848932085,6.246742395165049,28.647879809262626,36.49775125605001,2.294948299208406,0.08333333333333333,0.5833333333333334,7.502492617710476,11.42417845008028,True
D3,24,136,AutoETS,h1,1,ARIMA,8.671362161636353,4.402890920639038,2.3293274562869217,1.9296131827913718,3.0666011572070135,3.0202910175592677,0.9070929570896985,0.0,0.0,2.179097225904374,3.3181499585938368,True
D3,24,136,AutoETS,h1_6,1,ARIMA,8.671362161636353,4.402890920639038,5.764272301795409,5.472359384163482,7.338063957723552,7.006956379002906,2.423596875646117,0.0,0.16666666666666666,3.9336710504025993,5.989870611485919,True
D3,24,136,AutoETS,h1_12,1,ARIMA,8.671362161636353,4.402890920639038,10.642605603335445,10.052747407476845,13.035989851171795,12.04448060410484,4.696757805621424,0.0,0.08333333333333333,5.310939491185448,8.087061670897938,True
D3,24,137,AutoETS,h1,1,ARIMA,8.671362161636353,4.402890920639038,1.4305624463030568,1.227612197328476,3.5506834551700965,3.488746286574957,0.48563731167156077,0.0,1.0,2.10361562280308,3.203212784048431,True
D3,24,137,AutoETS,h1_6,1,ARIMA,8.671362161636353,4.402890920639038,4.532141008196875,4.187873999094506,10.742371573244647,10.1206582846416,1.8203812046307268,0.0,0.16666666666666666,3.7974128819152666,5.782387883891389,True
D3,24,137,AutoETS,h1_12,1,ARIMA,8.671362161636353,4.402890920639038,6.18476743116378,5.63604235723003,14.368686787057369,13.30636764904727,2.4879556241375047,0.0,0.08333333333333333,5.126974213269818,7.806934482426526,True
D3,24,138,AutoETS,h1,1,ARIMA,8.671362161636353,4.402890920639038,2.990137976224294,2.3528291989345482,6.476359596482498,6.693094014745274,1.223902344081239,0.0,0.0,2.2941208715107426,3.4932985019304765,True
D3,24,138,AutoETS,h1_6,1,ARIMA,8.671362161636353,4.402890920639038,11.223457004841373,9.727041890458231,27.536013500882937,33.39536944861257,5.122222864591007,0.0,0.0,4.141309874157123,6.306045927691742,True
D3,24,138,AutoETS,h1_12,1,ARIMA,8.671362161636353,4.402890920639038,14.54402033074512,12.098160544135798,36.846470083243204,46.74703528470186,6.611117378508364,0.0,0.0,5.59127742866203,8.51393721576682,True
D3,24,139,AutoETS,h1,1,ARIMA,8.671362161636353,4.402890920639038,0.4248957021050311,0.355105496312684,1.0219361856955984,1.0167409637837501,0.19299682147411515,1.0,1.0,2.1599674891542464,3.28902076947331,True
D3,24,139,AutoETS,h1_6,1,ARIMA,8.671362161636353,4.402890920639038,2.897095861257605,3.343387729834187,6.570630572354921,6.196508249627703,1.1652866350375781,0.5,0.6666666666666666,3.899138359175577,5.937287070649405,True
D3,24,139,AutoETS,h1_12,1,ARIMA,8.671362161636353,4.402890920639038,6.932640990796411,7.070431568442287,14.921312378883112,13.475757511567773,2.932884510372749,0.25,0.3333333333333333,5.264316112864138,8.016067426580934,True
D3,24,140,AutoETS,h1,1,ARIMA,8.671362161636353,4.402890920639038,0.8366116311422928,0.6352360466981667,1.117251688794842,1.1235280066088018,0.2799215704063122,1.0,1.0,2.165320667777553,3.2971721494191457,True
D3,24,140,AutoETS,h1_6,1,ARIMA,8.671362161636353,4.402890920639038,1.938183925528735,1.5493068889285397,2.5487810800189026,2.5853330178267786,0.6491715718460861,0.5,1.0,3.9093805284103187,5.95288300323018,True
D3,24,140,AutoETS,h1_12,1,ARIMA,8.671362161636353,4.402890920639038,2.1145972627920235,1.7420362282746442,2.711017907290603,2.754819675127423,0.7377606521635129,0.6666666666666666,1.0,5.279090635144283,8.038564853455387,True
D3,24,141,AutoETS,h1,1,ARIMA,8.671362161636353,4.402890920639038,1.4051928661715674,1.031916820962233,3.03995868544873,3.0868786025423525,0.46580081346772373,0.0,1.0,2.4003118361745406,3.654997365484385,True
D3,24,141,AutoETS,h1_6,1,ARIMA,8.671362161636353,4.402890920639038,2.2682635996525815,1.7656634178486303,4.968850529448301,5.112499963519083,0.78902116753339,0.3333333333333333,1.0,4.335966493051308,6.602453010517378,True
D3,24,141,AutoETS,h1_12,1,ARIMA,8.671362161636353,4.402890920639038,2.524879790813195,2.25216823250354,5.307923202386159,5.253420383424001,0.9416717283198688,0.5,0.9166666666666666,5.858938783175808,8.921509903134387,True
D3,24,142,AutoETS,h1,1,ARIMA,8.671362161636353,4.402890920639038,0.2509890381323337,0.18014633542172365,0.6563197069610527,0.6541729738884312,0.1847831733609541,1.0,1.0,2.3310189543802116,3.549483866534713,True
D3,24,142,AutoETS,h1_6,1,ARIMA,8.671362161636353,4.402890920639038,1.407348576510977,1.1457359732240366,3.805537087626216,3.7149256140726163,0.511864073463226,0.8333333333333334,1.0,4.208390332266498,6.408190529893094,True
D3,24,142,AutoETS,h1_12,1,ARIMA,8.671362161636353,4.402890920639038,1.5490143407886119,1.2463613026737674,4.566047533877956,4.599908532927844,0.6145564181157905,0.9166666666666666,1.0,5.682818954504557,8.653329119245532,True
D3,24,143,AutoETS,h1,1,ARIMA,8.671362161636353,4.402890920639038,1.1050201578494523,0.9440692629071803,2.71842466056623,2.6819709803072787,0.3652403729527182,0.0,1.0,1.9190361254029324,2.9221503126842197,True
D3,24,143,AutoETS,h1_6,1,ARIMA,8.671362161636353,4.402890920639038,1.839897556581657,1.6459286004745781,4.476260188232672,4.369636992115811,0.6202037269248013,0.16666666666666666,1.0,3.466286386481013,5.278175701867941,True
D3,24,143,AutoETS,h1_12,1,ARIMA,8.671362161636353,4.402890920639038,3.8511833001044926,4.356748561615914,10.394246913876373,11.433533658616197,1.5234538943826268,0.25,0.6666666666666666,4.683307371624755,7.131355121059092,True
D3,24,144,AutoETS,h1,1,ARIMA,8.671362161636353,4.402890920639038,0.2616972563819127,0.204428561944596,0.7198204213939376,0.7224204864889782,0.19318809483286448,1.0,1.0,2.4375828520434193,3.711750601775038,True
D3,24,144,AutoETS,h1_6,1,ARIMA,8.671362161636353,4.402890920639038,3.9737970851455926,3.52384087853516,11.717108604849075,12.689276057622989,1.5345701145596937,0.16666666666666666,0.3333333333333333,4.405418712906667,6.708209136355983,True
D3,24,144,AutoETS,h1_12,1,ARIMA,8.671362161636353,4.402890920639038,3.84454330039098,3.3434251150913106,10.782998019333807,11.137108709492127,1.4051650623781353,0.3333333333333333,0.6666666666666666,5.956272090132486,9.069721054343603,True
D3,24,145,AutoETS,h1,1,ARIMA,8.671362161636353,4.402890920639038,0.8697948088242553,0.7653556650345803,2.0127657995527874,1.992711491856861,0.2866409331332884,1.0,1.0,2.0515096502578802,3.12387009635738,True
D3,24,145,AutoETS,h1_6,1,ARIMA,8.671362161636353,4.402890920639038,3.0389709396943,3.1671198450359586,6.768614920423522,6.466830566315027,1.1558641394342621,0.3333333333333333,0.5,3.703352023447113,5.639159747982087,True
D3,24,145,AutoETS,h1_12,1,ARIMA,8.671362161636353,4.402890920639038,6.142728912508433,6.328975784801909,13.08662504017833,12.042116786859216,2.517422064813181,0.16666666666666666,0.25,4.999980491270059,7.613558891660814,True
D3,24,146,AutoETS,h1,1,ARIMA,8.671362161636353,4.402890920639038,0.8903737291879893,0.7429236395399846,1.8850808353451918,1.9030175448609066,0.30088596150541963,1.0,1.0,2.4400537421862634,3.7155130699787087,True
D3,24,146,AutoETS,h1_6,1,ARIMA,8.671362161636353,4.402890920639038,1.1166572293753063,1.0545355225212536,2.3064276692661476,2.3253854534879967,0.5625396179062526,0.8333333333333334,1.0,5.874705936178789,8.945518826399505,True
D3,24,146,AutoETS,h1_12,1,ARIMA,8.671362161636353,4.402890920639038,1.791959429111911,1.8005900147857778,3.5739563366802307,3.6456745890574425,0.932836233209094,0.9166666666666666,1.0,10.471435937168003,15.945041051076355,True
D3,24,147,AutoETS,h1,1,ARIMA,8.671362161636353,4.402890920639038,1.211968241691233,1.021356507549417,2.5884286327257175,2.555356838685295,0.4122883148879172,0.0,1.0,1.756650174747826,2.6748823482092337,True
D3,24,147,AutoETS,h1_6,1,ARIMA,8.671362161636353,4.402890920639038,4.7552431615252555,4.340152771763196,9.656125408921442,9.144087544577328,1.9765883381118483,0.0,0.16666666666666666,3.4124746144581737,5.1962355630862325,True
D3,24,147,AutoETS,h1_12,1,ARIMA,8.671362161636353,4.402890920639038,2.7626355321422755,3.141584190529185,5.641370188086273,5.373747333326781,1.2635801245906495,0.5,0.5833333333333334,4.849215788232043,7.383986806856119,True
D3,24,148,AutoETS,h1,1,ARIMA,8.671362161636353,4.402890920639038,0.10690822408904437,0.08231149625459296,0.16477570013609094,0.1646400567329978,0.14727118514304557,1.0,1.0,1.9284036126475095,2.9364143514995704,True
D3,24,148,AutoETS,h1_6,1,ARIMA,8.671362161636353,4.402890920639038,3.04700032149102,3.0008804732645498,4.885622386860891,5.091912025607106,1.234901771474442,0.3333333333333333,0.5,3.483263140433923,5.304026505933149,True
D3,24,148,AutoETS,h1_12,1,ARIMA,8.671362161636353,4.402890920639038,5.042592651662924,4.447851287881458,8.190971213421603,8.66195843738758,2.03412519827936,0.16666666666666666,0.3333333333333333,4.705490308065954,7.165133471450642,True
D3,24,149,AutoETS,h1,1,ARIMA,8.671362161636353,4.402890920639038,0.6867615581507874,0.5701582979662959,1.4948138260451733,1.4837243675518899,0.23099706700019426,1.0,1.0,1.8327748152029775,2.790798687127702,True
D3,24,149,AutoETS,h1_6,1,ARIMA,8.671362161636353,4.402890920639038,1.4148250626395136,1.3749461395959046,3.1662591878298794,3.2193972617336484,0.5006913941199927,1.0,1.0,3.992396067773046,6.079292236019121,True
D3,24,149,AutoETS,h1_12,1,ARIMA,8.671362161636353,4.402890920639038,2.7535516891036527,2.8603542486699136,5.872748988769693,5.691244686274095,0.9655871740459072,0.6666666666666666,1.0,6.0772392768768375,9.25391993308817,True
D3,24,150,AutoETS,h1,1,ARIMA,8.671362161636353,4.402890920639038,0.3161583082808537,0.23522519309929488,0.5232556398608245,0.5218902298300903,0.1953833258663734,1.0,1.0,2.4262526839165313,3.6944979540022924,True
D3,24,150,AutoETS,h1_6,1,ARIMA,8.671362161636353,4.402890920639038,6.310743919054888,5.887124296992025,11.4204456945446,12.584288272774188,2.731447957539408,0.3333333333333333,0.3333333333333333,4.379832083776353,6.66924792279468,True
D3,24,150,AutoETS,h1_12,1,ARIMA,8.671362161636353,4.402890920639038,11.746658449729637,9.964215119211849,22.34619864728701,26.26642065327452,5.221259326043619,0.16666666666666666,0.16666666666666666,5.913311733605227,9.004304558219648,True
D3,24,151,AutoETS,h1,1,ARIMA,8.671362161636353,4.402890920639038,0.5846588019232429,0.44263423581967487,0.9326242714903022,0.9282955168397006,0.2307712163998602,1.0,1.0,2.357032827438528,3.589095651995761,True
D3,24,151,AutoETS,h1_6,1,ARIMA,8.671362161636353,4.402890920639038,3.277030456217614,3.3254459371323355,4.91702098276348,5.142323140984207,1.1880613037605874,0.5,0.8333333333333334,5.797658260204501,8.828196964940236,True
D3,24,151,AutoETS,h1_12,1,ARIMA,8.671362161636353,4.402890920639038,9.566891191111848,9.044580746277756,13.748030711745516,15.390875869420432,3.652710673583928,0.25,0.4166666666666667,10.559596984922418,16.079285440669615,True
D3,24,152,AutoETS,h1,1,ARIMA,8.671362161636353,4.402890920639038,1.3885526199533191,1.1617494686752843,2.6716005968124903,2.707771010044827,0.467486150973961,0.0,1.0,2.15759546271014,3.285408842775543,True
D3,24,152,AutoETS,h1_6,1,ARIMA,8.671362161636353,4.402890920639038,1.914216350321074,1.8846517344090918,3.608147297680067,3.5871241130088993,0.6949353741363672,0.3333333333333333,0.8333333333333334,3.894856415422434,5.930766879022211,True
D3,24,152,AutoETS,h1_12,1,ARIMA,8.671362161636353,4.402890920639038,3.028766203586616,2.964617886927204,5.565187808988611,5.39757737638909,1.1076092724264008,0.3333333333333333,0.6666666666666666,5.258534962410473,8.007264366345527,True
D3,24,153,AutoETS,h1,1,ARIMA,8.671362161636353,4.402890920639038,0.25625117919507046,0.21129735601394317,0.4361234431700142,0.43707653979734046,0.16260717449370368,1.0,1.0,2.02444947722329,3.0826650913824536,True
D3,24,153,AutoETS,h1_6,1,ARIMA,8.671362161636353,4.402890920639038,6.534118051241618,6.835280659143488,11.69625109275839,12.962661488747788,2.7575249033038687,0.16666666666666666,0.3333333333333333,4.811173728103516,7.326059487808705,True
D3,24,153,AutoETS,h1_12,1,ARIMA,8.671362161636353,4.402890920639038,13.106488143530276,12.47814627238596,24.028733356898428,28.729906784546667,5.583503869514283,0.08333333333333333,0.16666666666666666,8.454394273279718,12.87365596832254,True
D3,24,154,AutoETS,h1,1,ARIMA,8.671362161636353,4.402890920639038,2.4621689473132267,2.1227938178669894,4.822643869783476,4.941806739677272,0.9836013222420326,0.0,0.0,2.0937540641714407,3.1881964139772516,True
D3,24,154,AutoETS,h1_6,1,ARIMA,8.671362161636353,4.402890920639038,2.02645904621883,1.9749359863647156,3.942352973321275,4.014439843713873,0.797248844528688,0.5,0.6666666666666666,3.77961095585158,5.755280575631382,True
D3,24,154,AutoETS,h1_12,1,ARIMA,8.671362161636353,4.402890920639038,7.023989001431911,7.806288296455878,12.186616672789325,11.209852943342565,3.02420954816951,0.25,0.3333333333333333,5.102939424661577,7.770336283926154,True
D3,24,155,AutoETS,h1,1,ARIMA,8.671362161636353,4.402890920639038,0.24129475836674585,0.1901969896154631,0.4053287071318005,0.4061518321168561,0.18125308688827543,1.0,1.0,2.290201194689538,3.4873299405797513,True
D3,24,155,AutoETS,h1_6,1,ARIMA,8.671362161636353,4.402890920639038,0.3596895161148913,0.36002754738525744,0.6011724875617107,0.5993923728429392,0.3252467809688343,1.0,1.0,4.134234136987062,6.295271577323719,True
D3,24,155,AutoETS,h1_12,1,ARIMA,8.671362161636353,4.402890920639038,4.212764651518639,4.834724990242652,6.574226929921956,6.154632438599067,1.795779894509983,0.5833333333333334,0.5833333333333334,5.581724313649556,8.499390518260038,True
D3,24,156,AutoETS,h1,1,ARIMA,8.671362161636353,4.402890920639038,0.7241987018023176,0.6095443073881026,1.3053639549605245,1.3139398032512852,0.24824405536605015,1.0,1.0,2.1447423058892294,3.265837113131662,True
D3,24,156,AutoETS,h1_6,1,ARIMA,8.671362161636353,4.402890920639038,3.3032796914118756,3.3889398776491735,6.189666326759145,6.4957036259489955,1.2656249553990002,0.3333333333333333,0.5,3.871654104717022,5.895436309375644,True
D3,24,156,AutoETS,h1_12,1,ARIMA,8.671362161636353,4.402890920639038,3.2712817757102632,3.306881488683405,6.104537499115406,6.379721738071689,1.2563325804956291,0.4166666666666667,0.6666666666666666,5.227208990657061,7.959563754073229,True
D3,24,157,AutoETS,h1,1,ARIMA,8.671362161636353,4.402890920639038,0.4991434886003956,0.41139452117136577,1.9523435657739712,1.9715896677852056,0.20708256840021438,1.0,1.0,2.190217351986629,3.3350827716233513,True
D3,24,157,AutoETS,h1_6,1,ARIMA,8.671362161636353,4.402890920639038,1.936196060000245,2.2520095998118803,8.113595340011566,8.860893108916875,0.7646095279887949,0.6666666666666666,0.8333333333333334,3.953744922062195,6.020437451562758,True
D3,24,157,AutoETS,h1_12,1,ARIMA,8.671362161636353,4.402890920639038,4.214505946704464,4.158384140736314,18.511832303728916,21.452679027135833,1.6214336410680903,0.3333333333333333,0.5,5.338041685642462,8.128330662637405,True
D3,24,158,AutoETS,h1,1,ARIMA,8.671362161636353,4.402890920639038,2.72542515964905,2.1999888869017963,6.1393889293845785,5.956541310489377,1.1949451642955549,0.0,0.0,1.419343927421097,2.1612601484764373,True
D3,24,158,AutoETS,h1_6,1,ARIMA,8.671362161636353,4.402890920639038,2.513572699122196,2.3959221157266404,5.6991672206792625,5.483870568332181,1.1027825592855713,0.3333333333333333,0.3333333333333333,3.150140409187596,4.796774620266176,True
D3,24,158,AutoETS,h1_12,1,ARIMA,8.671362161636353,4.402890920639038,3.4447398211492724,3.523148971241827,7.843578748336437,7.393050159613468,1.387335806974644,0.4166666666666667,0.5,4.946848587604488,7.532654000473699,True
D3,24,159,AutoETS,h1,1,ARIMA,8.671362161636353,4.402890920639038,0.32677080187938257,0.2758959668909475,0.7862001401708183,0.7893028903861123,0.16687902302291344,1.0,1.0,1.9873613933308198,3.0261904088537386,True
D3,24,159,AutoETS,h1_6,1,ARIMA,8.671362161636353,4.402890920639038,2.096323893598492,2.0854467340464677,5.206840992363748,5.406751517070259,0.730351994185678,0.6666666666666666,0.8333333333333334,3.589679096883545,5.466067968466099,True
D3,24,159,AutoETS,h1_12,1,ARIMA,8.671362161636353,4.402890920639038,6.043438274715516,6.2743327826329445,16.29711232801249,18.73193767001384,2.501693363638999,0.3333333333333333,0.4166666666666667,4.849989496696424,7.385164946444623,True
D3,24,160,AutoETS,h1,1,ARIMA,8.671362161636353,4.402890920639038,0.5638986622657507,0.4180640636885079,0.6536467974272416,0.6515174858368161,0.22407651568831907,1.0,1.0,2.2998487688056146,3.502020472637369,True
D3,24,160,AutoETS,h1_6,1,ARIMA,8.671362161636353,4.402890920639038,2.1798085754630128,1.8734088958380002,2.4926885437912505,2.451970456538797,0.755966839746756,0.6666666666666666,0.8333333333333334,4.152425618622072,6.322972068754948,True
D3,24,160,AutoETS,h1_12,1,ARIMA,8.671362161636353,4.402890920639038,4.0433147414109305,3.8456852456212074,4.847465831866857,5.01223320928855,1.5623629880868268,0.5,0.5833333333333334,5.607554108728118,8.53872200491954,True
D3,24,161,AutoETS,h1,1,ARIMA,8.671362161636353,4.402890920639038,0.07818057324157573,0.05836408043082219,0.16813720578555852,0.1679959739173701,0.16864085111819438,1.0,1.0,2.2417585935763236,3.413565533481633,True
D3,24,161,AutoETS,h1_6,1,ARIMA,8.671362161636353,4.402890920639038,4.789236815579803,4.26021930950292,9.608250391119634,9.00145804546566,2.0095814578078826,0.3333333333333333,0.3333333333333333,4.049248335621335,6.165862191670578,True
D3,24,161,AutoETS,h1_12,1,ARIMA,8.671362161636353,4.402890920639038,5.721630364341595,4.733075447214442,11.453484789096107,10.710143909480225,2.2680967889855466,0.16666666666666666,0.3333333333333333,5.471013928261442,8.330809852686931,True
D3,24,162,AutoETS,h1,1,ARIMA,8.671362161636353,4.402890920639038,0.6482331149307629,0.5338121199251054,1.1881786010638427,1.1811614472835232,0.22221749892335774,1.0,1.0,1.9203716480846476,2.9241839367365823,True
D3,24,162,AutoETS,h1_6,1,ARIMA,8.671362161636353,4.402890920639038,3.3160617890926996,2.980840413196372,6.003302770694523,5.796851936574931,1.1997897029497875,0.16666666666666666,0.3333333333333333,4.144247903444991,6.310519716949047,True
D3,24,162,AutoETS,h1_12,1,ARIMA,8.671362161636353,4.402890920639038,4.958534540903788,4.436591062912638,8.904434611857779,8.463676160339904,1.760499687882233,0.08333333333333333,0.3333333333333333,6.2605735816709025,9.533086327606789,True
D3,24,163,AutoETS,h1,1,ARIMA,8.671362161636353,4.402890920639038,2.396663220669197,1.9961060718874082,4.195820956559969,4.109605120128856,0.9620122169039335,0.0,0.0,1.999306569395954,3.0443795401117435,True
D3,24,163,AutoETS,h1_6,1,ARIMA,8.671362161636353,4.402890920639038,4.154093599401259,3.5350641114778134,7.114515758380409,6.860724633179882,1.5649864280035697,0.0,0.16666666666666666,4.363151603212809,6.643848259469294,True
D3,24,163,AutoETS,h1_12,1,ARIMA,8.671362161636353,4.402890920639038,4.404404581023965,3.8269211056038457,7.49523255146484,7.203584543964932,1.6026634359540857,0.16666666666666666,0.4166666666666667,6.649616164245504,10.12548836176816,True
D3,24,164,AutoETS,h1,1,ARIMA,8.671362161636353,4.402890920639038,1.453582876177182,1.0990528556492651,2.370536711889895,2.342768616821698,0.48505024011006875,0.0,1.0,2.387483798291219,3.6354638848918777,True
D3,24,164,AutoETS,h1_6,1,ARIMA,8.671362161636353,4.402890920639038,1.8713391369424035,1.5975069611511041,3.0297556465321898,2.973557556521629,0.7162260756457702,0.3333333333333333,0.8333333333333334,4.309847118797413,6.562680576516365,True
D3,24,164,AutoETS,h1_12,1,ARIMA,8.671362161636353,4.402890920639038,3.311676368308952,2.8546143643140804,5.607528022699905,5.767529225144589,1.1684474053341416,0.25,0.8333333333333334,5.81882342750809,8.8604255402315,True
D3,24,165,AutoETS,h1,1,ARIMA,8.671362161636353,4.402890920639038,0.7312267786088857,0.6503476307358781,1.2577467890230156,1.2657064803304217,0.2356179673533976,0.0,1.0,1.4506067458958303,2.208864596132258,True
D3,24,165,AutoETS,h1_6,1,ARIMA,8.671362161636353,4.402890920639038,0.6672409628298873,0.6715182248512781,1.138485063223136,1.1396374707779664,0.2755680395922927,0.8333333333333334,1.0,2.6235408142925345,3.994912085990602,True
D3,24,165,AutoETS,h1_12,1,ARIMA,8.671362161636353,4.402890920639038,2.2562431297243677,2.5320684946023055,3.725989406453335,3.6250452048828317,0.8396788965546752,0.4166666666666667,0.75,3.5480410774574525,5.402665018477361,True
D3,24,166,AutoETS,h1,1,ARIMA,8.671362161636353,4.402890920639038,0.5388651533279076,0.4513245363088245,1.5274056814659516,1.5158292504198339,0.2247035591402203,1.0,1.0,2.3846928278574975,3.6312140247575906,True
D3,24,166,AutoETS,h1_6,1,ARIMA,8.671362161636353,4.402890920639038,1.1219613761255758,1.3329454511996406,3.307944850196472,3.420453601435549,0.48501056805291215,0.8333333333333334,1.0,4.310029634811782,6.562958496885553,True
D3,24,166,AutoETS,h1_12,1,ARIMA,8.671362161636353,4.402890920639038,1.9455637882488792,1.9128309800291359,5.776918054898217,6.016764521495749,0.7147437283296659,0.8333333333333334,1.0,5.82762881575396,8.873833660941354,True
D3,24,167,AutoETS,h1,1,ARIMA,8.671362161636353,4.402890920639038,0.7390695610687331,0.5467239027957527,1.0578771721892162,1.0523110927737818,0.26120849029563337,1.0,1.0,2.440159468772238,3.715674061724607,True
D3,24,167,AutoETS,h1_6,1,ARIMA,8.671362161636353,4.402890920639038,2.0295609498989684,1.7383708976979533,2.8645321124412,2.8109094108370263,0.6967802381565473,0.5,1.0,4.404936386760529,6.707474689786636,True
D3,24,167,AutoETS,h1_12,1,ARIMA,8.671362161636353,4.402890920639038,3.38176020647137,3.090518017623367,4.693150049666889,4.533888053485393,1.2643347891656322,0.4166666666666667,0.75,5.947205628750243,9.055915392942886,True
D3,24,168,AutoETS,h1,1,ARIMA,8.671362161636353,4.402890920639038,0.5141332670994422,0.44590746647831975,4.00305986316359,4.08481873275045,0.16817148923637043,1.0,1.0,1.1551863167937988,1.7590226740097261,True
D3,24,168,AutoETS,h1_6,1,ARIMA,8.671362161636353,4.402890920639038,2.17639715853326,2.3075393737656364,15.7812669856754,14.192722631563095,0.8817765159483344,0.3333333333333333,0.5,2.085565120915015,3.1757269649759783,True
D3,24,168,AutoETS,h1_12,1,ARIMA,8.671362161636353,4.402890920639038,2.047792266241835,2.0173626254735733,15.716275440562963,14.347165802458871,0.7577017044652758,0.3333333333333333,0.75,2.8162885162955877,4.2884124272408854,True
D3,24,169,AutoETS,h1,1,ARIMA,8.671362161636353,4.402890920639038,1.1185890696298226,0.8290819079228002,2.871530491301313,2.9133594944028114,0.3623052387821296,1.0,1.0,2.3501291246892695,3.578583261488685,True
D3,24,169,AutoETS,h1_6,1,ARIMA,8.671362161636353,4.402890920639038,2.2772675661121373,1.9647362701489262,5.997345372762666,6.254239264265253,0.875703620009751,0.5,0.6666666666666666,4.2463372338058045,6.46597294927053,True
D3,24,169,AutoETS,h1_12,1,ARIMA,8.671362161636353,4.402890920639038,2.5315617565111395,2.1232871070390122,6.380286004692177,6.377433436020788,0.9469847869995279,0.5833333333333334,0.8333333333333334,5.739503285143647,8.739643353932768,True
D3,24,170,AutoETS,h1,1,ARIMA,8.671362161636353,4.402890920639038,1.0529011068537164,0.8614436826886595,2.3407830887972323,2.36850385767623,0.33967423018668197,1.0,1.0,2.1503892065206336,3.2744357487838727,True
D3,24,170,AutoETS,h1_6,1,ARIMA,8.671362161636353,4.402890920639038,2.723771309676545,2.410996097697373,6.20359890203668,6.440565543426194,0.9412303106256434,0.16666666666666666,0.8333333333333334,3.8841126796195073,5.914407202140494,True
D3,24,170,AutoETS,h1_12,1,ARIMA,8.671362161636353,4.402890920639038,3.0663938491473206,2.735573600231076,7.021289483579631,7.333559817150605,1.0773924163308666,0.4166666666666667,0.8333333333333334,5.247737560284682,7.990822970803043,True
D3,24,171,AutoETS,h1,1,ARIMA,8.671362161636353,4.402890920639038,0.43007766254756585,0.3782591015119859,1.4282015473761356,1.4384736991913605,0.15468736687734838,1.0,1.0,1.4674478389066408,2.234508826877069,True
D3,24,171,AutoETS,h1_6,1,ARIMA,8.671362161636353,4.402890920639038,2.074428805949515,1.9792174019554838,7.7797648480398385,8.161359183775216,0.7040565815994918,0.16666666666666666,0.8333333333333334,3.390059393844366,5.162103509469064,True
D3,24,171,AutoETS,h1_12,1,ARIMA,8.671362161636353,4.402890920639038,2.018696427446436,1.90156186339139,8.158210178652954,8.56046688483108,0.7627955913028758,0.5833333333333334,0.9166666666666666,5.786395040804039,8.811046261179525,True
D3,24,172,AutoETS,h1,1,ARIMA,8.671362161636353,4.402890920639038,0.8470991211006141,0.6955095688986185,1.6173326634764649,1.63051811450133,0.2802144315955881,1.0,1.0,2.04594508827711,3.11539683922751,True
D3,24,172,AutoETS,h1_6,1,ARIMA,8.671362161636353,4.402890920639038,2.3097486030618923,2.089137779890389,4.494184938414366,4.6213669432047855,0.8286100234572233,0.3333333333333333,0.6666666666666666,3.694755797740985,5.626070122777769,True
D3,24,172,AutoETS,h1_12,1,ARIMA,8.671362161636353,4.402890920639038,2.5369787628096705,2.223705468935382,4.793320683609208,4.789469287837454,0.8775478925781118,0.4166666666666667,0.8333333333333334,4.99074549532056,7.599496599688173,True
D3,24,173,AutoETS,h1,1,ARIMA,8.671362161636353,4.402890920639038,0.595521453919643,0.4864515014322559,1.0497547716711657,1.0552937700241545,0.20515155893940268,1.0,1.0,1.8099489525662589,2.7560413416258616,True
D3,24,173,AutoETS,h1_6,1,ARIMA,8.671362161636353,4.402890920639038,2.657373057539521,2.368039270302274,4.590341026391088,4.7188476025838595,0.9675643625359174,0.16666666666666666,0.5,3.267693219549436,4.97577436759175,True
D3,24,173,AutoETS,h1_12,1,ARIMA,8.671362161636353,4.402890920639038,6.1638378998715115,6.148211742370426,10.54224009340942,11.4582516002074,2.57291267287267,0.08333333333333333,0.25,4.412554799611687,6.719075382030251,True
D3,24,174,AutoETS,h1,1,ARIMA,8.671362161636353,4.402890920639038,0.8751542136536847,0.7319243061470456,1.6801249314802873,1.6943586021318364,0.2856787261263212,1.0,1.0,1.9398514983531485,2.9538462499153915,True
D3,24,174,AutoETS,h1_6,1,ARIMA,8.671362161636353,4.402890920639038,1.3104652147430051,1.1951188049608548,2.5325420099016296,2.571574157773347,0.4659810289363613,0.8333333333333334,1.0,3.5030363339643715,5.334135498094855,True
D3,24,174,AutoETS,h1_12,1,ARIMA,8.671362161636353,4.402890920639038,1.4761007878418415,1.6659566772088807,2.884683606251051,2.965000007304209,0.6050861435872656,0.8333333333333334,1.0,4.731571507053701,7.20484777529744,True
D3,24,175,AutoETS,h1,1,ARIMA,8.671362161636353,4.402890920639038,1.849829740337745,1.4865067168182953,3.3752058890920456,3.4331437236630804,0.6387449585110518,0.0,0.0,2.4210513408786536,3.686577776792842,True
D3,24,175,AutoETS,h1_6,1,ARIMA,8.671362161636353,4.402890920639038,2.993583502340177,2.494387982788666,5.531457743140599,5.7019248050821485,1.071558496493047,0.3333333333333333,0.5,4.372597677895779,6.658231964769621,True
D3,24,175,AutoETS,h1_12,1,ARIMA,8.671362161636353,4.402890920639038,2.3374631709566387,2.0646610765559705,4.25482668423815,4.3219400456713455,0.8968283773728774,0.6666666666666666,0.75,5.907071723008859,8.99480278351413,True
D3,24,176,AutoETS,h1,1,ARIMA,8.671362161636353,4.402890920639038,0.2969031293019097,0.23896591470427003,0.4704069426560837,0.4693031254140589,0.18317274644768192,1.0,1.0,2.274241288690563,3.463027508912124,True
D3,24,176,AutoETS,h1_6,1,ARIMA,8.671362161636353,4.402890920639038,0.6872382671747737,0.6894591320494079,1.1003929518854787,1.109572488885293,0.36089225870354236,1.0,1.0,4.106822709805374,6.253531711434919,True
D3,24,176,AutoETS,h1_12,1,ARIMA,8.671362161636353,4.402890920639038,1.4801410954461895,1.5129425000641687,2.3958563230904453,2.4432103677457495,0.6044870899843588,1.0,1.0,5.547004899882728,8.446522651703521,True
D3,24,177,AutoETS,h1,1,ARIMA,8.671362161636353,4.402890920639038,1.1637307834357353,0.9427391115900944,2.4612420173328275,2.4919079602077754,0.3776783636025708,0.0,1.0,2.2283306359912034,3.3931185445288703,True
D3,24,177,AutoETS,h1_6,1,ARIMA,8.671362161636353,4.402890920639038,1.670551600237946,1.453966973794174,3.559666568095942,3.632426852755164,0.6047853572940817,0.5,0.8333333333333334,4.022546405604228,6.125202689686281,True
D3,24,177,AutoETS,h1_12,1,ARIMA,8.671362161636353,4.402890920639038,5.793893973739258,6.379719787156587,10.984210272662613,10.116349375739626,2.389945933292625,0.25,0.5,5.430932146312304,8.269776613080236,True
D3,24,178,AutoETS,h1,1,ARIMA,8.671362161636353,4.402890920639038,0.2070922305548785,0.16974439958749457,0.37269073555935833,0.37199753538391583,0.1718414116084017,1.0,1.0,2.1877099867714533,3.3312647621807012,True
D3,24,178,AutoETS,h1_6,1,ARIMA,8.671362161636353,4.402890920639038,5.674204733820743,6.003419383132725,10.652876921426568,11.730753041974339,2.300374254015255,0.3333333333333333,0.5,5.2747802372720916,8.032001334236913,True
D3,24,178,AutoETS,h1_12,1,ARIMA,8.671362161636353,4.402890920639038,11.900327727895647,11.366233630246278,22.798094402525994,27.09661303374459,4.880904422794379,0.16666666666666666,0.25,9.413115888731065,14.333518360324176,True
D3,24,179,AutoETS,h1,1,ARIMA,8.671362161636353,4.402890920639038,1.6396964717647373,1.4472350119661535,7.509764410391877,7.23798654172227,0.6163429801459281,0.0,0.0,1.7216927853187038,2.6216521118949103,True
D3,24,179,AutoETS,h1_6,1,ARIMA,8.671362161636353,4.402890920639038,5.049329773397559,4.70090145003022,23.215690285117553,20.55936397719723,2.1572462284563967,0.0,0.0,3.1084310368212167,4.733263019890922,True
D3,24,179,AutoETS,h1_12,1,ARIMA,8.671362161636353,4.402890920639038,7.79465457222634,7.399352882472682,37.447334505069094,30.75847505281455,3.40117802638119,0.0,0.0,4.1975161665016705,6.39163224499723,True
D3,24,180,AutoETS,h1,1,ARIMA,8.671362161636353,4.402890920639038,1.6273809895768017,1.2102324939560125,2.580216895073938,2.547353275280929,0.538517241553177,0.0,1.0,2.807690576634724,4.275320192167317,True
D3,24,180,AutoETS,h1_6,1,ARIMA,8.671362161636353,4.402890920639038,5.3790157498625994,4.329754900652439,8.225226903065431,7.851130818956012,2.0995510912715165,0.0,0.16666666666666666,5.071090989823178,7.721840107856521,True
D3,24,180,AutoETS,h1_12,1,ARIMA,8.671362161636353,4.402890920639038,5.903689099378342,4.629110271527609,9.009251623485097,8.583222341991812,2.2102115587557782,0.08333333333333333,0.3333333333333333,6.851005234671386,10.432147067837393,True
D3,24,181,AutoETS,h1,1,ARIMA,8.671362161636353,4.402890920639038,0.45118689351230296,0.39077324558584864,0.8999274688785897,0.9039951190755309,0.19543387942926627,1.0,1.0,2.1255863257401835,3.236667962722603,True
D3,24,181,AutoETS,h1_6,1,ARIMA,8.671362161636353,4.402890920639038,3.237173699318409,3.2333914090100593,6.716467489095926,7.0358694017527315,1.214304957605138,0.16666666666666666,0.5,3.838859952205334,5.845500072247161,True
D3,24,181,AutoETS,h1_12,1,ARIMA,8.671362161636353,4.402890920639038,3.9442069381004665,3.6965290635916817,8.209281718477547,8.62765678803557,1.428422415107468,0.16666666666666666,0.4166666666666667,5.185855911420593,7.8965946875602535,True
D3,24,182,AutoETS,h1,1,ARIMA,8.671362161636353,4.402890920639038,1.2009023272177661,0.9719744516159792,1.8296842723039644,1.846577541732452,0.3901472020641021,0.0,1.0,2.2874512170910597,3.4831425009620616,True
D3,24,182,AutoETS,h1_6,1,ARIMA,8.671362161636353,4.402890920639038,1.2180578175066583,1.0140738856875726,1.8104085283459341,1.8235977912636048,0.4654852534239454,0.8333333333333334,1.0,4.1926893523072355,6.384282369494196,True
D3,24,182,AutoETS,h1_12,1,ARIMA,8.671362161636353,4.402890920639038,3.5785648542355193,3.59805491517541,4.86015778826578,4.706579646523712,1.3133530080124727,0.5,0.6666666666666666,5.764991433802536,8.7784546095352,True
D3,24,183,AutoETS,h1,1,ARIMA,8.671362161636353,4.402890920639038,2.3754280150041276,1.6420013721746667,3.7411473199135696,3.672451411142035,0.8799923343044495,0.0,0.0,2.603383301887204,3.9642178846681393,True
D3,24,183,AutoETS,h1_6,1,ARIMA,8.671362161636353,4.402890920639038,3.813823267091587,2.689037299461605,5.932303275973863,5.755173060167948,1.3804185139440623,0.0,0.3333333333333333,4.7017290925905675,7.159406201999071,True
D3,24,183,AutoETS,h1_12,1,ARIMA,8.671362161636353,4.402890920639038,3.978460358858088,2.801304859914342,6.180733213583719,5.9892718873338655,1.3649727821965927,0.08333333333333333,0.6666666666666666,6.351420827487285,9.671421038587336,True
D3,24,184,AutoETS,h1,1,ARIMA,8.671362161636353,4.402890920639038,0.5605913729778159,0.45181763403225184,1.015962447174947,1.0108276325985126,0.220038068423615,1.0,1.0,2.2381999320770762,3.4081466965587137,True
D3,24,184,AutoETS,h1_6,1,ARIMA,8.671362161636353,4.402890920639038,0.7033837263439342,0.7794497774214271,1.266204465976542,1.251573440021623,0.39879628392184296,1.0,1.0,4.0421169698790855,6.155003134689987,True
D3,24,184,AutoETS,h1_12,1,ARIMA,8.671362161636353,4.402890920639038,4.110113080949913,4.75898184046956,8.106424481708425,8.865171202879136,1.718122296777155,0.5833333333333334,0.6666666666666666,5.460226540334942,8.314383705943163,True
D3,24,185,AutoETS,h1,1,ARIMA,8.671362161636353,4.402890920639038,1.4251109270602058,1.1793540897087365,2.4513599018152523,2.4817785641013663,0.48090563512280166,0.0,1.0,2.1813308994521186,3.3215512128847493,True
D3,24,185,AutoETS,h1_6,1,ARIMA,8.671362161636353,4.402890920639038,1.216182835656634,1.121840875643282,2.0560577767217745,2.046212206755594,0.46259845143759537,0.8333333333333334,1.0,3.9377032417460276,5.996010500693335,True
D3,24,185,AutoETS,h1_12,1,ARIMA,8.671362161636353,4.402890920639038,1.2577320870581377,1.2283602117422547,2.124741591635826,2.1133271378910576,0.5460821835842098,0.9166666666666666,1.0,5.316383445183492,8.095351276115393,True
D3,24,186,AutoETS,h1,1,ARIMA,8.671362161636353,4.402890920639038,0.9571594831704772,0.8146048824237087,4.436201982885393,4.536833532448744,0.3154509300588483,0.0,1.0,1.6895502376125693,2.572708084950013,True
D3,24,186,AutoETS,h1_6,1,ARIMA,8.671362161636353,4.402890920639038,3.2806243727939313,3.073304558183254,16.666365268192408,18.62686607571227,1.2858112142735907,0.0,0.16666666666666666,3.050719942000154,4.645385313189957,True
D3,24,186,AutoETS,h1_12,1,ARIMA,8.671362161636353,4.402890920639038,4.7911888372464855,4.398507585740495,25.725734417824338,30.50466363015983,1.9116784455276952,0.0,0.08333333333333333,4.11980773905298,6.273304245559645,True
D3,24,187,AutoETS,h1,1,ARIMA,8.671362161636353,4.402890920639038,1.038448467113792,0.9046175737647055,2.291890784193997,2.318459058947663,0.3368356957185285,1.0,1.0,2.203968764669111,3.356022291384363,True
D3,24,187,AutoETS,h1_6,1,ARIMA,8.671362161636353,4.402890920639038,1.647933719664275,1.465652378093,3.5573396567551234,3.624628459966143,0.5600821354509102,0.8333333333333334,1.0,4.0532417221094,6.171942992037132,True
D3,24,187,AutoETS,h1_12,1,ARIMA,8.671362161636353,4.402890920639038,3.0262215806209625,3.1790879532951504,6.360229946209481,6.670053710541247,1.0560021275838685,0.6666666666666666,0.8333333333333334,5.595420904256702,8.520246559475515,True
D3,24,188,AutoETS,h1,1,ARIMA,8.671362161636353,4.402890920639038,1.652306382902705,1.3484765700334413,5.817745521732853,5.653298268315296,0.6507222761436263,0.0,0.0,1.4841785786522317,2.2599850207495304,True
D3,24,188,AutoETS,h1_6,1,ARIMA,8.671362161636353,4.402890920639038,2.0360869679257805,2.0333021840435612,8.384983717600146,8.906912650673343,0.7930371838994592,0.3333333333333333,0.5,2.5975721693032496,3.955369170111676,True
D3,24,188,AutoETS,h1_12,1,ARIMA,8.671362161636353,4.402890920639038,4.138698107603862,3.9003695704968218,20.237691060184357,23.61126613345349,1.7113448832167966,0.16666666666666666,0.25,3.375770948485363,5.14034624053552,True
D3,24,189,AutoETS,h1,1,ARIMA,8.671362161636353,4.402890920639038,0.6488079420817129,0.49308166423530236,3.4595325962662438,3.4007082903617474,0.22600707350620147,1.0,1.0,2.083800722251717,3.1730402838669556,True
D3,24,189,AutoETS,h1_6,1,ARIMA,8.671362161636353,4.402890920639038,2.8424507841001576,2.380745719511712,15.999231955427195,14.572005514371234,1.0149959925499514,0.16666666666666666,0.3333333333333333,3.76220025508717,5.728768993066936,True
D3,24,189,AutoETS,h1_12,1,ARIMA,8.671362161636353,4.402890920639038,5.30356098650992,4.526606223298357,32.26282370643479,26.73432878783894,2.070513050185425,0.08333333333333333,0.16666666666666666,5.080343545437429,7.735929138241829,True
D3,24,190,AutoETS,h1,1,ARIMA,8.671362161636353,4.402890920639038,2.117429959983067,1.6914058967548924,5.063326925220446,4.938305645520779,0.8603669160345582,0.0,0.0,1.678061971720902,2.5552146989094022,True
D3,24,190,AutoETS,h1_6,1,ARIMA,8.671362161636353,4.402890920639038,5.074657106890626,4.261284985712658,12.550744751716522,11.73309863324281,2.0792740817185784,0.0,0.0,3.875227086401363,5.900876951898157,True
D3,24,190,AutoETS,h1_12,1,ARIMA,8.671362161636353,4.402890920639038,8.374927041294082,7.500127703234893,21.716192429310556,19.108652035269056,3.405989750793999,0.0,0.0,6.6114152511829705,10.067319154543325,True
D3,24,191,AutoETS,h1,1,ARIMA,8.671362161636353,4.402890920639038,1.8426731352742824,1.515810840049498,3.4015416543405714,3.3446567087688375,0.6590854945947627,0.0,0.0,2.2186934620691594,3.378443849030997,True
D3,24,191,AutoETS,h1_6,1,ARIMA,8.671362161636353,4.402890920639038,3.543492583720588,3.3377811372775668,6.3789332787751185,6.129907302765933,1.3224241933008218,0.0,0.3333333333333333,4.006966158729935,6.1014783716952135,True
D3,24,191,AutoETS,h1_12,1,ARIMA,8.671362161636353,4.402890920639038,5.678061672842186,5.195186886568108,10.007361579313285,9.434579470252697,2.2231888183961814,0.0,0.25,5.412870143370482,8.242273281149439,True
D3,24,192,AutoETS,h1,1,ARIMA,8.671362161636353,4.402890920639038,0.23182686050230072,0.19501631028278144,0.8121867490540653,0.8089018522257501,0.12388629455593148,1.0,1.0,1.5070604200707454,2.2948276061343513,True
D3,24,192,AutoETS,h1_6,1,ARIMA,8.671362161636353,4.402890920639038,2.1493529094595214,2.03491582907509,7.736115947139872,7.37332278268801,0.7969712726908124,0.16666666666666666,0.3333333333333333,2.639336146019929,4.0189639174987075,True
D3,24,192,AutoETS,h1_12,1,ARIMA,8.671362161636353,4.402890920639038,3.8047623964247395,3.7268575108821898,14.33795857949806,13.06639298463446,1.5137531272055589,0.08333333333333333,0.16666666666666666,3.432815668572086,5.22720924662062,True
D3,24,193,AutoETS,h1,1,ARIMA,8.671362161636353,4.402890920639038,0.786081331981558,0.6518411004641578,3.4745828721060144,3.4152500258864906,0.25772594844320823,0.0,1.0,1.4275253886059707,2.1737182043947927,True
D3,24,193,AutoETS,h1_6,1,ARIMA,8.671362161636353,4.402890920639038,0.9503649750839699,0.8274727179452385,4.789884057438998,4.7894236508733545,0.34072111830205676,0.6666666666666666,1.0,2.5773272481417413,3.924541869927347,True
D3,24,193,AutoETS,h1_12,1,ARIMA,8.671362161636353,4.402890920639038,3.20449423274362,3.3971247714351342,18.73177052377143,16.239169439748995,1.2842240459348047,0.3333333333333333,0.5833333333333334,3.480332508050804,5.299563980073775,True
D3,24,194,AutoETS,h1,1,ARIMA,8.671362161636353,4.402890920639038,0.253799205272782,0.22005097444499358,0.43144906637093433,0.4305203284022201,0.16442312219088395,1.0,1.0,2.0510858582986438,3.1232247808316265,True
D3,24,194,AutoETS,h1_6,1,ARIMA,8.671362161636353,4.402890920639038,1.5272880014399621,1.5598028405693103,2.4886183785614175,2.4466565319453686,0.5682865928645705,0.6666666666666666,0.8333333333333334,3.7656532912149863,5.734026992365145,True
D3,24,194,AutoETS,h1_12,1,ARIMA,8.671362161636353,4.402890920639038,2.4210279430817114,2.5552441488692423,3.735322166182521,3.638301842202681,0.8685559200445352,0.5833333333333334,0.9166666666666666,5.187945698209438,7.899776842933792,True
D3,24,195,AutoETS,h1,1,ARIMA,8.671362161636353,4.402890920639038,0.6855200207088799,0.589569877390303,1.3479366636524803,1.3570829731279688,0.23694584914188838,1.0,1.0,2.1194976396116147,3.2273966124656024,True
D3,24,195,AutoETS,h1_6,1,ARIMA,8.671362161636353,4.402890920639038,1.7502508604316658,1.5889523727813097,3.484926836145989,3.554185627718361,0.587083715789569,0.5,1.0,3.8277959301409124,5.8286526897997275,True
D3,24,195,AutoETS,h1_12,1,ARIMA,8.671362161636353,4.402890920639038,1.1810945089350509,1.1946321003499336,2.3361395443522834,2.366914593193269,0.5499208111816389,0.75,1.0,5.170798818544291,7.873666985431993,True
D3,24,196,AutoETS,h1,1,ARIMA,8.671362161636353,4.402890920639038,1.9858598663693123,1.6727653870567223,3.6695926649088357,3.73818066668163,0.7396218888046303,0.0,0.0,2.1430337555365107,3.26323547323476,True
D3,24,196,AutoETS,h1_6,1,ARIMA,8.671362161636353,4.402890920639038,6.955973042755573,6.218156155455842,13.591527419433394,14.73165393454586,3.020718938652898,0.0,0.0,3.8685698572677825,5.890739871133088,True
D3,24,196,AutoETS,h1_12,1,ARIMA,8.671362161636353,4.402890920639038,8.04949717498956,7.025246373462196,15.85237025959232,17.3400326992032,3.4073811381032066,0.0,0.0,5.223044877448594,7.9532229851043175,True
D3,24,197,AutoETS,h1,1,ARIMA,8.671362161636353,4.402890920639038,0.06266913251743861,0.051393132082322865,0.10386028381074712,0.10391424662648018,0.1648077505519271,1.0,1.0,2.2012159278698715,3.3518304980110045,True
D3,24,197,AutoETS,h1_6,1,ARIMA,8.671362161636353,4.402890920639038,3.1366541343897563,2.97399656751202,5.021622895074343,4.859547388074434,1.1942881708594684,0.3333333333333333,0.5,3.9735993732694253,6.050670176228742,True
D3,24,197,AutoETS,h1_12,1,ARIMA,8.671362161636353,4.402890920639038,3.1057381731683638,2.873648793479983,5.0356462661413355,4.937867529739223,1.1463646848405558,0.4166666666666667,0.6666666666666666,5.364847635515039,8.169148557498813,True
D3,24,198,AutoETS,h1,1,ARIMA,8.671362161636353,4.402890920639038,0.38512779089059607,0.29601608989059086,0.4818121108776091,0.4829756284127491,0.1971549089801384,1.0,1.0,2.3506484539540025,3.579374053362394,True
D3,24,198,AutoETS,h1_6,1,ARIMA,8.671362161636353,4.402890920639038,5.443508740314546,4.848503825441634,6.89159408160696,7.228950855713169,2.260360537041348,0.16666666666666666,0.16666666666666666,4.301726928082034,6.550315818227604,True
D3,24,198,AutoETS,h1_12,1,ARIMA,8.671362161636353,4.402890920639038,5.966852376603089,5.056606547869311,7.393764229063395,7.747644407745099,2.3571297433426603,0.16666666666666666,0.3333333333333333,5.9038457136870255,8.989890481956206,True
D3,24,199,AutoETS,h1,1,ARIMA,8.671362161636353,4.402890920639038,0.3219841326988106,0.26824455933947683,0.5361743619486117,0.5376156405638763,0.16959925755348754,1.0,1.0,2.049554378596158,3.1208927695514728,True
D3,24,199,AutoETS,h1_6,1,ARIMA,8.671362161636353,4.402890920639038,1.3285482905298998,1.2714799935924352,2.1382837807854114,2.1686740091865886,0.4665171009708777,1.0,1.0,3.7761927203333343,5.750075567838017,True
D3,24,199,AutoETS,h1_12,1,ARIMA,8.671362161636353,4.402890920639038,2.573492294845906,2.6220779830171876,3.9850335350180295,4.105771875385462,0.8930890207471635,0.75,0.9166666666666666,5.224215918216253,7.955006149631595,True
D3,24,0,AutoARIMA,h1,1,ARIMA,8.671362161636353,4.402890920639038,0.2143654072094556,0.16126001099334294,0.33630833588085024,0.3357437687401134,0.12048556225617259,1.0,1.0,1.4814713430811142,2.255862665174296,True
D3,24,0,AutoARIMA,h1_6,1,ARIMA,8.671362161636353,4.402890920639038,2.0339886949781647,1.8020807065299604,3.2799987248562488,3.3568035713299396,0.6900796163997183,0.8333333333333334,1.0,5.345121723644839,8.139111561959,True
D3,24,0,AutoARIMA,h1_12,1,ARIMA,8.671362161636353,4.402890920639038,1.4130263945858441,1.400738199958698,2.262591978327991,2.2982756328184974,0.8692606014017602,0.9166666666666666,1.0,9.525092909957737,14.504027754732931,True
D3,24,1,AutoARIMA,h1,1,ARIMA,8.671362161636353,4.402890920639038,0.8682067734666769,0.7045236133391471,1.6487955157768512,1.6353140236315973,0.28528735151087475,0.0,1.0,1.5577511313904207,2.372015250479436,True
D3,24,1,AutoARIMA,h1_6,1,ARIMA,8.671362161636353,4.402890920639038,1.3545851653544347,1.1375746136787168,2.54699160683115,2.5128144221861817,0.552826082067775,0.8333333333333334,1.0,5.395590742808521,8.21596163172985,True
D3,24,1,AutoARIMA,h1_12,1,ARIMA,8.671362161636353,4.402890920639038,1.8373154050894858,1.807906484205188,3.4138809215458843,3.3318292624688985,0.8078701209096605,0.9166666666666666,1.0,8.204577902823228,12.493256154384806,True
D3,24,2,AutoARIMA,h1,1,ARIMA,8.671362161636353,4.402890920639038,0.47218016383328415,0.35438952648407696,0.793363183090655,0.796522842579622,0.18090286239568154,1.0,1.0,1.8068458585711964,2.7513162054140077,True
D3,24,2,AutoARIMA,h1_6,1,ARIMA,8.671362161636353,4.402890920639038,2.695251437450044,2.399164980499533,4.703838746791853,4.8684104888338915,0.9553036106478295,0.5,0.6666666666666666,4.239391067749797,6.455395899133836,True
D3,24,2,AutoARIMA,h1_12,1,ARIMA,8.671362161636353,4.402890920639038,5.000480286443583,4.256896622407035,8.985568220613048,9.5479439273102,1.9521250559223624,0.25,0.3333333333333333,5.097292931230421,7.761738268324991,True
D3,24,3,AutoARIMA,h1,1,ARIMA,8.671362161636353,4.402890920639038,0.34638536767704464,0.28118048298513515,0.6200588563811189,0.6219871997398909,0.14400540968063313,1.0,1.0,1.52519904282691,2.32244760841411,True
D3,24,3,AutoARIMA,h1_6,1,ARIMA,8.671362161636353,4.402890920639038,4.060217880221618,4.490686354418167,7.773979452829634,8.400719042252595,1.654357994540895,0.5,0.5,4.564954489674883,6.95113709054949,True
D3,24,3,AutoARIMA,h1_12,1,ARIMA,8.671362161636353,4.402890920639038,8.023500398272624,7.597521773089425,15.873580118623718,17.835965982425872,3.3121521432555485,0.25,0.25,6.6117466595877,10.067823795993627,True
D3,24,4,AutoARIMA,h1,1,ARIMA,8.671362161636353,4.402890920639038,0.16094610839623213,0.1445137072803838,0.6656258679687799,0.6678485543370414,0.10191708317485579,1.0,1.0,1.268606895760818,1.9317301993689535,True
D3,24,4,AutoARIMA,h1_6,1,ARIMA,8.671362161636353,4.402890920639038,3.333625854320594,3.7161081222998047,13.2718299529368,14.791712818842148,1.4210716605719869,0.3333333333333333,0.3333333333333333,2.5698972301135665,3.9132280498189718,True
D3,24,4,AutoARIMA,h1_12,1,ARIMA,8.671362161636353,4.402890920639038,3.123174532219621,3.551473544377277,12.402398140920116,13.782484426765373,1.3118476133092263,0.4166666666666667,0.5,3.0393932170017726,4.6281379083299985,True
D3,24,5,AutoARIMA,h1,1,ARIMA,8.671362161636353,4.402890920639038,0.3183499548546062,0.27745024339004665,0.6390418281883933,0.6410902456013073,0.12575614490083642,1.0,1.0,1.2851842054075047,1.9569727625111046,True
D3,24,5,AutoARIMA,h1_6,1,ARIMA,8.671362161636353,4.402890920639038,1.4679252131919962,1.5243905365621182,2.934000078413963,2.9966232269752657,0.522594773047313,1.0,1.0,4.638258538455538,7.062758464545473,True
D3,24,5,AutoARIMA,h1_12,1,ARIMA,8.671362161636353,4.402890920639038,1.2894643260692236,1.3240455587084863,2.5513987405222576,2.5907101453143,0.734688569974517,1.0,1.0,8.267164547543837,12.588557947310555,True
D3,24,6,AutoARIMA,h1,1,ARIMA,8.671362161636353,4.402890920639038,0.054133487294451166,0.04312511331976371,0.24607486491838634,0.24577247277818862,0.10746592460907871,1.0,1.0,1.4252851046220796,2.1703068842756097,True
D3,24,6,AutoARIMA,h1_6,1,ARIMA,8.671362161636353,4.402890920639038,3.237156067181905,3.0698341102141367,15.14341399575065,13.678291557952319,1.221135637358915,0.16666666666666666,0.5,3.8032073988723334,5.791211297538378,True
D3,24,6,AutoARIMA,h1_12,1,ARIMA,8.671362161636353,4.402890920639038,4.8794175770465165,4.273720260540419,25.45495902241989,21.98828663677413,1.7914776563836772,0.08333333333333333,0.3333333333333333,5.7498714423892965,8.755431130690212,True
D3,24,7,AutoARIMA,h1,1,ARIMA,8.671362161636353,4.402890920639038,0.34301034452743223,0.2950577774528464,0.5436915313301623,0.5422175359180756,0.13355405292863473,1.0,1.0,1.350379526816633,2.056246833655139,True
D3,24,7,AutoARIMA,h1_6,1,ARIMA,8.671362161636353,4.402890920639038,1.2463381607083248,1.607698575291931,1.8554187617260587,1.8183479133338076,0.5288015709604479,1.0,1.0,4.965871113285827,7.5616199374000335,True
D3,24,7,AutoARIMA,h1_12,1,ARIMA,8.671362161636353,4.402890920639038,2.710712971471629,2.8082354333177335,3.949780306089697,3.8407878668918505,1.0095484683460259,1.0,1.0,8.973451274482025,13.664033261530502,True
D3,24,8,AutoARIMA,h1,1,ARIMA,8.671362161636353,4.402890920639038,0.9156239046189193,0.6650695058996464,2.7947415272501273,2.7562268194953075,0.30411511554710274,0.0,1.0,1.546212202501096,2.3544447189945803,True
D3,24,8,AutoARIMA,h1_6,1,ARIMA,8.671362161636353,4.402890920639038,3.040878223869199,2.441215311238913,9.122815269892422,8.64536176723417,1.0049189996728602,0.3333333333333333,1.0,5.57627505067518,8.491092828970256,True
D3,24,8,AutoARIMA,h1_12,1,ARIMA,8.671362161636353,4.402890920639038,6.016458311295594,5.115061935764435,17.118136333351362,15.401970945172613,2.0121619734534772,0.3333333333333333,1.0,9.933902040148752,15.126528661204928,True
D3,24,9,AutoARIMA,h1,1,ARIMA,8.671362161636353,4.402890920639038,0.4871691007584413,0.4029923038450751,0.9835235941791531,0.9883840895400225,0.1809794642335097,1.0,1.0,1.7640365501378714,2.6861297128992074,True
D3,24,9,AutoARIMA,h1_6,1,ARIMA,8.671362161636353,4.402890920639038,2.094202116780612,2.1007280296410555,4.084603161236623,3.970372423827626,0.7176359990952484,0.6666666666666666,1.0,4.572120048241717,6.962048213549971,True
D3,24,9,AutoARIMA,h1_12,1,ARIMA,8.671362161636353,4.402890920639038,4.8570223826266785,4.742458155204652,9.142281945050268,8.60707582452593,1.7620782781419393,0.3333333333333333,0.5,6.530539743226241,9.944168585496781,True
D3,24,10,AutoARIMA,h1,1,ARIMA,8.671362161636353,4.402890920639038,0.2732344598401858,0.2192511417029675,0.35593058158518953,0.3565651437801829,0.1157885174401113,1.0,1.0,1.2419006908728243,1.8910641879630021,True
D3,24,10,AutoARIMA,h1_6,1,ARIMA,8.671362161636353,4.402890920639038,0.6556637363019899,0.6111705675864623,0.8302292202778547,0.8282381138558796,0.33351388522791864,1.0,1.0,3.6680143281910262,5.585350413246176,True
D3,24,10,AutoARIMA,h1_12,1,ARIMA,8.671362161636353,4.402890920639038,0.8122634148405068,0.7915854577128606,1.008795643811922,1.0130618913743645,0.46713075350628436,1.0,1.0,5.306557370726516,8.080388938425738,True
D3,24,11,AutoARIMA,h1,1,ARIMA,8.671362161636353,4.402890920639038,0.07847895891140005,0.059158537957247855,0.22714247460311068,0.22688479872994397,0.12698777007550466,1.0,1.0,1.673196552385657,2.547806038674405,True
D3,24,11,AutoARIMA,h1_6,1,ARIMA,8.671362161636353,4.402890920639038,1.0822710900649906,1.055225500775924,3.184767258870195,3.272589076502423,0.5002053845804149,1.0,1.0,5.452435801790154,8.302520610312317,True
D3,24,11,AutoARIMA,h1_12,1,ARIMA,8.671362161636353,4.402890920639038,3.7785726634221115,3.5713008278154446,11.81388508109858,13.06109209999646,1.304424315437013,0.6666666666666666,1.0,9.090713950946858,13.842591216830034,True
D3,24,12,AutoARIMA,h1,1,ARIMA,8.671362161636353,4.402890920639038,1.9335209815694245,1.428103861608075,3.4900591757936414,3.4302011507880135,0.816015558169089,0.0,0.0,1.2753305164943647,1.9419683757997335,True
D3,24,12,AutoARIMA,h1_6,1,ARIMA,8.671362161636353,4.402890920639038,6.206203099548799,4.854926822298645,11.117573010751425,10.467879244354439,2.3767340516856343,0.0,0.16666666666666666,6.440084695760172,9.80643108189385,True
D3,24,12,AutoARIMA,h1_12,1,ARIMA,8.671362161636353,4.402890920639038,5.84591120217975,4.478739561131681,10.624581813726316,10.053916821572058,2.147699078829534,0.5,0.5833333333333334,11.354353528049511,17.289475311649277,True
D3,24,13,AutoARIMA,h1,1,ARIMA,8.671362161636353,4.402890920639038,0.39932249382484863,0.3170824062062679,0.5986931714790226,0.6004907199468661,0.16526981962927997,1.0,1.0,1.7451463663589204,2.657365295332673,True
D3,24,13,AutoARIMA,h1_6,1,ARIMA,8.671362161636353,4.402890920639038,2.2797575684102327,2.1207149238780034,3.3685154742593224,3.4481550711536655,0.7850848939371992,0.5,1.0,3.9588596694940743,6.0282257681084985,True
D3,24,13,AutoARIMA,h1_12,1,ARIMA,8.671362161636353,4.402890920639038,3.7275001519802986,3.468820836492618,5.38200238519822,5.588199349304328,1.3169240940860212,0.4166666666666667,0.8333333333333334,5.5623309114366535,8.469859841067315,True
D3,24,14,AutoARIMA,h1,1,ARIMA,8.671362161636353,4.402890920639038,2.84875634656276,2.4011903770407934,4.985555265404402,4.86429910531927,1.218936435162697,0.0,0.0,1.738075790928745,2.6465988048374647,True
D3,24,14,AutoARIMA,h1_6,1,ARIMA,8.671362161636353,4.402890920639038,5.825901509581568,5.074183377112142,9.759252615121785,9.279771263789122,2.536893390933295,0.0,0.0,3.1815161130675107,4.844550960528735,True
D3,24,14,AutoARIMA,h1_12,1,ARIMA,8.671362161636353,4.402890920639038,11.0800785709272,10.633200856999538,17.377737498798975,15.697504148624164,5.129708242042885,0.0,0.0,3.471477896200781,5.286080905709652,True
D3,24,15,AutoARIMA,h1,1,ARIMA,8.671362161636353,4.402890920639038,1.2149399504111922,1.0020073310649504,2.8044545587515843,2.765673530054682,0.437947589019924,0.0,0.0,1.4341913096528502,2.1838685204902544,True
D3,24,15,AutoARIMA,h1_6,1,ARIMA,8.671362161636353,4.402890920639038,5.638536299077842,5.091524971239048,12.417142569883067,11.567759633070116,2.338783727490758,0.0,0.0,4.06498868987303,6.189830308002263,True
D3,24,15,AutoARIMA,h1_12,1,ARIMA,8.671362161636353,4.402890920639038,6.874316647164133,6.041087894058297,14.99433804899953,13.833214170096216,2.833937407626853,0.0,0.0,5.103362540663184,7.770980570159245,True
D3,24,16,AutoARIMA,h1,1,ARIMA,8.671362161636353,4.402890920639038,0.4846201251519301,0.36115036061062555,1.6000767859104208,1.5873771591958525,0.16560727894473312,1.0,1.0,1.4118517484763886,2.1498516748390024,True
D3,24,16,AutoARIMA,h1_6,1,ARIMA,8.671362161636353,4.402890920639038,2.473118433619153,2.6788962665065923,8.759234722242619,9.701326125187054,0.9067421816670544,0.8333333333333334,1.0,6.920554059422506,10.538050295662577,True
D3,24,16,AutoARIMA,h1_12,1,ARIMA,8.671362161636353,4.402890920639038,6.070896774281755,5.445946025449733,22.37791535638244,26.826793219180605,2.097792377970551,0.8333333333333334,1.0,16.473775522203795,25.08490989620634,True
D3,24,17,AutoARIMA,h1,1,ARIMA,8.671362161636353,4.402890920639038,0.6547476865058709,0.5310073679758,0.8940132545363555,0.8980274969624682,0.21580523540074759,1.0,1.0,1.5458043485704653,2.353823672587394,True
D3,24,17,AutoARIMA,h1_6,1,ARIMA,8.671362161636353,4.402890920639038,4.7427563848997,4.665109995057781,6.611895888489411,6.9530288575158234,2.1498103841259772,0.16666666666666666,0.16666666666666666,1.9748242010111454,3.007099803954662,True
D3,24,17,AutoARIMA,h1_12,1,ARIMA,8.671362161636353,4.402890920639038,7.720254293790567,7.029756599904731,10.685406838567477,11.460424320725842,3.5813487578644456,0.08333333333333333,0.08333333333333333,2.4086770773016,3.667735266377196,True
D3,24,18,AutoARIMA,h1,1,ARIMA,8.671362161636353,4.402890920639038,0.08966012922986133,0.07788942148929762,0.15685297005079663,0.1569760808733562,0.10104450471974186,1.0,1.0,1.3107377804722922,1.9958836440611039,True
D3,24,18,AutoARIMA,h1_6,1,ARIMA,8.671362161636353,4.402890920639038,0.32163651159270323,0.35913691965885397,0.5645424738701307,0.5622437581191921,0.35875069765636713,1.0,1.0,4.651167693095053,7.082415463059988,True
D3,24,18,AutoARIMA,h1_12,1,ARIMA,8.671362161636353,4.402890920639038,2.335741217343521,2.9180504047350198,4.315537142074001,4.519063626452183,0.9325619916205329,1.0,1.0,8.191557678721004,12.473430028431313,True
D3,24,19,AutoARIMA,h1,1,ARIMA,8.671362161636353,4.402890920639038,1.4460741100859544,1.059505267218328,3.053364242713916,3.0074500406348017,0.5093107721578071,0.0,0.0,1.808164599704198,2.753324275904799,True
D3,24,19,AutoARIMA,h1_6,1,ARIMA,8.671362161636353,4.402890920639038,1.9883667141158048,1.7308174428166618,4.174450217621276,4.2817316548500735,0.8652869819126074,0.8333333333333334,0.8333333333333334,8.863183315168198,13.49612628598031,True
D3,24,19,AutoARIMA,h1_12,1,ARIMA,8.671362161636353,4.402890920639038,3.160340568813103,2.569116651004693,6.431590956961399,6.685493946588096,1.790977876730967,0.9166666666666666,0.9166666666666666,21.0980350839723,32.12635187089435,True
D3,24,20,AutoARIMA,h1,1,ARIMA,8.671362161636353,4.402890920639038,0.4127327554400591,0.3671867593111477,0.795079292612684,0.7919310527067634,0.1433847077690104,1.0,1.0,1.3091717496015511,1.9934990211048016,True
D3,24,20,AutoARIMA,h1_6,1,ARIMA,8.671362161636353,4.402890920639038,0.4394058924820503,0.4356537182112113,0.8526875646750877,0.8555859224506983,0.3122844529333997,1.0,1.0,3.810927699948413,5.802967136787491,True
D3,24,20,AutoARIMA,h1_12,1,ARIMA,8.671362161636353,4.402890920639038,1.6429642419365225,2.273928848666925,3.305658036597417,3.448853176532265,0.6977798625913069,0.8333333333333334,0.9166666666666666,5.506234834673754,8.384441350980978,True
D3,24,21,AutoARIMA,h1,1,ARIMA,8.671362161636353,4.402890920639038,0.18025417929950832,0.15256028605365074,0.3122653654203014,0.31177857716366025,0.0952661061412679,1.0,1.0,1.1530541806018526,1.7557760324496676,True
D3,24,21,AutoARIMA,h1_6,1,ARIMA,8.671362161636353,4.402890920639038,3.684210458625182,3.782811755750101,5.788397011165922,5.558760444101155,1.5182194023821496,0.16666666666666666,0.16666666666666666,2.939556957622802,4.476115467116064,True
D3,24,21,AutoARIMA,h1_12,1,ARIMA,8.671362161636353,4.402890920639038,5.8806298117963225,5.568485153071263,8.712752515711832,8.271407956703355,2.4567224403814465,0.08333333333333333,0.08333333333333333,4.190994258541694,6.3817012201810375,True
D3,24,22,AutoARIMA,h1,1,ARIMA,8.671362161636353,4.402890920639038,1.5385914758137882,1.302219861300858,3.581265263501663,3.518266043652217,0.5914125134194625,0.0,0.0,1.5049255761034341,2.291576841396751,True
D3,24,22,AutoARIMA,h1_6,1,ARIMA,8.671362161636353,4.402890920639038,1.8371841771803543,2.047876526074767,4.335518699206245,4.456502295059547,0.7386760565834831,0.5,0.6666666666666666,3.5125325532792075,5.3485955595146635,True
D3,24,22,AutoARIMA,h1_12,1,ARIMA,8.671362161636353,4.402890920639038,6.749130468755268,7.239708757746032,17.35183735095085,20.28386856862956,3.0126280955737688,0.25,0.3333333333333333,4.057260871537984,6.178063022089717,True
D3,24,23,AutoARIMA,h1,1,ARIMA,8.671362161636353,4.402890920639038,1.4449937545606337,1.2449828789158524,3.8946191720961836,3.820227515478425,0.5144202988271228,0.0,0.0,1.7603670363217907,2.6805420791891725,True
D3,24,23,AutoARIMA,h1_6,1,ARIMA,8.671362161636353,4.402890920639038,5.280607230784579,5.243075079447277,13.487813293918451,12.415509551777525,2.000914136209245,0.0,0.0,5.409355396421892,8.23692131369095,True
D3,24,23,AutoARIMA,h1_12,1,ARIMA,8.671362161636353,4.402890920639038,10.01562521999669,9.776114876837429,24.26842652492133,21.098968228780766,3.7028068942612657,0.0,0.0,11.040594098926139,16.8117082692347,True
D3,24,24,AutoARIMA,h1,1,ARIMA,8.671362161636353,4.402890920639038,1.0114580552152237,0.7971744321141327,4.450751380310448,4.353861602622681,0.33542859586374185,0.0,1.0,1.7234272524090863,2.62429321566748,True
D3,24,24,AutoARIMA,h1_6,1,ARIMA,8.671362161636353,4.402890920639038,1.3475252132603217,1.2342303856206682,6.4804670789239625,6.203541297878318,0.502240122118414,0.8333333333333334,1.0,4.239040747642546,6.454862460498996,True
D3,24,24,AutoARIMA,h1_12,1,ARIMA,8.671362161636353,4.402890920639038,4.69828790164287,5.081183131091254,22.787468582708236,18.994599177627965,1.8293071712964837,0.4166666666666667,0.75,6.018588628727665,9.164611551885994,True
D3,24,25,AutoARIMA,h1,1,ARIMA,8.671362161636353,4.402890920639038,1.6333271041249735,1.4373534360656952,4.982703132958364,4.861583984211998,0.6636144847698036,0.0,0.0,1.2948239297506567,1.971651341580369,True
D3,24,25,AutoARIMA,h1_6,1,ARIMA,8.671362161636353,4.402890920639038,4.409935598514872,4.230518652588799,12.7587531324419,11.877139832128963,1.7454172525266878,0.0,0.0,3.887884162659097,5.920150106194015,True
D3,24,25,AutoARIMA,h1_12,1,ARIMA,8.671362161636353,4.402890920639038,4.16927293343658,3.9832187397058885,12.119624489516685,11.328159757208073,1.5766254120173904,0.25,0.3333333333333333,5.632635936340413,8.576914548264488,True
D3,24,26,AutoARIMA,h1,1,ARIMA,8.671362161636353,4.402890920639038,0.6375188494673055,0.5010395476070987,1.2442583677157064,1.252047721990034,0.20860584504795524,0.0,1.0,1.1700002875210436,1.7815801697335858,True
D3,24,26,AutoARIMA,h1_6,1,ARIMA,8.671362161636353,4.402890920639038,1.1478331202193959,1.0231692519827869,2.2412150095416488,2.271703888616065,0.4967065343986905,0.6666666666666666,1.0,4.536836258503936,6.908320961701959,True
D3,24,26,AutoARIMA,h1_12,1,ARIMA,8.671362161636353,4.402890920639038,1.7211149534390053,1.532059338495952,3.317824782819568,3.280505940767147,0.670003129718041,0.8333333333333334,1.0,6.051862858744111,9.215278811537742,True
D3,24,27,AutoARIMA,h1,1,ARIMA,8.671362161636353,4.402890920639038,0.06299300937036265,0.051160270316669455,0.1485635464403699,0.14867398411208546,0.12622634766859514,1.0,1.0,1.674546105203073,2.549861026662989,True
D3,24,27,AutoARIMA,h1_6,1,ARIMA,8.671362161636353,4.402890920639038,1.5061130867519548,1.3929278321546998,3.2964042027691027,3.368125912045012,0.517175897319807,0.6666666666666666,1.0,3.5538737137001046,5.4115464770359685,True
D3,24,27,AutoARIMA,h1_12,1,ARIMA,8.671362161636353,4.402890920639038,2.7739274853454328,3.046628264784971,5.629550132126396,5.4442160759140465,1.0788557181542486,0.5833333333333334,0.75,4.033711019294865,6.142203244785391,True
D3,24,28,AutoARIMA,h1,1,ARIMA,8.671362161636353,4.402890920639038,1.67639910331519,1.3939277588767034,2.8066230127296903,2.767782403786217,0.6456340478077673,0.0,0.0,1.62914042430868,2.480720991795046,True
D3,24,28,AutoARIMA,h1_6,1,ARIMA,8.671362161636353,4.402890920639038,2.061614032490782,1.839206802514592,3.431734373466786,3.365824991205981,0.706744214394663,0.6666666666666666,0.8333333333333334,4.221175251680502,6.427658353228321,True
D3,24,28,AutoARIMA,h1_12,1,ARIMA,8.671362161636353,4.402890920639038,4.749338723467851,5.157827023785247,7.554079987783423,7.118096126211644,1.8267711630477135,0.5,0.5833333333333334,6.029066195757163,9.180565928859998,True
D3,24,29,AutoARIMA,h1,1,ARIMA,8.671362161636353,4.402890920639038,1.0122929810162367,0.9511976170567393,2.6488593071344173,2.6142355956909764,0.3963878571407212,0.0,0.0,0.9285787067820247,1.413963250850874,True
D3,24,29,AutoARIMA,h1_6,1,ARIMA,8.671362161636353,4.402890920639038,3.9849229486697766,4.0043299228974245,9.970813568003345,9.438709514599962,1.6584981044233733,0.0,0.0,2.8253929976237915,4.302275982287017,True
D3,24,29,AutoARIMA,h1_12,1,ARIMA,8.671362161636353,4.402890920639038,4.468209149807745,4.34869788053882,10.627070331727948,10.058533710311329,1.8099582872053779,0.0,0.0,3.588357464320015,5.464055495142826,True
D3,24,30,AutoARIMA,h1,1,ARIMA,8.671362161636353,4.402890920639038,1.0705161967287398,0.8547610230022642,1.819944240212215,1.8366573096721222,0.42365210839444783,0.0,0.0,0.9442076915125036,1.437761782839184,True
D3,24,30,AutoARIMA,h1_6,1,ARIMA,8.671362161636353,4.402890920639038,5.062939738714287,4.641108836024308,8.490845116481193,8.997641363803837,2.1203335996480335,0.0,0.0,3.478290262231637,5.296454216177181,True
D3,24,30,AutoARIMA,h1_12,1,ARIMA,8.671362161636353,4.402890920639038,9.247019240366582,8.349209414665847,15.248339235161398,16.900595309030393,3.991313476501625,0.0,0.0,5.348498423513336,8.144253322682495,True
D3,24,31,AutoARIMA,h1,1,ARIMA,8.671362161636353,4.402890920639038,0.27321624221523955,0.22903659139251184,0.5462179963027188,0.5477138521169717,0.12763448942849548,1.0,1.0,1.4513727005525219,2.210030928860414,True
D3,24,31,AutoARIMA,h1_6,1,ARIMA,8.671362161636353,4.402890920639038,0.7633453991050633,0.8681615634151324,1.4724328553098047,1.455619705920614,0.4248142328363332,1.0,1.0,4.913363188706011,7.481665190223465,True
D3,24,31,AutoARIMA,h1_12,1,ARIMA,8.671362161636353,4.402890920639038,3.6555711988936834,4.389940134239613,6.608805768095199,6.208247194126889,1.3439675869535535,0.75,0.9166666666666666,8.386021497284665,12.769543530777327,True
D3,24,32,AutoARIMA,h1,1,ARIMA,8.671362161636353,4.402890920639038,0.21747980482359042,0.1882492256266085,0.2574895085404184,0.2578214401199568,0.12460202421545075,1.0,1.0,1.5352776455054187,2.3377944753013806,True
D3,24,32,AutoARIMA,h1_6,1,ARIMA,8.671362161636353,4.402890920639038,0.935623229252904,0.9747733018063792,1.093532520252457,1.1012589495875695,0.39806541235278575,0.8333333333333334,1.0,3.505908295627148,5.338508685008746,True
D3,24,32,AutoARIMA,h1_12,1,ARIMA,8.671362161636353,4.402890920639038,1.8209804535943017,2.1012625964202027,2.0258890774682525,2.0128064223592945,0.7054161899389224,0.6666666666666666,1.0,4.930427781909522,7.50764974867204,True
D3,24,33,AutoARIMA,h1,1,ARIMA,8.671362161636353,4.402890920639038,0.6166026195397772,0.5050160254005649,1.368933784322566,1.378368258705465,0.2075866641286658,1.0,1.0,1.654107198335689,2.5187383410069892,True
D3,24,33,AutoARIMA,h1_6,1,ARIMA,8.671362161636353,4.402890920639038,3.7354282857114107,3.368213288119763,8.671368893245607,9.15902823502602,1.387571150188113,0.16666666666666666,0.3333333333333333,4.432775553439596,6.749865882187469,True
D3,24,33,AutoARIMA,h1_12,1,ARIMA,8.671362161636353,4.402890920639038,4.511745527748954,3.9364886223538127,10.546369824673551,11.227458668213037,1.587047370344615,0.08333333333333333,0.5833333333333334,6.353998968465918,9.675346819539104,True
D3,24,34,AutoARIMA,h1,1,ARIMA,8.671362161636353,4.402890920639038,1.3015209149888272,1.0935582474042758,1.993663597452282,2.01373716990466,0.46023894812927124,0.0,0.0,1.6118478460665102,2.4543892764883157,True
D3,24,34,AutoARIMA,h1_6,1,ARIMA,8.671362161636353,4.402890920639038,3.251043304699928,2.900525467942409,4.948195406864192,5.090316149738719,1.151577258521896,0.0,0.5,4.166745596275723,6.344777352472293,True
D3,24,34,AutoARIMA,h1_12,1,ARIMA,8.671362161636353,4.402890920639038,5.501663359506121,5.105231664993546,8.294128093968105,8.736757390580381,2.056842785090734,0.0,0.25,5.9498201212598465,9.05989652701499,True
D3,24,35,AutoARIMA,h1,1,ARIMA,8.671362161636353,4.402890920639038,0.08630374215417755,0.0682229185286322,0.16765058830911392,0.16779123980944977,0.10365226307532506,1.0,1.0,1.3488636002961472,2.053938505480795,True
D3,24,35,AutoARIMA,h1_6,1,ARIMA,8.671362161636353,4.402890920639038,1.6572083882996143,1.66584853738678,3.2139133866707525,3.298998618964942,0.6132250971963317,0.6666666666666666,0.8333333333333334,3.079322683895098,4.688939215102245,True
D3,24,35,AutoARIMA,h1_12,1,ARIMA,8.671362161636353,4.402890920639038,3.0266722873425036,2.814609653168502,5.763767955190157,6.0028007736354105,1.179849604057645,0.4166666666666667,0.5,3.600931636093198,5.4832024093110245,True
D3,24,36,AutoARIMA,h1,1,ARIMA,8.671362161636353,4.402890920639038,0.3031841743955565,0.24847590098008088,1.151016296912246,1.1444300089573192,0.1282408686308844,1.0,1.0,1.3737948133264555,2.091901705332914,True
D3,24,36,AutoARIMA,h1_6,1,ARIMA,8.671362161636353,4.402890920639038,3.323514398363461,3.1027267467693234,12.939696069440467,14.135721913319735,1.143047552078094,0.16666666666666666,0.8333333333333334,4.98291133472387,7.587567384529477,True
D3,24,36,AutoARIMA,h1_12,1,ARIMA,8.671362161636353,4.402890920639038,4.5326775168709785,4.031272042943922,17.606900671304103,19.668078613833547,1.541555602340937,0.3333333333333333,0.9166666666666666,8.913605381062066,13.572904859175233,True
D3,24,37,AutoARIMA,h1,1,ARIMA,8.671362161636353,4.402890920639038,1.1442189521975756,0.9551615090178711,2.4544210443909837,2.4246652967413516,0.3893728744175356,0.0,1.0,1.6545379910608542,2.51939431672307,True
D3,24,37,AutoARIMA,h1_6,1,ARIMA,8.671362161636353,4.402890920639038,7.26771097331856,6.971981830337936,15.194163739837089,13.833031610441601,2.677369562032641,0.0,0.16666666666666666,8.110143025187782,12.349458492862002,True
D3,24,37,AutoARIMA,h1_12,1,ARIMA,8.671362161636353,4.402890920639038,11.494855833885687,10.525836299623169,24.519227826565917,21.376970846894334,3.938285550059295,0.25,0.5833333333333334,19.30548833268692,29.396809169518765,True
D3,24,38,AutoARIMA,h1,1,ARIMA,8.671362161636353,4.402890920639038,0.04769180621843403,0.04103976152078096,0.14940816214598557,0.14951985958310876,0.11535687729328385,1.0,1.0,1.537836259367217,2.341690521966326,True
D3,24,38,AutoARIMA,h1_6,1,ARIMA,8.671362161636353,4.402890920639038,4.713706847415776,5.333020700507453,14.83343645749331,13.188734522966017,1.6350572814783022,0.3333333333333333,0.8333333333333334,7.5380995058270095,11.478397689554779,True
D3,24,38,AutoARIMA,h1_12,1,ARIMA,8.671362161636353,4.402890920639038,12.957324192754623,13.68191385736661,39.11443983765781,30.499264025999295,4.489780175911861,0.16666666666666666,0.6666666666666666,17.943788612409442,27.32332487669162,True
D3,24,39,AutoARIMA,h1,1,ARIMA,8.671362161636353,4.402890920639038,0.046437199572993464,0.03393609361980068,0.057014107234312425,0.0569978588241368,0.13611266626948965,1.0,1.0,1.8219898447912974,2.7743762215765932,True
D3,24,39,AutoARIMA,h1_6,1,ARIMA,8.671362161636353,4.402890920639038,0.9462342272908151,0.9400566484113091,1.1746775910621394,1.1875776878048945,0.46116310492373647,1.0,1.0,4.957021815381097,7.548144954674574,True
D3,24,39,AutoARIMA,h1_12,1,ARIMA,8.671362161636353,4.402890920639038,5.415210464707573,5.275709268965387,7.070730547543021,7.553697499210979,2.1615580022945817,0.5,0.5833333333333334,7.116397691036435,10.836264863789946,True
D3,24,40,AutoARIMA,h1,1,ARIMA,8.671362161636353,4.402890920639038,2.328615183129942,1.8706300207257986,4.204395843181754,4.29467848503313,0.9579681776567699,0.0,0.0,1.7456702971481395,2.6581630940292653,True
D3,24,40,AutoARIMA,h1_6,1,ARIMA,8.671362161636353,4.402890920639038,4.912297638677176,4.200916037006778,9.138507696899795,9.644890036669755,1.8701539912706706,0.0,0.0,4.95762659331628,7.549065860752893,True
D3,24,40,AutoARIMA,h1_12,1,ARIMA,8.671362161636353,4.402890920639038,6.46352469475549,5.462193459061479,12.204835166349815,13.10102296898924,2.404147463465102,0.0,0.16666666666666666,7.146903314992908,10.882716317935614,True
D3,24,41,AutoARIMA,h1,1,ARIMA,8.671362161636353,4.402890920639038,0.7571878966997764,0.6010570586406019,1.9444473897854222,1.9635373653090284,0.24684867035750094,1.0,1.0,1.6636988802794812,2.5333437650634614,True
D3,24,41,AutoARIMA,h1_6,1,ARIMA,8.671362161636353,4.402890920639038,2.7571305372781585,2.3925165329840405,7.534484965920775,7.896336165053657,0.9711410425298331,0.16666666666666666,0.6666666666666666,3.7219896734775544,5.667539627934954,True
D3,24,41,AutoARIMA,h1_12,1,ARIMA,8.671362161636353,4.402890920639038,2.996551843931913,2.63261631600415,7.805226825456211,7.848919878624133,1.0880493293127458,0.16666666666666666,0.6666666666666666,4.25728015606875,6.482635930904406,True
D3,24,42,AutoARIMA,h1,1,ARIMA,8.671362161636353,4.402890920639038,0.12868698988577237,0.10258628516362225,0.21029596264727363,0.2100750729488038,0.14815579129219664,1.0,1.0,1.9239647087473561,2.9296551538752547,True
D3,24,42,AutoARIMA,h1_6,1,ARIMA,8.671362161636353,4.402890920639038,0.5778358390537902,0.5947710425914834,0.9696015369324563,0.9625397709952266,0.3376406441589139,1.0,1.0,3.91582766989504,5.96270017980967,True
D3,24,42,AutoARIMA,h1_12,1,ARIMA,8.671362161636353,4.402890920639038,4.3188994205843265,4.9549968706501915,6.959113726534778,6.506386516446268,1.8937596507661938,0.5,0.5833333333333334,4.438985737887871,6.75932224008878,True
D3,24,43,AutoARIMA,h1,1,ARIMA,8.671362161636353,4.402890920639038,0.018426778721776386,0.015729494965290945,0.04539103316983564,0.04540133723785823,0.09310638393073412,1.0,1.0,1.256422912281608,1.9131774318299775,True
D3,24,43,AutoARIMA,h1_6,1,ARIMA,8.671362161636353,4.402890920639038,1.4138390261283165,1.6491865269450434,3.863328426990654,3.7270684494835913,0.5921794492338486,1.0,1.0,6.158679688094296,9.377930690339678,True
D3,24,43,AutoARIMA,h1_12,1,ARIMA,8.671362161636353,4.402890920639038,6.611663542502048,7.6875013343339065,18.694474840700074,15.976288466947445,2.232535146786814,0.75,1.0,14.66020001053032,22.323346328766785,True
D3,24,44,AutoARIMA,h1,1,ARIMA,8.671362161636353,4.402890920639038,1.7828333205941655,1.4518920953086012,2.9624867463535076,2.9192456141471994,0.6746080028230276,0.0,0.0,1.8342420691637993,2.7930329007329773,True
D3,24,44,AutoARIMA,h1_6,1,ARIMA,8.671362161636353,4.402890920639038,5.2822065208393205,4.531847918147701,8.52870458425631,8.145576813978929,1.8667951467271167,0.16666666666666666,0.5,8.9910087312027,13.690768311989999,True
D3,24,44,AutoARIMA,h1_12,1,ARIMA,8.671362161636353,4.402890920639038,5.176034689193093,4.371882792838315,8.415366315447963,8.052891538458757,2.325649784572043,0.5833333333333334,0.75,21.40231234150164,32.5896802426025,True
D3,24,45,AutoARIMA,h1,1,ARIMA,8.671362161636353,4.402890920639038,0.01667071939510475,0.013857429311912247,0.033196999998970786,0.03319149070938556,0.1195120698969319,1.0,1.0,1.6180466856975457,2.463828359435394,True
D3,24,45,AutoARIMA,h1_6,1,ARIMA,8.671362161636353,4.402890920639038,1.821670991216154,1.7681084163213876,3.6218660288110804,3.713844604104146,0.6255417651605029,0.6666666666666666,1.0,3.67442766461429,5.595116114259576,True
D3,24,45,AutoARIMA,h1_12,1,ARIMA,8.671362161636353,4.402890920639038,3.0438536163538137,2.8247586779907423,6.12527606295379,6.370441485907061,1.100452887623829,0.3333333333333333,0.5833333333333334,4.2425560696515445,6.460215303612158,True
D3,24,46,AutoARIMA,h1,1,ARIMA,8.671362161636353,4.402890920639038,0.1181086193816083,0.09180754022372932,0.1643885309907669,0.164253524013154,0.1587436159137031,1.0,1.0,2.076449085687368,3.16184581660245,True
D3,24,46,AutoARIMA,h1_6,1,ARIMA,8.671362161636353,4.402890920639038,2.1063080624860926,2.4326483306829005,2.779188546894591,2.7037777338828497,0.8595969781255436,0.6666666666666666,0.6666666666666666,3.7486211792626447,5.708091893693276,True
D3,24,46,AutoARIMA,h1_12,1,ARIMA,8.671362161636353,4.402890920639038,8.378179036746564,8.522544387287784,10.153535263151268,9.372116519653337,3.7156217624972183,0.3333333333333333,0.3333333333333333,5.061172403474629,7.706736900670305,True
D3,24,47,AutoARIMA,h1,1,ARIMA,8.671362161636353,4.402890920639038,0.1168888593581576,0.08972310915306593,0.16529865930721532,0.1654353905485135,0.1397501607286675,1.0,1.0,1.818217320229007,2.76863173157801,True
D3,24,47,AutoARIMA,h1_6,1,ARIMA,8.671362161636353,4.402890920639038,5.375649752452804,4.689102166970809,7.606363173751212,8.001132173574698,2.366394464062856,0.16666666666666666,0.16666666666666666,3.1370416675917228,4.776828934333821,True
D3,24,47,AutoARIMA,h1_12,1,ARIMA,8.671362161636353,4.402890920639038,6.234836645376643,5.096310072194836,8.814841259103359,9.279937126468202,2.7521818272590366,0.08333333333333333,0.08333333333333333,3.2988094547920883,5.023155610362666,True
D3,24,48,AutoARIMA,h1,1,ARIMA,8.671362161636353,4.402890920639038,0.9105687243845448,0.68318541200761,1.618071254020182,1.6050855401563302,0.29298839341993294,1.0,1.0,1.8246960727171426,2.778497042792512,True
D3,24,48,AutoARIMA,h1_6,1,ARIMA,8.671362161636353,4.402890920639038,3.397506009308503,2.696459119358611,5.935711866484208,5.745521338489023,1.1921950370090775,0.3333333333333333,0.6666666666666666,5.465488340480691,8.322395942262029,True
D3,24,48,AutoARIMA,h1_12,1,ARIMA,8.671362161636353,4.402890920639038,2.852112088651622,2.292033633043666,5.013619493450613,4.874441714623312,1.1355927969363566,0.6666666666666666,0.8333333333333334,8.702847375507591,13.251979909572007,True
D3,24,49,AutoARIMA,h1,1,ARIMA,8.671362161636353,4.402890920639038,1.407551947058076,1.1607334547291448,1.773348931270503,1.7892134298890459,0.4787818436194814,0.0,1.0,2.041331918844137,3.1083722843884605,True
D3,24,49,AutoARIMA,h1_6,1,ARIMA,8.671362161636353,4.402890920639038,1.1228278380295242,1.048311117422859,1.41415129255995,1.4263531027639387,0.4648094081036563,0.6666666666666666,1.0,3.685224028669546,5.611555929113658,True
D3,24,49,AutoARIMA,h1_12,1,ARIMA,8.671362161636353,4.402890920639038,1.6749803319741232,1.631337674541372,2.122151233024665,2.1536893447818755,0.6351434139992643,0.6666666666666666,1.0,4.9755772222875505,7.576399601565229,True
D3,24,50,AutoARIMA,h1,1,ARIMA,8.671362161636353,4.402890920639038,0.5976296490025401,0.5005503964376293,0.8490322083599761,0.8526518527876485,0.20457487320146167,1.0,1.0,1.7569977318455057,2.6754115795604454,True
D3,24,50,AutoARIMA,h1_6,1,ARIMA,8.671362161636353,4.402890920639038,10.677942127154962,10.351694130836567,16.490130605075304,18.59641625550683,4.993231610477077,0.16666666666666666,0.16666666666666666,3.084972545215536,4.697542359048098,True
D3,24,50,AutoARIMA,h1_12,1,ARIMA,8.671362161636353,4.402890920639038,17.111410499882385,15.829311489267866,27.797146917885435,33.739154733043044,8.171478918526507,0.08333333333333333,0.08333333333333333,3.330602950026223,5.071568128923378,True
D3,24,51,AutoARIMA,h1,1,ARIMA,8.671362161636353,4.402890920639038,0.1497362161946425,0.11341794692540999,0.24260430515455617,0.2423103774507902,0.125763053597046,1.0,1.0,1.6024708792094202,2.4401108028990133,True
D3,24,51,AutoARIMA,h1_6,1,ARIMA,8.671362161636353,4.402890920639038,1.38144132088288,1.3649175143361363,2.1724563394407617,2.198639900533,0.5362982229422797,0.8333333333333334,1.0,4.403801304199697,6.705746279458072,True
D3,24,51,AutoARIMA,h1_12,1,ARIMA,8.671362161636353,4.402890920639038,5.671543806456268,5.541523937220444,8.97194886672888,9.695215886410997,2.270792476778119,0.4166666666666667,0.5,6.328511540190537,9.63653666087741,True
D3,24,52,AutoARIMA,h1,1,ARIMA,8.671362161636353,4.402890920639038,1.685789653623127,1.2888677243588362,4.08856909234249,4.006661529869969,0.6449778023609924,0.0,0.0,1.6744152963282783,2.5496618416714725,True
D3,24,52,AutoARIMA,h1_6,1,ARIMA,8.671362161636353,4.402890920639038,4.606030871878217,3.82824761312029,10.680236864435775,10.058420278090889,1.6654519098524556,0.0,0.0,5.393907489383767,8.213398511913425,True
D3,24,52,AutoARIMA,h1_12,1,ARIMA,8.671362161636353,4.402890920639038,9.50839462860636,8.464301351457573,20.346837486194335,18.013107843273126,3.6983467035997366,0.0,0.0,8.932694992294277,13.60197294845861,True
D3,24,53,AutoARIMA,h1,1,ARIMA,8.671362161636353,4.402890920639038,0.8687304624746817,0.6939039405436808,1.4084138977566985,1.4184023859214134,0.2821449589374781,1.0,1.0,1.86015366254744,2.832488943121064,True
D3,24,53,AutoARIMA,h1_6,1,ARIMA,8.671362161636353,4.402890920639038,2.679155263471171,2.5388361403072204,4.445839690982923,4.592837982333629,0.9129622625992908,0.5,0.8333333333333334,4.976392057291341,7.577640365264046,True
D3,24,53,AutoARIMA,h1_12,1,ARIMA,8.671362161636353,4.402890920639038,3.3393839199361555,2.9019183126833736,5.5486080837448695,5.738962307865334,1.1296464220715987,0.6666666666666666,0.9166666666666666,7.531313504537811,11.468064525146557,True
D3,24,54,AutoARIMA,h1,1,ARIMA,8.671362161636353,4.402890920639038,0.20713014058568738,0.1591601053907016,0.9284033683288654,0.9241136173535176,0.1116435896945086,1.0,1.0,1.3633950576685185,2.0760658131131677,True
D3,24,54,AutoARIMA,h1_6,1,ARIMA,8.671362161636353,4.402890920639038,0.5177616439830408,0.5644039569216714,2.4948719381009123,2.558800507023103,0.3494313480655304,1.0,1.0,4.041763676143098,6.154465168057975,True
D3,24,54,AutoARIMA,h1_12,1,ARIMA,8.671362161636353,4.402890920639038,0.9764977925813721,0.9356268104353305,5.133124919682841,5.211462362219671,0.5189398815947995,1.0,1.0,5.849146248412422,8.90659863693048,True
D3,24,55,AutoARIMA,h1,1,ARIMA,8.671362161636353,4.402890920639038,0.8902245953708738,0.7602642782755746,3.5124424394921,3.4518208296147908,0.3175545008311695,0.0,0.0,1.0791629816163806,1.6432605944327514,True
D3,24,55,AutoARIMA,h1_6,1,ARIMA,8.671362161636353,4.402890920639038,2.2044983664525044,1.9889285021017995,9.313556997399987,8.856159710175499,0.8226853021692973,0.5,0.5,5.289794598663297,8.054863968375633,True
D3,24,55,AutoARIMA,h1_12,1,ARIMA,8.671362161636353,4.402890920639038,4.534175467949446,4.557605258208281,21.23894036272685,18.476652315582275,1.5871777546679908,0.75,0.75,12.59189481488091,19.173901357831554,True
D3,24,56,AutoARIMA,h1,1,ARIMA,8.671362161636353,4.402890920639038,1.256939070194182,0.9176224941601561,2.1693786419539136,2.1931676977626617,0.4472291798886737,0.0,0.0,1.5333275341795283,2.334825006230289,True
D3,24,56,AutoARIMA,h1_6,1,ARIMA,8.671362161636353,4.402890920639038,3.9795080837111723,3.1274264814315376,6.837705536628078,7.119645048356321,1.5056218381637676,0.0,0.0,4.095849609486995,6.23682277714129,True
D3,24,56,AutoARIMA,h1_12,1,ARIMA,8.671362161636353,4.402890920639038,6.9247449626405855,5.742347434748938,11.980177609886393,13.009019137107716,2.875904422626473,0.0,0.0,4.961630213524816,7.555162244186941,True
D3,24,57,AutoARIMA,h1,1,ARIMA,8.671362161636353,4.402890920639038,2.0351890276642064,1.677279038589378,3.7474949898455097,3.819054426491633,0.8371537483997332,0.0,0.0,1.5265628541045404,2.3245243080127542,True
D3,24,57,AutoARIMA,h1_6,1,ARIMA,8.671362161636353,4.402890920639038,3.216420245999406,2.8663106180627658,5.979408106417427,6.198295039655782,1.3021152161808243,0.16666666666666666,0.16666666666666666,2.797282514226696,4.259471651112023,True
D3,24,57,AutoARIMA,h1_12,1,ARIMA,8.671362161636353,4.402890920639038,2.6079432979014348,2.398957109066657,4.775186907023684,4.8825736722378865,1.0137382435761844,0.25,0.4166666666666667,2.9852391140509136,4.545676496178228,True
D3,24,58,AutoARIMA,h1,1,ARIMA,8.671362161636353,4.402890920639038,0.352077648681793,0.2884586231655005,1.0587884543671273,1.053212806569192,0.14807819604409905,1.0,1.0,1.5804277848966726,2.406545392594408,True
D3,24,58,AutoARIMA,h1_6,1,ARIMA,8.671362161636353,4.402890920639038,1.8724840358294739,1.7135370076276126,5.546983834808564,5.362386456012355,0.6290054090114487,1.0,1.0,4.841525213173422,7.3722762319405195,True
D3,24,58,AutoARIMA,h1_12,1,ARIMA,8.671362161636353,4.402890920639038,3.2954161907200694,3.03003560775885,9.821143337949282,9.254129679275431,1.1016924991833417,0.6666666666666666,1.0,6.707299844080662,10.213324323184308,True
D3,24,59,AutoARIMA,h1,1,ARIMA,8.671362161636353,4.402890920639038,0.44182657703620115,0.3715550240066346,0.7374941204349474,0.7402236734699015,0.16420635253519125,1.0,1.0,1.6011115936810782,2.438040994739023,True
D3,24,59,AutoARIMA,h1_6,1,ARIMA,8.671362161636353,4.402890920639038,3.6405593055406813,3.6453327265572026,5.634805397589666,5.42303574787703,1.388384987700571,0.3333333333333333,0.5,4.160698196983104,6.335568870411987,True
D3,24,59,AutoARIMA,h1_12,1,ARIMA,8.671362161636353,4.402890920639038,4.453901372324983,4.087606756734286,6.730764874229966,6.473660818256226,1.6118319080364696,0.25,0.5833333333333334,5.944583322168143,9.051922360244118,True
D3,24,60,AutoARIMA,h1,1,ARIMA,8.671362161636353,4.402890920639038,1.2952702787344164,1.0551131278010975,2.2186173410852583,2.243504733619332,0.47825031270695934,0.0,0.0,1.4330275301641247,2.182096412841085,True
D3,24,60,AutoARIMA,h1_6,1,ARIMA,8.671362161636353,4.402890920639038,2.246536235862637,1.8917818141916387,4.005236051822026,4.093572643481065,0.8983188063407377,0.0,0.0,1.9031135359447253,2.897904703574452,True
D3,24,60,AutoARIMA,h1_12,1,ARIMA,8.671362161636353,4.402890920639038,3.411031632229253,3.10784505251934,6.0947476934623905,6.339764340460436,1.4222912114347654,0.0,0.0,2.3961334892184953,3.6486349225358166,True
D3,24,61,AutoARIMA,h1,1,ARIMA,8.671362161636353,4.402890920639038,1.6421927256612665,1.3679404933960495,2.7450187019836774,2.7832186380494535,0.6483257951109443,0.0,0.0,1.461671537091135,2.2257131497488785,True
D3,24,61,AutoARIMA,h1_6,1,ARIMA,8.671362161636353,4.402890920639038,3.4867553475111506,3.108212667798683,5.7171029746219935,5.910159433513066,1.3111161293590452,0.0,0.0,3.6570140641579747,5.56860011628287,True
D3,24,61,AutoARIMA,h1_12,1,ARIMA,8.671362161636353,4.402890920639038,7.486617671770867,7.3042001254618105,12.241148782102702,13.381384580177405,3.1283467205988464,0.0,0.0,5.202695297975344,7.922236319854184,True
D3,24,62,AutoARIMA,h1,1,ARIMA,8.671362161636353,4.402890920639038,1.42303687290907,1.0901500558271413,3.369043513099245,3.426768168443188,0.49702542675814554,0.0,0.0,1.814651252908358,2.7632016176796146,True
D3,24,62,AutoARIMA,h1_6,1,ARIMA,8.671362161636353,4.402890920639038,4.655260714345192,3.8451244571791805,10.812585576876943,11.53466201276205,1.8005361988244866,0.0,0.0,4.459315835984455,6.790279240701451,True
D3,24,62,AutoARIMA,h1_12,1,ARIMA,8.671362161636353,4.402890920639038,7.21508339828432,6.134883748918417,16.315149775345837,18.161120165597925,2.977117351584419,0.0,0.0,5.333508694660505,8.121428196946434,True
D3,24,63,AutoARIMA,h1,1,ARIMA,8.671362161636353,4.402890920639038,0.21667984108793467,0.17799013073954686,1.638593240939829,1.6521290786469842,0.10915775040005947,1.0,1.0,1.2913119859543842,1.966303642531583,True
D3,24,63,AutoARIMA,h1_6,1,ARIMA,8.671362161636353,4.402890920639038,0.6564718338877433,0.7869606766338891,5.183252953132192,4.919667812775144,0.4086367832210724,1.0,1.0,4.851694660400326,7.387761429431354,True
D3,24,63,AutoARIMA,h1_12,1,ARIMA,8.671362161636353,4.402890920639038,0.6983070950961281,0.7562033181436159,5.682207869744761,5.425148979564951,0.7017194636166857,1.0,1.0,8.911169818907696,13.569196185525612,True
D3,24,64,AutoARIMA,h1,1,ARIMA,8.671362161636353,4.402890920639038,0.03416140610270072,0.026212264740129495,0.0574918622763197,0.057508393599542504,0.11346432202211476,1.0,1.0,1.5222696973618202,2.3179870421676334,True
D3,24,64,AutoARIMA,h1_6,1,ARIMA,8.671362161636353,4.402890920639038,2.2152611373672584,2.101773234769548,3.5827835646562916,3.6832204154228685,0.7505587484296633,0.6666666666666666,1.0,4.646053960365022,7.074628691618724,True
D3,24,64,AutoARIMA,h1_12,1,ARIMA,8.671362161636353,4.402890920639038,4.2147450995261195,3.779388964946043,6.5020097552181175,6.799088415337888,1.3948661964475626,0.8333333333333334,1.0,9.452743282728735,14.393859695345597,True
D3,24,65,AutoARIMA,h1,1,ARIMA,8.671362161636353,4.402890920639038,0.396845270012289,0.31318490100643775,1.2502715463861436,1.2425042080978945,0.14763122819941193,1.0,1.0,1.4406224539724903,2.193661337903022,True
D3,24,65,AutoARIMA,h1_6,1,ARIMA,8.671362161636353,4.402890920639038,1.1677780493824013,1.0665041619165634,3.6826541188281734,3.594790493437378,0.46446983104690176,0.6666666666666666,1.0,3.9410438671160004,6.001097330138703,True
D3,24,65,AutoARIMA,h1_12,1,ARIMA,8.671362161636353,4.402890920639038,1.6909839020323385,1.5875461568754043,5.181847800226894,5.002430874937279,0.6396455536382009,0.6666666666666666,1.0,4.799428385271744,7.308174646156103,True
D3,24,66,AutoARIMA,h1,1,ARIMA,8.671362161636353,4.402890920639038,0.4663485395879244,0.40493166114876045,0.7497544528485691,0.7469542913186167,0.1573681959859904,1.0,1.0,1.2677242559339765,1.930386188064619,True
D3,24,66,AutoARIMA,h1_6,1,ARIMA,8.671362161636353,4.402890920639038,6.727981608252312,6.971404536339767,10.08374982541917,9.421847672620393,2.940776645532803,0.16666666666666666,0.16666666666666666,3.6848699093265047,5.611016705315163,True
D3,24,66,AutoARIMA,h1_12,1,ARIMA,8.671362161636353,4.402890920639038,8.170838305929294,7.709692750695071,12.236472969350737,11.41956827751676,3.462359601263264,0.08333333333333333,0.08333333333333333,5.323400351243333,8.10603604330941,True
D3,24,67,AutoARIMA,h1,1,ARIMA,8.671362161636353,4.402890920639038,0.1499085105738932,0.12362941989034577,0.22174980445920042,0.2215042118808431,0.13551479778132675,1.0,1.0,1.7353980405190734,2.642521346840034,True
D3,24,67,AutoARIMA,h1_6,1,ARIMA,8.671362161636353,4.402890920639038,4.5930996032082705,4.5722483761721255,6.272285358018161,6.004398993258486,1.8132737828467733,0.16666666666666666,0.3333333333333333,4.574421144223522,6.965552133175937,True
D3,24,67,AutoARIMA,h1_12,1,ARIMA,8.671362161636353,4.402890920639038,5.147526705033143,4.801281037310181,6.888297357369094,6.601256322555904,1.9452843956503685,0.25,0.5,6.54571173333469,9.96727124367636,True
D3,24,68,AutoARIMA,h1,1,ARIMA,8.671362161636353,4.402890920639038,6.121040282742512,4.789782123290687,24.339538490555963,27.712028400024895,2.6308047402298453,0.0,0.0,3.635473212759002,5.535799480162613,True
D3,24,68,AutoARIMA,h1_6,1,ARIMA,8.671362161636353,4.402890920639038,13.699482958269604,11.117987066525021,55.00057173572831,79.0355500444207,6.281532209498436,0.0,0.0,4.807157419811875,7.3199437840056865,True
D3,24,68,AutoARIMA,h1_12,1,ARIMA,8.671362161636353,4.402890920639038,15.352621883964005,12.265599467101774,62.757165742442226,94.06933105859223,7.094252285496141,0.0,0.0,4.924325840517162,7.4983582143899925,True
D3,24,69,AutoARIMA,h1,1,ARIMA,8.671362161636353,4.402890920639038,2.529333326026511,2.1720634876658433,4.760510624026299,4.649832733390056,0.9204753936219218,0.0,0.0,2.9119229532244146,4.434036678955422,True
D3,24,69,AutoARIMA,h1_6,1,ARIMA,8.671362161636353,4.402890920639038,3.207563844936478,3.1207360663853976,6.372788748460091,6.123543017419598,1.2603867984837285,0.3333333333333333,0.3333333333333333,3.8504126454255907,5.86309156292264,True
D3,24,69,AutoARIMA,h1_12,1,ARIMA,8.671362161636353,4.402890920639038,1.903958641084962,2.2440106878689767,3.8161441259610465,3.692901923574902,0.8004827913029318,0.6666666666666666,0.6666666666666666,3.9442616146457077,6.005997051319362,True
D3,24,70,AutoARIMA,h1,1,ARIMA,8.671362161636353,4.402890920639038,0.9302282996476223,0.7953816039601624,1.7048612625956743,1.719518968998393,0.31489119589023973,0.0,1.0,1.3945515717121355,2.1235083891280313,True
D3,24,70,AutoARIMA,h1_6,1,ARIMA,8.671362161636353,4.402890920639038,4.7991854537204865,4.4395821014554,8.821815699659846,9.302853631734768,1.9901012272287781,0.0,0.16666666666666666,3.484981379843919,5.306642899529251,True
D3,24,70,AutoARIMA,h1_12,1,ARIMA,8.671362161636353,4.402890920639038,5.572713599656774,4.972061593685076,9.897935031869753,10.460592671344086,2.201621787327584,0.0,0.08333333333333333,4.957271407481147,7.548525012987989,True
D3,24,71,AutoARIMA,h1,1,ARIMA,8.671362161636353,4.402890920639038,0.9290440866641144,0.7265221758843817,1.8750509454213193,1.892796393759362,0.3095434333899706,0.0,1.0,1.5399822783176982,2.3449583030488075,True
D3,24,71,AutoARIMA,h1_6,1,ARIMA,8.671362161636353,4.402890920639038,1.5627855192769644,1.70394879688972,3.218993014516496,3.127726127807482,0.6021381244561893,0.6666666666666666,1.0,4.275992880227526,6.511130127562779,True
D3,24,71,AutoARIMA,h1_12,1,ARIMA,8.671362161636353,4.402890920639038,5.327454856851047,5.2757048228985415,11.026817512316317,10.139638724325103,2.049944569506546,0.3333333333333333,0.5,6.572451022739822,10.007987633462799,True
D3,24,72,AutoARIMA,h1,1,ARIMA,8.671362161636353,4.402890920639038,0.5271685465246049,0.44798262449401455,0.7747625926822701,0.7777755496892808,0.18521673506640046,1.0,1.0,1.7210902488893662,2.6207346189972593,True
D3,24,72,AutoARIMA,h1_6,1,ARIMA,8.671362161636353,4.402890920639038,1.5838699317565084,1.7261940843807397,2.364126452547616,2.4116917419363086,0.5803312746198056,0.8333333333333334,1.0,4.770415298539222,7.2639959048884934,True
D3,24,72,AutoARIMA,h1_12,1,ARIMA,8.671362161636353,4.402890920639038,2.0550403992957733,2.0598845544637983,3.0732231827032166,3.141209031892437,0.8099828731147165,0.8333333333333334,1.0,7.32680992907952,11.156663307076723,True
D3,24,73,AutoARIMA,h1,1,ARIMA,8.671362161636353,4.402890920639038,0.9203778110505724,0.7136634480617822,1.573959603062701,1.5616695789100195,0.29878500723178075,0.0,1.0,1.7598350662212827,2.6797320388908377,True
D3,24,73,AutoARIMA,h1_6,1,ARIMA,8.671362161636353,4.402890920639038,4.271458257277695,3.8786556566176884,7.104191115432895,6.778552918275495,1.6385559046619191,0.0,0.3333333333333333,4.319165117314629,6.576869257969646,True
D3,24,73,AutoARIMA,h1_12,1,ARIMA,8.671362161636353,4.402890920639038,10.97812842318453,10.187062453367515,17.47324160877533,15.582469840523144,4.893176846805435,0.0,0.16666666666666666,5.097812327047677,7.762529161539406,True
D3,24,74,AutoARIMA,h1,1,ARIMA,8.671362161636353,4.402890920639038,1.6635875000712927,1.4428641601384617,2.731643866289555,2.6948371889010034,0.6461287704115318,0.0,0.0,1.5707606899311308,2.391825135793423,True
D3,24,74,AutoARIMA,h1_6,1,ARIMA,8.671362161636353,4.402890920639038,5.166194671899587,4.918305899293275,7.959467259241738,7.602671875463391,2.1489610441255786,0.0,0.0,3.672874780427232,5.592751509991469,True
D3,24,74,AutoARIMA,h1_12,1,ARIMA,8.671362161636353,4.402890920639038,5.840842338007519,5.317705184933997,8.765334467346381,8.366363145114224,2.307941013371265,0.0,0.0,5.181697451927382,7.890262527603747,True
D3,24,75,AutoARIMA,h1,1,ARIMA,8.671362161636353,4.402890920639038,0.9277793876138236,0.7112044995998281,3.337874396540566,3.2830818227510243,0.33948838851272295,0.0,0.0,1.0524584686236342,1.6025971593056727,True
D3,24,75,AutoARIMA,h1_6,1,ARIMA,8.671362161636353,4.402890920639038,1.7670069349218955,1.557488450741382,6.703528011780878,6.409869386253736,0.6113178035733816,0.6666666666666666,0.8333333333333334,4.067506813621595,6.193664699654323,True
D3,24,75,AutoARIMA,h1_12,1,ARIMA,8.671362161636353,4.402890920639038,5.056123036995839,4.974135573450153,19.578339910560103,16.955918078741963,1.9884035421521349,0.3333333333333333,0.5,5.472331490769753,8.332816128465005,True
D3,24,76,AutoARIMA,h1,1,ARIMA,8.671362161636353,4.402890920639038,0.4842379357282046,0.41544802989093027,1.0986294193596857,1.1046976862477373,0.16944654477127943,1.0,1.0,1.568788903385215,2.3888226614807055,True
D3,24,76,AutoARIMA,h1_6,1,ARIMA,8.671362161636353,4.402890920639038,0.5523472713696304,0.5152867858285014,1.2529133243786574,1.2589531740903972,0.39590242107236145,1.0,1.0,4.785819292375863,7.287451839256001,True
D3,24,76,AutoARIMA,h1_12,1,ARIMA,8.671362161636353,4.402890920639038,1.4685261424238538,1.6696437338040702,3.412405637716277,3.516220442762239,0.707164286623547,1.0,1.0,7.692229021296214,11.713093433871542,True
D3,24,77,AutoARIMA,h1,1,ARIMA,8.671362161636353,4.402890920639038,1.556519650389657,1.3004651476418843,4.269259511322157,4.362380176627508,0.6428059933567076,0.0,0.0,1.1459649244710208,1.744981096520545,True
D3,24,77,AutoARIMA,h1_6,1,ARIMA,8.671362161636353,4.402890920639038,3.568828997892445,3.406338837367059,9.858442311427014,10.54282625644577,1.3742849369628427,0.0,0.16666666666666666,3.4794836604768378,5.298271424831663,True
D3,24,77,AutoARIMA,h1_12,1,ARIMA,8.671362161636353,4.402890920639038,6.518893723773912,6.149273999825433,17.41624287908519,19.604897855433524,2.7392736859336573,0.0,0.08333333333333333,4.405618189232197,6.7085128824915055,True
D3,24,78,AutoARIMA,h1,1,ARIMA,8.671362161636353,4.402890920639038,0.4065259680010354,0.3343639166745865,0.6900434793827545,0.687670865399602,0.16331982909793388,1.0,1.0,1.6894492039398743,2.5725542391863194,True
D3,24,78,AutoARIMA,h1_6,1,ARIMA,8.671362161636353,4.402890920639038,3.7880438199302153,3.660790304117778,6.479211778634674,6.202132546030098,1.4044197703409065,0.3333333333333333,0.3333333333333333,4.620698711092767,7.036019804267244,True
D3,24,78,AutoARIMA,h1_12,1,ARIMA,8.671362161636353,4.402890920639038,8.104701193668031,7.796023277891641,13.98152327758512,12.76857086576135,3.052151428756304,0.16666666666666666,0.16666666666666666,8.701159514826653,13.249409774204942,True
D3,24,79,AutoARIMA,h1,1,ARIMA,8.671362161636353,4.402890920639038,4.267101436534585,3.68517105184454,6.208517050904888,6.021591289919655,1.9552247296880796,0.0,0.0,1.508671443696189,2.2972807403554754,True
D3,24,79,AutoARIMA,h1_6,1,ARIMA,8.671362161636353,4.402890920639038,11.351110334219685,10.772969865380272,15.786593441797612,14.44366252803505,5.44868796999131,0.0,0.0,1.919339208665526,2.9226118229386815,True
D3,24,79,AutoARIMA,h1_12,1,ARIMA,8.671362161636353,4.402890920639038,14.929025825082235,13.725019566887163,20.581159954605365,18.462334365244075,7.192919957315804,0.0,0.0,2.2977275444934695,3.498790446790035,True
D3,24,80,AutoARIMA,h1,1,ARIMA,8.671362161636353,4.402890920639038,0.2890299111981184,0.23618091406555788,0.6685146208865224,0.6662875061885171,0.1347986130229833,1.0,1.0,1.5314297406977901,2.3319352024675215,True
D3,24,80,AutoARIMA,h1_6,1,ARIMA,8.671362161636353,4.402890920639038,1.3891532173267682,1.4369465262797698,3.1350623597957226,3.0589301265062803,0.5553004652830886,1.0,1.0,5.419545576266931,8.252438081106803,True
D3,24,80,AutoARIMA,h1_12,1,ARIMA,8.671362161636353,4.402890920639038,3.294548642067896,3.218851372385683,7.233583547827062,6.88355005432962,1.1304044124348662,0.6666666666666666,1.0,8.251550423137369,12.564782043400944,True
D3,24,81,AutoARIMA,h1,1,ARIMA,8.671362161636353,4.402890920639038,0.1092891226754504,0.09111619436762625,0.25336379927455865,0.2530432392921197,0.07691049535544509,1.0,1.0,0.9665617299564474,1.4718006732821538,True
D3,24,81,AutoARIMA,h1_6,1,ARIMA,8.671362161636353,4.402890920639038,1.547811560747073,1.7408405425539217,3.582014750515558,3.4701280662083938,0.6580485671308663,1.0,1.0,6.958495923509818,10.5958250444226,True
D3,24,81,AutoARIMA,h1_12,1,ARIMA,8.671362161636353,4.402890920639038,3.2577086699205386,3.223510837824062,7.566626358487951,7.18725846629487,1.5855241820676733,1.0,1.0,17.748907995207908,27.026576707674227,True
D3,24,82,AutoARIMA,h1,1,ARIMA,8.671362161636353,4.402890920639038,1.2229447850119868,0.9413816549621195,1.3315888371631577,1.322781829571857,0.4108055248888068,0.0,1.0,1.927797414048217,2.9354912821508474,True
D3,24,82,AutoARIMA,h1_6,1,ARIMA,8.671362161636353,4.402890920639038,2.1685426815931383,1.7792390499460404,2.329307843708769,2.2990138285096693,0.7376747635074397,0.5,1.0,5.094680882020235,7.757760854708196,True
D3,24,82,AutoARIMA,h1_12,1,ARIMA,8.671362161636353,4.402890920639038,4.2688315506781525,3.992493636922721,4.487421268117205,4.346429495134614,1.4873868523072467,0.4166666666666667,0.9166666666666666,7.672979469547589,11.683781800329747,True
D3,24,83,AutoARIMA,h1,1,ARIMA,8.671362161636353,4.402890920639038,1.4670172049414092,1.2266791471557394,5.809392482790998,5.983185857509793,0.5685476677482508,0.0,0.0,1.3956005713135113,2.1251057194088934,True
D3,24,83,AutoARIMA,h1_6,1,ARIMA,8.671362161636353,4.402890920639038,5.303773145510785,4.899941365724499,20.638804523038146,23.631812520477293,1.8833991677651538,0.0,0.3333333333333333,6.840894739521289,10.416751637718509,True
D3,24,83,AutoARIMA,h1_12,1,ARIMA,8.671362161636353,4.402890920639038,6.18643585065809,5.4489591440948795,22.071727188639645,25.15846924566723,2.2846939803202413,0.5,0.6666666666666666,16.284153456826324,24.796169017230834,True
D3,24,84,AutoARIMA,h1,1,ARIMA,8.671362161636353,4.402890920639038,0.047541416765039056,0.0411637222362132,0.17163612266420283,0.17148895416833687,0.10877614412233376,1.0,1.0,1.448159383127091,2.2051379534780158,True
D3,24,84,AutoARIMA,h1_6,1,ARIMA,8.671362161636353,4.402890920639038,3.6255571892181546,3.7698616584438147,12.348720807030633,13.550045412042664,1.2201450397105096,0.5,1.0,7.09852525833987,10.809050193830705,True
D3,24,84,AutoARIMA,h1_12,1,ARIMA,8.671362161636353,4.402890920639038,7.86947312085739,8.073735507624333,25.13890488422116,30.497709325662605,2.5854838108913425,0.75,1.0,16.897420443579747,25.73000152479979,True
D3,24,85,AutoARIMA,h1,1,ARIMA,8.671362161636353,4.402890920639038,1.2037967714209183,1.0248349683238496,1.8904383634716704,1.908477660396885,0.40169603384386615,0.0,1.0,1.9772849590994546,3.0108468438993596,True
D3,24,85,AutoARIMA,h1_6,1,ARIMA,8.671362161636353,4.402890920639038,1.6623356682107948,1.562387847098207,2.5548292299137922,2.5249681430513298,0.5610065919387733,0.5,1.0,3.5695998164404976,5.435492892338858,True
D3,24,85,AutoARIMA,h1_12,1,ARIMA,8.671362161636353,4.402890920639038,4.259975313501384,4.633734686170224,6.295927036950895,6.004300223609857,1.645180241397479,0.25,0.6666666666666666,4.819468070649489,7.338689430175803,True
D3,24,86,AutoARIMA,h1,1,ARIMA,8.671362161636353,4.402890920639038,0.3904628235140588,0.30331564431160407,1.0533862844975213,1.0478672396066417,0.1526329778282357,1.0,1.0,1.5478508819820618,2.3569399652769643,True
D3,24,86,AutoARIMA,h1_6,1,ARIMA,8.671362161636353,4.402890920639038,1.235291114180359,1.1696483750767677,3.3291896687738314,3.3934099554569532,0.5170673383020856,1.0,1.0,5.3155832199992705,8.09413275904771,True
D3,24,86,AutoARIMA,h1_12,1,ARIMA,8.671362161636353,4.402890920639038,2.970172124516157,2.7832830123712853,8.249694673376393,8.78098549236293,1.0702861924005307,0.9166666666666666,1.0,9.156861228296323,13.943314848152696,True
D3,24,87,AutoARIMA,h1,1,ARIMA,8.671362161636353,4.402890920639038,1.5270111823839676,1.2167813017059328,2.469845343027256,2.500727392550615,0.5433473071370347,0.0,0.0,1.8625805408016143,2.836184393642002,True
D3,24,87,AutoARIMA,h1_6,1,ARIMA,8.671362161636353,4.402890920639038,8.161428264574665,7.455036369901614,14.29017401887056,15.821214221803784,3.478623408949384,0.0,0.0,5.093800898296133,7.756420887898561,True
D3,24,87,AutoARIMA,h1_12,1,ARIMA,8.671362161636353,4.402890920639038,11.316819092731368,9.72397391032725,20.243371225130705,22.996667809772305,4.738925279139676,0.0,0.0,7.779010047520873,11.84523644022803,True
D3,24,88,AutoARIMA,h1,1,ARIMA,8.671362161636353,4.402890920639038,0.008710604386366458,0.007297287887089196,0.018877635286846085,0.018875853629443363,0.09801137453418267,1.0,1.0,1.3307142378673877,2.0263021497112566,True
D3,24,88,AutoARIMA,h1_6,1,ARIMA,8.671362161636353,4.402890920639038,3.1434159694371155,3.0963331269483465,7.227005858275638,7.612379652646396,1.294744513191888,0.16666666666666666,0.3333333333333333,2.7726207026784615,4.221918673670338,True
D3,24,88,AutoARIMA,h1_12,1,ARIMA,8.671362161636353,4.402890920639038,4.700641284481918,4.324810037396992,11.00375741485779,11.795864077223694,2.0148747348702822,0.08333333333333333,0.16666666666666666,3.052664333183414,4.648346072098519,True
D3,24,89,AutoARIMA,h1,1,ARIMA,8.671362161636353,4.402890920639038,1.7211078441167056,1.4103036370686304,3.3416551535360988,3.398437179103701,0.668591295832076,0.0,0.0,1.6240399660863958,2.4729544336819607,True
D3,24,89,AutoARIMA,h1_6,1,ARIMA,8.671362161636353,4.402890920639038,2.603605916789593,2.367364076119972,5.181467022030909,5.353618164058662,1.0237344406205797,0.3333333333333333,0.5,4.949632434713444,7.536893013795138,True
D3,24,89,AutoARIMA,h1_12,1,ARIMA,8.671362161636353,4.402890920639038,3.720587672265625,3.3744381116446687,7.057721153576689,6.937276662464531,1.3148017362936473,0.4166666666666667,0.75,7.951570215431499,12.107996865600951,True
D3,24,90,AutoARIMA,h1,1,ARIMA,8.671362161636353,4.402890920639038,2.5184640565386918,1.7560942973943399,4.580517557579436,4.68788219099809,1.0893188460117496,0.0,0.0,1.4374975180115817,2.1889029425427653,True
D3,24,90,AutoARIMA,h1_6,1,ARIMA,8.671362161636353,4.402890920639038,6.323848478848316,4.809105052400564,10.103223394146701,10.726963441016913,2.205147738646831,0.0,0.6666666666666666,9.458651416013627,14.402856114588197,True
D3,24,90,AutoARIMA,h1_12,1,ARIMA,8.671362161636353,4.402890920639038,14.800495941102591,12.325224783269595,21.49952479191043,25.302745049085196,5.013882714704347,0.0,0.8333333333333334,23.024156872461546,35.05929164831514,True
D3,24,91,AutoARIMA,h1,1,ARIMA,8.671362161636353,4.402890920639038,0.7047732241078508,0.5279314990790365,1.2808409389223936,1.2726903692846336,0.23424456290498932,1.0,1.0,1.7527875630414318,2.6690006809200013,True
D3,24,91,AutoARIMA,h1_6,1,ARIMA,8.671362161636353,4.402890920639038,2.2089707026471985,2.043072713514501,3.9615984588585818,4.025471849665607,0.9139670464870228,0.8333333333333334,1.0,8.591738543230251,13.082792521860354,True
D3,24,91,AutoARIMA,h1_12,1,ARIMA,8.671362161636353,4.402890920639038,6.538151797619293,6.045069771252845,12.022541322903063,13.232903564417695,2.3209647867875116,0.9166666666666666,1.0,20.451884472159183,31.142446884762656,True
D3,24,92,AutoARIMA,h1,1,ARIMA,8.671362161636353,4.402890920639038,0.5007380845734735,0.39250749018082304,0.544012269172397,0.5425365365107163,0.18035146566222818,1.0,1.0,1.7129547638480376,2.608346571767374,True
D3,24,92,AutoARIMA,h1_6,1,ARIMA,8.671362161636353,4.402890920639038,1.4265840651786943,1.638920298126681,1.5434473871975807,1.5690276764028683,0.571344409085402,0.8333333333333334,1.0,4.446578281919686,6.770883541422797,True
D3,24,92,AutoARIMA,h1_12,1,ARIMA,8.671362161636353,4.402890920639038,7.197761494910253,7.6127631897779295,8.014641103489595,8.662093348653235,3.0398558401810107,0.4166666666666667,0.5,6.352293313292381,9.672749588182853,True
D3,24,93,AutoARIMA,h1,1,ARIMA,8.671362161636353,4.402890920639038,1.38358286371686,1.1056267610241295,2.712259138837688,2.7495465526632916,0.46727069840002394,0.0,1.0,2.106495399016822,3.207597870317541,True
D3,24,93,AutoARIMA,h1_6,1,ARIMA,8.671362161636353,4.402890920639038,3.0259141572420063,2.579919977835116,6.054698059431554,6.272974061708424,1.0993939310563248,0.16666666666666666,0.5,3.8028638993379356,5.790688244710677,True
D3,24,93,AutoARIMA,h1_12,1,ARIMA,8.671362161636353,4.402890920639038,4.176683241890591,3.997297405099563,7.836238086838196,7.649439910858559,1.601778420375551,0.25,0.5,5.13440779985268,7.818253736436354,True
D3,24,94,AutoARIMA,h1,1,ARIMA,8.671362161636353,4.402890920639038,0.9311439166962249,0.776757531927466,2.1810313723218315,2.20507809483814,0.3155728173320298,0.0,1.0,1.384864152433087,2.1087571841347286,True
D3,24,94,AutoARIMA,h1_6,1,ARIMA,8.671362161636353,4.402890920639038,7.195283655583913,6.632107294829134,16.663179103700024,18.540876383767127,3.2533147875458153,0.0,0.16666666666666666,2.932378795774541,4.465185152875632,True
D3,24,94,AutoARIMA,h1_12,1,ARIMA,8.671362161636353,4.402890920639038,6.9578581270572375,6.255516636787294,15.864713006260342,17.47996420735899,3.0756592881321954,0.0,0.08333333333333333,3.4213918367936493,5.20981397554598,True
D3,24,95,AutoARIMA,h1,1,ARIMA,8.671362161636353,4.402890920639038,1.1519896285955322,0.8821422939324703,1.8745216387143475,1.892257022386713,0.3871595349657397,0.0,1.0,1.8103252322833223,2.7566143094185502,True
D3,24,95,AutoARIMA,h1_6,1,ARIMA,8.671362161636353,4.402890920639038,3.9345782482455784,3.25983926211894,6.589041809117973,6.856081463023179,1.358511722089417,0.0,0.6666666666666666,5.397348101359898,8.21863759273571,True
D3,24,95,AutoARIMA,h1_12,1,ARIMA,8.671362161636353,4.402890920639038,4.907514996692333,3.9402352201680526,8.272937395714008,8.66956415662063,1.636034469014276,0.25,0.8333333333333334,8.574456212869928,13.056476411184887,True
D3,24,96,AutoARIMA,h1,1,ARIMA,8.671362161636353,4.402890920639038,0.7835021872182089,0.6284583323253392,1.5609147249464128,1.5488267922146162,0.2604060004022151,0.0,1.0,1.31792784897791,2.00683208877969,True
D3,24,96,AutoARIMA,h1_6,1,ARIMA,8.671362161636353,4.402890920639038,6.357330491160776,5.9542635757802325,11.656787119919258,10.81919848096653,2.633738613201412,0.0,0.16666666666666666,4.644635862133341,7.072469328313224,True
D3,24,96,AutoARIMA,h1_12,1,ARIMA,8.671362161636353,4.402890920639038,8.197430580919294,7.123489465037913,14.905053403223647,13.72121461779637,3.2970803577890306,0.0,0.08333333333333333,6.799209454059675,10.353276714899948,True
D3,24,97,AutoARIMA,h1,1,ARIMA,8.671362161636353,4.402890920639038,0.5267212975061265,0.40149819863518427,0.8814293172780879,0.8775617739018894,0.2127042017937536,1.0,1.0,2.208343623056838,3.36268396577203,True
D3,24,97,AutoARIMA,h1_6,1,ARIMA,8.671362161636353,4.402890920639038,0.5929781299154914,0.5158652816079201,1.0010028764694028,1.0054046653100355,0.33994487945943447,1.0,1.0,3.9867308731723936,6.0706657438157805,True
D3,24,97,AutoARIMA,h1_12,1,ARIMA,8.671362161636353,4.402890920639038,2.1210547340946673,2.6274784640362614,3.7426292931085214,3.945475866010821,0.9038662953724479,0.75,0.8333333333333334,5.3826543975695476,8.196263229607734,True
D3,24,98,AutoARIMA,h1,1,ARIMA,8.671362161636353,4.402890920639038,1.1497727528679234,0.8378119613352328,1.5459097017841092,1.5579519670882862,0.40696731855316914,0.0,0.0,1.4206268502730677,2.163213677836017,True
D3,24,98,AutoARIMA,h1_6,1,ARIMA,8.671362161636353,4.402890920639038,4.034681248449569,3.6452696486231497,5.321751012066612,5.550607951347702,1.5604736602952238,0.16666666666666666,0.3333333333333333,4.278895064009131,6.515549334232534,True
D3,24,98,AutoARIMA,h1_12,1,ARIMA,8.671362161636353,4.402890920639038,10.939387730716952,9.712821880502892,14.530979067494968,16.319716002624006,4.7612115610676655,0.08333333333333333,0.16666666666666666,6.200750966201194,9.441993370998851,True
D3,24,99,AutoARIMA,h1,1,ARIMA,8.671362161636353,4.402890920639038,0.4346692545175626,0.3636665307262573,0.7488460306334668,0.7516604202438865,0.147735929258823,1.0,1.0,1.2297992571086784,1.8726371203379193,True
D3,24,99,AutoARIMA,h1_6,1,ARIMA,8.671362161636353,4.402890920639038,1.1275300201244727,1.228537203871906,1.8546749107567397,1.884007678553876,0.4245047178486379,0.8333333333333334,1.0,3.332216636805646,5.074025318376274,True
D3,24,99,AutoARIMA,h1_12,1,ARIMA,8.671362161636353,4.402890920639038,4.669158283432914,5.058393751514646,7.524619876094231,8.031138064676473,1.896669300983503,0.4166666666666667,0.5,4.781823885171299,7.281367961908635,True
D3,24,100,AutoARIMA,h1,1,ARIMA,8.671362161636353,4.402890920639038,0.29833485553325073,0.2478018032777749,0.7857369673458207,0.7888360555961063,0.12196236883214374,1.0,1.0,1.2770887837917786,1.9446457205692678,True
D3,24,100,AutoARIMA,h1_6,1,ARIMA,8.671362161636353,4.402890920639038,3.9420561713915627,3.9004512975545014,10.755846251138069,11.654893746431148,1.554265731615516,0.3333333333333333,0.3333333333333333,3.861414666998252,5.879844536122635,True
D3,24,100,AutoARIMA,h1_12,1,ARIMA,8.671362161636353,4.402890920639038,4.636015405243138,4.18424263130511,12.316165926330457,13.291275546337525,1.743004377319162,0.16666666666666666,0.16666666666666666,5.0323997458989425,7.662924265140114,True
D3,24,101,AutoARIMA,h1,1,ARIMA,8.671362161636353,4.402890920639038,0.44195332746655575,0.3759431549633525,0.6100717856121929,0.6119384174272154,0.18559942485209313,1.0,1.0,1.978934331439456,3.0133583723876827,True
D3,24,101,AutoARIMA,h1_6,1,ARIMA,8.671362161636353,4.402890920639038,3.3745172326347297,3.2104721651220043,4.78321611092065,4.931632568481263,1.3038230274590759,0.16666666666666666,0.3333333333333333,3.572577434398401,5.440026963965526,True
D3,24,101,AutoARIMA,h1_12,1,ARIMA,8.671362161636353,4.402890920639038,2.916677957968064,2.825417919558446,4.0979498942668595,4.188385959454777,1.1088616879033233,0.4166666666666667,0.5833333333333334,4.823488278911662,7.344811072533055,True
D3,24,102,AutoARIMA,h1,1,ARIMA,8.671362161636353,4.402890920639038,0.17343009017018868,0.1434652767910881,0.26511491896563133,0.2654668150314069,0.1218773555861017,1.0,1.0,1.531491809090684,2.3320297151092095,True
D3,24,102,AutoARIMA,h1_6,1,ARIMA,8.671362161636353,4.402890920639038,1.6326186901027941,1.4900194457150968,2.4364829119064253,2.4731101381945164,0.7237424557094727,1.0,1.0,7.507000552864463,11.43104276281802,True
D3,24,102,AutoARIMA,h1_12,1,ARIMA,8.671362161636353,4.402890920639038,3.450406242829416,3.4817204242053164,4.979067672413678,5.169546098352494,1.5993887212520588,1.0,1.0,17.869760266458876,27.210600602560756,True
D3,24,103,AutoARIMA,h1,1,ARIMA,8.671362161636353,4.402890920639038,0.7656232237611048,0.610620148846279,0.8428032321801879,0.8463698483994425,0.2514132178232914,1.0,1.0,1.7649002525049116,2.687444887797955,True
D3,24,103,AutoARIMA,h1_6,1,ARIMA,8.671362161636353,4.402890920639038,0.822474840957748,0.7636787817031199,0.8758292619252785,0.8720043224354391,0.3332358776189834,1.0,1.0,3.1861809236877203,4.851654150318659,True
D3,24,103,AutoARIMA,h1_12,1,ARIMA,8.671362161636353,4.402890920639038,0.9945001878666683,0.972412377206998,1.0368075772846697,1.029818597713914,0.44452674205001347,1.0,1.0,4.301797965783657,6.550423988594637,True
D3,24,104,AutoARIMA,h1,1,ARIMA,8.671362161636353,4.402890920639038,0.12549962229514644,0.10761442429694416,0.4170409785588102,0.4161731722238394,0.09830474805173446,1.0,1.0,1.2461877947946407,1.8975922370704883,True
D3,24,104,AutoARIMA,h1_6,1,ARIMA,8.671362161636353,4.402890920639038,0.512670350260812,0.5288058182303264,1.767351644308809,1.7449475410254365,0.3705232204247333,1.0,1.0,4.666988934717891,7.1065067480250015,True
D3,24,104,AutoARIMA,h1_12,1,ARIMA,8.671362161636353,4.402890920639038,2.177750354420706,2.407993762684772,7.336503721946768,6.920855133015367,0.8681149995253187,1.0,1.0,8.550481299802934,13.019969386232148,True
D3,24,105,AutoARIMA,h1,1,ARIMA,8.671362161636353,4.402890920639038,1.8998046353694782,1.4191142293218344,3.5213215728534677,3.5844312482579714,0.7571874393569118,0.0,0.0,1.6304041605210535,2.482645305318517,True
D3,24,105,AutoARIMA,h1_6,1,ARIMA,8.671362161636353,4.402890920639038,2.0685749494263255,1.6697268588457397,3.709497927710883,3.6926189558166502,0.7449457790072187,0.3333333333333333,0.5,3.487099606091867,5.309868360171105,True
D3,24,105,AutoARIMA,h1_12,1,ARIMA,8.671362161636353,4.402890920639038,4.316505762188332,3.783976970045642,7.428118914396202,7.107567173800843,1.7507691798444345,0.16666666666666666,0.25,3.9669960327012186,6.040615152537046,True
D3,24,106,AutoARIMA,h1,1,ARIMA,8.671362161636353,4.402890920639038,0.13604244116926656,0.11499855592152343,0.23262539230823873,0.2328962802510414,0.13567000646511032,1.0,1.0,1.7480266598953322,2.661751169338204,True
D3,24,106,AutoARIMA,h1_6,1,ARIMA,8.671362161636353,4.402890920639038,0.7132729121698779,0.8195317499341028,1.22843294459981,1.2419300367484045,0.44244426921918145,0.8333333333333334,1.0,4.675147339766793,7.118929695956559,True
D3,24,106,AutoARIMA,h1_12,1,ARIMA,8.671362161636353,4.402890920639038,4.597413524932031,5.559886101056664,7.263339874612957,6.788516614250151,1.8583048713225454,0.5,0.5833333333333334,7.074631453677981,10.77266667408363,True
D3,24,107,AutoARIMA,h1,1,ARIMA,8.671362161636353,4.402890920639038,0.9097970102832381,0.7834893747103768,1.6083713510874453,1.595540244989703,0.3439142958382799,0.0,0.0,0.9389473099865681,1.429751706677841,True
D3,24,107,AutoARIMA,h1_6,1,ARIMA,8.671362161636353,4.402890920639038,1.1708983148511474,1.044487200167523,1.991542963129184,1.9704776418566567,0.41779437675476355,0.5,0.6666666666666666,2.511464411771101,3.8242513619233236,True
D3,24,107,AutoARIMA,h1_12,1,ARIMA,8.671362161636353,4.402890920639038,1.6526689339675338,1.605908463993189,2.669874561960955,2.6442415958492314,0.5922189039604493,0.4166666666666667,0.8333333333333334,3.5992588048120715,5.480655159477363,True
D3,24,108,AutoARIMA,h1,1,ARIMA,8.671362161636353,4.402890920639038,1.6978641493702131,1.393703159813906,2.946900234683806,2.990970695912389,0.7118476799141096,0.0,0.0,1.1597597939321531,1.7659867886884615,True
D3,24,108,AutoARIMA,h1_6,1,ARIMA,8.671362161636353,4.402890920639038,5.677847839245133,5.4733582372229845,9.174635841285617,9.790875885456561,2.1669695407441227,0.0,0.0,5.684860580095425,8.65643793870952,True
D3,24,108,AutoARIMA,h1_12,1,ARIMA,8.671362161636353,4.402890920639038,12.777187189441404,12.232197437062457,19.523450067525328,22.47319331529347,4.78906478477899,0.0,0.0,13.53231493712689,20.605895741834424,True
D3,24,109,AutoARIMA,h1,1,ARIMA,8.671362161636353,4.402890920639038,2.095005024665277,1.674441154369983,5.278838565809941,5.143090834584597,0.8458031687632314,0.0,0.0,1.7064144283168223,2.5983874869619257,True
D3,24,109,AutoARIMA,h1_6,1,ARIMA,8.671362161636353,4.402890920639038,1.6242368416105517,1.3278093297301143,4.5092357953502225,4.407106784317314,0.8602507127283376,0.6666666666666666,0.8333333333333334,8.364428709805589,12.736663810667592,True
D3,24,109,AutoARIMA,h1_12,1,ARIMA,8.671362161636353,4.402890920639038,4.159688388868798,4.339975725556674,13.714502318572139,12.224511716691174,1.8900661362710454,0.8333333333333334,0.9166666666666666,19.91079323326785,30.318517667387958,True
D3,24,110,AutoARIMA,h1,1,ARIMA,8.671362161636353,4.402890920639038,1.1475759659435933,0.9506550575676164,1.6217972546146848,1.6087519074801475,0.37799165527789697,0.0,1.0,2.0320600909787907,3.0942539078049025,True
D3,24,110,AutoARIMA,h1_6,1,ARIMA,8.671362161636353,4.402890920639038,1.8104822651454486,1.5785888132390695,2.543270157810638,2.5080821726572693,0.6084672779624353,0.5,1.0,3.668485563688105,5.586067971887679,True
D3,24,110,AutoARIMA,h1_12,1,ARIMA,8.671362161636353,4.402890920639038,2.856385215295722,2.6034393881177125,3.972235585713039,3.8798727357123295,0.9821815574364049,0.4166666666666667,0.8333333333333334,4.952977910970297,7.54198722977192,True
D3,24,111,AutoARIMA,h1,1,ARIMA,8.671362161636353,4.402890920639038,0.24185112093870886,0.20103348749279126,0.4478634530811043,0.4468627855301994,0.13016359465487387,1.0,1.0,1.5884977563820255,2.418833681171735,True
D3,24,111,AutoARIMA,h1_6,1,ARIMA,8.671362161636353,4.402890920639038,2.531409336442421,2.64881730178019,4.880323395476154,5.07893370088222,0.9026131120346076,0.5,0.8333333333333334,4.535524348856182,6.906323293634826,True
D3,24,111,AutoARIMA,h1_12,1,ARIMA,8.671362161636353,4.402890920639038,2.9145047421970833,2.841189284788534,5.472293326294118,5.552694081543167,1.0416035906282384,0.5833333333333334,0.9166666666666666,6.5416601851293095,9.961101879432249,True
D3,24,112,AutoARIMA,h1,1,ARIMA,8.671362161636353,4.402890920639038,0.6338515335409185,0.5258378335353399,1.5075389273890427,1.4962605720992577,0.20709713859344903,1.0,1.0,1.4135232810845857,2.1523969471603754,True
D3,24,112,AutoARIMA,h1_6,1,ARIMA,8.671362161636353,4.402890920639038,0.8677658023212359,0.7634935242783603,1.9688648943651954,1.9757544190924563,0.34175848072800985,1.0,1.0,3.320187451410063,5.0557082646221865,True
D3,24,112,AutoARIMA,h1_12,1,ARIMA,8.671362161636353,4.402890920639038,1.7120339449637205,1.774678186008613,3.721496581870761,3.6332427915553347,0.6342958506421192,0.6666666666666666,0.8333333333333334,3.87450332308337,5.8997748646690615,True
D3,24,113,AutoARIMA,h1,1,ARIMA,8.671362161636353,4.402890920639038,2.903898849987571,2.399910080388426,7.280656224576941,7.555708816714455,1.237671728848801,0.0,0.0,1.8128296597180908,2.7604278454508844,True
D3,24,113,AutoARIMA,h1_6,1,ARIMA,8.671362161636353,4.402890920639038,7.351193164830437,6.34181538920607,19.935615754239493,22.40712742678057,3.0923264995271453,0.0,0.0,4.9345747360018715,7.513964389150777,True
D3,24,113,AutoARIMA,h1_12,1,ARIMA,8.671362161636353,4.402890920639038,7.275873437855451,6.20540261789934,19.692067488923215,22.036529588966268,2.820910914172811,0.08333333333333333,0.25,7.521121461240923,11.452544920219555,True
D3,24,114,AutoARIMA,h1,1,ARIMA,8.671362161636353,4.402890920639038,0.27768595488070225,0.22497938027150136,1.1126868566410315,1.1189118491826588,0.14012162396013678,1.0,1.0,1.6589561958028352,2.5261219953724585,True
D3,24,114,AutoARIMA,h1_6,1,ARIMA,8.671362161636353,4.402890920639038,2.035682477847938,2.0454566069164306,7.147985331216647,6.786109939150665,0.8214691060205044,1.0,1.0,8.13179999079728,12.38243593814814,True
D3,24,114,AutoARIMA,h1_12,1,ARIMA,8.671362161636353,4.402890920639038,1.4796527988920094,1.5539518976971252,5.138824716644489,4.945941620691595,1.5570716335989883,1.0,1.0,19.357040851008378,29.47530910265633,True
D3,24,115,AutoARIMA,h1,1,ARIMA,8.671362161636353,4.402890920639038,0.7256230308222397,0.5844126499468048,1.3598792860924322,1.3691889445143914,0.23786629237856527,1.0,1.0,1.653933199457919,2.5184733898326264,True
D3,24,115,AutoARIMA,h1_6,1,ARIMA,8.671362161636353,4.402890920639038,0.8732195851480997,0.7417631216566855,1.659265537006172,1.6592579771567413,0.6646556764693804,1.0,1.0,8.107178483770946,12.344944333116128,True
D3,24,115,AutoARIMA,h1_12,1,ARIMA,8.671362161636353,4.402890920639038,3.028985036898694,3.2721109016138117,5.710845325924407,5.444415766500207,1.6413832838601248,1.0,1.0,19.29843150032814,29.38606360584188,True
D3,24,116,AutoARIMA,h1,1,ARIMA,8.671362161636353,4.402890920639038,1.6907416735333998,1.420146545312557,2.5821258455071416,2.5492138901497348,0.6084879320299368,0.0,0.0,2.0040739811595603,3.051638962480774,True
D3,24,116,AutoARIMA,h1_6,1,ARIMA,8.671362161636353,4.402890920639038,3.2397696342370708,2.8067079871552325,4.882506634367374,4.7593012602248885,1.192239237064481,0.0,0.0,3.617962136594874,5.509135054198405,True
D3,24,116,AutoARIMA,h1_12,1,ARIMA,8.671362161636353,4.402890920639038,3.357651458647984,2.9994614479700754,5.046977665119809,4.907808884600309,1.2292854020743815,0.16666666666666666,0.25,4.884764089753095,7.438116835483548,True
D3,24,117,AutoARIMA,h1,1,ARIMA,8.671362161636353,4.402890920639038,0.5613087343634241,0.49656315726468825,1.3522999273229803,1.343217760920621,0.18312762744798453,1.0,1.0,1.2395515084600937,1.887487046276588,True
D3,24,117,AutoARIMA,h1_6,1,ARIMA,8.671362161636353,4.402890920639038,8.06126878909343,8.344128585596536,18.073032044207935,16.12834662930495,3.559213159796874,0.16666666666666666,0.16666666666666666,4.057388572851434,6.1782574751425186,True
D3,24,117,AutoARIMA,h1_12,1,ARIMA,8.671362161636353,4.402890920639038,11.511366935647082,11.066519439637412,25.518008351003168,22.21291208582745,5.170799640547423,0.08333333333333333,0.08333333333333333,4.982765394505801,7.587345158773419,True
D3,24,118,AutoARIMA,h1,1,ARIMA,8.671362161636353,4.402890920639038,0.0495175069148067,0.03913447549491267,0.0692106767881457,0.06923463566810455,0.1252511848185137,1.0,1.0,1.6714552987434677,2.54515460089913,True
D3,24,118,AutoARIMA,h1_6,1,ARIMA,8.671362161636353,4.402890920639038,1.1176788103522837,1.1315746933859168,1.5157411643629632,1.49830007513376,0.5060486364699299,0.6666666666666666,1.0,4.371334118653921,6.656307920722293,True
D3,24,118,AutoARIMA,h1_12,1,ARIMA,8.671362161636353,4.402890920639038,0.9092050507823838,0.8978963722602203,1.2175746451205613,1.2111532144740365,0.5703510924103438,0.8333333333333334,1.0,6.249848141882453,9.516754510390525,True
D3,24,119,AutoARIMA,h1,1,ARIMA,8.671362161636353,4.402890920639038,1.4013327172769612,1.0992739743842188,4.192804072000992,4.282584255527302,0.5613675432821136,0.0,0.0,1.1784942090788215,1.7945140145984233,True
D3,24,119,AutoARIMA,h1_6,1,ARIMA,8.671362161636353,4.402890920639038,4.494446829607748,3.828868577193144,12.126147834472183,13.039755794111421,1.646715752650886,0.0,0.16666666666666666,5.142829457433215,7.83107754366255,True
D3,24,119,AutoARIMA,h1_12,1,ARIMA,8.671362161636353,4.402890920639038,8.343749312592834,7.484932099676499,21.19048302529963,24.58861069172916,2.9266426486020696,0.0,0.5,10.7829619765646,16.41940727137922,True
D3,24,120,AutoARIMA,h1,1,ARIMA,8.671362161636353,4.402890920639038,0.9824077071664087,0.8496166362772168,1.975936032463906,1.9566053969382873,0.3166375720812814,0.0,1.0,1.946418191179273,2.9638454694408214,True
D3,24,120,AutoARIMA,h1_6,1,ARIMA,8.671362161636353,4.402890920639038,6.159269979973809,5.915731625637201,11.620217573882393,10.854505472379126,2.6735427488770283,0.0,0.16666666666666666,3.513875926671877,5.3506411379837,True
D3,24,120,AutoARIMA,h1_12,1,ARIMA,8.671362161636353,4.402890920639038,7.245876215885325,6.608986348138916,13.608335091681942,12.657949943546843,3.0667917002589395,0.0,0.08333333333333333,4.744232884263788,7.224127478729644,True
D3,24,121,AutoARIMA,h1,1,ARIMA,8.671362161636353,4.402890920639038,0.6674651635053973,0.5816097974911753,1.436169505374465,1.4259301186087603,0.21888420912071616,0.0,1.0,1.2106910940651312,1.8435407818826783,True
D3,24,121,AutoARIMA,h1_6,1,ARIMA,8.671362161636353,4.402890920639038,0.8697201762515813,0.7805722282372551,1.915969571837597,1.896706313191541,0.3352946719247855,0.8333333333333334,1.0,3.1117543628552573,4.738323507330935,True
D3,24,121,AutoARIMA,h1_12,1,ARIMA,8.671362161636353,4.402890920639038,3.6871631996913954,4.417433832269013,7.7817136625662915,7.267523731959191,1.5515046345783348,0.5,0.5833333333333334,3.7103626458710135,5.64983494697232,True
D3,24,122,AutoARIMA,h1,1,ARIMA,8.671362161636353,4.402890920639038,1.4773177924738266,1.1161198170216085,2.0131789796294317,2.0336494815705928,0.5732297599914606,0.0,0.0,1.3995616443644532,2.131137315532155,True
D3,24,122,AutoARIMA,h1_6,1,ARIMA,8.671362161636353,4.402890920639038,9.38955634130502,7.816634731999357,12.756100877861568,13.830220243434574,4.0469178799671415,0.0,0.0,5.481020056858153,8.346046362005646,True
D3,24,122,AutoARIMA,h1_12,1,ARIMA,8.671362161636353,4.402890920639038,11.364965601286766,9.032050993350614,15.058733425801668,16.425183157796578,4.452233086594324,0.0,0.0,10.40814424744798,15.848665673636896,True
D3,24,123,AutoARIMA,h1,1,ARIMA,8.671362161636353,4.402890920639038,0.7056727099024902,0.544055459689502,1.424059117190916,1.4342715546102678,0.2278915792434927,0.0,1.0,1.3848043701691495,2.1086661526221184,True
D3,24,123,AutoARIMA,h1_6,1,ARIMA,8.671362161636353,4.402890920639038,2.305771000709783,1.9300274840791107,4.717850891437827,4.854017605231289,0.765447261641671,0.3333333333333333,1.0,4.35981775292732,6.638771746565125,True
D3,24,123,AutoARIMA,h1_12,1,ARIMA,8.671362161636353,4.402890920639038,2.649676917319742,2.299928268135607,5.306072118382477,5.336527696287503,0.9270945581286583,0.4166666666666667,1.0,5.730647287325891,8.726158169131025,True
D3,24,124,AutoARIMA,h1,1,ARIMA,8.671362161636353,4.402890920639038,4.658073787488315,3.480030577230185,5.810320216722768,5.646286552204353,2.092610820453223,0.0,0.0,2.0002091011025547,3.0457538411338967,True
D3,24,124,AutoARIMA,h1_6,1,ARIMA,8.671362161636353,4.402890920639038,15.095198724925991,12.423262555106689,17.806475918467125,16.10781993938925,7.120778501900014,0.0,0.0,3.6109848543986214,5.4985106229635985,True
D3,24,124,AutoARIMA,h1_12,1,ARIMA,8.671362161636353,4.402890920639038,21.190029121114428,16.94302567893149,24.77792488674502,21.74148513509837,10.018745618616922,0.0,0.0,4.875343765208629,7.423772340375405,True
D3,24,125,AutoARIMA,h1,1,ARIMA,8.671362161636353,4.402890920639038,0.8732776997732223,0.7668733870109813,2.31054194644796,2.3375469478216266,0.2916796820207873,0.0,1.0,1.4262150281072234,2.1717228952442946,True
D3,24,125,AutoARIMA,h1_6,1,ARIMA,8.671362161636353,4.402890920639038,1.6442165947070488,1.6753170477737211,4.377672203501047,4.288515590710172,0.5883457240144215,0.3333333333333333,1.0,3.1509253914259046,4.797969926630017,True
D3,24,125,AutoARIMA,h1_12,1,ARIMA,8.671362161636353,4.402890920639038,2.2289237126397574,2.139027540106932,5.946985373316249,5.7613339398272565,0.7815786005315097,0.25,0.75,3.5981799933583125,5.479012434160626,True
D3,24,126,AutoARIMA,h1,1,ARIMA,8.671362161636353,4.402890920639038,1.1887568633437582,1.029902787991823,1.8195308648680828,1.8362363080565844,0.4471671876285336,0.0,0.0,1.2454348457489788,1.896445708216694,True
D3,24,126,AutoARIMA,h1_6,1,ARIMA,8.671362161636353,4.402890920639038,1.5071809488180774,1.389577834940831,2.2431581899872706,2.2721649947699976,0.5367150237710039,0.3333333333333333,0.6666666666666666,2.967323865822859,4.518396630250517,True
D3,24,126,AutoARIMA,h1_12,1,ARIMA,8.671362161636353,4.402890920639038,2.3566593826005526,2.813893669770238,3.188947610870884,3.1307497299333518,0.9317424113963271,0.4166666666666667,0.6666666666666666,4.196470153960718,6.390039463166209,True
D3,24,127,AutoARIMA,h1,1,ARIMA,8.671362161636353,4.402890920639038,0.8908734873394687,0.8067742862673482,1.8919270948360318,1.909994950828393,0.3113821869345741,0.0,0.0,1.1341267936044481,1.726954964883189,True
D3,24,127,AutoARIMA,h1_6,1,ARIMA,8.671362161636353,4.402890920639038,3.650801921083331,3.595821897588282,7.480889488739296,7.824875790406209,1.4269015386791981,0.0,0.0,3.3713801498219964,5.133660293607664,True
D3,24,127,AutoARIMA,h1_12,1,ARIMA,8.671362161636353,4.402890920639038,6.836271809228609,6.9698162541737485,13.564066727875543,14.830750961606896,2.78598548720826,0.0,0.0,5.348111570610935,8.143664254913132,True
D3,24,128,AutoARIMA,h1,1,ARIMA,8.671362161636353,4.402890920639038,0.9930438469576777,0.851413082116376,1.9919516312775893,1.972307921370808,0.3276838472851974,0.0,1.0,1.7407955979025715,2.6507403031103625,True
D3,24,128,AutoARIMA,h1_6,1,ARIMA,8.671362161636353,4.402890920639038,7.649080253638229,7.4132929356441775,14.110301125328114,12.964464881334017,3.313857400861546,0.0,0.16666666666666666,4.37253764082069,6.658140545251551,True
D3,24,128,AutoARIMA,h1_12,1,ARIMA,8.671362161636353,4.402890920639038,10.84040886193078,9.993950515036026,19.500135770615234,17.549456955040444,4.687661618350272,0.0,0.08333333333333333,6.2234829454674045,9.476607758628862,True
D3,24,129,AutoARIMA,h1,1,ARIMA,8.671362161636353,4.402890920639038,0.20244827493551243,0.1674264666566505,0.31730107515348116,0.31679847267354966,0.11032000041685708,1.0,1.0,1.3518007623938961,2.058410974252351,True
D3,24,129,AutoARIMA,h1_6,1,ARIMA,8.671362161636353,4.402890920639038,1.4676906102731344,1.6020394826626885,2.17413476022764,2.134679723171596,0.5324725351744063,0.6666666666666666,1.0,3.508015750533259,5.341717743937515,True
D3,24,129,AutoARIMA,h1_12,1,ARIMA,8.671362161636353,4.402890920639038,2.2422076794175476,2.1610974830617384,3.20585142209256,3.1388487665046845,0.769057749072355,0.5833333333333334,1.0,4.958154203433169,7.549869262026912,True
D3,24,130,AutoARIMA,h1,1,ARIMA,8.671362161636353,4.402890920639038,0.05727659850604898,0.049115642326427615,0.12904376593495331,0.12896055815454663,0.08816347154105292,1.0,1.0,1.1595300347715436,1.7656369303433477,True
D3,24,130,AutoARIMA,h1_6,1,ARIMA,8.671362161636353,4.402890920639038,2.8981568028357714,3.4794254305679666,6.412001789535432,6.037265654190968,1.3177159974153396,0.3333333333333333,0.5,1.7412915371445987,2.651495478582041,True
D3,24,130,AutoARIMA,h1_12,1,ARIMA,8.671362161636353,4.402890920639038,8.683336925100253,9.298073505308038,19.042383785630122,16.62117962356128,4.137566057661228,0.16666666666666666,0.25,2.0417152109035954,3.108955929999167,True
D3,24,131,AutoARIMA,h1,1,ARIMA,8.671362161636353,4.402890920639038,0.11893778541220354,0.08598697775729888,0.20014821859982124,0.19994812229737025,0.14015420995186315,1.0,1.0,1.8221772297234433,2.774661555933162,True
D3,24,131,AutoARIMA,h1_6,1,ARIMA,8.671362161636353,4.402890920639038,0.6997397088627095,0.6250645109967079,1.1818562846656835,1.185239665593922,0.41376684646629847,1.0,1.0,4.850001681654767,7.385183500696602,True
D3,24,131,AutoARIMA,h1_12,1,ARIMA,8.671362161636353,4.402890920639038,1.6019855938519734,1.421621462920109,2.750956243322715,2.806266784829437,0.6794930871163265,1.0,1.0,6.947141398577361,10.578535308110416,True
D3,24,132,AutoARIMA,h1,1,ARIMA,8.671362161636353,4.402890920639038,1.1087427933909506,0.970294211395985,2.120219970103961,2.142937464134672,0.4056784381952693,0.0,0.0,1.2579704290735787,1.9155338630704737,True
D3,24,132,AutoARIMA,h1_6,1,ARIMA,8.671362161636353,4.402890920639038,0.40424961297009837,0.47450615278765246,0.7725639723235167,0.7779711368766723,0.39711554621663264,0.8333333333333334,0.8333333333333334,4.5392050908727715,6.911928024724721,True
D3,24,132,AutoARIMA,h1_12,1,ARIMA,8.671362161636353,4.402890920639038,1.7019225468862345,2.0083832285681655,3.1633297408992074,3.081403113609072,0.7915356885549051,0.9166666666666666,0.9166666666666666,8.08953922382338,12.318084719433516,True
D3,24,133,AutoARIMA,h1,1,ARIMA,8.671362161636353,4.402890920639038,1.784575307689097,1.4777728393047829,3.116287054676271,3.1656118305140764,0.7648549827987693,0.0,0.0,1.0781043937143087,1.6416486638765213,True
D3,24,133,AutoARIMA,h1_6,1,ARIMA,8.671362161636353,4.402890920639038,7.338997053243157,6.830302715799237,12.942865447225586,14.112778887811963,3.323028044598602,0.0,0.0,2.9312055212834376,4.463398587018088,True
D3,24,133,AutoARIMA,h1_12,1,ARIMA,8.671362161636353,4.402890920639038,11.630928888660941,10.52145888098623,20.13723320002978,22.89419209762874,5.318097945820592,0.0,0.0,4.207814235779211,6.407313297563708,True
D3,24,134,AutoARIMA,h1,1,ARIMA,8.671362161636353,4.402890920639038,0.7901010864939456,0.6764200547442142,3.3300097382851703,3.3863933524924916,0.2609119207025407,0.0,1.0,1.3792372669149686,2.100189025850199,True
D3,24,134,AutoARIMA,h1_6,1,ARIMA,8.671362161636353,4.402890920639038,2.208227951617427,2.117973232703112,9.072994131421051,9.621659872213687,0.770134081857443,0.8333333333333334,1.0,6.760685799168264,10.29461606297343,True
D3,24,134,AutoARIMA,h1_12,1,ARIMA,8.671362161636353,4.402890920639038,4.347295186036151,4.211709690396306,17.522540644767105,19.741060448463177,1.6529941954456353,0.9166666666666666,1.0,16.093223067885795,24.505435930782895,True
D3,24,135,AutoARIMA,h1,1,ARIMA,8.671362161636353,4.402890920639038,1.5724864345498382,1.3171454697145235,6.443639101528505,6.6581527691652225,0.6067898336562622,0.0,0.0,1.5182094180280548,2.31180438287961,True
D3,24,135,AutoARIMA,h1_6,1,ARIMA,8.671362161636353,4.402890920639038,4.317119784578432,3.945030762159284,17.749926403078128,19.87740680911412,1.5271552530277932,0.0,0.0,5.3418021470710055,8.13405678388848,True
D3,24,135,AutoARIMA,h1_12,1,ARIMA,8.671362161636353,4.402890920639038,8.481264978740993,8.165821555233373,36.133332530390724,48.52666405031829,3.0318798186007943,0.0,0.0,10.226275213226652,15.571730472583376,True
D3,24,136,AutoARIMA,h1,1,ARIMA,8.671362161636353,4.402890920639038,1.3294718311487264,1.1013335049180697,1.7388290420171,1.7238417118550298,0.48187077212940693,0.0,0.0,1.5470735486222458,2.3557563059959334,True
D3,24,136,AutoARIMA,h1_6,1,ARIMA,8.671362161636353,4.402890920639038,4.162806455126653,4.303405374664577,5.223212666817029,5.02221280555897,1.5683962227905812,0.3333333333333333,0.3333333333333333,5.34829924778756,8.143950034275539,True
D3,24,136,AutoARIMA,h1_12,1,ARIMA,8.671362161636353,4.402890920639038,8.980978734513629,8.833015719216547,10.849762476644182,10.097696984422289,3.5740852647581596,0.16666666666666666,0.16666666666666666,8.257032965797366,12.573130408257729,True
D3,24,137,AutoARIMA,h1,1,ARIMA,8.671362161636353,4.402890920639038,0.005860435452339895,0.005029030407963469,0.01429300315974295,0.014291981783039033,0.09618728077669728,1.0,1.0,1.307985882135374,1.9916932797009785,True
D3,24,137,AutoARIMA,h1_6,1,ARIMA,8.671362161636353,4.402890920639038,2.375074054626082,2.556302638617561,5.454671453721671,5.232054734743479,0.9504579544898326,0.5,0.5,2.780366541472213,4.233713399654673,True
D3,24,137,AutoARIMA,h1_12,1,ARIMA,8.671362161636353,4.402890920639038,4.774194223250145,4.749526948487602,10.900014974742811,10.163027055109906,2.0556019014171207,0.25,0.25,3.1918283724365604,4.860253620598993,True
D3,24,138,AutoARIMA,h1,1,ARIMA,8.671362161636353,4.402890920639038,2.7470157782878197,2.1615253157149557,5.965486149558373,6.148891793710953,1.154038494227001,0.0,0.0,1.8567524089700629,2.827309794029972,True
D3,24,138,AutoARIMA,h1_6,1,ARIMA,8.671362161636353,4.402890920639038,14.99106285213196,13.34303238342246,34.63863543072215,44.996982054127486,7.046633403964701,0.0,0.0,3.7977617983318677,5.782919185101603,True
D3,24,138,AutoARIMA,h1_12,1,ARIMA,8.671362161636353,4.402890920639038,19.8488451436168,16.67576888432677,46.63984122991196,64.01265568727183,9.423615275953008,0.0,0.0,4.236924029253963,6.451639295901315,True
D3,24,139,AutoARIMA,h1,1,ARIMA,8.671362161636353,4.402890920639038,0.19004566757705443,0.15883018061298998,0.45373216825557955,0.4547638732468426,0.13019110865874597,1.0,1.0,1.6323338132477754,2.4855836217181655,True
D3,24,139,AutoARIMA,h1_6,1,ARIMA,8.671362161636353,4.402890920639038,2.075325265441366,2.5425921612927147,4.621731825736527,4.420215579993892,0.7833748328092754,0.6666666666666666,0.8333333333333334,5.002835038771774,7.617905561723087,True
D3,24,139,AutoARIMA,h1_12,1,ARIMA,8.671362161636353,4.402890920639038,5.732365009132677,6.035151496883349,12.096718057769838,11.074966753386677,2.163977596055666,0.4166666666666667,0.5833333333333334,8.060561350597121,12.273959598395864,True
D3,24,140,AutoARIMA,h1,1,ARIMA,8.671362161636353,4.402890920639038,0.6945640085010681,0.5273798241803407,0.928435022210586,0.9327650810543157,0.2327424495213118,1.0,1.0,1.8135511741410797,2.761526508247708,True
D3,24,140,AutoARIMA,h1_6,1,ARIMA,8.671362161636353,4.402890920639038,1.7984017636537954,1.4490544572950432,2.3669353582115926,2.398942334211544,0.6088143365871725,0.6666666666666666,1.0,4.296711402298113,6.542678588243376,True
D3,24,140,AutoARIMA,h1_12,1,ARIMA,8.671362161636353,4.402890920639038,1.9775336538366293,1.6469759805640458,2.537012420167229,2.5761738796659923,0.7254151516881138,0.8333333333333334,1.0,6.0721716100326395,9.246203306987526,True
D3,24,141,AutoARIMA,h1,1,ARIMA,8.671362161636353,4.402890920639038,1.339288544096803,0.9835193517177808,2.899449899024866,2.9421022899626306,0.4871696394943924,0.0,0.0,1.5437697529482721,2.350725557781279,True
D3,24,141,AutoARIMA,h1_6,1,ARIMA,8.671362161636353,4.402890920639038,2.2160280831554444,1.7240491580918587,4.857532567617192,4.994588363545594,0.7733744684352207,0.16666666666666666,0.6666666666666666,3.756925821413371,5.720737519451041,True
D3,24,141,AutoARIMA,h1_12,1,ARIMA,8.671362161636353,4.402890920639038,2.4806386634264106,2.2076518696424685,5.213801729013792,5.1608158179151475,0.9461549573869621,0.3333333333333333,0.6666666666666666,4.391889867410733,6.68760852359373,True
D3,24,142,AutoARIMA,h1,1,ARIMA,8.671362161636353,4.402890920639038,0.231258809854192,0.16598504635591482,0.6045705083640136,0.6027484885632818,0.13947216284914696,1.0,1.0,1.7277285163103746,2.630842826426603,True
D3,24,142,AutoARIMA,h1_6,1,ARIMA,8.671362161636353,4.402890920639038,1.177732592563725,0.9753972714671729,3.166023612478614,3.1010125397137367,0.46955995532188205,1.0,1.0,4.526809529881805,6.893053084359522,True
D3,24,142,AutoARIMA,h1_12,1,ARIMA,8.671362161636353,4.402890920639038,1.6436726553878405,1.3970585448559643,4.86758589814294,4.981022549658834,0.6764981949060358,1.0,1.0,6.473413712620686,9.857181766443865,True
D3,24,143,AutoARIMA,h1,1,ARIMA,8.671362161636353,4.402890920639038,1.0381393925289983,0.8869299660624695,2.551794185035084,2.5196460937827774,0.35003084689656144,0.0,1.0,1.5976678716049615,2.432797178112391,True
D3,24,143,AutoARIMA,h1_6,1,ARIMA,8.671362161636353,4.402890920639038,1.7118382939685888,1.537038246825296,4.157601634554871,4.064818099921691,0.6097262461845688,0.8333333333333334,1.0,4.835278500674866,7.362764252129781,True
D3,24,143,AutoARIMA,h1_12,1,ARIMA,8.671362161636353,4.402890920639038,3.870630445649293,4.420029684967803,10.440644342121617,11.528056355260476,1.4099503025851716,0.5833333333333334,0.8333333333333334,7.739862401282629,11.78562562562082,True
D3,24,144,AutoARIMA,h1,1,ARIMA,8.671362161636353,4.402890920639038,0.2791004831555772,0.21802334192709566,0.767505768648237,0.7704624404862369,0.1324428101023131,1.0,1.0,1.5190389514308666,2.3130675280910657,True
D3,24,144,AutoARIMA,h1_6,1,ARIMA,8.671362161636353,4.402890920639038,2.6910761137759387,2.385123558708449,8.118268582266532,8.57431720565033,0.9752046036829877,0.3333333333333333,0.5,3.712781466258444,5.653518127636755,True
D3,24,144,AutoARIMA,h1_12,1,ARIMA,8.671362161636353,4.402890920639038,3.596327892770046,3.409495710846045,10.088929142386117,9.86012922008112,1.4183114465049966,0.3333333333333333,0.4166666666666667,4.356256965433919,6.633349672353223,True
D3,24,145,AutoARIMA,h1,1,ARIMA,8.671362161636353,4.402890920639038,0.45913559060167414,0.404005659404885,1.0574473221837422,1.0518857533182937,0.14816756379484225,0.0,1.0,0.9041791396989084,1.376809597703101,True
D3,24,145,AutoARIMA,h1_6,1,ARIMA,8.671362161636353,4.402890920639038,5.512059878060471,5.946956527427191,12.807936208107407,11.692784786091654,2.603964084579064,0.0,0.16666666666666666,1.3224254060965543,2.0136805986991138,True
D3,24,145,AutoARIMA,h1_12,1,ARIMA,8.671362161636353,4.402890920639038,8.070390817624926,7.8919298968154115,17.755402124379525,16.02807088721172,3.843882188367551,0.0,0.08333333333333333,1.6365056919536192,2.491936215347534,True
D3,24,146,AutoARIMA,h1,1,ARIMA,8.671362161636353,4.402890920639038,0.47922658889610564,0.3998644051545871,1.0295352805692513,1.0242627075990285,0.16152797841864788,1.0,1.0,1.294263590788243,1.970798103513325,True
D3,24,146,AutoARIMA,h1_6,1,ARIMA,8.671362161636353,4.402890920639038,3.4540503522527017,3.6371275400157104,7.324111074015663,6.927119961206397,1.2340786815458646,0.3333333333333333,0.6666666666666666,4.844484636691141,7.3767825985707205,True
D3,24,146,AutoARIMA,h1_12,1,ARIMA,8.671362161636353,4.402890920639038,5.145099915880739,4.846254416669583,10.927917671547942,10.224380361156243,1.7901645557062724,0.4166666666666667,0.75,8.872084596901898,13.509680425403278,True
D3,24,147,AutoARIMA,h1,1,ARIMA,8.671362161636353,4.402890920639038,0.9021792421196826,0.7602894269152733,1.9204520129631308,1.9021867213726715,0.29407067855000535,0.0,1.0,1.6895218687044782,2.572664887110971,True
D3,24,147,AutoARIMA,h1_6,1,ARIMA,8.671362161636353,4.402890920639038,4.756512730089374,4.428937977433139,9.658687132397366,9.126132199073982,1.8929443091284877,0.0,0.16666666666666666,4.166016722657413,6.34366748369835,True
D3,24,147,AutoARIMA,h1_12,1,ARIMA,8.671362161636353,4.402890920639038,3.2106607872413746,3.323234917572512,6.614771758230918,6.309900314953083,1.2730512486841568,0.4166666666666667,0.5833333333333334,5.023608387948117,7.649537508609131,True
D3,24,148,AutoARIMA,h1,1,ARIMA,8.671362161636353,4.402890920639038,0.1078040713518232,0.08300123298198907,0.16588197482278572,0.16601967317901753,0.13467434923474347,1.0,1.0,1.755846888931905,2.6736591706634463,True
D3,24,148,AutoARIMA,h1_6,1,ARIMA,8.671362161636353,4.402890920639038,2.203826410137712,2.1159156755106863,3.571462476148557,3.675149572009694,0.7796940252257643,0.5,1.0,4.5154760900939,6.8757954547705795,True
D3,24,148,AutoARIMA,h1_12,1,ARIMA,8.671362161636353,4.402890920639038,3.2545794777319585,2.883221839591563,5.387534059091181,5.589707999677146,1.1568195810284236,0.3333333333333333,0.75,5.397616935177308,8.219046950753105,True
D3,24,149,AutoARIMA,h1,1,ARIMA,8.671362161636353,4.402890920639038,0.935277152173718,0.7764791475020913,2.0412567919360183,2.0206336313163242,0.3150055731549462,0.0,1.0,1.4495746824911357,2.207293054898177,True
D3,24,149,AutoARIMA,h1_6,1,ARIMA,8.671362161636353,4.402890920639038,1.3087648693031497,1.2100026542852134,2.92879355993156,2.9456171462832126,0.5368723936734937,0.6666666666666666,1.0,4.912099203996926,7.479740498309643,True
D3,24,149,AutoARIMA,h1_12,1,ARIMA,8.671362161636353,4.402890920639038,2.915256967259054,3.1181315577240434,6.2305029610373905,5.971296089397834,1.0676654528432685,0.6666666666666666,1.0,8.389117433073277,12.774257767061357,True
D3,24,150,AutoARIMA,h1,1,ARIMA,8.671362161636353,4.402890920639038,0.22861857325495455,0.17009468557824603,0.3780997024888759,0.3773862543364359,0.15166814379099078,1.0,1.0,1.8961380671471002,2.887283033633864,True
D3,24,150,AutoARIMA,h1_6,1,ARIMA,8.671362161636353,4.402890920639038,6.369103742405487,5.938339031464407,11.516452636946845,12.699409861602886,2.658438971674742,0.3333333333333333,0.3333333333333333,5.2032156794233035,7.9230287139059525,True
D3,24,150,AutoARIMA,h1_12,1,ARIMA,8.671362161636353,4.402890920639038,11.819608228917883,10.021135295367271,22.464755409174465,26.425627540104006,5.070563622398553,0.16666666666666666,0.16666666666666666,7.476233337945535,11.384192979478534,True
D3,24,151,AutoARIMA,h1,1,ARIMA,8.671362161636353,4.402890920639038,0.511874019210677,0.38753023914794194,0.809441749677797,0.812731041860502,0.17288436905366744,1.0,1.0,1.3984835511397673,2.1294956838755343,True
D3,24,151,AutoARIMA,h1_6,1,ARIMA,8.671362161636353,4.402890920639038,6.919666342979651,6.4522716094103165,10.020873975965534,10.839240454011536,2.663272575213199,0.16666666666666666,0.16666666666666666,6.855026405796677,10.438270176363373,True
D3,24,151,AutoARIMA,h1_12,1,ARIMA,8.671362161636353,4.402890920639038,16.596157411050793,15.09820497978169,22.3929087461533,26.65345707629008,6.37615862737926,0.08333333333333333,0.08333333333333333,16.317792656228065,24.847392022232686,True
D3,24,152,AutoARIMA,h1,1,ARIMA,8.671362161636353,4.402890920639038,2.227219816034011,1.8634305972412937,4.250914980904458,4.343228455438018,0.949313020387912,0.0,0.0,1.3899826078579125,2.1165511469070366,True
D3,24,152,AutoARIMA,h1_6,1,ARIMA,8.671362161636353,4.402890920639038,2.5278117027704923,2.37515291837959,4.753803760893283,4.830470325070496,1.1004329997928362,0.16666666666666666,0.16666666666666666,1.90339685976195,2.8983361257713214,True
D3,24,152,AutoARIMA,h1_12,1,ARIMA,8.671362161636353,4.402890920639038,4.1596608600342355,3.9005568551339467,7.732094483567324,7.485663757558439,1.8314564867845753,0.08333333333333333,0.08333333333333333,2.3614832066688765,3.595872323308714,True
D3,24,153,AutoARIMA,h1,1,ARIMA,8.671362161636353,4.402890920639038,0.101030090398337,0.08330650827080735,0.17217430258210054,0.17232265024272372,0.13101351257228072,1.0,1.0,1.7110314378995457,2.605417889265056,True
D3,24,153,AutoARIMA,h1_6,1,ARIMA,8.671362161636353,4.402890920639038,5.248345257696592,5.572388328807459,9.574690414018132,10.43631403875358,2.1174443788668795,0.3333333333333333,0.5,4.958913755407765,7.551025845277572,True
D3,24,153,AutoARIMA,h1_12,1,ARIMA,8.671362161636353,4.402890920639038,10.136333549884844,9.610860649674695,19.299132230349226,22.199357116430406,4.189359329296859,0.16666666666666666,0.25,7.7708251467957945,11.832773146860868,True
D3,24,154,AutoARIMA,h1,1,ARIMA,8.671362161636353,4.402890920639038,1.370938595269892,1.1819741199684441,2.714261008817729,2.751603864219545,0.49434970911333764,0.0,0.0,1.6169077083536563,2.462094018451639,True
D3,24,154,AutoARIMA,h1_6,1,ARIMA,8.671362161636353,4.402890920639038,1.5040132826491217,1.55432532978829,2.9279576421491993,2.9080175675206177,0.5753384026478088,0.5,0.6666666666666666,3.1942071840861828,4.863875879249442,True
D3,24,154,AutoARIMA,h1_12,1,ARIMA,8.671362161636353,4.402890920639038,7.1100018936687075,8.150040067925321,12.340323181292055,11.20131785743957,3.2376854087042464,0.25,0.3333333333333333,3.534329514189985,5.38178617812671,True
D3,24,155,AutoARIMA,h1,1,ARIMA,8.671362161636353,4.402890920639038,0.10454890594811932,0.08240911370606435,0.17613364484612293,0.17597866602681064,0.12958457429982656,1.0,1.0,1.688866914417098,2.571667576612066,True
D3,24,155,AutoARIMA,h1_6,1,ARIMA,8.671362161636353,4.402890920639038,3.2013465461930886,3.1018136889452825,5.553697054969076,5.329839462777173,1.1935742258547721,0.3333333333333333,0.6666666666666666,4.375596980901234,6.662799056602451,True
D3,24,155,AutoARIMA,h1_12,1,ARIMA,8.671362161636353,4.402890920639038,8.738850898776267,8.430181172643776,14.499691125120007,13.119272031144291,3.8050524055743606,0.16666666666666666,0.3333333333333333,5.240433417451923,7.979700823085187,True
D3,24,156,AutoARIMA,h1,1,ARIMA,8.671362161636353,4.402890920639038,0.5921039534614467,0.4983626638879732,1.0685360303145943,1.0742755409244118,0.19595894131249134,1.0,1.0,1.4344046641011283,2.1841933990892177,True
D3,24,156,AutoARIMA,h1_6,1,ARIMA,8.671362161636353,4.402890920639038,4.346297956723709,4.490034053363368,8.024003672380108,8.551550696283044,1.7430559272110628,0.3333333333333333,0.3333333333333333,3.8993168957425315,5.937558931443502,True
D3,24,156,AutoARIMA,h1_12,1,ARIMA,8.671362161636353,4.402890920639038,5.341586293883541,5.090540858153987,9.683796719841931,10.338797255344351,2.0829619115428764,0.25,0.3333333333333333,5.597471857345612,8.523369582086046,True
D3,24,157,AutoARIMA,h1,1,ARIMA,8.671362161636353,4.402890920639038,0.15025101566937413,0.12383702494073677,0.5952497045923147,0.5934833506465507,0.1279579891425628,1.0,1.0,1.632029465352251,2.485120185784721,True
D3,24,157,AutoARIMA,h1_6,1,ARIMA,8.671362161636353,4.402890920639038,1.687928302423783,1.9238081908965514,7.1514322076299,7.68514876273173,0.6348840322617869,0.6666666666666666,1.0,4.331835463296202,6.596162618309122,True
D3,24,157,AutoARIMA,h1_12,1,ARIMA,8.671362161636353,4.402890920639038,3.765674815781348,3.726380345956095,16.78232676260825,19.178877266098063,1.35026907569782,0.4166666666666667,0.6666666666666666,6.203116054035769,9.445594732152946,True
D3,24,158,AutoARIMA,h1,1,ARIMA,8.671362161636353,4.402890920639038,2.8021307512392557,2.261906363690412,6.3176367664632584,6.124184888385833,1.2448531880374873,0.0,0.0,1.321584523042194,2.0124001711721387,True
D3,24,158,AutoARIMA,h1_6,1,ARIMA,8.671362161636353,4.402890920639038,2.945708180890222,2.609028395548987,6.742567555864225,6.4840887505549825,1.2781802665111874,0.5,0.5,6.478086063695914,9.864296438218261,True
D3,24,158,AutoARIMA,h1_12,1,ARIMA,8.671362161636353,4.402890920639038,4.70324286738091,4.656627324508362,10.988337924406448,10.173470297809617,1.8960028851067339,0.75,0.75,15.420519038001494,23.481097584438526,True
D3,24,159,AutoARIMA,h1,1,ARIMA,8.671362161636353,4.402890920639038,0.038821710897997755,0.0327775719340967,0.09381640617327901,0.09377241921643371,0.13017368376029084,1.0,1.0,1.7467280979749378,2.659773826092029,True
D3,24,159,AutoARIMA,h1_6,1,ARIMA,8.671362161636353,4.402890920639038,1.4838104436530835,1.6027994649928408,3.72864716384099,3.8490175190313787,0.5523612955787871,0.8333333333333334,1.0,4.836752121545806,7.36500816074192,True
D3,24,159,AutoARIMA,h1_12,1,ARIMA,8.671362161636353,4.402890920639038,5.359024148564584,5.769828932257414,14.660472148675863,16.756021241930743,2.000650493295281,0.4166666666666667,0.5833333333333334,7.425575535086713,11.307055445429912,True
D3,24,160,AutoARIMA,h1,1,ARIMA,8.671362161636353,4.402890920639038,0.5637238573020303,0.4179344665137385,0.6534435090937868,0.6513155196005118,0.2223954752538484,1.0,1.0,2.270645638938858,3.457552349321764,True
D3,24,160,AutoARIMA,h1_6,1,ARIMA,8.671362161636353,4.402890920639038,2.1796337704992923,1.8732971018033147,2.4924852954772274,2.4517721504561347,0.7566668151376555,0.6666666666666666,0.8333333333333334,4.099204931821788,6.241931985915421,True
D3,24,160,AutoARIMA,h1_12,1,ARIMA,8.671362161636353,4.402890920639038,4.0432856072503105,3.845725817780571,4.847431793045612,5.012209516907932,1.5657228568695618,0.5,0.5833333333333334,5.534510393286644,8.427497045112135,True
D3,24,161,AutoARIMA,h1,1,ARIMA,8.671362161636353,4.402890920639038,0.6588069986811739,0.4918186585893295,1.4057076054280966,1.41565760876471,0.2155882223637821,1.0,1.0,1.4845478098535554,2.26054725564241,True
D3,24,161,AutoARIMA,h1_6,1,ARIMA,8.671362161636353,4.402890920639038,4.271851576550777,3.81025291800783,8.507507543455766,8.02981717840246,1.6945874026610954,0.3333333333333333,0.3333333333333333,4.360941053414523,6.640482216121408,True
D3,24,161,AutoARIMA,h1_12,1,ARIMA,8.671362161636353,4.402890920639038,5.094443958865708,4.243187790168297,10.119508248506413,9.5296653081708,1.8860283760479062,0.25,0.5,6.306017804995314,9.602285051715873,True
D3,24,162,AutoARIMA,h1,1,ARIMA,8.671362161636353,4.402890920639038,1.9264712283981176,1.5864257266705057,3.5729810938438833,3.5102704441870864,0.8095797303686194,0.0,0.0,1.2999577119288386,1.9794686426716064,True
D3,24,162,AutoARIMA,h1_6,1,ARIMA,8.671362161636353,4.402890920639038,4.700179978869086,4.048079652626269,8.622472694106893,8.235811322964496,1.7329717402000686,0.0,0.16666666666666666,5.457250098023367,8.309851424493989,True
D3,24,162,AutoARIMA,h1_12,1,ARIMA,8.671362161636353,4.402890920639038,6.061605544601301,5.220433811228237,10.99936256234612,10.380211190909716,2.1094737451411683,0.0,0.5833333333333334,8.691362606263464,13.234491847938575,True
D3,24,163,AutoARIMA,h1,1,ARIMA,8.671362161636353,4.402890920639038,1.553919479432739,1.2942110853830056,2.7005140925311784,2.6645360073417623,0.591053563409085,0.0,0.0,1.5728012592901583,2.3949323469144472,True
D3,24,163,AutoARIMA,h1_6,1,ARIMA,8.671362161636353,4.402890920639038,2.5079806658080637,2.1333897463624183,4.234857295357955,4.143690867040842,0.8708724899438798,0.5,0.6666666666666666,5.107924008722877,7.777926398401082,True
D3,24,163,AutoARIMA,h1_12,1,ARIMA,8.671362161636353,4.402890920639038,2.5593242338185416,2.309527910483407,4.281177955124662,4.177317380694557,1.0282713911298722,0.75,0.8333333333333334,8.499294471707172,12.942026296081131,True
D3,24,164,AutoARIMA,h1,1,ARIMA,8.671362161636353,4.402890920639038,2.554367157347302,1.931354974435628,4.203451134878883,4.116924676363528,1.0939976151701851,0.0,0.0,1.5497877467304004,2.3598892635497095,True
D3,24,164,AutoARIMA,h1_6,1,ARIMA,8.671362161636353,4.402890920639038,4.996952605084529,3.969706838725394,8.351607960501045,7.984908612795658,2.1405006503412243,0.0,0.0,3.0285414275122733,4.61161369618508,True
D3,24,164,AutoARIMA,h1_12,1,ARIMA,8.671362161636353,4.402890920639038,3.7239419085416987,3.169995346833847,6.333872739332401,6.211527449116552,1.5246657821148633,0.08333333333333333,0.4166666666666667,3.4960842694746166,5.32354946630857,True
D3,24,165,AutoARIMA,h1,1,ARIMA,8.671362161636353,4.402890920639038,0.4815476450655312,0.42828487579544466,0.8370163562422029,0.8335279735061525,0.1638430058036497,1.0,1.0,1.3703577273024123,2.0866679935403387,True
D3,24,165,AutoARIMA,h1_6,1,ARIMA,8.671362161636353,4.402890920639038,3.9591274804453893,4.214395891297592,7.069139055037303,6.729547266696638,1.3176997800873032,0.16666666666666666,1.0,6.717160454543452,10.228339249461973,True
D3,24,165,AutoARIMA,h1_12,1,ARIMA,8.671362161636353,4.402890920639038,9.544796031437196,10.127471945148091,17.27834506210443,15.39872747393782,3.176415598161526,0.08333333333333333,1.0,15.989614780063889,24.347669755020103,True
D3,24,166,AutoARIMA,h1,1,ARIMA,8.671362161636353,4.402890920639038,0.23635799317467135,0.1979607718436564,0.6626727501119605,0.6648757252385932,0.10210559745000689,1.0,1.0,1.1086610601494344,1.6881778413088913,True
D3,24,166,AutoARIMA,h1_6,1,ARIMA,8.671362161636353,4.402890920639038,1.0561529558279148,1.0517458623379172,3.2429383873681856,3.1705726416140827,0.37096725608643927,0.6666666666666666,1.0,2.6507649448333677,4.036366751965556,True
D3,24,166,AutoARIMA,h1_12,1,ARIMA,8.671362161636353,4.402890920639038,1.314134723084725,1.2486763299063834,4.118121376753643,4.025349508983692,0.462502429011094,0.5833333333333334,1.0,3.2158359055662498,4.896810316699212,True
D3,24,167,AutoARIMA,h1,1,ARIMA,8.671362161636353,4.402890920639038,0.7390665264473404,0.5467216579460948,1.0578728055678805,1.0523067719819077,0.2552455574546843,1.0,1.0,2.275562843638316,3.465039864048464,True
D3,24,167,AutoARIMA,h1_6,1,ARIMA,8.671362161636353,4.402890920639038,2.0295579152775756,1.7383689589132736,2.864527746893373,2.8109051668386313,0.698706796730243,0.5,1.0,4.108081979569419,6.255449223818374,True
D3,24,167,AutoARIMA,h1_12,1,ARIMA,8.671362161636353,4.402890920639038,3.3817571718499773,3.0905162005123197,4.69314568654505,4.533883884725059,1.2765979648567158,0.4166666666666667,0.75,5.546495671856047,8.445747241163978,True
D3,24,168,AutoARIMA,h1,1,ARIMA,8.671362161636353,4.402890920639038,0.39536299928617963,0.3428980862210412,3.1913043819030955,3.141182041830845,0.13328080857252483,1.0,1.0,1.0686754668480756,1.6272910698605907,True
D3,24,168,AutoARIMA,h1_6,1,ARIMA,8.671362161636353,4.402890920639038,5.258200114386553,5.378160386741377,45.40709719014506,34.60112669190238,2.020238696118966,0.16666666666666666,0.16666666666666666,5.238387350712961,7.976585241006301,True
D3,24,168,AutoARIMA,h1_12,1,ARIMA,8.671362161636353,4.402890920639038,8.21946375301194,7.919581103474476,96.90692214809592,59.74308844216253,2.8531268511705172,0.08333333333333333,0.5833333333333334,12.469524343430706,18.987565672599757,True
D3,24,169,AutoARIMA,h1,1,ARIMA,8.671362161636353,4.402890920639038,1.5481718116846528,1.1474823724574585,3.9525187035560627,4.0322055426761105,0.589515536963386,0.0,0.0,1.56150007690235,2.377723836240218,True
D3,24,169,AutoARIMA,h1_6,1,ARIMA,8.671362161636353,4.402890920639038,3.6669950556044895,2.9145045019378903,9.422547296760657,9.971192019422402,1.499738168083228,0.5,0.6666666666666666,11.400869268167199,17.360305653366318,True
D3,24,169,AutoARIMA,h1_12,1,ARIMA,8.671362161636353,4.402890920639038,2.6961866871437388,2.380909268184109,6.728908048928435,7.073009877907321,2.5154003886661878,0.75,0.8333333333333334,29.136300343161984,44.36636081582652,True
D3,24,170,AutoARIMA,h1,1,ARIMA,8.671362161636353,4.402890920639038,0.4585008278564022,0.3751279575008493,1.0261072103890136,1.0313988393180693,0.16319821678598334,1.0,1.0,1.5341601935640883,2.33609291142953,True
D3,24,170,AutoARIMA,h1_6,1,ARIMA,8.671362161636353,4.402890920639038,2.618123384996903,2.539508761596186,5.9620976338118306,6.226224274319905,0.9638099675133979,0.3333333333333333,0.6666666666666666,3.4140234832477523,5.1985940530374455,True
D3,24,170,AutoARIMA,h1_12,1,ARIMA,8.671362161636353,4.402890920639038,3.5352359846605177,3.2582445552554744,8.030761469444512,8.469589489736732,1.3398160236572982,0.16666666666666666,0.5,3.9120269020411547,5.956912683250514,True
D3,24,171,AutoARIMA,h1,1,ARIMA,8.671362161636353,4.402890920639038,0.4304818677656734,0.37861460544986103,1.4295342375241242,1.4398256377502696,0.14163577578456585,1.0,1.0,1.0048825497936607,1.5301524646775058,True
D3,24,171,AutoARIMA,h1_6,1,ARIMA,8.671362161636353,4.402890920639038,5.299236609461213,5.495286027964975,18.446887332004078,21.213172047802065,2.2103646761680666,0.16666666666666666,0.16666666666666666,3.7798632548383675,5.755664755769196,True
D3,24,171,AutoARIMA,h1_12,1,ARIMA,8.671362161636353,4.402890920639038,10.408943257260239,10.50175951806432,35.409638584881556,46.41410393182782,4.608716483504899,0.08333333333333333,0.08333333333333333,5.0720481345558674,7.723297569101197,True
D3,24,172,AutoARIMA,h1,1,ARIMA,8.671362161636353,4.402890920639038,0.983933613430063,0.8078573407235553,1.8761345921737935,1.893900654837197,0.32107412914261707,0.0,1.0,1.832056623002122,2.7897050831373877,True
D3,24,172,AutoARIMA,h1_6,1,ARIMA,8.671362161636353,4.402890920639038,2.4465830953913414,2.191628365005641,4.752839425429394,4.892500475829967,0.854645261534454,0.16666666666666666,0.6666666666666666,4.4384664999504695,6.7585315872808085,True
D3,24,172,AutoARIMA,h1_12,1,ARIMA,8.671362161636353,4.402890920639038,2.5369787628096705,2.217107859036604,4.793322648812313,4.8018815298617445,0.8985233442357012,0.5833333333333334,0.8333333333333334,6.290130349939123,9.578092942382622,True
D3,24,173,AutoARIMA,h1,1,ARIMA,8.671362161636353,4.402890920639038,0.5011981465122184,0.4094035391692721,0.89210978498524,0.8881481566797865,0.16738931979548377,1.0,1.0,1.2832446521390957,1.9540193703812074,True
D3,24,173,AutoARIMA,h1_6,1,ARIMA,8.671362161636353,4.402890920639038,0.8658414571531854,0.8790028038076494,1.5458016202760683,1.5277512411579854,0.41668660413051667,1.0,1.0,4.6072475922997835,7.015537547332861,True
D3,24,173,AutoARIMA,h1_12,1,ARIMA,8.671362161636353,4.402890920639038,1.4423949001262442,1.4795649859715787,2.64325616349616,2.6723817845794446,0.7245229006945647,1.0,1.0,8.181406987595121,12.457973391187853,True
D3,24,174,AutoARIMA,h1,1,ARIMA,8.671362161636353,4.402890920639038,1.0334002844308348,0.8642714327985958,1.9809174098457134,2.000733852449639,0.34623652027811713,0.0,1.0,1.6557343982788773,2.5212161071937995,True
D3,24,174,AutoARIMA,h1_6,1,ARIMA,8.671362161636353,4.402890920639038,1.4687112855201552,1.3175459385334887,2.833296132247786,2.880592201055643,0.5379608841089265,0.6666666666666666,1.0,4.340986142476666,6.610096519643496,True
D3,24,174,AutoARIMA,h1_12,1,ARIMA,8.671362161636353,4.402890920639038,1.6079725134894665,1.764187076761602,3.1352421355455884,3.224991552977744,0.6953689363687013,0.75,1.0,6.208113760055818,9.453204827666974,True
D3,24,175,AutoARIMA,h1,1,ARIMA,8.671362161636353,4.402890920639038,2.1001781173561302,1.6876844446206616,3.823260354317912,3.8977713272461987,0.8551835616899804,0.0,0.0,1.6489372068991424,2.510865903436429,True
D3,24,175,AutoARIMA,h1_6,1,ARIMA,8.671362161636353,4.402890920639038,2.2317778773561248,2.09248586033199,4.143870569661207,4.264724343621298,0.9270673695548494,0.5,0.5,4.34088239821594,6.609938546419383,True
D3,24,175,AutoARIMA,h1_12,1,ARIMA,8.671362161636353,4.402890920639038,3.1947049370230554,3.0302309992902803,5.8644248116951285,5.754690810529704,1.22742331575553,0.4166666666666667,0.5833333333333334,5.476370711348059,8.338966721212923,True
D3,24,176,AutoARIMA,h1,1,ARIMA,8.671362161636353,4.402890920639038,0.5085099999652416,0.409280149938725,0.8070251626917642,0.8037818019941492,0.17371411397783107,1.0,1.0,1.4788557672209504,2.2518798814650856,True
D3,24,176,AutoARIMA,h1_6,1,ARIMA,8.671362161636353,4.402890920639038,0.5496243917685535,0.5857314285834175,0.8814995975539861,0.8873148116981289,0.3599345745689634,1.0,1.0,4.269370682029541,6.501046389024066,True
D3,24,176,AutoARIMA,h1_12,1,ARIMA,8.671362161636353,4.402890920639038,1.3407985341886355,1.3923162898153985,2.1742675067635626,2.2137167714356076,0.6075760353970698,1.0,1.0,6.164016711534352,9.386057470501724,True
D3,24,177,AutoARIMA,h1,1,ARIMA,8.671362161636353,4.402890920639038,0.5269630596779943,0.4268931386819023,1.1220604713558056,1.1283910865279216,0.18056746600631077,1.0,1.0,1.5575563616511456,2.3717186711462115,True
D3,24,177,AutoARIMA,h1_6,1,ARIMA,8.671362161636353,4.402890920639038,1.3845594214110997,1.2261224474586914,2.95951963274539,3.0106819280019224,0.5001285677119599,0.8333333333333334,1.0,3.8569400973808654,5.873031029678705,True
D3,24,177,AutoARIMA,h1_12,1,ARIMA,8.671362161636353,4.402890920639038,5.5521956742908865,6.235100624630264,10.481053701683898,9.63928795719488,2.370582484431456,0.4166666666666667,0.5833333333333334,4.614795816139899,7.027031361525637,True
D3,24,178,AutoARIMA,h1,1,ARIMA,8.671362161636353,4.402890920639038,0.07269183283553467,0.05958230053595646,0.13049035937629153,0.13057555363088674,0.10542790946029586,1.0,1.0,1.3834096366029278,2.106542367106726,True
D3,24,178,AutoARIMA,h1_6,1,ARIMA,8.671362161636353,4.402890920639038,5.5739897126004845,5.79099322895591,10.487926213499065,11.491647660834314,2.2375963936602115,0.16666666666666666,0.3333333333333333,5.046281984268821,7.684062995493489,True
D3,24,178,AutoARIMA,h1_12,1,ARIMA,8.671362161636353,4.402890920639038,10.566319097736338,9.974727745743028,20.631897185504304,24.01985974771499,4.237802249828288,0.08333333333333333,0.25,9.064332590209897,13.802419851368969,True
D3,24,179,AutoARIMA,h1,1,ARIMA,8.671362161636353,4.402890920639038,1.3898887651461795,1.2267488027787632,6.329444059008038,6.13527951657533,0.5328517864276726,0.0,0.0,1.3713338868189784,2.088154408933372,True
D3,24,179,AutoARIMA,h1_6,1,ARIMA,8.671362161636353,4.402890920639038,4.594937945192727,4.286218584396288,20.879620045927783,18.700096983762858,1.8753875947662737,0.0,0.0,3.5708879379930383,5.437454337851897,True
D3,24,179,AutoARIMA,h1_12,1,ARIMA,8.671362161636353,4.402890920639038,7.094761798117977,6.736137336743618,33.41148182594817,27.989904381421226,2.9441995538369348,0.0,0.0,5.103027764809136,7.770470801034193,True
D3,24,180,AutoARIMA,h1,1,ARIMA,8.671362161636353,4.402890920639038,0.23325143280442928,0.1734618169007409,0.3657781946776853,0.36511044747600657,0.146793316923204,1.0,1.0,1.8261116074060166,2.780652502545957,True
D3,24,180,AutoARIMA,h1_6,1,ARIMA,8.671362161636353,4.402890920639038,3.9848861930902277,3.3951550481190873,6.014084324674399,5.787654703949071,1.449409406349534,0.16666666666666666,0.3333333333333333,5.049481502539723,7.688934958658754,True
D3,24,180,AutoARIMA,h1_12,1,ARIMA,8.671362161636353,4.402890920639038,4.509559542605971,3.660587546840013,6.798623553543286,6.536139845107469,1.5996259358720888,0.3333333333333333,0.5833333333333334,7.260792497054418,11.056137393530278,True
D3,24,181,AutoARIMA,h1,1,ARIMA,8.671362161636353,4.402890920639038,0.319197475047459,0.27645712918675963,0.6415936107684065,0.6395419805257889,0.14348734563574747,1.0,1.0,1.5961470763104402,2.4304814361695533,True
D3,24,181,AutoARIMA,h1_6,1,ARIMA,8.671362161636353,4.402890920639038,1.896240374397813,2.037847779151528,4.015300206179247,4.145061970143775,0.6515776246306729,0.6666666666666666,1.0,4.758805084168427,7.246316825737848,True
D3,24,181,AutoARIMA,h1_12,1,ARIMA,8.671362161636353,4.402890920639038,2.3433286900656585,2.3075870679173236,4.979353447565716,5.146151169123692,0.8727694485997646,0.8333333333333334,1.0,7.560049946522644,11.511822014554827,True
D3,24,182,AutoARIMA,h1,1,ARIMA,8.671362161636353,4.402890920639038,2.1975294115193345,1.778614626903099,3.322908184963333,3.379049541863609,0.9373202794643709,0.0,0.0,1.3658502478310173,2.07980437467854,True
D3,24,182,AutoARIMA,h1_6,1,ARIMA,8.671362161636353,4.402890920639038,2.833576481930742,2.403230776540749,4.151985573210712,4.249115295789848,1.080499095320249,0.3333333333333333,0.5,5.268812761345425,8.02291455290215,True
D3,24,182,AutoARIMA,h1_12,1,ARIMA,8.671362161636353,4.402890920639038,3.7298434850654285,3.307932936283892,5.121809035852622,5.068333458213392,1.3758391786510369,0.6666666666666666,0.75,9.881638135706543,15.046945487815814,True
D3,24,183,AutoARIMA,h1,1,ARIMA,8.671362161636353,4.402890920639038,2.4234034250973875,1.6751641069349699,3.818147986943029,3.746622196947474,0.980963188721223,0.0,0.0,1.9520913616272249,2.972484106608183,True
D3,24,183,AutoARIMA,h1_6,1,ARIMA,8.671362161636353,4.402890920639038,3.9064332197190237,2.7537406725579268,6.080910162567731,5.895003088930212,1.3871043043294125,0.16666666666666666,0.5,5.945940546656765,9.053989030022414,True
D3,24,183,AutoARIMA,h1_12,1,ARIMA,8.671362161636353,4.402890920639038,4.085504624239155,2.8753684092049707,6.352508622661783,6.150596074169821,1.4327795240515955,0.5833333333333334,0.75,9.5492171274205,14.540762128134718,True
D3,24,184,AutoARIMA,h1,1,ARIMA,8.671362161636353,4.402890920639038,1.012154538660698,0.8157622307020035,1.8418692022080265,1.8250615786388857,0.33223266036159316,0.0,1.0,1.8265894128629467,2.7813800653817617,True
D3,24,184,AutoARIMA,h1_6,1,ARIMA,8.671362161636353,4.402890920639038,1.0614457153467647,1.047753627657722,1.9214992405832632,1.8944099819995446,0.5077976510663712,0.6666666666666666,1.0,4.540062887006357,6.913234206097133,True
D3,24,184,AutoARIMA,h1_12,1,ARIMA,8.671362161636353,4.402890920639038,4.063362492609887,4.5556959944142665,8.023819958422397,8.707542294178126,1.6155243902872265,0.4166666666666667,0.6666666666666666,6.4540051933990075,9.827628070314013,True
D3,24,185,AutoARIMA,h1,1,ARIMA,8.671362161636353,4.402890920639038,1.3114652679839933,1.0853063420813593,2.2580829784027694,2.283868804767523,0.47055282426383266,0.0,0.0,1.5666560612497227,2.3855749449679133,True
D3,24,185,AutoARIMA,h1_6,1,ARIMA,8.671362161636353,4.402890920639038,1.006689711814525,0.8824281405227232,1.704029416947804,1.7161088775554736,0.38967434496427544,0.8333333333333334,0.8333333333333334,3.203955289336178,4.878719491846037,True
D3,24,185,AutoARIMA,h1_12,1,ARIMA,8.671362161636353,4.402890920639038,1.4444773965313051,1.3658757031055906,2.437186269134026,2.4690417695918963,0.5291826168353555,0.6666666666666666,0.8333333333333334,3.50676078863777,5.339806791221844,True
D3,24,186,AutoARIMA,h1,1,ARIMA,8.671362161636353,4.402890920639038,0.43229891752185945,0.36791445424886404,2.0702609597307697,2.0490506122950354,0.14924360309826434,1.0,1.0,1.328481289609492,2.0229019998320386,True
D3,24,186,AutoARIMA,h1_6,1,ARIMA,8.671362161636353,4.402890920639038,0.34570457874362265,0.356468315563627,1.930104055679314,1.9521989496000278,0.30700960901843416,1.0,1.0,3.8635783720454855,5.883139248138022,True
D3,24,186,AutoARIMA,h1_12,1,ARIMA,8.671362161636353,4.402890920639038,0.821314838033253,0.8519239218355972,5.513048625435573,5.3264733148836045,0.47169311891281396,1.0,1.0,5.581847155389422,8.499577571554044,True
D3,24,187,AutoARIMA,h1,1,ARIMA,8.671362161636353,4.402890920639038,1.4576245827478294,1.2697720255391767,3.2022141910449062,3.2543193287281316,0.569256113477611,0.0,0.0,1.349875310802128,2.0554790549953443,True
D3,24,187,AutoARIMA,h1_6,1,ARIMA,8.671362161636353,4.402890920639038,2.025378784927902,1.8147496945397066,4.360318217536224,4.463599397993776,0.7509992627925084,0.5,0.6666666666666666,4.8100927038403976,7.324413393007946,True
D3,24,187,AutoARIMA,h1_12,1,ARIMA,8.671362161636353,4.402890920639038,2.4491513426872964,2.3364899258327765,5.228971773274701,5.399898363746502,0.9632812590259554,0.75,0.8333333333333334,8.496229923014658,12.937359853484491,True
D3,24,188,AutoARIMA,h1,1,ARIMA,8.671362161636353,4.402890920639038,1.30009398094407,1.0610297764901964,4.549401687774548,4.448218034603476,0.4550102729484823,0.0,0.0,1.6500473573391585,2.512556349182853,True
D3,24,188,AutoARIMA,h1_6,1,ARIMA,8.671362161636353,4.402890920639038,1.9032747732785786,1.9631388636688247,7.895263497526093,8.423590090332246,0.7040984889633957,0.5,0.6666666666666666,3.7617930874454157,5.728148991683996,True
D3,24,188,AutoARIMA,h1_12,1,ARIMA,8.671362161636353,4.402890920639038,3.872096993092512,3.6774586320581526,19.0998877618506,22.127747277639934,1.4276450258644138,0.25,0.5,5.289085494870341,8.05378420346507,True
D3,24,189,AutoARIMA,h1,1,ARIMA,8.671362161636353,4.402890920639038,0.00994669913596751,0.007559301675430187,0.052148933330866724,0.05213533931919503,0.09477396445936903,1.0,1.0,1.2856043708220288,1.9576125558329456,True
D3,24,189,AutoARIMA,h1_6,1,ARIMA,8.671362161636353,4.402890920639038,0.6065961522393444,0.5785708887449208,3.146211896769196,3.071067942122781,0.5073749548295193,1.0,1.0,6.301720104044254,9.595740866324197,True
D3,24,189,AutoARIMA,h1_12,1,ARIMA,8.671362161636353,4.402890920639038,1.1513142879510245,1.05617817808566,5.967547192137959,5.722695261465993,1.1692686174735032,1.0,1.0,15.000695248733685,22.841824461415047,True
D3,24,190,AutoARIMA,h1,1,ARIMA,8.671362161636353,4.402890920639038,0.7652911442276189,0.611315594160784,1.8008962563680322,1.7848248345539282,0.2473618244976715,1.0,1.0,1.5845315113653364,2.412794209604598,True
D3,24,190,AutoARIMA,h1_6,1,ARIMA,8.671362161636353,4.402890920639038,1.9984678886562748,2.2387826135141062,4.4811475525218745,4.680630862486059,0.7651686901581772,0.6666666666666666,0.8333333333333334,4.334053628358597,6.599540257554606,True
D3,24,190,AutoARIMA,h1_12,1,ARIMA,8.671362161636353,4.402890920639038,3.8336463643415994,3.6467004955674303,8.368814357141579,8.89679558316785,1.4312081638722711,0.3333333333333333,0.5833333333333334,5.437286697246764,8.279452800388182,True
D3,24,191,AutoARIMA,h1,1,ARIMA,8.671362161636353,4.402890920639038,0.6378409573384286,0.5246976356537723,1.164493260970956,1.157752287288848,0.21881522530375896,1.0,1.0,1.8968839033668374,2.8884187316615657,True
D3,24,191,AutoARIMA,h1_6,1,ARIMA,8.671362161636353,4.402890920639038,0.987065145008125,1.036517855362404,1.7282399797873236,1.7502941708243762,0.579608715119278,1.0,1.0,6.650367797441245,10.126632886953939,True
D3,24,191,AutoARIMA,h1_12,1,ARIMA,8.671362161636353,4.402890920639038,2.3096348645258,2.9137791624384906,3.740241127290331,3.909451289114527,1.2645054481741393,1.0,1.0,14.340543451015728,21.836599621410773,True
D3,24,192,AutoARIMA,h1,1,ARIMA,8.671362161636353,4.402890920639038,0.4815897942324266,0.40512072042712977,1.6946252790377327,1.6803871463538265,0.1652818947139574,1.0,1.0,1.435376448519635,2.185673152442898,True
D3,24,192,AutoARIMA,h1_6,1,ARIMA,8.671362161636353,4.402890920639038,2.604952604467397,2.4290657130506133,9.461251245903746,8.939017063576104,0.9025017591968281,0.16666666666666666,0.6666666666666666,3.660433687753944,5.573807237726792,True
D3,24,192,AutoARIMA,h1_12,1,ARIMA,8.671362161636353,4.402890920639038,4.507366204965915,4.352593075654636,17.260693646508393,15.491926818019497,1.6598372807618815,0.08333333333333333,0.5,5.2189468273559285,7.946982811612446,True
D3,24,193,AutoARIMA,h1,1,ARIMA,8.671362161636353,4.402890920639038,0.5702480550990303,0.47286598046576966,2.5086052113494057,2.4775294943454713,0.18449726349755513,1.0,1.0,1.1888228938660435,1.8102416859439834,True
D3,24,193,AutoARIMA,h1_6,1,ARIMA,8.671362161636353,4.402890920639038,0.9100277546117398,0.7891294331641258,4.6565449729551505,4.704375281483956,0.34137415269082116,0.8333333333333334,1.0,3.023043809604778,4.6032423759818,True
D3,24,193,AutoARIMA,h1_12,1,ARIMA,8.671362161636353,4.402890920639038,3.233278444157529,3.4616436673818467,19.042255155178616,16.449465859330573,1.2307028122316754,0.5,0.5833333333333334,4.48707234668146,6.8325445713737665,True
D3,24,194,AutoARIMA,h1,1,ARIMA,8.671362161636353,4.402890920639038,0.2263420656854368,0.19624487026443224,0.38320904742334244,0.3839447028425401,0.12316888012305437,1.0,1.0,1.5090052529029658,2.297789037549606,True
D3,24,194,AutoARIMA,h1_6,1,ARIMA,8.671362161636353,4.402890920639038,1.1634822566856444,1.2553760731754544,1.8887732155027432,1.8619934805044622,0.4706596548495831,0.6666666666666666,1.0,3.8459141559940315,5.856241633353802,True
D3,24,194,AutoARIMA,h1_12,1,ARIMA,8.671362161636353,4.402890920639038,2.0685643258836572,2.3089839519975794,3.1689056674734783,3.0908589328156584,0.7755278732580915,0.5833333333333334,1.0,5.483033342917341,8.349112028362569,True
D3,24,195,AutoARIMA,h1,1,ARIMA,8.671362161636353,4.402890920639038,0.04267976687756778,0.03670601027674465,0.08452628950759195,0.08449058113098523,0.1212104329550652,1.0,1.0,1.621504422364655,2.4690935163280727,True
D3,24,195,AutoARIMA,h1_6,1,ARIMA,8.671362161636353,4.402890920639038,1.0362776618044074,1.0156564469229659,2.080950451511447,2.1095268215332816,0.4268959160162256,1.0,1.0,4.269071103997012,6.500590216245536,True
D3,24,195,AutoARIMA,h1_12,1,ARIMA,8.671362161636353,4.402890920639038,1.137755090328904,1.0732670665446717,2.2514923512271934,2.249615226221045,0.5491149140350402,1.0,1.0,6.107995077642017,9.300752335893488,True
D3,24,196,AutoARIMA,h1,1,ARIMA,8.671362161636353,4.402890920639038,1.6971862187422793,1.4296045809577749,3.144550907159608,3.19478167523479,0.6356914448808296,0.0,0.0,1.801188172800954,2.7427011470397997,True
D3,24,196,AutoARIMA,h1_6,1,ARIMA,8.671362161636353,4.402890920639038,6.496500124533701,5.830055783726843,12.758700988876374,13.766576090592167,2.691407424449847,0.0,0.0,4.710993574185619,7.173513392286674,True
D3,24,196,AutoARIMA,h1_12,1,ARIMA,8.671362161636353,4.402890920639038,7.552758994630925,6.607041004340757,14.9529439931174,16.276350116078042,2.9411034452349427,0.0,0.0,7.06659269025951,10.760425906582732,True
D3,24,197,AutoARIMA,h1,1,ARIMA,8.671362161636353,4.402890920639038,0.6503087987989383,0.5332993237407676,1.0841487707015671,1.0783035632886544,0.2206218831806939,1.0,1.0,1.8214119970249092,2.773496322543489,True
D3,24,197,AutoARIMA,h1_6,1,ARIMA,8.671362161636353,4.402890920639038,6.197162416310319,5.685315852714688,10.24222344579365,9.62792784427542,2.694284112149313,0.16666666666666666,0.16666666666666666,3.5766041024006863,5.446158442683516,True
D3,24,197,AutoARIMA,h1_12,1,ARIMA,8.671362161636353,4.402890920639038,5.334352995783601,5.195241785718826,8.854384653198432,8.33962235696964,2.3141604375132343,0.25,0.3333333333333333,3.956819933866617,6.025119826525301,True
D3,24,198,AutoARIMA,h1,1,ARIMA,8.671362161636353,4.402890920639038,0.42003577413044346,0.32284698848850923,0.5253688428537955,0.5267525397150975,0.17308853430670212,1.0,1.0,1.8223393078386794,2.7749083551512115,True
D3,24,198,AutoARIMA,h1_6,1,ARIMA,8.671362161636353,4.402890920639038,5.565531565173349,4.952359117778345,7.038998797194935,7.390556791713898,2.423645621265338,0.16666666666666666,0.16666666666666666,3.2898758617553936,5.009552269946097,True
D3,24,198,AutoARIMA,h1_12,1,ARIMA,8.671362161636353,4.402890920639038,6.193413011404643,5.225711829837586,7.658250217067586,8.034798045417773,2.594465607975487,0.08333333333333333,0.16666666666666666,4.441800898550368,6.763608935113059,True
D3,24,199,AutoARIMA,h1,1,ARIMA,8.671362161636353,4.402890920639038,0.08202480791903094,0.06833476007256353,0.1368627780866922,0.1369564993215631,0.09219710154810494,1.0,1.0,1.195807094246705,1.8208766516207897,True
D3,24,199,AutoARIMA,h1_6,1,ARIMA,8.671362161636353,4.402890920639038,0.8211348297423148,0.8350637030296267,1.325802119444349,1.3389682332883477,0.3454625914440582,1.0,1.0,3.560988637388973,5.422380497410537,True
D3,24,199,AutoARIMA,h1_12,1,ARIMA,8.671362161636353,4.402890920639038,1.7451338708489503,1.9037410909589663,2.718692029974413,2.7828127094278825,0.6510475180822866,0.8333333333333334,1.0,5.155391181047614,7.850205502798791,True
D3,24,0,Combination,h1,1,ARIMA,8.671362161636353,4.402890920639038,0.04443511635333116,0.033427069436754636,0.06961947276276942,0.06959524684081017,0.1412108990015443,1.0,1.0,1.8734391058666933,2.88733038860852,True
D3,24,0,Combination,h1_6,1,ARIMA,8.671362161636353,4.402890920639038,2.464971443130216,2.1850134956524254,3.955876715885521,4.068353431783408,0.8269815116164556,0.6666666666666666,1.0,4.542065950888707,6.993705555094769,True
D3,24,0,Combination,h1_12,1,ARIMA,8.671362161636353,4.402890920639038,1.7978616610673646,1.6918285275009464,2.865816814939522,2.9310116539835454,0.8247468943171746,0.8333333333333334,1.0,7.3412250898986855,11.160753995322146,True
D3,24,1,Combination,h1,1,ARIMA,8.671362161636353,4.402890920639038,0.8499069164922047,0.6896738312903786,1.6137621792061012,1.6008452615171131,0.27673511832719666,1.0,1.0,2.0207763293926564,3.111027079135945,True
D3,24,1,Combination,h1_6,1,ARIMA,8.671362161636353,4.402890920639038,1.256479596626738,1.0721472964355825,2.360518955772564,2.330195229429531,0.5005312449853125,1.0,1.0,4.499041781543451,6.926719908684907,True
D3,24,1,Combination,h1_12,1,ARIMA,8.671362161636353,4.402890920639038,1.5083670096062896,1.4945824368550316,2.7909881137582064,2.7351764135007035,0.6788304306454167,1.0,1.0,6.512452162630312,9.89910730803585,True
D3,24,2,Combination,h1,1,ARIMA,8.671362161636353,4.402890920639038,1.1740683446855649,0.8811838289758583,1.9611207703131759,1.9805411724620545,0.3999486437452615,0.0,1.0,1.8902116431847904,2.910267153014907,True
D3,24,2,Combination,h1_6,1,ARIMA,8.671362161636353,4.402890920639038,3.8703962451602534,3.2672620517607722,6.662456536476396,6.9616740938570425,1.4529796416962795,0.0,0.3333333333333333,3.9693987226006575,6.115872067675304,True
D3,24,2,Combination,h1_12,1,ARIMA,8.671362161636353,4.402890920639038,6.497279586127892,5.389147544879127,11.479649738762935,12.36306473717806,2.578420317879037,0.0,0.16666666666666666,5.513674091350686,8.379251541375785,True
D3,24,3,Combination,h1,1,ARIMA,8.671362161636353,4.402890920639038,0.8127887494330756,0.659786337578664,1.4489115331544669,1.4594848553513813,0.2708934742351943,1.0,1.0,1.8952087598767362,2.9184060570473624,True
D3,24,3,Combination,h1_6,1,ARIMA,8.671362161636353,4.402890920639038,4.817930960116303,5.057156027544077,9.110917962008799,9.89416014911278,1.9844251427561996,0.3333333333333333,0.5,4.014647614404658,6.1859485517665425,True
D3,24,3,Combination,h1_12,1,ARIMA,8.671362161636353,4.402890920639038,9.130785115933689,8.522668998306182,17.804457759738337,20.236758198655348,3.8881615317037275,0.16666666666666666,0.25,5.694446733423366,8.65424517146445,True
D3,24,4,Combination,h1,1,ARIMA,8.671362161636353,4.402890920639038,0.6246683394079358,0.5608904648149617,2.558907310850968,2.5920716665397596,0.2138777899614548,1.0,1.0,1.690322538510998,2.603989234421164,True
D3,24,4,Combination,h1_6,1,ARIMA,8.671362161636353,4.402890920639038,2.3101555244867136,2.3888570351755765,9.543372198608392,10.197228766107406,0.8137975662446788,0.3333333333333333,0.6666666666666666,3.134949066703211,4.840980397338403,True
D3,24,4,Combination,h1_12,1,ARIMA,8.671362161636353,4.402890920639038,2.2015591408352084,2.3486391071800585,9.034844118312428,9.597435242304448,0.823409313356912,0.5,0.75,4.204502125528769,6.386736433561039,True
D3,24,5,Combination,h1,1,ARIMA,8.671362161636353,4.402890920639038,0.004281021596412119,0.003731021367428984,0.00862145401194679,0.008621082380620402,0.12829530168001255,1.0,1.0,1.7298179940754006,2.6648158760311773,True
D3,24,5,Combination,h1_6,1,ARIMA,8.671362161636353,4.402890920639038,0.860056590603568,0.9483016492216075,1.7335089242066801,1.757547711979841,0.3679949426880706,1.0,1.0,3.8855014044432608,5.985399747300271,True
D3,24,5,Combination,h1_12,1,ARIMA,8.671362161636353,4.402890920639038,0.9466730209780353,1.0074524096180675,1.874935072464731,1.878746754793639,0.5249720379711343,1.0,1.0,6.032223539417527,9.169482472878995,True
D3,24,6,Combination,h1,1,ARIMA,8.671362161636353,4.402890920639038,0.017344767257052814,0.013817603314501435,0.07871631342972338,0.07874730691818897,0.10383555430368176,1.0,1.0,1.388038429482703,2.141094801457841,True
D3,24,6,Combination,h1_6,1,ARIMA,8.671362161636353,4.402890920639038,2.901727831737372,2.7591733635632365,13.42775669042496,12.258335366305987,1.1692827203735767,0.16666666666666666,0.3333333333333333,2.870959575752261,4.433179484667536,True
D3,24,6,Combination,h1_12,1,ARIMA,8.671362161636353,4.402890920639038,4.186885517613542,3.655077068355774,21.250162461713494,18.81154691852405,1.6322776864142445,0.08333333333333333,0.16666666666666666,4.129747832319383,6.274247653434655,True
D3,24,7,Combination,h1,1,ARIMA,8.671362161636353,4.402890920639038,1.1933553115164377,1.0265252099399276,1.9043722296376429,1.8864100946478655,0.3942886801683261,0.0,1.0,1.8732755215811387,2.884120907803655,True
D3,24,7,Combination,h1_6,1,ARIMA,8.671362161636353,4.402890920639038,3.269472094944212,3.274326170182739,5.009900163021042,4.849389798357486,1.1820562439598583,0.0,0.6666666666666666,4.2147356257349475,6.488641151967485,True
D3,24,7,Combination,h1_12,1,ARIMA,8.671362161636353,4.402890920639038,5.297874766739643,5.034535311585683,7.932589476915424,7.571428766648329,1.9034551219737335,0.0,0.5833333333333334,6.568915464900561,9.986273789094101,True
D3,24,8,Combination,h1,1,ARIMA,8.671362161636353,4.402890920639038,0.7103533068921349,0.5159698435631802,2.1614268236880116,2.138317737115169,0.2391351057574534,1.0,1.0,2.0926800049784173,3.224303888308401,True
D3,24,8,Combination,h1_6,1,ARIMA,8.671362161636353,4.402890920639038,2.672534021944077,2.178859207839743,7.966268425039778,7.588761801183659,0.917318956618273,0.3333333333333333,1.0,4.69391061137996,7.2319211308650315,True
D3,24,8,Combination,h1_12,1,ARIMA,8.671362161636353,4.402890920639038,5.750796863639064,4.998841941735423,16.280997225197027,14.65783832194333,2.1202006415635304,0.16666666666666666,0.6666666666666666,7.283737233831669,11.071600308342866,True
D3,24,9,Combination,h1,1,ARIMA,8.671362161636353,4.402890920639038,1.1689002681209564,0.9669287548857913,2.3437112790478833,2.3715018573041164,0.39427848414410005,0.0,1.0,2.016080522974879,3.1045784796227616,True
D3,24,9,Combination,h1_6,1,ARIMA,8.671362161636353,4.402890920639038,1.732869630977807,1.6148557496024263,3.366896720927875,3.316654764552634,0.6138294448293086,0.6666666666666666,1.0,4.091505949638579,6.307725660202902,True
D3,24,9,Combination,h1_12,1,ARIMA,8.671362161636353,4.402890920639038,4.07247028947554,3.9646472601203713,7.590127990429087,7.229361970026364,1.5282472577718844,0.3333333333333333,0.5,5.777143922949823,8.779075832664061,True
D3,24,10,Combination,h1,1,ARIMA,8.671362161636353,4.402890920639038,0.21377585910352895,0.1715398606910561,0.27858435021064903,0.2789729376835036,0.12200159531620026,1.0,1.0,1.4880748746391654,2.2905932093262407,True
D3,24,10,Combination,h1_6,1,ARIMA,8.671362161636353,4.402890920639038,0.6286075822364282,0.6248320696278253,0.7980734586078545,0.7941094128953425,0.313603824544041,0.8333333333333334,1.0,3.1538926414443376,4.857675502035823,True
D3,24,10,Combination,h1_12,1,ARIMA,8.671362161636353,4.402890920639038,0.6235976369353756,0.6585149389170727,0.7802506593715356,0.7809177367269774,0.39637868892667255,0.9166666666666666,1.0,4.471087640159385,6.795472180633217,True
D3,24,11,Combination,h1,1,ARIMA,8.671362161636353,4.402890920639038,0.6209146289090284,0.4680541402695567,1.811338529901918,1.79508103270772,0.21042759872043382,1.0,1.0,1.8831286071149398,2.8984711684693196,True
D3,24,11,Combination,h1_6,1,ARIMA,8.671362161636353,4.402890920639038,0.6230985006763864,0.5460738912674464,1.8512556630300416,1.8284813910530149,0.40129628587391536,1.0,1.0,4.606092519032534,7.083112479912338,True
D3,24,11,Combination,h1_12,1,ARIMA,8.671362161636353,4.402890920639038,1.5188576534995781,1.3749540704805963,5.005729232735464,5.178278602330002,0.6978408673858175,1.0,1.0,7.601331210525434,11.558686256227812,True
D3,24,12,Combination,h1,1,ARIMA,8.671362161636353,4.402890920639038,0.6263702057217939,0.4626387394366219,1.1174330504480883,1.1112244557813071,0.21269492752287006,1.0,1.0,1.9383043282716734,2.986696073272128,True
D3,24,12,Combination,h1_6,1,ARIMA,8.671362161636353,4.402890920639038,3.3646886860641856,2.715917355780509,5.857199602135496,5.660570078579397,1.24229246400244,0.3333333333333333,0.5,4.86698089172157,7.489783297364763,True
D3,24,12,Combination,h1_12,1,ARIMA,8.671362161636353,4.402890920639038,2.1734808053651222,2.0235022623877095,3.797801040205485,3.688002798545023,1.040350272699703,0.6666666666666666,0.75,7.592411203733574,11.542936974776568,True
D3,24,13,Combination,h1,1,ARIMA,8.671362161636353,4.402890920639038,0.5511880244590944,0.4376713753175838,0.8254412471557054,0.8288621321159753,0.19754548897344743,1.0,1.0,1.8245085286420706,2.805998851321357,True
D3,24,13,Combination,h1_6,1,ARIMA,8.671362161636353,4.402890920639038,2.101525882696593,1.910879963184373,3.1133048970746544,3.1781626356087602,0.7028365582983376,0.5,1.0,3.554334103755652,5.474409009154406,True
D3,24,13,Combination,h1_12,1,ARIMA,8.671362161636353,4.402890920639038,3.153151806649196,2.9143315667754903,4.584388618191611,4.731264762982094,1.069973636616794,0.4166666666666667,0.8333333333333334,4.978044042272568,7.565817175271564,True
D3,24,14,Combination,h1,1,ARIMA,8.671362161636353,4.402890920639038,3.1848346396139924,2.6844676619446455,5.590159269657662,5.4381584113911385,1.3493632370670392,0.0,0.0,1.9673008357491875,3.0306793321000924,True
D3,24,14,Combination,h1_6,1,ARIMA,8.671362161636353,4.402890920639038,6.636858303959213,5.7878744378192035,11.198065565664827,10.569659399980685,2.922147744280345,0.0,0.0,3.5552056049151965,5.491941825401461,True
D3,24,14,Combination,h1_12,1,ARIMA,8.671362161636353,4.402890920639038,11.928401083495974,11.284281822671108,18.87007815589226,16.952207288080178,5.473422433120678,0.0,0.0,4.660333132404477,7.078292135447685,True
D3,24,15,Combination,h1,1,ARIMA,8.671362161636353,4.402890920639038,1.0390789903259197,0.8569680876077533,2.3936550345392726,2.3653459236464562,0.3354316765014436,0.0,1.0,1.8173141704181708,2.802330842658908,True
D3,24,15,Combination,h1_6,1,ARIMA,8.671362161636353,4.402890920639038,5.141750132846387,4.655658134233423,11.249982391005302,10.544828270822727,2.1061627518325516,0.0,0.16666666666666666,4.035439692157883,6.22329051136353,True
D3,24,15,Combination,h1_12,1,ARIMA,8.671362161636353,4.402890920639038,6.345861973887417,5.591405094677781,13.752361307207597,12.764884573400467,2.5096899921529436,0.0,0.25,5.773563713088241,8.773408013918585,True
D3,24,16,Combination,h1,1,ARIMA,8.671362161636353,4.402890920639038,1.0798814108947126,0.8047531266661085,3.6008441549228962,3.5371603392596556,0.35228639053830396,0.0,1.0,1.7988051470136341,2.7724579987460967,True
D3,24,16,Combination,h1_6,1,ARIMA,8.671362161636353,4.402890920639038,1.8134569850331468,1.5541032117499047,6.533494737249996,6.678836140822863,0.6593496773968456,0.5,1.0,5.074225182543515,7.801290083932438,True
D3,24,16,Combination,h1_12,1,ARIMA,8.671362161636353,4.402890920639038,2.9224062331781253,2.41496619189222,11.640047167586383,12.498125746100698,1.097717225248984,0.75,1.0,9.99964222341896,15.20940586808422,True
D3,24,17,Combination,h1,1,ARIMA,8.671362161636353,4.402890920639038,1.5458418226994008,1.2536942313749768,2.097978100994967,2.120218965792703,0.5556721542202226,0.0,0.0,1.8885913291623495,2.907613751904468,True
D3,24,17,Combination,h1_6,1,ARIMA,8.671362161636353,4.402890920639038,5.131563685050784,4.617113292818293,7.148334251084861,7.4813550882627435,2.166930816279278,0.0,0.0,3.1187266222925043,4.822329161873013,True
D3,24,17,Combination,h1_12,1,ARIMA,8.671362161636353,4.402890920639038,6.986472145559279,6.065819043505254,9.755066352385684,10.336988782999413,2.937686663020726,0.0,0.0,4.244769128183618,6.450001858053909,True
D3,24,18,Combination,h1,1,ARIMA,8.671362161636353,4.402890920639038,0.7336703951616022,0.637353114855085,1.2763058875542839,1.2845029811413424,0.2406378317871573,0.0,1.0,1.454249407369329,2.233895676581447,True
D3,24,18,Combination,h1_6,1,ARIMA,8.671362161636353,4.402890920639038,1.8341475389836461,1.679833088892083,3.1553912467209706,3.211572305901552,0.5905005995638473,0.5,1.0,3.768845323922435,5.7824679708580495,True
D3,24,18,Combination,h1_12,1,ARIMA,8.671362161636353,4.402890920639038,5.638839238718841,6.143704412952435,9.900415102495945,10.75886487086729,2.090239263661606,0.25,0.5833333333333334,6.474805202023927,9.84924834716818,True
D3,24,19,Combination,h1,1,ARIMA,8.671362161636353,4.402890920639038,1.9318086568842952,1.4153918066517455,4.100010897321807,4.017648876446589,0.7121827346086642,0.0,0.0,2.0563961666263673,3.1668016944017663,True
D3,24,19,Combination,h1_6,1,ARIMA,8.671362161636353,4.402890920639038,1.1243094080962357,0.9490250097597015,2.400229299649996,2.3826964881965473,0.5919325640512643,0.6666666666666666,0.8333333333333334,5.567990641328331,8.557862754862157,True
D3,24,19,Combination,h1_12,1,ARIMA,8.671362161636353,4.402890920639038,1.0058154658513347,0.8389024730720719,2.127941247287511,2.113861770844474,0.9002301034421251,0.8333333333333334,0.9166666666666666,10.698741565482164,16.272849625777592,True
D3,24,20,Combination,h1,1,ARIMA,8.671362161636353,4.402890920639038,0.17259693778290283,0.15355047404454386,0.3317196857921531,0.33117040707525974,0.13702314401563784,1.0,1.0,1.7213845091433153,2.6518540618595825,True
D3,24,20,Combination,h1_6,1,ARIMA,8.671362161636353,4.402890920639038,0.6496337218320221,0.7009695342168001,1.2568819512604223,1.2684566527674266,0.3216725217876026,1.0,1.0,3.5800290882145616,5.5199817496273935,True
D3,24,20,Combination,h1_12,1,ARIMA,8.671362161636353,4.402890920639038,2.1522445242863335,2.7562203169014126,4.281847446246536,4.489356287686192,0.7828906584399357,0.75,0.9166666666666666,5.071337540625508,7.706387531587431,True
D3,24,21,Combination,h1,1,ARIMA,8.671362161636353,4.402890920639038,0.43098390802184977,0.36476839842410824,0.748244863206277,0.745455945297201,0.1461406415258542,1.0,1.0,1.3126200267161834,2.0206345810822834,True
D3,24,21,Combination,h1_6,1,ARIMA,8.671362161636353,4.402890920639038,4.3983009662175245,4.433589622063534,6.972597058869072,6.6537186642845425,1.9138565048521652,0.16666666666666666,0.16666666666666666,2.648645377537178,4.08209583586819,True
D3,24,21,Combination,h1_12,1,ARIMA,8.671362161636353,4.402890920639038,7.150753254032669,6.729513829677081,10.708668145626572,10.058460929332965,3.1763323041837563,0.08333333333333333,0.08333333333333333,3.734165490849379,5.674784508295738,True
D3,24,22,Combination,h1,1,ARIMA,8.671362161636353,4.402890920639038,1.160205967106371,0.9819651787467328,2.688685217563653,2.65301954539559,0.3807201162080351,0.0,1.0,1.8804648342310144,2.897079778860819,True
D3,24,22,Combination,h1_6,1,ARIMA,8.671362161636353,4.402890920639038,1.6405001894840892,1.7192510430472856,3.8827637007024456,3.9537600927423866,0.6045821952242745,0.5,0.8333333333333334,3.649063426428232,5.631786244076353,True
D3,24,22,Combination,h1_12,1,ARIMA,8.671362161636353,4.402890920639038,6.037269737450313,6.472456088745475,15.756875615578087,18.14097050538178,2.5317928053365417,0.25,0.4166666666666667,4.8273148310438465,7.333268217730903,True
D3,24,23,Combination,h1,1,ARIMA,8.671362161636353,4.402890920639038,1.6540357310009306,1.4250900114356282,4.470633753877359,4.372885897403428,0.6151432597505022,0.0,0.0,1.7239269705392493,2.652053394349836,True
D3,24,23,Combination,h1_6,1,ARIMA,8.671362161636353,4.402890920639038,6.006853100234585,5.935570866414602,15.528031642295389,14.133228851339904,2.5474774661130963,0.0,0.0,3.8473814713006416,5.918867230634432,True
D3,24,23,Combination,h1_12,1,ARIMA,8.671362161636353,4.402890920639038,11.362515761058345,11.086549384774493,28.108676876484946,23.94071433589037,4.886982005074561,0.0,0.0,6.543982398112687,9.950706217216599,True
D3,24,24,Combination,h1,1,ARIMA,8.671362161636353,4.402890920639038,0.16618072870737416,0.13097431707874924,0.7178992651125556,0.7153315850165796,0.14555323750826996,1.0,1.0,1.8429271351108876,2.8364180818032847,True
D3,24,24,Combination,h1_6,1,ARIMA,8.671362161636353,4.402890920639038,0.5327026448823337,0.5254206860050215,2.507794858632715,2.4830707614194742,0.3177595294276715,1.0,1.0,3.6932942179515504,5.691304366425166,True
D3,24,24,Combination,h1_12,1,ARIMA,8.671362161636353,4.402890920639038,3.287043541889683,3.98256663396109,15.13278147124123,12.992416986877997,1.3762136277382497,0.6666666666666666,0.75,5.200722549737989,7.903670060787697,True
D3,24,25,Combination,h1,1,ARIMA,8.671362161636353,4.402890920639038,1.731859168286399,1.5240631959340003,5.291241979318792,5.154863820105717,0.6484015899311388,0.0,0.0,1.7580642109598852,2.7094266400968308,True
D3,24,25,Combination,h1_6,1,ARIMA,8.671362161636353,4.402890920639038,4.7136092205831,4.52416623184871,13.707908969083087,12.694111513398795,1.9284704372167791,0.0,0.0,3.680052725668187,5.676134130671568,True
D3,24,25,Combination,h1_12,1,ARIMA,8.671362161636353,4.402890920639038,4.719116424992978,4.4339320425653765,13.850605589168488,12.855922212129553,1.8142316448727132,0.08333333333333333,0.3333333333333333,5.220490058729242,7.93261898287604,True
D3,24,26,Combination,h1,1,ARIMA,8.671362161636353,4.402890920639038,0.2970289629853872,0.2334413443065362,0.5816500558095109,0.5833465736450956,0.1463000252805599,1.0,1.0,1.6569696120281132,2.557527459025651,True
D3,24,26,Combination,h1_6,1,ARIMA,8.671362161636353,4.402890920639038,0.7749607900967221,0.7172944150153637,1.5194890837105184,1.531560299746125,0.373907645824602,1.0,1.0,4.012251978614335,6.186541267433621,True
D3,24,26,Combination,h1_12,1,ARIMA,8.671362161636353,4.402890920639038,1.3898238909358578,1.277051258296203,2.673490911821848,2.6400669841637483,0.5914049958404373,1.0,1.0,5.756493007735302,8.747746672249281,True
D3,24,27,Combination,h1,1,ARIMA,8.671362161636353,4.402890920639038,0.5702124527949185,0.46310254922737953,1.3368009628392863,1.3457962715975722,0.21032787146778745,1.0,1.0,1.9838462177902438,3.0553498535542722,True
D3,24,27,Combination,h1_6,1,ARIMA,8.671362161636353,4.402890920639038,1.0260420801453016,1.0311225030246998,2.287070404641088,2.264380995407185,0.42379185694754995,0.8333333333333334,1.0,3.747126617191299,5.783011829943674,True
D3,24,27,Combination,h1_12,1,ARIMA,8.671362161636353,4.402890920639038,4.11933360266176,4.506171802296559,8.527126798579058,7.948636263894178,1.7137418123394559,0.4166666666666667,0.5833333333333334,4.936519493254819,7.499116849785766,True
D3,24,28,Combination,h1,1,ARIMA,8.671362161636353,4.402890920639038,1.4068004278110164,1.1697561539179029,2.3499582102047136,2.322667354112854,0.47725537331847323,0.0,1.0,1.8793938855251227,2.8926679738824,True
D3,24,28,Combination,h1_6,1,ARIMA,8.671362161636353,4.402890920639038,1.6872807466495294,1.5399375892368972,2.7983859564213347,2.752450355537912,0.5907783157831736,0.6666666666666666,1.0,3.80949457723129,5.869856506537812,True
D3,24,28,Combination,h1_12,1,ARIMA,8.671362161636353,4.402890920639038,4.249323905222096,4.776548006387806,6.711356958965118,6.341282913560136,1.6802624732420435,0.5,0.6666666666666666,5.371606878411059,8.163508161559387,True
D3,24,29,Combination,h1,1,ARIMA,8.671362161636353,4.402890920639038,0.40395125313927077,0.379571405313335,1.048669569599421,1.0431997106415971,0.1447601787801859,1.0,1.0,1.3988278614689933,2.1591705422653615,True
D3,24,29,Combination,h1_6,1,ARIMA,8.671362161636353,4.402890920639038,3.6731605351995578,3.8738728986040853,9.133449866298026,8.64285559368565,1.5092803275817415,0.16666666666666666,0.16666666666666666,3.08805866759139,4.767443526301028,True
D3,24,29,Combination,h1_12,1,ARIMA,8.671362161636353,4.402890920639038,5.601344101412454,5.735675546523255,13.396839317624169,12.428275068881693,2.3349459280656957,0.08333333333333333,0.08333333333333333,4.39411870539394,6.675962179043373,True
D3,24,30,Combination,h1,1,ARIMA,8.671362161636353,4.402890920639038,0.3379162769187892,0.26981157635059105,0.5780786118026279,0.5797543296931056,0.12912625268009667,1.0,1.0,1.2525551669905508,1.9292325815141902,True
D3,24,30,Combination,h1_6,1,ARIMA,8.671362161636353,4.402890920639038,3.828189995794057,3.688330633181081,6.49444242752904,6.819230130819015,1.5670445610107278,0.16666666666666666,0.16666666666666666,2.845452086148505,4.381906300086818,True
D3,24,30,Combination,h1_12,1,ARIMA,8.671362161636353,4.402890920639038,7.643760116626086,7.060707256567983,12.790418361094808,13.991916346097675,3.273742790397796,0.08333333333333333,0.08333333333333333,4.1434854038369675,6.298035411086682,True
D3,24,31,Combination,h1,1,ARIMA,8.671362161636353,4.402890920639038,0.08306155175243785,0.06963032115112645,0.16665140501090442,0.1665126571695574,0.1470022603016911,1.0,1.0,1.9261329619604175,2.9623604722744936,True
D3,24,31,Combination,h1_6,1,ARIMA,8.671362161636353,4.402890920639038,1.042432957420905,1.2456949054463842,2.0193160593423425,1.9792350281121054,0.459622138069418,1.0,1.0,4.233135108497474,6.5116382327686875,True
D3,24,31,Combination,h1_12,1,ARIMA,8.671362161636353,4.402890920639038,4.083856561587004,4.708586685170243,7.442446085175295,6.973683131620486,1.570732012051422,0.6666666666666666,0.75,6.413854771815798,9.751318387982788,True
D3,24,32,Combination,h1,1,ARIMA,8.671362161636353,4.402890920639038,0.41103374653817903,0.3557883664415662,0.48609454707525424,0.48727886507133517,0.15999455398132362,1.0,1.0,1.5796485794612398,2.4293202669906924,True
D3,24,32,Combination,h1_6,1,ARIMA,8.671362161636353,4.402890920639038,0.9920453897982562,1.0273595025586792,1.1602267311463492,1.168975760376178,0.40260085168316717,0.6666666666666666,0.8333333333333334,3.0888483076382083,4.757037942807546,True
D3,24,32,Combination,h1_12,1,ARIMA,8.671362161636353,4.402890920639038,1.8856227239847774,2.2045374866212093,2.09850239099976,2.0819139014462396,0.7500947483316317,0.5833333333333334,0.75,4.328100279383045,6.57810830502025,True
D3,24,33,Combination,h1,1,ARIMA,8.671362161636353,4.402890920639038,0.461646806870199,0.37810257069368514,1.02667878404708,1.0319763250398664,0.18705189492847998,1.0,1.0,1.8919958068310692,2.915644995603601,True
D3,24,33,Combination,h1_6,1,ARIMA,8.671362161636353,4.402890920639038,3.3633862715136815,3.065083477836356,7.849014550861612,8.255608664163644,1.2565106640511765,0.16666666666666666,0.3333333333333333,3.887113181886766,5.996519540169409,True
D3,24,33,Combination,h1_12,1,ARIMA,8.671362161636353,4.402890920639038,3.8792000717174413,3.3963567591485053,9.14416880726385,9.655834101171424,1.361391434091766,0.16666666666666666,0.5833333333333334,5.504942649108822,8.36458556145286,True
D3,24,34,Combination,h1,1,ARIMA,8.671362161636353,4.402890920639038,0.37630336230367945,0.31617597584029644,0.5805335028843591,0.5822235041359473,0.17738538193802583,1.0,1.0,1.9780033986674832,3.0431520085717345,True
D3,24,34,Combination,h1_6,1,ARIMA,8.671362161636353,4.402890920639038,1.6063448388619008,1.4998034864586254,2.4807438535415827,2.5194796963847197,0.5472130838647653,0.6666666666666666,1.0,3.9802220740854746,6.130567578658313,True
D3,24,34,Combination,h1_12,1,ARIMA,8.671362161636353,4.402890920639038,2.993587797884634,2.859424681738764,4.6171151467532585,4.759715228862213,1.00653904505272,0.4166666666666667,1.0,5.602390545431763,8.514753136660095,True
D3,24,35,Combination,h1,1,ARIMA,8.671362161636353,4.402890920639038,1.3506418573164467,1.0676794203019404,2.591879922691417,2.625910141564987,0.46841910602310266,0.0,1.0,1.9297605742581707,2.975750179966495,True
D3,24,35,Combination,h1_6,1,ARIMA,8.671362161636353,4.402890920639038,2.6135716042867525,2.1430698047721126,5.061479894120625,5.203507300268766,0.8867690988376147,0.16666666666666666,0.6666666666666666,3.687001068524799,5.697624782637629,True
D3,24,35,Combination,h1_12,1,ARIMA,8.671362161636353,4.402890920639038,2.995234337310456,2.4839064980401337,5.758880554011109,5.94795276336706,0.9911700480912705,0.16666666666666666,0.8333333333333334,4.9362060596703925,7.497216031207899,True
D3,24,36,Combination,h1,1,ARIMA,8.671362161636353,4.402890920639038,1.2525138065110888,1.0265031055242135,4.842336388286621,4.727866781511205,0.42397795693076984,0.0,1.0,1.6934969037202845,2.6073992314817023,True
D3,24,36,Combination,h1_6,1,ARIMA,8.671362161636353,4.402890920639038,1.053351577248838,0.9578443564239199,4.3265544326033085,4.406137315821951,0.4277836098730571,0.8333333333333334,1.0,3.882350382833481,5.97587257519283,True
D3,24,36,Combination,h1_12,1,ARIMA,8.671362161636353,4.402890920639038,1.1956033524751437,1.1301522017631767,5.03744079719348,5.053707965064472,0.5717531078896056,0.9166666666666666,1.0,6.0805287934442624,9.24412962950153,True
D3,24,37,Combination,h1,1,ARIMA,8.671362161636353,4.402890920639038,0.7314453136990066,0.6105897898780438,1.5620803089624928,1.5499743866188254,0.24005815526186072,1.0,1.0,1.8556188484214335,2.8608728632623506,True
D3,24,37,Combination,h1_6,1,ARIMA,8.671362161636353,4.402890920639038,5.834270415446869,5.6452558945675255,11.9658677494964,11.092922434995735,2.3363229922971596,0.16666666666666666,0.16666666666666666,5.356894429686714,8.235971738677744,True
D3,24,37,Combination,h1_12,1,ARIMA,8.671362161636353,4.402890920639038,8.836614972766254,8.053904708120639,18.19855682250515,16.429889696068557,3.311185918178092,0.08333333333333333,0.4166666666666667,10.682617015878792,16.248399661946447,True
D3,24,38,Combination,h1,1,ARIMA,8.671362161636353,4.402890920639038,0.3830138682647989,0.3295911616503941,1.193630501427144,1.2007970412997382,0.16959912705639968,1.0,1.0,1.817573799349934,2.8007743990677425,True
D3,24,38,Combination,h1_6,1,ARIMA,8.671362161636353,4.402890920639038,3.659836215336319,4.2703589238499555,11.211063408412016,10.193416803126427,1.405706809344197,0.5,0.6666666666666666,5.2279680424916,8.034808069450543,True
D3,24,38,Combination,h1_12,1,ARIMA,8.671362161636353,4.402890920639038,10.851179441475844,11.600303759586712,31.32555492794515,25.435672986459885,4.346114920217561,0.25,0.3333333333333333,10.400904632332413,15.820550528583395,True
D3,24,39,Combination,h1,1,ARIMA,8.671362161636353,4.402890920639038,0.4141753006976616,0.30267742044589635,0.5096617308110022,0.5083662566796758,0.1900254670890862,1.0,1.0,2.177636737565896,3.353572942739323,True
D3,24,39,Combination,h1_6,1,ARIMA,8.671362161636353,4.402890920639038,1.0388377004190354,0.9922420162674469,1.2885211122405096,1.3023100309499576,0.4430859136282658,1.0,1.0,4.474942218750449,6.898276275322749,True
D3,24,39,Combination,h1_12,1,ARIMA,8.671362161636353,4.402890920639038,5.739508347417966,5.574870962935495,7.466031264857338,8.002974883905996,2.3086880900561164,0.5,0.5,6.327251156246651,9.615192592754829,True
D3,24,40,Combination,h1,1,ARIMA,8.671362161636353,4.402890920639038,2.038721824944796,1.6377520327444366,3.690641926619959,3.7600264835468558,0.784932005492339,0.0,0.0,2.040186080086692,3.142374263038476,True
D3,24,40,Combination,h1_6,1,ARIMA,8.671362161636353,4.402890920639038,4.676655681644091,4.034064133990115,8.721777680893865,9.19041433786738,1.8059277755689362,0.0,0.0,4.273553570213503,6.587373053218879,True
D3,24,40,Combination,h1_12,1,ARIMA,8.671362161636353,4.402890920639038,6.2929844191048785,5.34701468358795,11.903726083744171,12.764575498209762,2.392461668582429,0.0,0.08333333333333333,6.057974557289394,9.206139135794578,True
D3,24,41,Combination,h1,1,ARIMA,8.671362161636353,4.402890920639038,1.2792264093226469,1.0154521305399464,3.263161851920387,3.3172860585105823,0.4364203024961877,0.0,1.0,2.057150694723381,3.1699881374357712,True
D3,24,41,Combination,h1_6,1,ARIMA,8.671362161636353,4.402890920639038,3.908719746773542,3.3305361137640226,10.484375875729135,11.169746567511229,1.4686854431656857,0.0,0.16666666666666666,3.941052974246393,6.0850486424208405,True
D3,24,41,Combination,h1_12,1,ARIMA,8.671362161636353,4.402890920639038,3.4039208367421265,2.930250272803671,8.854711473557181,9.174152003882345,1.2409440056811454,0.25,0.5833333333333334,5.208755630892062,7.912101718751874,True
D3,24,42,Combination,h1,1,ARIMA,8.671362161636353,4.402890920639038,0.39255453125894735,0.31293537226838786,0.6428855209021306,0.6408256332967834,0.18401258712496085,1.0,1.0,2.13460469289686,3.2876214732428566,True
D3,24,42,Combination,h1_6,1,ARIMA,8.671362161636353,4.402890920639038,0.402911166857771,0.4346429537789547,0.6718206017145235,0.6752488984084312,0.32519653117117164,1.0,1.0,3.988974810840075,6.1573322903503405,True
D3,24,42,Combination,h1_12,1,ARIMA,8.671362161636353,4.402890920639038,3.217790227991997,3.9066212840061163,5.0866188258872675,4.8168383989213055,1.3314254396658938,0.5833333333333334,0.75,5.245614531781044,7.968383766877457,True
D3,24,43,Combination,h1,1,ARIMA,8.671362161636353,4.402890920639038,0.9918706228865465,0.8466821143554651,2.4143468551902068,2.443848342997597,0.3330184329058568,0.0,1.0,1.780384865908175,2.7441207788196924,True
D3,24,43,Combination,h1_6,1,ARIMA,8.671362161636353,4.402890920639038,1.9859526023802452,1.7651794977427189,5.030665633007367,5.172942446635984,0.6497419029482933,0.5,1.0,4.500161477771482,6.926501904449593,True
D3,24,43,Combination,h1_12,1,ARIMA,8.671362161636353,4.402890920639038,2.5080026316415855,2.5907750498310387,6.26634995925887,6.1424033290984354,0.9797482003429564,0.75,1.0,8.317672504164765,12.648388654279367,True
D3,24,44,Combination,h1,1,ARIMA,8.671362161636353,4.402890920639038,1.6757867219312896,1.3647161890514166,2.7821358755462695,2.7439654519210244,0.5819329954090897,0.0,0.0,2.0729726952555705,3.1929749907529925,True
D3,24,44,Combination,h1_6,1,ARIMA,8.671362161636353,4.402890920639038,4.90947438941272,4.211628052698675,7.900429083516994,7.5707216942459254,1.8451512261158423,0.0,0.16666666666666666,5.623685776892807,8.644754206260785,True
D3,24,44,Combination,h1_12,1,ARIMA,8.671362161636353,4.402890920639038,4.484479918450016,3.8149819025155063,7.245698235034724,6.971961792405434,1.7197293209031748,0.5,0.5833333333333334,10.820025312764978,16.457048050623342,True
D3,24,45,Combination,h1,1,ARIMA,8.671362161636353,4.402890920639038,0.4131005160423132,0.3433871726886478,0.825881695682245,0.8224853178373986,0.1759136134059751,1.0,1.0,1.929391538809967,2.9736769220092865,True
D3,24,45,Combination,h1_6,1,ARIMA,8.671362161636353,4.402890920639038,0.9069479117429808,0.8948478596046598,1.8264626640865007,1.8492673221846934,0.3629875217586848,1.0,1.0,3.7231514905992995,5.749290830655281,True
D3,24,45,Combination,h1_12,1,ARIMA,8.671362161636353,4.402890920639038,1.9443227256472053,1.8960373655317857,3.9695778014135263,4.0816619468365145,0.6469483958631591,0.75,1.0,4.925171895563064,7.48119533348239,True
D3,24,46,Combination,h1,1,ARIMA,8.671362161636353,4.402890920639038,0.366120779180069,0.2845909835988771,0.5104633025056399,0.5091637554450367,0.17883035093770458,1.0,1.0,2.11630779434869,3.2553019842679176,True
D3,24,46,Combination,h1_6,1,ARIMA,8.671362161636353,4.402890920639038,2.5506061864659415,3.030684002588956,3.3846387267866422,3.2591440999593555,1.0959160749362737,0.6666666666666666,0.6666666666666666,3.8098820241429276,5.874662087297723,True
D3,24,46,Combination,h1_12,1,ARIMA,8.671362161636353,4.402890920639038,9.748945156768972,9.857479506939816,11.981652968059537,10.914667694433906,4.392477223697775,0.3333333333333333,0.3333333333333333,5.269389968610518,8.006886766380028,True
D3,24,47,Combination,h1,1,ARIMA,8.671362161636353,4.402890920639038,1.3165238939651291,1.0105549638303402,1.8461061171167001,1.86330541473772,0.4509061369171572,0.0,1.0,2.0211034462072948,3.109379131224288,True
D3,24,47,Combination,h1_6,1,ARIMA,8.671362161636353,4.402890920639038,4.810826918129642,4.002671515864489,6.852984393456962,7.14271923039391,1.9642440601811664,0.0,0.16666666666666666,3.5371717957680584,5.458950579874944,True
D3,24,47,Combination,h1_12,1,ARIMA,8.671362161636353,4.402890920639038,5.352087047751221,4.288935056201446,7.625981722102966,7.9581434801515885,2.091277322260487,0.0,0.08333333333333333,4.5690140315743255,6.949699424084105,True
D3,24,48,Combination,h1,1,ARIMA,8.671362161636353,4.402890920639038,0.5372338868666717,0.4030781472222575,0.9515028961634345,0.9469975416457567,0.2103083870897631,1.0,1.0,2.174523533853298,3.3497072317410064,True
D3,24,48,Combination,h1_6,1,ARIMA,8.671362161636353,4.402890920639038,2.6114436276765294,2.1094775120044793,4.52703250143294,4.41168685761667,0.9436941289993002,0.3333333333333333,0.8333333333333334,4.636902783427634,7.146855290554042,True
D3,24,48,Combination,h1_12,1,ARIMA,8.671362161636353,4.402890920639038,1.8658510833989093,1.6357892506163096,3.2449706036765154,3.175376690152347,0.8547721907618179,0.6666666666666666,0.9166666666666666,6.849258995593556,10.409611351359182,True
D3,24,49,Combination,h1,1,ARIMA,8.671362161636353,4.402890920639038,1.4593186152142772,1.2034226810091078,1.8379694481213273,1.8550167688558765,0.5037171927600302,0.0,1.0,2.1195843468285163,3.2620780893366046,True
D3,24,49,Combination,h1_6,1,ARIMA,8.671362161636353,4.402890920639038,1.159515609041952,1.1163677854031961,1.4599295403553203,1.4744637592521301,0.48986611647967976,0.6666666666666666,1.0,3.815510163948799,5.887221192831971,True
D3,24,49,Combination,h1_12,1,ARIMA,8.671362161636353,4.402890920639038,1.8577714253337825,1.8634393827575257,2.3496886899276412,2.3914596349621524,0.6860928021695338,0.6666666666666666,1.0,5.284285453186227,8.02864815888854,True
D3,24,50,Combination,h1,1,ARIMA,8.671362161636353,4.402890920639038,0.5770185470029938,0.4832873719305479,0.8198707487856196,0.8232455234041585,0.21096257060699003,1.0,1.0,1.9736216370286448,3.040663700694599,True
D3,24,50,Combination,h1_6,1,ARIMA,8.671362161636353,4.402890920639038,10.08179833195876,9.772216823229565,15.667625142943317,17.557819116939825,4.615172521805675,0.16666666666666666,0.16666666666666666,3.5227457854477477,5.443318971401181,True
D3,24,50,Combination,h1_12,1,ARIMA,8.671362161636353,4.402890920639038,16.380526852928803,15.192433291733991,26.805049536802766,32.33022174761875,7.5962071830703755,0.08333333333333333,0.08333333333333333,4.61406468763411,7.007654155941241,True
D3,24,51,Combination,h1,1,ARIMA,8.671362161636353,4.402890920639038,1.2862271753634344,0.9742549211992815,2.10332460785175,2.0814349411944657,0.43151594162209134,0.0,1.0,1.8526601499606483,2.850790882471493,True
D3,24,51,Combination,h1_6,1,ARIMA,8.671362161636353,4.402890920639038,1.7511844160437007,1.4774868858476558,2.7965362047797293,2.7606391316368066,0.6646204965577001,0.5,0.8333333333333334,3.8387237127149323,5.911756334148802,True
D3,24,51,Combination,h1_12,1,ARIMA,8.671362161636353,4.402890920639038,4.554317983084165,4.19658541867457,7.348194377518532,7.733221875617244,1.7385381054402338,0.25,0.5,5.4245472808448545,8.24472184342178,True
D3,24,52,Combination,h1,1,ARIMA,8.671362161636353,4.402890920639038,1.791496828714423,1.3696859723030594,4.35051895399245,4.257898610937148,0.6445118196325259,0.0,0.0,2.030294521691676,3.1290567654690573,True
D3,24,52,Combination,h1_6,1,ARIMA,8.671362161636353,4.402890920639038,4.9469870860723555,4.114945392425655,11.523956290548163,10.801869158681615,1.9514839531535635,0.0,0.0,4.444447536831582,6.85149588343646,True
D3,24,52,Combination,h1_12,1,ARIMA,8.671362161636353,4.402890920639038,10.115259360641621,8.981515998737411,21.830563312191188,19.175022027410744,4.256227436879135,0.0,0.0,6.695954414304581,10.176700734414947,True
D3,24,53,Combination,h1,1,ARIMA,8.671362161636353,4.402890920639038,0.8754417403812524,0.699264616134804,1.4192172291123304,1.429360091454318,0.2934367259746636,1.0,1.0,2.1144446616085744,3.2552665238808944,True
D3,24,53,Combination,h1_6,1,ARIMA,8.671362161636353,4.402890920639038,2.775311045071546,2.6296779108076254,4.600147090429745,4.757614994562825,0.9593284441555389,0.5,0.8333333333333334,4.345572155813501,6.696624032288341,True
D3,24,53,Combination,h1_12,1,ARIMA,8.671362161636353,4.402890920639038,3.5670447583044065,3.1001638867202375,5.913396872475697,6.129985591790401,1.1753834075355625,0.5,0.9166666666666666,6.27507728522326,9.536821637205708,True
D3,24,54,Combination,h1,1,ARIMA,8.671362161636353,4.402890920639038,0.21669817894155297,0.16651224636253598,0.971497763384712,0.9668015357366866,0.13989846282811072,1.0,1.0,1.7245495577903827,2.661324856479532,True
D3,24,54,Combination,h1_6,1,ARIMA,8.671362161636353,4.402890920639038,0.8751693403290428,0.790271536751262,4.200803832847329,4.326479910836189,0.3690598846654268,1.0,1.0,3.630209557939012,5.606790102665581,True
D3,24,54,Combination,h1_12,1,ARIMA,8.671362161636353,4.402890920639038,1.3828770233478969,1.269938727590897,7.091036163000326,7.475314317217134,0.5558453556921672,1.0,1.0,5.169905313233609,7.854080109372831,True
D3,24,55,Combination,h1,1,ARIMA,8.671362161636353,4.402890920639038,0.49657789466574326,0.4240844800950189,1.9441841297137645,1.925466819549472,0.1666417784883056,1.0,1.0,1.4450549527041183,2.2280362445173196,True
D3,24,55,Combination,h1_6,1,ARIMA,8.671362161636353,4.402890920639038,0.9260019659602997,0.9929954587824787,3.6938294784443224,3.595285699432102,0.4548495002300805,0.6666666666666666,1.0,3.9125175303149,6.019450217739647,True
D3,24,55,Combination,h1_12,1,ARIMA,8.671362161636353,4.402890920639038,1.8389601554692263,1.9910617801684798,7.848862074343267,7.38572869641391,0.773651664931074,0.8333333333333334,1.0,7.4030899469425,11.258561495969866,True
D3,24,56,Combination,h1,1,ARIMA,8.671362161636353,4.402890920639038,1.445540827349238,1.0553103255813514,2.490836556376834,2.522249107786654,0.49903236096754267,0.0,1.0,2.1370887400070266,3.294592095678859,True
D3,24,56,Combination,h1_6,1,ARIMA,8.671362161636353,4.402890920639038,3.187297083363251,2.425193116038247,5.530630605908948,5.70240846703341,1.0828071552066298,0.0,0.5,4.287498469105951,6.619032255989609,True
D3,24,56,Combination,h1_12,1,ARIMA,8.671362161636353,4.402890920639038,5.195202039185709,4.330659942160897,9.176866671535908,9.778478360536674,1.9233737482598512,0.08333333333333333,0.4166666666666667,5.754074596113972,8.740978988244148,True
D3,24,57,Combination,h1,1,ARIMA,8.671362161636353,4.402890920639038,1.3463972485243316,1.1096187390299146,2.495010549878611,2.5265291340993787,0.4678329149102177,0.0,1.0,1.873131354442534,2.8856264752941763,True
D3,24,57,Combination,h1_6,1,ARIMA,8.671362161636353,4.402890920639038,2.2536395318042897,2.1560772406698425,4.236823295636924,4.362456040919302,0.8833826428987682,0.3333333333333333,0.5,3.3849782111878084,5.229014068515883,True
D3,24,57,Combination,h1_12,1,ARIMA,8.671362161636353,4.402890920639038,2.1636593859534043,2.1309402078043664,3.971333940600525,3.993254842892693,0.8406848754803862,0.5,0.6666666666666666,4.435027684012319,6.736074958469757,True
D3,24,58,Combination,h1,1,ARIMA,8.671362161636353,4.402890920639038,0.42056065622499916,0.3445670246505375,1.2660382298709671,1.2580743785744848,0.16232816388246446,1.0,1.0,1.6618081351928888,2.56092522479945,True
D3,24,58,Combination,h1_6,1,ARIMA,8.671362161636353,4.402890920639038,1.4325564430986963,1.2619703245674156,4.208137349530769,4.108832883811343,0.4908428279868823,0.8333333333333334,1.0,3.849404486168903,5.929687740362787,True
D3,24,58,Combination,h1_12,1,ARIMA,8.671362161636353,4.402890920639038,2.1246204240480777,1.953530942315986,6.181324886359122,5.953330798354517,0.7301199064658551,0.75,1.0,5.566490906044781,8.460476580169168,True
D3,24,59,Combination,h1,1,ARIMA,8.671362161636353,4.402890920639038,0.34209604166981183,0.28768641268220274,0.574785128609556,0.5731379726928296,0.1615507565298693,1.0,1.0,1.880652904025869,2.89552834806469,True
D3,24,59,Combination,h1_6,1,ARIMA,8.671362161636353,4.402890920639038,5.010739897609852,4.9368474114791,7.874045990785995,7.476929988124242,2.0974308244492015,0.16666666666666666,0.3333333333333333,3.8081678570419797,5.869948962148548,True
D3,24,59,Combination,h1_12,1,ARIMA,8.671362161636353,4.402890920639038,6.777959926083795,6.169029189176398,10.437115182676648,9.841058406337778,2.770960516822017,0.08333333333333333,0.16666666666666666,5.372491802420672,8.164367064967402,True
D3,24,60,Combination,h1,1,ARIMA,8.671362161636353,4.402890920639038,1.774926989887386,1.4458362850327222,3.027764560909512,3.0743059336865617,0.6748659741791799,0.0,0.0,1.8493781746155211,2.8479857078905173,True
D3,24,60,Combination,h1_6,1,ARIMA,8.671362161636353,4.402890920639038,3.801074924477486,3.2240556652509063,6.68325489266326,6.936593627986015,1.5131779457008085,0.0,0.0,3.100297563224657,4.792241556704584,True
D3,24,60,Combination,h1_12,1,ARIMA,8.671362161636353,4.402890920639038,4.712779096640986,4.049621174841907,8.329103829017855,8.738760595997995,1.8381465165791118,0.0,0.08333333333333333,4.25027705587049,6.455509491310152,True
D3,24,61,Combination,h1,1,ARIMA,8.671362161636353,4.402890920639038,1.8404007567602796,1.5330470534360499,3.0712469519898185,3.1191452791467835,0.7380734818116156,0.0,0.0,1.5808897040954615,2.4324243612627985,True
D3,24,61,Combination,h1_6,1,ARIMA,8.671362161636353,4.402890920639038,3.412076184755075,2.9980704418087134,5.603439070074706,5.783434856413694,1.3133809645050933,0.0,0.0,3.185344588451539,4.906700540503815,True
D3,24,61,Combination,h1_12,1,ARIMA,8.671362161636353,4.402890920639038,7.084473876388695,6.858066231583608,11.644395285950681,12.655573021664118,2.988751292458926,0.0,0.0,4.485787403371938,6.817595244584291,True
D3,24,62,Combination,h1,1,ARIMA,8.671362161636353,4.402890920639038,1.9689439684937124,1.5083547152127017,4.631550066422009,4.741349043816092,0.7382679132747483,0.0,0.0,2.143312521996981,3.301612098310509,True
D3,24,62,Combination,h1_6,1,ARIMA,8.671362161636353,4.402890920639038,3.7698483985435267,2.9856342103022375,8.91230563300347,9.360527654918547,1.3545410196012893,0.0,0.3333333333333333,4.251397274941154,6.558563337169469,True
D3,24,62,Combination,h1_12,1,ARIMA,8.671362161636353,4.402890920639038,4.748492916156547,3.9824078692932896,11.182072290316782,12.002986243027948,1.6725978166109512,0.16666666666666666,0.4166666666666667,5.656297843393331,8.593363301570825,True
D3,24,63,Combination,h1,1,ARIMA,8.671362161636353,4.402890920639038,0.2091832257735247,0.17183208884134177,1.5823502792745456,1.5949692797003867,0.11208732287471697,1.0,1.0,1.3203679927019756,2.0390117173025093,True
D3,24,63,Combination,h1_6,1,ARIMA,8.671362161636353,4.402890920639038,1.0768398889510642,1.2243310613101528,8.780977598828406,8.110196646145535,0.4232601692725176,0.6666666666666666,1.0,3.158306274965162,4.8728759539843,True
D3,24,63,Combination,h1_12,1,ARIMA,8.671362161636353,4.402890920639038,1.9960117564831261,1.9060334824428968,18.1613434483205,16.13874882206921,0.7138971904089271,0.75,1.0,5.075610416175333,7.7140339899878665,True
D3,24,64,Combination,h1,1,ARIMA,8.671362161636353,4.402890920639038,0.1486668395623878,0.11407301400218378,0.25058403785690214,0.2502704689335935,0.14631255367188056,1.0,1.0,1.8666239766570412,2.872395070179193,True
D3,24,64,Combination,h1_6,1,ARIMA,8.671362161636353,4.402890920639038,1.629230537033758,1.5745876440706015,2.6528364481632196,2.7095270395189024,0.5716345930738337,0.8333333333333334,1.0,4.474168934150786,6.880117242897363,True
D3,24,64,Combination,h1_12,1,ARIMA,8.671362161636353,4.402890920639038,3.06062713117185,2.763004887657318,4.777078874612521,4.937900978321686,1.0306051762635955,0.9166666666666666,1.0,8.058997629676542,12.256071666588708,True
D3,24,65,Combination,h1,1,ARIMA,8.671362161636353,4.402890920639038,0.014425157001240013,0.01138413812339448,0.045154303341468326,0.04516450019917963,0.13115997203138327,1.0,1.0,1.76008887430545,2.71289663787044,True
D3,24,65,Combination,h1_6,1,ARIMA,8.671362161636353,4.402890920639038,0.6092892744454573,0.6185069854481853,1.896825233314197,1.8709143159267143,0.3506350546249112,1.0,1.0,3.8464692243719028,5.930398943265198,True
D3,24,65,Combination,h1_12,1,ARIMA,8.671362161636353,4.402890920639038,1.3644665889752872,1.3923451410295025,4.138680017249934,4.004862023333736,0.5893085746585396,0.9166666666666666,1.0,5.3769856109426515,8.170716816072018,True
D3,24,66,Combination,h1,1,ARIMA,8.671362161636353,4.402890920639038,0.3779977285004868,0.3282164199493586,0.607280436186451,0.6054420705629654,0.159763856767876,1.0,1.0,1.7430782666476523,2.685845750958992,True
D3,24,66,Combination,h1_6,1,ARIMA,8.671362161636353,4.402890920639038,6.376637276432174,6.6320836059094335,9.521520130736084,8.924931391372116,2.814499249164434,0.16666666666666666,0.16666666666666666,3.601886564261856,5.555398916359156,True
D3,24,66,Combination,h1_12,1,ARIMA,8.671362161636353,4.402890920639038,7.503901749229922,7.1020950074093,11.17260416074255,10.484006738838676,3.220307127017433,0.08333333333333333,0.08333333333333333,5.1003119812383515,7.75001435801248,True
D3,24,67,Combination,h1,1,ARIMA,8.671362161636353,4.402890920639038,0.824844308305191,0.6802483924710767,1.2262593728093512,1.2187866301658732,0.2689273953343391,1.0,1.0,1.969019672456337,3.0295529799083725,True
D3,24,67,Combination,h1_6,1,ARIMA,8.671362161636353,4.402890920639038,5.736358250283232,5.5097198328953505,7.92896306778774,7.534297084671349,2.408517855071911,0.16666666666666666,0.16666666666666666,4.043503146005749,6.227110813469199,True
D3,24,67,Combination,h1_12,1,ARIMA,8.671362161636353,4.402890920639038,6.8527727713205,6.157292528594552,9.285206969587561,8.806699128765029,2.7541029038638403,0.08333333333333333,0.16666666666666666,5.732875342657868,8.71340515976464,True
D3,24,68,Combination,h1,1,ARIMA,8.671362161636353,4.402890920639038,3.127264959934731,2.4471196247670317,13.222179940868012,14.158190663840065,1.2529318356765817,0.0,0.0,2.6850555778339693,4.124076378868713,True
D3,24,68,Combination,h1_6,1,ARIMA,8.671362161636353,4.402890920639038,8.144959470965825,6.727510052416055,37.20592361068806,47.421759295643255,3.52735123702511,0.0,0.0,4.250438520546751,6.551610373524539,True
D3,24,68,Combination,h1_12,1,ARIMA,8.671362161636353,4.402890920639038,9.428562321655367,7.608346448415715,44.15053056601807,58.10661366206137,3.996311448609501,0.0,0.0,5.352656435248015,8.132269664829405,True
D3,24,69,Combination,h1,1,ARIMA,8.671362161636353,4.402890920639038,0.3656387432006069,0.31399205300857275,0.6744434530232088,0.6721767270590112,0.20036363899851964,1.0,1.0,2.4378470499839513,3.7453931694496734,True
D3,24,69,Combination,h1_6,1,ARIMA,8.671362161636353,4.402890920639038,1.5920294277328901,1.9539845600068084,3.1090374736495425,3.211610428565306,0.6447906849488088,0.6666666666666666,0.8333333333333334,3.9221083388187625,6.046612870286107,True
D3,24,69,Combination,h1_12,1,ARIMA,8.671362161636353,4.402890920639038,3.3398079265209364,3.4115265269957185,6.612822789474166,6.94004889477962,1.2610052813491712,0.3333333333333333,0.4166666666666667,5.0058220570858,7.605302181656234,True
D3,24,70,Combination,h1,1,ARIMA,8.671362161636353,4.402890920639038,1.0164705234964064,0.8691220807441108,1.8614492450590967,1.8789369741190343,0.3466022733505381,0.0,1.0,1.6274616510034423,2.5060444030605513,True
D3,24,70,Combination,h1_6,1,ARIMA,8.671362161636353,4.402890920639038,4.557804972572013,4.188025849772138,8.404632996310825,8.8344540205374,1.8724795113338084,0.0,0.16666666666666666,3.251591988434254,5.013620390971056,True
D3,24,70,Combination,h1_12,1,ARIMA,8.671362161636353,4.402890920639038,4.9381858725115855,4.38679872651309,8.845422553934466,9.290132491694846,1.8824423724064063,0.0,0.25,4.581198405939168,6.961484929276344,True
D3,24,71,Combination,h1,1,ARIMA,8.671362161636353,4.402890920639038,1.1984140106092587,0.9371722688903457,2.4121521020802916,2.441599650730027,0.41739872456434246,0.0,1.0,1.632503015029028,2.514699163184107,True
D3,24,71,Combination,h1_6,1,ARIMA,8.671362161636353,4.402890920639038,1.132226474119223,1.2775926808964302,2.3069540864999656,2.2636390262008574,0.4871447276357457,0.6666666666666666,1.0,3.415865680210796,5.265949794619335,True
D3,24,71,Combination,h1_12,1,ARIMA,8.671362161636353,4.402890920639038,4.33961732859644,4.369408385053975,8.84352712410853,8.248787478474377,1.761968701952956,0.3333333333333333,0.5,4.955679891640301,7.5312106931308795,True
D3,24,72,Combination,h1,1,ARIMA,8.671362161636353,4.402890920639038,0.6061857091227669,0.5151306288925334,0.8903745739844005,0.8943561337924797,0.21403618011418357,1.0,1.0,1.9210174216600746,2.9573857379705006,True
D3,24,72,Combination,h1_6,1,ARIMA,8.671362161636353,4.402890920639038,1.8565801224921934,1.9724275781945273,2.7622378964409595,2.8240531736263907,0.6326935179601975,0.6666666666666666,1.0,4.011952525909375,6.181133385962079,True
D3,24,72,Combination,h1_12,1,ARIMA,8.671362161636353,4.402890920639038,2.5594556765082,2.4840736758619575,3.8078974475227865,3.905912831362854,0.8640873795464089,0.6666666666666666,0.9166666666666666,5.835479287343095,8.869161219126042,True
D3,24,73,Combination,h1,1,ARIMA,8.671362161636353,4.402890920639038,1.8914345889898145,1.4666235043421971,3.26166856432173,3.209329715100299,0.6865272645207393,0.0,0.0,2.098590804025109,3.23265297701942,True
D3,24,73,Combination,h1_6,1,ARIMA,8.671362161636353,4.402890920639038,4.969601716872282,4.178951855215536,8.311871447193326,7.929577009670641,2.0071670937011548,0.0,0.0,4.1572078141389275,6.413221714602043,True
D3,24,73,Combination,h1_12,1,ARIMA,8.671362161636353,4.402890920639038,10.5901688250555,9.459793171213626,16.767561813962946,15.143520002806895,4.670911853613194,0.0,0.0,5.510354815965487,8.371574539412144,True
D3,24,74,Combination,h1,1,ARIMA,8.671362161636353,4.402890920639038,1.8520238846349162,1.6062989693933214,3.0457722272561245,3.0000843591534494,0.716531996980421,0.0,0.0,1.7018491698003877,2.6191524255136267,True
D3,24,74,Combination,h1_6,1,ARIMA,8.671362161636353,4.402890920639038,5.499877684978474,5.216441312173573,8.500578875252756,8.09767383666441,2.367911442400827,0.0,0.0,3.342537001377309,5.151736808879203,True
D3,24,74,Combination,h1_12,1,ARIMA,8.671362161636353,4.402890920639038,6.34882130530472,5.775212853069553,9.56347152632782,9.091566007378475,2.652772933526039,0.0,0.0,4.693610086372034,7.132743064693125,True
D3,24,75,Combination,h1,1,ARIMA,8.671362161636353,4.402890920639038,2.027173988423344,1.5539634543363188,7.44031245682823,7.173448948961337,0.8087858219549438,0.0,0.0,1.655106596661322,2.5507966376905182,True
D3,24,75,Combination,h1_6,1,ARIMA,8.671362161636353,4.402890920639038,3.013553411858303,2.3472261976819713,11.462112261421751,10.81674160163953,1.0975894734170888,0.0,0.6666666666666666,3.7006941249718137,5.7034123529351435,True
D3,24,75,Combination,h1_12,1,ARIMA,8.671362161636353,4.402890920639038,5.749856053691955,5.2063690247420205,22.283677684353073,19.38892848042788,2.3015452967529884,0.0,0.4166666666666667,5.1072744806181865,7.761182370722025,True
D3,24,76,Combination,h1,1,ARIMA,8.671362161636353,4.402890920639038,0.5761827920988993,0.49433137755836665,1.305870045077725,1.3144525662373496,0.20508120332205473,1.0,1.0,1.8759275971824318,2.8894794317808943,True
D3,24,76,Combination,h1_6,1,ARIMA,8.671362161636353,4.402890920639038,0.6820772059354784,0.6402354357680141,1.545137103390707,1.5594143439584163,0.36282177015266154,1.0,1.0,4.027829491927819,6.206996836765496,True
D3,24,76,Combination,h1_12,1,ARIMA,8.671362161636353,4.402890920639038,1.8064360606735095,2.0822638933502726,4.16848963045562,4.334883471648898,0.6744556119169395,0.9166666666666666,1.0,5.97588096811068,9.082567423219187,True
D3,24,77,Combination,h1,1,ARIMA,8.671362161636353,4.402890920639038,2.314687073658324,1.9339106102748342,6.2834465850603385,6.4872582897974995,0.9502310797295063,0.0,0.0,1.8088754699985454,2.790024126618859,True
D3,24,77,Combination,h1_6,1,ARIMA,8.671362161636353,4.402890920639038,3.928304901342536,3.4525474032464776,10.841688953914492,11.540998105134188,1.483336438263993,0.0,0.0,3.7241826465041337,5.7505438709171335,True
D3,24,77,Combination,h1_12,1,ARIMA,8.671362161636353,4.402890920639038,5.331066837486902,4.745066116947447,14.651499382400582,16.001135687159334,1.9990034589625842,0.0,0.16666666666666666,5.067219828656215,7.6975666890077115,True
D3,24,78,Combination,h1,1,ARIMA,8.671362161636353,4.402890920639038,0.3477057110213912,0.2859847895053488,0.5864470850490282,0.5881717430701869,0.17433388355572407,1.0,1.0,2.001385061376051,3.0831614144145756,True
D3,24,78,Combination,h1_6,1,ARIMA,8.671362161636353,4.402890920639038,1.7360055317141911,1.7173104039825697,2.8981352474483324,2.8393554583122924,0.6341297784011373,0.5,1.0,4.125074582101546,6.360988164544693,True
D3,24,78,Combination,h1_12,1,ARIMA,8.671362161636353,4.402890920639038,4.166507875820156,4.098882413531509,6.8711396341318105,6.552866678617759,1.5138723156858054,0.25,0.6666666666666666,6.526725262775544,9.919979976262606,True
D3,24,79,Combination,h1,1,ARIMA,8.671362161636353,4.402890920639038,4.479259783907247,3.8683960845214918,6.527276051418135,6.320982076762653,2.0079299000858857,0.0,0.0,1.8739159029082535,2.8874276404709414,True
D3,24,79,Combination,h1_6,1,ARIMA,8.671362161636353,4.402890920639038,10.8386308581339,10.144340303084146,15.008200430022306,13.820380320703581,5.060790793763267,0.0,0.0,3.10381607280978,4.802250670498047,True
D3,24,79,Combination,h1_12,1,ARIMA,8.671362161636353,4.402890920639038,13.751371499796017,12.540398454283665,18.783302806273795,17.03004403012765,6.387634344456708,0.0,0.0,4.2228943915600246,6.412740433116796,True
D3,24,80,Combination,h1,1,ARIMA,8.671362161636353,4.402890920639038,0.657949040148337,0.5376433361745512,1.5283303909896393,1.516739991865651,0.2191578384006547,1.0,1.0,1.8187607909311092,2.80177593947297,True
D3,24,80,Combination,h1_6,1,ARIMA,8.671362161636353,4.402890920639038,1.9562791885184576,1.8670206361317452,4.456317141241525,4.326331707799635,0.6717971965206584,0.5,1.0,4.158522808572787,6.404540849668117,True
D3,24,80,Combination,h1_12,1,ARIMA,8.671362161636353,4.402890920639038,4.029439494451471,3.806793413365031,8.945824051474151,8.449668921574622,1.4217518188930738,0.25,0.6666666666666666,6.050992306456695,9.1972775323025,True
D3,24,81,Combination,h1,1,ARIMA,8.671362161636353,4.402890920639038,0.19597721465892584,0.163389526289059,0.4527298969020176,0.4537570438003089,0.11843156669825278,1.0,1.0,1.4516085094809765,2.2382077233033204,True
D3,24,81,Combination,h1_6,1,ARIMA,8.671362161636353,4.402890920639038,0.8126815135181519,0.8853699004073526,1.8519437877636848,1.8290555820185004,0.4011780533274873,1.0,1.0,4.3510827929825595,6.687694446213771,True
D3,24,81,Combination,h1_12,1,ARIMA,8.671362161636353,4.402890920639038,1.499065483991757,1.6174345645335504,3.3708537739855484,3.28257814094897,0.8134935434730662,1.0,1.0,8.767882609856942,13.336655079795541,True
D3,24,82,Combination,h1,1,ARIMA,8.671362161636353,4.402890920639038,1.813623677184037,1.396066347091262,1.9811133024058083,1.9616817335190033,0.6542046467443211,0.0,0.0,2.056212738631464,3.162881440687534,True
D3,24,82,Combination,h1_6,1,ARIMA,8.671362161636353,4.402890920639038,3.06228798354233,2.45980475038007,3.307147234013883,3.2488623548488977,1.0802007785073835,0.0,0.5,4.2398302110528965,6.527304554889398,True
D3,24,82,Combination,h1_12,1,ARIMA,8.671362161636353,4.402890920639038,5.159287527696606,4.570820120296867,5.459907711830739,5.27309660129238,1.923159376535021,0.08333333333333333,0.4166666666666667,6.111186707788243,9.289179158400309,True
D3,24,83,Combination,h1,1,ARIMA,8.671362161636353,4.402890920639038,0.8763843042332652,0.7328082774192642,3.511550411578115,3.5743072113741525,0.2903306761470702,0.0,1.0,1.709618700814023,2.6356428437345873,True
D3,24,83,Combination,h1_6,1,ARIMA,8.671362161636353,4.402890920639038,3.17354788595541,2.9261746719814634,13.01772288827566,14.150760685354067,1.0838994930446768,0.0,0.6666666666666666,4.7391614371244115,7.288822649497398,True
D3,24,83,Combination,h1_12,1,ARIMA,8.671362161636353,4.402890920639038,2.0978226536366003,2.2381704514229157,8.459565957271446,9.108204393922534,1.0809029803211943,0.5,0.8333333333333334,9.09385433816968,13.83066652339372,True
D3,24,84,Combination,h1,1,ARIMA,8.671362161636353,4.402890920639038,0.8574502399340247,0.7424230473075505,3.1415334549593297,3.0929504188820873,0.2720541596908996,1.0,1.0,1.6996679119382185,2.619574767532947,True
D3,24,84,Combination,h1_6,1,ARIMA,8.671362161636353,4.402890920639038,1.2365805680274606,1.159625518200965,4.5131511341399015,4.611368283973323,0.4881768767218488,1.0,1.0,4.772293633415188,7.337228226748465,True
D3,24,84,Combination,h1_12,1,ARIMA,8.671362161636353,4.402890920639038,2.666415041067252,2.785469302093732,9.643350183787263,10.368729660523567,0.9956591843392976,1.0,1.0,9.220126301038631,14.023415073458155,True
D3,24,85,Combination,h1,1,ARIMA,8.671362161636353,4.402890920639038,1.2616230255227365,1.0740645132916204,1.9803493374850198,2.000154359286423,0.4291206649163566,0.0,1.0,2.0277237844425726,3.1184692009632213,True
D3,24,85,Combination,h1_6,1,ARIMA,8.671362161636353,4.402890920639038,1.529409207964134,1.4168114259667501,2.3485663602103206,2.3269731843420685,0.5292171463767644,0.6666666666666666,1.0,3.651040201561071,5.628440520705428,True
D3,24,85,Combination,h1_12,1,ARIMA,8.671362161636353,4.402890920639038,3.941668065832964,4.319125240960202,5.803790449782422,5.553255394888291,1.515965302533301,0.3333333333333333,0.6666666666666666,5.048210260385171,7.6710964956656404,True
D3,24,86,Combination,h1,1,ARIMA,8.671362161636353,4.402890920639038,0.8761010417675775,0.6805645402403654,2.3791207137442907,2.3511523376064516,0.28309448071791526,1.0,1.0,1.9839567246356298,3.055953645690821,True
D3,24,86,Combination,h1_6,1,ARIMA,8.671362161636353,4.402890920639038,1.1274533512427691,1.0051970481507477,3.0570418027996915,3.0177035875600207,0.4992599092158228,0.8333333333333334,1.0,4.410658648507612,6.794356197023587,True
D3,24,86,Combination,h1_12,1,ARIMA,8.671362161636353,4.402890920639038,1.7889033691355172,1.6481734572267783,5.081813479715958,5.226224990354817,0.7283777346057089,0.9166666666666666,1.0,6.74890867986642,10.258650908149608,True
D3,24,87,Combination,h1,1,ARIMA,8.671362161636353,4.402890920639038,1.4749536885248502,1.1752998863291606,2.3866503705140216,2.415474840124777,0.5142666735953928,0.0,1.0,1.9775665044600812,3.0444126010727732,True
D3,24,87,Combination,h1_6,1,ARIMA,8.671362161636353,4.402890920639038,7.8909585013771455,7.207855044075655,13.860582865620088,15.296736152601751,3.450572345712719,0.0,0.16666666666666666,4.13676167440748,6.373241912192734,True
D3,24,87,Combination,h1_12,1,ARIMA,8.671362161636353,4.402890920639038,10.751932208037863,9.224124726550736,19.347656606219555,21.83954083412446,4.692600336206375,0.0,0.08333333333333333,6.01331404297175,9.139479111955119,True
D3,24,88,Combination,h1,1,ARIMA,8.671362161636353,4.402890920639038,0.627484780846391,0.5256738668754126,1.369065628928323,1.3597576416738815,0.2106683290499643,1.0,1.0,1.8286783519262704,2.819122259755288,True
D3,24,88,Combination,h1_6,1,ARIMA,8.671362161636353,4.402890920639038,2.9568828902097684,2.8838360481680136,6.817550294174102,7.150623837687392,1.1016854790499662,0.3333333333333333,0.5,3.4141899934012474,5.276151644793462,True
D3,24,88,Combination,h1_12,1,ARIMA,8.671362161636353,4.402890920639038,4.503883998554065,4.144974193603851,10.572326970998153,11.301542784146667,1.712454933196793,0.16666666666666666,0.25,4.5129420261573925,6.854102888460935,True
D3,24,89,Combination,h1,1,ARIMA,8.671362161636353,4.402890920639038,2.181831215561003,1.7878278280433564,4.2173202971800015,4.308164852561528,0.8707767060161118,0.0,0.0,1.9135671115635289,2.9459736094092057,True
D3,24,89,Combination,h1_6,1,ARIMA,8.671362161636353,4.402890920639038,3.6278783825856067,3.138464266654682,7.136819319517194,7.435179846301169,1.3928391245941487,0.16666666666666666,0.3333333333333333,4.116662316679299,6.340426154992418,True
D3,24,89,Combination,h1_12,1,ARIMA,8.671362161636353,4.402890920639038,3.345525868589132,2.945307448837003,6.345008625260581,6.405865603572043,1.2404954068788692,0.5,0.6666666666666666,6.1041875955139995,9.278364156280032,True
D3,24,90,Combination,h1,1,ARIMA,8.671362161636353,4.402890920639038,0.1383873189450286,0.09649579115497008,0.25726353175741956,0.25759488060115,0.13306408362300348,1.0,1.0,1.6947116842875907,2.608745348549261,True
D3,24,90,Combination,h1_6,1,ARIMA,8.671362161636353,4.402890920639038,1.8113289174323954,1.4931746659553957,3.099163009443211,3.0346586008779366,0.6522446107696032,0.8333333333333334,1.0,5.338232131238878,8.191647173747263,True
D3,24,90,Combination,h1_12,1,ARIMA,8.671362161636353,4.402890920639038,2.7380670276794463,2.298009698414423,4.59354039712487,4.675552492959908,1.109077361697651,0.9166666666666666,1.0,10.733301308153116,16.329249313211356,True
D3,24,91,Combination,h1,1,ARIMA,8.671362161636353,4.402890920639038,0.6397302367769376,0.47920910067967126,1.1619463424411904,1.15523473854562,0.2251893677528717,1.0,1.0,2.1304166773687028,3.277484612632751,True
D3,24,91,Combination,h1_6,1,ARIMA,8.671362161636353,4.402890920639038,2.280213846874656,2.1418649270944727,4.081661778144365,4.166463636758736,0.8244711696118604,0.6666666666666666,1.0,6.195131120247033,9.508286249087268,True
D3,24,91,Combination,h1_12,1,ARIMA,8.671362161636353,4.402890920639038,6.885866521436916,6.387691613252253,12.596185571900588,13.947363103282012,2.3251313874573176,0.3333333333333333,1.0,12.405395796621088,18.87264645599309,True
D3,24,92,Combination,h1,1,ARIMA,8.671362161636353,4.402890920639038,0.5708973610412194,0.4475023914428555,0.6204712355980639,0.618552266153752,0.21008892055431969,1.0,1.0,2.0652617352609455,3.177290958959435,True
D3,24,92,Combination,h1_6,1,ARIMA,8.671362161636353,4.402890920639038,0.8399848658348206,1.0717171950176663,0.9161424614505124,0.925809503694047,0.4353663363486263,0.8333333333333334,1.0,4.1695177786850905,6.421645537892105,True
D3,24,92,Combination,h1_12,1,ARIMA,8.671362161636353,4.402890920639038,5.622249575851393,6.1353863111258855,6.3615009656159005,6.789921477210971,2.379897699508043,0.4166666666666667,0.5,5.870619849388745,8.922539383472863,True
D3,24,93,Combination,h1,1,ARIMA,8.671362161636353,4.402890920639038,1.4196153910644087,1.1344205019322535,2.7819117625983334,2.821152752732905,0.48727811496117684,0.0,1.0,2.153467630427664,3.3143171687034183,True
D3,24,93,Combination,h1_6,1,ARIMA,8.671362161636353,4.402890920639038,3.1381638756381385,2.6723390773891653,6.271240099332248,6.5050612585570144,1.1080768308347613,0.16666666666666666,0.5,3.8761841939162083,5.981058431619591,True
D3,24,93,Combination,h1_12,1,ARIMA,8.671362161636353,4.402890920639038,4.0852226126322995,3.8902923536192873,7.660898153354869,7.508499526081447,1.5861482629305494,0.25,0.5,5.36822349300141,8.156128019876581,True
D3,24,94,Combination,h1,1,ARIMA,8.671362161636353,4.402890920639038,1.4767049762322766,1.2318629721525636,3.4369466989094684,3.4970424412820216,0.5395847053227306,0.0,0.0,1.7305366990065403,2.6658700839498706,True
D3,24,94,Combination,h1_6,1,ARIMA,8.671362161636353,4.402890920639038,5.496403858511301,4.854904392039731,13.108297625990165,14.152487895863795,2.3305653615779494,0.0,0.0,3.2588354352435016,5.031068143326132,True
D3,24,94,Combination,h1_12,1,ARIMA,8.671362161636353,4.402890920639038,4.783345126192323,4.2436212875082475,11.270600260712134,12.047272941347293,1.8677548930125334,0.16666666666666666,0.3333333333333333,4.339467495301656,6.591917384862751,True
D3,24,95,Combination,h1,1,ARIMA,8.671362161636353,4.402890920639038,1.2472499492241427,0.9550884001075021,2.0279578249605197,2.0487315306546923,0.4213827461615859,0.0,1.0,2.1349757272424914,3.288551891050442,True
D3,24,95,Combination,h1_6,1,ARIMA,8.671362161636353,4.402890920639038,4.258681102731751,3.533496088165211,7.108963684127698,7.421673736745005,1.5697426004636952,0.0,0.16666666666666666,4.551746544728062,7.015093790740779,True
D3,24,95,Combination,h1_12,1,ARIMA,8.671362161636353,4.402890920639038,5.502856739799771,4.4389109192887135,9.224485969850083,9.725106566159042,1.9305329305421015,0.0,0.4166666666666667,6.718573602470767,10.211094596789296,True
D3,24,96,Combination,h1,1,ARIMA,8.671362161636353,4.402890920639038,0.9358663590990465,0.7506718180417414,1.8672928705892693,1.8500202227275435,0.2963910119004995,1.0,1.0,1.8168276631702283,2.7981309764870983,True
D3,24,96,Combination,h1_6,1,ARIMA,8.671362161636353,4.402890920639038,6.647532420318093,6.162905262507288,12.23388142135568,11.331946602173272,2.8693381451543916,0.16666666666666666,0.16666666666666666,4.024728474826651,6.199247262067949,True
D3,24,96,Combination,h1_12,1,ARIMA,8.671362161636353,4.402890920639038,8.372694603566519,7.242813293350829,15.2531374299374,14.026467019643798,3.540127440864489,0.08333333333333333,0.08333333333333333,5.731168212960322,8.71063633658458,True
D3,24,97,Combination,h1,1,ARIMA,8.671362161636353,4.402890920639038,0.6042112823803358,0.4605656589535148,1.0117590957708862,1.0066665754502844,0.2276263649706841,1.0,1.0,2.2829867041329153,3.5145239589925112,True
D3,24,97,Combination,h1_6,1,ARIMA,8.671362161636353,4.402890920639038,0.5609684423367796,0.4413145344801281,0.9471086126271384,0.9475689371721732,0.3430825388193437,1.0,1.0,4.109037439261597,6.342302061475523,True
D3,24,97,Combination,h1_12,1,ARIMA,8.671362161636353,4.402890920639038,1.9343203399595348,2.34459197292343,3.4280494208544128,3.5883555727574277,0.8245512553557107,0.8333333333333334,0.9166666666666666,5.694037356817188,8.650711409384435,True
D3,24,98,Combination,h1,1,ARIMA,8.671362161636353,4.402890920639038,1.3804133728230927,1.005874275984997,1.853140751071631,1.8704719904175346,0.48680757392507007,0.0,0.0,1.7705992093246499,2.7274284186436604,True
D3,24,98,Combination,h1_6,1,ARIMA,8.671362161636353,4.402890920639038,3.5787905698358986,3.1859766211725677,4.746181620705225,4.922138332241611,1.3657491207517183,0.16666666666666666,0.3333333333333333,3.7578509124076365,5.7921669530723685,True
D3,24,98,Combination,h1_12,1,ARIMA,8.671362161636353,4.402890920639038,9.659659493820683,8.5566140652392,12.998913725272285,14.407704228914515,4.185106068227371,0.08333333333333333,0.16666666666666666,5.335057231563507,8.107632430733268,True
D3,24,99,Combination,h1,1,ARIMA,8.671362161636353,4.402890920639038,0.6041009169606899,0.5054217255910574,1.050138634273184,1.0446534793825462,0.20009880108924072,1.0,1.0,1.596539655628733,2.456280287102888,True
D3,24,99,Combination,h1_6,1,ARIMA,8.671362161636353,4.402890920639038,0.7256793565920375,0.6655302475950722,1.2267443082605844,1.2200247717940471,0.32545251220699406,1.0,1.0,3.271747176267548,5.038323967025917,True
D3,24,99,Combination,h1_12,1,ARIMA,8.671362161636353,4.402890920639038,2.961085738922704,3.2370646556618583,4.894477712306427,5.099732268179425,1.113177108824442,0.5833333333333334,0.5833333333333334,4.652786805686921,7.07187354844088,True
D3,24,100,Combination,h1,1,ARIMA,8.671362161636353,4.402890920639038,0.27307370986965646,0.22681948313582445,0.7194449612835467,0.7220423097916122,0.1363507515153815,1.0,1.0,1.5550112260017244,2.400149679084942,True
D3,24,100,Combination,h1_6,1,ARIMA,8.671362161636353,4.402890920639038,3.1713881881502894,3.112869964217865,8.787289152584004,9.369206563333243,1.2022403843260343,0.3333333333333333,0.3333333333333333,3.4931002229931543,5.391263937382518,True
D3,24,100,Combination,h1_12,1,ARIMA,8.671362161636353,4.402890920639038,3.012328123222858,2.8041265211922726,8.237781987739769,8.696330162792542,1.0700860529143479,0.5,0.5833333333333334,4.956149261792709,7.5301473769594285,True
D3,24,101,Combination,h1,1,ARIMA,8.671362161636353,4.402890920639038,0.47133853737313036,0.40093938835492937,0.6505031575076733,0.6526258333339472,0.191345005252201,1.0,1.0,1.9478287664577705,2.9952672949361148,True
D3,24,101,Combination,h1_6,1,ARIMA,8.671362161636353,4.402890920639038,3.468027261112771,3.2966319137551023,4.911681560614636,5.068034586234629,1.3264632056802705,0.16666666666666666,0.3333333333333333,3.506863951082249,5.405443455445062,True
D3,24,101,Combination,h1_12,1,ARIMA,8.671362161636353,4.402890920639038,2.9875679527629546,2.8841288563550056,4.19536312781631,4.2953999013284525,1.1264349709911052,0.4166666666666667,0.5833333333333334,4.846901621502767,7.365358721098418,True
D3,24,102,Combination,h1,1,ARIMA,8.671362161636353,4.402890920639038,0.14133010137109478,0.11691144306169503,0.2160981033384499,0.21633184784850876,0.13248508042508822,1.0,1.0,1.6835812623059228,2.593556097471461,True
D3,24,102,Combination,h1_6,1,ARIMA,8.671362161636353,4.402890920639038,1.5250916616091075,1.3976846413866517,2.2787723075841355,2.311073766689851,0.5684429598582217,0.6666666666666666,1.0,4.941234087252103,7.591068176734834,True
D3,24,102,Combination,h1_12,1,ARIMA,8.671362161636353,4.402890920639038,3.2523667667022136,3.302486821189632,4.701907763408647,4.8737019085432705,1.1547877369302624,0.8333333333333334,1.0,9.92435675800917,15.096545785293404,True
D3,24,103,Combination,h1,1,ARIMA,8.671362161636353,4.402890920639038,0.6378374814659912,0.5087050729198185,0.7026300069717374,0.7051071541950769,0.2209885904617974,1.0,1.0,1.8453055802509986,2.8404557628186637,True
D3,24,103,Combination,h1_6,1,ARIMA,8.671362161636353,4.402890920639038,1.1597232838901574,1.1111307851435464,1.2348312506395822,1.2248910615611852,0.43349694031982516,0.8333333333333334,1.0,3.3215425846651354,5.126158921122124,True
D3,24,103,Combination,h1_12,1,ARIMA,8.671362161636353,4.402890920639038,1.6025368676346143,1.5017656013211973,1.671713022599357,1.6532229456566276,0.6111269125071568,0.6666666666666666,1.0,4.601959603047706,6.991709489141709,True
D3,24,104,Combination,h1,1,ARIMA,8.671362161636353,4.402890920639038,0.24112062543201412,0.20675805088051508,0.7964035785273873,0.7995875504600489,0.1424617562190277,1.0,1.0,1.7431491709814613,2.6858767915975457,True
D3,24,104,Combination,h1_6,1,ARIMA,8.671362161636353,4.402890920639038,0.3355386150316041,0.3180139537915352,1.1329680265027064,1.1407644730075985,0.3107192058358226,1.0,1.0,3.942368482882053,6.0736883338574,True
D3,24,104,Combination,h1_12,1,ARIMA,8.671362161636353,4.402890920639038,1.5708509425928847,1.7905685345705733,5.19519779423542,4.978383522324594,0.6379985149810302,1.0,1.0,6.193414266746735,9.414542582581722,True
D3,24,105,Combination,h1,1,ARIMA,8.671362161636353,4.402890920639038,1.7257158505490662,1.2890735571892777,3.2038139034817954,3.255971537894024,0.6196059545193057,0.0,0.0,2.119761220493758,3.26664313781869,True
D3,24,105,Combination,h1_6,1,ARIMA,8.671362161636353,4.402890920639038,2.248498754465565,1.9005015528407954,4.03284619321823,3.975898233306727,0.8137354820550837,0.3333333333333333,0.6666666666666666,3.9953879898131137,6.170737237019114,True
D3,24,105,Combination,h1_12,1,ARIMA,8.671362161636353,4.402890920639038,4.702735119397515,4.116915754897924,8.125490035492493,7.728782750561974,1.8293879822661778,0.16666666666666666,0.3333333333333333,5.296120381530363,8.044452061376653,True
D3,24,106,Combination,h1,1,ARIMA,8.671362161636353,4.402890920639038,0.05623824817714496,0.04753896851851667,0.09632278515567941,0.09627641709248362,0.140012795158732,1.0,1.0,1.8502266888679118,2.848314931849943,True
D3,24,106,Combination,h1_6,1,ARIMA,8.671362161636353,4.402890920639038,0.7081363102027983,0.7273358245175263,1.219993809882924,1.2258654895417824,0.36659065529324564,0.8333333333333334,1.0,3.8369565343925522,5.911813119159206,True
D3,24,106,Combination,h1_12,1,ARIMA,8.671362161636353,4.402890920639038,4.936894970111634,5.940958347211945,7.841280774662968,7.2885236782336165,2.111112357578966,0.5,0.5833333333333334,5.55370608264834,8.440764214975287,True
D3,24,107,Combination,h1,1,ARIMA,8.671362161636353,4.402890920639038,0.7005635236807419,0.6033038918677519,1.2361947064843224,1.2286007577189486,0.23159949822652517,0.0,1.0,1.0977241900309815,1.689805925189741,True
D3,24,107,Combination,h1_6,1,ARIMA,8.671362161636353,4.402890920639038,1.1760564322211078,1.0521984702784126,1.9944079906259602,1.9732560026044548,0.4111533715130861,0.3333333333333333,0.8333333333333334,2.247998101745815,3.4639576265207572,True
D3,24,107,Combination,h1_12,1,ARIMA,8.671362161636353,4.402890920639038,1.7630850439326944,1.707564135101242,2.8468358158211045,2.8078697531656873,0.6364509614032832,0.3333333333333333,0.6666666666666666,3.1748060975422994,4.82490011235835,True
D3,24,108,Combination,h1,1,ARIMA,8.671362161636353,4.402890920639038,0.8818209409040584,0.723848626042271,1.5414500139046716,1.5534226305822254,0.2997650161044029,0.0,1.0,1.4725425634092293,2.271642012747832,True
D3,24,108,Combination,h1_6,1,ARIMA,8.671362161636353,4.402890920639038,2.836624397275922,2.943874599757746,4.717437151796091,4.9026066485567865,1.0000758902493854,0.16666666666666666,0.8333333333333334,4.133448451802048,6.359771915870407,True
D3,24,108,Combination,h1_12,1,ARIMA,8.671362161636353,4.402890920639038,7.505747467268531,7.3826153126190635,12.088137583572035,13.232404752629332,2.8414715218802313,0.08333333333333333,0.4166666666666667,8.132437128968874,12.368251044345364,True
D3,24,109,Combination,h1,1,ARIMA,8.671362161636353,4.402890920639038,1.1746265770149291,0.93882499488744,2.9258108289114677,2.8836261064672986,0.38056651468596003,0.0,1.0,2.03664570679451,3.1372717740270057,True
D3,24,109,Combination,h1_6,1,ARIMA,8.671362161636353,4.402890920639038,2.0497206240530397,1.933016226266472,5.644727660350316,5.86943610701749,0.6985381318498971,0.8333333333333334,1.0,5.426291213544529,8.343312603054786,True
D3,24,109,Combination,h1_12,1,ARIMA,8.671362161636353,4.402890920639038,2.1733597510948126,2.05322491742913,6.2012006300957125,6.476804797099373,1.0240049538418663,0.9166666666666666,1.0,10.336846024578945,15.721504593828554,True
D3,24,110,Combination,h1,1,ARIMA,8.671362161636353,4.402890920639038,1.1890845069089515,0.9850408460226092,1.6809517114970882,1.6669414709046748,0.38460665514812953,0.0,1.0,2.0922964080260242,3.220686570959427,True
D3,24,110,Combination,h1_6,1,ARIMA,8.671362161636353,4.402890920639038,1.9426687887219725,1.69020181926225,2.731784550683854,2.6913897909391404,0.6563634785927082,0.5,1.0,3.765916488752541,5.812057830094961,True
D3,24,110,Combination,h1_12,1,ARIMA,8.671362161636353,4.402890920639038,3.097385318005645,2.8115837535201207,4.316145273050553,4.2081163091229445,1.0558344916344633,0.4166666666666667,0.8333333333333334,5.217470165705542,7.926825248736304,True
D3,24,111,Combination,h1,1,ARIMA,8.671362161636353,4.402890920639038,0.8011320442284732,0.6659235986518096,1.4693583913819048,1.4802333579101483,0.26970304420124896,1.0,1.0,1.9844761560923092,3.0551480824459083,True
D3,24,111,Combination,h1_6,1,ARIMA,8.671362161636353,4.402890920639038,3.577034259891427,3.444787427042396,6.797022215032576,7.127615291520682,1.3265620492880725,0.3333333333333333,0.5,4.128323792564159,6.3608655185137515,True
D3,24,111,Combination,h1_12,1,ARIMA,8.671362161636353,4.402890920639038,3.272838523534666,3.1757526732155763,6.128405474477951,6.343827504282988,1.230162785905369,0.5833333333333334,0.6666666666666666,5.842057121825618,8.878591927615389,True
D3,24,112,Combination,h1,1,ARIMA,8.671362161636353,4.402890920639038,0.6498447150232365,0.5391056406746858,1.5458707760160553,1.5340138401882992,0.21670670250388405,1.0,1.0,1.8002578563851201,2.771714876684693,True
D3,24,112,Combination,h1_6,1,ARIMA,8.671362161636353,4.402890920639038,1.363876195975054,1.1950750575548312,3.1461865523781753,3.0923046339555404,0.4821724057717209,0.6666666666666666,1.0,3.496196115882436,5.391783077200506,True
D3,24,112,Combination,h1_12,1,ARIMA,8.671362161636353,4.402890920639038,3.13539548069811,3.044943543680788,6.958162492470155,6.648359430963062,1.1881583932332471,0.3333333333333333,0.5833333333333334,4.634183141884839,7.040852569630371,True
D3,24,113,Combination,h1,1,ARIMA,8.671362161636353,4.402890920639038,3.2079484498592272,2.651190079233144,8.012429582245105,8.346821166402052,1.3716580261166322,0.0,0.0,2.020629459444295,3.1115373265629573,True
D3,24,113,Combination,h1_6,1,ARIMA,8.671362161636353,4.402890920639038,7.726756600189358,6.6444178713751505,20.837831836433484,23.533317102437678,3.351290011645742,0.0,0.0,4.190493718965451,6.458530996473803,True
D3,24,113,Combination,h1_12,1,ARIMA,8.671362161636353,4.402890920639038,7.4960317594147465,6.3955006471758455,20.220891513245554,22.703208243504204,3.044783374096587,0.0,0.16666666666666666,6.076893702329795,9.235494502249752,True
D3,24,114,Combination,h1,1,ARIMA,8.671362161636353,4.402890920639038,0.32414594161803056,0.26262096364966264,1.314704196160742,1.306118399458488,0.14822758482646176,1.0,1.0,1.6944309460333171,2.6084773238207712,True
D3,24,114,Combination,h1_6,1,ARIMA,8.671362161636353,4.402890920639038,3.9266527998650873,3.791951207877544,14.49293244483569,13.170629578522487,1.4581641874378084,0.3333333333333333,0.3333333333333333,4.711433323571838,7.237566188616198,True
D3,24,114,Combination,h1_12,1,ARIMA,8.671362161636353,4.402890920639038,4.714575919360758,4.142570043167749,17.450582865220905,15.842406223793951,1.6346621484459831,0.5,0.6666666666666666,9.247284676513756,14.066382959570326,True
D3,24,115,Combination,h1,1,ARIMA,8.671362161636353,4.402890920639038,0.9717124203121218,0.7826116405061402,1.8168820745245031,1.833538692440716,0.324920686088123,0.0,1.0,1.7836430540235308,2.748388128585664,True
D3,24,115,Combination,h1_6,1,ARIMA,8.671362161636353,4.402890920639038,1.065861734360828,0.9639535232563795,2.010687539677508,2.0365785376747305,0.5196811658910846,0.6666666666666666,1.0,5.146069431841047,7.908490261923452,True
D3,24,115,Combination,h1_12,1,ARIMA,8.671362161636353,4.402890920639038,1.79150091686837,1.8788307570750944,3.3041590070593987,3.241680300488634,0.9346228603931188,0.8333333333333334,1.0,10.103261017661026,15.367695726669616,True
D3,24,116,Combination,h1,1,ARIMA,8.671362161636353,4.402890920639038,1.649131069395686,1.385195519594331,2.517777508788364,2.4864755477371396,0.5754786956009005,0.0,0.0,2.0252824714302324,3.1162346156310323,True
D3,24,116,Combination,h1_6,1,ARIMA,8.671362161636353,4.402890920639038,3.086496022215964,2.668915293873536,4.645880320155571,4.534600065398253,1.1296460806850317,0.0,0.16666666666666666,3.64571361814571,5.623641498949739,True
D3,24,116,Combination,h1_12,1,ARIMA,8.671362161636353,4.402890920639038,3.070382237166812,2.7788828453936563,4.604077440757547,4.48495444139758,1.1392739248532266,0.25,0.4166666666666667,5.045965921683493,7.666912615329081,True
D3,24,117,Combination,h1,1,ARIMA,8.671362161636353,4.402890920639038,0.8013125364158007,0.7088831131225196,1.9361123629986714,1.9175494074267725,0.25676652740555156,1.0,1.0,1.7122789969460566,2.638511064968205,True
D3,24,117,Combination,h1_6,1,ARIMA,8.671362161636353,4.402890920639038,7.274635738182334,7.405630716472527,16.114483976001413,14.600848924791796,3.212624277050229,0.16666666666666666,0.16666666666666666,3.687549433368006,5.684868223506719,True
D3,24,117,Combination,h1_12,1,ARIMA,8.671362161636353,4.402890920639038,10.042559774221456,9.578463538132782,21.841206738625214,19.413024859221466,4.43040110601623,0.08333333333333333,0.08333333333333333,4.933110933259208,7.495639983936456,True
D3,24,118,Combination,h1,1,ARIMA,8.671362161636353,4.402890920639038,0.8796638873462473,0.6952124003807133,1.2375433330273282,1.2299328569911252,0.2830119107374737,1.0,1.0,1.9321869936793796,2.9765364726581027,True
D3,24,118,Combination,h1_6,1,ARIMA,8.671362161636353,4.402890920639038,2.602460133993245,2.2089096619068913,3.5724981801634645,3.5006571181617923,0.9524287599561316,0.5,0.5,4.016702381267925,6.193159982210256,True
D3,24,118,Combination,h1_12,1,ARIMA,8.671362161636353,4.402890920639038,2.772175807256388,2.290527532400788,3.759765809355538,3.684386221741831,0.9884897394207752,0.75,0.75,5.775815347312361,8.777207113260213,True
D3,24,119,Combination,h1,1,ARIMA,8.671362161636353,4.402890920639038,0.18311556546426835,0.14364481249725636,0.5611859768280316,0.5596157343154807,0.1491961815453098,1.0,1.0,1.8764201523541983,2.8933717510910104,True
D3,24,119,Combination,h1_6,1,ARIMA,8.671362161636353,4.402890920639038,0.34497789321854083,0.36190872304243143,0.9996743576344175,0.990993123034712,0.3438326426443819,1.0,1.0,4.380829498514979,6.751541509264211,True
D3,24,119,Combination,h1_12,1,ARIMA,8.671362161636353,4.402890920639038,1.0491256609519146,1.3302666411193684,3.0488015832439928,3.168384047636147,0.6489185561282133,1.0,1.0,7.332881056790216,11.147274087949286,True
D3,24,120,Combination,h1,1,ARIMA,8.671362161636353,4.402890920639038,1.0085591401269607,0.8722332061022435,2.0290685601030467,2.0086897143708855,0.32062241834372096,1.0,1.0,2.0105211271589085,3.095021002180557,True
D3,24,120,Combination,h1_6,1,ARIMA,8.671362161636353,4.402890920639038,6.246155570285776,5.998588819998635,11.795932568218657,11.007823302717219,2.716568934819868,0.16666666666666666,0.16666666666666666,3.6186572084221296,5.585270884089993,True
D3,24,120,Combination,h1_12,1,ARIMA,8.671362161636353,4.402890920639038,7.405642795018995,6.754421402021828,13.931613705125523,12.937153678242497,3.1324740975835295,0.08333333333333333,0.08333333333333333,5.014280101411028,7.618013714478287,True
D3,24,121,Combination,h1,1,ARIMA,8.671362161636353,4.402890920639038,0.6807070110483643,0.5931483596348933,1.4648703722071184,1.4542191594006089,0.22363857985842112,1.0,1.0,1.734750917247069,2.6738226933138454,True
D3,24,121,Combination,h1_6,1,ARIMA,8.671362161636353,4.402890920639038,0.611721013095881,0.5626556134622502,1.3341918676906939,1.3326610132895333,0.31128454032196334,1.0,1.0,3.429917283369802,5.295016188601516,True
D3,24,121,Combination,h1_12,1,ARIMA,8.671362161636353,4.402890920639038,2.690932750986871,3.5020613677456818,5.551617260176902,5.2419053535282405,1.1362334129036453,0.6666666666666666,0.6666666666666666,4.590911525183465,6.974001961583846,True
D3,24,122,Combination,h1,1,ARIMA,8.671362161636353,4.402890920639038,0.1679950607744307,0.12692097627695328,0.23099192742055993,0.23125902225698264,0.14210011056635719,1.0,1.0,1.7957918518572797,2.76225418104951,True
D3,24,122,Combination,h1_6,1,ARIMA,8.671362161636353,4.402890920639038,6.23190507439785,5.3284527135996615,8.685307970817307,9.198569415300991,2.6524878317486276,0.16666666666666666,0.16666666666666666,4.241400963580417,6.520570876330723,True
D3,24,122,Combination,h1_12,1,ARIMA,8.671362161636353,4.402890920639038,7.494503233939383,6.030579942546265,10.214953116784987,10.842989733108466,2.9700221193602516,0.08333333333333333,0.08333333333333333,6.874597749868851,10.453740934733995,True
D3,24,123,Combination,h1,1,ARIMA,8.671362161636353,4.402890920639038,0.6097128707615568,0.4700728985631616,1.2316030765794606,1.2392343004647361,0.21204171791312296,1.0,1.0,1.77135086708137,2.732364207134786,True
D3,24,123,Combination,h1_6,1,ARIMA,8.671362161636353,4.402890920639038,2.140805376423335,1.8110100855809759,4.388907423768534,4.509180331923852,0.6884111949575044,0.5,1.0,4.0702535358721645,6.27634989054328,True
D3,24,123,Combination,h1_12,1,ARIMA,8.671362161636353,4.402890920639038,2.4649131737392698,2.1520171117604128,4.9376688795207855,4.9728480661059615,0.8717248187617512,0.5833333333333334,1.0,5.889044370769569,8.949243114911532,True
D3,24,124,Combination,h1,1,ARIMA,8.671362161636353,4.402890920639038,4.712780616462726,3.520901857141126,5.880566055726176,5.712599463258197,2.1022366656299183,0.0,0.0,2.0639210819797698,3.1767377499546816,True
D3,24,124,Combination,h1_6,1,ARIMA,8.671362161636353,4.402890920639038,14.899996445125547,12.238124612187953,17.551331012063113,15.905075005584482,7.051103463801341,0.0,0.0,3.4868611078618965,5.387707787776839,True
D3,24,124,Combination,h1_12,1,ARIMA,8.671362161636353,4.402890920639038,20.694935910784153,16.518244998632117,24.11450498638891,21.23919689642112,9.807918968986872,0.0,0.0,4.767215163574993,7.246941897755765,True
D3,24,125,Combination,h1,1,ARIMA,8.671362161636353,4.402890920639038,0.6470221974952274,0.5681859323710029,1.717048378969108,1.7319173080001589,0.2226573107291671,1.0,1.0,1.8045995417405192,2.778570778396028,True
D3,24,125,Combination,h1_6,1,ARIMA,8.671362161636353,4.402890920639038,1.1046502351659022,1.095153013583535,2.9174557884336734,2.8925163754466197,0.41512652615635226,0.8333333333333334,1.0,3.4410011122264943,5.308284926417214,True
D3,24,125,Combination,h1_12,1,ARIMA,8.671362161636353,4.402890920639038,1.3919951417740097,1.318532649164204,3.667018033512753,3.604723848651397,0.5179687425057973,0.9166666666666666,1.0,4.546481887663847,6.907179817936477,True
D3,24,126,Combination,h1,1,ARIMA,8.671362161636353,4.402890920639038,1.2030449088003454,1.0422815159760312,1.841199052261002,1.8583066141448712,0.4461562689658561,0.0,0.0,1.349812161773343,2.0776198415495966,True
D3,24,126,Combination,h1_6,1,ARIMA,8.671362161636353,4.402890920639038,1.0072254754417154,0.9885239764626098,1.5136297523184883,1.5278357567398142,0.3917532211455886,0.6666666666666666,0.8333333333333334,2.6790491237756595,4.129177107821073,True
D3,24,126,Combination,h1_12,1,ARIMA,8.671362161636353,4.402890920639038,3.273595189830491,4.063239853209994,4.431734390175094,4.265393252432582,1.3874673704861833,0.5,0.5833333333333334,3.7801007874053334,5.744548183898995,True
D3,24,127,Combination,h1,1,ARIMA,8.671362161636353,4.402890920639038,0.32725798474346457,0.2963645577277044,0.6991744323259412,0.7016272314321462,0.13156487839237754,1.0,1.0,1.325717867989683,2.041498456790253,True
D3,24,127,Combination,h1_6,1,ARIMA,8.671362161636353,4.402890920639038,2.2489906048276525,2.24875775259609,4.6840018261051295,4.820977419110215,0.7995699397963261,0.16666666666666666,0.3333333333333333,2.8273331395497276,4.356232078074681,True
D3,24,127,Combination,h1_12,1,ARIMA,8.671362161636353,4.402890920639038,4.697111138860658,4.9000866856381675,9.552502786234168,10.196334344479101,1.8561746038785276,0.08333333333333333,0.16666666666666666,4.170287529972,6.338403957911198,True
D3,24,128,Combination,h1,1,ARIMA,8.671362161636353,4.402890920639038,1.1791546846285523,1.010980257727075,2.369695575244439,2.3419470672310676,0.3863770319345542,0.0,1.0,1.9326441396463994,2.9763415483073494,True
D3,24,128,Combination,h1_6,1,ARIMA,8.671362161636353,4.402890920639038,7.941441564843603,7.662957056316243,14.700004781582344,13.471103064181708,3.5212074063691214,0.0,0.16666666666666666,3.88862924080967,5.996147098602451,True
D3,24,128,Combination,h1_12,1,ARIMA,8.671362161636353,4.402890920639038,11.26027074137755,10.369359838999127,20.343595583603506,18.234461212671054,4.98120169245852,0.0,0.08333333333333333,5.485995324003801,8.33635285400568,True
D3,24,129,Combination,h1,1,ARIMA,8.671362161636353,4.402890920639038,0.32100981231702064,0.26547787900624653,0.5035927506161837,0.5023279071538095,0.14636565420831937,1.0,1.0,1.6686814115553026,2.567248382572199,True
D3,24,129,Combination,h1_6,1,ARIMA,8.671362161636353,4.402890920639038,1.663851115876139,1.7561204686365623,2.4732339659878355,2.425603743727506,0.6154183254032153,0.6666666666666666,0.8333333333333334,3.383457381161134,5.210908707257968,True
D3,24,129,Combination,h1_12,1,ARIMA,8.671362161636353,4.402890920639038,2.545124628890419,2.4204266550200293,3.6508321385912734,3.5665302913817087,0.9118393512173759,0.5,0.8333333333333334,4.781948121327496,7.2679779177394295,True
D3,24,130,Combination,h1,1,ARIMA,8.671362161636353,4.402890920639038,0.31840109870291705,0.27303427382445683,0.7194717614236884,0.7168928406496174,0.15047307605403473,1.0,1.0,1.7565390226711948,2.708397476650928,True
D3,24,130,Combination,h1_6,1,ARIMA,8.671362161636353,4.402890920639038,2.576065537354167,2.904409307075105,5.651648956416629,5.3929575417579345,1.0320679754070738,0.5,0.6666666666666666,3.0427677474763684,4.708616478446475,True
D3,24,130,Combination,h1_12,1,ARIMA,8.671362161636353,4.402890920639038,6.783603243153225,7.113064052270982,14.39714219709163,13.029913294849518,2.9312251413384938,0.25,0.3333333333333333,4.1341069957673735,6.277696624064016,True
D3,24,131,Combination,h1,1,ARIMA,8.671362161636353,4.402890920639038,0.09402066894666118,0.06797295864744936,0.15818459130652165,0.15805957835749887,0.16548190616976274,1.0,1.0,2.165889153248246,3.3346381095314674,True
D3,24,131,Combination,h1_6,1,ARIMA,8.671362161636353,4.402890920639038,0.8558719803003266,0.7725371565310354,1.4435618888811805,1.455406746746889,0.40230718637716817,1.0,1.0,4.418286658383844,6.809668274115698,True
D3,24,131,Combination,h1_12,1,ARIMA,8.671362161636353,4.402890920639038,2.1348850568768043,1.9011887196370514,3.64133389052433,3.743666689506151,0.7436222576333695,0.9166666666666666,1.0,6.238500165824931,9.480587955529655,True
D3,24,132,Combination,h1,1,ARIMA,8.671362161636353,4.402890920639038,1.588032910863889,1.3897354283629875,3.0229010221738424,3.069291849520164,0.6102549606367398,0.0,0.0,1.601098618359683,2.4672089214202972,True
D3,24,132,Combination,h1_6,1,ARIMA,8.671362161636353,4.402890920639038,1.9186480838555249,1.730747017776043,3.6057201054013275,3.67606119894866,0.6335933975795884,0.6666666666666666,0.8333333333333334,3.9814277761367287,6.127878449540422,True
D3,24,132,Combination,h1_12,1,ARIMA,8.671362161636353,4.402890920639038,1.4752877989284154,1.4615975986538212,2.7342063999862085,2.782464216181501,0.7013296294772015,0.8333333333333334,0.9166666666666666,6.724045193268387,10.223758806746053,True
D3,24,133,Combination,h1,1,ARIMA,8.671362161636353,4.402890920639038,2.074005037242864,1.717444088469237,3.6125700626752,3.6790237173816243,0.8949499783497089,0.0,0.0,1.2341090572111244,1.8995122111196527,True
D3,24,133,Combination,h1_6,1,ARIMA,8.671362161636353,4.402890920639038,7.305617468684293,6.724076095059064,12.898470174823176,14.033037905896428,3.329869372405711,0.0,0.0,2.5497407802978183,3.927966669843667,True
D3,24,133,Combination,h1_12,1,ARIMA,8.671362161636353,4.402890920639038,11.210178127166927,10.061364364767568,19.51532518201691,22.052244241972115,5.130625580075445,0.0,0.0,3.603947879172858,5.477313178082461,True
D3,24,134,Combination,h1,1,ARIMA,8.671362161636353,4.402890920639038,0.25250590437647463,0.21617494341071392,1.0764219577925336,1.0822467285040884,0.14101920738374993,1.0,1.0,1.699457997426419,2.6192655522898356,True
D3,24,134,Combination,h1_6,1,ARIMA,8.671362161636353,4.402890920639038,0.39830238438737486,0.4020342491005313,1.7187222126028276,1.7393933998126994,0.3747480566803967,1.0,1.0,4.765973477998036,7.327624959700243,True
D3,24,134,Combination,h1_12,1,ARIMA,8.671362161636353,4.402890920639038,1.0487582729047025,1.0921136130974654,4.634040053133872,4.801300963902477,0.7466953670353429,1.0,1.0,9.242519087764958,14.057508130182555,True
D3,24,135,Combination,h1,1,ARIMA,8.671362161636353,4.402890920639038,0.8612467787150607,0.721397188533149,3.581353391089479,3.6466531593818763,0.28350017898847923,0.0,1.0,1.733139998548733,2.670748922187556,True
D3,24,135,Combination,h1_6,1,ARIMA,8.671362161636353,4.402890920639038,2.7559199268264836,2.5533623402494765,11.77800891355043,12.709480976216438,0.9229952482996883,0.0,1.0,4.327741423391145,6.66075587817474,True
D3,24,135,Combination,h1_12,1,ARIMA,8.671362161636353,4.402890920639038,5.900112878688443,5.808658234291743,27.12554415840736,34.03052399541728,2.1228689749705416,0.0,0.5833333333333334,7.5484371796847425,11.477799893099755,True
D3,24,136,Combination,h1,1,ARIMA,8.671362161636353,4.402890920639038,1.934768878841041,1.6027611421441503,2.5405593660261174,2.5086919617269188,0.7444680825046364,0.0,0.0,1.8128500326402095,2.7892257616504947,True
D3,24,136,Combination,h1_6,1,ARIMA,8.671362161636353,4.402890920639038,5.00757200975312,4.869723683674357,6.333542235543815,6.073551903428157,2.0427264808028402,0.16666666666666666,0.16666666666666666,4.115135140648226,6.330537131275619,True
D3,24,136,Combination,h1_12,1,ARIMA,8.671362161636353,4.402890920639038,9.67192566833866,9.251228565959728,11.754801323133764,10.923139738761263,4.14735810547178,0.08333333333333333,0.08333333333333333,6.011570982771433,9.139080931065978,True
D3,24,137,Combination,h1,1,ARIMA,8.671362161636353,4.402890920639038,0.9640199755644949,0.8272569180951137,2.378942397928654,2.350978189470964,0.3066056500843065,0.0,1.0,1.8130179445336054,2.7947787430839974,True
D3,24,137,Combination,h1_6,1,ARIMA,8.671362161636353,4.402890920639038,3.830088940985864,3.6291132577458036,8.989949501519195,8.529134156386647,1.53769794188035,0.0,0.16666666666666666,3.401630565948358,5.255910431877076,True
D3,24,137,Combination,h1_12,1,ARIMA,8.671362161636353,4.402890920639038,5.741881073826244,5.34048937805302,13.262888409129935,12.317176757989607,2.375336655052753,0.0,0.08333333333333333,4.535811081633629,6.889183994005077,True
D3,24,138,Combination,h1,1,ARIMA,8.671362161636353,4.402890920639038,2.90932507248389,2.2892405080169467,6.306845931588424,6.51220324427251,1.211548792147302,0.0,0.0,2.1154741144880433,3.2581558861656172,True
D3,24,138,Combination,h1_6,1,ARIMA,8.671362161636353,4.402890920639038,12.458797059149722,10.90876470119421,29.974597440342222,37.19974457405783,5.717849773120659,0.0,0.0,3.955633703358951,6.105819086834992,True
D3,24,138,Combination,h1_12,1,ARIMA,8.671362161636353,4.402890920639038,16.266859038481517,13.580616969421579,40.20022654773886,52.352124434862176,7.431725263346245,0.0,0.0,5.185101804898512,7.876414750143863,True
D3,24,139,Combination,h1,1,ARIMA,8.671362161636353,4.402890920639038,0.31272819749291464,0.2613617912149212,0.7511437491043349,0.7483332200020765,0.16117361355384244,1.0,1.0,1.942680915722055,2.992354544081009,True
D3,24,139,Combination,h1_6,1,ARIMA,8.671362161636353,4.402890920639038,2.8425935545306436,3.3284728758517073,6.439014489894436,6.06910321980043,1.1179325652998688,0.6666666666666666,0.6666666666666666,4.181302803435384,6.443441582121031,True
D3,24,139,Combination,h1_12,1,ARIMA,8.671362161636353,4.402890920639038,7.065177153691195,7.228249710818454,15.23857514166361,13.72326666143441,2.8729659760528583,0.3333333333333333,0.4166666666666667,6.2117063305455185,9.441026870815374,True
D3,24,140,Combination,h1,1,ARIMA,8.671362161636353,4.402890920639038,0.6867947995372159,0.5214806932043214,0.9180974673133774,0.9223314180078603,0.23803282856246488,1.0,1.0,1.9884594855809945,3.0612402460679333,True
D3,24,140,Combination,h1_6,1,ARIMA,8.671362161636353,4.402890920639038,1.532820514848841,1.2436620781478496,2.023710838184898,2.0474212104476277,0.5165554777896636,0.6666666666666666,1.0,3.91998441826977,6.043679764951187,True
D3,24,140,Combination,h1_12,1,ARIMA,8.671362161636353,4.402890920639038,1.402577957222354,1.2358499798616336,1.8165278947460308,1.8389994547955157,0.5769192026670091,0.8333333333333334,1.0,5.5110294679983705,8.374521932058226,True
D3,24,141,Combination,h1,1,ARIMA,8.671362161636353,4.402890920639038,1.403115626550489,1.0303913801791467,3.0355330439360473,3.082315395104408,0.4832849486677627,0.0,1.0,2.1139074924349774,3.259167160705031,True
D3,24,141,Combination,h1_6,1,ARIMA,8.671362161636353,4.402890920639038,2.3191888920684485,1.7989666619340674,5.077196107979273,5.226191727425613,0.7890785299676639,0.3333333333333333,1.0,4.1274224460642,6.374998317414828,True
D3,24,141,Combination,h1_12,1,ARIMA,8.671362161636353,4.402890920639038,2.5006142830929687,2.188054443710546,5.256761101952801,5.218070369509839,0.9411122130735653,0.4166666666666667,0.9166666666666666,5.50169834739057,8.356747888345735,True
D3,24,142,Combination,h1,1,ARIMA,8.671362161636353,4.402890920639038,0.14298125946405452,0.1026242027066195,0.3733592758944496,0.37266358885601214,0.1609011747595411,1.0,1.0,2.0666313002578107,3.1828701529268097,True
D3,24,142,Combination,h1_6,1,ARIMA,8.671362161636353,4.402890920639038,0.9830715257646776,0.8453735361424406,2.63147719117185,2.5829777347735545,0.4304137992054215,1.0,1.0,4.188569220141812,6.4584704513423015,True
D3,24,142,Combination,h1_12,1,ARIMA,8.671362161636353,4.402890920639038,1.7408956511054312,1.5283681437971446,5.180451922851722,5.350747354833101,0.6794319460754575,0.8333333333333334,1.0,5.913811491533894,8.986504080131587,True
D3,24,143,Combination,h1,1,ARIMA,8.671362161636353,4.402890920639038,1.1537604547330589,0.9857103278469682,2.8400317643060866,2.8002675207684016,0.379770519987618,0.0,1.0,1.8356000216533446,2.8285353280568284,True
D3,24,143,Combination,h1_6,1,ARIMA,8.671362161636353,4.402890920639038,2.0431114232867964,1.8225042131116083,4.984389929047458,4.8532135409657045,0.6943889130473304,0.16666666666666666,1.0,3.9539452238356727,6.095527798366299,True
D3,24,143,Combination,h1_12,1,ARIMA,8.671362161636353,4.402890920639038,3.651683642579064,4.062062430349831,9.899338025544708,10.765277685285302,1.379153729076975,0.25,0.75,5.8714474000865575,8.923305846300467,True
D3,24,144,Combination,h1,1,ARIMA,8.671362161636353,4.402890920639038,0.24052230224084808,0.18788744308019587,0.661769639300831,0.6639666040010188,0.16275601864976333,1.0,1.0,2.0184072827360877,3.1087222467477145,True
D3,24,144,Combination,h1_6,1,ARIMA,8.671362161636353,4.402890920639038,3.4568457702936985,3.0617259717767733,10.29301533932962,11.034750381762368,1.3063519384625986,0.16666666666666666,0.5,3.9575291891569866,6.1050614758977755,True
D3,24,144,Combination,h1_12,1,ARIMA,8.671362161636353,4.402890920639038,3.742414456983327,3.314222031773512,10.50200757324104,10.60127263167785,1.3727992693227766,0.3333333333333333,0.5833333333333334,5.262246521650874,7.994723067135136,True
D3,24,145,Combination,h1,1,ARIMA,8.671362161636353,4.402890920639038,0.7314202495908494,0.6435961974779638,1.6898519031701829,1.675693533635464,0.23497020001753877,1.0,1.0,1.60365264010123,2.4730801878179296,True
D3,24,145,Combination,h1_6,1,ARIMA,8.671362161636353,4.402890920639038,3.8465054579886946,4.073609822973356,8.679579088905825,8.172951734918426,1.633935640220806,0.3333333333333333,0.3333333333333333,2.7816152134153587,4.305333212903475,True
D3,24,145,Combination,h1_12,1,ARIMA,8.671362161636353,4.402890920639038,6.750046050117457,6.768144337633587,14.51909779517785,13.301613977206902,2.947326617813837,0.16666666666666666,0.16666666666666666,3.825322077115368,5.808803304799342,True
D3,24,146,Combination,h1,1,ARIMA,8.671362161636353,4.402890920639038,0.40271745278539306,0.3360255428947263,0.8570493857411003,0.860737860012138,0.17339026214544645,1.0,1.0,1.8320859760059347,2.8193537742886736,True
D3,24,146,Combination,h1_6,1,ARIMA,8.671362161636353,4.402890920639038,1.5144198232249482,1.6300851390068367,3.1068671536194397,3.0409536763267035,0.5734497196242063,0.8333333333333334,1.0,4.623767113032539,7.106903930321961,True
D3,24,146,Combination,h1_12,1,ARIMA,8.671362161636353,4.402890920639038,1.6791364420059003,1.869318205391055,3.396740416906105,3.3053763825876583,0.8377492085997023,0.8333333333333334,1.0,7.979855971648573,12.135792218265891,True
D3,24,147,Combination,h1,1,ARIMA,8.671362161636353,4.402890920639038,1.1588080529552347,0.9765570624481983,2.473489043494899,2.443272010750553,0.38561727080767094,0.0,1.0,1.7425652495475874,2.683366235137274,True
D3,24,147,Combination,h1_6,1,ARIMA,8.671362161636353,4.402890920639038,4.903902248867074,4.5020099922692856,9.975189421151583,9.423508480811627,2.0346840379940434,0.0,0.16666666666666666,3.5885441711508825,5.531285907311757,True
D3,24,147,Combination,h1_12,1,ARIMA,8.671362161636353,4.402890920639038,3.0543310087721625,3.309233397334791,6.270118324760506,5.969130833846786,1.3169812962169085,0.4166666666666667,0.5833333333333334,4.839981142484213,7.3544804723174,True
D3,24,148,Combination,h1,1,ARIMA,8.671362161636353,4.402890920639038,0.01245214115195791,0.009587235954245737,0.019178298324180037,0.019176459464877945,0.13309914091856928,1.0,1.0,1.7905546103726369,2.754858347572439,True
D3,24,148,Combination,h1_6,1,ARIMA,8.671362161636353,4.402890920639038,2.8346163352904696,2.7800020966395818,4.557822235430644,4.735361395223714,1.089904383449023,0.3333333333333333,0.5,3.6725053009489956,5.655597457848633,True
D3,24,148,Combination,h1_12,1,ARIMA,8.671362161636353,4.402890920639038,4.609432474302938,4.06213281413653,7.522268891419472,7.91710459780471,1.7759745216692286,0.16666666666666666,0.3333333333333333,4.834911066425505,7.347575882722348,True
D3,24,149,Combination,h1,1,ARIMA,8.671362161636353,4.402890920639038,0.6919473460097096,0.5744636058918281,1.5061862819971732,1.494928081155132,0.22727608760906506,1.0,1.0,1.7660798689574164,2.7231084119127105,True
D3,24,149,Combination,h1_6,1,ARIMA,8.671362161636353,4.402890920639038,1.4787688832788677,1.455397010126572,3.306935413437342,3.3696175214066253,0.5146947637269698,1.0,1.0,4.170304181488436,6.42594842545592,True
D3,24,149,Combination,h1_12,1,ARIMA,8.671362161636353,4.402890920639038,2.634834169876351,2.687561395032647,5.612504667321938,5.471497233428323,0.9315930086666949,0.75,1.0,6.5749370891173315,9.994298056041517,True
D3,24,150,Combination,h1,1,ARIMA,8.671362161636353,4.402890920639038,0.2482684217338003,0.1847143848926236,0.41066423614280523,0.40982273843364125,0.1665038545771924,1.0,1.0,2.0658024038770537,3.177135914155808,True
D3,24,150,Combination,h1_6,1,ARIMA,8.671362161636353,4.402890920639038,6.446064583455742,6.0075965378184,11.642692337781892,12.851960158923262,2.768862644227657,0.3333333333333333,0.3333333333333333,4.312481621726172,6.637150363745457,True
D3,24,150,Combination,h1_12,1,ARIMA,8.671362161636353,4.402890920639038,12.00136698326505,10.179272258654537,22.757873326204,26.83545473052779,5.288109485523998,0.16666666666666666,0.16666666666666666,6.093511320177356,9.262442091692302,True
D3,24,151,Combination,h1,1,ARIMA,8.671362161636353,4.402890920639038,0.7698957039660718,0.5828736272589503,1.2299238529284007,1.2224065182545187,0.25218066285665985,1.0,1.0,1.9110330740535573,2.9431847663008566,True
D3,24,151,Combination,h1_6,1,ARIMA,8.671362161636353,4.402890920639038,2.731306123310517,2.840744574872092,4.125295401998306,4.289554824578615,0.9859734862573342,0.6666666666666666,0.8333333333333334,5.396852457175162,8.292195770074388,True
D3,24,151,Combination,h1_12,1,ARIMA,8.671362161636353,4.402890920639038,8.452787122388244,8.074453009444724,12.280244713786757,13.605370299356922,3.128579823095518,0.3333333333333333,0.4166666666666667,10.678634275620963,16.24340302096006,True
D3,24,152,Combination,h1,1,ARIMA,8.671362161636353,4.402890920639038,1.6747631039929096,1.4012109575553158,3.213427037745243,3.2659007058998926,0.6218992494999213,0.0,0.0,1.8788570577239034,2.8960659936799473,True
D3,24,152,Combination,h1_6,1,ARIMA,8.671362161636353,4.402890920639038,2.117958342530395,1.9890401978573407,3.9927481517494248,4.001707389669038,0.7984309616378082,0.3333333333333333,0.3333333333333333,3.1784846318743063,4.918435462815318,True
D3,24,152,Combination,h1_12,1,ARIMA,8.671362161636353,4.402890920639038,3.3764404548958313,3.213864493381408,6.226434008011869,6.042545147792471,1.2952954560048295,0.25,0.3333333333333333,4.356389201173853,6.615441610695358,True
D3,24,153,Combination,h1,1,ARIMA,8.671362161636353,4.402890920639038,0.11637272908189021,0.09595760708055832,0.19829512475152933,0.1984919246563388,0.14191849934985895,1.0,1.0,1.8314349158728875,2.818307826917557,True
D3,24,153,Combination,h1_6,1,ARIMA,8.671362161636353,4.402890920639038,5.8007293879104385,6.142385909957786,10.493520231452136,11.529702114869526,2.436376366113428,0.3333333333333333,0.3333333333333333,4.305538942014376,6.622214351386749,True
D3,24,153,Combination,h1_12,1,ARIMA,8.671362161636353,4.402890920639038,11.551647306203343,10.998368853421741,21.596153145613286,25.324539871220203,4.9534772751824265,0.16666666666666666,0.16666666666666666,6.937707651785457,10.548924346711777,True
D3,24,154,Combination,h1,1,ARIMA,8.671362161636353,4.402890920639038,2.1284523106716895,1.8350752947514033,4.182663956882857,4.272005779878318,0.8450333970443636,0.0,0.0,1.9082461215909163,2.939555893107816,True
D3,24,154,Combination,h1_6,1,ARIMA,8.671362161636353,4.402890920639038,1.818018315760113,1.7475593807314354,3.5419266231217694,3.584366115363625,0.7016757434662462,0.3333333333333333,0.6666666666666666,3.5256632534387746,5.444274707609486,True
D3,24,154,Combination,h1_12,1,ARIMA,8.671362161636353,4.402890920639038,6.916477046710017,7.764685630124625,11.980523643671576,10.992511989005687,3.049730454014504,0.16666666666666666,0.3333333333333333,4.63033124877934,7.0332268069459865,True
D3,24,155,Combination,h1,1,ARIMA,8.671362161636353,4.402890920639038,0.1533683725363482,0.12089032913968348,0.2578197175709093,0.25815250159616804,0.15408729648374672,1.0,1.0,1.9678503453131986,3.028813750391615,True
D3,24,155,Combination,h1_6,1,ARIMA,8.671362161636353,4.402890920639038,1.1246300918626124,1.1394367796320115,1.8997576306452584,1.8705797779040956,0.45410001357102603,1.0,1.0,3.984242165256203,6.139195787790008,True
D3,24,155,Combination,h1_12,1,ARIMA,8.671362161636353,4.402890920639038,5.49450943002749,5.817284803947517,8.746133790075707,8.123833055975972,2.3122727812101744,0.5,0.5833333333333334,5.280728338608048,8.024377045538829,True
D3,24,156,Combination,h1,1,ARIMA,8.671362161636353,4.402890920639038,0.7647307911003546,0.6436593979518919,1.377919464475873,1.3874786335544684,0.25579859098126134,1.0,1.0,1.8202452415823227,2.8033308138799256,True
D3,24,156,Combination,h1_6,1,ARIMA,8.671362161636353,4.402890920639038,3.94720365270967,4.028732059988654,7.330311441567526,7.757986796905665,1.538524566275709,0.3333333333333333,0.5,3.7123759917883388,5.723606927849421,True
D3,24,156,Combination,h1_12,1,ARIMA,8.671362161636353,4.402890920639038,4.256426619885969,4.211951038646191,7.8381675513689615,8.297377479859778,1.636391959702048,0.3333333333333333,0.5,5.244272663397756,7.969233486005067,True
D3,24,157,Combination,h1,1,ARIMA,8.671362161636353,4.402890920639038,0.21313132378017904,0.17566303256609606,0.8383283884396926,0.8418571521881438,0.15091617819774195,1.0,1.0,1.8802892014849137,2.8937030237534147,True
D3,24,157,Combination,h1_6,1,ARIMA,8.671362161636353,4.402890920639038,1.6514485168318005,1.934329126896874,7.0064703120850576,7.560470451287947,0.6381446184843583,0.6666666666666666,0.8333333333333334,3.846361326505979,5.925262264085243,True
D3,24,157,Combination,h1_12,1,ARIMA,8.671362161636353,4.402890920639038,3.624476005518236,3.606647687707763,16.226014034424193,18.48773427697301,1.351777426944867,0.4166666666666667,0.5833333333333334,5.428344947126471,8.250071969887232,True
D3,24,158,Combination,h1,1,ARIMA,8.671362161636353,4.402890920639038,2.7152270766355513,2.191756898135578,6.115713899490894,5.934252933741021,1.1646869103925999,0.0,0.0,1.5506568954397735,2.393320136182318,True
D3,24,158,Combination,h1_6,1,ARIMA,8.671362161636353,4.402890920639038,2.588527290742475,2.4098611238748475,5.880604372417646,5.662385558167854,1.1297242261718148,0.3333333333333333,0.5,4.349024741014567,6.694150477421184,True
D3,24,158,Combination,h1_12,1,ARIMA,8.671362161636353,4.402890920639038,3.888445419830231,3.953979886425479,8.940732793113131,8.366271522148644,1.5001177237909427,0.5,0.75,8.450777134191657,12.851581667618273,True
D3,24,159,Combination,h1,1,ARIMA,8.671362161636353,4.402890920639038,0.14754261890031944,0.1245717587526432,0.35574986865146757,0.35638378607689947,0.1495526184505913,1.0,1.0,1.9097208634810257,2.9414823291708894,True
D3,24,159,Combination,h1_6,1,ARIMA,8.671362161636353,4.402890920639038,1.6827127271891025,1.7326859776890657,4.211133284274714,4.35076344270324,0.5734615283542279,0.8333333333333334,1.0,3.998534602864715,6.163611115934664,True
D3,24,159,Combination,h1_12,1,ARIMA,8.671362161636353,4.402890920639038,5.430702000824725,5.744529698179006,14.835839980658113,16.908888853472888,2.1283644931835783,0.4166666666666667,0.5,5.826571928898817,8.854930703041004,True
D3,24,160,Combination,h1,1,ARIMA,8.671362161636353,4.402890920639038,0.6833709887477483,0.5066386421538941,0.7926828025612309,0.7895534752535514,0.23271280909405523,1.0,1.0,2.0978022082413808,3.2233066418556215,True
D3,24,160,Combination,h1_6,1,ARIMA,8.671362161636353,4.402890920639038,2.5808633616303864,2.188114502560517,2.960290404754582,2.904502116152122,0.9188582289293251,0.5,0.6666666666666666,3.7779710590635602,5.817527796105691,True
D3,24,160,Combination,h1_12,1,ARIMA,8.671362161636353,4.402890920639038,3.8657125720772214,3.4852116624480898,4.639541325320804,4.747089278558789,1.4869150573885275,0.4166666666666667,0.5,5.212096713545525,7.92161748159855,True
D3,24,161,Combination,h1,1,ARIMA,8.671362161636353,4.402890920639038,0.11113125892361761,0.08296272929791346,0.2385162743164025,0.23880106401686294,0.15605306638208455,1.0,1.0,2.022711895077212,3.1193650868080063,True
D3,24,161,Combination,h1_6,1,ARIMA,8.671362161636353,4.402890920639038,4.767360405105095,4.256941579217588,9.561171648318629,8.955749069698433,1.9898457384954036,0.3333333333333333,0.3333333333333333,4.19990599759857,6.483274497715277,True
D3,24,161,Combination,h1_12,1,ARIMA,8.671362161636353,4.402890920639038,5.837702079838751,4.840402111402387,11.702605286219764,10.924235127126723,2.2902412576848663,0.16666666666666666,0.3333333333333333,5.961905377116659,9.057997892801788,True
D3,24,162,Combination,h1,1,ARIMA,8.671362161636353,4.402890920639038,0.8444116068201518,0.6953627322389642,1.550551658692336,1.5386230858033623,0.26877082707191136,1.0,1.0,1.7209130815971214,2.653098772311474,True
D3,24,162,Combination,h1_6,1,ARIMA,8.671362161636353,4.402890920639038,3.0630699858119987,2.7029600565469614,5.528512191387192,5.359270936603617,1.0883313082934272,0.16666666666666666,0.6666666666666666,4.358819848446528,6.7102458900332,True
D3,24,162,Combination,h1_12,1,ARIMA,8.671362161636353,4.402890920639038,4.18927124995512,3.678842181028951,7.461945188099752,7.1611002197482305,1.4801804748461471,0.08333333333333333,0.8333333333333334,6.672907330917362,10.144116021527362,True
D3,24,163,Combination,h1,1,ARIMA,8.671362161636353,4.402890920639038,2.1038982788556706,1.752271279852435,3.6738644522283015,3.6075953702837573,0.8262776783876126,0.0,0.0,1.8276872905070278,2.815158174087196,True
D3,24,163,Combination,h1_6,1,ARIMA,8.671362161636353,4.402890920639038,3.5262269889570312,2.9956203307711693,6.006340997961112,5.825040697607874,1.304903017249824,0.0,0.3333333333333333,4.296590474996001,6.614302876420173,True
D3,24,163,Combination,h1_12,1,ARIMA,8.671362161636353,4.402890920639038,3.5555704454678296,3.1504542418070995,6.004947195634574,5.808939621398124,1.3355667791318213,0.25,0.6666666666666666,6.711217377513828,10.202722005011715,True
D3,24,164,Combination,h1,1,ARIMA,8.671362161636353,4.402890920639038,1.8092436238698502,1.367967663879527,2.9591383131154534,2.915994162874538,0.6592326197975821,0.0,0.0,1.9893874270051257,3.063396459168382,True
D3,24,164,Combination,h1_6,1,ARIMA,8.671362161636353,4.402890920639038,2.780520139144308,2.3074217652666933,4.545693941663817,4.425245574899097,1.0853056135964139,0.16666666666666666,0.3333333333333333,3.6572156442894133,5.645224418479645,True
D3,24,164,Combination,h1_12,1,ARIMA,8.671362161636353,4.402890920639038,3.4335529607411845,2.804991104001797,5.814123721285092,5.897472966295358,1.2433613579431724,0.16666666666666666,0.5833333333333334,4.870835196692035,7.399300159190741,True
D3,24,165,Combination,h1,1,ARIMA,8.671362161636353,4.402890920639038,0.4057577850535936,0.3608779408547711,0.6998828242415263,0.7023406048721132,0.15285686838750606,1.0,1.0,1.4650921023796148,2.2573743702305977,True
D3,24,165,Combination,h1_6,1,ARIMA,8.671362161636353,4.402890920639038,1.0106296054600987,1.296673400996503,1.7378922130852872,1.7081467944728215,0.4383380521340938,1.0,1.0,4.052380991917726,6.229793443372137,True
D3,24,165,Combination,h1_12,1,ARIMA,8.671362161636353,4.402890920639038,3.9157657351702,4.4720724416281845,6.615140778386337,6.276943481627644,1.3949377061021206,0.5,1.0,7.88142204312539,11.987532647753477,True
D3,24,166,Combination,h1,1,ARIMA,8.671362161636353,4.402890920639038,0.2767742519404236,0.2318112614033158,0.7816094549886432,0.7785667792087949,0.14696188542678715,1.0,1.0,1.7778851250971592,2.738135706544344,True
D3,24,166,Combination,h1_6,1,ARIMA,8.671362161636353,4.402890920639038,0.4899349014704733,0.6120114538279857,1.4721900491879636,1.4960367272424724,0.2986521563602559,1.0,1.0,3.4176963176627226,5.273340795864318,True
D3,24,166,Combination,h1_12,1,ARIMA,8.671362161636353,4.402890920639038,1.0441320165129044,1.0968600153693788,3.155016786053819,3.235244354386815,0.4534196074914563,1.0,1.0,4.614634314299662,7.01083052625394,True
D3,24,167,Combination,h1,1,ARIMA,8.671362161636353,4.402890920639038,0.7092637592629806,0.524675174032477,1.0149977223487456,1.0098726302509107,0.24520234082440914,1.0,1.0,2.281711216917884,3.510178250805819,True
D3,24,167,Combination,h1_6,1,ARIMA,8.671362161636353,4.402890920639038,1.9258184962757041,1.654580241677456,2.7154408082101176,2.666916618859474,0.6792449750674828,0.5,1.0,4.107510914203759,6.334601982475214,True
D3,24,167,Combination,h1_12,1,ARIMA,8.671362161636353,4.402890920639038,3.2056423114773676,2.9582191119854704,4.4403816477518365,4.294852498203148,1.2316331867771786,0.4166666666666667,0.75,5.68276402565321,8.634787657188893,True
D3,24,168,Combination,h1,1,ARIMA,8.671362161636353,4.402890920639038,0.1777326935014062,0.15414745580789466,1.4021964110913916,1.4120965949793638,0.09662945112926725,1.0,1.0,1.151989217386705,1.7748546458242656,True
D3,24,168,Combination,h1_6,1,ARIMA,8.671362161636353,4.402890920639038,3.2949821071125203,3.456671826463288,25.448053850569814,21.53232224829399,1.3051974872415006,0.16666666666666666,0.3333333333333333,3.1760623511264305,4.882545894690733,True
D3,24,168,Combination,h1_12,1,ARIMA,8.671362161636353,4.402890920639038,4.423464335748067,4.219108269793059,39.61191864678291,31.822632629657814,1.568500269318114,0.08333333333333333,0.6666666666666666,6.166589902171764,9.379293996284868,True
D3,24,169,Combination,h1,1,ARIMA,8.671362161636353,4.402890920639038,1.204359294752446,0.8926535481419966,3.0883113397980653,3.1367476058035018,0.4070919713383607,0.0,1.0,2.0706778946860758,3.1917060056924864,True
D3,24,169,Combination,h1_6,1,ARIMA,8.671362161636353,4.402890920639038,2.4737961891467433,2.1362343612620998,6.491199082803941,6.794707510283167,1.0137508222183307,0.3333333333333333,0.6666666666666666,6.587539961286063,10.117409414215906,True
D3,24,169,Combination,h1_12,1,ARIMA,8.671362161636353,4.402890920639038,2.2444130177277164,1.9602082411088886,5.6622584619843765,5.736051060718425,1.3358645327097114,0.6666666666666666,0.8333333333333334,13.625473283421151,20.727807882565674,True
D3,24,170,Combination,h1,1,ARIMA,8.671362161636353,4.402890920639038,0.8379313801636596,0.6855636196694214,1.867329961294845,1.8849288821778485,0.27720302913756717,1.0,1.0,1.8663149481686394,2.874034282377032,True
D3,24,170,Combination,h1_6,1,ARIMA,8.671362161636353,4.402890920639038,2.6214882082147386,2.3827652651419053,5.977907790312894,6.210181970488451,0.9092152886771849,0.16666666666666666,0.8333333333333334,3.574328375631164,5.514633254349825,True
D3,24,170,Combination,h1_12,1,ARIMA,8.671362161636353,4.402890920639038,3.095330442963291,2.7993042943572544,7.083575469651178,7.410718843972669,1.0897067330872556,0.4166666666666667,0.75,4.717826867274231,7.167321965338889,True
D3,24,171,Combination,h1,1,ARIMA,8.671362161636353,4.402890920639038,0.6916451802948231,0.6083112592123532,2.286882662455253,2.313334282773949,0.22864483370985916,1.0,1.0,1.4967730715277676,2.3130661791651024,True
D3,24,171,Combination,h1_6,1,ARIMA,8.671362161636353,4.402890920639038,4.0575223911100275,4.004134629669888,14.593033973160239,16.109594121033865,1.5731593151961816,0.16666666666666666,0.16666666666666666,3.5933658913382067,5.547513748489503,True
D3,24,171,Combination,h1_12,1,ARIMA,8.671362161636353,4.402890920639038,6.499672862952787,6.269891155588334,24.325140499242803,28.65734932631091,2.5391140591774377,0.08333333333333333,0.08333333333333333,5.374125704049267,8.165782430858393,True
D3,24,172,Combination,h1,1,ARIMA,8.671362161636353,4.402890920639038,0.8097549448475592,0.6648481843219353,1.5465842682667637,1.5586370862544547,0.27123135490271694,1.0,1.0,1.9468446354905633,2.9974666167355886,True
D3,24,172,Combination,h1_6,1,ARIMA,8.671362161636353,4.402890920639038,2.070764533739078,1.9030738592318446,4.040475146993753,4.146365571211958,0.7351303396641707,0.3333333333333333,0.6666666666666666,3.8813947131821624,5.98401792971213,True
D3,24,172,Combination,h1_12,1,ARIMA,8.671362161636353,4.402890920639038,2.7789466344933795,2.472780245859065,5.255332813566066,5.2023312727681725,0.9392352116927161,0.3333333333333333,0.8333333333333334,5.466718041635119,8.307254744576076,True
D3,24,173,Combination,h1,1,ARIMA,8.671362161636353,4.402890920639038,0.09868860578153288,0.08061375478701152,0.17472835669286524,0.17488114016405243,0.11843584678683765,1.0,1.0,1.5270134626394487,2.3502063748631037,True
D3,24,173,Combination,h1_6,1,ARIMA,8.671362161636353,4.402890920639038,1.0329916853487628,0.9616663163815174,1.8180256559950432,1.8398121154476457,0.3901043903283867,0.8333333333333334,1.0,3.512230899677669,5.40404681354942,True
D3,24,173,Combination,h1_12,1,ARIMA,8.671362161636353,4.402890920639038,3.288924674919823,3.627781689951556,5.829905236066148,6.165007753260701,1.178523046290142,0.5833333333333334,0.75,5.49167262728171,8.349369756328915,True
D3,24,174,Combination,h1,1,ARIMA,8.671362161636353,4.402890920639038,0.87276415839719,0.7299254132571176,1.6755749341880986,1.6897312911731133,0.2858750965259659,1.0,1.0,1.8237754926653753,2.808610393539176,True
D3,24,174,Combination,h1_6,1,ARIMA,8.671362161636353,4.402890920639038,1.1735060655656828,1.0871913774165751,2.271349351798961,2.303745960364996,0.4413584916837439,0.8333333333333334,1.0,3.7332390375462596,5.755155509388656,True
D3,24,174,Combination,h1_12,1,ARIMA,8.671362161636353,4.402890920639038,1.2735089667048434,1.4558456211191217,2.49787100940354,2.5583671436966178,0.568184026268613,0.8333333333333334,1.0,5.277521704679243,8.019915392986409,True
D3,24,175,Combination,h1,1,ARIMA,8.671362161636353,4.402890920639038,1.920127954363028,1.542997735991678,3.501226810855837,3.5636118781114785,0.7208915554565535,0.0,0.0,2.0815730615365173,3.2061850994211545,True
D3,24,175,Combination,h1_6,1,ARIMA,8.671362161636353,4.402890920639038,2.7012077629897044,2.301452261345553,5.004310634570367,5.150032760486343,1.0012968461262233,0.3333333333333333,0.5,4.201353853568334,6.479199477758335,True
D3,24,175,Combination,h1_12,1,ARIMA,8.671362161636353,4.402890920639038,2.4666118307750518,2.2573628659631324,4.491640406343699,4.507489980834808,0.9341144181555304,0.5833333333333334,0.75,5.68541100780561,8.638425415122866,True
D3,24,176,Combination,h1,1,ARIMA,8.671362161636353,4.402890920639038,0.29987735865115056,0.2413597575669328,0.4751304425693788,0.4740043730316871,0.15652334081883762,1.0,1.0,1.8901012152985799,2.9103004738750577,True
D3,24,176,Combination,h1_6,1,ARIMA,8.671362161636353,4.402890920639038,0.8491320780628077,0.8415816792555689,1.3569898572458543,1.370804119236758,0.3653251945791438,1.0,1.0,3.93535548628643,6.064480945522825,True
D3,24,176,Combination,h1_12,1,ARIMA,8.671362161636353,4.402890920639038,1.7916125993223195,1.803658493942486,2.8882020225509604,2.9554557983842153,0.6452251357684123,0.9166666666666666,1.0,5.5706881947717335,8.465965035932328,True
D3,24,177,Combination,h1,1,ARIMA,8.671362161636353,4.402890920639038,0.9493756757194494,0.7690898907482794,2.0124516605123115,2.0329072988585897,0.3115560615613533,0.0,1.0,1.931420036808382,2.974749368609096,True
D3,24,177,Combination,h1_6,1,ARIMA,8.671362161636353,4.402890920639038,1.5732853422119895,1.3731624848066928,3.3562086115603447,3.4208685819187337,0.556821788179755,0.5,0.8333333333333334,3.8241535338850885,5.8985778585064255,True
D3,24,177,Combination,h1_12,1,ARIMA,8.671362161636353,4.402890920639038,5.716143640563291,6.334767636364577,10.822498102538326,9.96168768043987,2.416435157269838,0.25,0.5,5.094861145850268,7.740624362549162,True
D3,24,178,Combination,h1,1,ARIMA,8.671362161636353,4.402890920639038,0.18151182694969534,0.14877726702277505,0.3265801364398296,0.32604773287438943,0.1408579586514918,1.0,1.0,1.7678390536751547,2.721026932661907,True
D3,24,178,Combination,h1_6,1,ARIMA,8.671362161636353,4.402890920639038,5.4246582376672805,5.728508786595132,10.22569583960891,11.211699214479694,2.2156193382081497,0.3333333333333333,0.3333333333333333,4.473441004520968,6.876888675324295,True
D3,24,178,Combination,h1_12,1,ARIMA,8.671362161636353,4.402890920639038,11.036742190278968,10.512421855699449,21.399108208610507,25.13019976981089,4.587221635009652,0.16666666666666666,0.16666666666666666,7.66547635268513,11.657337289876509,True
D3,24,179,Combination,h1,1,ARIMA,8.671362161636353,4.402890920639038,1.4502808266340759,1.2800522692038812,6.613559082554786,6.401863567833186,0.5376331784201326,0.0,0.0,1.5233275499648722,2.3444113499031674,True
D3,24,179,Combination,h1_6,1,ARIMA,8.671362161636353,4.402890920639038,4.532158676378892,4.213263005437108,20.546972630211684,18.447288191980768,1.9050813447252875,0.0,0.0,3.1071960352772243,4.786883942947286,True
D3,24,179,Combination,h1_12,1,ARIMA,8.671362161636353,4.402890920639038,6.884176932942067,6.510427736812176,32.18863782070521,27.16587281183433,2.9271766777593164,0.0,0.0,4.384397587059834,6.663396420639345,True
D3,24,180,Combination,h1,1,ARIMA,8.671362161636353,4.402890920639038,1.0844382711652285,0.8064629253134724,1.7120109554217764,1.6974804299582633,0.34687266527260874,1.0,1.0,2.258091267419655,3.4743958900979703,True
D3,24,180,Combination,h1_6,1,ARIMA,8.671362161636353,4.402890920639038,4.62451415975453,3.7730222204837442,7.023190947656646,6.741356543835687,1.7862274175305286,0.16666666666666666,0.16666666666666666,4.649955979279764,7.161003863815686,True
D3,24,180,Combination,h1_12,1,ARIMA,8.671362161636353,4.402890920639038,4.895316863234476,3.9050637732664226,7.406748307593696,7.106789299136403,1.815221845161158,0.3333333333333333,0.4166666666666667,6.5650749299975715,9.978201128909637,True
D3,24,181,Combination,h1,1,ARIMA,8.671362161636353,4.402890920639038,0.2696820744752701,0.2335718103392829,0.5388773798519303,0.5403332466730004,0.15401319703833474,1.0,1.0,1.877563534019929,2.8911073005305856,True
D3,24,181,Combination,h1_6,1,ARIMA,8.671362161636353,4.402890920639038,3.0055741852504463,3.0645178024809,6.25611670206754,6.544338825473172,1.0611494363073948,0.3333333333333333,0.6666666666666666,4.005455563261092,6.1709879792598,True
D3,24,181,Combination,h1_12,1,ARIMA,8.671362161636353,4.402890920639038,3.8543579212328387,3.6414233382354726,8.030416209325743,8.436835986774723,1.2902713542952202,0.25,0.8333333333333334,5.910218640278862,8.983029471190878,True
D3,24,182,Combination,h1,1,ARIMA,8.671362161636353,4.402890920639038,1.3933010215361386,1.127696204470755,2.1197144053388732,2.142421008711202,0.4890135407044357,0.0,0.0,1.8036226311183579,2.7759334990447924,True
D3,24,182,Combination,h1_6,1,ARIMA,8.671362161636353,4.402890920639038,1.415355965815479,1.18240652746216,2.1021502294987697,2.1215364639330696,0.5327104678757031,0.5,0.8333333333333334,4.201926685120128,6.464393659715649,True
D3,24,182,Combination,h1_12,1,ARIMA,8.671362161636353,4.402890920639038,4.097382630224383,4.090903257239013,5.588995071149937,5.391075547265478,1.451132684510326,0.25,0.75,6.7437496362189995,10.253590568871024,True
D3,24,183,Combination,h1,1,ARIMA,8.671362161636353,4.402890920639038,2.339817913383204,1.6173860879583044,3.684030616423696,3.6173975988931955,0.8797210172794703,0.0,0.0,2.3487668780127056,3.6183541867000257,True
D3,24,183,Combination,h1_6,1,ARIMA,8.671362161636353,4.402890920639038,3.6660630036783233,2.5848634043303864,5.695735886499607,5.532267699666438,1.3353646038944769,0.0,0.5,5.034581756024206,7.75984705889171,True
D3,24,183,Combination,h1_12,1,ARIMA,8.671362161636353,4.402890920639038,3.6830775218648846,2.5915326308915203,5.70861011974815,5.545106250770212,1.3235629351133655,0.5,0.75,7.465988120478936,11.347001001535135,True
D3,24,184,Combination,h1,1,ARIMA,8.671362161636353,4.402890920639038,0.658661952671407,0.5308591951785794,1.1947579757137656,1.187663125753987,0.22422138462266078,1.0,1.0,2.0552426666356003,3.164851141790055,True
D3,24,184,Combination,h1_6,1,ARIMA,8.671362161636353,4.402890920639038,0.7444094156353646,0.8024257854020108,1.340921779281004,1.3259004041518125,0.41664215994938486,0.8333333333333334,1.0,4.113584111858296,6.342775122219029,True
D3,24,184,Combination,h1_12,1,ARIMA,8.671362161636353,4.402890920639038,4.294145785284803,4.948530266787915,8.438198381632137,9.255583040955512,1.7267293393170349,0.5,0.6666666666666666,5.798180843859797,8.810778339038194,True
D3,24,185,Combination,h1,1,ARIMA,8.671362161636353,4.402890920639038,1.4023190952293765,1.1604926526295254,2.4126281778099568,2.442087422450352,0.48885651095391214,0.0,1.0,1.886650963818696,2.9049615343371817,True
D3,24,185,Combination,h1_6,1,ARIMA,8.671362161636353,4.402890920639038,1.0644899684048013,0.972656596156435,1.7995304742882836,1.7995216143752713,0.42648732536974604,0.8333333333333334,1.0,3.5207206560751243,5.432912247313218,True
D3,24,185,Combination,h1_12,1,ARIMA,8.671362161636353,4.402890920639038,1.2688719401185902,1.1859412597871193,2.1436625957010955,2.1491489308932774,0.5094770520405254,0.9166666666666666,1.0,4.603508306817185,6.993267990887866,True
D3,24,186,Combination,h1,1,ARIMA,8.671362161636353,4.402890920639038,0.43800514884469854,0.37277082769294967,2.0547680438018934,2.076097538188319,0.16506351028230254,1.0,1.0,1.581823820031343,2.437692809321173,True
D3,24,186,Combination,h1_6,1,ARIMA,8.671362161636353,4.402890920639038,2.0446725729914434,1.9425641471327386,10.822797198723432,11.644397342565869,0.6836173781717371,0.16666666666666666,1.0,3.3348940993915015,5.143016026853496,True
D3,24,186,Combination,h1_12,1,ARIMA,8.671362161636353,4.402890920639038,2.624786809940262,2.3915330794402525,15.093117133113152,16.59175069796986,0.8793345784317911,0.25,0.9166666666666666,4.73589717064247,7.196459180092466,True
D3,24,187,Combination,h1,1,ARIMA,8.671362161636353,4.402890920639038,1.0516621704008677,0.9161283502611299,2.3207154767678815,2.34796021481466,0.3555273528968137,0.0,1.0,1.784047041452628,2.746811890818772,True
D3,24,187,Combination,h1_6,1,ARIMA,8.671362161636353,4.402890920639038,1.340320808150887,1.225239893522115,2.9122175493065217,2.95990386719069,0.5072791365571748,0.6666666666666666,1.0,4.026825757868232,6.199297217203141,True
D3,24,187,Combination,h1_12,1,ARIMA,8.671362161636353,4.402890920639038,2.032137383762748,2.1417945754754264,4.350109039970412,4.494466268529853,0.7556816653514525,0.75,1.0,6.260838554187856,9.51790151619423,True
D3,24,188,Combination,h1,1,ARIMA,8.671362161636353,4.402890920639038,1.4965170245500328,1.2213341091842222,5.254801439529898,5.120271392119434,0.546314696231903,0.0,0.0,1.6331629846701503,2.516503265809875,True
D3,24,188,Combination,h1_6,1,ARIMA,8.671362161636353,4.402890920639038,2.0558221572299966,2.1082700034157256,8.48239476675401,9.078831017596823,0.7810361212512704,0.3333333333333333,0.6666666666666666,3.1724719929837737,4.897114464326405,True
D3,24,188,Combination,h1_12,1,ARIMA,8.671362161636353,4.402890920639038,4.282376751127587,4.061596138449949,20.86376776648524,24.520741170003614,1.7158441993450082,0.16666666666666666,0.3333333333333333,4.423185609976616,6.7199604954823,True
D3,24,189,Combination,h1,1,ARIMA,8.671362161636353,4.402890920639038,0.3413144460736663,0.25939247068643007,1.8051367743303688,1.7889899168909384,0.1543735076991847,1.0,1.0,1.7561558781962536,2.7060343488965697,True
D3,24,189,Combination,h1_6,1,ARIMA,8.671362161636353,4.402890920639038,1.7634120650216982,1.4835915670191455,9.549661450077169,9.021574324358973,0.6001171802998277,0.8333333333333334,1.0,4.4871118187288275,6.9039676170213955,True
D3,24,189,Combination,h1_12,1,ARIMA,8.671362161636353,4.402890920639038,3.2986679997469674,2.818901981343374,18.53781345568775,16.588976506909507,1.096788923193232,0.8333333333333334,1.0,8.344917647539878,12.690490823512507,True
D3,24,190,Combination,h1,1,ARIMA,8.671362161636353,4.402890920639038,1.3527827387257045,1.080604669127846,3.2055498485517373,3.1549825789116692,0.457472405368491,0.0,1.0,1.8080211237752046,2.7894206169273934,True
D3,24,190,Combination,h1_6,1,ARIMA,8.671362161636353,4.402890920639038,1.7631946847357682,1.5225678698814533,4.1473048113821385,4.0495951477157375,0.6642055197332015,0.3333333333333333,1.0,4.025381761993344,6.210743658713125,True
D3,24,190,Combination,h1_12,1,ARIMA,8.671362161636353,4.402890920639038,2.3641299272253526,2.3192821304931477,5.554346529410606,5.33419067270878,0.9234664313079557,0.5,1.0,5.895637367777273,8.95865299264774,True
D3,24,191,Combination,h1,1,ARIMA,8.671362161636353,4.402890920639038,1.505028725856808,1.2380594330963943,2.769624777410852,2.7317945480751282,0.508171535668761,0.0,1.0,2.068811091151555,3.1853431089980417,True
D3,24,191,Combination,h1_6,1,ARIMA,8.671362161636353,4.402890920639038,2.3498156467047373,2.294429492761518,4.1707704663242575,4.055671242366651,0.813560992141995,0.6666666666666666,1.0,4.799289704304754,7.3865333806343365,True
D3,24,191,Combination,h1_12,1,ARIMA,8.671362161636353,4.402890920639038,3.4571457027082815,3.306263034875563,5.954291671566992,5.728523917354522,1.238721404629255,0.5833333333333334,1.0,8.402474743348508,12.776472250504469,True
D3,24,192,Combination,h1,1,ARIMA,8.671362161636353,4.402890920639038,0.1948547082584235,0.1639147688212275,0.6822159554572604,0.6798967733231356,0.12412822370284554,1.0,1.0,1.5302568757063375,2.357843263221321,True
D3,24,192,Combination,h1_6,1,ARIMA,8.671362161636353,4.402890920639038,1.887688984561284,1.7826570097818981,6.750857051741719,6.474545393053323,0.664523673033118,0.16666666666666666,0.8333333333333334,3.0828794237980137,4.756296600278701,True
D3,24,192,Combination,h1_12,1,ARIMA,8.671362161636353,4.402890920639038,3.273468344341275,3.21735969454919,12.16456140161752,11.233182764927996,1.215556875275235,0.08333333333333333,0.6666666666666666,4.317152204745929,6.559515547006514,True
D3,24,193,Combination,h1,1,ARIMA,8.671362161636353,4.402890920639038,0.5626213287016877,0.46654168102559485,2.474638984036136,2.444394020360491,0.18233144405958507,1.0,1.0,1.29189567456888,1.9883493865837434,True
D3,24,193,Combination,h1_6,1,ARIMA,8.671362161636353,4.402890920639038,1.1647361115186263,1.0826194813816101,6.052639815640953,6.252118581336632,0.3879460836009441,0.6666666666666666,1.0,2.617773705004214,4.033454310778494,True
D3,24,193,Combination,h1_12,1,ARIMA,8.671362161636353,4.402890920639038,2.606758469007255,2.6420555835832213,14.623754095399805,13.36917264432717,0.9645929880246602,0.4166666666666667,0.5833333333333334,3.750797751000137,5.700489630365706,True
D3,24,194,Combination,h1,1,ARIMA,8.671362161636353,4.402890920639038,0.19185787336309296,0.16634611579305994,0.3259795159839699,0.3254490673367306,0.14283346335869299,1.0,1.0,1.7863189063446498,2.750280524350068,True
D3,24,194,Combination,h1_6,1,ARIMA,8.671362161636353,4.402890920639038,1.7209388618650912,1.7222582851403727,2.806066688260118,2.754877036756494,0.6320802835477893,0.6666666666666666,0.8333333333333334,3.6099114499809497,5.564473661573535,True
D3,24,194,Combination,h1_12,1,ARIMA,8.671362161636353,4.402890920639038,2.921389434308623,3.048313637264089,4.527055117739289,4.3885048750156415,1.0934554785713826,0.5,0.6666666666666666,5.121111443908642,7.782411725637519,True
D3,24,195,Combination,h1,1,ARIMA,8.671362161636353,4.402890920639038,0.5103756848109131,0.43893995919449047,1.0052817262448914,1.010360209522682,0.19623273697172544,1.0,1.0,1.912495566402996,2.9457344989019556,True
D3,24,195,Combination,h1_6,1,ARIMA,8.671362161636353,4.402890920639038,1.7335136562984508,1.591627309116088,3.451999953146033,3.5215073760357685,0.5634101536716687,0.6666666666666666,1.0,3.889524276559735,5.997672743521752,True
D3,24,195,Combination,h1_12,1,ARIMA,8.671362161636353,4.402890920639038,1.0462990317755567,1.1555324927227923,2.073771026566118,2.1080734607571023,0.5517283099371983,0.8333333333333334,1.0,5.495546419846775,8.350858711759502,True
D3,24,196,Combination,h1,1,ARIMA,8.671362161636353,4.402890920639038,1.9535287478010825,1.6455316547165655,3.6109279029404147,3.6773206007672554,0.752163437970144,0.0,0.0,1.9511995090277003,3.0032060694701883,True
D3,24,196,Combination,h1_6,1,ARIMA,8.671362161636353,4.402890920639038,7.019727780508292,6.287843708769455,13.70604853055555,14.871336106472011,3.0110211906140383,0.0,0.0,3.9984789642890948,6.160305470697501,True
D3,24,196,Combination,h1_12,1,ARIMA,8.671362161636353,4.402890920639038,8.284452894519758,7.247094452778027,16.27342104376537,17.852987406606946,3.4193589286571098,0.0,0.0,5.756755030092098,8.749361012936843,True
D3,24,197,Combination,h1,1,ARIMA,8.671362161636353,4.402890920639038,0.14633795354846416,0.120007497682855,0.24294368406251188,0.24264893393279446,0.15373303991075515,1.0,1.0,1.9687349845490156,3.0294748195346344,True
D3,24,197,Combination,h1_6,1,ARIMA,8.671362161636353,4.402890920639038,4.040744217899391,3.7799897604823856,6.531311933219299,6.266499650558704,1.6568870438928534,0.16666666666666666,0.3333333333333333,3.6399734417072005,5.613433322056933,True
D3,24,197,Combination,h1_12,1,ARIMA,8.671362161636353,4.402890920639038,3.628211029869811,3.4675833622813688,5.908644566148434,5.715810664979253,1.4519342900295327,0.4166666666666667,0.5,4.74499819008245,7.20896532240566,True
D3,24,198,Combination,h1,1,ARIMA,8.671362161636353,4.402890920639038,0.28402209580432186,0.21830444914947597,0.35554922232698793,0.3561824242467253,0.1644588312341674,1.0,1.0,2.010942050356402,3.0933407405096385,True
D3,24,198,Combination,h1_6,1,ARIMA,8.671362161636353,4.402890920639038,5.097420066458097,4.5546217110006335,6.47195937684187,6.7706413676003,2.1411143355213746,0.16666666666666666,0.16666666666666666,3.6396135877816786,5.611991392922137,True
D3,24,198,Combination,h1_12,1,ARIMA,8.671362161636353,4.402890920639038,5.326784128222432,4.591045506095046,6.641518301390829,6.936348623292561,2.123744092504813,0.16666666666666666,0.3333333333333333,5.065676937724693,7.6974720624368524,True
D3,24,199,Combination,h1,1,ARIMA,8.671362161636353,4.402890920639038,0.10252628548650967,0.08541451418902102,0.17104133492505783,0.17118773581934452,0.12434906269519258,1.0,1.0,1.6040359079180089,2.468814327672276,True
D3,24,199,Combination,h1_6,1,ARIMA,8.671362161636353,4.402890920639038,0.6646100318124265,0.6737980693817884,1.0755748586569829,1.0841742981768452,0.30782536869765176,1.0,1.0,3.380029110831689,5.205701742360105,True
D3,24,199,Combination,h1_12,1,ARIMA,8.671362161636353,4.402890920639038,1.3761775423222196,1.5558320307503648,2.1528950472327293,2.195931326984036,0.5374188854700743,0.9166666666666666,1.0,4.822156581311832,7.329200913775289,True
D3,24,0,TimesFM3,h1,1,ARIMA,8.671362161636353,4.402890920639038,0.05184622877450696,0.03900220437139438,0.08123567527522269,0.0812026924974267,0.05682890309081318,1.0,1.0,0.7074096615731232,1.1281132054863279,True
D3,24,0,TimesFM3,h1_6,1,ARIMA,8.671362161636353,4.402890920639038,2.3207272651872284,2.0791108870327037,3.7300352437748554,3.832075498544586,0.9206170455284582,0.16666666666666666,0.16666666666666666,2.123393198218225,3.451754995469427,True
D3,24,0,TimesFM3,h1_12,1,ARIMA,8.671362161636353,4.402890920639038,1.946811744735577,1.7402803169105323,3.094615958044615,3.1646120060238196,0.7718553212498069,0.5,0.5833333333333334,3.6085435940710786,5.946412976001269,True
D3,24,1,TimesFM3,h1,1,ARIMA,8.671362161636353,4.402890920639038,0.7234855184078696,0.5870866793540651,1.372072557172842,1.3627237776810268,0.24370087070076538,0.0,1.0,1.151683946510636,1.8034610011694086,True
D3,24,1,TimesFM3,h1_6,1,ARIMA,8.671362161636353,4.402890920639038,1.8604450082697686,2.038097728951393,3.3733195183993847,3.4673358930369407,0.7769034296775528,0.3333333333333333,0.6666666666666666,1.5821743540712614,2.521482460339,True
D3,24,1,TimesFM3,h1_12,1,ARIMA,8.671362161636353,4.402890920639038,2.8092843823778058,2.87815225834295,5.019256541854957,5.223113443847199,1.2218557047898475,0.16666666666666666,0.5,1.7183789513026868,2.7613834727272875,True
D3,24,2,TimesFM3,h1,1,ARIMA,8.671362161636353,4.402890920639038,1.627194371130588,1.2212724863345383,2.707758581163664,2.744921504962073,0.5526365955331493,0.0,1.0,2.2612345758368915,3.7665626243603496,True
D3,24,2,TimesFM3,h1_6,1,ARIMA,8.671362161636353,4.402890920639038,4.750684849686701,3.9010330214093965,8.102728476141747,8.523386436515008,1.8430289315538197,0.0,0.16666666666666666,4.090368349884138,6.89314619196642,True
D3,24,2,TimesFM3,h1_12,1,ARIMA,8.671362161636353,4.402890920639038,7.300505665814768,5.928404363612755,12.790860779807057,13.847418785806648,2.929348547387879,0.0,0.08333333333333333,5.615103497953513,9.698784518062705,True
D3,24,3,TimesFM3,h1,1,ARIMA,8.671362161636353,4.402890920639038,1.6719337146291915,1.35720262247591,2.9578094761358837,3.0022092915960132,0.6841784447219735,0.0,0.0,1.3133977143045419,2.1245209468891297,True
D3,24,3,TimesFM3,h1_6,1,ARIMA,8.671362161636353,4.402890920639038,7.519908527001801,7.357661813635362,13.699112673367111,15.278697287980428,3.309973071349597,0.0,0.0,3.3592162155884724,5.645675936344483,True
D3,24,3,TimesFM3,h1_12,1,ARIMA,8.671362161636353,4.402890920639038,13.621917604011283,12.482338344208975,25.14566427074402,30.061036947884496,6.146270832727614,0.0,0.0,4.797936203829458,8.208720767537487,True
D3,24,4,TimesFM3,h1,1,ARIMA,8.671362161636353,4.402890920639038,0.030661080576949922,0.02753062169412065,0.12714777973013278,0.12722866394082336,0.12119434524096435,1.0,1.0,1.5927178423836823,2.742550261418417,True
D3,24,4,TimesFM3,h1_6,1,ARIMA,8.671362161636353,4.402890920639038,1.2423685388214012,1.49501617469607,5.277143692395634,5.542729225582007,0.4943756259425158,1.0,1.0,4.36102124212518,7.317366268372318,True
D3,24,4,TimesFM3,h1_12,1,ARIMA,8.671362161636353,4.402890920639038,1.5952465477134803,1.7852521123160459,6.629293309088066,6.871523318871159,0.6530240200329502,1.0,1.0,5.7893028455286535,10.012520289751949,True
D3,24,5,TimesFM3,h1,1,ARIMA,8.671362161636353,4.402890920639038,0.5714100594339016,0.4979986887004992,1.1441177007493282,1.1507003841380856,0.18162730591431037,1.0,1.0,1.1940066847695765,1.8738273094403828,True
D3,24,5,TimesFM3,h1_6,1,ARIMA,8.671362161636353,4.402890920639038,1.5824465835184776,1.5548647421864912,3.1610559022756064,3.226101299331567,0.542027090371658,1.0,1.0,4.1343178498473785,6.968551287888248,True
D3,24,5,TimesFM3,h1_12,1,ARIMA,8.671362161636353,4.402890920639038,1.5885287164607849,1.6003554880156063,3.1446058425540095,3.1537213464700877,0.677171671161238,1.0,1.0,6.514188803729463,11.232776446547796,True
D3,24,6,TimesFM3,h1,1,ARIMA,8.671362161636353,4.402890920639038,0.0508381779507041,0.04049992517883019,0.2305453138964228,0.23081137630242538,0.06407326152819943,1.0,1.0,0.8310556173895106,1.468956254638427,True
D3,24,6,TimesFM3,h1_6,1,ARIMA,8.671362161636353,4.402890920639038,3.3510589242593367,3.23391314119232,15.783801280527717,14.145227204904803,1.3901914335538907,0.16666666666666666,0.3333333333333333,2.3603429547254886,3.9555969992202527,True
D3,24,6,TimesFM3,h1_12,1,ARIMA,8.671362161636353,4.402890920639038,5.31995930674737,4.706495835667823,28.311950420243313,24.004294180334533,2.2722428353795285,0.08333333333333333,0.16666666666666666,2.9908743269972837,5.104604185489407,True
D3,24,7,TimesFM3,h1,1,ARIMA,8.671362161636353,4.402890920639038,0.4956351164410394,0.42634573043606905,0.7865621766830514,0.7834808944942364,0.16698837800598335,1.0,1.0,1.308344246430165,2.0881920644348186,True
D3,24,7,TimesFM3,h1_6,1,ARIMA,8.671362161636353,4.402890920639038,2.222852235956228,2.464208248188655,3.3612501194976434,3.272253557281721,0.756922893593078,0.6666666666666666,1.0,4.846687094015183,7.960404534782845,True
D3,24,7,TimesFM3,h1_12,1,ARIMA,8.671362161636353,4.402890920639038,4.3979950979101305,4.373260499194014,6.523040688572371,6.253690523910836,1.459582337079395,0.6666666666666666,1.0,8.735223396026322,14.626766137181376,True
D3,24,8,TimesFM3,h1,1,ARIMA,8.671362161636353,4.402890920639038,0.9691294862785129,0.7039336405926233,2.960473036798052,2.9172902412986583,0.30681889407723867,0.0,1.0,1.7499713057203883,2.755061004601682,True
D3,24,8,TimesFM3,h1_6,1,ARIMA,8.671362161636353,4.402890920639038,2.625536674913652,2.06768238187413,7.816808580983416,7.476644757218081,0.8642341532932343,0.3333333333333333,1.0,4.6255979838100645,7.883477822411081,True
D3,24,8,TimesFM3,h1_12,1,ARIMA,8.671362161636353,4.402890920639038,4.915834504959864,4.143323272964369,13.707304056026553,12.607629534837939,1.616605614953479,0.3333333333333333,1.0,8.25648924960907,13.907377439782428,True
D3,24,9,TimesFM3,h1,1,ARIMA,8.671362161636353,4.402890920639038,1.2422014924885765,1.0275644340300214,2.4888554137903007,2.5202177011373292,0.4439105252847659,0.0,0.0,1.3800195276689795,2.0895978012276006,True
D3,24,9,TimesFM3,h1_6,1,ARIMA,8.671362161636353,4.402890920639038,1.5012901614274552,1.390610476860262,2.912460109707868,2.8809376849500494,0.525172936005233,0.5,0.8333333333333334,2.9855686830951185,4.884793125170237,True
D3,24,9,TimesFM3,h1_12,1,ARIMA,8.671362161636353,4.402890920639038,4.3237851815331645,4.358587887115965,8.086190596445189,7.6475314437009265,1.6920405375446574,0.25,0.4166666666666667,4.561415953427445,7.67383721218816,True
D3,24,10,TimesFM3,h1,1,ARIMA,8.671362161636353,4.402890920639038,0.4719533022731287,0.37870882177303783,0.6139982220347722,0.6158889957766603,0.15646639068635063,1.0,1.0,1.0377615886082305,1.7014623326657263,True
D3,24,10,TimesFM3,h1_6,1,ARIMA,8.671362161636353,4.402890920639038,0.7802463587446186,0.7144960002218625,0.9818777755397915,0.9857763271854348,0.2914686848349969,1.0,1.0,2.5146276697874708,4.054066660973826,True
D3,24,10,TimesFM3,h1_12,1,ARIMA,8.671362161636353,4.402890920639038,1.513858659042897,1.3909296685695403,1.8445419297141523,1.8657718511898003,0.5317261033254628,0.5833333333333334,1.0,3.1632559081825598,5.200286908679776,True
D3,24,11,TimesFM3,h1,1,ARIMA,8.671362161636353,4.402890920639038,0.6189478402372985,0.4665715474331536,1.8055491967787292,1.7893949933142372,0.2183964375652789,1.0,1.0,1.980358741951202,3.058428024926766,True
D3,24,11,TimesFM3,h1_6,1,ARIMA,8.671362161636353,4.402890920639038,1.4831789547758325,1.235473129626846,4.550129853857434,4.425420872353601,0.5131749607250327,0.8333333333333334,1.0,3.8466173620325406,6.082263865137736,True
D3,24,11,TimesFM3,h1_12,1,ARIMA,8.671362161636353,4.402890920639038,1.4050581216521354,1.1963565364863467,4.69951123024143,4.559803482128765,0.5775232242621623,0.9166666666666666,1.0,5.31076245734288,8.731429376327164,True
D3,24,12,TimesFM3,h1,1,ARIMA,8.671362161636353,4.402890920639038,1.1237906130693733,0.8300348066875392,2.0137569351123057,1.9936829705702996,0.3610632590778878,1.0,1.0,2.133719559777394,3.686356308094626,True
D3,24,12,TimesFM3,h1_6,1,ARIMA,8.671362161636353,4.402890920639038,3.048996797815472,2.5769547603649596,5.305273254499157,5.1283630194359375,1.175990829692709,0.5,0.8333333333333334,7.15410395506312,11.376724890137634,True
D3,24,12,TimesFM3,h1_12,1,ARIMA,8.671362161636353,4.402890920639038,3.6885918280722496,3.1175089167416794,6.301346728351318,6.3875791165557025,1.4062471396261385,0.75,0.9166666666666666,11.038507370858822,17.734322784364597,True
D3,24,13,TimesFM3,h1,1,ARIMA,8.671362161636353,4.402890920639038,0.24943799696698846,0.19806647885018985,0.3743961576708734,0.37509833454688896,0.13279754995631,1.0,1.0,1.5933147523917046,2.5395808371482693,True
D3,24,13,TimesFM3,h1_6,1,ARIMA,8.671362161636353,4.402890920639038,2.435816090910273,2.351820762552731,3.58755054814471,3.6851204911358995,0.9536115201031041,0.3333333333333333,0.5,2.7721025863277275,4.404037605426811,True
D3,24,13,TimesFM3,h1_12,1,ARIMA,8.671362161636353,4.402890920639038,3.9397810073597124,3.6141365112587573,5.679164308338636,5.902692523013277,1.5887628759541093,0.16666666666666666,0.25,3.2438356871080853,5.228083811681605,True
D3,24,14,TimesFM3,h1,1,ARIMA,8.671362161636353,4.402890920639038,3.526913650537276,2.9728028964436217,6.209232223373092,6.022264043587566,1.5060477532212593,0.0,0.0,2.172197807271731,3.698893483898206,True
D3,24,14,TimesFM3,h1_6,1,ARIMA,8.671362161636353,4.402890920639038,7.623532505574109,6.662022321475197,12.97794264779266,12.137810160777722,3.32721676023583,0.0,0.0,4.05622150896582,6.960087449063107,True
D3,24,14,TimesFM3,h1_12,1,ARIMA,8.671362161636353,4.402890920639038,12.78412713595242,11.871777128909931,20.403716067228913,18.24645276857876,5.7382835946138036,0.0,0.0,5.249038857689701,9.073418118928872,True
D3,24,15,TimesFM3,h1,1,ARIMA,8.671362161636353,4.402890920639038,0.9419237654046841,0.7768404668233728,2.167419754251927,2.144183030961736,0.3631464936959965,0.0,0.0,0.8615604504045392,1.4429861111078652,True
D3,24,15,TimesFM3,h1_6,1,ARIMA,8.671362161636353,4.402890920639038,4.8691218154689215,4.434347766457631,10.615608349049701,9.978833428605665,2.0403784306261796,0.0,0.0,3.1086330537119053,5.4467873430962115,True
D3,24,15,TimesFM3,h1_12,1,ARIMA,8.671362161636353,4.402890920639038,6.276116901420507,5.5404360758757765,13.59255096389613,12.623049594349824,2.5058187936271414,0.0,0.16666666666666666,5.113293948662611,9.075925353699047,True
D3,24,16,TimesFM3,h1,1,ARIMA,8.671362161636353,4.402890920639038,0.680212009644506,0.506910051450663,2.2531404010514064,2.2280399667304183,0.25101534806606224,0.0,0.0,0.9431756312203324,1.4992468426158396,True
D3,24,16,TimesFM3,h1_6,1,ARIMA,8.671362161636353,4.402890920639038,1.5382477391380813,1.4328069778360886,5.591934414632202,5.788034362640842,0.5648461245587041,0.3333333333333333,0.8333333333333334,2.9708288455415395,4.961142606823719,True
D3,24,16,TimesFM3,h1_12,1,ARIMA,8.671362161636353,4.402890920639038,2.6244506601814237,2.272500887611565,10.516921553906155,11.314560424403968,0.9309553751331184,0.3333333333333333,0.8333333333333334,4.876882968610593,8.247338871316252,True
D3,24,17,TimesFM3,h1,1,ARIMA,8.671362161636353,4.402890920639038,1.5005384940972968,1.2169527479343472,2.03711980638666,2.0580826106331633,0.5061233692578485,0.0,1.0,2.579424982753052,4.11947355040649,True
D3,24,17,TimesFM3,h1_6,1,ARIMA,8.671362161636353,4.402890920639038,5.591779437291702,5.003166278469237,7.760118593942532,8.14914742439008,2.234483591328777,0.0,0.16666666666666666,4.222665153503453,6.774448601733399,True
D3,24,17,TimesFM3,h1_12,1,ARIMA,8.671362161636353,4.402890920639038,7.293119793643661,6.282349420915188,10.161435823698275,10.78375967457101,2.9516215829642496,0.0,0.08333333333333333,4.875188387282818,8.00106858301312,True
D3,24,18,TimesFM3,h1,1,ARIMA,8.671362161636353,4.402890920639038,0.964833961313414,0.8381692032504937,1.6750740421986967,1.6892219009879892,0.3240921887584815,0.0,1.0,1.4490168639125673,2.293541376506492,True
D3,24,18,TimesFM3,h1_6,1,ARIMA,8.671362161636353,4.402890920639038,2.7093767206030885,2.546738485925141,4.61495138138075,4.742492236466039,0.9462840650196538,0.0,0.8333333333333334,2.926099304759172,4.792428334189206,True
D3,24,18,TimesFM3,h1_12,1,ARIMA,8.671362161636353,4.402890920639038,8.003999258082985,8.6692002539334,13.61312140314753,15.258445599153845,3.3962341928753124,0.0,0.4166666666666667,4.189845670381864,7.029253686143199,True
D3,24,19,TimesFM3,h1,1,ARIMA,8.671362161636353,4.402890920639038,1.6549332626932904,1.2125315683952957,3.502089435919599,3.441821600581026,0.7167143196064601,0.0,0.0,0.7950401455004558,1.308895774216707,True
D3,24,19,TimesFM3,h1_6,1,ARIMA,8.671362161636353,4.402890920639038,0.9018922922621201,0.7819153399389409,1.9225562270774033,1.9091662934528488,0.3716910906070373,0.6666666666666666,0.6666666666666666,1.8528016200204072,3.0709992541262245,True
D3,24,19,TimesFM3,h1_12,1,ARIMA,8.671362161636353,4.402890920639038,1.2954266182536365,1.2658165142353675,2.7473067125685064,2.6885280470017534,0.506652816755704,0.6666666666666666,0.8333333333333334,2.901321907611847,4.969147888549329,True
D3,24,20,TimesFM3,h1,1,ARIMA,8.671362161636353,4.402890920639038,0.790325552658917,0.7031113345297951,1.5280230597635085,1.516437303918146,0.25846836942910706,0.0,1.0,1.2331859397408618,1.9970575203274465,True
D3,24,20,TimesFM3,h1_6,1,ARIMA,8.671362161636353,4.402890920639038,0.5497323683166268,0.5263165445776127,1.067426607858301,1.0637297614410082,0.36535402411314183,0.8333333333333334,1.0,4.221965739837647,6.878834667593739,True
D3,24,20,TimesFM3,h1_12,1,ARIMA,8.671362161636353,4.402890920639038,1.5957631333454738,2.0993495400654463,3.214678801598752,3.332599273897489,0.6965673432535304,0.8333333333333334,1.0,6.218831846743905,10.49018044061741,True
D3,24,21,TimesFM3,h1,1,ARIMA,8.671362161636353,4.402890920639038,0.19764518549154061,0.167279372677483,0.34244445660307976,0.3418591178039239,0.08213575886895659,1.0,1.0,0.8742135952788629,1.3072059417665398,True
D3,24,21,TimesFM3,h1_6,1,ARIMA,8.671362161636353,4.402890920639038,4.072988220493023,4.182935926273527,6.427232358229511,6.144952479007135,1.802117561951238,0.16666666666666666,0.16666666666666666,2.0682227931691237,3.2139340377374026,True
D3,24,21,TimesFM3,h1_12,1,ARIMA,8.671362161636353,4.402890920639038,6.658570172403498,6.303451461493358,9.92495925459343,9.356722164949112,2.9686912280372946,0.08333333333333333,0.08333333333333333,2.9322552718631223,4.643106977012388,True
D3,24,22,TimesFM3,h1,1,ARIMA,8.671362161636353,4.402890920639038,1.399974328960304,1.184898269060793,3.253367934630368,3.2012930144180487,0.5496530278211892,0.0,0.0,1.1219223637929614,1.6136549978497368,True
D3,24,22,TimesFM3,h1_6,1,ARIMA,8.671362161636353,4.402890920639038,1.8797927627722553,1.9114992015885974,4.442106264333943,4.513063601596592,0.7091411588383245,0.5,0.6666666666666666,4.202632885595933,6.446695712598385,True
D3,24,22,TimesFM3,h1_12,1,ARIMA,8.671362161636353,4.402890920639038,6.291220595481382,6.63625363757048,16.341449243929947,18.815889586397272,2.427814928655818,0.25,0.3333333333333333,6.352900320046384,10.160563380546785,True
D3,24,23,TimesFM3,h1,1,ARIMA,8.671362161636353,4.402890920639038,1.734164609628427,1.4941277368120207,4.692292445250761,4.584728021946222,0.7194574934921087,0.0,0.0,1.1949668285755797,2.0508384022075083,True
D3,24,23,TimesFM3,h1_6,1,ARIMA,8.671362161636353,4.402890920639038,6.821594422648306,6.832662502843302,17.894550552496742,16.01740284440231,3.04205181621761,0.0,0.0,2.7227951262721195,4.676101139598174,True
D3,24,23,TimesFM3,h1_12,1,ARIMA,8.671362161636353,4.402890920639038,13.473210514945782,13.287909852986608,34.525594318726554,28.31211405149346,6.112317915222559,0.0,0.0,4.427770131340868,7.556328362623271,True
D3,24,24,TimesFM3,h1,1,ARIMA,8.671362161636353,4.402890920639038,1.3455648560141085,1.0604986479024456,5.629020188018139,5.792037672972766,0.44542805656457435,0.0,1.0,2.497678654636619,4.121200054290468,True
D3,24,24,TimesFM3,h1_6,1,ARIMA,8.671362161636353,4.402890920639038,1.108012397458328,1.0736977862346981,4.870800882336168,5.056140740219121,0.485989210895174,0.6666666666666666,1.0,4.09296256173376,6.68682914563813,True
D3,24,24,TimesFM3,h1_12,1,ARIMA,8.671362161636353,4.402890920639038,2.7145108424103546,3.2506693315329107,11.880635050455602,10.70534419642596,1.1948967336772518,0.5833333333333334,0.75,4.893385207983268,8.135134431589503,True
D3,24,25,TimesFM3,h1,1,ARIMA,8.671362161636353,4.402890920639038,0.9711975726243928,0.8546690767482191,2.933156440023744,2.8907611663652695,0.33443014174600605,0.0,1.0,1.4322251381345485,2.3635768488615074,True
D3,24,25,TimesFM3,h1_6,1,ARIMA,8.671362161636353,4.402890920639038,5.352384687458359,5.611991915067706,15.836851152554976,14.256102557170673,2.22641098621355,0.0,0.3333333333333333,3.595654657566218,5.781146988787205,True
D3,24,25,TimesFM3,h1_12,1,ARIMA,8.671362161636353,4.402890920639038,7.36324579723713,7.085731999425142,22.90005647016923,20.147997268898134,3.0961009017340526,0.0,0.16666666666666666,4.289333893750976,7.035780091957767,True
D3,24,26,TimesFM3,h1,1,ARIMA,8.671362161636353,4.402890920639038,0.6527122984930094,0.512980400544688,1.2737228771105014,1.2818867193117591,0.21084275652363227,0.0,1.0,1.2783612527139319,1.9750122666891596,True
D3,24,26,TimesFM3,h1_6,1,ARIMA,8.671362161636353,4.402890920639038,1.5437138861432882,1.3314412258661992,2.995269919014718,3.050608019244229,0.5572428095375825,0.3333333333333333,1.0,3.3413398511396637,5.425224480733415,True
D3,24,26,TimesFM3,h1_12,1,ARIMA,8.671362161636353,4.402890920639038,1.0428702873077547,0.9996159154818476,2.0052144919951465,2.035232893448897,0.5706965722396865,0.6666666666666666,1.0,5.390490226380689,8.905325745321814,True
D3,24,27,TimesFM3,h1,1,ARIMA,8.671362161636353,4.402890920639038,0.1665925645120222,0.13529946764524903,0.3924147129523173,0.3931861731486821,0.23238572781774403,1.0,1.0,2.949581480038888,5.1279405910835445,True
D3,24,27,TimesFM3,h1_6,1,ARIMA,8.671362161636353,4.402890920639038,2.5347085842901578,2.6742830082477513,5.791605121843672,5.528077166243598,0.9615986587031281,0.6666666666666666,1.0,6.535820842283023,10.885478061341557,True
D3,24,27,TimesFM3,h1_12,1,ARIMA,8.671362161636353,4.402890920639038,5.918709053292312,5.783758094667206,12.653673420074915,11.630221927851574,2.2875723855347827,0.3333333333333333,0.5833333333333334,8.948172618312022,15.047919843374668,True
D3,24,28,TimesFM3,h1,1,ARIMA,8.671362161636353,4.402890920639038,2.0182544707781562,1.6781808852863223,3.3886535761376497,3.3321952985633216,0.8516089587059142,0.0,0.0,1.4642977101629757,2.4426339785207354,True
D3,24,28,TimesFM3,h1_6,1,ARIMA,8.671362161636353,4.402890920639038,3.091596729668351,2.674148878187913,5.197209327246704,5.055806138216975,1.1498535642469012,0.0,0.16666666666666666,4.031827292672465,6.7177829900578345,True
D3,24,28,TimesFM3,h1_12,1,ARIMA,8.671362161636353,4.402890920639038,5.4460316155434425,5.5152080734717,8.745148788016472,8.238718984328742,2.1506373311378058,0.08333333333333333,0.25,5.703447756292341,9.67586344036308,True
D3,24,29,TimesFM3,h1,1,ARIMA,8.671362161636353,4.402890920639038,1.6116677649929065,1.5143980708128857,4.250571266151328,4.162114445802521,0.6449048829069619,0.0,0.0,1.075600596307041,1.8445544897914705,True
D3,24,29,TimesFM3,h1_6,1,ARIMA,8.671362161636353,4.402890920639038,7.4883385034239405,7.769182959013059,19.756440611717444,17.65276477090063,3.2229116130397597,0.0,0.0,3.7751154858163427,6.376977625058272,True
D3,24,29,TimesFM3,h1_12,1,ARIMA,8.671362161636353,4.402890920639038,9.609521215785547,9.559707360437995,24.413386911363002,21.50071516043782,3.9868498077188446,0.0,0.0,7.550789535236052,12.522610322817123,True
D3,24,30,TimesFM3,h1,1,ARIMA,8.671362161636353,4.402890920639038,0.3148325067828829,0.2513801812568873,0.5386952132213697,0.5401500945732081,0.11261090177942211,1.0,1.0,0.9644673441327043,1.555621490487013,True
D3,24,30,TimesFM3,h1_6,1,ARIMA,8.671362161636353,4.402890920639038,4.359913228971501,4.238982375491909,7.34389949406635,7.76946752188664,1.8978123247437109,0.16666666666666666,0.16666666666666666,2.4596743218024684,4.1903126512915385,True
D3,24,30,TimesFM3,h1_12,1,ARIMA,8.671362161636353,4.402890920639038,9.183392539849356,8.582874472191856,15.082796069263797,16.821549235371872,4.119693765825051,0.08333333333333333,0.08333333333333333,3.936156251200053,6.816818385693918,True
D3,24,31,TimesFM3,h1,1,ARIMA,8.671362161636353,4.402890920639038,0.6652108149582268,0.5576448031791609,1.342492777169982,1.333541428490952,0.2195288207925139,1.0,1.0,1.3520065664506664,2.363062802302779,True
D3,24,31,TimesFM3,h1_6,1,ARIMA,8.671362161636353,4.402890920639038,2.384351836155213,2.2057293715763038,4.724453657498228,4.593990822056574,0.9124381079026046,0.16666666666666666,0.3333333333333333,1.7802657727990707,3.1335083398520602,True
D3,24,31,TimesFM3,h1_12,1,ARIMA,8.671362161636353,4.402890920639038,3.627343635392615,3.3951029860901323,6.678463424277897,6.423972811209601,1.467397205498245,0.08333333333333333,0.16666666666666666,2.2132478177841515,3.843873794873538,True
D3,24,32,TimesFM3,h1,1,ARIMA,8.671362161636353,4.402890920639038,1.0300372898669516,0.8915941521157327,1.2136948489063215,1.221105093717412,0.3573930300039346,0.0,1.0,1.5646462284462177,2.5409641166279395,True
D3,24,32,TimesFM3,h1_6,1,ARIMA,8.671362161636353,4.402890920639038,2.3385497090715703,2.1900867760113987,2.697206965965189,2.740507462319121,0.8937069350562924,0.0,0.5,2.5027204586057574,4.083133055967835,True
D3,24,32,TimesFM3,h1_12,1,ARIMA,8.671362161636353,4.402890920639038,2.665721283907898,2.6376837661559165,3.00156642373081,3.059966752110822,1.0314639231729432,0.16666666666666666,0.5,2.9925295934245946,4.989481989903217,True
D3,24,33,TimesFM3,h1,1,ARIMA,8.671362161636353,4.402890920639038,0.24095364925064558,0.19734826028009253,0.5371868223158512,0.5386335565590544,0.13734831462826233,1.0,1.0,1.6947550332659742,2.6927561028879623,True
D3,24,33,TimesFM3,h1_6,1,ARIMA,8.671362161636353,4.402890920639038,3.766612590391037,3.4485174674941796,8.73758731621298,9.247929590057401,1.4520896263939282,0.16666666666666666,0.3333333333333333,4.3495175671375454,7.15854874690237,True
D3,24,33,TimesFM3,h1_12,1,ARIMA,8.671362161636353,4.402890920639038,4.930645461728899,4.365763359237361,11.45529049447745,12.288084717976453,1.790123875891039,0.08333333333333333,0.5833333333333334,6.822478685147429,11.411755575025502,True
D3,24,34,TimesFM3,h1,1,ARIMA,8.671362161636353,4.402890920639038,0.9266979534314077,0.7786261274458882,1.4235983627750541,1.4338041691135044,0.32996147895390027,0.0,1.0,1.0699782883886149,1.817142237418164,True
D3,24,34,TimesFM3,h1_6,1,ARIMA,8.671362161636353,4.402890920639038,3.116634543204959,2.8241126703264454,4.747490761860494,4.882477958537592,1.1671323139065688,0.0,0.3333333333333333,2.9088376651339036,5.002347344865802,True
D3,24,34,TimesFM3,h1_12,1,ARIMA,8.671362161636353,4.402890920639038,4.562700428330241,4.1183104364844025,6.947734142027788,7.238860070637415,1.6168093000109858,0.0,0.5833333333333334,5.415902718629411,9.257749337122627,True
D3,24,35,TimesFM3,h1,1,ARIMA,8.671362161636353,4.402890920639038,0.8451368987811883,0.6680788613787699,1.6297212456934989,1.6431103045552569,0.303780080277696,0.0,1.0,1.1155348595597254,2.069465176705664,True
D3,24,35,TimesFM3,h1_6,1,ARIMA,8.671362161636353,4.402890920639038,1.8644912614661897,1.5685388955924218,3.641222471629473,3.7182314371341056,0.6758152620893759,0.3333333333333333,0.6666666666666666,2.7545605609842445,4.719576448663923,True
D3,24,35,TimesFM3,h1_12,1,ARIMA,8.671362161636353,4.402890920639038,3.4110948644415098,3.1012758051489406,6.478216194345049,6.767521257987245,1.3221742017724707,0.16666666666666666,0.5,3.2821144834632148,5.740004738307752,True
D3,24,36,TimesFM3,h1,1,ARIMA,8.671362161636353,4.402890920639038,1.377796689742423,1.1291792341524638,5.339623196526187,5.200772372525245,0.48301845368638074,0.0,1.0,1.8933133348294364,3.3454805325345824,True
D3,24,36,TimesFM3,h1_6,1,ARIMA,8.671362161636353,4.402890920639038,0.8695175862699399,0.9257008796909432,3.6634602756095056,3.5563300865670637,0.4261034908317247,0.8333333333333334,1.0,3.979547509322145,7.0938245785805325,True
D3,24,36,TimesFM3,h1_12,1,ARIMA,8.671362161636353,4.402890920639038,2.9766310217134437,3.331130454937738,14.314477709829085,12.628763480157312,1.0761903995729316,0.6666666666666666,1.0,5.938793429033968,11.875053475089313,True
D3,24,37,TimesFM3,h1,1,ARIMA,8.671362161636353,4.402890920639038,1.2063911141949153,1.0070610654430021,2.5895109379131065,2.5564116581600365,0.4300538823544186,0.0,0.0,1.137902842159345,1.9551056307586634,True
D3,24,37,TimesFM3,h1_6,1,ARIMA,8.671362161636353,4.402890920639038,6.204127325650373,5.813827086396804,12.77684430789939,11.843427223809304,2.619749611380322,0.0,0.0,4.1359365535761095,6.6865009743484425,True
D3,24,37,TimesFM3,h1_12,1,ARIMA,8.671362161636353,4.402890920639038,7.94530562899721,7.067276203709315,16.159618411184947,14.815931122604706,3.168340818346207,0.0,0.08333333333333333,8.23429639078774,13.126786191733437,True
D3,24,38,TimesFM3,h1,1,ARIMA,8.671362161636353,4.402890920639038,0.19103244443475,0.16438727286666824,0.5971228183566504,0.5989109352847597,0.09995857948204323,1.0,1.0,1.1547016499205927,1.8937193102272045,True
D3,24,38,TimesFM3,h1_6,1,ARIMA,8.671362161636353,4.402890920639038,3.313780970576648,3.7965469406670556,10.050830781907043,9.253721586161674,1.3049491500808466,0.3333333333333333,0.5,3.529636276337966,5.831718078559504,True
D3,24,38,TimesFM3,h1_12,1,ARIMA,8.671362161636353,4.402890920639038,9.378196396406924,9.94800354398915,26.22579061386046,22.039336326564126,3.949310940170077,0.16666666666666666,0.25,6.4803637466914,10.756991522184881,True
D3,24,39,TimesFM3,h1,1,ARIMA,8.671362161636353,4.402890920639038,0.19398658224486157,0.14176450941445992,0.23781951307531357,0.23810264034525783,0.08637649701757565,1.0,1.0,0.971283724669006,1.6701553254659063,True
D3,24,39,TimesFM3,h1_6,1,ARIMA,8.671362161636353,4.402890920639038,2.8144102069254866,2.4886937852675444,3.4329044435013687,3.521750767012608,0.9949975216883497,0.5,0.6666666666666666,3.472932729355259,5.552426839050133,True
D3,24,39,TimesFM3,h1_12,1,ARIMA,8.671362161636353,4.402890920639038,9.37514764787321,8.581571888552123,11.752413973450421,12.97288655194738,4.139241704905342,0.25,0.3333333333333333,4.337892761852794,7.099724453902612,True
D3,24,40,TimesFM3,h1,1,ARIMA,8.671362161636353,4.402890920639038,1.5783549680480342,1.267928770705608,2.869208334142897,2.9109692198733677,0.5792480670146265,0.0,0.0,1.6717931869988853,2.764933576625585,True
D3,24,40,TimesFM3,h1_6,1,ARIMA,8.671362161636353,4.402890920639038,4.156035089398351,3.6925753748722596,7.793467816757711,8.189617694920653,1.6791860400722884,0.0,0.0,3.154519862145754,5.0592051593621985,True
D3,24,40,TimesFM3,h1_12,1,ARIMA,8.671362161636353,4.402890920639038,5.6270037254832035,4.8317442317419586,10.719149223801724,11.427715551900482,2.3348401746249117,0.0,0.0,3.80734456110415,6.126998034024441,True
D3,24,41,TimesFM3,h1,1,ARIMA,8.671362161636353,4.402890920639038,1.1783120611567428,0.9353461468764468,3.0096144572471255,3.0555952758353766,0.39833661537946075,0.0,1.0,1.9898020301356656,3.310820382764969,True
D3,24,41,TimesFM3,h1_6,1,ARIMA,8.671362161636353,4.402890920639038,3.3895583773860487,2.8521505044207505,9.162720100309846,9.668120230010024,1.1670958044640811,0.0,0.6666666666666666,4.667785425205363,7.49320576970359,True
D3,24,41,TimesFM3,h1_12,1,ARIMA,8.671362161636353,4.402890920639038,3.420755886890801,2.954626489485128,8.899540649924987,8.99086188677835,1.212141394482686,0.25,0.8333333333333334,6.382103876169052,10.232317483075933,True
D3,24,42,TimesFM3,h1,1,ARIMA,8.671362161636353,4.402890920639038,0.31831469428809106,0.2537530952351513,0.5182862209265551,0.5196328135626092,0.18262838194093195,1.0,1.0,2.1950563472405697,3.8445434378339853,True
D3,24,42,TimesFM3,h1_6,1,ARIMA,8.671362161636353,4.402890920639038,1.15150904541285,1.0285942788956777,1.9037777199795307,1.9269924930434703,0.5069242920503904,1.0,1.0,5.386909924118552,9.029190759184692,True
D3,24,42,TimesFM3,h1_12,1,ARIMA,8.671362161636353,4.402890920639038,3.1999114777820163,3.6514131732530797,5.05068240617006,4.835952359708632,1.1861576559578069,0.8333333333333334,1.0,7.95430996799121,13.25099568396905,True
D3,24,43,TimesFM3,h1,1,ARIMA,8.671362161636353,4.402890920639038,0.329081733559316,0.2809112514643292,0.8075434378759597,0.8108172887803143,0.11573131260143729,1.0,1.0,0.9441773626121971,1.4678980824023675,True
D3,24,43,TimesFM3,h1_6,1,ARIMA,8.671362161636353,4.402890920639038,1.4687695569444068,1.4032790564240474,3.7588685395951256,3.850361903534088,0.5199232219883421,1.0,1.0,4.485066886256936,7.3794515998309915,True
D3,24,43,TimesFM3,h1_12,1,ARIMA,8.671362161636353,4.402890920639038,1.7888036448943063,1.7733900711661958,4.44878526875799,4.43165159243549,0.790530078631398,1.0,1.0,8.136195056414053,13.4714699975649,True
D3,24,44,TimesFM3,h1,1,ARIMA,8.671362161636353,4.402890920639038,1.6861206354028755,1.3731318536621713,2.799532354893799,2.7608864008568728,0.6834542266866126,0.0,0.0,1.5113089848363381,2.2540324155133935,True
D3,24,44,TimesFM3,h1_6,1,ARIMA,8.671362161636353,4.402890920639038,5.366602487707266,4.619701997526543,8.67177703548045,8.273368272102417,2.2319251200520225,0.0,0.0,3.993658478360483,6.46194976297199,True
D3,24,44,TimesFM3,h1_12,1,ARIMA,8.671362161636353,4.402890920639038,5.432233810934251,4.58978196774862,8.853809666881991,8.452948437667517,2.0696958723152123,0.0,0.5,6.313067934593719,10.497732056991541,True
D3,24,45,TimesFM3,h1,1,ARIMA,8.671362161636353,4.402890920639038,0.4436626460347396,0.36879174857730945,0.887253389148991,0.8833346807029584,0.1598768426058622,1.0,1.0,1.346896937048003,2.4028770155825363,True
D3,24,45,TimesFM3,h1_6,1,ARIMA,8.671362161636353,4.402890920639038,0.799115720065167,0.7751107604807324,1.611538789047193,1.6281897454083465,0.33438485930121675,1.0,1.0,3.1772506556686664,5.555665331471893,True
D3,24,45,TimesFM3,h1_12,1,ARIMA,8.671362161636353,4.402890920639038,1.9098565526809728,1.9270307143363936,3.8968462061330826,4.012544936160432,0.7039752544136705,0.5833333333333334,1.0,4.861996636689217,8.402866108398495,True
D3,24,46,TimesFM3,h1,1,ARIMA,8.671362161636353,4.402890920639038,0.597067982811811,0.4641095894211428,0.8338034808437762,0.8303417715467479,0.21991993984751182,1.0,1.0,2.066835022538234,3.471854747577914,True
D3,24,46,TimesFM3,h1_6,1,ARIMA,8.671362161636353,4.402890920639038,3.009430068999734,3.3886860074814305,4.022716769649602,3.863768292482238,1.28645872155744,0.5,0.6666666666666666,3.1492387887194755,5.153932206395308,True
D3,24,46,TimesFM3,h1_12,1,ARIMA,8.671362161636353,4.402890920639038,10.156124297398582,10.078761685177446,12.54234352230235,11.419387106842734,4.704229328493599,0.25,0.3333333333333333,3.6086054175085116,5.906350497714837,True
D3,24,47,TimesFM3,h1,1,ARIMA,8.671362161636353,4.402890920639038,0.7114174068662221,0.5460792585379478,1.0018411136151848,1.0068848065947904,0.2597512938060499,1.0,1.0,2.473670807816976,3.88655796435667,True
D3,24,47,TimesFM3,h1_6,1,ARIMA,8.671362161636353,4.402890920639038,4.878436856279661,4.181448292884523,6.9391317631695,7.254908825770203,2.0575634963861993,0.16666666666666666,0.16666666666666666,3.2547222000234934,5.166417727350566,True
D3,24,47,TimesFM3,h1_12,1,ARIMA,8.671362161636353,4.402890920639038,5.669443701610626,4.61408295856116,8.052226162200963,8.435199005175471,2.345547567977422,0.08333333333333333,0.08333333333333333,3.8160514206799996,6.215764058636883,True
D3,24,48,TimesFM3,h1,1,ARIMA,8.671362161636353,4.402890920639038,0.9287140757850667,0.6967995841624546,1.6505814643455599,1.637070870174906,0.36342447720838045,0.0,0.0,0.733750136526109,1.1709043722558423,True
D3,24,48,TimesFM3,h1_6,1,ARIMA,8.671362161636353,4.402890920639038,4.228518916863018,3.372322494504427,7.454909024631813,7.153985309090101,1.7734311428023648,0.0,0.0,2.44944993277814,4.145018801841154,True
D3,24,48,TimesFM3,h1_12,1,ARIMA,8.671362161636353,4.402890920639038,3.994917751634441,3.1467907177618697,7.109645033923482,6.842575978699347,1.529341935954781,0.25,0.5,4.801488805887471,8.016801073024897,True
D3,24,49,TimesFM3,h1,1,ARIMA,8.671362161636353,4.402890920639038,0.40619406196616953,0.3349667042995485,0.5150050955791048,0.5163346705107908,0.21808693648868283,1.0,1.0,2.593049579504398,4.2218744302786115,True
D3,24,49,TimesFM3,h1_6,1,ARIMA,8.671362161636353,4.402890920639038,0.7330685034466331,0.8395795007816922,0.9238445475575298,0.9165879624204701,0.4231439108885949,1.0,1.0,4.78813499686671,7.710037604911157,True
D3,24,49,TimesFM3,h1_12,1,ARIMA,8.671362161636353,4.402890920639038,1.0718769033237516,1.1414589013206284,1.363163021139272,1.3666730901005166,0.560511478769658,1.0,1.0,6.098396196692919,10.012826265714937,True
D3,24,50,TimesFM3,h1,1,ARIMA,8.671362161636353,4.402890920639038,0.6364484504721676,0.5330634528050403,0.90393151272513,0.9080355223417224,0.22023338549871727,0.0,1.0,1.1966169988819932,2.0480077350143757,True
D3,24,50,TimesFM3,h1_6,1,ARIMA,8.671362161636353,4.402890920639038,9.81725355321996,9.494744241115898,15.299787662597073,17.08967762091067,4.738905721289689,0.0,0.16666666666666666,2.023454534603351,3.4267824335266437,True
D3,24,50,TimesFM3,h1_12,1,ARIMA,8.671362161636353,4.402890920639038,15.973332738814236,14.816027249957887,26.24796338672988,31.529630489638066,7.804395881019364,0.0,0.08333333333333333,2.471236173961256,4.176848008801188,True
D3,24,51,TimesFM3,h1,1,ARIMA,8.671362161636353,4.402890920639038,0.8652078575769577,0.6553531360946873,1.4099919431838324,1.4001211455105762,0.28784301412475244,0.0,1.0,1.522791445003383,2.662694479399702,True
D3,24,51,TimesFM3,h1_6,1,ARIMA,8.671362161636353,4.402890920639038,1.6367182453713929,1.5047453646897784,2.5814020721492876,2.606502507535496,0.6150367901519683,0.5,1.0,3.8832369757436154,6.94101283400778,True
D3,24,51,TimesFM3,h1_12,1,ARIMA,8.671362161636353,4.402890920639038,5.998037680999823,5.77585200004071,9.463869809683919,10.242339156906235,2.5518209092046598,0.25,0.5,5.877285881017567,10.696843753786863,True
D3,24,52,TimesFM3,h1,1,ARIMA,8.671362161636353,4.402890920639038,1.7346904068913525,1.3262547153448072,4.209665093941612,4.12288526305066,0.7302662207584087,0.0,0.0,1.2321256245039174,1.8499506216114194,True
D3,24,52,TimesFM3,h1_6,1,ARIMA,8.671362161636353,4.402890920639038,4.107532590269055,3.3486678494426343,9.466722841662056,8.992437493537828,1.6567869145483107,0.0,0.0,3.5848583240783696,5.70100277302616,True
D3,24,52,TimesFM3,h1_12,1,ARIMA,8.671362161636353,4.402890920639038,8.762398904153716,7.9104305664421375,18.551010157701523,16.550754717871747,3.7228380361979663,0.0,0.0,5.839973013972409,9.538761069092647,True
D3,24,53,TimesFM3,h1,1,ARIMA,8.671362161636353,4.402890920639038,0.8263195840191008,0.6600279836693075,1.3401167291178822,1.3491568675599894,0.2704872565684965,1.0,1.0,1.6721797017602893,2.768973977035339,True
D3,24,53,TimesFM3,h1_6,1,ARIMA,8.671362161636353,4.402890920639038,2.4361225750605136,2.317579586974196,4.054123702242115,4.17711321597051,0.8573064579786902,0.5,0.8333333333333334,3.685736905979155,6.1523429256572095,True
D3,24,53,TimesFM3,h1_12,1,ARIMA,8.671362161636353,4.402890920639038,2.695509917331682,2.369295638427542,4.505735195306797,4.633740948395423,0.9418034230619639,0.6666666666666666,0.9166666666666666,5.6236840628706934,9.476454497239466,True
D3,24,54,TimesFM3,h1,1,ARIMA,8.671362161636353,4.402890920639038,0.05343934658299893,0.04106313069701098,0.2381364057680921,0.238420288520945,0.07390543581900683,1.0,1.0,1.0089385319047697,1.4722994316756342,True
D3,24,54,TimesFM3,h1_6,1,ARIMA,8.671362161636353,4.402890920639038,0.7487263269729628,0.6503417084795585,3.6758500078368996,3.693561490610647,0.34161386989378784,1.0,1.0,3.6345453554582035,6.035846030987564,True
D3,24,54,TimesFM3,h1_12,1,ARIMA,8.671362161636353,4.402890920639038,1.4184444542207446,1.6303868600235296,7.95368163420249,7.337795479575547,0.6401634780737715,1.0,1.0,6.1005133278980495,10.421952742354417,True
D3,24,55,TimesFM3,h1,1,ARIMA,8.671362161636353,4.402890920639038,1.2033018556034927,1.027636645353441,4.777216035201963,4.665769100387362,0.4016529387039659,0.0,1.0,2.3129407793012753,3.5192129917338906,True
D3,24,55,TimesFM3,h1_6,1,ARIMA,8.671362161636353,4.402890920639038,1.5860317911625315,1.6768640403299844,6.442846504054814,6.144180829522014,0.6526260147191254,0.3333333333333333,0.6666666666666666,3.2858428190833764,5.573576519456965,True
D3,24,55,TimesFM3,h1_12,1,ARIMA,8.671362161636353,4.402890920639038,1.3433208102408878,1.4823571681101335,5.509438562273302,5.272205280926362,0.636503209842809,0.6666666666666666,0.8333333333333334,5.026708483673789,8.79683354656405,True
D3,24,56,TimesFM3,h1,1,ARIMA,8.671362161636353,4.402890920639038,0.9398499945782157,0.6861330963544929,1.6265585100161337,1.6398954394288316,0.39215071092367054,0.0,0.0,0.926020979450906,1.6712873442413474,True
D3,24,56,TimesFM3,h1_6,1,ARIMA,8.671362161636353,4.402890920639038,1.8726035740308338,1.4464757460293782,3.2909309148917174,3.352949949235219,0.6896915193224978,0.3333333333333333,0.6666666666666666,3.75570965646573,6.3988609840039405,True
D3,24,56,TimesFM3,h1_12,1,ARIMA,8.671362161636353,4.402890920639038,4.128860824585861,3.6712723408841264,7.3754318228717155,7.815680962364713,1.5301800452847265,0.25,0.5833333333333334,6.168129713893754,10.623207636075362,True
D3,24,57,TimesFM3,h1,1,ARIMA,8.671362161636353,4.402890920639038,1.7209054476465127,1.418265623240187,3.1779845641487787,3.2292978578756153,0.7008321422613635,0.0,0.0,1.5676113545031876,2.5757357552484685,True
D3,24,57,TimesFM3,h1_6,1,ARIMA,8.671362161636353,4.402890920639038,2.5418192888966114,2.351287376431607,4.761888318838875,4.910619145613833,1.072953765043686,0.16666666666666666,0.3333333333333333,2.6419232465271882,4.240379473779425,True
D3,24,57,TimesFM3,h1_12,1,ARIMA,8.671362161636353,4.402890920639038,2.2775118017583185,2.164983525033963,4.178714648394327,4.2245956874993436,0.904431811441889,0.25,0.5833333333333334,3.040943156200479,4.867588430269944,True
D3,24,58,TimesFM3,h1,1,ARIMA,8.671362161636353,4.402890920639038,0.007272049294357896,0.005958019019088633,0.021751402009963196,0.02175376788471566,0.06771987386256556,1.0,1.0,0.9284236448975899,1.4753495332426405,True
D3,24,58,TimesFM3,h1_6,1,ARIMA,8.671362161636353,4.402890920639038,0.359058689386465,0.39792904911787347,1.0342240966539844,1.0245888789047644,0.2938261466374714,1.0,1.0,3.5718531262728677,5.777566207889941,True
D3,24,58,TimesFM3,h1_12,1,ARIMA,8.671362161636353,4.402890920639038,0.9710915162738449,1.1302559668322656,2.7581739417105493,2.6844306718605564,0.6978677494145263,1.0,1.0,8.460469840149065,13.616161905215826,True
D3,24,59,TimesFM3,h1,1,ARIMA,8.671362161636353,4.402890920639038,0.832068025799144,0.6997294218351716,1.384373845526589,1.3940230910632294,0.27185274785368274,1.0,1.0,1.6745951109877204,2.493218640217207,True
D3,24,59,TimesFM3,h1_6,1,ARIMA,8.671362161636353,4.402890920639038,2.942398183488722,3.0039989833952885,4.518788052795972,4.378965120319149,1.0296225002173374,0.5,1.0,4.834405926470695,7.684936863344218,True
D3,24,59,TimesFM3,h1_12,1,ARIMA,8.671362161636353,4.402890920639038,3.9854883359148205,3.6784748526192774,5.985786866805859,5.780832213367187,1.3846461505857277,0.6666666666666666,1.0,9.067036741928606,14.818664611817296,True
D3,24,60,TimesFM3,h1,1,ARIMA,8.671362161636353,4.402890920639038,1.812363452944985,1.476331622012976,3.090638806344696,3.1391486799910258,0.679442040533696,0.0,0.0,1.936434556416924,2.951877428325098,True
D3,24,60,TimesFM3,h1_6,1,ARIMA,8.671362161636353,4.402890920639038,4.044076806054293,3.4306855822539455,7.093858523172174,7.379904069665659,1.6072518678511274,0.0,0.0,3.3941819932519386,5.322421318188253,True
D3,24,60,TimesFM3,h1_12,1,ARIMA,8.671362161636353,4.402890920639038,4.73389063148125,4.0375885038841535,8.366350007203467,8.77314405741024,1.8239763245672806,0.0,0.16666666666666666,4.622916967506147,7.387275235148898,True
D3,24,61,TimesFM3,h1,1,ARIMA,8.671362161636353,4.402890920639038,1.9425321120185344,1.6181220962858025,3.2389228442253506,3.292239391087612,0.7745639684802873,0.0,0.0,1.5939604332823945,2.4193213578440274,True
D3,24,61,TimesFM3,h1_6,1,ARIMA,8.671362161636353,4.402890920639038,3.6317040346991485,3.198436290400473,5.9513873200581715,6.155750998899146,1.4475337345153352,0.0,0.0,2.9478664426633046,4.668059994136648,True
D3,24,61,TimesFM3,h1_12,1,ARIMA,8.671362161636353,4.402890920639038,7.623045596322276,7.395936437266812,12.45246542830245,13.61999626019246,3.284046728208659,0.0,0.0,4.261919215504579,6.906055704991558,True
D3,24,62,TimesFM3,h1,1,ARIMA,8.671362161636353,4.402890920639038,0.7272923248723582,0.5571589771538653,1.7361653369304821,1.751368664770284,0.26727427528136627,1.0,1.0,2.5261301460235517,4.1745626144490995,True
D3,24,62,TimesFM3,h1_6,1,ARIMA,8.671362161636353,4.402890920639038,1.5505516137148756,1.3699325344658129,3.795312670934492,3.8625841395655023,0.6179642561404641,0.6666666666666666,1.0,4.881906812347221,8.082699993933018,True
D3,24,62,TimesFM3,h1_12,1,ARIMA,8.671362161636353,4.402890920639038,1.8449467932797197,1.7343333320482888,4.558027318874833,4.506373969197395,0.8857746419685828,0.6666666666666666,1.0,8.095357009940177,13.651626340298304,True
D3,24,63,TimesFM3,h1,1,ARIMA,8.671362161636353,4.402890920639038,0.17506771997942208,0.14380814666910333,1.325997144245673,1.334847161868886,0.07644553743457938,1.0,1.0,0.8288177556189643,1.307031767471281,True
D3,24,63,TimesFM3,h1_6,1,ARIMA,8.671362161636353,4.402890920639038,0.7308579937488167,0.9643865744917767,5.8400387096899875,5.443308772929694,0.3012030514785339,0.8333333333333334,1.0,2.170957743032899,3.692067979587053,True
D3,24,63,TimesFM3,h1_12,1,ARIMA,8.671362161636353,4.402890920639038,1.787033226254661,1.7928209332189933,16.324472534637167,14.515563180153377,0.5988782905831826,0.6666666666666666,1.0,3.4751501926509363,5.897963690538883,True
D3,24,64,TimesFM3,h1,1,ARIMA,8.671362161636353,4.402890920639038,0.19561983688847548,0.15010034825634094,0.3298557609057988,0.32931263256085264,0.10606366961986227,1.0,1.0,1.3184936983435849,2.2057257508696893,True
D3,24,64,TimesFM3,h1_6,1,ARIMA,8.671362161636353,4.402890920639038,0.7836730226018981,0.7575686516045655,1.2922174008155547,1.3054091325089416,0.36198699612497165,1.0,1.0,3.7769868926855246,6.3262039013176965,True
D3,24,64,TimesFM3,h1_12,1,ARIMA,8.671362161636353,4.402890920639038,0.764299598554399,0.7723230705470159,1.2325405106642284,1.2456892212778876,0.526289532748756,1.0,1.0,6.126016876494579,10.20776050737249,True
D3,24,65,TimesFM3,h1,1,ARIMA,8.671362161636353,4.402890920639038,0.19252795050720295,0.15194044550084598,0.6046184273964772,0.6027961191883553,0.11481500289199356,1.0,1.0,1.4386637568879084,2.195221685828528,True
D3,24,65,TimesFM3,h1_6,1,ARIMA,8.671362161636353,4.402890920639038,0.8811952002282369,0.8586773103915036,2.7634112813017975,2.7067757214174657,0.38301904904615103,0.8333333333333334,1.0,3.575502211160855,5.701728434392227,True
D3,24,65,TimesFM3,h1_12,1,ARIMA,8.671362161636353,4.402890920639038,2.087141901200451,2.030206314753729,6.4406043545337175,6.145744076564969,0.7768921114468862,0.6666666666666666,1.0,5.417959664877535,8.917573177846931,True
D3,24,66,TimesFM3,h1,1,ARIMA,8.671362161636353,4.402890920639038,0.10440229527098448,0.0906527870531747,0.1673619479979628,0.1672220149870809,0.09716179720719563,1.0,1.0,1.2393230789819416,2.081130742318925,True
D3,24,66,TimesFM3,h1_6,1,ARIMA,8.671362161636353,4.402890920639038,4.073268011455513,4.305607863980047,5.93350774593026,5.688565950331884,1.6768925115329125,0.3333333333333333,0.3333333333333333,3.7109998608479544,5.99161878394864,True
D3,24,66,TimesFM3,h1_12,1,ARIMA,8.671362161636353,4.402890920639038,3.215461608029133,3.5169473977564603,4.6423097712958254,4.479518482068286,1.306180641878335,0.5,0.5833333333333334,4.730393469382139,7.760761869093219,True
D3,24,67,TimesFM3,h1,1,ARIMA,8.671362161636353,4.402890920639038,0.3949416651866537,0.32570805200206127,0.5852719337239806,0.5835642149413264,0.1934850330056417,1.0,1.0,2.2665293828709454,3.435272411995095,True
D3,24,67,TimesFM3,h1_6,1,ARIMA,8.671362161636353,4.402890920639038,4.754442988737121,4.7571592293896545,6.502183067122064,6.21232284108926,1.9125416060362193,0.16666666666666666,0.3333333333333333,4.3974843980285145,7.26719025364111,True
D3,24,67,TimesFM3,h1_12,1,ARIMA,8.671362161636353,4.402890920639038,6.9617511391363625,6.333496376156323,9.420928136873076,8.915647504836285,2.616314160002258,0.08333333333333333,0.5,7.7743231593352915,12.781668227758109,True
D3,24,68,TimesFM3,h1,1,ARIMA,8.671362161636353,4.402890920639038,0.24705122754836428,0.1933203342223377,1.1122645640706026,1.1184848192199488,0.12290231013716109,1.0,1.0,1.3129904981416545,2.316656833091272,True
D3,24,68,TimesFM3,h1_6,1,ARIMA,8.671362161636353,4.402890920639038,2.3324434833359793,2.09411489331016,12.73493612194175,13.958282989286156,0.854998468202026,0.16666666666666666,1.0,4.436947984079866,8.166380310745065,True
D3,24,68,TimesFM3,h1_12,1,ARIMA,8.671362161636353,4.402890920639038,2.4222562955809788,2.0804520382514107,13.83009917243295,15.122801969223017,1.0877059608971262,0.5833333333333334,1.0,9.585962743334898,16.49806490595089,True
D3,24,69,TimesFM3,h1,1,ARIMA,8.671362161636353,4.402890920639038,2.082412024128859,1.788270085774851,3.756328724272204,3.8282291600573024,0.8585108306764699,0.0,0.0,1.52708356409881,2.224065210915913,True
D3,24,69,TimesFM3,h1_6,1,ARIMA,8.671362161636353,4.402890920639038,5.943685675973511,5.580153130213101,10.949864303762373,11.732197858057173,2.3969914938151446,0.0,0.0,4.477511401022419,6.938573535836116,True
D3,24,69,TimesFM3,h1_12,1,ARIMA,8.671362161636353,4.402890920639038,8.310753834097213,7.6020916701989,15.527792864792803,17.04973171554541,3.1027574051895046,0.0,0.25,8.275399314773225,13.101676263522533,True
D3,24,70,TimesFM3,h1,1,ARIMA,8.671362161636353,4.402890920639038,1.0624312908030629,0.9084203356278377,1.9447981576762103,1.9638950551013632,0.3689997349179379,0.0,1.0,1.429077705194257,2.4875962384040746,True
D3,24,70,TimesFM3,h1_6,1,ARIMA,8.671362161636353,4.402890920639038,4.417505863675747,4.031177924949576,8.15994465358947,8.5586986835348,1.6720418221809636,0.0,0.16666666666666666,3.6912637355932327,6.1017217204239005,True
D3,24,70,TimesFM3,h1_12,1,ARIMA,8.671362161636353,4.402890920639038,5.569839216767825,4.992168760347738,9.86380705312922,10.423619949140823,2.0706363604456404,0.0,0.08333333333333333,4.774139744679946,7.993103743396178,True
D3,24,71,TimesFM3,h1,1,ARIMA,8.671362161636353,4.402890920639038,1.0169705274913146,0.7952815706477888,2.050689655831252,2.071934125222035,0.4085644838034691,0.0,0.0,0.939779522746349,1.4744119465012222,True
D3,24,71,TimesFM3,h1_6,1,ARIMA,8.671362161636353,4.402890920639038,1.029276939396652,1.1536787233005348,2.0942973067413813,2.0586217713508175,0.43926479530694296,0.6666666666666666,0.6666666666666666,2.4268415032685478,3.9336303756548516,True
D3,24,71,TimesFM3,h1_12,1,ARIMA,8.671362161636353,4.402890920639038,4.207722822117965,4.278011135135735,8.563062399825814,7.993034978710485,1.8661611755755454,0.3333333333333333,0.3333333333333333,3.561032346986383,6.012765720798452,True
D3,24,72,TimesFM3,h1,1,ARIMA,8.671362161636353,4.402890920639038,0.4663130670543807,0.39626823905193803,0.6856318647110947,0.687990405434,0.15957993188254804,1.0,1.0,1.2511667036467953,2.1011559963296196,True
D3,24,72,TimesFM3,h1_6,1,ARIMA,8.671362161636353,4.402890920639038,1.133807140924536,1.3045183318523723,1.7025141212618888,1.7298957089247864,0.4420684155474089,1.0,1.0,3.7556380590663614,6.273239221361962,True
D3,24,72,TimesFM3,h1_12,1,ARIMA,8.671362161636353,4.402890920639038,1.1733100802732856,1.3616386339091362,1.7719735262843188,1.801564682106361,0.6136945111965094,1.0,1.0,6.17994059866404,10.573726115663984,True
D3,24,73,TimesFM3,h1,1,ARIMA,8.671362161636353,4.402890920639038,1.2270741726698389,0.9514766377250239,2.1039657486904066,2.0820628045533933,0.4412637027281107,0.0,1.0,1.5264754652052486,2.5434726026596692,True
D3,24,73,TimesFM3,h1_6,1,ARIMA,8.671362161636353,4.402890920639038,3.4799916612833304,3.0195340477164456,5.736450608039059,5.540756410524314,1.1411924643780793,0.3333333333333333,1.0,6.123178823591212,10.014825896947137,True
D3,24,73,TimesFM3,h1_12,1,ARIMA,8.671362161636353,4.402890920639038,8.697245637247363,8.037573007480969,13.49898392020506,12.356704987932387,3.1182624340795835,0.16666666666666666,0.5833333333333334,8.818750077471782,15.02742726627367,True
D3,24,74,TimesFM3,h1,1,ARIMA,8.671362161636353,4.402890920639038,1.7829795422902703,1.5464153702287748,2.930560577450981,2.8882397694185604,0.7446594538968764,0.0,0.0,1.4635007706992071,2.407772075217746,True
D3,24,74,TimesFM3,h1_6,1,ARIMA,8.671362161636353,4.402890920639038,4.651601013269195,4.332046355494513,7.144489976001757,6.867521035296513,2.0871732320754526,0.0,0.0,2.7209892609965376,4.509543713682569,True
D3,24,74,TimesFM3,h1_12,1,ARIMA,8.671362161636353,4.402890920639038,4.8357835534368965,4.3852205483021605,7.215584195429373,6.9450755410473315,2.1124948570606508,0.0,0.0,3.5026237732240935,5.906635095771946,True
D3,24,75,TimesFM3,h1,1,ARIMA,8.671362161636353,4.402890920639038,2.2038481552540063,1.6893959333184008,8.115068420438998,7.798636093033634,0.9263980339482948,0.0,0.0,1.5726468977182513,2.4719070438657456,True
D3,24,75,TimesFM3,h1_6,1,ARIMA,8.671362161636353,4.402890920639038,2.5144817851522627,1.9594261793174468,9.392560250245944,8.96097859073084,0.9707205101101355,0.0,0.3333333333333333,2.745875605485001,4.378220210610033,True
D3,24,75,TimesFM3,h1_12,1,ARIMA,8.671362161636353,4.402890920639038,5.835050516824908,5.75310311355428,22.98175557858939,19.407895775657558,2.5705442429751435,0.0,0.16666666666666666,3.1015424264942992,5.062375726361591,True
D3,24,76,TimesFM3,h1,1,ARIMA,8.671362161636353,4.402890920639038,0.20732663257864029,0.17787421160877873,0.47186078454449176,0.47297668028163653,0.11720126551957459,1.0,1.0,1.3969508067560696,2.390897089427541,True
D3,24,76,TimesFM3,h1_6,1,ARIMA,8.671362161636353,4.402890920639038,0.5051328172730141,0.5762329971428133,1.1494983707995619,1.1398087369589367,0.30970468136207335,1.0,1.0,3.616087000767687,6.071015775509071,True
D3,24,76,TimesFM3,h1_12,1,ARIMA,8.671362161636353,4.402890920639038,1.2686192869006248,1.49168547212468,2.9601585189207924,3.0243812183209666,0.5789541871636871,1.0,1.0,5.791075869775952,9.679311814541624,True
D3,24,77,TimesFM3,h1,1,ARIMA,8.671362161636353,4.402890920639038,0.8763002008228944,0.7321448654737334,2.4261700518634783,2.4559629709059667,0.3232029528150993,0.0,0.0,1.106103258038912,1.9942619971513968,True
D3,24,77,TimesFM3,h1_6,1,ARIMA,8.671362161636353,4.402890920639038,1.0883308941480028,1.068146458823858,3.140192230737248,3.211265994538257,0.512468019592495,0.8333333333333334,0.8333333333333334,5.29677913167596,8.544776673575228,True
D3,24,77,TimesFM3,h1_12,1,ARIMA,8.671362161636353,4.402890920639038,1.7254553035984488,1.7686512625090443,5.048052173466181,5.250116986367656,0.8808105436313876,0.9166666666666666,0.9166666666666666,9.61357457461632,15.725128434936016,True
D3,24,78,TimesFM3,h1,1,ARIMA,8.671362161636353,4.402890920639038,0.5827912363434048,0.47934049907215054,0.9907209738253663,0.9858375242649995,0.21042001777797784,1.0,1.0,1.6125718034639858,2.730264027464638,True
D3,24,78,TimesFM3,h1_6,1,ARIMA,8.671362161636353,4.402890920639038,3.679395836622961,3.4652048158298947,6.278578013684218,6.030826923812476,1.493854878734431,0.16666666666666666,0.3333333333333333,2.7541759741985357,4.5993241194783305,True
D3,24,78,TimesFM3,h1_12,1,ARIMA,8.671362161636353,4.402890920639038,7.592806252336566,7.221416143090343,13.00513098729148,11.972449594335803,3.1344701555228727,0.08333333333333333,0.16666666666666666,4.742799636060201,7.404856758786792,True
D3,24,79,TimesFM3,h1,1,ARIMA,8.671362161636353,4.402890920639038,4.880969356795454,4.215322097712004,7.133535237887431,6.8878612337637675,2.1759207108115057,0.0,0.0,2.3028212270444315,3.772233084373267,True
D3,24,79,TimesFM3,h1_6,1,ARIMA,8.671362161636353,4.402890920639038,11.598361800721657,10.8021574545876,16.1577367258296,14.800326015781042,5.317152819019791,0.0,0.0,3.7765174188496378,6.213303324659787,True
D3,24,79,TimesFM3,h1_12,1,ARIMA,8.671362161636353,4.402890920639038,14.415629659585251,13.105525225131878,19.788902184055576,17.86311793577213,6.604616344666223,0.0,0.0,4.396680740641077,7.3904325723808615,True
D3,24,80,TimesFM3,h1,1,ARIMA,8.671362161636353,4.402890920639038,0.5785299960779159,0.4727460307537724,1.3426118132284857,1.3336588823770033,0.1862230298173768,1.0,1.0,1.1809822360591582,2.120820591450862,True
D3,24,80,TimesFM3,h1_6,1,ARIMA,8.671362161636353,4.402890920639038,1.6576412946206396,1.6010637913493817,3.7585411908624273,3.6634865552732743,0.5572920094036379,0.5,1.0,2.8362499918403246,4.897553722491875,True
D3,24,80,TimesFM3,h1_12,1,ARIMA,8.671362161636353,4.402890920639038,3.361620735376523,3.176489447028527,7.390903262980281,7.049091400971489,1.1748454005659317,0.25,0.6666666666666666,3.955655446920542,6.834704290676027,True
D3,24,81,TimesFM3,h1,1,ARIMA,8.671362161636353,4.402890920639038,0.026654381187204684,0.022222209471059174,0.06173343387348847,0.06171438466906342,0.0711041593231231,1.0,1.0,0.9602506826969653,1.6450627114328218,True
D3,24,81,TimesFM3,h1_6,1,ARIMA,8.671362161636353,4.402890920639038,1.196481594940296,1.412219845293314,2.75014907784278,2.6775210008588752,0.45191306089593475,0.6666666666666666,1.0,2.4639557832688115,4.247252717944395,True
D3,24,81,TimesFM3,h1_12,1,ARIMA,8.671362161636353,4.402890920639038,2.253287137739574,2.3699749160481764,5.138648970363863,4.939476980831408,0.8582660247813689,0.5,0.8333333333333334,4.376856892276234,7.559419022743884,True
D3,24,82,TimesFM3,h1,1,ARIMA,8.671362161636353,4.402890920639038,0.8766351454305185,0.6748041727781282,0.9527174879201338,0.948200651207819,0.3298642229693697,0.0,1.0,1.7073447457313566,2.753214077458326,True
D3,24,82,TimesFM3,h1_6,1,ARIMA,8.671362161636353,4.402890920639038,0.7730878401492619,0.7248601868376879,0.8211330645556659,0.821765480403768,0.5186143876870346,0.8333333333333334,1.0,5.791809734261074,8.884789575972444,True
D3,24,82,TimesFM3,h1_12,1,ARIMA,8.671362161636353,4.402890920639038,1.5995975286959696,1.4802133183467032,1.6474762316281022,1.638462666465759,0.9623515296486578,0.9166666666666666,1.0,10.752033557820253,16.105402686917444,True
D3,24,83,TimesFM3,h1,1,ARIMA,8.671362161636353,4.402890920639038,0.6331455982993324,0.5294188097666207,2.549349922942719,2.5822654136087237,0.2066211930831872,1.0,1.0,1.4751527054620142,2.518672058735654,True
D3,24,83,TimesFM3,h1_6,1,ARIMA,8.671362161636353,4.402890920639038,1.0733113131528722,1.0639160363664688,4.6013078449442695,4.7576905289288725,0.5151884838954335,1.0,1.0,5.291135341614659,8.784541092508562,True
D3,24,83,TimesFM3,h1_12,1,ARIMA,8.671362161636353,4.402890920639038,3.8887047836959328,4.310035198643182,16.72039101317869,14.769419774242056,1.332041923521255,0.9166666666666666,1.0,9.568465648862983,15.364720866056517,True
D3,24,84,TimesFM3,h1,1,ARIMA,8.671362161636353,4.402890920639038,0.16298975226775164,0.14112463082153623,0.5896616478249261,0.5879282541093215,0.08372576024849909,1.0,1.0,0.9983961939874768,1.6464352379107872,True
D3,24,84,TimesFM3,h1_6,1,ARIMA,8.671362161636353,4.402890920639038,2.1105437792680353,2.1708445830477716,7.494100733657475,7.914252790028742,0.7462473072931547,0.5,0.8333333333333334,3.643122393944532,6.245091818690487,True
D3,24,84,TimesFM3,h1_12,1,ARIMA,8.671362161636353,4.402890920639038,2.624319271938564,2.489500957156854,9.512991631584828,10.094456569682759,0.9727901456426218,0.75,0.9166666666666666,7.371413864268974,12.628559811208682,True
D3,24,85,TimesFM3,h1,1,ARIMA,8.671362161636353,4.402890920639038,0.9415127826091957,0.8015432884097761,1.4815997575559714,1.4926573614803889,0.31055004532711245,1.0,1.0,2.112490954977641,3.3735345569917263,True
D3,24,85,TimesFM3,h1_6,1,ARIMA,8.671362161636353,4.402890920639038,2.455014362587926,2.482614896083009,3.803126713283369,3.708207031559075,0.8990295630281661,0.3333333333333333,0.6666666666666666,4.062853527719872,6.588478386549345,True
D3,24,85,TimesFM3,h1_12,1,ARIMA,8.671362161636353,4.402890920639038,4.992027783405941,5.112082755580109,7.44513549056051,7.079252750633626,1.958058298976055,0.16666666666666666,0.3333333333333333,5.275234766595356,8.714370833606862,True
D3,24,86,TimesFM3,h1,1,ARIMA,8.671362161636353,4.402890920639038,0.7229066210409615,0.5615614965973041,1.9590344120541632,1.9400314700031425,0.23115073274933,1.0,1.0,1.5486503148432786,2.486679204157996,True
D3,24,86,TimesFM3,h1_6,1,ARIMA,8.671362161636353,4.402890920639038,1.3986570884342537,1.2613544228794273,3.7684488546154977,3.828415759930024,0.5421868719470481,1.0,1.0,4.877083403780065,8.009957658731683,True
D3,24,86,TimesFM3,h1_12,1,ARIMA,8.671362161636353,4.402890920639038,3.4426415112531727,3.2024632556252803,9.47280903139517,10.160730281091952,1.1919086738760043,0.6666666666666666,1.0,7.684621996375396,12.824001744963642,True
D3,24,87,TimesFM3,h1,1,ARIMA,8.671362161636353,4.402890920639038,0.4471392778822382,0.35629779196246497,0.7295915079763707,0.7322627714747468,0.2248085817913617,1.0,1.0,2.6127370850208322,4.240021492710535,True
D3,24,87,TimesFM3,h1_6,1,ARIMA,8.671362161636353,4.402890920639038,4.759162254245918,4.554934025760345,8.700708346399365,9.300976726741384,1.9688142869242735,0.3333333333333333,0.3333333333333333,4.716927923964352,7.701243278604138,True
D3,24,87,TimesFM3,h1_12,1,ARIMA,8.671362161636353,4.402890920639038,5.71560643564271,5.01657448647853,10.84048749064838,11.614391191029972,2.3361729119394163,0.16666666666666666,0.16666666666666666,5.928084298430422,9.857363427640477,True
D3,24,88,TimesFM3,h1,1,ARIMA,8.671362161636353,4.402890920639038,0.09344651998383852,0.07828459750003106,0.20270356473195494,0.20249832906618506,0.16641455768302385,1.0,1.0,2.0878222436488967,3.4072967912134953,True
D3,24,88,TimesFM3,h1_6,1,ARIMA,8.671362161636353,4.402890920639038,3.1638091557239605,3.032714312755142,7.268705476077915,7.63702328241454,1.2920561429681767,0.16666666666666666,0.3333333333333333,3.4777609322968166,5.719472399675602,True
D3,24,88,TimesFM3,h1_12,1,ARIMA,8.671362161636353,4.402890920639038,4.536740507093679,4.144189805319465,10.641414892597794,11.370458312217032,1.9162352557967117,0.08333333333333333,0.16666666666666666,3.8509060841382956,6.4985033113815005,True
D3,24,89,TimesFM3,h1,1,ARIMA,8.671362161636353,4.402890920639038,2.2682771219540188,1.8586630035452918,4.380753936833541,4.478857806679179,0.862573120339986,0.0,0.0,2.1571163486294456,3.120412100510537,True
D3,24,89,TimesFM3,h1_6,1,ARIMA,8.671362161636353,4.402890920639038,2.6912770099634598,2.4886522710788697,5.344646577657011,5.5341043687542095,1.103366693283975,0.3333333333333333,0.5,5.825248796457056,9.29787228820454,True
D3,24,89,TimesFM3,h1_12,1,ARIMA,8.671362161636353,4.402890920639038,4.227877059378321,3.8957780030953115,8.045031971285404,7.846135634387465,1.5082304279425571,0.6666666666666666,0.75,9.551891797517763,15.502822115967446,True
D3,24,90,TimesFM3,h1,1,ARIMA,8.671362161636353,4.402890920639038,0.33123125792629243,0.2309635198695477,0.6184621806791557,0.6165555990775784,0.2797409603779441,1.0,1.0,3.648157597945221,6.414858051432065,True
D3,24,90,TimesFM3,h1_6,1,ARIMA,8.671362161636353,4.402890920639038,5.2000012756580105,4.365960509362401,9.260247047667612,8.683270081402721,1.6324345787842294,1.0,1.0,9.891416707444362,16.076058019999195,True
D3,24,90,TimesFM3,h1_12,1,ARIMA,8.671362161636353,4.402890920639038,7.098516636469841,5.434819750442638,12.906985496598693,11.978698747557093,2.20086561978064,1.0,1.0,13.841956708288313,23.94291140573142,True
D3,24,91,TimesFM3,h1,1,ARIMA,8.671362161636353,4.402890920639038,0.9314913003208645,0.6977614667185777,1.696368692193822,1.6821013716738034,0.31573626804260085,0.0,1.0,1.811290429995933,2.8365285369319695,True
D3,24,91,TimesFM3,h1_6,1,ARIMA,8.671362161636353,4.402890920639038,1.8369590254306678,1.5886840247357976,3.3070194948568465,3.2731348286786264,0.7481303818600326,0.5,0.6666666666666666,5.011528384926896,8.304722637763845,True
D3,24,91,TimesFM3,h1_12,1,ARIMA,8.671362161636353,4.402890920639038,3.488616592967545,2.9799609551654487,6.679616222029574,6.938701251725591,1.241396690103482,0.75,0.8333333333333334,8.848692213227972,14.758817824117441,True
D3,24,92,TimesFM3,h1,1,ARIMA,8.671362161636353,4.402890920639038,0.7276903200424488,0.5704057868736601,0.7915537475580184,0.78843331084851,0.2551836248174415,1.0,1.0,2.2557640009561855,3.697409487020989,True
D3,24,92,TimesFM3,h1_6,1,ARIMA,8.671362161636353,4.402890920639038,0.9178742804047438,0.9261468341672772,1.0018007466782055,1.0063045987516177,0.4945676298710874,1.0,1.0,5.477810615213149,8.863704123634841,True
D3,24,92,TimesFM3,h1_12,1,ARIMA,8.671362161636353,4.402890920639038,4.857642248832774,5.207432049999148,5.544256318541204,5.85515998121481,1.8573229735658132,0.5,0.75,8.911445473206458,14.608574302279782,True
D3,24,93,TimesFM3,h1,1,ARIMA,8.671362161636353,4.402890920639038,1.369096777062702,1.0940508695561435,2.684242962778036,2.720758851784631,0.459954404695623,0.0,1.0,2.5523070432905217,4.160407286438301,True
D3,24,93,TimesFM3,h1_6,1,ARIMA,8.671362161636353,4.402890920639038,3.040047188263292,2.5967147020678816,6.081776366938523,6.302853207382548,1.0824836767105057,0.16666666666666666,0.5,4.177559769312738,6.898849938114323,True
D3,24,93,TimesFM3,h1_12,1,ARIMA,8.671362161636353,4.402890920639038,3.9130976181925887,3.717620705911189,7.331526568193829,7.199497403068145,1.4813524341546311,0.25,0.5833333333333334,5.4271283735632165,9.126670972153377,True
D3,24,94,TimesFM3,h1,1,ARIMA,8.671362161636353,4.402890920639038,0.6225667437798357,0.5193433567974518,1.4635358659450322,1.474324499862987,0.2348862863023351,1.0,1.0,2.2460224106993407,3.8240714800244,True
D3,24,94,TimesFM3,h1_6,1,ARIMA,8.671362161636353,4.402890920639038,2.7073739718881114,2.416295873621315,6.714957355030084,6.985369815544821,0.9480039255794589,0.6666666666666666,0.8333333333333334,5.721049648129186,9.492499901842708,True
D3,24,94,TimesFM3,h1_12,1,ARIMA,8.671362161636353,4.402890920639038,2.2391470041079096,2.01362365701146,5.468910364421581,5.6518617929926735,0.9707699757192124,0.8333333333333334,0.9166666666666666,8.889888385604618,14.922374137200926,True
D3,24,95,TimesFM3,h1,1,ARIMA,8.671362161636353,4.402890920639038,1.313312474065807,1.0056761361080817,2.134225523597107,2.1572457684960877,0.49571158148406924,0.0,0.0,1.291250030059108,2.2431856135231385,True
D3,24,95,TimesFM3,h1_6,1,ARIMA,8.671362161636353,4.402890920639038,3.124101331076555,2.51244771939703,5.269375053150948,5.4286945711879895,1.109608500069691,0.0,0.6666666666666666,3.780264058106494,6.754000460532695,True
D3,24,95,TimesFM3,h1_12,1,ARIMA,8.671362161636353,4.402890920639038,3.042183280427791,2.3993933984714495,5.204565581763177,5.352943122936261,1.0758972083869656,0.5,0.8333333333333334,5.998860308329246,11.0377791320739,True
D3,24,96,TimesFM3,h1,1,ARIMA,8.671362161636353,4.402890920639038,1.312795365086487,1.0530119753155351,2.6292495883925073,2.5951333222951662,0.5521496811375018,0.0,0.0,1.0835825524117828,1.64178017206094,True
D3,24,96,TimesFM3,h1_6,1,ARIMA,8.671362161636353,4.402890920639038,7.879997660497844,7.18110035754136,14.720932152352606,13.472282908117952,3.616001475027197,0.0,0.0,2.79815525072426,4.699333634430204,True
D3,24,96,TimesFM3,h1_12,1,ARIMA,8.671362161636353,4.402890920639038,9.027280487135357,7.750413190919612,16.5736850090379,15.155049852390906,3.992210962772479,0.0,0.0,4.241867004051304,7.340348478235764,True
D3,24,97,TimesFM3,h1,1,ARIMA,8.671362161636353,4.402890920639038,2.0558794210471008,1.5671131736456043,3.4849516682289123,3.4252672147579113,0.7115919983731883,0.0,1.0,3.7393444492844656,5.993340362207833,True
D3,24,97,TimesFM3,h1_6,1,ARIMA,8.671362161636353,4.402890920639038,3.7202376068480008,2.957829963461661,6.505487040044097,6.2826424167648405,1.334974245879899,0.0,0.5,3.9746800901976997,6.509965812726782,True
D3,24,97,TimesFM3,h1_12,1,ARIMA,8.671362161636353,4.402890920639038,3.8126805190460704,3.1840268027668874,6.792193961676025,6.530213125619051,1.41481046342204,0.16666666666666666,0.5,4.07134290815527,6.710242986483139,True
D3,24,98,TimesFM3,h1,1,ARIMA,8.671362161636353,4.402890920639038,1.5084140835088025,1.0991453386401207,2.0232374369207298,2.0439140540810556,0.5909125714282126,0.0,0.0,1.134576580298233,1.9701876784922785,True
D3,24,98,TimesFM3,h1_6,1,ARIMA,8.671362161636353,4.402890920639038,4.102434526072066,3.575739345401038,5.4165056757140135,5.63680598582354,1.6424559542669657,0.0,0.3333333333333333,2.6628356356645537,4.506850774317658,True
D3,24,98,TimesFM3,h1_12,1,ARIMA,8.671362161636353,4.402890920639038,10.436342335198411,9.142767475883609,13.949413541821098,15.544837141029822,4.639955451938982,0.0,0.16666666666666666,3.619964988289549,6.116588904956742,True
D3,24,99,TimesFM3,h1,1,ARIMA,8.671362161636353,4.402890920639038,0.5142895486512399,0.4302809412051762,0.89331773138593,0.8893453913488386,0.17749899603572739,1.0,1.0,1.349264523645865,2.3357138328317992,True
D3,24,99,TimesFM3,h1_6,1,ARIMA,8.671362161636353,4.402890920639038,1.5659155999722827,1.4537141501126363,2.665126282454213,2.6222146736152276,0.5575615553488656,0.3333333333333333,0.8333333333333334,2.500987006881937,4.227562850023447,True
D3,24,99,TimesFM3,h1_12,1,ARIMA,8.671362161636353,4.402890920639038,2.7159485427446106,2.596143460684211,4.556980346165612,4.652745662473476,1.0631514117053475,0.25,0.5,3.090989120329962,5.3024795662752995,True
D3,24,100,TimesFM3,h1,1,ARIMA,8.671362161636353,4.402890920639038,0.19327794188239605,0.16053981505669776,0.5123611646348855,0.511051948776565,0.12430129758493563,1.0,1.0,1.5777851974880182,2.4087442806143176,True
D3,24,100,TimesFM3,h1_6,1,ARIMA,8.671362161636353,4.402890920639038,3.1711295630507577,3.1712236431981364,8.784093989198107,9.387370064708545,1.1440672109974754,0.3333333333333333,0.5,4.3160182813181525,6.618672721868073,True
D3,24,100,TimesFM3,h1_12,1,ARIMA,8.671362161636353,4.402890920639038,3.411221174394609,3.1321184522099546,9.255515103803425,9.818457543507899,1.1821918127129445,0.5833333333333334,0.75,6.699877132825453,10.577937317645041,True
D3,24,101,TimesFM3,h1,1,ARIMA,8.671362161636353,4.402890920639038,0.2025294872169388,0.17227967223124419,0.2800341918635233,0.28042683737743246,0.15853128502753794,1.0,1.0,2.0185192196748387,3.190715505969747,True
D3,24,101,TimesFM3,h1_6,1,ARIMA,8.671362161636353,4.402890920639038,3.082515547508357,2.975019697335247,4.380806525568154,4.5086123020990545,1.171077738041268,0.16666666666666666,0.3333333333333333,3.1844638375754215,5.182941773511485,True
D3,24,101,TimesFM3,h1_12,1,ARIMA,8.671362161636353,4.402890920639038,2.689117784701735,2.6216670992855646,3.784658725645091,3.864791772735584,1.0050997235857229,0.3333333333333333,0.6666666666666666,4.024622143967059,6.7131075282260495,True
D3,24,102,TimesFM3,h1,1,ARIMA,8.671362161636353,4.402890920639038,0.05687998987791177,0.04705240874695454,0.08702745453900987,0.08706533991356613,0.12759764459929676,1.0,1.0,1.6844180667729896,2.6372948357873063,True
D3,24,102,TimesFM3,h1_6,1,ARIMA,8.671362161636353,4.402890920639038,0.6943447164445633,0.7007779360474494,1.0511693977777394,1.050807645986609,0.4134689821132247,1.0,1.0,4.757154240886786,7.746052990102501,True
D3,24,102,TimesFM3,h1_12,1,ARIMA,8.671362161636353,4.402890920639038,0.9652659376344311,0.8961081703769803,1.4496927981534833,1.441923568159164,0.6745652998535239,1.0,1.0,8.287643169176134,13.671725977521735,True
D3,24,103,TimesFM3,h1,1,ARIMA,8.671362161636353,4.402890920639038,0.31181355890010615,0.24868582331206907,0.3441059806568101,0.34469904567252313,0.14074969465526782,1.0,1.0,1.560495251893726,2.502698013758838,True
D3,24,103,TimesFM3,h1_6,1,ARIMA,8.671362161636353,4.402890920639038,1.3854520550866514,1.2882312865078087,1.4778060912308373,1.4634804615101973,0.5090634761108679,0.3333333333333333,0.8333333333333334,2.2784724177951663,3.660951860336149,True
D3,24,103,TimesFM3,h1_12,1,ARIMA,8.671362161636353,4.402890920639038,1.7286496478065951,1.613718235963906,1.8080677798014917,1.7862359316282197,0.6593963981232305,0.4166666666666667,0.6666666666666666,2.5555051716042088,4.122689290109867,True
D3,24,104,TimesFM3,h1,1,ARIMA,8.671362161636353,4.402890920639038,0.14602416901877313,0.1252139775005735,0.4830656681622596,0.48423525529800077,0.11511692018850407,1.0,1.0,1.4450759280999474,2.375526342498878,True
D3,24,104,TimesFM3,h1_6,1,ARIMA,8.671362161636353,4.402890920639038,0.8475922719027886,0.923693292536457,2.9597594841865305,2.8906708761702213,0.43865821123301385,1.0,1.0,5.049790227493892,8.132322520617523,True
D3,24,104,TimesFM3,h1_12,1,ARIMA,8.671362161636353,4.402890920639038,2.653286979110367,2.8085820474904626,9.047647574264065,8.472638275881465,1.0240256801501921,1.0,1.0,9.543331069803601,15.65339463832687,True
D3,24,105,TimesFM3,h1,1,ARIMA,8.671362161636353,4.402890920639038,1.4778249737757916,1.1039042697800996,2.749929029642975,2.78826670744898,0.5856335710916951,0.0,0.0,1.410981694301949,2.4045762688524275,True
D3,24,105,TimesFM3,h1_6,1,ARIMA,8.671362161636353,4.402890920639038,2.552845786291983,2.293731339892601,4.591825980861639,4.47468385991184,0.9215673985130485,0.16666666666666666,0.8333333333333334,4.014475115609853,6.731373357772217,True
D3,24,105,TimesFM3,h1_12,1,ARIMA,8.671362161636353,4.402890920639038,5.1822495313155645,4.501139692225849,9.004162073413593,8.512969960934436,1.885417014371446,0.08333333333333333,0.5,6.020031718374507,10.227719953195946,True
D3,24,106,TimesFM3,h1,1,ARIMA,8.671362161636353,4.402890920639038,0.24195387450959055,0.20452695444946356,0.4133540537233434,0.4142101309068615,0.12888928793058874,1.0,1.0,1.4939674041548485,2.5409320957271304,True
D3,24,106,TimesFM3,h1_6,1,ARIMA,8.671362161636353,4.402890920639038,1.5328224822707084,1.4446945238751285,2.6053880875896884,2.648492239118168,0.5857385797482385,0.6666666666666666,0.8333333333333334,4.320377024955691,6.9980771692671695,True
D3,24,106,TimesFM3,h1_12,1,ARIMA,8.671362161636353,4.402890920639038,4.26293351194213,4.791527130918006,6.706777805871759,6.389177457608383,1.636694326588603,0.4166666666666667,0.5833333333333334,6.155175843007451,9.893400359823831,True
D3,24,107,TimesFM3,h1,1,ARIMA,8.671362161636353,4.402890920639038,0.4126944730792006,0.35539986502988014,0.7263841785478005,0.7237555556240933,0.14110730845006494,1.0,1.0,1.1246465989278636,1.815780419256305,True
D3,24,107,TimesFM3,h1_6,1,ARIMA,8.671362161636353,4.402890920639038,0.549668300946664,0.5856370849513045,0.9384817585051346,0.9317623451475776,0.23929389947366023,0.6666666666666666,1.0,1.8853543993843065,3.0606541995458123,True
D3,24,107,TimesFM3,h1_12,1,ARIMA,8.671362161636353,4.402890920639038,1.2410509696597827,1.6327721927972352,1.9526456125580873,1.9842886811625948,0.5007259839416071,0.6666666666666666,0.8333333333333334,2.2483599160011085,3.7166141206960637,True
D3,24,108,TimesFM3,h1,1,ARIMA,8.671362161636353,4.402890920639038,1.2385802705625237,1.0166969114734266,2.1583462425834457,2.1818926415060202,0.44974264678802045,0.0,0.0,1.464568173228368,2.26788940891599,True
D3,24,108,TimesFM3,h1_6,1,ARIMA,8.671362161636353,4.402890920639038,3.2153096720709793,3.0823981009517896,5.348849549396184,5.551609969470942,1.1699754978699257,0.0,0.6666666666666666,3.3292095726603845,5.778457103288796,True
D3,24,108,TimesFM3,h1_12,1,ARIMA,8.671362161636353,4.402890920639038,6.128912139717913,5.7034480631623605,10.106596049996625,10.813048038504474,2.2249399153883727,0.0,0.5833333333333334,6.749378883383942,11.646914643775872,True
D3,24,109,TimesFM3,h1,1,ARIMA,8.671362161636353,4.402890920639038,1.0377682492683,0.8294404284548011,2.5805197685312544,2.547648482173666,0.3524027863004315,0.0,1.0,1.4854873430669822,2.5858184617688447,True
D3,24,109,TimesFM3,h1_6,1,ARIMA,8.671362161636353,4.402890920639038,3.3426613038117536,3.174580772753804,8.986356648440042,9.60216164117127,1.1855921347903067,0.16666666666666666,0.8333333333333334,4.52567105059438,7.848772835524122,True
D3,24,109,TimesFM3,h1_12,1,ARIMA,8.671362161636353,4.402890920639038,4.385097379626888,3.825329718287976,12.113517389655755,13.067634669847042,1.5366637862808843,0.5,0.9166666666666666,9.299032791018815,15.966333694021765,True
D3,24,110,TimesFM3,h1,1,ARIMA,8.671362161636353,4.402890920639038,0.5301314994853379,0.4391623788907517,0.7459471020429782,0.743175254904448,0.1927256613325826,1.0,1.0,1.7815339836008284,2.91539835702615,True
D3,24,110,TimesFM3,h1_6,1,ARIMA,8.671362161636353,4.402890920639038,1.251890671213472,1.1575027185210531,1.7507390749314895,1.7319461741101487,0.47692675712257704,1.0,1.0,4.297098267067902,7.114542557762641,True
D3,24,110,TimesFM3,h1_12,1,ARIMA,8.671362161636353,4.402890920639038,2.432153594853425,2.3303986788707016,3.370064836658284,3.296477481874464,0.8454494788132197,0.8333333333333334,1.0,6.001072183365415,10.085158948066105,True
D3,24,111,TimesFM3,h1,1,ARIMA,8.671362161636353,4.402890920639038,0.7438159657726084,0.6182808542366908,1.3649522642726715,1.3743317504458359,0.2545488608570687,1.0,1.0,1.5976617202119825,3.0566451139980315,True
D3,24,111,TimesFM3,h1_6,1,ARIMA,8.671362161636353,4.402890920639038,3.6694189921255638,3.4356198768332256,6.962674988373347,7.2895589325779735,1.3939563709264462,0.16666666666666666,0.3333333333333333,4.310391973885482,7.443745460236108,True
D3,24,111,TimesFM3,h1_12,1,ARIMA,8.671362161636353,4.402890920639038,3.5954141022773682,3.323809325612062,6.721363897104641,6.857278067283098,1.317030211850555,0.4166666666666667,0.5833333333333334,5.90486797898561,10.227405969739381,True
D3,24,112,TimesFM3,h1,1,ARIMA,8.671362161636353,4.402890920639038,0.7543352092710489,0.6257900647280032,1.7966689537571274,1.780672558246087,0.23937845087312937,1.0,1.0,1.4459544811406386,2.3889961031374125,True
D3,24,112,TimesFM3,h1_6,1,ARIMA,8.671362161636353,4.402890920639038,0.723283362018119,0.6901468969486896,1.6691361578163353,1.652041849237741,0.41015144174777457,1.0,1.0,4.4188895580834595,7.036416345603531,True
D3,24,112,TimesFM3,h1_12,1,ARIMA,8.671362161636353,4.402890920639038,2.5208891874747748,2.6742923294939724,5.5457078044772254,5.310373167253185,1.0036629902347258,0.5833333333333334,0.8333333333333334,5.741573857812918,9.362797093812597,True
D3,24,113,TimesFM3,h1,1,ARIMA,8.671362161636353,4.402890920639038,3.360302237933258,2.7771019689622896,8.377022049223251,8.743233341645595,1.364321109791001,0.0,0.0,2.516999295526294,3.7207550292680116,True
D3,24,113,TimesFM3,h1_6,1,ARIMA,8.671362161636353,4.402890920639038,8.374075336787078,7.2158404785771415,22.368952348789296,25.517724970089027,3.534227083579281,0.0,0.0,4.839805141472913,7.625344506097004,True
D3,24,113,TimesFM3,h1_12,1,ARIMA,8.671362161636353,4.402890920639038,8.427099553448409,7.155193961521003,22.435958070578174,25.494574963766027,3.3226653472605254,0.0,0.25,6.6242886994309735,10.78231209109661,True
D3,24,114,TimesFM3,h1,1,ARIMA,8.671362161636353,4.402890920639038,0.4936004106969224,0.39991188804655514,2.008898414678346,1.9889207163087779,0.17703517421690773,1.0,1.0,1.5926497467999772,2.5324453575657664,True
D3,24,114,TimesFM3,h1_6,1,ARIMA,8.671362161636353,4.402890920639038,5.641867616316572,5.458762610752537,21.80851320601943,18.927100430678564,2.390730335786541,0.16666666666666666,0.16666666666666666,4.400847015208014,7.100061370916911,True
D3,24,114,TimesFM3,h1_12,1,ARIMA,8.671362161636353,4.402890920639038,8.896557272336374,8.010584103402131,36.75447181415021,29.9170918211974,3.634109419723711,0.08333333333333333,0.08333333333333333,6.987246872007705,11.236500683913224,True
D3,24,115,TimesFM3,h1,1,ARIMA,8.671362161636353,4.402890920639038,1.016937843172121,0.8190359381040642,1.9006397661925682,1.918875218929866,0.37402369548372194,0.0,0.0,1.1174425314583383,1.972024799111848,True
D3,24,115,TimesFM3,h1_6,1,ARIMA,8.671362161636353,4.402890920639038,1.31322013722174,1.1374544909342374,2.4714228041725796,2.507382076517164,0.5081179766859395,0.3333333333333333,0.8333333333333334,3.249551147232365,5.675231683667877,True
D3,24,115,TimesFM3,h1_12,1,ARIMA,8.671362161636353,4.402890920639038,1.7092389832188282,1.6803928310826766,3.14760768450709,3.1123948209686754,0.6971157360627325,0.6666666666666666,0.9166666666666666,5.64860240514995,9.780543480170195,True
D3,24,116,TimesFM3,h1,1,ARIMA,8.671362161636353,4.402890920639038,1.6339929245771125,1.3724801625394534,2.4943774038723037,2.463651026613249,0.570337020575069,0.0,0.0,2.1242360854249362,3.332050309802135,True
D3,24,116,TimesFM3,h1_6,1,ARIMA,8.671362161636353,4.402890920639038,3.6108556889259518,3.1562951963051957,5.458456052030769,5.302204099113568,1.2956691530284434,0.0,0.3333333333333333,3.869574134093263,6.267721109085777,True
D3,24,116,TimesFM3,h1_12,1,ARIMA,8.671362161636353,4.402890920639038,3.6321907278079317,3.296181949209052,5.473263415011079,5.304799695493944,1.3016308546344058,0.25,0.6666666666666666,5.231846030213211,8.718784731620225,True
D3,24,117,TimesFM3,h1,1,ARIMA,8.671362161636353,4.402890920639038,0.25595379575371263,0.22643015715314793,0.6143816951841613,0.6125001507794792,0.10355934374748413,1.0,1.0,1.0894862457643164,1.6176916475147032,True
D3,24,117,TimesFM3,h1_6,1,ARIMA,8.671362161636353,4.402890920639038,5.723124467297634,5.964020085923407,12.39162682467027,11.436233741696684,2.3472048679433812,0.16666666666666666,0.16666666666666666,4.475947029094528,7.168218391525047,True
D3,24,117,TimesFM3,h1_12,1,ARIMA,8.671362161636353,4.402890920639038,8.288454088372582,7.9987326621116965,17.633253949726875,15.980189392353703,3.1747301265574803,0.08333333333333333,0.25,7.732320282204435,12.549759667392312,True
D3,24,118,TimesFM3,h1,1,ARIMA,8.671362161636353,4.402890920639038,0.028818729118171692,0.02277590126679783,0.04028579856212041,0.040293914924820116,0.12681147437411322,1.0,1.0,1.7700297264769032,2.76613450668642,True
D3,24,118,TimesFM3,h1_6,1,ARIMA,8.671362161636353,4.402890920639038,1.6852327766760682,1.4901527339794416,2.294421546565938,2.261999830097665,0.6172710117618336,0.6666666666666666,1.0,4.389774130424327,7.292940926525076,True
D3,24,118,TimesFM3,h1_12,1,ARIMA,8.671362161636353,4.402890920639038,2.4506909627484337,2.133360676803336,3.3082477580099225,3.243655780970003,0.8636943676346373,0.8333333333333334,1.0,6.808171748105951,11.63044673466032,True
D3,24,119,TimesFM3,h1,1,ARIMA,8.671362161636353,4.402890920639038,1.0463655677549422,0.8208203677424306,3.1474521686050667,3.1977764100882986,0.3469720283555977,0.0,1.0,0.8764890085627206,1.5022463499731835,True
D3,24,119,TimesFM3,h1_6,1,ARIMA,8.671362161636353,4.402890920639038,1.7654087078953404,1.6235470076396992,5.2094603841107565,5.135908740618464,0.6805936858154976,0.6666666666666666,1.0,5.3500024087639595,8.958324181489674,True
D3,24,119,TimesFM3,h1_12,1,ARIMA,8.671362161636353,4.402890920639038,4.078173542762739,3.752590711757184,13.00200602643711,11.96359603213286,1.4023968874978334,0.8333333333333334,1.0,10.553754993714687,18.10692389594107,True
D3,24,120,TimesFM3,h1,1,ARIMA,8.671362161636353,4.402890920639038,0.9345661597101378,0.8082417831204423,1.8788074448401952,1.8613221156000201,0.3072980595025819,1.0,1.0,2.062228253357577,3.384989737018646,True
D3,24,120,TimesFM3,h1_6,1,ARIMA,8.671362161636353,4.402890920639038,5.925540609285404,5.692599982790738,11.14927530673237,10.442301670599814,2.536918163656422,0.16666666666666666,0.16666666666666666,3.4259623954431206,5.7002015121842415,True
D3,24,120,TimesFM3,h1_12,1,ARIMA,8.671362161636353,4.402890920639038,7.1170409146231135,6.493745816934618,13.349021914968203,12.432508135295189,3.0207531036826607,0.08333333333333333,0.08333333333333333,4.282868506722066,7.195550633352515,True
D3,24,121,TimesFM3,h1,1,ARIMA,8.671362161636353,4.402890920639038,0.6558469838452743,0.5714860524797464,1.4109945700504027,1.4011097786021418,0.22412640153036711,1.0,1.0,1.8307546343329473,2.9239377276015155,True
D3,24,121,TimesFM3,h1_6,1,ARIMA,8.671362161636353,4.402890920639038,0.7871812384439517,0.725661474440609,1.7181878850502252,1.720104948743041,0.38994165512061374,1.0,1.0,4.297036023279367,7.090765994665479,True
D3,24,121,TimesFM3,h1_12,1,ARIMA,8.671362161636353,4.402890920639038,2.3746536212422527,2.963387117240672,4.869512916494053,4.658543096766103,0.936174291575114,0.75,1.0,6.432701733335629,10.921832788565961,True
D3,24,122,TimesFM3,h1,1,ARIMA,8.671362161636353,4.402890920639038,0.7531170226389255,0.5689830839281037,1.0313812346031437,1.036727541260405,0.26744155744935866,1.0,1.0,2.4278671484578758,4.173693178741726,True
D3,24,122,TimesFM3,h1_6,1,ARIMA,8.671362161636353,4.402890920639038,6.0450726239230725,5.022603038466215,8.450418816019715,8.90818702660902,2.424490186895413,0.16666666666666666,0.16666666666666666,6.13591533574034,10.241099791386102,True
D3,24,122,TimesFM3,h1_12,1,ARIMA,8.671362161636353,4.402890920639038,6.194576282878502,4.9213654195528385,8.551105762167973,8.977810871340015,2.3493955217252855,0.08333333333333333,0.5833333333333334,9.303343679412524,15.735968581100014,True
D3,24,123,TimesFM3,h1,1,ARIMA,8.671362161636353,4.402890920639038,0.4866897850771403,0.3752252723261986,0.9843228949957672,0.9891913132817377,0.16273751672149506,1.0,1.0,1.2193390868575595,1.9872616768757678,True
D3,24,123,TimesFM3,h1_6,1,ARIMA,8.671362161636353,4.402890920639038,2.0381857595342585,1.7313716511576358,4.183652473383304,4.293693702961138,0.671501022913646,0.5,1.0,3.7611483174382556,6.352348040090964,True
D3,24,123,TimesFM3,h1_12,1,ARIMA,8.671362161636353,4.402890920639038,2.2752154506666646,1.9863337055043575,4.561531833581038,4.608696270330107,0.8801346561256319,0.75,1.0,7.083375409693392,11.820832396993628,True
D3,24,124,TimesFM3,h1,1,ARIMA,8.671362161636353,4.402890920639038,4.448474653457095,3.323439799868772,5.541629298747214,5.3922208534142335,1.9574175565443677,0.0,0.0,2.1679525634626162,3.4027103011394138,True
D3,24,124,TimesFM3,h1_6,1,ARIMA,8.671362161636353,4.402890920639038,14.596614559141292,12.03878733811431,17.15860998854565,15.570045763711429,6.962548520939802,0.0,0.0,2.7484723836950686,4.354428208201563,True
D3,24,124,TimesFM3,h1_12,1,ARIMA,8.671362161636353,4.402890920639038,20.729258002805466,16.615379795623586,24.16971487644994,21.259369391955296,9.991300494348536,0.0,0.0,3.0526309018725186,4.895213302345715,True
D3,24,125,TimesFM3,h1,1,ARIMA,8.671362161636353,4.402890920639038,0.9964915159392174,0.8750742451736283,2.632253814190597,2.667359652283301,0.3477575856278402,0.0,0.0,1.0598776985471772,1.6555067626033673,True
D3,24,125,TimesFM3,h1_6,1,ARIMA,8.671362161636353,4.402890920639038,0.7303001377513444,0.8705569796377292,1.9281412642859788,1.9632991410111937,0.3879849339261145,0.6666666666666666,0.6666666666666666,3.0722504366915864,5.005752544232018,True
D3,24,125,TimesFM3,h1_12,1,ARIMA,8.671362161636353,4.402890920639038,0.42644067648597367,0.622691291715646,1.1222143014550308,1.140023855998564,0.44642045267718256,0.8333333333333334,0.8333333333333334,4.940143713100431,8.170875601976743,True
D3,24,126,TimesFM3,h1,1,ARIMA,8.671362161636353,4.402890920639038,1.450141591686499,1.2563585660905174,2.215179399493039,2.2399892901461227,0.5036808600777897,0.0,1.0,2.0126738207352877,3.3019549540893354,True
D3,24,126,TimesFM3,h1_6,1,ARIMA,8.671362161636353,4.402890920639038,2.425937788278068,2.1820013928226136,3.5667357317738726,3.636522152136882,0.8197595475806349,0.16666666666666666,0.8333333333333334,3.604384101681747,5.854619884562608,True
D3,24,126,TimesFM3,h1_12,1,ARIMA,8.671362161636353,4.402890920639038,2.3824004639696206,2.2713093336414203,3.2956946140606647,3.3131571580276806,0.8661293357279597,0.4166666666666667,0.8333333333333334,5.058877580517181,8.283383812248825,True
D3,24,127,TimesFM3,h1,1,ARIMA,8.671362161636353,4.402890920639038,0.9412542159501203,0.8523990320299294,1.997850690640562,2.018009094960996,0.3438402428314922,0.0,0.0,0.8006315198202378,1.2243698419252298,True
D3,24,127,TimesFM3,h1_6,1,ARIMA,8.671362161636353,4.402890920639038,3.6079711194233464,3.537049171632356,7.400455858051015,7.733737869602299,1.4798883801734002,0.0,0.0,2.4238330242042125,3.9122870651095862,True
D3,24,127,TimesFM3,h1_12,1,ARIMA,8.671362161636353,4.402890920639038,6.516102964161481,6.581857705015262,12.997725792800665,14.134688347030474,2.7349841071291277,0.0,0.0,4.480211189747971,7.288609822531503,True
D3,24,128,TimesFM3,h1,1,ARIMA,8.671362161636353,4.402890920639038,0.9849201392962331,0.8444480009677108,1.9754952880603878,1.9561732330379062,0.326509955854276,0.0,1.0,1.9207727059241286,3.136329113493115,True
D3,24,128,TimesFM3,h1_6,1,ARIMA,8.671362161636353,4.402890920639038,7.820398229758549,7.602502930143306,14.454861814717152,13.247604707474455,3.480029692973694,0.0,0.16666666666666666,3.7340031760536494,6.129868542849712,True
D3,24,128,TimesFM3,h1_12,1,ARIMA,8.671362161636353,4.402890920639038,11.300123442032517,10.4514268510492,20.423539750333298,18.28099290260218,5.0537293297962105,0.0,0.08333333333333333,4.965673733394309,8.264278028259366,True
D3,24,129,TimesFM3,h1,1,ARIMA,8.671362161636353,4.402890920639038,0.16830070834375446,0.13918613504008395,0.2630167656896771,0.26336311025698594,0.1269995344934456,1.0,1.0,1.6041191488688957,2.5657923928124626,True
D3,24,129,TimesFM3,h1_6,1,ARIMA,8.671362161636353,4.402890920639038,0.7138591487062027,0.7663837463275998,1.0489304755054818,1.042593784350415,0.29381312634902207,0.8333333333333334,1.0,2.4455577556962345,3.8897274140839118,True
D3,24,129,TimesFM3,h1_12,1,ARIMA,8.671362161636353,4.402890920639038,0.6577694277950431,0.6880564117414282,0.9404662523351931,0.9364880575917152,0.29193349948056346,0.9166666666666666,1.0,2.7129688843388995,4.351241455234515,True
D3,24,130,TimesFM3,h1,1,ARIMA,8.671362161636353,4.402890920639038,0.10378843221622328,0.08900031858236725,0.23341109475924662,0.2336838167367068,0.04983833134776787,1.0,1.0,0.5837766476185341,0.8111730544699035,True
D3,24,130,TimesFM3,h1_6,1,ARIMA,8.671362161636353,4.402890920639038,1.2939678931221748,1.6111096468879422,2.765810933769029,2.689805924016089,0.4788559744987623,0.6666666666666666,1.0,2.9130686136898074,4.75973302504407,True
D3,24,130,TimesFM3,h1_12,1,ARIMA,8.671362161636353,4.402890920639038,4.370692977886426,4.797683368187562,8.929166970522868,8.335244822966198,1.5993724464231256,0.3333333333333333,0.6666666666666666,5.586862522594573,9.31447747469786,True
D3,24,131,TimesFM3,h1,1,ARIMA,8.671362161636353,4.402890920639038,0.5117207679551206,0.3699524263009367,0.8565771735900559,0.8602615757355141,0.18760539594601752,1.0,1.0,1.6235838572852326,2.7394619633294166,True
D3,24,131,TimesFM3,h1_6,1,ARIMA,8.671362161636353,4.402890920639038,2.2462763307031763,2.014893768194054,3.7161049562982087,3.826261340677855,0.8812877173623901,0.5,0.6666666666666666,3.3726380128627125,5.394800265179164,True
D3,24,131,TimesFM3,h1_12,1,ARIMA,8.671362161636353,4.402890920639038,5.2340351875106075,4.563481597277215,8.594727172747453,9.171457686141595,2.2895177340078754,0.25,0.3333333333333333,3.7234745795566946,6.0031318120839465,True
D3,24,132,TimesFM3,h1,1,ARIMA,8.671362161636353,4.402890920639038,1.3996585588005408,1.224883359450295,2.669106350974965,2.7052088009313606,0.57297975542856,0.0,0.0,1.0957719292730066,1.8711518354516334,True
D3,24,132,TimesFM3,h1_6,1,ARIMA,8.671362161636353,4.402890920639038,1.5899883144405358,1.4489608660529538,2.9970815048101374,3.046520940894635,0.5454571825391485,0.6666666666666666,0.8333333333333334,3.2173734878598457,5.4206498838986565,True
D3,24,132,TimesFM3,h1_12,1,ARIMA,8.671362161636353,4.402890920639038,1.6655829219569265,1.6940417730667698,3.045630944609587,3.108697425539752,0.6479968149815302,0.8333333333333334,0.9166666666666666,5.077275378392559,8.62741177418884,True
D3,24,133,TimesFM3,h1,1,ARIMA,8.671362161636353,4.402890920639038,1.9031360546148166,1.575950736790878,3.3198852668099654,3.3759236629626903,0.8129624928666349,0.0,0.0,1.276669428280667,2.063647536237669,True
D3,24,133,TimesFM3,h1_6,1,ARIMA,8.671362161636353,4.402890920639038,8.464065583092692,7.937429066394102,14.731280825895531,16.28842642173019,3.9422014485816965,0.0,0.0,2.3912964122920974,3.844952764560527,True
D3,24,133,TimesFM3,h1_12,1,ARIMA,8.671362161636353,4.402890920639038,13.352512917330145,12.091488743815004,22.71397484027611,26.28751048892507,6.31909947789653,0.0,0.0,2.8113672258907862,4.57469919650584,True
D3,24,134,TimesFM3,h1,1,ARIMA,8.671362161636353,4.402890920639038,0.311414970050865,0.2666080767268861,1.325883980222831,1.3347324823036786,0.13606134802002715,1.0,1.0,1.4352234765682652,2.567856332291911,True
D3,24,134,TimesFM3,h1_6,1,ARIMA,8.671362161636353,4.402890920639038,0.6087731752960329,0.623662276582073,2.6055874878113854,2.6553135758133077,0.3689290623778941,1.0,1.0,4.316627293933643,7.63264999805686,True
D3,24,134,TimesFM3,h1_12,1,ARIMA,8.671362161636353,4.402890920639038,1.1450455529559391,1.1606680451537266,5.035600453140792,5.223357726017346,0.6853031627384939,1.0,1.0,8.013701759362283,13.867757232298842,True
D3,24,135,TimesFM3,h1,1,ARIMA,8.671362161636353,4.402890920639038,0.9711439525047457,0.8134492160808154,4.029136390852281,4.111974929995873,0.3166123783479043,1.0,1.0,1.9925725850179061,3.1342979332628,True
D3,24,135,TimesFM3,h1_6,1,ARIMA,8.671362161636353,4.402890920639038,2.792226655827917,2.532801380977218,11.929600854570433,12.84299688535516,0.9888144601238259,0.16666666666666666,0.6666666666666666,4.350394671977567,7.1474316310815285,True
D3,24,135,TimesFM3,h1_12,1,ARIMA,8.671362161636353,4.402890920639038,5.225993749361599,4.9804995890757295,24.611150132525008,29.79029935456457,1.984094741635584,0.08333333333333333,0.4166666666666667,7.103001445787916,11.774200632777408,True
D3,24,136,TimesFM3,h1,1,ARIMA,8.671362161636353,4.402890920639038,2.0322034528197683,1.6834758728710675,2.6702095884432837,2.6350291874327296,0.9023293868574769,0.0,0.0,1.0858511662012231,1.8343754772546845,True
D3,24,136,TimesFM3,h1_6,1,ARIMA,8.671362161636353,4.402890920639038,5.071635706662242,4.933933823718235,6.418208300109747,6.15120550165025,2.296767172688677,0.0,0.0,2.1251307218172144,3.5116923198804155,True
D3,24,136,TimesFM3,h1_12,1,ARIMA,8.671362161636353,4.402890920639038,8.980343875973105,8.442664364307308,10.863108949882898,10.171378069801907,4.182090031274729,0.0,0.0,2.595557264535089,4.32678416850886,True
D3,24,137,TimesFM3,h1,1,ARIMA,8.671362161636353,4.402890920639038,0.29350370355410854,0.2518650810212694,0.7183452511173097,0.7157743854639625,0.15910935852784105,1.0,1.0,1.8948572231761975,3.2787983309099777,True
D3,24,137,TimesFM3,h1_6,1,ARIMA,8.671362161636353,4.402890920639038,2.3414100332657153,2.2800500467919993,5.376159747499134,5.198665841746753,0.7987122296473383,0.5,1.0,4.342445844191155,7.239072648160028,True
D3,24,137,TimesFM3,h1_12,1,ARIMA,8.671362161636353,4.402890920639038,4.362493731496737,4.326510654444617,9.90021792120473,9.295470871643515,1.5695252604046432,0.25,0.6666666666666666,5.36948339356499,9.093033763821301,True
D3,24,138,TimesFM3,h1,1,ARIMA,8.671362161636353,4.402890920639038,1.9399760577076643,1.52649554973785,4.250142827350286,4.3424224045299775,0.671632079092674,0.0,1.0,2.879093543665583,4.770951023411898,True
D3,24,138,TimesFM3,h1_6,1,ARIMA,8.671362161636353,4.402890920639038,10.433051397423062,9.299855517691427,25.878848785352915,31.332007104765058,4.491860265548203,0.0,0.16666666666666666,5.725750068143286,9.19312479594457,True
D3,24,138,TimesFM3,h1_12,1,ARIMA,8.671362161636353,4.402890920639038,15.075437688633736,12.837245603887208,37.791996850574314,48.87282025109596,6.298492589557481,0.0,0.08333333333333333,8.510057152060243,13.75939308927749,True
D3,24,139,TimesFM3,h1,1,ARIMA,8.671362161636353,4.402890920639038,0.5542408661028294,0.46320538630811126,1.3175166486502352,1.3262534536779886,0.1889200162066181,1.0,1.0,1.7534527729226677,2.9122520332870203,True
D3,24,139,TimesFM3,h1_6,1,ARIMA,8.671362161636353,4.402890920639038,1.5601108650858102,1.6855312013283639,3.456593098013646,3.397895690818072,0.5779255537202095,0.6666666666666666,1.0,3.366967419338111,5.687561548363841,True
D3,24,139,TimesFM3,h1_12,1,ARIMA,8.671362161636353,4.402890920639038,3.8930804889665795,4.049391833174311,7.993257694018287,7.564307509804184,1.5534548654529878,0.4166666666666667,0.6666666666666666,4.787021889119429,8.316247064992083,True
D3,24,140,TimesFM3,h1,1,ARIMA,8.671362161636353,4.402890920639038,0.8821128811610665,0.6697849737101971,1.1776584620992243,1.1846339329775288,0.3364446483125123,0.0,0.0,1.2817037214561826,2.376906793175256,True
D3,24,140,TimesFM3,h1_6,1,ARIMA,8.671362161636353,4.402890920639038,2.3649777141456645,1.8934093821914637,3.0958401513542384,3.149980642648151,0.9309442613573748,0.0,0.16666666666666666,2.9068128524327053,5.169045078374038,True
D3,24,140,TimesFM3,h1_12,1,ARIMA,8.671362161636353,4.402890920639038,3.100401943431817,2.532267572325228,3.9275742855359557,4.018011119230292,1.1783186097116174,0.0,0.4166666666666667,4.114692639527628,7.241860490531901,True
D3,24,141,TimesFM3,h1,1,ARIMA,8.671362161636353,4.402890920639038,1.3519904467686195,0.9928471154296642,2.9265460976889,2.9700053860522306,0.5027703158040201,0.0,0.0,1.4022298068269172,2.1967240287677763,True
D3,24,141,TimesFM3,h1_6,1,ARIMA,8.671362161636353,4.402890920639038,2.4987434342643957,1.9543590946203109,5.457748382010258,5.633239464153114,0.9214583985906255,0.16666666666666666,0.3333333333333333,3.5620483817804525,5.703252694185145,True
D3,24,141,TimesFM3,h1_12,1,ARIMA,8.671362161636353,4.402890920639038,2.4343715642175012,2.1301614447146013,5.117765132973323,5.1119525209125305,0.944423638637281,0.5,0.6666666666666666,5.305768162090178,8.639925743205202,True
D3,24,142,TimesFM3,h1,1,ARIMA,8.671362161636353,4.402890920639038,0.98237478665524,0.705095406331376,2.5936470636946787,2.560442641006651,0.34133780074904435,0.0,1.0,1.8240982097950382,3.040738667731049,True
D3,24,142,TimesFM3,h1_6,1,ARIMA,8.671362161636353,4.402890920639038,1.8239094828613267,1.3849069766217594,4.929599395910238,4.797910502836985,0.683284070657039,0.16666666666666666,0.6666666666666666,2.880662984430979,4.754863552254522,True
D3,24,142,TimesFM3,h1_12,1,ARIMA,8.671362161636353,4.402890920639038,1.9760747569854267,1.530708716850697,5.803691991633589,5.841002225053282,0.7036359561075203,0.25,0.8333333333333334,3.2450638208585936,5.485571224581822,True
D3,24,143,TimesFM3,h1,1,ARIMA,8.671362161636353,4.402890920639038,1.5947981623540062,1.362509013907414,3.947090821273433,3.8707007835992306,0.6281359862069638,0.0,0.0,1.3405503491189932,2.2320723693026,True
D3,24,143,TimesFM3,h1_6,1,ARIMA,8.671362161636353,4.402890920639038,4.684347252405291,4.328847493598338,11.908468468970845,11.131446693559251,2.0227025832266046,0.0,0.0,2.506721289770429,3.9996548579789213,True
D3,24,143,TimesFM3,h1_12,1,ARIMA,8.671362161636353,4.402890920639038,4.058405651178102,3.7906019305929,10.947543702617308,10.69520221577805,1.7009798058423682,0.08333333333333333,0.08333333333333333,2.8650805244890156,4.603618376158251,True
D3,24,144,TimesFM3,h1,1,ARIMA,8.671362161636353,4.402890920639038,0.004164564581006333,0.003253209300666422,0.011495702646152607,0.011496363440030702,0.1036440007971351,1.0,1.0,1.4007036546773677,2.4424233093895054,True
D3,24,144,TimesFM3,h1_6,1,ARIMA,8.671362161636353,4.402890920639038,3.3282959959989924,2.9995997161584715,9.938317860774431,10.652251002946862,1.1817262513764009,0.16666666666666666,0.6666666666666666,4.94610639233559,8.115798788467023,True
D3,24,144,TimesFM3,h1_12,1,ARIMA,8.671362161636353,4.402890920639038,3.7086353456985193,3.3050005464184453,10.4103137896505,10.501249605595598,1.30569074991189,0.4166666666666667,0.8333333333333334,7.130225351885071,11.858629489804917,True
D3,24,145,TimesFM3,h1,1,ARIMA,8.671362161636353,4.402890920639038,0.09266608676182644,0.08153936277869867,0.21252483329746485,0.21229923899558126,0.0762178223232654,1.0,1.0,0.9829542944033006,1.644619218653725,True
D3,24,145,TimesFM3,h1_6,1,ARIMA,8.671362161636353,4.402890920639038,4.816561738575147,5.3386866372764334,11.080962024414601,10.192778441068473,2.242433314728992,0.16666666666666666,0.3333333333333333,1.3656128655020137,2.2947135334261106,True
D3,24,145,TimesFM3,h1_12,1,ARIMA,8.671362161636353,4.402890920639038,7.945738711302933,7.880581250419075,17.433616216737555,15.722044455723397,3.7729990947162335,0.08333333333333333,0.16666666666666666,1.4243444718492166,2.4716737654962975,True
D3,24,146,TimesFM3,h1,1,ARIMA,8.671362161636353,4.402890920639038,0.19066641807080503,0.15909115982161615,0.40834803975142625,0.40751599795676136,0.12114203454051244,1.0,1.0,1.4504897281123847,2.6650782820025793,True
D3,24,146,TimesFM3,h1_6,1,ARIMA,8.671362161636353,4.402890920639038,0.8424691630505962,0.8714342118628705,1.7144586297452067,1.6944989953488965,0.3943413886268539,1.0,1.0,4.245853816146549,7.35680384707907,True
D3,24,146,TimesFM3,h1_12,1,ARIMA,8.671362161636353,4.402890920639038,2.069955903674875,2.358398867914383,4.0527719951639725,4.1806567396137355,0.7988830711181775,0.75,1.0,5.9092140364684855,10.378414461593701,True
D3,24,147,TimesFM3,h1,1,ARIMA,8.671362161636353,4.402890920639038,1.1716415629495898,0.9873721882052431,2.50122490106137,2.470330638526681,0.4638492775621349,0.0,0.0,1.2572279551352823,2.087561770972696,True
D3,24,147,TimesFM3,h1_6,1,ARIMA,8.671362161636353,4.402890920639038,4.996968127560807,4.588192587657903,10.175802408668757,9.602125553758682,2.211021907039334,0.0,0.0,2.698349145135467,4.555250999772989,True
D3,24,147,TimesFM3,h1_12,1,ARIMA,8.671362161636353,4.402890920639038,3.08104945161153,3.3626274150664384,6.327501512953845,6.016660009596326,1.3883720735124003,0.4166666666666667,0.5,3.949542594164339,6.819286595663747,True
D3,24,148,TimesFM3,h1,1,ARIMA,8.671362161636353,4.402890920639038,0.10016351734752835,0.07711856644565494,0.15413424211533597,0.15425312055448892,0.11529791974317849,1.0,1.0,1.4768512659651092,2.569767871914513,True
D3,24,148,TimesFM3,h1_6,1,ARIMA,8.671362161636353,4.402890920639038,3.5887803034926176,3.4694002509728663,5.7147585963328105,5.988351826271379,1.5346499993965452,0.3333333333333333,0.3333333333333333,3.117822324132095,5.432019964736192,True
D3,24,148,TimesFM3,h1_12,1,ARIMA,8.671362161636353,4.402890920639038,5.730349753721586,5.005193475776334,9.241271586422506,9.83279800795906,2.4446320321195825,0.16666666666666666,0.16666666666666666,4.358956984172682,7.767764944929128,True
D3,24,149,TimesFM3,h1,1,ARIMA,8.671362161636353,4.402890920639038,0.9132813799649778,0.7582179738878336,1.992772353999481,1.9731125334594417,0.3336016077967083,0.0,0.0,1.1679026071714227,2.1102051417698626,True
D3,24,149,TimesFM3,h1_6,1,ARIMA,8.671362161636353,4.402890920639038,1.0256517890716115,0.9560717942649464,2.2823693822454527,2.2587977084339874,0.4656061213189759,0.5,0.6666666666666666,3.503441573000897,5.962837478839901,True
D3,24,149,TimesFM3,h1_12,1,ARIMA,8.671362161636353,4.402890920639038,3.4860673339653623,3.9060537419242873,7.531818645021768,7.0653193133102965,1.4300799838461644,0.3333333333333333,0.5,5.24010939256447,8.875057587368598,True
D3,24,150,TimesFM3,h1,1,ARIMA,8.671362161636353,4.402890920639038,0.5855443923912308,0.4356513466857315,0.9712664051010715,0.9665724085584195,0.19966688794577608,1.0,1.0,1.6062171240197214,2.5138033175605803,True
D3,24,150,TimesFM3,h1_6,1,ARIMA,8.671362161636353,4.402890920639038,5.9523515293669345,5.563850493379056,10.827902783612387,11.873066255085398,2.5708135736327953,0.3333333333333333,0.3333333333333333,3.5629140329350135,5.770487583052598,True
D3,24,150,TimesFM3,h1_12,1,ARIMA,8.671362161636353,4.402890920639038,11.22965870398631,9.547383502033226,21.50115780531555,25.12688511882289,5.003049734905258,0.16666666666666666,0.16666666666666666,4.966230682244624,8.358954773867891,True
D3,24,151,TimesFM3,h1,1,ARIMA,8.671362161636353,4.402890920639038,0.9513202220594149,0.7202267341668364,1.5219587063049687,1.510464384204451,0.2931589279520514,0.0,1.0,1.6328564055770542,2.7803634354735314,True
D3,24,151,TimesFM3,h1_6,1,ARIMA,8.671362161636353,4.402890920639038,1.831431194095383,1.8960382157461493,2.8068517030764952,2.8785598055527184,0.7166058023345732,0.8333333333333334,1.0,5.940823248849219,9.831608355314797,True
D3,24,151,TimesFM3,h1_12,1,ARIMA,8.671362161636353,4.402890920639038,4.312567979469367,3.9216794919826503,6.597967916419149,6.927302437209148,1.4726268181313777,0.8333333333333334,1.0,10.551242901522832,17.133244389891395,True
D3,24,152,TimesFM3,h1,1,ARIMA,8.671362161636353,4.402890920639038,0.9572359098523411,0.8008830876753129,1.8494131517396248,1.8666744127847241,0.32075605586303063,0.0,1.0,1.6346785057074844,2.5748128050153194,True
D3,24,152,TimesFM3,h1_6,1,ARIMA,8.671362161636353,4.402890920639038,2.0203487170774435,2.2087795474924086,3.8164132425927813,3.718329348041455,0.7261292898801994,0.6666666666666666,0.8333333333333334,4.076548293764487,6.576482111216018,True
D3,24,152,TimesFM3,h1_12,1,ARIMA,8.671362161636353,4.402890920639038,3.2673669452460508,3.345106024340604,6.0249024546106345,5.77893427534555,1.1964315719842722,0.5,0.6666666666666666,5.759754619745186,9.450512557099279,True
D3,24,153,TimesFM3,h1,1,ARIMA,8.671362161636353,4.402890920639038,0.20581242958065613,0.16970701302448907,0.350430264179524,0.35104534875103305,0.12395391132461234,1.0,1.0,1.540613265551384,2.570137495909511,True
D3,24,153,TimesFM3,h1_6,1,ARIMA,8.671362161636353,4.402890920639038,6.404285407093471,6.729445958698736,11.483600236323511,12.714577865307241,2.790742555413509,0.16666666666666666,0.3333333333333333,3.7811938627343267,6.305494306077593,True
D3,24,153,TimesFM3,h1_12,1,ARIMA,8.671362161636353,4.402890920639038,13.022974100120193,12.431381707386281,23.89356736638929,28.5646096442685,5.88386498725509,0.08333333333333333,0.16666666666666666,5.393238662080491,9.170472617131004,True
D3,24,154,TimesFM3,h1,1,ARIMA,8.671362161636353,4.402890920639038,1.8648332395751497,1.6077923802275114,3.674137686574958,3.742897286460782,0.7163172011229898,0.0,0.0,1.9261067046620868,3.0824455795114902,True
D3,24,154,TimesFM3,h1_6,1,ARIMA,8.671362161636353,4.402890920639038,1.7451465199418017,1.7322938580898957,3.399766474159856,3.406092057833187,0.6781398635364977,0.5,0.6666666666666666,4.087317871298459,6.537981610479508,True
D3,24,154,TimesFM3,h1_12,1,ARIMA,8.671362161636353,4.402890920639038,7.492982260967775,8.506602501668763,13.079665154711076,11.850150491473261,3.3055545104114503,0.25,0.3333333333333333,5.605487644102099,9.283435123896277,True
D3,24,155,TimesFM3,h1,1,ARIMA,8.671362161636353,4.402890920639038,0.3262334399224983,0.2571486368172492,0.5476186553350544,0.5491222031475659,0.12501244801539835,1.0,1.0,1.2241458695177883,2.12361197654041,True
D3,24,155,TimesFM3,h1_6,1,ARIMA,8.671362161636353,4.402890920639038,0.5312213487151539,0.5207068022248807,0.8889600793386706,0.8856762390742823,0.32410702852355733,1.0,1.0,3.6939992328660822,6.438629233117182,True
D3,24,155,TimesFM3,h1_12,1,ARIMA,8.671362161636353,4.402890920639038,4.5477447380033915,5.102249150734871,7.13570348796196,6.6665786720601155,1.7336532271683713,0.5833333333333334,0.6666666666666666,6.223357055232487,10.986871099122759,True
D3,24,156,TimesFM3,h1,1,ARIMA,8.671362161636353,4.402890920639038,0.7247213848861451,0.6099842398231128,1.3062999346413373,1.3148881260066532,0.24432402400260042,1.0,1.0,1.6756448448714782,2.767912577666208,True
D3,24,156,TimesFM3,h1_6,1,ARIMA,8.671362161636353,4.402890920639038,3.832229586042282,3.9892149995143966,7.124820222903787,7.5456907330822105,1.5163158230590081,0.3333333333333333,0.5,3.5816694526792983,5.723220855738631,True
D3,24,156,TimesFM3,h1_12,1,ARIMA,8.671362161636353,4.402890920639038,4.992219811281999,4.798382608562868,9.0798560723092,9.663444876635618,1.9418044221034596,0.25,0.4166666666666667,4.9082623767471905,7.870936282081334,True
D3,24,157,TimesFM3,h1,1,ARIMA,8.671362161636353,4.402890920639038,0.9222289866019499,0.7601019767227759,3.710333573809917,3.6427544039787847,0.3072621236462509,0.0,1.0,1.4513663268512518,2.43510346382921,True
D3,24,157,TimesFM3,h1_6,1,ARIMA,8.671362161636353,4.402890920639038,1.7602054465101886,1.6829404769430305,7.464342237199165,7.127318309336621,0.6729980179460049,0.3333333333333333,0.6666666666666666,3.1184893707180774,4.989166410086555,True
D3,24,157,TimesFM3,h1_12,1,ARIMA,8.671362161636353,4.402890920639038,1.543440336645009,1.483529356483313,7.12866297872725,6.981440906497342,0.5877335668027655,0.5833333333333334,0.8333333333333334,3.4986466019670037,5.600919866388976,True
D3,24,158,TimesFM3,h1,1,ARIMA,8.671362161636353,4.402890920639038,2.8099412766042238,2.268211093410456,6.335804096358924,6.141255148718737,1.3041932185931304,0.0,0.0,0.8585199469702035,1.416025877500541,True
D3,24,158,TimesFM3,h1_6,1,ARIMA,8.671362161636353,4.402890920639038,2.487622622379559,2.3791434065964667,5.636696142628716,5.424877697900232,1.1270281659523624,0.3333333333333333,0.3333333333333333,2.8418076932352703,4.901475509727164,True
D3,24,158,TimesFM3,h1_12,1,ARIMA,8.671362161636353,4.402890920639038,3.310670389978249,3.466653744317394,7.517869751464828,7.08317928862482,1.35282549105189,0.5,0.5833333333333334,5.942070202139591,10.16532722394019,True
D3,24,159,TimesFM3,h1,1,ARIMA,8.671362161636353,4.402890920639038,0.1911492147145593,0.16138925849802524,0.4627822844752435,0.4617139193633585,0.1285825032322153,1.0,1.0,1.6600392892668117,2.6386046136985155,True
D3,24,159,TimesFM3,h1_6,1,ARIMA,8.671362161636353,4.402890920639038,1.2035610854266345,1.3985765280084645,3.042477159926762,3.1349024698489205,0.46456757866886017,0.8333333333333334,1.0,3.5002449021403974,5.865966159428915,True
D3,24,159,TimesFM3,h1_12,1,ARIMA,8.671362161636353,4.402890920639038,5.222294592072702,5.7535312819428786,14.324942714187324,16.41323258455331,2.1070190090078253,0.4166666666666667,0.5,5.195080897882278,8.859436670454103,True
D3,24,160,TimesFM3,h1,1,ARIMA,8.671362161636353,4.402890920639038,0.7480825447974198,0.5546145958137783,0.8680713986083,0.8643199415059594,0.2668243743428248,1.0,1.0,2.4745555659610177,4.02921319661745,True
D3,24,160,TimesFM3,h1_6,1,ARIMA,8.671362161636353,4.402890920639038,3.8806256280216664,3.31717683313039,4.497945180230659,4.367959601413853,1.3981310945893977,0.16666666666666666,0.6666666666666666,4.534880091596459,7.638393950354599,True
D3,24,160,TimesFM3,h1_12,1,ARIMA,8.671362161636353,4.402890920639038,3.1734830113824266,2.868628437759708,3.754477418489551,3.66536520561844,1.2371192510108446,0.5,0.8333333333333334,6.5399492722160515,11.379594870861604,True
D3,24,161,TimesFM3,h1,1,ARIMA,8.671362161636353,4.402890920639038,0.5831813889331345,0.4353619329993806,1.2453487363238491,1.2531517913225767,0.19751197635088139,1.0,1.0,1.4288856618463865,2.333719704722649,True
D3,24,161,TimesFM3,h1_6,1,ARIMA,8.671362161636353,4.402890920639038,3.6533780446031883,3.312402096959531,7.2113840323475,6.853838429667845,1.4339733702914599,0.3333333333333333,0.3333333333333333,3.9888135405675778,6.690766768740309,True
D3,24,161,TimesFM3,h1_12,1,ARIMA,8.671362161636353,4.402890920639038,4.205414958810585,3.5421295515279367,8.262649123137193,7.8566649710634815,1.5166012444125425,0.3333333333333333,0.6666666666666666,6.015915873647414,10.213220364447936,True
D3,24,162,TimesFM3,h1,1,ARIMA,8.671362161636353,4.402890920639038,1.383748072848634,1.1394997805511742,2.5535534337739296,2.5213612800022576,0.4782930241665262,0.0,1.0,1.8265581189010454,3.363146318265611,True
D3,24,162,TimesFM3,h1_6,1,ARIMA,8.671362161636353,4.402890920639038,1.7960646619203315,1.604043696371029,3.2175264409537663,3.157953774336931,0.7317840258053855,0.6666666666666666,1.0,5.795579395220055,9.536195919560454,True
D3,24,162,TimesFM3,h1_12,1,ARIMA,8.671362161636353,4.402890920639038,1.0135969763102866,1.146678489018513,1.8045880017580267,1.7742020221764414,0.7907010301317611,0.8333333333333334,1.0,8.621999110533448,14.192345400613783,True
D3,24,163,TimesFM3,h1,1,ARIMA,8.671362161636353,4.402890920639038,2.3960711397391115,1.9956129461409957,4.194762664316423,4.108589867422166,0.8938519085855954,0.0,0.0,2.3222978401224945,3.860006197824007,True
D3,24,163,TimesFM3,h1_6,1,ARIMA,8.671362161636353,4.402890920639038,3.9444566270087087,3.347300354431645,6.744542939185558,6.517172352673993,1.3777001592037386,0.0,0.5,5.00393978310281,8.334280577926775,True
D3,24,163,TimesFM3,h1_12,1,ARIMA,8.671362161636353,4.402890920639038,3.972993237965691,3.4675296203773405,6.736601974575394,6.497844261419922,1.3961604216040637,0.3333333333333333,0.75,7.224803045333912,12.293231297360329,True
D3,24,164,TimesFM3,h1,1,ARIMA,8.671362161636353,4.402890920639038,1.882796001469015,1.4235805580357608,3.081291513879232,3.0345400020943303,0.7433516891271941,0.0,0.0,1.7608230240348433,2.9379699549227016,True
D3,24,164,TimesFM3,h1_6,1,ARIMA,8.671362161636353,4.402890920639038,2.695221296404028,2.200481397451217,4.402335092392107,4.292865100167722,1.067682545228279,0.16666666666666666,0.3333333333333333,3.310912579580584,5.647112981368066,True
D3,24,164,TimesFM3,h1_12,1,ARIMA,8.671362161636353,4.402890920639038,3.0838450045163666,2.504212162086162,5.2281255100615756,5.280447888660297,1.1454693089019008,0.16666666666666666,0.5833333333333334,4.224661734683702,7.328892898041629,True
D3,24,165,TimesFM3,h1,1,ARIMA,8.671362161636353,4.402890920639038,0.5818160483891126,0.5174628441723924,1.0020404197663073,1.0070861247823961,0.23906633079586753,1.0,1.0,2.4808427859727384,4.115543274261021,True
D3,24,165,TimesFM3,h1_6,1,ARIMA,8.671362161636353,4.402890920639038,0.9658524424249478,0.9576134203895492,1.6381067112453271,1.654958282244082,0.4970426059875325,1.0,1.0,5.609547892650473,9.051845096636569,True
D3,24,165,TimesFM3,h1_12,1,ARIMA,8.671362161636353,4.402890920639038,0.7558090795562334,0.7936900089125428,1.2501852181356026,1.2604350805792288,0.6714154862164128,1.0,1.0,8.35637363847094,13.618955916435718,True
D3,24,166,TimesFM3,h1,1,ARIMA,8.671362161636353,4.402890920639038,0.07004009516085588,0.05866182527535523,0.1972172739726772,0.19702299228543485,0.1299440773879218,1.0,1.0,1.7059246402709507,2.914482406363436,True
D3,24,166,TimesFM3,h1_6,1,ARIMA,8.671362161636353,4.402890920639038,0.26287669786036116,0.29885457248665465,0.7856191822532617,0.7879928541991901,0.32120665859152736,1.0,1.0,4.207782422723659,6.9333245385863815,True
D3,24,166,TimesFM3,h1_12,1,ARIMA,8.671362161636353,4.402890920639038,0.5191042760490868,0.5311446475510229,1.5954412904257582,1.5925151529656685,0.4115648251217442,1.0,1.0,5.1792586398667,8.628023356741737,True
D3,24,167,TimesFM3,h1,1,ARIMA,8.671362161636353,4.402890920639038,0.7587673052386545,0.5612952342862269,1.0862249322120001,1.0803573766210754,0.2575385284643086,1.0,1.0,1.9465653082351377,3.204776961037715,True
D3,24,167,TimesFM3,h1_6,1,ARIMA,8.671362161636353,4.402890920639038,2.7532071693935425,2.326964028686066,3.912276633495479,3.8154236912634913,1.0552610456183014,0.3333333333333333,0.5,3.042844132921714,4.975173872366593,True
D3,24,167,TimesFM3,h1_12,1,ARIMA,8.671362161636353,4.402890920639038,3.9972331383935984,3.4999431230021343,5.583235857642679,5.376647509124345,1.6365891525651983,0.25,0.4166666666666667,3.641952339944067,5.998330071587733,True
D3,24,168,TimesFM3,h1,1,ARIMA,8.671362161636353,4.402890920639038,0.17803041204389303,0.15440566691676313,1.4245367515429315,1.4144619861284298,0.09276257534158229,1.0,1.0,1.071983885598933,1.9300806375582007,True
D3,24,168,TimesFM3,h1_6,1,ARIMA,8.671362161636353,4.402890920639038,4.806795432454687,4.989668339612984,40.57912635433194,31.524060826220072,2.0774117966986587,0.16666666666666666,0.16666666666666666,2.4943780310251302,4.321239967648044,True
D3,24,168,TimesFM3,h1_12,1,ARIMA,8.671362161636353,4.402890920639038,7.183464808493863,6.880949464195159,78.19205508190895,52.034928696193084,3.07877228620129,0.08333333333333333,0.08333333333333333,3.6501358518101843,6.22708455708809,True
D3,24,169,TimesFM3,h1,1,ARIMA,8.671362161636353,4.402890920639038,1.79254832022222,1.3286106772574406,4.562185908882994,4.668682905710368,0.7384458484875724,0.0,0.0,1.1126054387351607,1.8338903478418944,True
D3,24,169,TimesFM3,h1_6,1,ARIMA,8.671362161636353,4.402890920639038,3.6942096652102436,2.959005347541669,9.495883897401978,10.062714578823023,1.4462114648985023,0.16666666666666666,0.3333333333333333,4.085256035037919,6.415285913532918,True
D3,24,169,TimesFM3,h1_12,1,ARIMA,8.671362161636353,4.402890920639038,2.5811724336666373,2.28493876812916,6.494387473291109,6.735930052887958,1.1021316539680317,0.5833333333333334,0.6666666666666666,6.254010545639423,9.915289152595303,True
D3,24,170,TimesFM3,h1,1,ARIMA,8.671362161636353,4.402890920639038,0.3016463902917868,0.24679561606615313,0.6762599664861005,0.678554362237429,0.14485745359342794,1.0,1.0,1.623869242473043,2.7455133906216767,True
D3,24,170,TimesFM3,h1_6,1,ARIMA,8.671362161636353,4.402890920639038,1.6731516310542904,1.7040341330187632,3.867156561060624,3.9886845619384124,0.5943839664188966,0.8333333333333334,1.0,4.255740778091332,6.851099163018464,True
D3,24,170,TimesFM3,h1_12,1,ARIMA,8.671362161636353,4.402890920639038,2.713229398227902,2.5778098894702395,6.228550288182975,6.506739908628588,0.9382810912050562,0.75,0.9166666666666666,5.401362775322754,8.782014344202112,True
D3,24,171,TimesFM3,h1,1,ARIMA,8.671362161636353,4.402890920639038,0.4596322816607135,0.404252787408267,1.5255978535103096,1.5373245486682947,0.16377794476317425,0.0,1.0,0.897318072439303,1.5771505575888016,True
D3,24,171,TimesFM3,h1_6,1,ARIMA,8.671362161636353,4.402890920639038,3.499652788272471,3.467418446544394,12.751528656358913,13.90392944935325,1.390955776738808,0.0,0.16666666666666666,3.3126061991661433,5.680077674014513,True
D3,24,171,TimesFM3,h1_12,1,ARIMA,8.671362161636353,4.402890920639038,5.796125998038789,5.64468537363132,22.039435992315468,25.623695568936526,2.18264336083116,0.0,0.08333333333333333,6.177067178025347,10.283380541661543,True
D3,24,172,TimesFM3,h1,1,ARIMA,8.671362161636353,4.402890920639038,1.218709850215672,1.0006200471967264,2.3186089662209444,2.345803976890014,0.45147024524509666,0.0,0.0,1.058466465107461,1.8247975226481634,True
D3,24,172,TimesFM3,h1_6,1,ARIMA,8.671362161636353,4.402890920639038,2.5528562217688124,2.28761266555528,4.952867123598959,5.104867747970298,0.9781956926578564,0.16666666666666666,0.16666666666666666,2.6216199989814704,4.551146208083024,True
D3,24,172,TimesFM3,h1_12,1,ARIMA,8.671362161636353,4.402890920639038,2.4828726914616257,2.1892448568492173,4.691672681875814,4.714770282860789,0.9131902246671315,0.3333333333333333,0.5833333333333334,3.894153021996834,6.841350487950566,True
D3,24,173,TimesFM3,h1,1,ARIMA,8.671362161636353,4.402890920639038,0.0616898742539802,0.050391353252682375,0.10937732365137534,0.10931753935196296,0.05979899369410157,1.0,1.0,0.7487233715389789,1.375474108139145,True
D3,24,173,TimesFM3,h1_6,1,ARIMA,8.671362161636353,4.402890920639038,2.1224624160619614,2.093811310939361,3.6628017438561873,3.76251413149222,0.8840178606494725,0.16666666666666666,0.3333333333333333,1.8263697495574112,3.1131780328623613,True
D3,24,173,TimesFM3,h1_12,1,ARIMA,8.671362161636353,4.402890920639038,6.625471664459011,6.890069769782731,11.201171501407199,12.336347776706543,3.0715108043199617,0.08333333333333333,0.16666666666666666,2.20293307512121,3.802144763769757,True
D3,24,174,TimesFM3,h1,1,ARIMA,8.671362161636353,4.402890920639038,1.0491235864491897,0.8774214202414703,2.010754272436878,2.0311752439359387,0.3510526565675905,0.0,1.0,2.018892216041808,3.2209041514617858,True
D3,24,174,TimesFM3,h1_6,1,ARIMA,8.671362161636353,4.402890920639038,1.7751710294603416,1.5874015432072153,3.412620070139918,3.48093789173741,0.6166591067703908,0.6666666666666666,0.8333333333333334,4.187794345773746,6.713679603614325,True
D3,24,174,TimesFM3,h1_12,1,ARIMA,8.671362161636353,4.402890920639038,1.7909645248681116,1.886768017364032,3.481077637915412,3.582944329685339,0.7474461138449064,0.75,0.9166666666666666,6.306647398223649,10.368515485286956,True
D3,24,175,TimesFM3,h1,1,ARIMA,8.671362161636353,4.402890920639038,2.6169051414787914,2.102921682605397,4.741632236305538,4.856777500100743,1.202322890102156,0.0,0.0,0.47583920870865265,0.8514543511871131,True
D3,24,175,TimesFM3,h1_6,1,ARIMA,8.671362161636353,4.402890920639038,5.211602692979878,4.295135241375815,9.414950641256453,9.905999961230133,2.2094190558029645,0.0,0.0,2.0231542906406412,3.5006778903782987,True
D3,24,175,TimesFM3,h1_12,1,ARIMA,8.671362161636353,4.402890920639038,4.6223680792279405,3.8449934629416673,8.167451714893916,8.546144864267607,1.7469788669930706,0.25,0.4166666666666667,4.120287249380121,6.84314277917775,True
D3,24,176,TimesFM3,h1,1,ARIMA,8.671362161636353,4.402890920639038,0.49170780031967093,0.39575670538363344,0.7802553874065098,0.7772232243663633,0.18290907750682367,1.0,1.0,1.7704045278755476,2.8804814805156305,True
D3,24,176,TimesFM3,h1_6,1,ARIMA,8.671362161636353,4.402890920639038,0.7768146773212737,0.8109754238797644,1.2423017726459678,1.2544825216959379,0.37686787846699843,1.0,1.0,4.025725936898638,6.646520200783577,True
D3,24,176,TimesFM3,h1_12,1,ARIMA,8.671362161636353,4.402890920639038,1.519583752001566,1.4843400107377511,2.458175857864747,2.5019462115553908,0.6282871059024311,1.0,1.0,5.993516580455169,10.113716235915732,True
D3,24,177,TimesFM3,h1,1,ARIMA,8.671362161636353,4.402890920639038,1.438352198637547,1.1652101097591203,3.0332461029095232,3.0799574475338187,0.5209268861691176,0.0,0.0,1.6151617189177179,2.660305781163391,True
D3,24,177,TimesFM3,h1_6,1,ARIMA,8.671362161636353,4.402890920639038,2.159225982009224,1.9726781548175092,4.571034476163119,4.708248464029582,0.841897672875144,0.3333333333333333,0.6666666666666666,3.995090820235748,6.498136382637163,True
D3,24,177,TimesFM3,h1_12,1,ARIMA,8.671362161636353,4.402890920639038,5.303527225088933,5.594836270893051,9.996711295958267,9.409502978580715,2.1560582317030037,0.25,0.5,5.828021586774719,9.589122504471879,True
D3,24,178,TimesFM3,h1,1,ARIMA,8.671362161636353,4.402890920639038,0.5368456838687515,0.44002881245364267,0.9597027481898749,0.9643300994227663,0.18571860741260782,1.0,1.0,1.5490956492538768,2.565965634794491,True
D3,24,178,TimesFM3,h1_6,1,ARIMA,8.671362161636353,4.402890920639038,6.864244291656466,6.883644564785189,12.69171566097674,14.078592042211667,3.0543839714872822,0.16666666666666666,0.16666666666666666,3.337687085257142,5.623523255805156,True
D3,24,178,TimesFM3,h1_12,1,ARIMA,8.671362161636353,4.402890920639038,13.416274154518488,12.576830433696218,25.249966499153775,30.39832058852996,6.214692686227565,0.08333333333333333,0.08333333333333333,4.446416758295682,7.5899331515024056,True
D3,24,179,TimesFM3,h1,1,ARIMA,8.671362161636353,4.402890920639038,1.754103140863546,1.548213052703182,8.054846652613376,7.743003138073927,0.7099165824491938,0.0,0.0,1.223104934553708,2.042385458178438,True
D3,24,179,TimesFM3,h1_6,1,ARIMA,8.671362161636353,4.402890920639038,5.408203461870074,5.039591190705481,25.109137661863684,22.023124478895042,2.413630288506424,0.0,0.0,2.148965533039494,3.4877972685447447,True
D3,24,179,TimesFM3,h1_12,1,ARIMA,8.671362161636353,4.402890920639038,8.293754740699354,7.866163329843173,40.41768509854864,32.73601034453147,3.80639884590654,0.0,0.0,2.5357897779220644,4.1369216372309765,True
D3,24,180,TimesFM3,h1,1,ARIMA,8.671362161636353,4.402890920639038,0.46231730052774045,0.343810959572656,0.7262971889138143,0.7236691944058121,0.17172778337196953,1.0,1.0,1.635743987783308,2.8309269157231505,True
D3,24,180,TimesFM3,h1_6,1,ARIMA,8.671362161636353,4.402890920639038,3.8000553642640367,3.156126548314364,5.726833011778319,5.531148160238214,1.4563791097163699,0.16666666666666666,0.3333333333333333,3.538829392789645,5.781346656721738,True
D3,24,180,TimesFM3,h1_12,1,ARIMA,8.671362161636353,4.402890920639038,3.3199108870339176,2.8648724732965554,4.962095197173599,4.804530333156945,1.2625539136845976,0.3333333333333333,0.5,4.401467946396401,7.124910679269682,True
D3,24,181,TimesFM3,h1,1,ARIMA,8.671362161636353,4.402890920639038,0.5030609706896898,0.43570141568976484,1.0130350223406264,1.007929682001008,0.17590159754936577,1.0,1.0,1.5842254426260516,2.534880501235932,True
D3,24,181,TimesFM3,h1_6,1,ARIMA,8.671362161636353,4.402890920639038,0.8397967468257718,0.9248821685267391,1.8077012209285952,1.8333931518395412,0.3495782701546604,1.0,1.0,3.0957059412820587,5.2635243636042235,True
D3,24,181,TimesFM3,h1_12,1,ARIMA,8.671362161636353,4.402890920639038,0.8947983992098075,0.8898394765746508,1.9363172017128143,1.959773699871085,0.39901668609657664,1.0,1.0,3.999610520431976,7.065031285242839,True
D3,24,182,TimesFM3,h1,1,ARIMA,8.671362161636353,4.402890920639038,1.8186862693491155,1.4719903103256853,2.75795485021954,2.7965182049549537,0.7095940537436939,0.0,0.0,1.7434695716313606,2.6421812897263557,True
D3,24,182,TimesFM3,h1_6,1,ARIMA,8.671362161636353,4.402890920639038,1.9307109681694665,1.7130394792539312,2.859313216344202,2.9092321422195986,0.8293760521901401,0.5,0.8333333333333334,6.22159210390856,9.90291886478414,True
D3,24,182,TimesFM3,h1_12,1,ARIMA,8.671362161636353,4.402890920639038,4.3242510737495845,4.188177590258341,5.923212231002795,5.7405388870629865,1.5576021888170184,0.75,0.9166666666666666,12.076579371327917,19.236554716130563,True
D3,24,183,TimesFM3,h1,1,ARIMA,8.671362161636353,4.402890920639038,2.5469685172528505,1.7605777880023818,4.016738565988706,3.9376558945328903,1.0560542070886976,0.0,0.0,1.4770562669032916,2.4921611760828077,True
D3,24,183,TimesFM3,h1_6,1,ARIMA,8.671362161636353,4.402890920639038,4.243491462735479,2.9918921894959705,6.623853295504283,6.403744874792566,1.60828175023524,0.0,0.3333333333333333,3.693860353440412,6.330175537774624,True
D3,24,183,TimesFM3,h1_12,1,ARIMA,8.671362161636353,4.402890920639038,4.024887351875515,2.8232994347067386,6.259417702882218,6.064265709877508,1.429822615804999,0.4166666666666667,0.6666666666666666,5.879357271413955,9.993726937635541,True
D3,24,184,TimesFM3,h1,1,ARIMA,8.671362161636353,4.402890920639038,0.754408251487276,0.6080274647659938,1.3696231469464009,1.3603076030459065,0.25218914554179417,1.0,1.0,1.8962091517710997,3.296820545686639,True
D3,24,184,TimesFM3,h1_6,1,ARIMA,8.671362161636353,4.402890920639038,1.0682430414165884,0.9263772466233442,1.925565774266203,1.9171792673921852,0.424568329412305,0.8333333333333334,1.0,3.8079072037542843,6.536875249014765,True
D3,24,184,TimesFM3,h1_12,1,ARIMA,8.671362161636353,4.402890920639038,4.467384351406286,4.8378007868680015,8.751270224306417,9.528744041696331,1.831649773222556,0.4166666666666667,0.5833333333333334,5.023509131203707,8.753669283131917,True
D3,24,185,TimesFM3,h1,1,ARIMA,8.671362161636353,4.402890920639038,1.2141230772391343,1.0047505701927983,2.0922323719212677,2.1143509393255635,0.4179736394841484,0.0,1.0,2.207407759688741,3.5374095235911085,True
D3,24,185,TimesFM3,h1_6,1,ARIMA,8.671362161636353,4.402890920639038,0.8127644193277327,0.7409140275410563,1.3752228899042909,1.3775498538129065,0.40253339559081264,0.8333333333333334,1.0,4.186076947160865,6.624287937086004,True
D3,24,185,TimesFM3,h1_12,1,ARIMA,8.671362161636353,4.402890920639038,1.3930796586906222,1.3818422828604098,2.348327226133255,2.3763873821158876,0.5831553227039324,0.9166666666666666,1.0,5.439898933607589,8.797919631412071,True
D3,24,186,TimesFM3,h1,1,ARIMA,8.671362161636353,4.402890920639038,0.7939442399904802,0.6756981105449016,3.693709703882785,3.763210744098956,0.28455806174058296,0.0,1.0,1.0040591365896818,1.8784921737436209,True
D3,24,186,TimesFM3,h1_6,1,ARIMA,8.671362161636353,4.402890920639038,2.410806014733479,2.207969292700487,12.571682582829688,13.606233358210194,0.8449197982459838,0.0,1.0,2.805929704143334,4.839569368308117,True
D3,24,186,TimesFM3,h1_12,1,ARIMA,8.671362161636353,4.402890920639038,2.4344937890207317,2.2000593537966506,13.789751110930446,14.97045867406222,0.8604539027950119,0.4166666666666667,1.0,4.548193201906513,7.714262075091559,True
D3,24,187,TimesFM3,h1,1,ARIMA,8.671362161636353,4.402890920639038,0.8555770609277887,0.7453138692345175,1.892105725319499,1.9101770096006947,0.28829914401533935,0.0,1.0,1.1140551190921895,2.03087329492181,True
D3,24,187,TimesFM3,h1_6,1,ARIMA,8.671362161636353,4.402890920639038,1.2014493956239185,1.2051471053623874,2.643719225473049,2.6198213022819212,0.4778608928544707,0.6666666666666666,1.0,4.157350193629122,7.1783486379858035,True
D3,24,187,TimesFM3,h1_12,1,ARIMA,8.671362161636353,4.402890920639038,1.373984463100791,1.333316234813674,3.0090509675401416,2.999567988894833,0.6529092660909717,0.8333333333333334,1.0,6.776914364969361,12.022122662885927,True
D3,24,188,TimesFM3,h1,1,ARIMA,8.671362161636353,4.402890920639038,1.5719378639491726,1.2828863950522504,5.5269492158409355,5.378320689260684,0.5514355129640542,0.0,1.0,2.0631693188938067,3.4894374597013096,True
D3,24,188,TimesFM3,h1_6,1,ARIMA,8.671362161636353,4.402890920639038,1.7433488925048752,1.7417379856679516,7.233698036740438,7.6179127497516,0.6728434543682564,0.6666666666666666,1.0,4.507520502776901,7.63094672864707,True
D3,24,188,TimesFM3,h1_12,1,ARIMA,8.671362161636353,4.402890920639038,2.878911285269458,2.746580501639396,14.408713449060937,16.064834640887163,1.10656318084752,0.5,0.8333333333333334,6.8804832167494645,11.962408781570472,True
D3,24,189,TimesFM3,h1,1,ARIMA,8.671362161636353,4.402890920639038,0.11175389731882865,0.08493083099129076,0.5874754426869035,0.5857548597093348,0.053569437364853,1.0,1.0,0.6014305921358362,1.0081579758404575,True
D3,24,189,TimesFM3,h1_6,1,ARIMA,8.671362161636353,4.402890920639038,1.8710782661599021,1.6351601430290423,10.230766011237163,9.57915555291247,0.7584227234204516,0.16666666666666666,0.3333333333333333,2.12655829887878,3.647207899774626,True
D3,24,189,TimesFM3,h1_12,1,ARIMA,8.671362161636353,4.402890920639038,4.228348721999022,3.7624279876604465,25.014895476637435,21.29705567046037,1.7578657946386256,0.08333333333333333,0.16666666666666666,4.087353490377411,7.018997440836463,True
D3,24,190,TimesFM3,h1,1,ARIMA,8.671362161636353,4.402890920639038,1.4248426499501796,1.1381662230248568,3.37918782561525,3.323041911754205,0.46367033358524556,0.0,1.0,2.050774277062967,3.81641243629882,True
D3,24,190,TimesFM3,h1_6,1,ARIMA,8.671362161636353,4.402890920639038,1.9931825693322789,1.696227516391586,4.703064507531049,4.581391863749234,0.74164609953962,0.8333333333333334,1.0,5.764160654822607,9.784985910041923,True
D3,24,190,TimesFM3,h1_12,1,ARIMA,8.671362161636353,4.402890920639038,2.035424256509375,1.8656906277239356,4.753266521716087,4.610819919413734,0.9446710823515243,0.9166666666666666,1.0,9.43929547508526,15.778038614375312,True
D3,24,191,TimesFM3,h1,1,ARIMA,8.671362161636353,4.402890920639038,1.3279214920192692,1.0923683391291716,2.4397279067782875,2.410325218281029,0.49699508008307813,0.0,0.0,1.5706354618187925,2.5776866423011597,True
D3,24,191,TimesFM3,h1_6,1,ARIMA,8.671362161636353,4.402890920639038,3.0382511338784433,2.9538949665547314,5.436172082020551,5.243046674202722,1.0496634494753008,0.16666666666666666,0.6666666666666666,4.949354630082046,7.5796792922673095,True
D3,24,191,TimesFM3,h1_12,1,ARIMA,8.671362161636353,4.402890920639038,4.612572413075104,4.257257004418614,8.03870941579268,7.658732111521049,1.5652479809139415,0.25,0.8333333333333334,7.855559820246215,12.029100663381096,True
D3,24,192,TimesFM3,h1,1,ARIMA,8.671362161636353,4.402890920639038,0.18446483793128565,0.1551746505660572,0.6457219943915293,0.6436439192155601,0.12158768677625181,1.0,1.0,1.4925597080033501,2.3953005492883,True
D3,24,192,TimesFM3,h1_6,1,ARIMA,8.671362161636353,4.402890920639038,0.7819399225791737,0.7182858906304357,2.720578907097662,2.677314866698277,0.3112932259713848,0.8333333333333334,1.0,2.9562557403811254,4.646420892550597,True
D3,24,192,TimesFM3,h1_12,1,ARIMA,8.671362161636353,4.402890920639038,1.771170569933285,2.0779427835638473,6.398887664084797,6.025328227692218,0.725832037900728,0.6666666666666666,0.75,3.3754540623218587,5.330585520195826,True
D3,24,193,TimesFM3,h1,1,ARIMA,8.671362161636353,4.402890920639038,0.9654602122725634,0.8005871932306257,4.28444633615845,4.194588881336779,0.32709215816237763,0.0,1.0,1.32497918731338,2.3108935099921117,True
D3,24,193,TimesFM3,h1_6,1,ARIMA,8.671362161636353,4.402890920639038,0.9073549073765738,0.8516999213519131,4.471221064952525,4.406708325434567,0.36081480435970786,0.6666666666666666,1.0,2.609864589669151,4.535488319450151,True
D3,24,193,TimesFM3,h1_12,1,ARIMA,8.671362161636353,4.402890920639038,3.389454180699249,3.6386239332445878,20.051532397141038,17.10639043290723,1.256824889651687,0.4166666666666667,0.5833333333333334,3.998690793187196,6.893091419421186,True
D3,24,194,TimesFM3,h1,1,ARIMA,8.671362161636353,4.402890920639038,0.4687967185482162,0.4064598020402603,0.7920718722125327,0.7952212340710018,0.1666023022584631,1.0,1.0,1.404197706993816,2.2897327694992233,True
D3,24,194,TimesFM3,h1_6,1,ARIMA,8.671362161636353,4.402890920639038,0.7860589236248808,0.7965338642514309,1.2580133426426992,1.2634691420590682,0.32283670209396204,1.0,1.0,3.1916316237950255,5.086507905607092,True
D3,24,194,TimesFM3,h1_12,1,ARIMA,8.671362161636353,4.402890920639038,1.401838848167346,1.5002108779510082,2.126869099545034,2.107959305912431,0.5273839660129065,0.8333333333333334,1.0,4.0037182100923,6.470695438625236,True
D3,24,195,TimesFM3,h1,1,ARIMA,8.671362161636353,4.402890920639038,0.010704866702385804,0.009206539208991745,0.02118953896147688,0.021191784182159834,0.11715285440980747,1.0,1.0,1.5783265366913775,2.6995119218803905,True
D3,24,195,TimesFM3,h1_6,1,ARIMA,8.671362161636353,4.402890920639038,0.9100882226037963,0.9240452932908938,1.8301737250889536,1.853862582362045,0.42876028123070786,1.0,1.0,4.339071116597875,7.191745564851301,True
D3,24,195,TimesFM3,h1_12,1,ARIMA,8.671362161636353,4.402890920639038,1.4165696843856057,1.3781081246747933,2.80836590242226,2.7824747784082384,0.6328408461956095,1.0,1.0,6.543129947941349,11.10527200125937,True
D3,24,196,TimesFM3,h1,1,ARIMA,8.671362161636353,4.402890920639038,1.7749015209136316,1.4950671393781565,3.2861761143587085,3.341072883895655,0.6543727433780757,0.0,0.0,1.9405104389247614,3.0119889259354613,True
D3,24,196,TimesFM3,h1_6,1,ARIMA,8.671362161636353,4.402890920639038,6.690948520851183,5.999740656117996,13.112015107396365,14.176907377743477,2.8796260645425664,0.0,0.0,3.8019623395933224,6.125823671712367,True
D3,24,196,TimesFM3,h1_12,1,ARIMA,8.671362161636353,4.402890920639038,7.726212030561532,6.750548397344708,15.268001118019416,16.64643993936604,3.2081830953809987,0.0,0.0,5.317168397566273,8.80019875377254,True
D3,24,197,TimesFM3,h1,1,ARIMA,8.671362161636353,4.402890920639038,0.11747558454100619,0.09633830867347672,0.19460152859895138,0.19479106179086098,0.13281931588288315,1.0,1.0,1.6797341007813065,2.7931964979926334,True
D3,24,197,TimesFM3,h1_6,1,ARIMA,8.671362161636353,4.402890920639038,3.3452586774506603,3.160460858397083,5.367775960658994,5.184238026401465,1.3076018045369746,0.16666666666666666,0.5,3.6253959758123075,6.0903072284740025,True
D3,24,197,TimesFM3,h1_12,1,ARIMA,8.671362161636353,4.402890920639038,3.191224221609634,3.011891704692336,5.177120769607865,5.044072785017931,1.2242784072848838,0.4166666666666667,0.6666666666666666,5.179378819400534,8.86445372760929,True
D3,24,198,TimesFM3,h1,1,ARIMA,8.671362161636353,4.402890920639038,0.3847337893466929,0.295713253275847,0.48132038355113244,0.48248152451330784,0.15762263807849014,1.0,1.0,1.6484413853165678,2.637087729894572,True
D3,24,198,TimesFM3,h1_6,1,ARIMA,8.671362161636353,4.402890920639038,5.115856903834851,4.5731853154565645,6.494113118141254,6.795236802883213,2.2478280620215516,0.16666666666666666,0.16666666666666666,2.618232268922064,4.178906926565175,True
D3,24,198,TimesFM3,h1_12,1,ARIMA,8.671362161636353,4.402890920639038,5.6848246033798935,4.813798797092541,7.056481144277828,7.377560263441983,2.442731739732328,0.08333333333333333,0.08333333333333333,3.247818985533216,5.24745334592277,True
D3,24,199,TimesFM3,h1,1,ARIMA,8.671362161636353,4.402890920639038,0.021711475877085686,0.018087802123797153,0.036244996229164154,0.03625156591851424,0.10532644334396317,1.0,1.0,1.4053780312466244,2.3060544475730427,True
D3,24,199,TimesFM3,h1_6,1,ARIMA,8.671362161636353,4.402890920639038,1.0423973974610037,1.0893473267682101,1.6760493755180308,1.6983397907286824,0.3865918867259419,0.6666666666666666,1.0,2.8103964234285335,4.501435560592558,True
D3,24,199,TimesFM3,h1_12,1,ARIMA,8.671362161636353,4.402890920639038,2.126696935380374,2.2418398207756964,3.3018560684832545,3.3905167077370164,0.7945431955952312,0.4166666666666667,0.75,3.372092194704834,5.468879883619965,True
