dgp,n,rep,method,horizon_slice,m,correct_model,classical_cell_secs,timesfm_cell_secs,MASE,RMSSE,sMAPE,MAPE,SPL,cover60,cover80,width60,width80,denom_ok
D1,96,0,SeasonalNaive,h1,1,ARIMA,8.255850315093994,4.930356979370117,1.6283894943805652,1.3768181572770875,2.802439258849164,2.842265642958692,0.5788804271730991,0.0,0.0,1.9908034590539367,3.031431703322332,True
D1,96,0,SeasonalNaive,h1_6,1,ARIMA,8.255850315093994,4.930356979370117,2.9815551772344286,2.889772228040697,5.235678779971322,5.426728037050299,1.1434542893689683,0.16666666666666666,0.3333333333333333,3.5940048141794407,5.472654814842499,True
D1,96,0,SeasonalNaive,h1_12,1,ARIMA,8.255850315093994,4.930356979370117,1.8390024717939637,2.094487945825118,3.211689352561035,3.3101234875806416,0.8185633087919838,0.5833333333333334,0.6666666666666666,4.852418292919612,7.388863317490944,True
D1,96,1,SeasonalNaive,h1,1,ARIMA,8.255850315093994,4.930356979370117,0.035967091301927,0.028865488288505717,0.06302334980755314,0.06300349635060512,0.1557127872963887,1.0,1.0,2.0973605190397113,3.1936880267100634,True
D1,96,1,SeasonalNaive,h1_6,1,ARIMA,8.255850315093994,4.930356979370117,0.9934806175714309,1.0350017596063468,1.752653686340568,1.7648478201582212,0.4295778622602866,0.6666666666666666,1.0,3.7863726668833197,5.765576752834157,True
D1,96,1,SeasonalNaive,h1_12,1,ARIMA,8.255850315093994,4.930356979370117,0.8490039382054356,0.8769911124836905,1.4991579975123979,1.5107564425267557,0.4771375015011001,0.8333333333333334,1.0,5.11214228765307,7.784349646474262,True
D1,96,2,SeasonalNaive,h1,1,ARIMA,8.255850315093994,4.930356979370117,0.5863974210138307,0.48109991301313043,1.1050965942294342,1.0990239560752575,0.21378672764049875,1.0,1.0,2.0516508421158894,3.124085091701436,True
D1,96,2,SeasonalNaive,h1_6,1,ARIMA,8.255850315093994,4.930356979370117,2.075813283325904,1.8900532686423723,3.8409306902238463,3.7528929258673673,0.7294899625836244,0.3333333333333333,0.6666666666666666,3.7038528188432536,5.639922318005682,True
D1,96,2,SeasonalNaive,h1_12,1,ARIMA,8.255850315093994,4.930356979370117,1.5934320201842436,1.512618980042387,2.961584691308124,2.9063186296307912,0.6450840122713144,0.6666666666666666,0.8333333333333334,5.000728741800604,7.614698266002368,True
D1,96,3,SeasonalNaive,h1,1,ARIMA,8.255850315093994,4.930356979370117,0.9559671841411695,0.7402907464844278,1.8117953694748716,1.8283584261258474,0.3132584724250254,1.0,1.0,2.1736386266960848,3.309838052855224,True
D1,96,3,SeasonalNaive,h1_6,1,ARIMA,8.255850315093994,4.930356979370117,1.8079679387132666,1.6169535586180166,3.474887635476194,3.5586752321058985,0.6368267392606626,0.6666666666666666,0.8333333333333334,3.9240778154688147,5.975262822664053,True
D1,96,3,SeasonalNaive,h1_12,1,ARIMA,8.255850315093994,4.930356979370117,1.3521331479762069,1.2681559799393722,2.5725772708081514,2.6080830290612016,0.5949538888841913,0.8333333333333334,0.9166666666666666,5.2980638477436965,8.06745570047806,True
D1,96,4,SeasonalNaive,h1,1,ARIMA,8.255850315093994,4.930356979370117,1.416621181497866,1.1262701271809983,2.5539810536689895,2.587017015889495,0.47975986412247773,0.0,1.0,2.1171803060459746,3.22386796758301,True
D1,96,4,SeasonalNaive,h1_6,1,ARIMA,8.255850315093994,4.930356979370117,0.7914296054430403,0.734643559944531,1.407799532110735,1.4070352025846662,0.38036290658193295,0.8333333333333334,1.0,3.822153401336332,5.820060711205707,True
D1,96,4,SeasonalNaive,h1_12,1,ARIMA,8.255850315093994,4.930356979370117,1.532380726720809,1.4403319568299084,2.683123121505308,2.6405315528040996,0.590085651360508,0.8333333333333334,1.0,5.160451374415811,7.857910748905097,True
D1,96,5,SeasonalNaive,h1,1,ARIMA,8.255850315093994,4.930356979370117,0.6836714028517791,0.5448995863745965,1.2452326077351588,1.2530342029759238,0.23626602896586607,1.0,1.0,2.111920742149658,3.215859136440761,True
D1,96,5,SeasonalNaive,h1_6,1,ARIMA,8.255850315093994,4.930356979370117,0.498283488971801,0.547708516093575,0.9085437054139253,0.9153119455255411,0.32682881405888703,1.0,1.0,3.812658291270152,5.80560233885847,True
D1,96,5,SeasonalNaive,h1_12,1,ARIMA,8.255850315093994,4.930356979370117,0.5037479549331383,0.5186299111586711,0.9140490263937342,0.9163907347913296,0.4162688218813546,1.0,1.0,5.147631623703,7.838389887333965,True
D1,96,6,SeasonalNaive,h1,1,ARIMA,8.255850315093994,4.930356979370117,1.3485602924030773,1.1442854185031095,2.7166720716199473,2.6802650653816427,0.45777635265246786,0.0,1.0,1.9837305596787878,3.020661674114922,True
D1,96,6,SeasonalNaive,h1_6,1,ARIMA,8.255850315093994,4.930356979370117,3.046357810367776,2.704123548918139,6.016924314277712,5.826104276928302,1.1028701204297837,0.0,0.16666666666666666,3.581236082897173,5.453211641462306,True
D1,96,6,SeasonalNaive,h1_12,1,ARIMA,8.255850315093994,4.930356979370117,2.9082160975255262,2.667654279330196,5.740589034515001,5.555703376925863,1.0443074910538783,0.25,0.5,4.8351786873946,7.362612264679269,True
D1,96,7,SeasonalNaive,h1,1,ARIMA,8.255850315093994,4.930356979370117,2.758483077257512,2.102290280070801,4.726049257564142,4.61694960138496,1.118179159540131,0.0,0.0,2.2086368873791167,3.3631305245520986,True
D1,96,7,SeasonalNaive,h1_6,1,ARIMA,8.255850315093994,4.930356979370117,4.170217178861675,3.2417155978676337,7.04963472023518,6.801089029999631,1.6138117153076954,0.0,0.0,3.987260304333136,6.071471918025545,True
D1,96,7,SeasonalNaive,h1_12,1,ARIMA,8.255850315093994,4.930356979370117,3.58970158237226,2.849738819708468,6.091297788562968,5.897627899332854,1.3239547054118814,0.3333333333333333,0.4166666666666667,5.38336920502865,8.197351679591806,True
D1,96,8,SeasonalNaive,h1,1,ARIMA,8.255850315093994,4.930356979370117,1.4485389738717076,1.1309069112276025,2.5075105645541016,2.4764617939982756,0.49086758495210187,0.0,1.0,2.1560062034548726,3.2829888495465163,True
D1,96,8,SeasonalNaive,h1_6,1,ARIMA,8.255850315093994,4.930356979370117,1.76083242249756,1.5493882840959459,3.0276443110517945,2.9710517175582973,0.6733380282736834,0.5,0.8333333333333334,3.8922459368740845,5.926791857080022,True
D1,96,8,SeasonalNaive,h1_12,1,ARIMA,8.255850315093994,4.930356979370117,2.1283732661989796,1.8561092557371224,3.646449814371968,3.5659007327716603,0.777289302145434,0.5833333333333334,0.9166666666666666,5.255086278714946,8.00201299457308,True
D1,96,9,SeasonalNaive,h1,1,ARIMA,8.255850315093994,4.930356979370117,0.2348754714839295,0.18322014809957443,0.3696140833978048,0.3702984209550295,0.1711928084323527,1.0,1.0,2.157799631718387,3.2857197345421802,True
D1,96,9,SeasonalNaive,h1_6,1,ARIMA,8.255850315093994,4.930356979370117,1.321479415794327,1.4070598906057887,2.114979559639189,2.1562227221422994,0.519295750130106,0.6666666666666666,1.0,3.895483619521067,5.9317219338169975,True
D1,96,9,SeasonalNaive,h1_12,1,ARIMA,8.255850315093994,4.930356979370117,2.5270760957492517,2.333527325871106,4.082363050028976,4.2026938815815225,0.8795982093450355,0.4166666666666667,1.0,5.259457611341131,8.008669300221202,True
D1,96,10,SeasonalNaive,h1,1,ARIMA,8.255850315093994,4.930356979370117,0.024143963722827937,0.01907314329836682,0.04423843519005034,0.04424822255067826,0.15750321985987123,1.0,1.0,2.1307523583158985,3.244534372065622,True
D1,96,10,SeasonalNaive,h1_6,1,ARIMA,8.255850315093994,4.930356979370117,0.2463371984838223,0.29101378823814084,0.45350817264949794,0.4557886706820366,0.29620500943887174,1.0,1.0,3.8466550772675183,5.857369847305764,True
D1,96,10,SeasonalNaive,h1_12,1,ARIMA,8.255850315093994,4.930356979370117,0.8058763864032779,0.9053118524529886,1.4880514384217927,1.5006384992141402,0.4598760132716363,1.0,1.0,5.193532126012637,7.908283395538929,True
D1,96,11,SeasonalNaive,h1,1,ARIMA,8.255850315093994,4.930356979370117,0.3396961916571396,0.2736295803673697,0.5570660405615687,0.5555187374439405,0.1748195264550744,1.0,1.0,2.0896536659425817,3.1819526649368046,True
D1,96,11,SeasonalNaive,h1_6,1,ARIMA,8.255850315093994,4.930356979370117,1.1036494112494024,1.1187550372764303,1.799730451108663,1.7855015558612704,0.4440002452979101,0.8333333333333334,1.0,3.772459456612741,5.7443908610187675,True
D1,96,11,SeasonalNaive,h1_12,1,ARIMA,8.255850315093994,4.930356979370117,1.487365599800893,1.3672444254339442,2.464718351601895,2.4849474334587898,0.5653082806486006,0.9166666666666666,1.0,5.093357472517646,7.755745675608328,True
D1,96,12,SeasonalNaive,h1,1,ARIMA,8.255850315093994,4.930356979370117,0.18550829892487883,0.15272023641518628,0.33116915710817063,0.33062169856199836,0.16015558956970907,1.0,1.0,2.04462390897195,3.1133850560887906,True
D1,96,12,SeasonalNaive,h1_6,1,ARIMA,8.255850315093994,4.930356979370117,1.6804522603119456,1.672764255656037,3.0703219993320654,3.139307030752108,0.5899298818007327,0.6666666666666666,1.0,3.691167070567407,5.620605504319796,True
D1,96,12,SeasonalNaive,h1_12,1,ARIMA,8.255850315093994,4.930356979370117,2.0086750998517755,1.8711370966284462,3.675443526920082,3.7636459390778456,0.7034808380658021,0.75,1.0,4.983601175151218,7.588617816771892,True
D1,96,13,SeasonalNaive,h1,1,ARIMA,8.255850315093994,4.930356979370117,0.255518026358081,0.20400453154728548,0.43668800838591315,0.4357366036377959,0.16871038821312884,1.0,1.0,2.1082805848727793,3.2103162044531746,True
D1,96,13,SeasonalNaive,h1_6,1,ARIMA,8.255850315093994,4.930356979370117,2.7979918557037307,2.5777185186484326,4.644630482913652,4.506646564134454,1.0288774969525945,0.3333333333333333,0.6666666666666666,3.8060867019362257,5.795595663333838,True
D1,96,13,SeasonalNaive,h1_12,1,ARIMA,8.255850315093994,4.930356979370117,2.0326142319962712,2.070933210109576,3.385819999709246,3.296033027320653,0.8339594097516926,0.6666666666666666,0.8333333333333334,5.138759042294183,7.824879450404263,True
D1,96,14,SeasonalNaive,h1,1,ARIMA,8.255850315093994,4.930356979370117,1.2588510443375844,0.9807966952301964,2.29185462420262,2.26588918121315,0.416951087926054,0.0,1.0,2.1604391082726675,3.2897389122618237,True
D1,96,14,SeasonalNaive,h1_6,1,ARIMA,8.255850315093994,4.930356979370117,1.583675762867645,1.312752106161444,2.8693339421231383,2.823617959225532,0.556280062565689,0.5,1.0,3.9002486762622817,5.93897777015169,True
D1,96,14,SeasonalNaive,h1_12,1,ARIMA,8.255850315093994,4.930356979370117,1.8034404235428017,1.5293975230297199,3.257444503832495,3.1961773315522453,0.6546795171915293,0.75,1.0,5.265891116495784,8.018465712519257,True
D1,96,15,SeasonalNaive,h1,1,ARIMA,8.255850315093994,4.930356979370117,0.8559222666466176,0.6368443763250854,1.4122726742000282,1.4223161654728798,0.2874140748830443,1.0,1.0,2.2622869281016733,3.4448243922170496,True
D1,96,15,SeasonalNaive,h1_6,1,ARIMA,8.255850315093994,4.930356979370117,0.9047486602536335,0.9159217532428605,1.4668518812180433,1.4520575203606374,0.4615033436271717,0.8333333333333334,0.8333333333333334,4.084114920373137,6.218954158093733,True
D1,96,15,SeasonalNaive,h1_12,1,ARIMA,8.255850315093994,4.930356979370117,0.908985325436392,0.8583191549450999,1.483096308411541,1.4774202289102976,0.5203062517526822,0.9166666666666666,0.9166666666666666,5.514136728981872,8.396473705462277,True
D1,96,16,SeasonalNaive,h1,1,ARIMA,8.255850315093994,4.930356979370117,1.4321069354481584,1.1115118871399865,2.4692173117225242,2.5000835597550237,0.4840493370564143,0.0,1.0,2.1687426280640603,3.302382828983141,True
D1,96,16,SeasonalNaive,h1_6,1,ARIMA,8.255850315093994,4.930356979370117,0.787816823730857,0.7214030158077136,1.3544449968971835,1.3673974097573114,0.3839661310890247,0.8333333333333334,1.0,3.915239051112785,5.96180387955985,True
D1,96,16,SeasonalNaive,h1_12,1,ARIMA,8.255850315093994,4.930356979370117,0.7957489363807102,0.7266651135659771,1.3597339268578486,1.3644568465891278,0.4668950819604625,0.9166666666666666,1.0,5.286130257204591,8.049284210705832,True
D1,96,17,SeasonalNaive,h1,1,ARIMA,8.255850315093994,4.930356979370117,0.7337062369406924,0.6002967974425918,1.543181829155412,1.5551814680682226,0.24896619665033962,1.0,1.0,2.0573248128088495,3.1327249474160404,True
D1,96,17,SeasonalNaive,h1_6,1,ARIMA,8.255850315093994,4.930356979370117,0.5813361440577718,0.5550029544997331,1.2176977327375909,1.2222484493714965,0.33432688364383656,1.0,1.0,3.714096059025131,5.655519881336646,True
D1,96,17,SeasonalNaive,h1_12,1,ARIMA,8.255850315093994,4.930356979370117,0.702860705293157,0.672773061069063,1.4644545567304657,1.4622759547497621,0.42809426077078117,1.0,1.0,5.014558574704896,7.635757197624702,True
D1,96,18,SeasonalNaive,h1,1,ARIMA,8.255850315093994,4.930356979370117,1.6966425093061,1.316976149861399,2.8002782284159395,2.7616118211257668,0.5920032675794122,0.0,0.0,2.168498437522542,3.302010995718608,True
D1,96,18,SeasonalNaive,h1_6,1,ARIMA,8.255850315093994,4.930356979370117,1.2177905436083802,1.0474473275368523,2.0133290133713753,1.9888673739950322,0.48313774167067086,0.8333333333333334,0.8333333333333334,3.914798213029149,5.96113260759842,True
D1,96,18,SeasonalNaive,h1_12,1,ARIMA,8.255850315093994,4.930356979370117,0.952118761982073,0.8697109040973962,1.576873149375585,1.5604150239284473,0.5101240714560121,0.9166666666666666,0.9166666666666666,5.285535063015416,8.048377897967377,True
D1,96,19,SeasonalNaive,h1,1,ARIMA,8.255850315093994,4.930356979370117,0.7827858274917568,0.6336925064435808,1.3694950516264102,1.3601812442101062,0.26308113816193235,1.0,1.0,2.0792708358013834,3.166142545501296,True
D1,96,19,SeasonalNaive,h1_6,1,ARIMA,8.255850315093994,4.930356979370117,0.6168421785998743,0.5557713045120388,1.088934293768208,1.0913667676581391,0.3308208886495414,1.0,1.0,3.753715295132305,5.715848794193654,True
D1,96,19,SeasonalNaive,h1_12,1,ARIMA,8.255850315093994,4.930356979370117,1.3019691620483496,1.3557775065387774,2.3356531709018213,2.3802084886690085,0.5365301603785074,0.9166666666666666,1.0,5.068050185311389,7.7172098209446105,True
D1,96,20,SeasonalNaive,h1,1,ARIMA,8.255850315093994,4.930356979370117,0.6534401352007044,0.5309973769273169,1.1446576014162684,1.1381436773573137,0.2269786076035196,1.0,1.0,2.071381579457211,3.1541294350716385,True
D1,96,20,SeasonalNaive,h1_6,1,ARIMA,8.255850315093994,4.930356979370117,0.8625409811437037,0.7311911557523074,1.507191007389204,1.4949548954714258,0.36330423299041426,1.0,1.0,3.7394727916082626,5.694161481706267,True
D1,96,20,SeasonalNaive,h1_12,1,ARIMA,8.255850315093994,4.930356979370117,1.1370842635296607,1.089569355276526,1.9759444651504305,1.9495115955722304,0.4983267754460214,0.9166666666666666,1.0,5.048820777391741,7.687928860768135,True
D1,96,21,SeasonalNaive,h1,1,ARIMA,8.255850315093994,4.930356979370117,1.7891492905548523,1.4773913490405295,3.1926607908619586,3.1424961693356006,0.6536297782483892,0.0,0.0,2.0384389470546083,3.10396710498226,True
D1,96,21,SeasonalNaive,h1_6,1,ARIMA,8.255850315093994,4.930356979370117,1.6687176188920438,1.4135300248015394,2.978664828418061,2.9327842825563013,0.5720258454725559,0.6666666666666666,0.8333333333333334,3.6800013360468222,5.603603242513063,True
D1,96,21,SeasonalNaive,h1_12,1,ARIMA,8.255850315093994,4.930356979370117,1.5049114799261276,1.3290135771617348,2.687358101551953,2.6470476699147394,0.5885174358065901,0.8333333333333334,0.9166666666666666,4.968525843524554,7.5656623421752744,True
D1,96,22,SeasonalNaive,h1,1,ARIMA,8.255850315093994,4.930356979370117,0.275382208317213,0.21787847735629323,0.4290565146126319,0.4299789409414177,0.17122205425106996,1.0,1.0,2.127493423675438,3.2395719345416114,True
D1,96,22,SeasonalNaive,h1_6,1,ARIMA,8.255850315093994,4.930356979370117,1.6893089370315904,1.592694274456354,2.5787677288050275,2.5331807897707406,0.593795875608622,0.6666666666666666,0.8333333333333334,3.840771710562651,5.848411140573428,True
D1,96,22,SeasonalNaive,h1_12,1,ARIMA,8.255850315093994,4.930356979370117,1.84430590763643,1.6213989947748895,2.817747958603055,2.7700604878874273,0.6651620171426013,0.8333333333333334,0.9166666666666666,5.185588743157386,7.896187865711761,True
D1,96,23,SeasonalNaive,h1,1,ARIMA,8.255850315093994,4.930356979370117,1.6415191933256723,1.3486183838169805,2.5963906666240737,2.6305402169615655,0.5785878136241944,0.0,0.0,2.0488188875346944,3.1197728242795666,True
D1,96,23,SeasonalNaive,h1_6,1,ARIMA,8.255850315093994,4.930356979370117,0.9679446140593359,0.9932680444793786,1.5292294601492415,1.547563887447581,0.45009600152059465,0.6666666666666666,0.8333333333333334,3.6987402808113874,5.632137365752482,True
D1,96,23,SeasonalNaive,h1_12,1,ARIMA,8.255850315093994,4.930356979370117,1.0357399084185184,1.0321158917775421,1.6173237449599944,1.617919055467764,0.5079751564653451,0.8333333333333334,0.9166666666666666,4.993826087421513,7.604187471867121,True
D1,96,24,SeasonalNaive,h1,1,ARIMA,8.255850315093994,4.930356979370117,0.694809357898863,0.5554187932998432,1.241469642158855,1.2338109479784622,0.23922285487457098,1.0,1.0,2.1056770708770687,3.2063517875587038,True
D1,96,24,SeasonalNaive,h1_6,1,ARIMA,8.255850315093994,4.930356979370117,1.4700920468167233,1.262646305775454,2.603475557041722,2.565103836651879,0.504176684259397,0.8333333333333334,1.0,3.801386568534399,5.78843868691844,True
D1,96,24,SeasonalNaive,h1_12,1,ARIMA,8.255850315093994,4.930356979370117,1.5747558687272565,1.412760894064373,2.7818148889771157,2.7342065374749276,0.5983617759628241,0.9166666666666666,1.0,5.1324131928929235,7.815216513075112,True
D1,96,25,SeasonalNaive,h1,1,ARIMA,8.255850315093994,4.930356979370117,0.1885065982167788,0.14289499918143808,0.2989893888597602,0.299437031334764,0.1732140759101246,1.0,1.0,2.220527753058663,3.3812369564236135,True
D1,96,25,SeasonalNaive,h1_6,1,ARIMA,8.255850315093994,4.930356979370117,0.9324021209170361,0.9291325516167032,1.4819559453436282,1.4878485903353338,0.43702001992831807,0.8333333333333334,1.0,4.008726927923065,6.104159526145695,True
D1,96,25,SeasonalNaive,h1_12,1,ARIMA,8.255850315093994,4.930356979370117,0.7496993323645987,0.7311935142778518,1.1906195067554532,1.1942476822727004,0.4840298863635777,0.9166666666666666,1.0,5.412352203767002,8.241484605337547,True
D1,96,26,SeasonalNaive,h1,1,ARIMA,8.255850315093994,4.930356979370117,0.7271586869319484,0.581921589153155,1.237470077347977,1.2451744077010245,0.24815768488929857,1.0,1.0,2.103349325772676,3.2028072888415675,True
D1,96,26,SeasonalNaive,h1_6,1,ARIMA,8.255850315093994,4.930356979370117,2.300098604635603,2.1302051843408125,3.994745620036012,4.106113167195218,0.7966611994078362,0.5,0.6666666666666666,3.797184281727367,5.782039790334576,True
D1,96,26,SeasonalNaive,h1_12,1,ARIMA,8.255850315093994,4.930356979370117,1.7731200357692398,1.793814470174784,3.065625113486425,3.1367933978659917,0.7282720483867483,0.6666666666666666,0.8333333333333334,5.126739507289027,7.806577091470686,True
D1,96,27,SeasonalNaive,h1,1,ARIMA,8.255850315093994,4.930356979370117,0.758624497050698,0.6127800016750434,1.370596867186945,1.3800543580856441,0.2564704353070974,1.0,1.0,2.083862016649233,3.1731336179321805,True
D1,96,27,SeasonalNaive,h1_6,1,ARIMA,8.255850315093994,4.930356979370117,1.181819645134587,1.018268855518212,2.1465749717219245,2.173216109825109,0.42333737418072953,1.0,1.0,3.762003770820321,5.728469802992189,True
D1,96,27,SeasonalNaive,h1_12,1,ARIMA,8.255850315093994,4.930356979370117,2.894920461223677,2.9667771736708484,5.4239233474920265,5.680675889523617,1.0468076940130322,0.6666666666666666,0.75,5.079240807786425,7.734249980080593,True
D1,96,28,SeasonalNaive,h1,1,ARIMA,8.255850315093994,4.930356979370117,1.0402684777772002,0.8511937899427241,1.991516689599926,1.9718815148660789,0.33541817701637244,0.0,1.0,2.0571391611604106,3.1324422523613036,True
D1,96,28,SeasonalNaive,h1_6,1,ARIMA,8.255850315093994,4.930356979370117,2.454833050360681,2.1237714111582693,4.624405059219339,4.508532814131811,0.8602810346116676,0.16666666666666666,0.5,3.7137609014206996,5.655009530913519,True
D1,96,28,SeasonalNaive,h1_12,1,ARIMA,8.255850315093994,4.930356979370117,2.71379733787932,2.31602276519646,5.102255901068056,4.965203867408411,0.9194698003635822,0.5,0.75,5.01410606421177,7.635068151878516,True
D1,96,29,SeasonalNaive,h1,1,ARIMA,8.255850315093994,4.930356979370117,1.3463478289801776,1.1286532407571193,2.456956108467195,2.4875146804118944,0.4561035217320179,0.0,1.0,2.0079062013491407,3.0574743520688195,True
D1,96,29,SeasonalNaive,h1_6,1,ARIMA,8.255850315093994,4.930356979370117,1.7063872473206974,1.4556959942958871,3.126020595307286,3.177533984105632,0.5762546271632151,0.5,1.0,3.6248804578122136,5.5196697045058585,True
D1,96,29,SeasonalNaive,h1_12,1,ARIMA,8.255850315093994,4.930356979370117,1.8536659579975183,1.7078438362041857,3.4107006722768354,3.482945521619315,0.6720787248349948,0.5833333333333334,1.0,4.894104808579869,7.4523401135547775,True
D1,96,30,SeasonalNaive,h1,1,ARIMA,8.255850315093994,4.930356979370117,0.29834934648554656,0.23621655042499343,0.49188190734006343,0.4906751362305962,0.17238790365583903,1.0,1.0,2.12599112613466,3.2372843594561713,True
D1,96,30,SeasonalNaive,h1_6,1,ARIMA,8.255850315093994,4.930356979370117,2.006059959773969,1.8220928096511664,3.3893056209784582,3.4670831341101294,0.6977682933056475,0.5,0.8333333333333334,3.838059607281269,5.844281372849509,True
D1,96,30,SeasonalNaive,h1_12,1,ARIMA,8.255850315093994,4.930356979370117,2.417141299791735,2.1761259421689836,4.100918560376905,4.213383682411701,0.8538861427731969,0.5,0.9166666666666666,5.181927017518364,7.890612091196939,True
D1,96,31,SeasonalNaive,h1,1,ARIMA,8.255850315093994,4.930356979370117,2.170869606068117,1.726499967107474,3.7122056135959904,3.782411051283501,0.8352656180867699,0.0,0.0,2.116478413661346,3.222799183611685,True
D1,96,31,SeasonalNaive,h1_6,1,ARIMA,8.255850315093994,4.930356979370117,1.4022903812769834,1.324828688186305,2.3493431586702433,2.345864796057797,0.5486405041980392,0.6666666666666666,0.8333333333333334,3.820886272430197,5.818131231567331,True
D1,96,31,SeasonalNaive,h1_12,1,ARIMA,8.255850315093994,4.930356979370117,1.4293593012529853,1.3259975021832773,2.3844585630114974,2.3706573280242464,0.6016082355104451,0.75,0.9166666666666666,5.158740569950733,7.855305676631366,True
D1,96,32,SeasonalNaive,h1,1,ARIMA,8.255850315093994,4.930356979370117,2.328579714019623,1.7703136719779267,3.6058375347180815,3.541978538904346,0.9025875590505218,0.0,0.0,2.214050721527158,3.3713742657402435,True
D1,96,32,SeasonalNaive,h1_6,1,ARIMA,8.255850315093994,4.930356979370117,1.4508732543878045,1.3570674875413817,2.304795324402055,2.3233589216678197,0.5772252386344401,0.6666666666666666,0.8333333333333334,3.9970339190527198,6.086354374343507,True
D1,96,32,SeasonalNaive,h1_12,1,ARIMA,8.255850315093994,4.930356979370117,2.177766618333225,1.9539069597198968,3.5068215587684004,3.5842414774906475,0.7956755528309883,0.6666666666666666,0.9166666666666666,5.3965649766832025,8.217445114913856,True
D1,96,33,SeasonalNaive,h1,1,ARIMA,8.255850315093994,4.930356979370117,0.9022342444259926,0.7318420257229806,1.4376624126675932,1.4480716032417533,0.2961707108670913,1.0,1.0,2.0751459224151123,3.159861466796249,True
D1,96,33,SeasonalNaive,h1_6,1,ARIMA,8.255850315093994,4.930356979370117,1.7237613334790478,1.693665607135459,2.6773291773272607,2.630139451580388,0.6421399294041694,0.6666666666666666,0.8333333333333334,3.7462685738093744,5.7045095396823795,True
D1,96,33,SeasonalNaive,h1_12,1,ARIMA,8.255850315093994,4.930356979370117,1.711236797539331,1.6820200759731714,2.7095596631889483,2.7144128391906217,0.6793945740023006,0.6666666666666666,0.9166666666666666,5.057996051096793,7.7019002126209095,True
D1,96,34,SeasonalNaive,h1,1,ARIMA,8.255850315093994,4.930356979370117,0.3030922629678158,0.2425804328907494,0.5146768931000949,0.516004771763876,0.17097579120637227,1.0,1.0,2.1031282796025303,3.2024706979214197,True
D1,96,34,SeasonalNaive,h1_6,1,ARIMA,8.255850315093994,4.930356979370117,1.9434829202927355,1.7792912761614117,3.3643363870585565,3.440546937802132,0.6988807511890398,0.3333333333333333,0.8333333333333334,3.796785226262575,5.781432141507231,True
D1,96,34,SeasonalNaive,h1_12,1,ARIMA,8.255850315093994,4.930356979370117,1.7031045448023296,1.6112998534822274,2.943531145157561,3.0052507323568265,0.6785256670585917,0.6666666666666666,0.9166666666666666,5.126200725585226,7.805756679023309,True
D1,96,35,SeasonalNaive,h1,1,ARIMA,8.255850315093994,4.930356979370117,2.0703265666189155,1.6550154790559666,3.4173306429927255,3.3599208407569816,0.7862755772757934,0.0,0.0,2.1056368607385845,3.2062905588683406,True
D1,96,35,SeasonalNaive,h1_6,1,ARIMA,8.255850315093994,4.930356979370117,2.1439386086065504,1.8043959396847136,3.5300159632672514,3.462553791172996,0.7741844217582464,0.5,0.5,3.8013139770233546,5.78832815053828,True
D1,96,35,SeasonalNaive,h1_12,1,ARIMA,8.255850315093994,4.930356979370117,1.8073462064130095,1.5711474961078153,2.998667511986883,2.9642740756358688,0.7051722618267452,0.75,0.75,5.132315184015829,7.815067273221286,True
D1,96,36,SeasonalNaive,h1,1,ARIMA,8.255850315093994,4.930356979370117,0.6288575209730027,0.5075788382238167,1.1098603743023394,1.1160536931504466,0.22277411484203316,1.0,1.0,2.085429110460767,3.1755198594472605,True
D1,96,36,SeasonalNaive,h1_6,1,ARIMA,8.255850315093994,4.930356979370117,1.0611910138689697,1.019568880599254,1.887506499077811,1.9132712240441707,0.4167730801326661,1.0,1.0,3.7648328510478564,5.732777693584803,True
D1,96,36,SeasonalNaive,h1_12,1,ARIMA,8.255850315093994,4.930356979370117,0.8483222403444237,0.8486814720124368,1.5060224510170952,1.5236203702618716,0.46477689998889027,1.0,1.0,5.0830604689605225,7.740066245833223,True
D1,96,37,SeasonalNaive,h1,1,ARIMA,8.255850315093994,4.930356979370117,0.6114503274596013,0.49628906624994823,1.0018982192407024,0.9969042363449646,0.21921680022999623,1.0,1.0,2.0738300069900695,3.1578576990610605,True
D1,96,37,SeasonalNaive,h1_6,1,ARIMA,8.255850315093994,4.930356979370117,1.0327234795160738,1.0682278686464086,1.6980314178119054,1.6961071296935182,0.449254375117679,0.8333333333333334,1.0,3.7438929468477267,5.70089213041274,True
D1,96,37,SeasonalNaive,h1_12,1,ARIMA,8.255850315093994,4.930356979370117,1.3646998366992444,1.2578395291238622,2.2355944514049613,2.224796966317129,0.5498839938286538,0.9166666666666666,1.0,5.0547886164043385,7.6970161949802804,True
D1,96,38,SeasonalNaive,h1,1,ARIMA,8.255850315093994,4.930356979370117,1.5172850982017754,1.2436290908068042,2.9202884591062452,2.8782616871695996,0.5210424396869351,0.0,1.0,2.0536337811170724,3.1271045480553905,True
D1,96,38,SeasonalNaive,h1_6,1,ARIMA,8.255850315093994,4.930356979370117,1.258889857584159,1.1537197014826683,2.422662732425973,2.3876904510746733,0.5002119922663827,0.6666666666666666,1.0,3.7074326259226713,5.645373353678222,True
D1,96,38,SeasonalNaive,h1_12,1,ARIMA,8.255850315093994,4.930356979370117,1.070729125144889,1.0033735069901717,2.0637368406329624,2.0369780906353374,0.5150516563164773,0.8333333333333334,1.0,5.005561991129809,7.622057940399141,True
D1,96,39,SeasonalNaive,h1,1,ARIMA,8.255850315093994,4.930356979370117,1.1151977671998283,0.8789887954787781,1.8407814796330173,1.8578812465833583,0.3619214224846798,0.0,1.0,2.1355769842259322,3.2518809154292367,True
D1,96,39,SeasonalNaive,h1_6,1,ARIMA,8.255850315093994,4.930356979370117,0.9454806652139336,0.850623644910612,1.5461018267086701,1.5461516335694334,0.41357422549395023,0.8333333333333334,1.0,3.855364992185744,5.870632589087874,True
D1,96,39,SeasonalNaive,h1_12,1,ARIMA,8.255850315093994,4.930356979370117,1.4178351850766993,1.430167588069418,2.283598356218369,2.2503059632225693,0.5900406316884128,0.8333333333333334,1.0,5.205291751462285,7.926189985586854,True
D1,96,40,SeasonalNaive,h1,1,ARIMA,8.255850315093994,4.930356979370117,0.9980898028167837,0.8066627367766676,1.792152624006628,1.7762361922427115,0.3229628150304222,1.0,1.0,2.0826884217307593,3.171346564154192,True
D1,96,40,SeasonalNaive,h1_6,1,ARIMA,8.255850315093994,4.930356979370117,0.6470826419873107,0.5887531087015894,1.1683272904662039,1.164394531453195,0.34175360451369924,1.0,1.0,3.759885075593167,5.725243628227387,True
D1,96,40,SeasonalNaive,h1_12,1,ARIMA,8.255850315093994,4.930356979370117,1.1864986128716701,1.2023560014426153,2.116702115049594,2.085093068726979,0.5185117319608684,1.0,1.0,5.076380267523153,7.729894184734103,True
D1,96,41,SeasonalNaive,h1,1,ARIMA,8.255850315093994,4.930356979370117,1.0516563793415135,0.8611336450290604,1.9577477328427697,1.977101058416348,0.3398967202098937,0.0,1.0,2.055653833491456,3.1301805176003814,True
D1,96,41,SeasonalNaive,h1_6,1,ARIMA,8.255850315093994,4.930356979370117,1.4940490948962133,1.3165483889396656,2.7174422257453275,2.682030178177224,0.5019683044795221,0.6666666666666666,1.0,3.711079433911386,5.650926412822586,True
D1,96,41,SeasonalNaive,h1_12,1,ARIMA,8.255850315093994,4.930356979370117,1.170509660351907,1.1089688195624734,2.1313995949300417,2.105930619891849,0.5157915394288829,0.8333333333333334,1.0,5.010485701227635,7.62955536101123,True
D1,96,42,SeasonalNaive,h1,1,ARIMA,8.255850315093994,4.930356979370117,1.6077052071714053,1.3510273268291522,2.983648422894307,3.0288332912576608,0.567092274600488,0.0,0.0,2.0030369672193906,3.050059882978622,True
D1,96,42,SeasonalNaive,h1_6,1,ARIMA,8.255850315093994,4.930356979370117,1.6047945844356144,1.4145061782350168,2.976393589375918,3.0200350747351985,0.5751008935654718,0.3333333333333333,0.8333333333333334,3.6160900115107033,5.5062843361594505,True
D1,96,42,SeasonalNaive,h1_12,1,ARIMA,8.255850315093994,4.930356979370117,2.1590018262516963,2.072753890377724,4.049831052226004,4.15910327343135,0.7609720355481252,0.4166666666666667,0.9166666666666666,4.882236454294955,7.434267960182768,True
D1,96,43,SeasonalNaive,h1,1,ARIMA,8.255850315093994,4.930356979370117,1.1007154738199831,0.8784182091985668,1.8768802000055378,1.894660453459698,0.3571753907067667,0.0,1.0,2.109212912911647,3.2117358768784254,True
D1,96,43,SeasonalNaive,h1_6,1,ARIMA,8.255850315093994,4.930356979370117,0.7930939809317391,0.7128272675882942,1.3493442287094446,1.359142210275501,0.3673348614918206,0.8333333333333334,1.0,3.8077698371773376,5.798158603189943,True
D1,96,43,SeasonalNaive,h1_12,1,ARIMA,8.255850315093994,4.930356979370117,0.9613116369819515,1.0104905841603786,1.6461721732750838,1.6692062594593506,0.4909053682298428,0.9166666666666666,1.0,5.141031514551647,7.82833978417798,True
D1,96,44,SeasonalNaive,h1,1,ARIMA,8.255850315093994,4.930356979370117,0.06173168904182775,0.049586623127714856,0.10591895767396765,0.10597508152484028,0.15700873103482532,1.0,1.0,2.095512741333825,3.1908743828554607,True
D1,96,44,SeasonalNaive,h1_6,1,ARIMA,8.255850315093994,4.930356979370117,0.7464042052170899,0.7183412098710577,1.291882204013319,1.304017914955776,0.3576552822713009,1.0,1.0,3.7830368669879353,5.760497271224446,True
D1,96,44,SeasonalNaive,h1_12,1,ARIMA,8.255850315093994,4.930356979370117,1.9910133818560276,2.1331928475858657,3.5218296396074837,3.638347362193503,0.7475046498321876,0.6666666666666666,0.9166666666666666,5.107638482769441,7.777491622972383,True
D1,96,45,SeasonalNaive,h1,1,ARIMA,8.255850315093994,4.930356979370117,0.480243390159183,0.3893234793460624,0.8279838396865987,0.8314258756311983,0.19749068983246454,1.0,1.0,2.0763352630049843,3.161672496787076,True
D1,96,45,SeasonalNaive,h1_6,1,ARIMA,8.255850315093994,4.930356979370117,0.48594434570949674,0.4365462087800864,0.8312407061274044,0.828168682983863,0.3087036404564409,1.0,1.0,3.748415694755056,5.70777899879247,True
D1,96,45,SeasonalNaive,h1_12,1,ARIMA,8.255850315093994,4.930356979370117,0.8585748644436026,0.8342794058624915,1.4767440350273429,1.479749296321858,0.44437709400407366,1.0,1.0,5.060894970127961,7.70631444799733,True
D1,96,46,SeasonalNaive,h1,1,ARIMA,8.255850315093994,4.930356979370117,0.12254276339660468,0.09598734488739993,0.20340139828798004,0.20319474780883454,0.16430136263456538,1.0,1.0,2.148920606487629,3.2721994854906242,True
D1,96,46,SeasonalNaive,h1_6,1,ARIMA,8.255850315093994,4.930356979370117,0.49518221530286705,0.5674188901584186,0.8156001634539229,0.8086025871394542,0.3406982461566283,1.0,1.0,3.8794542825820426,5.907313778426658,True
D1,96,46,SeasonalNaive,h1_12,1,ARIMA,8.255850315093994,4.930356979370117,0.5888890390429008,0.5862652998018855,0.9731858800302499,0.9680613710560634,0.4336379869793294,1.0,1.0,5.237815723862455,7.97571481467204,True
D1,96,47,SeasonalNaive,h1,1,ARIMA,8.255850315093994,4.930356979370117,1.0739022197554953,0.8866007514798231,1.9607077749465864,1.941672512983552,0.3491128851811156,0.0,1.0,2.0388408410860235,3.104579076145297,True
D1,96,47,SeasonalNaive,h1_6,1,ARIMA,8.255850315093994,4.930356979370117,1.0241057483198612,1.0230281744911294,1.862905456504843,1.8383720627803,0.4464879468684892,0.6666666666666666,0.8333333333333334,3.6807268768213963,5.604708036306791,True
D1,96,47,SeasonalNaive,h1_12,1,ARIMA,8.255850315093994,4.930356979370117,0.7314708140832454,0.7969490294234349,1.3388400916933698,1.3294334739712244,0.46573812044891316,0.8333333333333334,0.9166666666666666,4.969505426888747,7.567153971121744,True
D1,96,48,SeasonalNaive,h1,1,ARIMA,8.255850315093994,4.930356979370117,0.9525539138589711,0.769167288834501,1.6805582042796035,1.6665544951312439,0.31035514818516907,1.0,1.0,2.084564987784321,3.1742040445359234,True
D1,96,48,SeasonalNaive,h1_6,1,ARIMA,8.255850315093994,4.930356979370117,2.449850395508686,2.2577652600403253,4.2389136592098176,4.126212933705525,0.8596539014558828,0.3333333333333333,0.6666666666666666,3.7632728471986123,5.730402248080924,True
D1,96,48,SeasonalNaive,h1_12,1,ARIMA,8.255850315093994,4.930356979370117,2.688104484252489,2.4782128038234683,4.638758516649668,4.504326472538126,0.9747625696188825,0.5,0.6666666666666666,5.080954241616241,7.736859056134593,True
D1,96,49,SeasonalNaive,h1,1,ARIMA,8.255850315093994,4.930356979370117,0.13968399022351058,0.11013193119671856,0.24006121548828813,0.24034970870435726,0.16422699700375293,1.0,1.0,2.1349123888930928,3.25086892433954,True
D1,96,49,SeasonalNaive,h1_6,1,ARIMA,8.255850315093994,4.930356979370117,0.5962813769358671,0.5577504995700233,1.017361888827731,1.0113003879140512,0.3338951318185898,1.0,1.0,3.8541651957845127,5.868805637847813,True
D1,96,49,SeasonalNaive,h1_12,1,ARIMA,8.255850315093994,4.930356979370117,1.302626914224752,1.2975948208785373,2.2700040347145496,2.3058667388016563,0.5409022111395662,1.0,1.0,5.20367185546711,7.923723341251106,True
D1,96,50,SeasonalNaive,h1,1,ARIMA,8.255850315093994,4.930356979370117,1.3820133857602839,1.0988736780839004,2.1449702861393085,2.1222099002543273,0.46630892499793813,0.0,1.0,2.116952719380798,3.223521417335214,True
D1,96,50,SeasonalNaive,h1_6,1,ARIMA,8.255850315093994,4.930356979370117,1.4297045085877014,1.1545967351970055,2.234563552147935,2.2266883356978457,0.49843628400100476,0.6666666666666666,1.0,3.8217425382917893,5.819435082767456,True
D1,96,50,SeasonalNaive,h1_12,1,ARIMA,8.255850315093994,4.930356979370117,1.0062808342586869,0.8954641098457107,1.5754065847281455,1.5724103676595553,0.5035282375591184,0.8333333333333334,1.0,5.1598966507979265,7.85706606142267,True
D1,96,51,SeasonalNaive,h1,1,ARIMA,8.255850315093994,4.930356979370117,0.4844859077121735,0.3819640512591848,0.7480951020597515,0.7453072983625794,0.20151828374250602,1.0,1.0,2.1350366661637934,3.2510581635417806,True
D1,96,51,SeasonalNaive,h1_6,1,ARIMA,8.255850315093994,4.930356979370117,0.6164048085155611,0.5882499355468448,0.9600850997177156,0.9649294813915915,0.3326790515377956,1.0,1.0,3.8543895539988644,5.869147272076335,True
D1,96,51,SeasonalNaive,h1_12,1,ARIMA,8.255850315093994,4.930356979370117,0.5981850766767214,0.5620057216188556,0.9316729077835487,0.9363234283684891,0.42466621132436433,1.0,1.0,5.203974771005562,7.924184596109041,True
D1,96,52,SeasonalNaive,h1,1,ARIMA,8.255850315093994,4.930356979370117,0.4488738703479422,0.3524356288896462,0.760593411855681,0.7634969656659676,0.19608058712743504,1.0,1.0,2.143834218300185,3.2644543520688867,True
D1,96,52,SeasonalNaive,h1_6,1,ARIMA,8.255850315093994,4.930356979370117,1.097704591507196,0.9972436577105578,1.8762636812138345,1.9002370399844153,0.41799641344878175,1.0,1.0,3.870271807260667,5.893331460545111,True
D1,96,52,SeasonalNaive,h1_12,1,ARIMA,8.255850315093994,4.930356979370117,1.2929448678620579,1.1639973519003137,2.2143579892007064,2.2472601461852597,0.5336873999165079,1.0,1.0,5.225418074574971,7.956836694420734,True
D1,96,53,SeasonalNaive,h1,1,ARIMA,8.255850315093994,4.930356979370117,0.4468673328543493,0.37230601438507566,0.8169225856006598,0.8135993471889169,0.1887607850760783,1.0,1.0,2.020343595799787,3.07641299298434,True
D1,96,53,SeasonalNaive,h1_6,1,ARIMA,8.255850315093994,4.930356979370117,1.327008964491614,1.2943886447741744,2.395970503625705,2.357547809923193,0.4659611674602556,0.8333333333333334,1.0,3.6473337318047707,5.553859702677137,True
D1,96,53,SeasonalNaive,h1_12,1,ARIMA,8.255850315093994,4.930356979370117,1.153159927010456,1.1814172280310227,2.08382297333244,2.0520680454846487,0.5151088201320605,0.9166666666666666,1.0,4.924419925862843,7.498501479813012,True
D1,96,54,SeasonalNaive,h1,1,ARIMA,8.255850315093994,4.930356979370117,1.3374269888778922,1.0316123137719158,2.469626767242233,2.50050331685667,0.4467761580800694,0.0,1.0,2.1822286088802625,3.3229181709380393,True
D1,96,54,SeasonalNaive,h1_6,1,ARIMA,8.255850315093994,4.930356979370117,0.9069814601096373,0.7626230192424704,1.6486133093437316,1.6432087540311047,0.3961621373032629,0.8333333333333334,1.0,3.939585341931683,5.998876407996078,True
D1,96,54,SeasonalNaive,h1_12,1,ARIMA,8.255850315093994,4.930356979370117,1.157407436164109,1.0754332912163924,2.085644796557115,2.0613552467117358,0.5252161468109935,0.9166666666666666,1.0,5.3190012167726675,8.099337403300071,True
D1,96,55,SeasonalNaive,h1,1,ARIMA,8.255850315093994,4.930356979370117,1.279052637457679,1.0273992294007896,2.0520492799082874,2.0733220752661263,0.4269882289558718,0.0,1.0,2.095539548281845,3.190915202270205,True
D1,96,55,SeasonalNaive,h1_6,1,ARIMA,8.255850315093994,4.930356979370117,0.8240018358119808,0.7829987587666362,1.3083099816316013,1.3082901642012577,0.38265654539273825,0.8333333333333334,1.0,3.7830852616698727,5.760570962664169,True
D1,96,55,SeasonalNaive,h1_12,1,ARIMA,8.255850315093994,4.930356979370117,0.8599369914277012,0.8620196042930263,1.3570928651815564,1.3489078263387335,0.4722352438439008,0.9166666666666666,1.0,5.107703822481564,7.777591116909827,True
D1,96,56,SeasonalNaive,h1,1,ARIMA,8.255850315093994,4.930356979370117,1.042133357630879,0.8722347674220097,1.8422558683509986,1.8254412193575424,0.33769011160201323,0.0,1.0,2.0111135092426986,3.0623581766305175,True
D1,96,56,SeasonalNaive,h1_6,1,ARIMA,8.255850315093994,4.930356979370117,1.1597508107207077,1.1249793506088885,2.040939954496874,2.0135281148240427,0.4305342227276466,0.8333333333333334,1.0,3.630670622560812,5.5284864909679,True
D1,96,56,SeasonalNaive,h1_12,1,ARIMA,8.255850315093994,4.930356979370117,1.3201248915776618,1.2535894227646094,2.3491010362039932,2.3440609173655704,0.5296771376676052,0.9166666666666666,1.0,4.901922355522009,7.4642440308073,True
D1,96,57,SeasonalNaive,h1,1,ARIMA,8.255850315093994,4.930356979370117,0.23037882720149705,0.19120815287714255,0.46537173681189087,0.4642913963443728,0.16143513240621654,1.0,1.0,2.028069512945796,3.0881773839226416,True
D1,96,57,SeasonalNaive,h1_6,1,ARIMA,8.255850315093994,4.930356979370117,1.3476114715127188,1.393901887503615,2.672103803875414,2.6182288681878583,0.5038332390196109,0.6666666666666666,1.0,3.6612813584729893,5.5750980009510585,True
D1,96,57,SeasonalNaive,h1_12,1,ARIMA,8.255850315093994,4.930356979370117,1.506306848154422,1.4047468882564742,2.9923807132461446,2.937217618435163,0.5694054231708715,0.8333333333333334,1.0,4.943251208036047,7.5271762068607515,True
D1,96,58,SeasonalNaive,h1,1,ARIMA,8.255850315093994,4.930356979370117,0.12445653340122695,0.09988328042313235,0.19616443539520306,0.1963570267216167,0.1606283343151008,1.0,1.0,2.0973532451801775,3.1936769506752656,True
D1,96,58,SeasonalNaive,h1_6,1,ARIMA,8.255850315093994,4.930356979370117,1.1595742175159591,1.1346382940435003,1.841561487219441,1.858032579660676,0.4558734358688132,0.8333333333333334,1.0,3.7863595353579353,5.765556757227773,True
D1,96,58,SeasonalNaive,h1_12,1,ARIMA,8.255850315093994,4.930356979370117,1.3629736006095223,1.3329376817192022,2.1564262327033035,2.1679587087640466,0.5703013908674089,0.8333333333333334,1.0,5.112124558223849,7.78432264955823,True
D1,96,59,SeasonalNaive,h1,1,ARIMA,8.255850315093994,4.930356979370117,0.520541719275416,0.422578015526203,0.8791788459335805,0.8830606873133879,0.20404434409583125,1.0,1.0,2.0734583807310063,3.157291817171323,True
D1,96,59,SeasonalNaive,h1_6,1,ARIMA,8.255850315093994,4.930356979370117,0.6759359734969306,0.6292547507615291,1.1452116646287611,1.1539452264728434,0.3442087450085231,1.0,1.0,3.743222048594024,5.699870541753784,True
D1,96,59,SeasonalNaive,h1_12,1,ARIMA,8.255850315093994,4.930356979370117,1.1285647305016966,1.105449215141406,1.919672360743297,1.942534056969805,0.5034403306841856,1.0,1.0,5.053882808224527,7.695636904814336,True
D1,96,60,SeasonalNaive,h1,1,ARIMA,8.255850315093994,4.930356979370117,0.12458582312804836,0.1009180828368234,0.231386654413265,0.2316546634009829,0.15921739665547238,1.0,1.0,2.078003687728911,3.1642130366779866,True
D1,96,60,SeasonalNaive,h1_6,1,ARIMA,8.255850315093994,4.930356979370117,1.098071077718147,1.2592998098229717,2.0022403464204763,1.9694156251289734,0.4584689185099078,0.8333333333333334,1.0,3.7514277080518057,5.712365444811071,True
D1,96,60,SeasonalNaive,h1_12,1,ARIMA,8.255850315093994,4.930356979370117,1.2848709049549767,1.2874778590404088,2.3439007113057593,2.306004532089634,0.5428514926993611,0.9166666666666666,1.0,5.064961616995545,7.712506803241911,True
D1,96,61,SeasonalNaive,h1,1,ARIMA,8.255850315093994,4.930356979370117,0.34143662415218895,0.2619907316477595,0.5509766529935229,0.5494629467168928,0.180993267913621,1.0,1.0,2.193667775944726,3.3403367933244494,True
D1,96,61,SeasonalNaive,h1_6,1,ARIMA,8.255850315093994,4.930356979370117,0.5430728554638469,0.45856035261494277,0.8745543499598938,0.8703857832482722,0.3266568940307048,1.0,1.0,3.960236512348795,6.030322311120479,True
D1,96,61,SeasonalNaive,h1_12,1,ARIMA,8.255850315093994,4.930356979370117,0.696842216037772,0.6179234394023998,1.1233347932149507,1.1192239961755215,0.4416566729396727,1.0,1.0,5.34688323760548,8.141793850480166,True
D1,96,62,SeasonalNaive,h1,1,ARIMA,8.255850315093994,4.930356979370117,1.2117529745684812,0.9797922119028251,2.4088326752394527,2.4381987391979916,0.401279826146643,0.0,1.0,2.081741456714337,3.1699046037438454,True
D1,96,62,SeasonalNaive,h1_6,1,ARIMA,8.255850315093994,4.930356979370117,0.969923598730691,0.8907140995828784,1.8960454628895815,1.8875637356807375,0.408721807657884,0.8333333333333334,1.0,3.758175516162563,5.72264045178971,True
D1,96,62,SeasonalNaive,h1_12,1,ARIMA,8.255850315093994,4.930356979370117,1.2805947018840225,1.2335552971641432,2.5425113877076044,2.5717977327297956,0.5481069675591432,0.8333333333333334,1.0,5.074072118847008,7.726379525845488,True
D1,96,63,SeasonalNaive,h1,1,ARIMA,8.255850315093994,4.930356979370117,0.5829288726827145,0.46560086568152365,0.8809545269179933,0.8848520992303426,0.21636255635244195,1.0,1.0,2.1074072368588497,3.2089863419569884,True
D1,96,63,SeasonalNaive,h1_6,1,ARIMA,8.255850315093994,4.930356979370117,0.9222406602031369,0.9145196379046449,1.399864474283316,1.4124915112902305,0.4045962576389634,0.8333333333333334,1.0,3.804510043551266,5.793194857673319,True
D1,96,63,SeasonalNaive,h1_12,1,ARIMA,8.255850315093994,4.930356979370117,1.4038122660461445,1.3222070561133001,2.1423849151858927,2.173693822182388,0.5537716590479662,0.9166666666666666,1.0,5.1366303289550475,7.82163802088283,True
D1,96,64,SeasonalNaive,h1,1,ARIMA,8.255850315093994,4.930356979370117,2.011892116981084,1.6382257816262817,4.132407380651823,4.21959276201735,0.7616043633900027,0.0,0.0,2.067176752191434,3.1477266700862243,True
D1,96,64,SeasonalNaive,h1_6,1,ARIMA,8.255850315093994,4.930356979370117,0.9475579309492123,0.953079589621369,1.9348454720281207,1.963778272457602,0.45072718829518893,0.8333333333333334,0.8333333333333334,3.7318818014644295,5.682602546505025,True
D1,96,64,SeasonalNaive,h1_12,1,ARIMA,8.255850315093994,4.930356979370117,0.7267129568621464,0.7571921760531112,1.4783247565043633,1.494743800367504,0.4721810529793286,0.9166666666666666,0.9166666666666666,5.0385718597247475,7.672322652229989,True
D1,96,65,SeasonalNaive,h1,1,ARIMA,8.255850315093994,4.930356979370117,0.33746435048608436,0.2621067165511706,0.5460255966863684,0.5475203974449325,0.1788333212265783,1.0,1.0,2.16718721809277,3.3000143786586404,True
D1,96,65,SeasonalNaive,h1_6,1,ARIMA,8.255850315093994,4.930356979370117,1.5997429532665206,1.48695847487236,2.6299376942431856,2.6805397303569873,0.5727421058947644,0.6666666666666666,1.0,3.912431063765064,5.957528107469089,True
D1,96,65,SeasonalNaive,h1_12,1,ARIMA,8.255850315093994,4.930356979370117,1.3535783041371146,1.2369114752738537,2.2138184788522555,2.2447150028887504,0.5719090230625127,0.8333333333333334,1.0,5.282339074421915,8.04351130950445,True
D1,96,66,SeasonalNaive,h1,1,ARIMA,8.255850315093994,4.930356979370117,0.23906809430157014,0.18937411170216778,0.4583156121198484,0.45936829041590044,0.16901782950841693,1.0,1.0,2.124944984565287,3.2356913811512666,True
D1,96,66,SeasonalNaive,h1_6,1,ARIMA,8.255850315093994,4.930356979370117,1.0333887092688774,1.0551197853961434,1.965031439131127,1.954682890432768,0.42907141911482255,0.8333333333333334,1.0,3.8361710040544836,5.8414055632508015,True
D1,96,66,SeasonalNaive,h1_12,1,ARIMA,8.255850315093994,4.930356979370117,1.0588153322041032,1.1304904528897728,2.040873513730344,2.0581743705669515,0.5210690015546813,0.9166666666666666,1.0,5.179377134221161,7.8867293387174024,True
D1,96,67,SeasonalNaive,h1,1,ARIMA,8.255850315093994,4.930356979370117,1.4886741862374877,1.1910121883169786,2.3994744165707083,2.371028307743728,0.5082259449328592,0.0,1.0,2.1039244053074215,3.2036829726393057,True
D1,96,67,SeasonalNaive,h1_6,1,ARIMA,8.255850315093994,4.930356979370117,1.713959726609241,1.441978055342774,2.7746671044351316,2.7545861351109853,0.5932386115400335,0.3333333333333333,1.0,3.798222474928729,5.783620665518641,True
D1,96,67,SeasonalNaive,h1_12,1,ARIMA,8.255850315093994,4.930356979370117,1.5358477751598174,1.310196205035087,2.500156555697119,2.4958471205424604,0.5967592447721285,0.6666666666666666,1.0,5.128141215951739,7.808711498089094,True
D1,96,68,SeasonalNaive,h1,1,ARIMA,8.255850315093994,4.930356979370117,0.7525888961903793,0.6268561225365112,1.4078785586276426,1.4178594280672623,0.25341100543490896,1.0,1.0,2.0208617971921647,3.077202067426842,True
D1,96,68,SeasonalNaive,h1_6,1,ARIMA,8.255850315093994,4.930356979370117,2.1815318053177077,2.0905768240326617,4.164458482444937,4.283384755260353,0.7868017330015674,0.5,0.6666666666666666,3.6482692426863053,5.555284221673321,True
D1,96,68,SeasonalNaive,h1_12,1,ARIMA,8.255850315093994,4.930356979370117,1.8649486863863909,1.7516757642925407,3.542697331614176,3.625210520203861,0.7000305018071664,0.75,0.8333333333333334,4.925682998771614,7.500424783312333,True
D1,96,69,SeasonalNaive,h1,1,ARIMA,8.255850315093994,4.930356979370117,1.9090436831002,1.4954773174829945,3.160158717030644,3.1110024101056504,0.7005399895712806,0.0,0.0,2.148734294706062,3.271915785239459,True
D1,96,69,SeasonalNaive,h1_6,1,ARIMA,8.255850315093994,4.930356979370117,0.9381531089051648,0.8312842610544583,1.5763940841673292,1.5752490593285884,0.4219542688880785,0.8333333333333334,0.8333333333333334,3.8791179332368393,5.906801613318753,True
D1,96,69,SeasonalNaive,h1_12,1,ARIMA,8.255850315093994,4.930356979370117,0.7746702127375549,0.7188950410528333,1.3047922057600738,1.3068960266243035,0.47239519348638215,0.9166666666666666,0.9166666666666666,5.237361604349588,7.975023318842987,True
D1,96,70,SeasonalNaive,h1,1,ARIMA,8.255850315093994,4.930356979370117,0.14979256904502247,0.11962156746148246,0.2552813066048054,0.25495587925489155,0.16280083971439513,1.0,1.0,2.1077905835052926,3.2095700706882715,True
D1,96,70,SeasonalNaive,h1_6,1,ARIMA,8.255850315093994,4.930356979370117,1.5795436540754086,1.6159271382559488,2.7564832389547296,2.8210727272784824,0.5961906556057242,0.6666666666666666,0.8333333333333334,3.8052021006634544,5.794248665301004,True
D1,96,70,SeasonalNaive,h1_12,1,ARIMA,8.255850315093994,4.930356979370117,1.832242994138936,1.7798292574409327,3.2008827780928923,3.279588011050135,0.7082029290764329,0.6666666666666666,0.9166666666666666,5.137564704606873,7.823060811244612,True
D1,96,71,SeasonalNaive,h1,1,ARIMA,8.255850315093994,4.930356979370117,0.8480790151009029,0.7064572950644465,1.6574639547760863,1.6713146739216538,0.27993200094267023,1.0,1.0,2.0206778579345226,3.0769219798599012,True
D1,96,71,SeasonalNaive,h1_6,1,ARIMA,8.255850315093994,4.930356979370117,1.1248879896064512,1.0623407706350145,2.211027035929891,2.2426644732208194,0.44990294769323136,0.8333333333333334,1.0,3.647937176467276,5.554778578557526,True
D1,96,71,SeasonalNaive,h1_12,1,ARIMA,8.255850315093994,4.930356979370117,1.3687155058390306,1.3837342067576273,2.705869691060631,2.761341655790151,0.5625805426444849,0.9166666666666666,1.0,4.925234662089005,7.499742093101378,True
D1,96,72,SeasonalNaive,h1,1,ARIMA,8.255850315093994,4.930356979370117,0.05374268905991764,0.04408054038537254,0.10070950080005331,0.10065881430535423,0.1533903459181022,1.0,1.0,2.052197539626467,3.1249175576880637,True
D1,96,72,SeasonalNaive,h1_6,1,ARIMA,8.255850315093994,4.930356979370117,1.029192707450816,1.0223836297256765,1.9065557511894875,1.8843288129996318,0.4041543504237243,1.0,1.0,3.704839773871883,5.641425171916216,True
D1,96,72,SeasonalNaive,h1_12,1,ARIMA,8.255850315093994,4.930356979370117,0.9641537229030935,0.9324282262170066,1.7897815629439682,1.7725436883249215,0.4709487752154733,1.0,1.0,5.00206127163371,7.616727332791119,True
D1,96,73,SeasonalNaive,h1,1,ARIMA,8.255850315093994,4.930356979370117,1.9495812466832552,1.5550105702286132,3.516048188546493,3.578967295935194,0.7253457153385182,0.0,0.0,2.110350894326024,3.2134687013426473,True
D1,96,73,SeasonalNaive,h1_6,1,ARIMA,8.255850315093994,4.930356979370117,2.8313823071185884,2.347641851664652,5.158270572469155,5.307045315628756,1.0096124551871073,0.16666666666666666,0.3333333333333333,3.8098242392144166,5.801286877574962,True
D1,96,73,SeasonalNaive,h1_12,1,ARIMA,8.255850315093994,4.930356979370117,2.2059963175719193,1.910931290944128,4.00231919741831,4.100002480188921,0.8294010937059069,0.5833333333333334,0.6666666666666666,5.143805249852838,7.832563400070552,True
D1,96,74,SeasonalNaive,h1,1,ARIMA,8.255850315093994,4.930356979370117,1.9495723848895314,1.567555158818018,3.180508687811281,3.2319041844960976,0.7273386284426315,0.0,0.0,2.09345298796072,3.187737959896254,True
D1,96,74,SeasonalNaive,h1_6,1,ARIMA,8.255850315093994,4.930356979370117,1.1528105199978704,1.1953613348185648,1.8706750688141105,1.8911782017619054,0.5347971330981839,0.6666666666666666,0.6666666666666666,3.779318386640065,5.754835075308805,True
D1,96,74,SeasonalNaive,h1_12,1,ARIMA,8.255850315093994,4.930356979370117,0.7946826931532325,0.8922389841570995,1.2864567796598358,1.2973243584987275,0.5150014066885811,0.8333333333333334,0.8333333333333334,5.102618004780468,7.769846852177764,True
D1,96,75,SeasonalNaive,h1,1,ARIMA,8.255850315093994,4.930356979370117,0.42104329394664614,0.32627145867092683,0.6423382821141532,0.6444079215005403,0.1930451538303916,1.0,1.0,2.1721726925331826,3.3076058489296316,True
D1,96,75,SeasonalNaive,h1_6,1,ARIMA,8.255850315093994,4.930356979370117,0.9714712660548219,0.9104138574344515,1.4927865649035759,1.5086933182150142,0.4167060373184201,0.8333333333333334,1.0,3.9214313591274004,5.971233016698865,True
D1,96,75,SeasonalNaive,h1_12,1,ARIMA,8.255850315093994,4.930356979370117,0.8327771034135618,0.803022244976414,1.2712409344208149,1.2763794834550617,0.47777440616046146,0.9166666666666666,1.0,5.2944907548218945,8.062014888572287,True
D1,96,76,SeasonalNaive,h1,1,ARIMA,8.255850315093994,4.930356979370117,0.18911847990500927,0.1506928920479063,0.29991668949892564,0.2994676128236745,0.1653276131131801,1.0,1.0,2.112457013546314,3.216675726398958,True
D1,96,76,SeasonalNaive,h1_6,1,ARIMA,8.255850315093994,4.930356979370117,1.8284050030855914,1.73980726738132,2.8656236181620693,2.8300472346352348,0.6517761579669705,0.6666666666666666,0.8333333333333334,3.8136264239969195,5.807076531716437,True
D1,96,76,SeasonalNaive,h1_12,1,ARIMA,8.255850315093994,4.930356979370117,1.5729188506426888,1.5199687129802861,2.4634543529863078,2.4306184217024835,0.6448022219776929,0.8333333333333334,0.9166666666666666,5.148938740748257,7.840380257620361,True
D1,96,77,SeasonalNaive,h1,1,ARIMA,8.255850315093994,4.930356979370117,0.8846800304067466,0.7013714351841291,1.6323426669718384,1.6457750108238574,0.29234868996880486,1.0,1.0,2.123170295102713,3.2329890300598434,True
D1,96,77,SeasonalNaive,h1_6,1,ARIMA,8.255850315093994,4.930356979370117,1.3685021482692992,1.4765527068338975,2.5600995604664454,2.6197464385703735,0.60367540258114,0.8333333333333334,0.8333333333333334,3.832967150633825,5.8365269988761925,True
D1,96,77,SeasonalNaive,h1_12,1,ARIMA,8.255850315093994,4.930356979370117,1.6767028702254572,1.6786175504955667,3.0516864982881824,3.039226186923158,0.6949244403722263,0.8333333333333334,0.9166666666666666,5.175051475867864,7.880142582093944,True
D1,96,78,SeasonalNaive,h1,1,ARIMA,8.255850315093994,4.930356979370117,0.05263576082612534,0.04223138579093563,0.0975196304065315,0.0975672039948984,0.15668100701778662,1.0,1.0,2.0979360789074852,3.194564441919422,True
D1,96,78,SeasonalNaive,h1_6,1,ARIMA,8.255850315093994,4.930356979370117,0.1348803526286743,0.1757652217327083,0.2489713752644669,0.24817539211353573,0.2850710665901016,1.0,1.0,3.787411727231674,5.767158948438318,True
D1,96,78,SeasonalNaive,h1_12,1,ARIMA,8.255850315093994,4.930356979370117,0.5975938824085705,0.7257222922102785,1.0974518880595225,1.0886931912229598,0.4285202281652157,1.0,1.0,5.113545167087709,7.78648583584783,True
D1,96,79,SeasonalNaive,h1,1,ARIMA,8.255850315093994,4.930356979370117,0.5100386116967565,0.4240596699565334,0.9034317284256721,0.9075311907871373,0.19952575680959103,1.0,1.0,2.0245232261301433,3.0827773901496967,True
D1,96,79,SeasonalNaive,h1_6,1,ARIMA,8.255850315093994,4.930356979370117,1.0268119704768965,0.9990239681380793,1.7921714779196412,1.774355159955303,0.3910640487416459,1.0,1.0,3.654879233828311,5.565349372311583,True
D1,96,79,SeasonalNaive,h1_12,1,ARIMA,8.255850315093994,4.930356979370117,0.9290180796034777,0.8690381875383424,1.6325886137322683,1.6274158142695085,0.44908760066447734,1.0,1.0,4.93460742808984,7.5140141699724206,True
D1,96,80,SeasonalNaive,h1,1,ARIMA,8.255850315093994,4.930356979370117,0.21924368603600813,0.18398615012448927,0.3644066947280687,0.3650718678916517,0.15918473459406524,1.0,1.0,2.0058046909492546,3.0542743449450187,True
D1,96,80,SeasonalNaive,h1_6,1,ARIMA,8.255850315093994,4.930356979370117,1.656231307960508,1.5908497292855466,2.699512808477188,2.6529743760167164,0.5716494793946789,0.6666666666666666,1.0,3.6210865933501704,5.513892719863795,True
D1,96,80,SeasonalNaive,h1_12,1,ARIMA,8.255850315093994,4.930356979370117,1.87654222464307,1.7514992500487823,3.054735050419377,2.9984904391217007,0.6590775065450816,0.75,1.0,4.888982551301905,7.44454036163333,True
D1,96,81,SeasonalNaive,h1,1,ARIMA,8.255850315093994,4.930356979370117,1.0840782246989327,0.8667775332570367,1.6457893355782258,1.6323567588503511,0.35083917913812057,0.0,1.0,2.1052305066843218,3.205671796349476,True
D1,96,81,SeasonalNaive,h1_6,1,ARIMA,8.255850315093994,4.930356979370117,1.5409122737255787,1.483839169724499,2.3287227044174275,2.3004437595539207,0.5944335403232464,0.6666666666666666,0.8333333333333334,3.800580384553121,5.787211096284896,True
D1,96,81,SeasonalNaive,h1_12,1,ARIMA,8.255850315093994,4.930356979370117,1.6723469316195347,1.48302212992033,2.5653664608619744,2.5723121981741595,0.6389503993175532,0.8333333333333334,0.9166666666666666,5.131324729715916,7.813559090908365,True
D1,96,82,SeasonalNaive,h1,1,ARIMA,8.255850315093994,4.930356979370117,0.9184016367146066,0.7512215708412157,1.3472092293109932,1.3381950854622264,0.3002817489717072,1.0,1.0,2.0578384551486946,3.1335070797084517,True
D1,96,82,SeasonalNaive,h1_6,1,ARIMA,8.255850315093994,4.930356979370117,0.6380798784919293,0.579266798862697,0.9379206627331185,0.9335545459244704,0.3337616336005138,1.0,1.0,3.715023339432331,5.656931867643709,True
D1,96,82,SeasonalNaive,h1_12,1,ARIMA,8.255850315093994,4.930356979370117,2.153232153376831,2.2067930799821953,3.2567548273169127,3.338461978052967,0.7799972258770891,0.6666666666666666,0.9166666666666666,5.015810535301277,7.637663580209033,True
D1,96,83,SeasonalNaive,h1,1,ARIMA,8.255850315093994,4.930356979370117,1.5699393466724054,1.3145671443623985,2.696495888115691,2.7333481990128234,0.5473585593511398,0.0,0.0,2.010234768528241,3.0610201025736865,True
D1,96,83,SeasonalNaive,h1_6,1,ARIMA,8.255850315093994,4.930356979370117,2.3009943858542328,2.0844644683147218,3.9909347387739302,4.087340336228273,0.7843099915398188,0.16666666666666666,0.6666666666666666,3.629084228713727,5.526070860946699,True
D1,96,83,SeasonalNaive,h1_12,1,ARIMA,8.255850315093994,4.930356979370117,3.1994262653324306,3.026158039859604,5.617364256383039,5.829226258982274,1.1567104792379423,0.16666666666666666,0.6666666666666666,4.899780497922651,7.460982586287925,True
D1,96,84,SeasonalNaive,h1,1,ARIMA,8.255850315093994,4.930356979370117,1.9054359926038755,1.5045061890834843,3.318343007209296,3.374328910937463,0.7007374369091999,0.0,0.0,2.1318029825672125,3.24613417622974,True
D1,96,84,SeasonalNaive,h1_6,1,ARIMA,8.255850315093994,4.930356979370117,1.8344410063907952,1.5960237868060458,3.20366431971566,3.267295244070346,0.6494210079895832,0.5,0.8333333333333334,3.8485517730964944,5.860257979653226,True
D1,96,84,SeasonalNaive,h1_12,1,ARIMA,8.255850315093994,4.930356979370117,1.4644551300772972,1.3247671293894956,2.5355757885833654,2.5639737942331933,0.613523426918882,0.75,0.9166666666666666,5.1960929354752,7.912182785484072,True
D1,96,85,SeasonalNaive,h1,1,ARIMA,8.255850315093994,4.930356979370117,0.5999367252913903,0.4831725662956893,1.0151770405878335,1.010050142017739,0.21821351235988645,1.0,1.0,2.09001719893358,3.182506223063852,True
D1,96,85,SeasonalNaive,h1_6,1,ARIMA,8.255850315093994,4.930356979370117,3.3588253647924553,3.0147882119818648,5.921710143091242,6.148627905710807,1.2823650176530583,0.16666666666666666,0.3333333333333333,3.773115744059808,5.745390201543569,True
D1,96,85,SeasonalNaive,h1_12,1,ARIMA,8.255850315093994,4.930356979370117,2.5719595635605117,2.4284448272096224,4.507579096662826,4.651172591314084,1.0036269519960086,0.5,0.6666666666666666,5.094243554027889,7.7570949276249825,True
D1,96,86,SeasonalNaive,h1,1,ARIMA,8.255850315093994,4.930356979370117,1.8540106342704352,1.4438579240554654,3.0683188263561942,3.1161251537285315,0.6715267863041948,0.0,0.0,2.1613964796331917,3.291196718596717,True
D1,96,86,SeasonalNaive,h1_6,1,ARIMA,8.255850315093994,4.930356979370117,1.7046680067842772,1.4239356785869544,2.7933970100106684,2.809820815880102,0.6227394231345471,0.5,0.8333333333333334,3.901977022304201,5.941609553295305,True
D1,96,86,SeasonalNaive,h1_12,1,ARIMA,8.255850315093994,4.930356979370117,2.5441709609079055,2.1380730757767816,4.078584956770071,4.015190668114366,0.8753712759020227,0.4166666666666667,0.9166666666666666,5.268224629772456,8.022018994534546,True
D1,96,87,SeasonalNaive,h1,1,ARIMA,8.255850315093994,4.930356979370117,0.5782027757938458,0.44562436936428196,0.8584635952710782,0.862164278502265,0.2199089285575391,1.0,1.0,2.1840265787668383,3.325655971543596,True
D1,96,87,SeasonalNaive,h1_6,1,ARIMA,8.255850315093994,4.930356979370117,1.019189251488331,0.8421490369125958,1.5103110949609186,1.5141383469917689,0.39381534913599037,1.0,1.0,3.9428312235874934,6.00381896950907,True
D1,96,87,SeasonalNaive,h1_12,1,ARIMA,8.255850315093994,4.930356979370117,0.9419171511164973,0.8059665286032148,1.3980082330907142,1.4037540495234908,0.4758677563992627,1.0,1.0,5.3233836192283235,8.106010565173671,True
D1,96,88,SeasonalNaive,h1,1,ARIMA,8.255850315093994,4.930356979370117,0.8693003993660595,0.6759177240030091,1.5929262202102863,1.5803393998758182,0.28899089601532724,1.0,1.0,2.1648246479674653,3.2964168512650565,True
D1,96,88,SeasonalNaive,h1_6,1,ARIMA,8.255850315093994,4.930356979370117,1.5184482464859177,1.4993606896907141,2.742872603388278,2.6838761437595933,0.643058131039423,0.5,0.8333333333333334,3.908165907219558,5.951033478020421,True
D1,96,88,SeasonalNaive,h1_12,1,ARIMA,8.255850315093994,4.930356979370117,2.644234127550215,2.4368462543749354,4.722953724408868,4.573196505017952,0.967789305747823,0.4166666666666667,0.75,5.2765805057183,8.034742634899976,True
D1,96,89,SeasonalNaive,h1,1,ARIMA,8.255850315093994,4.930356979370117,0.06519667800225529,0.05239348178917657,0.11961786603393945,0.11954636662759893,0.15713214009866497,1.0,1.0,2.0945700377732637,3.1894389114394683,True
D1,96,89,SeasonalNaive,h1_6,1,ARIMA,8.255850315093994,4.930356979370117,0.7331676481106975,0.6992038231332741,1.3583741749381326,1.3710690097223768,0.35795748863202925,0.8333333333333334,1.0,3.7813350007792885,5.757905809392171,True
D1,96,89,SeasonalNaive,h1_12,1,ARIMA,8.255850315093994,4.930356979370117,1.3994894826646802,1.3973691470612368,2.5320133405976804,2.4971655759699023,0.5581705167000091,0.8333333333333334,1.0,5.105340721038474,7.773992780469242,True
D1,96,90,SeasonalNaive,h1,1,ARIMA,8.255850315093994,4.930356979370117,0.5716602393044942,0.45900618104698115,1.2451791354765662,1.2529800586072959,0.2138596252083261,1.0,1.0,2.0963612938309932,3.192166488778897,True
D1,96,90,SeasonalNaive,h1_6,1,ARIMA,8.255850315093994,4.930356979370117,1.070895827131358,1.0717444980505964,2.2798288196409136,2.2431113617322707,0.44019004868914374,0.8333333333333334,1.0,3.78456876193518,5.762829914805165,True
D1,96,90,SeasonalNaive,h1_12,1,ARIMA,8.255850315093994,4.930356979370117,1.526976176219504,1.527021593633671,3.224613636300456,3.148358906953265,0.6043857404902918,0.8333333333333334,1.0,5.109706759093257,7.780641023979663,True
D1,96,91,SeasonalNaive,h1,1,ARIMA,8.255850315093994,4.930356979370117,1.0533606370147162,0.8303005172349837,1.6021434410926183,1.615081401463546,0.339473854674161,1.0,1.0,2.1354453244802145,3.2516804348014734,True
D1,96,91,SeasonalNaive,h1_6,1,ARIMA,8.255850315093994,4.930356979370117,1.122702891937553,0.9633336165642128,1.6891443341411478,1.684615781912561,0.4301115111626529,1.0,1.0,3.855127306362062,5.870270660672462,True
D1,96,91,SeasonalNaive,h1_12,1,ARIMA,8.255850315093994,4.930356979370117,0.9437833445873904,0.8685182645149121,1.4224199322892146,1.4210707786844143,0.48822555106833315,1.0,1.0,5.204970841753361,7.925701330686686,True
D1,96,92,SeasonalNaive,h1,1,ARIMA,8.255850315093994,4.930356979370117,0.6191104072480211,0.4876985866975052,1.0485240132813456,1.0540499969463324,0.22405528157239218,1.0,1.0,2.1367971073867214,3.25373881858622,True
D1,96,92,SeasonalNaive,h1_6,1,ARIMA,8.255850315093994,4.930356979370117,0.6710023091019462,0.5794324927355042,1.1328627208917181,1.1353688745915347,0.3411952463954352,1.0,1.0,3.8575676850200287,5.873986668497447,True
D1,96,92,SeasonalNaive,h1_12,1,ARIMA,8.255850315093994,4.930356979370117,1.3493313532531779,1.307248604094319,2.3105566564857187,2.3495808815235413,0.5516375311005973,0.9166666666666666,1.0,5.208265700456616,7.930718470417676,True
D1,96,93,SeasonalNaive,h1,1,ARIMA,8.255850315093994,4.930356979370117,0.7125580411287687,0.5683645196927652,1.1074764142068196,1.1136430814395142,0.24425406786916803,1.0,1.0,2.110279430852831,3.2133598826457273,True
D1,96,93,SeasonalNaive,h1_6,1,ARIMA,8.255850315093994,4.930356979370117,2.0886512008785605,1.8666477787644886,3.2952976840919446,3.3654225302906413,0.7456959841543417,0.5,0.8333333333333334,3.809695225943156,5.801090426780756,True
D1,96,93,SeasonalNaive,h1_12,1,ARIMA,8.255850315093994,4.930356979370117,3.5996103593328694,3.230939317384704,5.7679219060013525,5.989826164970088,1.2933541397470638,0.25,0.6666666666666666,5.143631063564878,7.832298163523368,True
D1,96,94,SeasonalNaive,h1,1,ARIMA,8.255850315093994,4.930356979370117,0.16988448874294532,0.14168564607969097,0.3240976627301148,0.32357331595300376,0.15735452883889137,1.0,1.0,2.0182480997450356,3.073222144010439,True
D1,96,94,SeasonalNaive,h1_6,1,ARIMA,8.255850315093994,4.930356979370117,1.4785581319345662,1.4597924201584258,2.8823225803784314,2.9419957524538134,0.5200849297987853,0.6666666666666666,1.0,3.6435507250621195,5.548099251276778,True
D1,96,94,SeasonalNaive,h1_12,1,ARIMA,8.255850315093994,4.930356979370117,1.3178676355029963,1.2787271356344305,2.5619457257215426,2.6074620792240433,0.5388099414709833,0.8333333333333334,1.0,4.91931232805222,7.490724050122235,True
D1,96,95,SeasonalNaive,h1,1,ARIMA,8.255850315093994,4.930356979370117,0.4101815262200357,0.3311681250802747,0.7237228494455058,0.721113418156697,0.18629520374766045,1.0,1.0,2.084847278115594,3.17463389302542,True
D1,96,95,SeasonalNaive,h1_6,1,ARIMA,8.255850315093994,4.930356979370117,0.5191457886062774,0.47694201619733034,0.9217458216143953,0.924266563197213,0.31628714511072686,1.0,1.0,3.7637824669729674,5.731178255141586,True
D1,96,95,SeasonalNaive,h1_12,1,ARIMA,8.255850315093994,4.930356979370117,1.6330331268568266,1.6524628301407058,2.8317415782557207,2.7749229508940054,0.6187698882024455,0.9166666666666666,1.0,5.081642300882537,7.737906776171512,True
D1,96,96,SeasonalNaive,h1,1,ARIMA,8.255850315093994,4.930356979370117,1.4938432758408084,1.1681834637093853,2.7749885593956174,2.7370126652309335,0.5086041675509234,0.0,1.0,2.1524876179731924,3.27763103708567,True
D1,96,96,SeasonalNaive,h1_6,1,ARIMA,8.255850315093994,4.930356979370117,2.2829658559802746,1.8619890547518307,4.202393894461125,4.108880214154645,0.7664523042044148,0.3333333333333333,1.0,3.885893821549615,5.917119378518575,True
D1,96,96,SeasonalNaive,h1_12,1,ARIMA,8.255850315093994,4.930356979370117,2.371805021339184,1.9085309865639148,4.364766476640336,4.266491654639876,0.7974965093305327,0.6666666666666666,1.0,5.24651001847245,7.98895377113402,True
D1,96,97,SeasonalNaive,h1,1,ARIMA,8.255850315093994,4.930356979370117,0.144518097021107,0.11245290218903402,0.24595119540756225,0.24564910695003644,0.166569318507235,1.0,1.0,2.1632078269363757,3.2939548892316086,True
D1,96,97,SeasonalNaive,h1_6,1,ARIMA,8.255850315093994,4.930356979370117,2.3212130934013135,2.1135400674345384,4.065705377620577,4.183503801528688,0.846178932606874,0.6666666666666666,0.8333333333333334,3.9052470542594753,5.946588888897226,True
D1,96,97,SeasonalNaive,h1_12,1,ARIMA,8.255850315093994,4.930356979370117,1.7961145502049394,1.6756146822742677,3.1228308287364577,3.189252324845979,0.7258143980187443,0.8333333333333334,0.9166666666666666,5.272639638571444,8.028741806664906,True
D1,96,98,SeasonalNaive,h1,1,ARIMA,8.255850315093994,4.930356979370117,0.8851030061843869,0.6967431526199679,1.4361189459428574,1.4465057172728082,0.2927981930398985,1.0,1.0,2.1382958156183274,3.256020928166992,True
D1,96,98,SeasonalNaive,h1_6,1,ARIMA,8.255850315093994,4.930356979370117,1.5684170147271175,1.4053041168828728,2.5688802362866023,2.6128403666543143,0.544692455362867,0.8333333333333334,1.0,3.860273308508354,5.878106569325661,True
D1,96,98,SeasonalNaive,h1_12,1,ARIMA,8.255850315093994,4.930356979370117,3.046537677836784,2.733394903428797,5.070155862312137,5.244953797417188,1.053108980286277,0.5,0.8333333333333334,5.211918677452284,7.9362809232182325,True
D1,96,99,SeasonalNaive,h1,1,ARIMA,8.255850315093994,4.930356979370117,0.5898439748682425,0.45222475985376254,0.8431304712641589,0.8395910472873162,0.22249700489139232,1.0,1.0,2.1954800259264537,3.3430963384839374,True
D1,96,99,SeasonalNaive,h1_6,1,ARIMA,8.255850315093994,4.930356979370117,1.609507484132579,1.5800859495720474,2.276532076904836,2.244558310343949,0.6558438724529241,0.6666666666666666,0.6666666666666666,3.9635081739129623,6.035304128156738,True
D1,96,99,SeasonalNaive,h1_12,1,ARIMA,8.255850315093994,4.930356979370117,1.3616498822800724,1.3289690763522293,1.9300854316091087,1.9067635042656177,0.6273255081388659,0.8333333333333334,0.8333333333333334,5.351300446608536,8.14852001290025,True
D1,96,100,SeasonalNaive,h1,1,ARIMA,8.255850315093994,4.930356979370117,1.1103493717360013,0.8770568105197688,1.81245421638444,1.7961767755335027,0.36019054484364377,0.0,1.0,2.130976230339183,3.2448752659623956,True
D1,96,100,SeasonalNaive,h1_6,1,ARIMA,8.255850315093994,4.930356979370117,0.7906877371342377,0.7419608900130235,1.3000691063354142,1.297909699558055,0.3782678280853184,0.8333333333333334,1.0,3.8470592342553798,5.857985264312681,True
D1,96,100,SeasonalNaive,h1_12,1,ARIMA,8.255850315093994,4.930356979370117,0.881613619374896,0.8887888225527968,1.4471061747466323,1.4424629021345754,0.4760483349184626,0.9166666666666666,1.0,5.194077795499051,7.909114296134932,True
D1,96,101,SeasonalNaive,h1,1,ARIMA,8.255850315093994,4.930356979370117,1.1537276008521944,0.9428666875380811,2.157481392540737,2.134456145455663,0.37945579683400815,0.0,1.0,2.0596796121235803,3.1363106420586684,True
D1,96,101,SeasonalNaive,h1_6,1,ARIMA,8.255850315093994,4.930356979370117,0.8765846155384428,0.8155521916606507,1.6610162944106537,1.6653506659783535,0.3832071740462757,0.8333333333333334,1.0,3.7183471868977,5.661993149076445,True
D1,96,101,SeasonalNaive,h1_12,1,ARIMA,8.255850315093994,4.930356979370117,1.0164172591535265,1.005372528597458,1.9055897701624875,1.8905991281494152,0.4885792240329956,0.9166666666666666,1.0,5.0202982027023335,7.64449703088025,True
D1,96,102,SeasonalNaive,h1,1,ARIMA,8.255850315093994,4.930356979370117,0.637631359161614,0.5066110687887516,1.0857414900426932,1.0798791420986522,0.22611075509554682,1.0,1.0,2.118564414099467,3.2259755734418722,True
D1,96,102,SeasonalNaive,h1_6,1,ARIMA,8.255850315093994,4.930356979370117,0.6342846733844465,0.7389653054074972,1.0747530294479037,1.0639406817179164,0.3547885915735188,1.0,1.0,3.8246521367011685,5.823865579822297,True
D1,96,102,SeasonalNaive,h1_12,1,ARIMA,8.255850315093994,4.930356979370117,0.8521445088519233,0.8640605725423713,1.4461941647452667,1.4339451193932262,0.46540163818918456,1.0,1.0,5.163825022983462,7.8630478633587195,True
D1,96,103,SeasonalNaive,h1,1,ARIMA,8.255850315093994,4.930356979370117,2.916743420157937,2.2938870695842453,4.57400706439402,4.4717382526063085,1.2053878334121109,0.0,0.0,2.140291235639539,3.2590593895913145,True
D1,96,103,SeasonalNaive,h1_6,1,ARIMA,8.255850315093994,4.930356979370117,3.230479087625814,2.553704414530118,5.052285634226922,4.92663488770653,1.1710676310286665,0.0,0.5,3.8638756476191833,5.883591914921697,True
D1,96,103,SeasonalNaive,h1_12,1,ARIMA,8.255850315093994,4.930356979370117,3.4975455221436422,2.802503777158743,5.45443749602342,5.3046921175373605,1.2181358734646561,0.08333333333333333,0.6666666666666666,5.2167823482325035,7.943686920897528,True
D1,96,104,SeasonalNaive,h1,1,ARIMA,8.255850315093994,4.930356979370117,1.048065491960156,0.8243901483154712,1.6309645705932438,1.6443741504945235,0.33810171751062573,1.0,1.0,2.139943506144781,3.258529895728023,True
D1,96,104,SeasonalNaive,h1_6,1,ARIMA,8.255850315093994,4.930356979370117,0.8172408863740785,0.747667279165935,1.2655726499625872,1.2698775255222596,0.3928350790296202,1.0,1.0,3.8632478902820604,5.882636017700858,True
D1,96,104,SeasonalNaive,h1_12,1,ARIMA,8.255850315093994,4.930356979370117,0.8322008563974149,0.8205096708610004,1.2913951921226952,1.2985456681442882,0.48048990896944455,1.0,1.0,5.215934786433434,7.942396323527639,True
D1,96,105,SeasonalNaive,h1,1,ARIMA,8.255850315093994,4.930356979370117,1.8693803136011382,1.5476157434633748,3.173491969759644,3.1239232431285737,0.6943639257473596,0.0,0.0,2.033205170204629,3.0959975402324336,True
D1,96,105,SeasonalNaive,h1_6,1,ARIMA,8.255850315093994,4.930356979370117,1.5797004115936653,1.43212911798247,2.6812406536827855,2.639052018884871,0.596336677347922,0.6666666666666666,0.6666666666666666,3.6705527794303507,5.5892157579286135,True
D1,96,105,SeasonalNaive,h1_12,1,ARIMA,8.255850315093994,4.930356979370117,1.4320494375389397,1.349712992800539,2.431418826152493,2.3939090639620035,0.6044049156570831,0.8333333333333334,0.8333333333333334,4.955768946598161,7.546237189178471,True
D1,96,106,SeasonalNaive,h1,1,ARIMA,8.255850315093994,4.930356979370117,1.2759866370348045,0.9914148589770839,2.1559126279754213,2.179405668991724,0.42341482431350985,0.0,1.0,2.166393690310046,3.2988060598428808,True
D1,96,106,SeasonalNaive,h1_6,1,ARIMA,8.255850315093994,4.930356979370117,1.5943953250626548,1.4088754388754203,2.712008716043876,2.7607385644707993,0.5607932034230527,0.6666666666666666,1.0,3.910998505137371,5.955346725062348,True
D1,96,106,SeasonalNaive,h1_12,1,ARIMA,8.255850315093994,4.930356979370117,1.1488251730552699,1.1724571374611135,1.9519218204503617,1.9848169220668,0.5679705460377533,0.8333333333333334,1.0,5.280404916275196,8.040566132621947,True
D1,96,107,SeasonalNaive,h1,1,ARIMA,8.255850315093994,4.930356979370117,0.3284656233212321,0.26202463768367723,0.6235899387631519,0.6255403420812135,0.1741019803297098,1.0,1.0,2.1100583939716446,3.2130233058700735,True
D1,96,107,SeasonalNaive,h1_6,1,ARIMA,8.255850315093994,4.930356979370117,3.069245408372061,2.9332750727915395,5.5783372743632755,5.367818715112791,1.176448153295713,0.3333333333333333,0.5,3.809296187247778,5.800482803488499,True
D1,96,107,SeasonalNaive,h1_12,1,ARIMA,8.255850315093994,4.930356979370117,4.388286452083703,4.0413383187065595,7.872986301936995,7.488479760668583,1.6952770729447457,0.25,0.4166666666666667,5.143092304502176,7.831477785552,True
D1,96,108,SeasonalNaive,h1,1,ARIMA,8.255850315093994,4.930356979370117,1.1779429306927753,0.892773710589547,1.9710717871356782,1.9906907590965122,0.38345492663195974,0.0,1.0,2.220902722938568,3.3818079297040566,True
D1,96,108,SeasonalNaive,h1_6,1,ARIMA,8.255850315093994,4.930356979370117,1.8809812153088306,1.7803412568147607,3.194803573321766,3.2777538381068374,0.7690833744630599,0.5,0.8333333333333334,4.009403862427783,6.105190306311039,True
D1,96,108,SeasonalNaive,h1_12,1,ARIMA,8.255850315093994,4.930356979370117,1.6049671787660926,1.5547340640882452,2.71852974009267,2.7810053553692673,0.7097464265151561,0.75,0.9166666666666666,5.41326616174526,8.242876305346003,True
D1,96,109,SeasonalNaive,h1,1,ARIMA,8.255850315093994,4.930356979370117,0.45726448519541196,0.3666068832135815,0.6839309783333634,0.6816001410767695,0.19497056996097478,1.0,1.0,2.0994886769490457,3.196928610468683,True
D1,96,109,SeasonalNaive,h1_6,1,ARIMA,8.255850315093994,4.930356979370117,1.809600025531075,1.6902613222868919,2.7662701806986756,2.818913657238228,0.6444825978356629,0.6666666666666666,0.8333333333333334,3.7902146381922828,5.771426990624476,True
D1,96,109,SeasonalNaive,h1_12,1,ARIMA,8.255850315093994,4.930356979370117,3.029329541535553,3.0361289781187537,4.714803889322704,4.8989808463012094,1.123485091600128,0.5,0.6666666666666666,5.1173294960248965,7.792248300577251,True
D1,96,110,SeasonalNaive,h1,1,ARIMA,8.255850315093994,4.930356979370117,0.20595386482153769,0.16366690161562913,0.3471844411790926,0.3465828003996973,0.16667981012253866,1.0,1.0,2.118145380148871,3.2253375030201985,True
D1,96,110,SeasonalNaive,h1_6,1,ARIMA,8.255850315093994,4.930356979370117,1.1893120975548173,1.0590339245124392,2.0338388852587492,2.0600695017133774,0.43302485086376435,1.0,1.0,3.8238956531673938,5.82271366894085,True
D1,96,110,SeasonalNaive,h1_12,1,ARIMA,8.255850315093994,4.930356979370117,1.9487153064299785,1.718162543450939,3.3588097759191444,3.430076725384412,0.6728001578348093,0.8333333333333334,1.0,5.162803662488039,7.861492619634254,True
D1,96,111,SeasonalNaive,h1,1,ARIMA,8.255850315093994,4.930356979370117,1.0702592862045066,0.8686572894561486,1.8435361810828073,1.826698259417026,0.34651811260808607,0.0,1.0,2.073897155142168,3.1579599467420847,True
D1,96,111,SeasonalNaive,h1_6,1,ARIMA,8.255850315093994,4.930356979370117,1.1275953140893429,0.9983968705400915,1.9750808305056857,1.990426888593043,0.41843376406643484,0.8333333333333334,1.0,3.7440141696539224,5.70107671852775,True
D1,96,111,SeasonalNaive,h1_12,1,ARIMA,8.255850315093994,4.930356979370117,1.3249749600826541,1.1942542084794168,2.3198344880443327,2.3372136892561066,0.5308792010683873,0.9166666666666666,1.0,5.054952284455077,7.697265415221272,True
D1,96,112,SeasonalNaive,h1,1,ARIMA,8.255850315093994,4.930356979370117,0.3320957591134525,0.2657561384971231,0.6184851126205365,0.6165783898461197,0.17433168838733054,1.0,1.0,2.1034234168963337,3.2029201087084265,True
D1,96,112,SeasonalNaive,h1_6,1,ARIMA,8.255850315093994,4.930356979370117,1.1220202100546641,1.421010420194704,2.1521201877994574,2.212134869893635,0.5038483297782732,0.8333333333333334,0.8333333333333334,3.797318038705689,5.78224346445559,True
D1,96,112,SeasonalNaive,h1_12,1,ARIMA,8.255850315093994,4.930356979370117,1.455736584737354,1.5286200150881282,2.7845838940454013,2.85349167941226,0.6037112259344227,0.9166666666666666,0.9166666666666666,5.12692009825704,7.806852080537672,True
D1,96,113,SeasonalNaive,h1,1,ARIMA,8.255850315093994,4.930356979370117,0.008225841437788296,0.006690790429060815,0.01365100524564448,0.013650073559515658,0.1521241883680967,1.0,1.0,2.0694244996755535,3.1511493550094607,True
D1,96,113,SeasonalNaive,h1_6,1,ARIMA,8.255850315093994,4.930356979370117,0.9233076646754963,0.8533344775039379,1.532492851070813,1.5329470457226906,0.38233501458224145,1.0,1.0,3.735939668273062,5.688781532198264,True
D1,96,113,SeasonalNaive,h1_12,1,ARIMA,8.255850315093994,4.930356979370117,0.911426380467478,0.9079600359560037,1.521671271746193,1.5311814803216466,0.4649958147997406,1.0,1.0,5.044050557765089,7.680665162816301,True
D1,96,114,SeasonalNaive,h1,1,ARIMA,8.255850315093994,4.930356979370117,0.9497622472417053,0.7457971117737063,1.5922997319069754,1.5797227711817747,0.3108752115728722,1.0,1.0,2.1435858667339196,3.264076182738245,True
D1,96,114,SeasonalNaive,h1_6,1,ARIMA,8.255850315093994,4.930356979370117,0.7858734022442635,0.7128491735009941,1.3212959026666917,1.3147240394739226,0.3856725772020233,0.8333333333333334,1.0,3.86982345726374,5.8926487500602045,True
D1,96,114,SeasonalNaive,h1_12,1,ARIMA,8.255850315093994,4.930356979370117,0.6010069417052262,0.5668001239169423,1.0132263993472483,1.0108995954791655,0.4455111218184979,0.9166666666666666,1.0,5.224812738233146,7.955914938046721,True
D1,96,115,SeasonalNaive,h1,1,ARIMA,8.255850315093994,4.930356979370117,0.23706403510173565,0.19159210108896194,0.4138514244398116,0.41470956516116536,0.1658132008125561,1.0,1.0,2.0827385317461897,3.1714228675625953,True
D1,96,115,SeasonalNaive,h1_6,1,ARIMA,8.255850315093994,4.930356979370117,1.2075243632993373,1.128506827996942,2.1212294291548295,2.1398019918893065,0.47265310903817287,0.8333333333333334,0.8333333333333334,3.759975539388494,5.725381379051508,True
D1,96,115,SeasonalNaive,h1_12,1,ARIMA,8.255850315093994,4.930356979370117,1.4142262157771366,1.3355120699350052,2.44643464510603,2.430619254016999,0.5738702446731337,0.9166666666666666,0.9166666666666666,5.076502406529076,7.730080167962676,True
D1,96,116,SeasonalNaive,h1,1,ARIMA,8.255850315093994,4.930356979370117,1.0730243818758451,0.878011814048273,2.109628421865868,2.1321183087807904,0.34815781961231523,0.0,1.0,2.0571023976643485,3.1323862719344002,True
D1,96,116,SeasonalNaive,h1_6,1,ARIMA,8.255850315093994,4.930356979370117,2.084239545696974,1.911995411546149,4.1615040957275395,4.274915948026745,0.7108093998990649,0.3333333333333333,0.8333333333333334,3.7136945321458943,5.6549084692427325,True
D1,96,116,SeasonalNaive,h1_12,1,ARIMA,8.255850315093994,4.930356979370117,2.6983518264734356,2.404604184481194,5.419178389895013,5.601631918294938,0.9242946812193459,0.5,0.8333333333333334,5.01401645623966,7.634931704231566,True
D1,96,117,SeasonalNaive,h1,1,ARIMA,8.255850315093994,4.930356979370117,0.24543028615140094,0.19463299989944405,0.4072797000395002,0.4081107762120929,0.16919591030720244,1.0,1.0,2.122552088223608,3.232047675490668,True
D1,96,117,SeasonalNaive,h1_6,1,ARIMA,8.255850315093994,4.930356979370117,0.9592212936964436,0.9719624808722359,1.6054311682401439,1.622972497842716,0.41299652786145435,1.0,1.0,3.8318510994789285,5.834827568006666,True
D1,96,117,SeasonalNaive,h1_12,1,ARIMA,8.255850315093994,4.930356979370117,1.0022210788059565,0.955729840297762,1.6683863396283165,1.67756845096757,0.4879551301162476,1.0,1.0,5.173544647880746,7.877848108417587,True
D1,96,118,SeasonalNaive,h1,1,ARIMA,8.255850315093994,4.930356979370117,1.3315544230521312,1.1280106505717715,2.4991804822483266,2.530805176758972,0.45105392909297426,0.0,1.0,1.9869749909374606,3.02560202708249,True
D1,96,118,SeasonalNaive,h1_6,1,ARIMA,8.255850315093994,4.930356979370117,1.7791076474113674,1.6005061869533042,3.248054762381461,3.2005337687102773,0.5922931690286243,0.5,1.0,3.5870932665934876,5.462130478863578,True
D1,96,118,SeasonalNaive,h1_12,1,ARIMA,8.255850315093994,4.930356979370117,1.8967641246561149,1.6785103968719577,3.4550696425239074,3.396678374159982,0.6550845248730665,0.75,1.0,4.8430867194597935,7.374653965232025,True
D1,96,119,SeasonalNaive,h1,1,ARIMA,8.255850315093994,4.930356979370117,0.9314407469735441,0.6828967982007274,1.45383490420923,1.4433429921058833,0.3091285361518978,1.0,1.0,2.295867582139479,3.495958249155857,True
D1,96,119,SeasonalNaive,h1_6,1,ARIMA,8.255850315093994,4.930356979370117,1.1236534878425486,0.931957215940052,1.7724683833439263,1.7787810646172493,0.45375601884024325,1.0,1.0,4.144738198741636,6.311266298285088,True
D1,96,119,SeasonalNaive,h1_12,1,ARIMA,8.255850315093994,4.930356979370117,1.0237421559741675,0.8577763967812035,1.6142211696972493,1.619257341428788,0.5190616367838151,1.0,1.0,5.595986787660561,8.521108240161794,True
D1,96,120,SeasonalNaive,h1,1,ARIMA,8.255850315093994,4.930356979370117,0.8171813720059077,0.6478407639522119,1.37016816427679,1.3796197193682243,0.27360035431965113,1.0,1.0,2.123229140953383,3.2330786356793904,True
D1,96,120,SeasonalNaive,h1_6,1,ARIMA,8.255850315093994,4.930356979370117,1.2992259350280968,1.11105703370327,2.1491892477568064,2.135537842898549,0.4568151558002028,1.0,1.0,3.833073385264694,5.836688764231054,True
D1,96,120,SeasonalNaive,h1_12,1,ARIMA,8.255850315093994,4.930356979370117,0.9484867940156113,0.8922485803151633,1.5756198131760293,1.5721877589355397,0.4884502307156139,1.0,1.0,5.175194907747574,7.88036098835873,True
D1,96,121,SeasonalNaive,h1,1,ARIMA,8.255850315093994,4.930356979370117,0.4507734886528495,0.3502091660711494,0.7058214645125317,0.7083212060675912,0.1976846217671485,1.0,1.0,2.1665940034527904,3.299111080214825,True
D1,96,121,SeasonalNaive,h1_6,1,ARIMA,8.255850315093994,4.930356979370117,1.0951104247999657,1.0026249758544257,1.7259284362219325,1.743786850415666,0.4270132367602592,1.0,1.0,3.9113601311914694,5.955897379462796,True
D1,96,121,SeasonalNaive,h1_12,1,ARIMA,8.255850315093994,4.930356979370117,1.4094404861747554,1.2036448143255674,2.199103247430936,2.19993396061455,0.54524839919781,1.0,1.0,5.280893162944534,8.041309594476882,True
D1,96,122,SeasonalNaive,h1,1,ARIMA,8.255850315093994,4.930356979370117,1.4100418705045932,1.1417606763514725,2.2641034031008407,2.290027700652048,0.47849248685805856,0.0,1.0,2.0787564382331682,3.1653592632092495,True
D1,96,122,SeasonalNaive,h1_6,1,ARIMA,8.255850315093994,4.930356979370117,2.271774936180693,1.9325959255652487,3.6803197238610466,3.7569625561194093,0.7606202899843293,0.16666666666666666,1.0,3.7527866513085466,5.714434731788023,True
D1,96,122,SeasonalNaive,h1_12,1,ARIMA,8.255850315093994,4.930356979370117,2.385620281136017,2.022567867146856,3.8681277991743985,3.9522731295397207,0.8055785734293291,0.5,1.0,5.066796383908496,7.715300635331577,True
D1,96,123,SeasonalNaive,h1,1,ARIMA,8.255850315093994,4.930356979370117,1.153242417887828,0.9239692003272381,1.9375611655617848,1.956515507901431,0.37788117592004933,0.0,1.0,2.100921342416205,3.199110155561793,True
D1,96,123,SeasonalNaive,h1_6,1,ARIMA,8.255850315093994,4.930356979370117,1.076242583027823,1.1108180857332337,1.7947430500617898,1.7995402477203664,0.4626564695749558,0.6666666666666666,1.0,3.792801034434816,5.775365342012855,True
D1,96,123,SeasonalNaive,h1_12,1,ARIMA,8.255850315093994,4.930356979370117,1.6123603838593674,1.559641975776615,2.7250549691467993,2.7697789292822197,0.6264288546179312,0.6666666666666666,1.0,5.120821499260528,7.7975656357810035,True
D1,96,124,SeasonalNaive,h1,1,ARIMA,8.255850315093994,4.930356979370117,1.047075639583884,0.8588821694754397,1.9941514615994236,1.974464554711156,0.33823591943661496,0.0,1.0,2.052065167376685,3.1247159921177317,True
D1,96,124,SeasonalNaive,h1_6,1,ARIMA,8.255850315093994,4.930356979370117,1.0988206029231775,0.9988461828269991,2.132317093190714,2.1516692595407343,0.41269425001008203,0.8333333333333334,1.0,3.704600801761995,5.641061284850004,True
D1,96,124,SeasonalNaive,h1_12,1,ARIMA,8.255850315093994,4.930356979370117,1.9043978894317353,1.8396500352653573,3.7548259298577484,3.852563885887556,0.6729534454061648,0.75,1.0,5.001738625255235,7.616236033433458,True
D1,96,125,SeasonalNaive,h1,1,ARIMA,8.255850315093994,4.930356979370117,1.0973635588587314,0.9379268817448226,1.9340574484259243,1.9529429678929462,0.36057118519176534,0.0,1.0,1.9693741379211596,2.9988008963146804,True
D1,96,125,SeasonalNaive,h1_6,1,ARIMA,8.255850315093994,4.930356979370117,0.7347149567580643,0.7319675444526886,1.2866334184505834,1.2909794826487382,0.3534818434564494,0.8333333333333334,1.0,3.555318381842029,5.413746298814608,True
D1,96,125,SeasonalNaive,h1_12,1,ARIMA,8.255850315093994,4.930356979370117,1.4985288284827427,1.6207376455504987,2.6540318452545324,2.695638007969818,0.5789470941014077,0.8333333333333334,1.0,4.8001861002355,7.309328432157814,True
D1,96,126,SeasonalNaive,h1,1,ARIMA,8.255850315093994,4.930356979370117,1.155318351062384,0.9701768067176788,2.432602639566463,2.403370413507689,0.38193008005326967,0.0,1.0,2.0044603191044956,3.05222724611527,True
D1,96,126,SeasonalNaive,h1_6,1,ARIMA,8.255850315093994,4.930356979370117,0.9554721587255335,0.9581231462501111,2.022367315650406,2.0091424647632743,0.42507086501517577,0.6666666666666666,1.0,3.618659593909232,5.5101970848096355,True
D1,96,126,SeasonalNaive,h1_12,1,ARIMA,8.255850315093994,4.930356979370117,0.6120790444322429,0.710696894695131,1.2979065873124969,1.2916838526885017,0.4454651504326602,0.8333333333333334,1.0,4.885705756446857,7.439550728044084,True
D1,96,127,SeasonalNaive,h1,1,ARIMA,8.255850315093994,4.930356979370117,0.5017057418304193,0.4126301880855229,0.9249807768385788,0.9207225236626275,0.1993862168689,1.0,1.0,2.046608403951363,3.1164068817583743,True
D1,96,127,SeasonalNaive,h1_6,1,ARIMA,8.255850315093994,4.930356979370117,1.5886979852310512,1.6051555363593297,2.8789010685694048,2.818179880166318,0.5686788201127564,0.6666666666666666,1.0,3.694749686660065,5.62606081732657,True
D1,96,127,SeasonalNaive,h1_12,1,ARIMA,8.255850315093994,4.930356979370117,3.367111580122284,3.359019119938306,5.96478690242645,5.718476501641626,1.2329015417980622,0.4166666666666667,0.6666666666666666,4.9884382170483015,7.595983266178979,True
D1,96,128,SeasonalNaive,h1,1,ARIMA,8.255850315093994,4.930356979370117,0.7440383211931091,0.5978462431007258,1.2052848467834927,1.198064800038736,0.2526598615465232,1.0,1.0,2.094847820604474,3.189861896278761,True
D1,96,128,SeasonalNaive,h1_6,1,ARIMA,8.255850315093994,4.930356979370117,1.1423098644935161,1.0180413651042464,1.8406348345113221,1.8201399043904931,0.44739346253616397,0.8333333333333334,1.0,3.78183648314719,5.7586694254798365,True
D1,96,128,SeasonalNaive,h1_12,1,ARIMA,8.255850315093994,4.930356979370117,1.1905267505595316,1.0807863087840912,1.942616160912208,1.9456651496663129,0.5194875987373003,0.9166666666666666,1.0,5.106017793647275,7.775023770928118,True
D1,96,129,SeasonalNaive,h1,1,ARIMA,8.255850315093994,4.930356979370117,1.01066198089838,0.7968473860561601,1.449691608069621,1.4392591981625547,0.32760113805660906,1.0,1.0,2.1348996005340344,3.250849451278605,True
D1,96,129,SeasonalNaive,h1_6,1,ARIMA,8.255850315093994,4.930356979370117,2.146935730374725,1.8531397681899309,3.0455632893007194,2.9913434234535545,0.7458473689237516,0.6666666666666666,0.8333333333333334,3.8541421089128125,5.868770483059188,True
D1,96,129,SeasonalNaive,h1_12,1,ARIMA,8.255850315093994,4.930356979370117,2.1223260195477347,1.8201706886727889,3.0161409185591332,2.9679466826401675,0.7579451907245756,0.75,0.9166666666666666,5.2036406849027,7.923675877280349,True
D1,96,130,SeasonalNaive,h1,1,ARIMA,8.255850315093994,4.930356979370117,1.1481422935084689,0.940874284821194,2.0387279700528693,2.01815561851593,0.37747295160500044,0.0,1.0,2.0540489818221936,3.1277367815262944,True
D1,96,130,SeasonalNaive,h1_6,1,ARIMA,8.255850315093994,4.930356979370117,1.6165362357203377,1.363744028743216,2.856152824513782,2.813678085687515,0.5381293535061475,0.6666666666666666,1.0,3.708182189284292,5.646514727090928,True
D1,96,130,SeasonalNaive,h1_12,1,ARIMA,8.255850315093994,4.930356979370117,3.067743779489205,2.8464947323616423,5.316896915296659,5.144397345995464,1.0545913930806745,0.3333333333333333,0.75,5.006574008407384,7.623598957040245,True
D1,96,131,SeasonalNaive,h1,1,ARIMA,8.255850315093994,4.930356979370117,0.7325578578148033,0.5807124759831972,1.4228099135282815,1.412759472612958,0.25009710522434025,1.0,1.0,2.1233786889588537,3.2333063550772603,True
D1,96,131,SeasonalNaive,h1_6,1,ARIMA,8.255850315093994,4.930356979370117,1.8460101949916117,1.5791635110706412,3.536896856055955,3.465974751160022,0.6266159643165067,0.5,1.0,3.8333433648295685,5.837099866898416,True
D1,96,131,SeasonalNaive,h1_12,1,ARIMA,8.255850315093994,4.930356979370117,1.7143951193531974,1.488999393176322,3.287608300505555,3.224386639906692,0.6460326340145632,0.75,1.0,5.175559418605808,7.8809160355015475,True
D1,96,132,SeasonalNaive,h1,1,ARIMA,8.255850315093994,4.930356979370117,0.1800472101529627,0.14476245483903533,0.34882549660356416,0.34943495571335087,0.1634357764007086,1.0,1.0,2.0935201089093174,3.1878401661540225,True
D1,96,132,SeasonalNaive,h1_6,1,ARIMA,8.255850315093994,4.930356979370117,1.5699495278453834,1.501818866970061,2.972828219084786,2.912237285299642,0.5551139118284564,0.6666666666666666,1.0,3.779439560335668,5.75501958864224,True
D1,96,132,SeasonalNaive,h1_12,1,ARIMA,8.255850315093994,4.930356979370117,1.6404372825835738,1.5446020242547054,3.105580023909482,3.041619435240237,0.6205763441343489,0.8333333333333334,1.0,5.102781606524915,7.770095971452986,True
D1,96,133,SeasonalNaive,h1,1,ARIMA,8.255850315093994,4.930356979370117,1.0315749687002167,0.8417022117508252,2.059413287108816,2.080839833112098,0.3318420446256591,0.0,1.0,2.0629514466273804,3.141292722433174,True
D1,96,133,SeasonalNaive,h1_6,1,ARIMA,8.255850315093994,4.930356979370117,0.7170517904182027,0.6700476923244052,1.4140045616257975,1.4113783058443437,0.355512174192146,0.8333333333333334,1.0,3.724253841773336,5.6709873171190734,True
D1,96,133,SeasonalNaive,h1_12,1,ARIMA,8.255850315093994,4.930356979370117,0.67801615738824,0.6431720351545909,1.3357420657547616,1.3319646942730694,0.43231695651341606,0.9166666666666666,1.0,5.028273027904406,7.656640438526078,True
D1,96,134,SeasonalNaive,h1,1,ARIMA,8.255850315093994,4.930356979370117,1.0902035979612021,0.8655024866465021,1.7863763670994341,1.77056191727193,0.3527167155940667,0.0,1.0,2.1202446234830763,3.228534058042914,True
D1,96,134,SeasonalNaive,h1_6,1,ARIMA,8.255850315093994,4.930356979370117,0.884269328394653,0.8506252859685645,1.446762687951827,1.4318918196460728,0.3951799721339497,0.8333333333333334,1.0,3.827685424887427,5.828484421492142,True
D1,96,134,SeasonalNaive,h1_12,1,ARIMA,8.255850315093994,4.930356979370117,0.9253385699208991,0.8854003449984984,1.5152740108150498,1.5010697273135811,0.47660770645002176,0.9166666666666666,1.0,5.167920393981476,7.869283957345692,True
D1,96,135,SeasonalNaive,h1,1,ARIMA,8.255850315093994,4.930356979370117,0.8767684884262723,0.7183866917004149,1.632481656773493,1.6459162975955395,0.2886402984263365,1.0,1.0,2.0543447848137664,3.1281872059830387,True
D1,96,135,SeasonalNaive,h1_6,1,ARIMA,8.255850315093994,4.930356979370117,0.9240947352947577,0.857252377173553,1.6952773757174182,1.684359888222194,0.37852210603466296,1.0,1.0,3.7087162035140135,5.647327880021028,True
D1,96,135,SeasonalNaive,h1_12,1,ARIMA,8.255850315093994,4.930356979370117,1.7370236876584892,1.7453964465188367,3.1363256904198376,3.0686967921117194,0.6408574398144139,0.9166666666666666,1.0,5.007295003662247,7.624696829290555,True
D1,96,136,SeasonalNaive,h1,1,ARIMA,8.255850315093994,4.930356979370117,0.8607455533652827,0.6943717732002606,1.7779635670328777,1.7939111100133738,0.28489646211138653,1.0,1.0,2.0865529457712118,3.177231143388359,True
D1,96,136,SeasonalNaive,h1_6,1,ARIMA,8.255850315093994,4.930356979370117,0.28108357941762385,0.3136167458759383,0.5785966904028061,0.5817501255701455,0.3057131554270904,1.0,1.0,3.7668617150714168,5.735867080784105,True
D1,96,136,SeasonalNaive,h1_12,1,ARIMA,8.255850315093994,4.930356979370117,0.5560091623183568,0.5934384908336985,1.130303017171079,1.122509430568245,0.4190134800100448,1.0,1.0,5.08579972430679,7.744237358487458,True
D1,96,137,SeasonalNaive,h1,1,ARIMA,8.255850315093994,4.930356979370117,1.1009382822589264,0.8984170732457748,1.914384957337065,1.9328864005846684,0.3588258206992324,0.0,1.0,2.062679044722305,3.140877931225454,True
D1,96,137,SeasonalNaive,h1_6,1,ARIMA,8.255850315093994,4.930356979370117,2.2182324480693394,1.9109873468143581,3.903893955859409,3.9911671259896635,0.7761449546906457,0.3333333333333333,0.6666666666666666,3.723762073611191,5.6702384930246525,True
D1,96,137,SeasonalNaive,h1_12,1,ARIMA,8.255850315093994,4.930356979370117,3.33894698583684,2.972178013548234,5.955581270983174,6.17741574689363,1.1540073090064602,0.25,0.6666666666666666,5.027609070856704,7.6556294193645,True
D1,96,138,SeasonalNaive,h1,1,ARIMA,8.255850315093994,4.930356979370117,0.8316501385705396,0.6688405699225087,1.271765831974688,1.2637299888712472,0.27695544198745115,1.0,1.0,2.0929783479070787,3.1870152170761417,True
D1,96,138,SeasonalNaive,h1_6,1,ARIMA,8.255850315093994,4.930356979370117,1.5012383049146927,1.3070461263403108,2.335345416643275,2.3613191309712085,0.5248814165528748,0.8333333333333334,1.0,3.778461517203742,5.753530305034738,True
D1,96,138,SeasonalNaive,h1_12,1,ARIMA,8.255850315093994,4.930356979370117,1.695610654739729,1.532154835206829,2.6499284049729797,2.6920419191540637,0.6396952130184252,0.75,1.0,5.101461109021439,7.768085226505769,True
D1,96,139,SeasonalNaive,h1,1,ARIMA,8.255850315093994,4.930356979370117,0.09059470586755763,0.07360187227618231,0.16523853408996728,0.16537516583985862,0.15687881389932573,1.0,1.0,2.0718611021557494,3.1548596127816606,True
D1,96,139,SeasonalNaive,h1_6,1,ARIMA,8.255850315093994,4.930356979370117,0.6493149706397356,0.7316215311665195,1.1927977544638702,1.2026088695536663,0.35313831796840695,1.0,1.0,3.7403384757014173,5.69547967421449,True
D1,96,139,SeasonalNaive,h1_12,1,ARIMA,8.255850315093994,4.930356979370117,1.0117754340435414,1.0954303262999805,1.8282270102024518,1.8137518359941227,0.48835514402337477,1.0,1.0,5.049989574192721,7.689708608367597,True
D1,96,140,SeasonalNaive,h1,1,ARIMA,8.255850315093994,4.930356979370117,1.1114754907058595,0.8872829278089583,1.9982629315054605,1.9784951637757806,0.36138203083550297,0.0,1.0,2.1085526256746228,3.2107304458026076,True
D1,96,140,SeasonalNaive,h1_6,1,ARIMA,8.255850315093994,4.930356979370117,1.191441840030882,1.1623252125375714,2.129410471466406,2.0963634796971347,0.46556014277540714,0.8333333333333334,1.0,3.806577818197372,5.796343494767063,True
D1,96,140,SeasonalNaive,h1_12,1,ARIMA,8.255850315093994,4.930356979370117,1.3424985008197132,1.2771396213884905,2.396600305654713,2.3567485086529305,0.561193749799034,0.9166666666666666,1.0,5.139422119182708,7.825889129331871,True
D1,96,141,SeasonalNaive,h1,1,ARIMA,8.255850315093994,4.930356979370117,1.8461746451248155,1.4478616080245874,3.2539028476982534,3.2018109390366396,0.6693920470057602,0.0,0.0,2.1463098042096838,3.2682239705996525,True
D1,96,141,SeasonalNaive,h1_6,1,ARIMA,8.255850315093994,4.930356979370117,0.9938699271943721,0.8902898771153815,1.7629558089163944,1.7457781759212383,0.44675721041630867,0.6666666666666666,0.8333333333333334,3.874740991617471,5.900136766757327,True
D1,96,141,SeasonalNaive,h1_12,1,ARIMA,8.255850315093994,4.930356979370117,1.5278016427760839,1.47144364498497,2.6835985815432726,2.6325962500763924,0.6269777766088693,0.75,0.9166666666666666,5.231452109877823,7.966024826897016,True
D1,96,142,SeasonalNaive,h1,1,ARIMA,8.255850315093994,4.930356979370117,0.2930469379858362,0.2312047096708466,0.42480326827187126,0.4257074779115943,0.17264168296822527,1.0,1.0,2.133473196056652,3.24867743990558,True
D1,96,142,SeasonalNaive,h1_6,1,ARIMA,8.255850315093994,4.930356979370117,0.5284150042842469,0.48648260352622513,0.7636028438168572,0.7628846218052695,0.32406146375812733,1.0,1.0,3.85156701565819,5.864849342930782,True
D1,96,142,SeasonalNaive,h1_12,1,ARIMA,8.255850315093994,4.930356979370117,1.2872223791115536,1.3813851835857627,1.8334020608922081,1.806081138333718,0.557890622179063,0.9166666666666666,1.0,5.200163942310313,7.918381779728471,True
D1,96,143,SeasonalNaive,h1,1,ARIMA,8.255850315093994,4.930356979370117,0.0719117772646032,0.05620986135987231,0.12195992080355504,0.12203433729411357,0.16182026751356476,1.0,1.0,2.153447001136441,3.279091906828219,True
D1,96,143,SeasonalNaive,h1_6,1,ARIMA,8.255850315093994,4.930356979370117,2.4340891921682783,2.393983874584317,3.9955281491513053,3.8739186430506702,0.9359211518136995,0.3333333333333333,0.6666666666666666,3.88762579950639,5.919756692043288,True
D1,96,143,SeasonalNaive,h1_12,1,ARIMA,8.255850315093994,4.930356979370117,1.7294435513590822,1.8108897211512265,2.866058179834915,2.805321879336246,0.7523343584397103,0.6666666666666666,0.8333333333333334,5.248848435351365,7.992514519951328,True
D1,96,144,SeasonalNaive,h1,1,ARIMA,8.255850315093994,4.930356979370117,0.26216308675596406,0.2159772765400716,0.42874853775561633,0.427831377368353,0.164309583360331,1.0,1.0,2.0431966177877023,3.1112116945115234,True
D1,96,144,SeasonalNaive,h1_6,1,ARIMA,8.255850315093994,4.930356979370117,0.9361173912972025,0.9931974831050754,1.5537455937885558,1.5738537443203093,0.40636016803497244,0.8333333333333334,1.0,3.6885903765376327,5.616681926662692,True
D1,96,144,SeasonalNaive,h1_12,1,ARIMA,8.255850315093994,4.930356979370117,1.0050659544938214,0.963785959313294,1.6556773853220181,1.6645956435676148,0.47441191640572794,0.9166666666666666,1.0,4.980122271284417,7.583320428209158,True
D1,96,145,SeasonalNaive,h1,1,ARIMA,8.255850315093994,4.930356979370117,1.3431317036821453,1.0887078513663904,2.395366738912607,2.3670173655729965,0.4525441612644713,0.0,1.0,2.076605142298056,3.1620834467687864,True
D1,96,145,SeasonalNaive,h1_6,1,ARIMA,8.255850315093994,4.930356979370117,0.7372611175763745,0.7172135794518767,1.3311158546884707,1.3317368543461934,0.36808039825267225,0.8333333333333334,1.0,3.748902908836466,5.708520888307464,True
D1,96,145,SeasonalNaive,h1_12,1,ARIMA,8.255850315093994,4.930356979370117,1.6907820191640135,1.638865923164758,3.113939460470697,3.1795460943044334,0.6291656765812305,0.6666666666666666,1.0,5.061552778518165,7.707316104489183,True
D1,96,146,SeasonalNaive,h1,1,ARIMA,8.255850315093994,4.930356979370117,2.6355306624626014,2.1726988715120705,4.924343146916883,5.0486495612577045,1.0764220659278938,0.0,0.0,2.0418094714775954,3.109099462245449,True
D1,96,146,SeasonalNaive,h1_6,1,ARIMA,8.255850315093994,4.930356979370117,1.3903608603420596,1.3080841924577553,2.5436915929853448,2.5536534765252514,0.5443596051293249,0.8333333333333334,0.8333333333333334,3.686086156196921,5.612868705976135,True
D1,96,146,SeasonalNaive,h1_12,1,ARIMA,8.255850315093994,4.930356979370117,1.8448592849858565,1.6714180428410474,3.322043117208432,3.28286078320362,0.6753972444333923,0.8333333333333334,0.9166666666666666,4.976741217218262,7.578172037271735,True
D1,96,147,SeasonalNaive,h1,1,ARIMA,8.255850315093994,4.930356979370117,1.0813473856891938,0.8811304294862308,1.99647412881998,1.9767415618816804,0.35110490504652364,0.0,1.0,2.0657212376497647,3.1455103323025124,True
D1,96,147,SeasonalNaive,h1_6,1,ARIMA,8.255850315093994,4.930356979370117,0.7418983229178086,0.765859211166945,1.3725042291484455,1.3618524965261445,0.36301331859240926,0.8333333333333334,1.0,3.7292541557035985,5.678601383744203,True
D1,96,147,SeasonalNaive,h1_12,1,ARIMA,8.255850315093994,4.930356979370117,1.23049242626396,1.2528011505710266,2.322248869868147,2.3515872929320345,0.5231227412531395,0.9166666666666666,1.0,5.03502416376539,7.666920512728959,True
D1,96,148,SeasonalNaive,h1,1,ARIMA,8.255850315093994,4.930356979370117,0.1786063389742261,0.14046590034678313,0.2874269715668806,0.2878406373803612,0.16678347911155816,1.0,1.0,2.1402900911939824,3.2590576469237926,True
D1,96,148,SeasonalNaive,h1_6,1,ARIMA,8.255850315093994,4.930356979370117,0.6435903754029916,0.6618292119182632,1.0253141363312446,1.0165802495640168,0.3585498758508625,1.0,1.0,3.863873581547412,5.883588768877595,True
D1,96,148,SeasonalNaive,h1_12,1,ARIMA,8.255850315093994,4.930356979370117,1.181931651245578,1.2340426627519607,1.922085159131208,1.9462445369489374,0.5499748617012372,0.9166666666666666,1.0,5.216779558741395,7.943682673289989,True
D1,96,149,SeasonalNaive,h1,1,ARIMA,8.255850315093994,4.930356979370117,0.49002412874346357,0.3975374772627799,0.9680977142414459,0.9728065733417017,0.19903662508623401,1.0,1.0,2.0748469530632607,3.1594062208665763,True
D1,96,149,SeasonalNaive,h1_6,1,ARIMA,8.255850315093994,4.930356979370117,0.9647713797101387,0.8932743210171229,1.9180950847614822,1.9401151766588052,0.38582923278965015,1.0,1.0,3.745728843337748,5.703687682529433,True
D1,96,149,SeasonalNaive,h1_12,1,ARIMA,8.255850315093994,4.930356979370117,1.0309394241330145,0.9345808550535798,2.044438382441074,2.0627240061715506,0.4755769753480984,1.0,1.0,5.057267338101355,7.700790588430264,True
D1,96,150,SeasonalNaive,h1,1,ARIMA,8.255850315093994,4.930356979370117,1.2661717590346977,1.0661970278644093,2.571357615785998,2.6048475892184917,0.4252249292784964,0.0,1.0,1.9989495560467674,3.0438359095588057,True
D1,96,150,SeasonalNaive,h1_6,1,ARIMA,8.255850315093994,4.930356979370117,1.5779854493192549,1.4640136379224271,3.1182425380441052,3.075049936423176,0.5406086258016772,0.6666666666666666,1.0,3.60871099307211,5.495048174029824,True
D1,96,150,SeasonalNaive,h1_12,1,ARIMA,8.255850315093994,4.930356979370117,1.2129042853175382,1.1881825257450322,2.4020518627494827,2.3736790255689426,0.5291948122147427,0.8333333333333334,1.0,4.872273728615244,7.419097541254865,True
D1,96,151,SeasonalNaive,h1,1,ARIMA,8.255850315093994,4.930356979370117,0.36351913099997657,0.271829296093564,0.602720919985804,0.6045427728669698,0.18791738801331032,1.0,1.0,2.251011379981991,3.4276549152971345,True
D1,96,151,SeasonalNaive,h1_6,1,ARIMA,8.255850315093994,4.930356979370117,1.5310539398467569,1.3327524019897896,2.565715563399575,2.602365299314015,0.5490978907384139,0.6666666666666666,1.0,4.063759131839455,6.187958038197271,True
D1,96,151,SeasonalNaive,h1_12,1,ARIMA,8.255850315093994,4.930356979370117,1.5886176534253613,1.4064625312621077,2.6455869262410037,2.6673045094539822,0.6384823903047455,0.75,1.0,5.486653515754685,8.354624529689968,True
D1,96,152,SeasonalNaive,h1,1,ARIMA,8.255850315093994,4.930356979370117,0.8336794173876946,0.6218143114740305,1.5190705288420452,1.5306967101469438,0.2811141502445597,1.0,1.0,2.2567582852923285,3.4364058298459703,True
D1,96,152,SeasonalNaive,h1_6,1,ARIMA,8.255850315093994,4.930356979370117,0.8857726587544935,0.7857565083453855,1.5921371325545095,1.5828900693147014,0.40663973881989157,1.0,1.0,4.074134041154592,6.2037560964505705,True
D1,96,152,SeasonalNaive,h1_12,1,ARIMA,8.255850315093994,4.930356979370117,0.89028524430047,0.7810222435129008,1.6009364380018825,1.592331472614585,0.48896830114996814,1.0,1.0,5.500661120738831,8.37595415800835,True
D1,96,153,SeasonalNaive,h1,1,ARIMA,8.255850315093994,4.930356979370117,2.4311186971566716,1.898860822331991,4.266049042903682,4.35902818294285,0.960829592881832,0.0,0.0,2.1550617009943687,3.2815506389137066,True
D1,96,153,SeasonalNaive,h1_6,1,ARIMA,8.255850315093994,4.930356979370117,1.2927304825593025,1.2003216556742782,2.256561925116863,2.2933848188109933,0.5462492411939341,0.6666666666666666,0.8333333333333334,3.8905408231047565,5.9241954501295515,True
D1,96,153,SeasonalNaive,h1_12,1,ARIMA,8.255850315093994,4.930356979370117,1.5806129123599828,1.4985252156797157,2.771459167219272,2.830319155023926,0.6458772135255608,0.75,0.9166666666666666,5.252784132314601,7.998507475456185,True
D1,96,154,SeasonalNaive,h1,1,ARIMA,8.255850315093994,4.930356979370117,0.7274307275749179,0.5887194274369084,1.1086392652143224,1.102527737510363,0.24771721777713906,1.0,1.0,2.079840133510993,3.1670094252114356,True
D1,96,154,SeasonalNaive,h1_6,1,ARIMA,8.255850315093994,4.930356979370117,0.5829101972585796,0.5605290825800042,0.8953226262125669,0.8973879424281668,0.32930594602381213,1.0,1.0,3.7547430503834427,5.717413775325966,True
D1,96,154,SeasonalNaive,h1_12,1,ARIMA,8.255850315093994,4.930356979370117,1.2585368996238682,1.2829655622206688,1.957018210509791,1.9865026718663576,0.5238078748249891,1.0,1.0,5.069437801254918,7.71932276832981,True
D1,96,155,SeasonalNaive,h1,1,ARIMA,8.255850315093994,4.930356979370117,0.9171386979546515,0.6821419603715475,1.3319189631879873,1.3231076026564061,0.3044368510277577,1.0,1.0,2.2631166155198086,3.4460877719503555,True
D1,96,155,SeasonalNaive,h1_6,1,ARIMA,8.255850315093994,4.930356979370117,2.7413097515060114,2.288550883251213,3.909368698812766,3.816216261852865,1.0363946001656068,0.5,0.5,4.085612758123756,6.221234942177665,True
D1,96,155,SeasonalNaive,h1_12,1,ARIMA,8.255850315093994,4.930356979370117,3.3288282969744842,2.6689723324787815,4.7331811586372305,4.607315282662131,1.173645720618317,0.4166666666666667,0.75,5.516159023240426,8.399553088763998,True
D1,96,156,SeasonalNaive,h1,1,ARIMA,8.255850315093994,4.930356979370117,0.47179129936634445,0.37073310034432033,0.8245847757321829,0.8211990346232015,0.1998008059808515,1.0,1.0,2.1420778182087967,3.261779850527027,True
D1,96,156,SeasonalNaive,h1_6,1,ARIMA,8.255850315093994,4.930356979370117,1.0962793221624918,1.3035475877365035,1.8834434879942514,1.8451322986928007,0.5000111772229534,0.8333333333333334,0.8333333333333334,3.867100971709136,5.888503173064885,True
D1,96,156,SeasonalNaive,h1_12,1,ARIMA,8.255850315093994,4.930356979370117,1.2040793151138616,1.2240849193789154,2.1093529888062648,2.1072079160252115,0.5524016612253941,0.9166666666666666,0.9166666666666666,5.221136995046807,7.950317818764227,True
D1,96,157,SeasonalNaive,h1,1,ARIMA,8.255850315093994,4.930356979370117,0.5467765905513448,0.4492642247017625,1.0262060389708207,1.0209674242888325,0.20701003792194664,1.0,1.0,2.0485886181304536,3.1194221889774547,True
D1,96,157,SeasonalNaive,h1_6,1,ARIMA,8.255850315093994,4.930356979370117,0.4651390779780344,0.5519618013101418,0.8699040150154382,0.8625019656164615,0.3250683440868942,1.0,1.0,3.698324574608126,5.6315043625506345,True
D1,96,157,SeasonalNaive,h1_12,1,ARIMA,8.255850315093994,4.930356979370117,1.437629627571816,1.7191033376135438,2.7852608218239245,2.8652576906426943,0.6068778936521289,0.9166666666666666,0.9166666666666666,4.993264824849682,7.603332827403651,True
D1,96,158,SeasonalNaive,h1,1,ARIMA,8.255850315093994,4.930356979370117,0.9314677265201473,0.7357734385365051,1.639718762192478,1.6532732782594453,0.3055157296125248,1.0,1.0,2.130935899470775,3.244813853434417,True
D1,96,158,SeasonalNaive,h1_6,1,ARIMA,8.255850315093994,4.930356979370117,0.796659744463338,0.6758150388477234,1.3843512293093012,1.3778897788404305,0.3625778867089447,1.0,1.0,3.8469864247901393,5.857874396049808,True
D1,96,158,SeasonalNaive,h1_12,1,ARIMA,8.255850315093994,4.930356979370117,1.1761492588249,1.1089648220645651,2.073814859959272,2.0951633661446243,0.5114720496434519,1.0,1.0,5.193979492352756,7.9089646081921785,True
D1,96,159,SeasonalNaive,h1,1,ARIMA,8.255850315093994,4.930356979370117,0.7409992716237497,0.6054043162721094,1.382395714949783,1.3920173087636367,0.2510561468333044,1.0,1.0,2.060245374201472,3.1371721379997477,True
D1,96,159,SeasonalNaive,h1_6,1,ARIMA,8.255850315093994,4.930356979370117,1.9093264905722593,1.8943217559300274,3.6325907028769624,3.733501930742188,0.6839835013440704,0.5,0.8333333333333334,3.719368559259887,5.6635484108706455,True
D1,96,159,SeasonalNaive,h1_12,1,ARIMA,8.255850315093994,4.930356979370117,1.8717522606644346,1.802550046834474,3.553782072591579,3.64448795901544,0.7096472144393001,0.6666666666666666,0.9166666666666666,5.021677200836839,7.646596855774946,True
D1,96,160,SeasonalNaive,h1,1,ARIMA,8.255850315093994,4.930356979370117,0.2324735630979309,0.17920288790436803,0.37228461912073835,0.3729788906419519,0.1729510631735488,1.0,1.0,2.1836108696192826,3.325022963858417,True
D1,96,160,SeasonalNaive,h1_6,1,ARIMA,8.255850315093994,4.930356979370117,0.9531380329141645,0.9388859429959232,1.510371686133158,1.497810769424746,0.40648531292776713,1.0,1.0,3.94208074233289,6.002676198404469,True
D1,96,160,SeasonalNaive,h1_12,1,ARIMA,8.255850315093994,4.930356979370117,1.0436866788234869,1.0587020432827412,1.6473640565213408,1.6273381705274321,0.5193951887494048,0.9166666666666666,1.0,5.322370362664518,8.104467661449473,True
D1,96,161,SeasonalNaive,h1,1,ARIMA,8.255850315093994,4.930356979370117,1.312211769537659,1.0780172343718781,2.3608861833992414,2.333342404183361,0.441450123999638,0.0,1.0,2.04891954038316,3.1199260901554804,True
D1,96,161,SeasonalNaive,h1_6,1,ARIMA,8.255850315093994,4.930356979370117,1.3125177185793901,1.1308614151775072,2.3586782917747398,2.328562841676157,0.48620202909822974,0.6666666666666666,1.0,3.6989219897693215,5.632414057202537,True
D1,96,161,SeasonalNaive,h1_12,1,ARIMA,8.255850315093994,4.930356979370117,0.9866090683948202,0.93590291712111,1.7759517505543363,1.7561777949202466,0.500107843522525,0.8333333333333334,1.0,4.994071420390457,7.604561044726133,True
D1,96,162,SeasonalNaive,h1,1,ARIMA,8.255850315093994,4.930356979370117,0.7948248279803677,0.6306455439625316,1.4263414395537337,1.4365867556592882,0.2673511475606166,1.0,1.0,2.121449865469782,3.2303693013724954,True
D1,96,162,SeasonalNaive,h1_6,1,ARIMA,8.255850315093994,4.930356979370117,1.9268944650630833,1.904608589535117,3.5279410936033595,3.629100278802249,0.6995074051419387,0.5,0.8333333333333334,3.829861252683393,5.831797593031838,True
D1,96,162,SeasonalNaive,h1_12,1,ARIMA,8.255850315093994,4.930356979370117,2.1902035096505217,1.9903441381074989,4.005483938139776,4.114862250673056,0.7819980219504702,0.6666666666666666,0.9166666666666666,5.1708580713484436,7.873757210726814,True
D1,96,163,SeasonalNaive,h1,1,ARIMA,8.255850315093994,4.930356979370117,2.7111052397965123,2.13964010844868,4.398386890983733,4.303739337561035,1.1034529390539827,0.0,0.0,2.13281077247881,3.247668755785729,True
D1,96,163,SeasonalNaive,h1_6,1,ARIMA,8.255850315093994,4.930356979370117,3.072819412522089,2.5128703527829304,4.961768603570891,4.8336430975969815,1.110611127132596,0.16666666666666666,0.16666666666666666,3.850371139934272,5.863028361775543,True
D1,96,163,SeasonalNaive,h1_12,1,ARIMA,8.255850315093994,4.930356979370117,3.7191476998484445,3.0369725890740313,5.972594838334718,5.78850673148619,1.3031510856424893,0.08333333333333333,0.4166666666666667,5.198549339787829,7.9159231958573875,True
D1,96,164,SeasonalNaive,h1,1,ARIMA,8.255850315093994,4.930356979370117,0.2011147777049002,0.16275110688215308,0.34326316244342453,0.3426750238814849,0.16361649944138854,1.0,1.0,2.0800161737063076,3.1672774847362075,True
D1,96,164,SeasonalNaive,h1_6,1,ARIMA,8.255850315093994,4.930356979370117,0.8953701530316004,0.8707746566711774,1.5477729470946016,1.565117641553344,0.3745670497879527,1.0,1.0,3.755060856396175,5.71789770417294,True
D1,96,164,SeasonalNaive,h1_12,1,ARIMA,8.255850315093994,4.930356979370117,1.8072983757399574,1.7273389163612294,3.1581678984256927,3.229862169774055,0.642221887440077,0.9166666666666666,1.0,5.0698668846283415,7.719976141185704,True
D1,96,165,SeasonalNaive,h1,1,ARIMA,8.255850315093994,4.930356979370117,3.326942192205856,2.5615273880716782,4.887284041364021,5.009703255220053,1.4050589630991617,0.0,0.0,2.186215306437105,3.328988785950464,True
D1,96,165,SeasonalNaive,h1_6,1,ARIMA,8.255850315093994,4.930356979370117,3.6307599752887882,2.8191107703086034,5.348025884859706,5.4977744393704695,1.3620288337985498,0.0,0.16666666666666666,3.9467825417088718,6.009835711628223,True
D1,96,165,SeasonalNaive,h1_12,1,ARIMA,8.255850315093994,4.930356979370117,3.306556550380782,2.664681415984277,4.868105482938417,5.002131084977113,1.19217331938943,0.3333333333333333,0.5833333333333334,5.328718461368123,8.114134023831149,True
D1,96,166,SeasonalNaive,h1,1,ARIMA,8.255850315093994,4.930356979370117,0.20810599317245299,0.1696173156634692,0.35018619424228614,0.34957411409917605,0.1629186687839259,1.0,1.0,2.0651950775499524,3.14470913899518,True
D1,96,166,SeasonalNaive,h1_6,1,ARIMA,8.255850315093994,4.930356979370117,1.9148231159108733,1.8364256086024464,3.1574624590569367,3.090566659073912,0.6904867789202356,0.5,0.6666666666666666,3.7283042769382306,5.67715498651671,True
D1,96,166,SeasonalNaive,h1_12,1,ARIMA,8.255850315093994,4.930356979370117,2.2765300604249967,2.065161625902605,3.7486515535507143,3.6642638806801493,0.8062547669611262,0.5833333333333334,0.8333333333333334,5.033741692167424,7.6649676705018654,True
D1,96,167,SeasonalNaive,h1,1,ARIMA,8.255850315093994,4.930356979370117,0.9136140325471402,0.7669978697294767,1.492598533441138,1.503821542586245,0.297792130527642,1.0,1.0,2.0050041843090094,3.0530553992992506,True
D1,96,167,SeasonalNaive,h1_6,1,ARIMA,8.255850315093994,4.930356979370117,1.1634337844029345,1.0049983102248738,1.9056997208844129,1.9251535500144368,0.41700047201051854,1.0,1.0,3.6196414357652937,5.511692152801697,True
D1,96,167,SeasonalNaive,h1_12,1,ARIMA,8.255850315093994,4.930356979370117,1.5674214019010468,1.3861177543396284,2.5300529778753678,2.5193965861218164,0.5549030308953355,1.0,1.0,4.887031382768871,7.441569282734166,True
D1,96,168,SeasonalNaive,h1,1,ARIMA,8.255850315093994,4.930356979370117,3.462926411362196,2.780253191402498,5.808991282287767,5.982760294254476,1.4836493615523945,0.0,0.0,2.0965517868052035,3.19245655580617,True
D1,96,168,SeasonalNaive,h1_6,1,ARIMA,8.255850315093994,4.930356979370117,2.4321870459470123,2.116899872281235,4.059496780134991,4.15912750018765,0.9443496929449905,0.3333333333333333,0.5,3.784912659602846,5.7633535738774535,True
D1,96,168,SeasonalNaive,h1_12,1,ARIMA,8.255850315093994,4.930356979370117,1.5400135637948362,1.6099831101034585,2.5533266369098206,2.5989185292649655,0.738815207800208,0.6666666666666666,0.75,5.110171069916353,7.781348038297392,True
D1,96,169,SeasonalNaive,h1,1,ARIMA,8.255850315093994,4.930356979370117,1.5126004617335598,1.244376521859393,2.2751010534417966,2.2495117210107898,0.5194750391172028,0.0,1.0,2.0460634609289214,3.115577087361923,True
D1,96,169,SeasonalNaive,h1_6,1,ARIMA,8.255850315093994,4.930356979370117,1.377883383896327,1.3545819253495057,2.1194433659470944,2.143755060741832,0.5171059043245183,0.6666666666666666,1.0,3.6937658990153173,5.624562786447603,True
D1,96,169,SeasonalNaive,h1_12,1,ARIMA,8.255850315093994,4.930356979370117,1.8518186690977745,1.819366562492027,2.869527113753387,2.924591663299744,0.7010462849380514,0.75,0.9166666666666666,4.987109963634483,7.593960711169651,True
D1,96,170,SeasonalNaive,h1,1,ARIMA,8.255850315093994,4.930356979370117,1.2036571182571216,0.9428232177552415,1.7595097788152547,1.7441653984430956,0.3958740602088234,0.0,1.0,2.1489148115768217,3.2721906614772416,True
D1,96,170,SeasonalNaive,h1_6,1,ARIMA,8.255850315093994,4.930356979370117,0.9153259657260696,0.8211464113608993,1.3384190935567661,1.3271779430976018,0.39931722294846417,0.8333333333333334,1.0,3.879443821008228,5.907297848402838,True
D1,96,170,SeasonalNaive,h1_12,1,ARIMA,8.255850315093994,4.930356979370117,1.0312543989678318,0.9294758308981006,1.5082153553624134,1.4959206532689555,0.496040687475166,0.9166666666666666,1.0,5.237801599248053,7.975693306871411,True
D1,96,171,SeasonalNaive,h1,1,ARIMA,8.255850315093994,4.930356979370117,0.21912007415637869,0.1733222637499871,0.3487746184155986,0.34816745855309067,0.16813453735716186,1.0,1.0,2.128014060306703,3.2403647171655092,True
D1,96,171,SeasonalNaive,h1_6,1,ARIMA,8.255850315093994,4.930356979370117,1.6266437573032366,1.6210156416770836,2.6481028759783505,2.7052192001917756,0.5903602766565984,0.6666666666666666,1.0,3.8417116177899047,5.849842353963138,True
D1,96,171,SeasonalNaive,h1_12,1,ARIMA,8.255850315093994,4.930356979370117,2.0506097939589045,1.8535496915451695,3.3410295080799837,3.415893818259446,0.7244597032780455,0.75,1.0,5.186857751758928,7.898120207595635,True
D1,96,172,SeasonalNaive,h1,1,ARIMA,8.255850315093994,4.930356979370117,1.1205105734371457,0.8568120698192948,1.6825063787942185,1.6684703190213077,0.3617792451808994,0.0,1.0,2.2012889973563454,3.3519417622128245,True
D1,96,172,SeasonalNaive,h1_6,1,ARIMA,8.255850315093994,4.930356979370117,1.6576714889761537,1.3734732065679187,2.496044075786261,2.483071503440652,0.5794371651288128,0.5,1.0,3.9739951314222606,6.051272804180727,True
D1,96,172,SeasonalNaive,h1_12,1,ARIMA,8.255850315093994,4.930356979370117,2.4768617306671397,2.1371343300622354,3.8169511156457814,3.888661086650174,0.8527483118776855,0.5,1.0,5.365459332610695,8.170079999505388,True
D1,96,173,SeasonalNaive,h1,1,ARIMA,8.255850315093994,4.930356979370117,0.5164237442906747,0.3885884250877064,0.844470438958307,0.8480512098454936,0.21260805839022334,1.0,1.0,2.236984740953933,3.406296303502827,True
D1,96,173,SeasonalNaive,h1_6,1,ARIMA,8.255850315093994,4.930356979370117,2.7170356569487364,2.2400236063750163,4.54522218867485,4.673465125914803,0.9615222828125319,0.3333333333333333,0.5,4.0384367887601655,6.149399257688902,True
D1,96,173,SeasonalNaive,h1_12,1,ARIMA,8.255850315093994,4.930356979370117,3.284384826066008,2.611749268412085,5.513018917431067,5.688939469595555,1.1209214570898303,0.25,0.75,5.452464746643205,8.30256468515295,True
D1,96,174,SeasonalNaive,h1,1,ARIMA,8.255850315093994,4.930356979370117,0.24699237010537917,0.19716992481157133,0.41698125033451106,0.41611369229603656,0.16825849372177104,1.0,1.0,2.1085773949535596,3.2107681624225486,True
D1,96,174,SeasonalNaive,h1_6,1,ARIMA,8.255850315093994,4.930356979370117,2.5636259143701623,2.423237022295542,4.209495160613019,4.089999401033767,0.9277197072499904,0.3333333333333333,0.6666666666666666,3.806622534267838,5.796411584719904,True
D1,96,174,SeasonalNaive,h1_12,1,ARIMA,8.255850315093994,4.930356979370117,3.2610719601248648,2.864809954081855,5.339047451664719,5.173020661935368,1.1403229320320305,0.25,0.75,5.139482492245494,7.8259810604643585,True
D1,96,175,SeasonalNaive,h1,1,ARIMA,8.255850315093994,4.930356979370117,0.7544574715305522,0.5867160992823255,1.3708992866595358,1.3615664343913028,0.25708250237871877,1.0,1.0,2.164479306582999,3.2958909938196332,True
D1,96,175,SeasonalNaive,h1_6,1,ARIMA,8.255850315093994,4.930356979370117,1.4602865994547156,1.218555638565975,2.6313513763827934,2.5922923214887894,0.5286448029029797,0.6666666666666666,0.8333333333333334,3.9075424611467473,5.950084145638146,True
D1,96,175,SeasonalNaive,h1_12,1,ARIMA,8.255850315093994,4.930356979370117,1.7041897581420815,1.4552665994709009,3.1088847841026075,3.1022953980535077,0.6345827835237813,0.8333333333333334,0.9166666666666666,5.275738764739985,8.033460900996996,True
D1,96,176,SeasonalNaive,h1,1,ARIMA,8.255850315093994,4.930356979370117,1.4527695834937204,1.1972930940626554,2.4526684702497796,2.4229549442665874,0.49633024886906474,0.0,1.0,2.0424100581894984,3.1100139862738088,True
D1,96,176,SeasonalNaive,h1_6,1,ARIMA,8.255850315093994,4.930356979370117,1.716074687446069,1.508602369786875,2.9727431949878693,3.014193000881084,0.5791477460060688,0.6666666666666666,1.0,3.6871703975990924,5.61451969957154,True
D1,96,176,SeasonalNaive,h1_12,1,ARIMA,8.255850315093994,4.930356979370117,1.4534398438642464,1.339998162649405,2.5184573329275923,2.5541326093504026,0.5834458903289723,0.75,1.0,4.97820509750943,7.580401113730459,True
D1,96,177,SeasonalNaive,h1,1,ARIMA,8.255850315093994,4.930356979370117,2.259152245134659,1.8727540866882564,4.460999393218777,4.363667796262108,0.8895649848857154,0.0,0.0,2.030539420946151,3.091938356600548,True
D1,96,177,SeasonalNaive,h1_6,1,ARIMA,8.255850315093994,4.930356979370117,2.5681235174214847,2.1540738190607156,5.052729270486825,4.925576238180482,0.90552435797742,0.16666666666666666,0.3333333333333333,3.6657402924795055,5.581887698773265,True
D1,96,177,SeasonalNaive,h1_12,1,ARIMA,8.255850315093994,4.930356979370117,3.2252546382668936,2.7621851645822653,6.295578363668082,6.092084739988699,1.110625426431174,0.16666666666666666,0.5833333333333334,4.949271403906344,7.536343265787852,True
D1,96,178,SeasonalNaive,h1,1,ARIMA,8.255850315093994,4.930356979370117,1.438838065106289,1.1214615198083355,2.4810970450695233,2.5122628851737354,0.4869740879730434,0.0,1.0,2.159604490885036,3.2884680255766128,True
D1,96,178,SeasonalNaive,h1_6,1,ARIMA,8.255850315093994,4.930356979370117,2.0759129012342163,1.6957856955161985,3.6059530727058373,3.6792631564012925,0.6904920576448033,0.3333333333333333,1.0,3.8987419384195867,5.936683433739846,True
D1,96,178,SeasonalNaive,h1_12,1,ARIMA,8.255850315093994,4.930356979370117,2.1077704594551,1.8221352040545042,3.671432451793581,3.7572795648404997,0.7503377410790292,0.5,1.0,5.2638568058455375,8.01536803164498,True
D1,96,179,SeasonalNaive,h1,1,ARIMA,8.255850315093994,4.930356979370117,2.0600059635391976,1.7216517825775717,3.983997599521348,3.906186413056841,0.7919411281229409,0.0,0.0,2.014048110943483,3.066826746640244,True
D1,96,179,SeasonalNaive,h1_6,1,ARIMA,8.255850315093994,4.930356979370117,3.5774586306269893,3.1164575330069995,6.799326001261914,6.559017947545932,1.358955374451867,0.0,0.0,3.6359684698155736,5.536553616858404,True
D1,96,179,SeasonalNaive,h1_12,1,ARIMA,8.255850315093994,4.930356979370117,3.5214191405310267,3.195088314094128,6.676363438847131,6.426187992636077,1.3350222527234268,0.25,0.3333333333333333,4.909075203740427,7.475135799535026,True
D1,96,180,SeasonalNaive,h1,1,ARIMA,8.255850315093994,4.930356979370117,0.43543064597741415,0.35123815864171964,0.7882813366057413,0.7851865969052743,0.19060926884340562,1.0,1.0,2.086719044537396,3.177484064922837,True
D1,96,180,SeasonalNaive,h1_6,1,ARIMA,8.255850315093994,4.930356979370117,1.6675955178794528,1.7781784782313612,3.1082616337438185,3.192001161765803,0.6510642037080878,0.6666666666666666,0.8333333333333334,3.7671615737855433,5.736323680961487,True
D1,96,180,SeasonalNaive,h1_12,1,ARIMA,8.255850315093994,4.930356979370117,1.934515979894731,1.8385275305521747,3.601502835171249,3.6925578236854344,0.7178534576120674,0.8333333333333334,0.9166666666666666,5.086204576271371,7.744853833747741,True
D1,96,181,SeasonalNaive,h1,1,ARIMA,8.255850315093994,4.930356979370117,0.007104649770600792,0.005638121380671496,0.009644277596414954,0.009644742679293678,0.15584695077834915,1.0,1.0,2.121069661442599,3.229790357963211,True
D1,96,181,SeasonalNaive,h1_6,1,ARIMA,8.255850315093994,4.930356979370117,0.9026732003869273,0.9319116491727636,1.2315873899976586,1.2382110558737294,0.3921156940368339,1.0,1.0,3.8291748689532983,5.830752424363586,True
D1,96,181,SeasonalNaive,h1_12,1,ARIMA,8.255850315093994,4.930356979370117,1.4651960227015053,1.4643553303816994,2.0175327807156136,2.047454325601284,0.5861613205230414,0.9166666666666666,1.0,5.1699313555703394,7.8723460841904735,True
D1,96,182,SeasonalNaive,h1,1,ARIMA,8.255850315093994,4.930356979370117,0.3095349582856736,0.25298537475278626,0.6189763585966566,0.6170666103791361,0.1681359340887955,1.0,1.0,2.059496077043169,3.136031169939546,True
D1,96,182,SeasonalNaive,h1_6,1,ARIMA,8.255850315093994,4.930356979370117,0.4885703704159253,0.6095934962655397,0.9892571201271629,0.998851062760868,0.31966730459053383,1.0,1.0,3.718015850341297,5.661488617030858,True
D1,96,182,SeasonalNaive,h1_12,1,ARIMA,8.255850315093994,4.930356979370117,0.585681147124182,0.6649720724145297,1.1858371387415967,1.1972572030787534,0.416833602344302,1.0,1.0,5.0198508511681705,7.6438158407722945,True
D1,96,183,SeasonalNaive,h1,1,ARIMA,8.255850315093994,4.930356979370117,0.900158752576221,0.7555907548472813,1.5182565767492915,1.5068178958476206,0.2940610256329794,1.0,1.0,2.0052990720030133,3.053504430016209,True
D1,96,183,SeasonalNaive,h1_6,1,ARIMA,8.255850315093994,4.930356979370117,0.9519589076682814,0.8673813340885416,1.6026440788923018,1.5876900512756298,0.39274559757614635,1.0,1.0,3.6201737976049695,5.512502789608206,True
D1,96,183,SeasonalNaive,h1_12,1,ARIMA,8.255850315093994,4.930356979370117,1.045898119856688,1.0470434879015427,1.7822688853574558,1.7876816287061548,0.48297412030650433,1.0,1.0,4.887750147061866,7.442663757859322,True
D1,96,184,SeasonalNaive,h1,1,ARIMA,8.255850315093994,4.930356979370117,0.7190931339327862,0.5577222723655664,1.1742924574685067,1.1674378899249973,0.2473861900331185,1.0,1.0,2.1702703313868623,3.3047090899030533,True
D1,96,184,SeasonalNaive,h1_6,1,ARIMA,8.255850315093994,4.930356979370117,2.044843124706234,1.8793776924369159,3.2818789496668166,3.2085498278616917,0.7439626676062527,0.5,0.6666666666666666,3.9179970195459943,5.966003486963162,True
D1,96,184,SeasonalNaive,h1_12,1,ARIMA,8.255850315093994,4.930356979370117,1.3551246024733865,1.3933419507529143,2.185991879393001,2.147922489479671,0.6370117774336614,0.75,0.8333333333333334,5.289853907329877,8.054954278733158,True
D1,96,185,SeasonalNaive,h1,1,ARIMA,8.255850315093994,4.930356979370117,1.3143559653840193,1.0840916773840932,2.1487268382674745,2.1720626851978944,0.4425579071093655,0.0,1.0,2.040768160142406,3.1075138390237633,True
D1,96,185,SeasonalNaive,h1_6,1,ARIMA,8.255850315093994,4.930356979370117,1.5430996057965658,1.4504643974951965,2.533952200080347,2.5736990046255506,0.5843496046565466,0.5,0.8333333333333334,3.6842062730097096,5.61000617453621,True
D1,96,185,SeasonalNaive,h1_12,1,ARIMA,8.255850315093994,4.930356979370117,1.0825540848414965,1.12387301115712,1.7686670288213098,1.7872805067620063,0.5450747549934972,0.75,0.9166666666666666,4.9742031072162405,7.574307212197389,True
D1,96,186,SeasonalNaive,h1,1,ARIMA,8.255850315093994,4.930356979370117,2.7796190762511293,2.1649720781703383,5.229136316433081,5.369526239744523,1.1343632279936207,0.0,0.0,2.1611238864515454,3.290781636128797,True
D1,96,186,SeasonalNaive,h1_6,1,ARIMA,8.255850315093994,4.930356979370117,2.8687516417828003,2.2770993657666607,5.40714290208631,5.563896323272036,1.04117830182027,0.16666666666666666,0.5,3.90148490882977,5.940860203387742,True
D1,96,186,SeasonalNaive,h1_12,1,ARIMA,8.255850315093994,4.930356979370117,2.209837117810272,1.8461661063150054,4.148223192773682,4.250409554743627,0.8437386176117766,0.5833333333333334,0.75,5.26756020650399,8.021007265450343,True
D1,96,187,SeasonalNaive,h1,1,ARIMA,8.255850315093994,4.930356979370117,0.4957782952804895,0.38451534839524765,0.7713480294702346,0.7683845698510848,0.2053952654679402,1.0,1.0,2.170303693696706,3.304759891283437,True
D1,96,187,SeasonalNaive,h1_6,1,ARIMA,8.255850315093994,4.930356979370117,1.8431229041528514,1.7124492188775728,2.8206395614880355,2.765263346980311,0.692194007925767,0.6666666666666666,0.8333333333333334,3.9180572486468033,5.966095198882202,True
D1,96,187,SeasonalNaive,h1_12,1,ARIMA,8.255850315093994,4.930356979370117,1.6186713419419474,1.5303046927980517,2.4819166616912534,2.437648375034411,0.6769598897452259,0.8333333333333334,0.9166666666666666,5.289935225192719,8.05507810288383,True
D1,96,188,SeasonalNaive,h1,1,ARIMA,8.255850315093994,4.930356979370117,0.7248834435724882,0.5857527795841053,1.2597962397935503,1.2677819746160472,0.24708018144508573,1.0,1.0,2.083053872690888,3.1719030428068016,True
D1,96,188,SeasonalNaive,h1_6,1,ARIMA,8.255850315093994,4.930356979370117,2.8008584629606457,2.4152518146822173,4.974425215261614,5.120060207973345,1.0120656250137228,0.3333333333333333,0.3333333333333333,3.760544825556953,5.726248241187737,True
D1,96,188,SeasonalNaive,h1_12,1,ARIMA,8.255850315093994,4.930356979370117,2.3199329766023022,2.1340705888548124,4.112180091341961,4.2242093730497015,0.8853949992336575,0.5833333333333334,0.6666666666666666,5.077271023924032,7.731250555289556,True
D1,96,189,SeasonalNaive,h1,1,ARIMA,8.255850315093994,4.930356979370117,0.24165949347354232,0.19412938899986806,0.44107909767033426,0.4401084844044434,0.16699373930691563,1.0,1.0,2.0953629128451756,3.190646236360887,True
D1,96,189,SeasonalNaive,h1_6,1,ARIMA,8.255850315093994,4.930356979370117,0.6798110014968406,0.6218278972513402,1.2395843564105382,1.2358044635979843,0.33717697689504694,1.0,1.0,3.7827663810657315,5.760085397517811,True
D1,96,189,SeasonalNaive,h1_12,1,ARIMA,8.255850315093994,4.930356979370117,0.7349523074148382,0.6898477277343756,1.3351943374302557,1.3262468136853187,0.43259473965815703,1.0,1.0,5.10727328825671,7.77693553481675,True
D1,96,190,SeasonalNaive,h1,1,ARIMA,8.255850315093994,4.930356979370117,0.4949963245857642,0.4033782163943701,0.8600635667688415,0.8637780870812007,0.1993395668867312,1.0,1.0,2.065552379281854,3.1452532086735836,True
D1,96,190,SeasonalNaive,h1_6,1,ARIMA,8.255850315093994,4.930356979370117,0.9816938086881987,1.0135782342199935,1.6806954238936318,1.6636963204040431,0.40575081603459073,1.0,1.0,3.7289493150703006,5.678137197510229,True
D1,96,190,SeasonalNaive,h1_12,1,ARIMA,8.255850315093994,4.930356979370117,0.8277622031623256,0.9001284862328295,1.4191884255196587,1.4068114590168919,0.4648422658791375,1.0,1.0,5.034612585500496,7.666293795212009,True
D1,96,191,SeasonalNaive,h1,1,ARIMA,8.255850315093994,4.930356979370117,2.503163503494831,2.017537745714029,3.794712865552456,3.8681045969491845,1.0047311448303167,0.0,0.0,2.088402618609182,3.1800476729941836,True
D1,96,191,SeasonalNaive,h1_6,1,ARIMA,8.255850315093994,4.930356979370117,3.9878276050439174,3.3381151311802553,6.129349329179851,6.34021695423624,1.5482734930236146,0.0,0.0,3.770200936255752,5.7409517720511225,True
D1,96,191,SeasonalNaive,h1_12,1,ARIMA,8.255850315093994,4.930356979370117,3.7527037141285566,3.262633749020066,5.771066254045076,5.973539446910343,1.429741859754191,0.25,0.3333333333333333,5.090308148417698,7.751102415768571,True
D1,96,192,SeasonalNaive,h1,1,ARIMA,8.255850315093994,4.930356979370117,1.418639210637245,1.1361510835892825,2.187395183151684,2.1637305146250387,0.48106294924252674,0.0,1.0,2.101757239326872,3.2003829905994143,True
D1,96,192,SeasonalNaive,h1_6,1,ARIMA,8.255850315093994,4.930356979370117,1.6481177171659678,1.5169198120083647,2.60476470411502,2.6421563907804533,0.5843512782333099,0.6666666666666666,1.0,3.794310082205168,5.777663195792482,True
D1,96,192,SeasonalNaive,h1_12,1,ARIMA,8.255850315093994,4.930356979370117,1.3155933790666658,1.2259831828810401,2.0754025421289053,2.100976111443917,0.5654188484989257,0.8333333333333334,1.0,5.1228589286420565,7.800668065602676,True
D1,96,193,SeasonalNaive,h1,1,ARIMA,8.255850315093994,4.930356979370117,1.2605342341473338,1.0529388584622845,2.4189813284455712,2.3900736112494565,0.4224895742943477,0.0,1.0,2.015107275370757,3.0684395550816115,True
D1,96,193,SeasonalNaive,h1_6,1,ARIMA,8.255850315093994,4.930356979370117,1.2151243756889556,1.134954717785368,2.3261056524412154,2.2928842777280964,0.47725381488750557,0.5,1.0,3.6378805832556687,5.539465225875509,True
D1,96,193,SeasonalNaive,h1_12,1,ARIMA,8.255850315093994,4.930356979370117,1.4891618635197945,1.5769179088281047,2.9267810622865933,2.9650891522794085,0.6158604010016994,0.6666666666666666,1.0,4.911656829173498,7.479066886327309,True
D1,96,194,SeasonalNaive,h1,1,ARIMA,8.255850315093994,4.930356979370117,0.028823031267349586,0.02273630021380465,0.053814535686498785,0.053800059560373044,0.15799114713694176,1.0,1.0,2.1338630210212255,3.2492710332866994,True
D1,96,194,SeasonalNaive,h1_6,1,ARIMA,8.255850315093994,4.930356979370117,0.6828621604325941,0.692840026014975,1.288897351610269,1.302821917121332,0.3549333638608536,1.0,1.0,3.852270768101983,5.865920959247147,True
D1,96,194,SeasonalNaive,h1_12,1,ARIMA,8.255850315093994,4.930356979370117,0.8984066099509127,0.8722215497438787,1.699468633284897,1.7217459474731671,0.4677885515948054,1.0,1.0,5.20111410832525,7.919828614355962,True
D1,96,195,SeasonalNaive,h1,1,ARIMA,8.255850315093994,4.930356979370117,0.09048429883667651,0.07155289301362189,0.16692091486819768,0.16678171808336884,0.16103056350022416,1.0,1.0,2.1285933803237325,3.2412468580207436,True
D1,96,195,SeasonalNaive,h1_6,1,ARIMA,8.255850315093994,4.930356979370117,1.8543740496008025,1.643729083396144,3.351696388171558,3.282782845339894,0.6328571642618611,0.5,1.0,3.8427574663495325,5.85143488609688,True
D1,96,195,SeasonalNaive,h1_12,1,ARIMA,8.255850315093994,4.930356979370117,1.862471856199106,1.6078202103908752,3.3697015071696748,3.3036012279208347,0.6712781768695623,0.75,1.0,5.188269796245438,7.900270352756088,True
D1,96,196,SeasonalNaive,h1,1,ARIMA,8.255850315093994,4.930356979370117,0.9343199443765433,0.7518434994173451,1.5417670436967956,1.5299727359863042,0.3054484061473138,1.0,1.0,2.0917744311079502,3.1851819916331814,True
D1,96,196,SeasonalNaive,h1_6,1,ARIMA,8.255850315093994,4.930356979370117,2.251589906073729,2.069261839309816,3.8191324923746044,3.8996173276722272,0.783694117302125,0.3333333333333333,0.8333333333333334,3.7762880817738003,5.750220776393176,True
D1,96,196,SeasonalNaive,h1_12,1,ARIMA,8.255850315093994,4.930356979370117,2.1137719773899915,2.076483118079842,3.600382768966068,3.691927639854297,0.8221901383959617,0.5,0.9166666666666666,5.0985266616892755,7.763616891555882,True
D1,96,197,SeasonalNaive,h1,1,ARIMA,8.255850315093994,4.930356979370117,0.477985331438261,0.3793443713802487,0.7641835751842488,0.7612748066669666,0.1996372462687461,1.0,1.0,2.120936197424605,3.2295871299381194,True
D1,96,197,SeasonalNaive,h1_6,1,ARIMA,8.255850315093994,4.930356979370117,1.6155742064761,1.7548787221220168,2.5355203433124784,2.4820487964028737,0.6094176440637625,0.8333333333333334,0.8333333333333334,3.8289339258702677,5.83038553606164,True
D1,96,197,SeasonalNaive,h1_12,1,ARIMA,8.255850315093994,4.930356979370117,2.296475092945205,2.1518442742194646,3.5954727926460386,3.5105234987396754,0.8127877540394869,0.75,0.9166666666666666,5.169606048097452,7.871850732737194,True
D1,96,198,SeasonalNaive,h1,1,ARIMA,8.255850315093994,4.930356979370117,0.198455644963965,0.15406773568911933,0.27970411184173405,0.2800958316208044,0.16993139243824765,1.0,1.0,2.1681954885233883,3.301549689909463,True
D1,96,198,SeasonalNaive,h1_6,1,ARIMA,8.255850315093994,4.930356979370117,1.4221933676618566,1.3202242049477013,2.0094347819039493,2.018194098828013,0.5355420341066326,0.6666666666666666,1.0,3.9142512980856026,5.960299810522774,True
D1,96,198,SeasonalNaive,h1_12,1,ARIMA,8.255850315093994,4.930356979370117,1.0987371202311693,1.0709683130387817,1.5541290371976504,1.5624271934887695,0.5429352287339689,0.8333333333333334,1.0,5.284796649959802,8.047253503323219,True
D1,96,199,SeasonalNaive,h1,1,ARIMA,8.255850315093994,4.930356979370117,0.8478795141534579,0.6817720715121898,1.4533346678892687,1.4428499486347033,0.28147173525867314,1.0,1.0,2.0933488842987233,3.1875794394054506,True
D1,96,199,SeasonalNaive,h1_6,1,ARIMA,8.255850315093994,4.930356979370117,1.3913912262156194,1.2662141007338317,2.3660828373679794,2.3309663185389433,0.5348320551931791,0.6666666666666666,0.8333333333333334,3.7791304479157746,5.75454889768313,True
D1,96,199,SeasonalNaive,h1_12,1,ARIMA,8.255850315093994,4.930356979370117,1.087712467980297,1.0531598480508846,1.8543218927880034,1.8313420778797513,0.5343602459001934,0.8333333333333334,0.9166666666666666,5.102364260739812,7.769460471630812,True
D1,96,0,Theta,h1,1,ARIMA,8.255850315093994,4.930356979370117,1.1729197833567548,0.9917143658368971,2.0265237523354065,2.0472679378526726,0.4128003683005051,0.0,1.0,1.903942178757549,2.995123090733471,True
D1,96,0,Theta,h1_6,1,ARIMA,8.255850315093994,4.930356979370117,2.527811073348211,2.562056375766053,4.463232740258868,4.614850010819492,0.9650001121562604,0.16666666666666666,0.3333333333333333,2.8618044677005825,4.526465586475459,True
D1,96,0,Theta,h1_12,1,ARIMA,8.255850315093994,4.930356979370117,1.5871121584626244,1.8600503347580126,2.782955229365868,2.857388150788083,0.6915066450568343,0.5833333333333334,0.6666666666666666,3.9492852402139316,5.979212458670209,True
D1,96,1,Theta,h1,1,ARIMA,8.255850315093994,4.930356979370117,0.02278984148415972,0.018290050116526086,0.039912962092229935,0.03992092890484027,0.1467862007421079,1.0,1.0,1.9303713077253954,3.036700719705395,True
D1,96,1,Theta,h1_6,1,ARIMA,8.255850315093994,4.930356979370117,1.0277603718044606,1.0747746666990101,1.812625656713756,1.828396994025618,0.4046707995883466,0.6666666666666666,0.6666666666666666,2.5870806096852412,4.011323523874407,True
D1,96,1,Theta,h1_12,1,ARIMA,8.255850315093994,4.930356979370117,0.9376133437047668,0.9508136770615929,1.6541629421499437,1.6700303809905979,0.3929769406969743,0.8333333333333334,0.8333333333333334,3.3822020539980393,5.0814437022169745,True
D1,96,2,Theta,h1,1,ARIMA,8.255850315093994,4.930356979370117,0.5760039532143958,0.47257276695991646,1.0854032616860532,1.0795445557761787,0.20197788091209373,1.0,1.0,1.975643045229893,3.1079214673773112,True
D1,96,2,Theta,h1_6,1,ARIMA,8.255850315093994,4.930356979370117,2.0487062070888684,1.868739637074377,3.789602258722162,3.703577321531511,0.7799346676380507,0.3333333333333333,0.6666666666666666,3.0583119051422276,4.851333883868587,True
D1,96,2,Theta,h1_12,1,ARIMA,8.255850315093994,4.930356979370117,1.5580290235178869,1.4869325831437445,2.894548916488716,2.841562211913179,0.6533636952254749,0.6666666666666666,0.8333333333333334,4.278708581685523,6.482836189555109,True
D1,96,3,Theta,h1,1,ARIMA,8.255850315093994,4.930356979370117,0.9762617899804535,0.756006671837941,1.849902923648714,1.8671733710389338,0.33327625184555776,0.0,1.0,2.0378110216046244,3.205721182069366,True
D1,96,3,Theta,h1_6,1,ARIMA,8.255850315093994,4.930356979370117,1.8084815385896822,1.6151179230711927,3.475853156282533,3.5594456157985612,0.6277864090552621,0.5,0.6666666666666666,2.9940612065083223,4.692147066934662,True
D1,96,3,Theta,h1_12,1,ARIMA,8.255850315093994,4.930356979370117,1.3654916852435972,1.2756038597648833,2.597679250417545,2.632272132139508,0.5484856777829965,0.75,0.8333333333333334,4.0694711982839635,6.157704871522396,True
D1,96,4,Theta,h1,1,ARIMA,8.255850315093994,4.930356979370117,0.9724094512017655,0.7731041513292993,1.760174144368648,1.775802754841501,0.3327309305712151,0.0,1.0,1.995966243977398,3.1398895519173387,True
D1,96,4,Theta,h1_6,1,ARIMA,8.255850315093994,4.930356979370117,0.9389924535906589,0.8599063533505569,1.6715442653111696,1.6585582894549156,0.386116771721898,0.6666666666666666,1.0,2.971679892700469,4.683790355118733,True
D1,96,4,Theta,h1_12,1,ARIMA,8.255850315093994,4.930356979370117,1.8342533728661667,1.7017741812120695,3.2224752161051327,3.1565887142381697,0.6892008297765967,0.5,1.0,4.074661420698333,6.1646439656978655,True
D1,96,5,Theta,h1,1,ARIMA,8.255850315093994,4.930356979370117,1.4007384102762193,1.1164161279742717,2.5347390584712595,2.567275931356674,0.4982925502034928,0.0,1.0,2.0403543505507105,3.2097187256512787,True
D1,96,5,Theta,h1_6,1,ARIMA,8.255850315093994,4.930356979370117,1.0016187305027116,0.9442755043347487,1.812166645438669,1.8356422700399295,0.3795721966865757,0.8333333333333334,1.0,3.0386725324183805,4.790075625222273,True
D1,96,5,Theta,h1_12,1,ARIMA,8.255850315093994,4.930356979370117,0.8422850864763414,0.8112038387971715,1.5210045527028133,1.5379708876122822,0.4054955872131256,0.9166666666666666,1.0,4.167563570226882,6.305517308244945,True
D1,96,6,Theta,h1,1,ARIMA,8.255850315093994,4.930356979370117,1.0132207571260912,0.8597418629596757,2.0342601047603983,2.0137773699426798,0.31287814791585816,1.0,1.0,1.9107785960920785,3.005880936011416,True
D1,96,6,Theta,h1_6,1,ARIMA,8.255850315093994,4.930356979370117,2.72185107779075,2.4441516020548915,5.35697428036613,5.201754910366409,1.070679067060632,0.16666666666666666,0.16666666666666666,2.8118470711232786,4.410814615368377,True
D1,96,6,Theta,h1_12,1,ARIMA,8.255850315093994,4.930356979370117,2.5967087281884567,2.426271854596029,5.1069835696153865,4.954751946171297,1.0201368243151105,0.3333333333333333,0.4166666666666667,3.8271331928295407,5.790884630233497,True
D1,96,7,Theta,h1,1,ARIMA,8.255850315093994,4.930356979370117,2.766396810226604,2.1083214803479255,4.739929014616305,4.630195035652203,1.1038797035668393,0.0,0.0,2.094932527090033,3.295568976268666,True
D1,96,7,Theta,h1_6,1,ARIMA,8.255850315093994,4.930356979370117,4.22001473794163,3.2818284689183344,7.136937499542542,6.882097991254018,1.7822299115884046,0.0,0.0,3.0422998167130357,4.741471178575386,True
D1,96,7,Theta,h1_12,1,ARIMA,8.255850315093994,4.930356979370117,3.689759732785244,2.9169651047966174,6.266925472667341,6.063731580680426,1.4686938566934613,0.08333333333333333,0.3333333333333333,4.097984977376622,6.209580873014677,True
D1,96,8,Theta,h1,1,ARIMA,8.255850315093994,4.930356979370117,1.4681803668628008,1.146241387883342,2.541943167022811,2.510041255925584,0.4777716368331646,0.0,1.0,2.094005753217363,3.2941262802809543,True
D1,96,8,Theta,h1_6,1,ARIMA,8.255850315093994,4.930356979370117,1.8216508613999463,1.5860163727040442,3.1343059213920506,3.074938232847602,0.7202639399969674,0.5,0.6666666666666666,3.545936095703399,5.639157699730065,True
D1,96,8,Theta,h1_12,1,ARIMA,8.255850315093994,4.930356979370117,2.238604160194917,1.9393016116935449,3.8398297511485664,3.7517804676272055,0.8606187160416104,0.5,0.8333333333333334,5.043371385671873,7.678881491430132,True
D1,96,9,Theta,h1,1,ARIMA,8.255850315093994,4.930356979370117,0.2717060095710358,0.21195067751702507,0.4292839175421092,0.4283644676580488,0.16166973677277735,1.0,1.0,1.944361768845615,3.0587151986661323,True
D1,96,9,Theta,h1_6,1,ARIMA,8.255850315093994,4.930356979370117,1.1071441833278566,1.2094445165930627,1.777528020355398,1.8033840725915282,0.4298496562603873,0.6666666666666666,0.8333333333333334,2.75153439673656,4.265695730942929,True
D1,96,9,Theta,h1_12,1,ARIMA,8.255850315093994,4.930356979370117,2.171255202043402,2.0329987046474653,3.5218632007219473,3.611306391983926,0.7514167791493847,0.4166666666666667,0.75,3.654970497087952,5.536643639306876,True
D1,96,10,Theta,h1,1,ARIMA,8.255850315093994,4.930356979370117,0.2043135543977286,0.16140273177854603,0.37374217532372284,0.3744418989729954,0.16943278577569898,1.0,1.0,2.09700798830343,3.2988462124385816,True
D1,96,10,Theta,h1_6,1,ARIMA,8.255850315093994,4.930356979370117,0.37962131923738707,0.37676812559931083,0.6972625282892768,0.7011402669397686,0.2781541113481221,1.0,1.0,3.342627355404841,5.293732321202821,True
D1,96,10,Theta,h1_12,1,ARIMA,8.255850315093994,4.930356979370117,0.8899699235144183,0.9455155630292768,1.6418552038906937,1.6579595569900014,0.4308044770965468,1.0,1.0,4.689838309260041,7.120887390623409,True
D1,96,11,Theta,h1,1,ARIMA,8.255850315093994,4.930356979370117,0.5526953917792959,0.4452031310265328,0.9079480496657131,0.9038448289176321,0.1997770911610059,1.0,1.0,2.007035617742055,3.1573035854259865,True
D1,96,11,Theta,h1_6,1,ARIMA,8.255850315093994,4.930356979370117,1.1019602789406169,1.1614444977928582,1.796910377361172,1.7762996401256386,0.43868135164534144,0.8333333333333334,0.8333333333333334,3.2663400904538293,5.1524725517583905,True
D1,96,11,Theta,h1_12,1,ARIMA,8.255850315093994,4.930356979370117,1.371406858810622,1.2863776713557906,2.2736923476472106,2.284994915103933,0.5084646960179047,0.9166666666666666,0.9166666666666666,4.591121141358689,6.966783518102634,True
D1,96,12,Theta,h1,1,ARIMA,8.255850315093994,4.930356979370117,0.281691202718032,0.23190308640907137,0.5033068461071555,0.5020434366137013,0.16734000335945567,1.0,1.0,2.0122220369517527,3.1654695762229657,True
D1,96,12,Theta,h1_6,1,ARIMA,8.255850315093994,4.930356979370117,1.6527991896260652,1.623709307949276,3.0208882092132328,3.0848790417544087,0.5425168742189287,0.6666666666666666,1.0,3.315567406609452,5.235092340181253,True
D1,96,12,Theta,h1_12,1,ARIMA,8.255850315093994,4.930356979370117,1.9554033725931679,1.815957646886996,3.580177967509029,3.66280948317475,0.6386487246832508,0.6666666666666666,1.0,4.662411574549205,7.090688481733427,True
D1,96,13,Theta,h1,1,ARIMA,8.255850315093994,4.930356979370117,0.23949015361100062,0.19120794448033065,0.40757189447699793,0.4084041647727415,0.15701096748634508,1.0,1.0,1.9063045649546266,2.998847778166359,True
D1,96,13,Theta,h1_6,1,ARIMA,8.255850315093994,4.930356979370117,2.4018523811404373,2.261423324683399,3.9690676826625055,3.863813866193655,1.0002380961425796,0.16666666666666666,0.3333333333333333,2.490401918577759,3.826936309165752,True
D1,96,13,Theta,h1_12,1,ARIMA,8.255850315093994,4.930356979370117,1.7707684502470673,1.8025886046653614,2.939024346120768,2.872419029710843,0.7528957703161431,0.4166666666666667,0.6666666666666666,3.2041728613619616,4.76782178163657,True
D1,96,14,Theta,h1,1,ARIMA,8.255850315093994,4.930356979370117,0.8277816705933164,0.6449416954785745,1.5011624317549792,1.4899789297874622,0.2638701897294765,1.0,1.0,2.0629261923661977,3.2452390680937744,True
D1,96,14,Theta,h1_6,1,ARIMA,8.255850315093994,4.930356979370117,1.1679625934674993,1.0150546353377323,2.106772954088025,2.0795837071452055,0.4571256011619343,0.5,1.0,3.0516601454887042,4.797928302748171,True
D1,96,14,Theta,h1_12,1,ARIMA,8.255850315093994,4.930356979370117,1.406154699355608,1.2543776552685069,2.5286203044267315,2.4876725299168196,0.564624764276268,0.6666666666666666,1.0,4.167770821016129,6.303867259929225,True
D1,96,15,Theta,h1,1,ARIMA,8.255850315093994,4.930356979370117,0.7997120087574353,0.5950214351265151,1.3201378813835358,1.3289096009090073,0.28283357196329195,1.0,1.0,2.2149464130942675,3.4843786066990248,True
D1,96,15,Theta,h1_6,1,ARIMA,8.255850315093994,4.930356979370117,0.9033330553956672,0.9349030519711,1.4645195407905214,1.44805523825536,0.4740197284767868,0.8333333333333334,0.8333333333333334,3.7049136264218347,5.878247314266189,True
D1,96,15,Theta,h1_12,1,ARIMA,8.255850315093994,4.930356979370117,0.9353409600468428,0.8752069538330427,1.5263280149138159,1.518208849830731,0.5277955764054939,0.9166666666666666,0.9166666666666666,5.236878311375507,7.987508306373002,True
D1,96,16,Theta,h1,1,ARIMA,8.255850315093994,4.930356979370117,1.172788323796973,0.9102449899045987,2.0266347248611294,2.0473811939748146,0.4090850281807799,0.0,1.0,2.0649939192194977,3.248472265540211,True
D1,96,16,Theta,h1_6,1,ARIMA,8.255850315093994,4.930356979370117,0.5732796675388471,0.566646985228193,0.9883741280544167,0.9963421495252462,0.29815499435157056,0.8333333333333334,1.0,3.0056355635307654,4.6849481374741595,True
D1,96,16,Theta,h1_12,1,ARIMA,8.255850315093994,4.930356979370117,0.7108787597736989,0.6898858624307045,1.214952306196005,1.2144638044642588,0.38374244505254834,0.9166666666666666,1.0,4.053170174594063,6.136980542703556,True
D1,96,17,Theta,h1,1,ARIMA,8.255850315093994,4.930356979370117,0.4867994189479772,0.3982849231456193,1.0265357495345562,1.0318318107407178,0.20369861575526158,1.0,1.0,2.0074371186017035,3.1579396973365563,True
D1,96,17,Theta,h1_6,1,ARIMA,8.255850315093994,4.930356979370117,0.5486019875022872,0.5491441838607389,1.149479876840802,1.1474906659632367,0.30404917471273385,1.0,1.0,3.174605933380832,5.028496480896648,True
D1,96,17,Theta,h1_12,1,ARIMA,8.255850315093994,4.930356979370117,0.7529873942242705,0.7550377260900317,1.5696694858099633,1.5573494110364414,0.41492585042017543,1.0,1.0,4.446697697952577,6.7543344755575205,True
D1,96,18,Theta,h1,1,ARIMA,8.255850315093994,4.930356979370117,1.6157570637858159,1.2541908535854651,2.6649993550272515,2.6299552103308406,0.5351147714163629,0.0,1.0,2.095075050234214,3.295804012237253,True
D1,96,18,Theta,h1_6,1,ARIMA,8.255850315093994,4.930356979370117,1.1406509572870107,0.993308161044095,1.884302288376181,1.8623296599323016,0.44293796478102215,0.5,1.0,3.0990711203899934,4.872330609599816,True
D1,96,18,Theta,h1_12,1,ARIMA,8.255850315093994,4.930356979370117,0.913424106848091,0.8275295961629164,1.512153262501232,1.4975838192519602,0.4513877502583977,0.75,1.0,4.232401777522153,6.401614231816804,True
D1,96,19,Theta,h1,1,ARIMA,8.255850315093994,4.930356979370117,0.9767693186521742,0.7907289273966869,1.7117766437035504,1.6972500784891418,0.30420319022937947,1.0,1.0,1.9989298587822293,3.144555665491518,True
D1,96,19,Theta,h1_6,1,ARIMA,8.255850315093994,4.930356979370117,0.6166597141762897,0.5514732969752805,1.0886126480530611,1.08730990005856,0.3023603812683563,1.0,1.0,3.150631126279146,4.99107287206716,True
D1,96,19,Theta,h1_12,1,ARIMA,8.255850315093994,4.930356979370117,1.2043692017228573,1.2625872029183407,2.1634949251873117,2.200105316104581,0.4652848834644936,1.0,1.0,4.411870163063925,6.7005750562737445,True
D1,96,20,Theta,h1,1,ARIMA,8.255850315093994,4.930356979370117,0.48413675761623376,0.3934183630905308,0.846826264550351,0.8432558087175677,0.18333769187730867,1.0,1.0,1.913583655614213,3.0102970906863185,True
D1,96,20,Theta,h1_6,1,ARIMA,8.255850315093994,4.930356979370117,0.6895498190519754,0.5978041912721277,1.202890163364584,1.1947305975554172,0.2999904002869481,0.8333333333333334,1.0,2.7666015749163364,4.312268489762774,True
D1,96,20,Theta,h1_12,1,ARIMA,8.255850315093994,4.930356979370117,0.9596677600292235,0.9693737473275179,1.6638936602802203,1.6430696518227867,0.4240979496347501,0.8333333333333334,1.0,3.7200429707792875,5.642011874467396,True
D1,96,21,Theta,h1,1,ARIMA,8.255850315093994,4.930356979370117,0.9201598762760014,0.7598226979274486,1.6293531684584708,1.616186475683597,0.28683364037332465,1.0,1.0,1.8989334833593126,2.9872490748422553,True
D1,96,21,Theta,h1_6,1,ARIMA,8.255850315093994,4.930356979370117,0.7785525061574103,0.7145983440963811,1.3775451058431845,1.3659441200054676,0.3157111338690255,0.8333333333333334,1.0,2.4848000089874533,3.833347584850798,True
D1,96,21,Theta,h1_12,1,ARIMA,8.255850315093994,4.930356979370117,0.7818496343042495,0.7301725044541261,1.3866025848989978,1.3787565296779654,0.3468350671940602,0.9166666666666666,1.0,3.2085133454383956,4.7823990956406455,True
D1,96,22,Theta,h1,1,ARIMA,8.255850315093994,4.930356979370117,0.038413970053323386,0.030392585474466903,0.059961194686876156,0.05997917680236317,0.15599367135990072,1.0,1.0,2.04099432119747,3.2107349775424585,True
D1,96,22,Theta,h1_6,1,ARIMA,8.255850315093994,4.930356979370117,1.8608212115458638,1.7571280051148983,2.8458497695994844,2.789802328763792,0.7140035267498702,0.5,0.8333333333333334,3.3370580954995765,5.263771245779876,True
D1,96,22,Theta,h1_12,1,ARIMA,8.255850315093994,4.930356979370117,2.071553027334039,1.8114748863769725,3.17168855082011,3.1117726089273563,0.7799257014211026,0.6666666666666666,0.9166666666666666,4.691114590882845,7.122816139822818,True
D1,96,23,Theta,h1,1,ARIMA,8.255850315093994,4.930356979370117,1.5609644287932503,1.282437228705187,2.4705511147307755,2.5014509266066374,0.5627054583871758,0.0,0.0,2.003043499927805,3.1510282555622413,True
D1,96,23,Theta,h1_6,1,ARIMA,8.255850315093994,4.930356979370117,0.9391917813006396,0.9558355500131872,1.484315943372775,1.5011837938038908,0.4199070414274319,0.6666666666666666,0.8333333333333334,3.388551522954223,5.388664992974225,True
D1,96,23,Theta,h1_12,1,ARIMA,8.255850315093994,4.930356979370117,1.0110237288626256,1.006923632285604,1.578727265776937,1.5788473104479215,0.5014319784530807,0.8333333333333334,0.9166666666666666,4.817699270298497,7.336622086336256,True
D1,96,24,Theta,h1,1,ARIMA,8.255850315093994,4.930356979370117,0.39993800324076917,0.31970364335114587,0.7127226175487192,0.7101917688663792,0.17678565344733782,1.0,1.0,2.050380646988301,3.225493201837331,True
D1,96,24,Theta,h1_6,1,ARIMA,8.255850315093994,4.930356979370117,1.154763854965438,1.0290864451967034,2.0382318062179903,2.012861455718449,0.451023837533074,0.6666666666666666,1.0,3.2434850839489564,5.137601417157108,True
D1,96,24,Theta,h1_12,1,ARIMA,8.255850315093994,4.930356979370117,1.247940065074198,1.174148579552715,2.196081347781616,2.1633747425320453,0.5463689839018268,0.8333333333333334,1.0,4.543434165734243,6.901254378131587,True
D1,96,25,Theta,h1,1,ARIMA,8.255850315093994,4.930356979370117,0.12097861928867494,0.09170628438346086,0.19198640768866132,0.19217087867195434,0.17083166550412415,1.0,1.0,2.176982240031536,3.4246409770788553,True
D1,96,25,Theta,h1_6,1,ARIMA,8.255850315093994,4.930356979370117,0.953248159231532,0.9328115858346991,1.514989411882262,1.5193202159085029,0.4330313393131382,0.8333333333333334,0.8333333333333334,3.4338731716140187,5.439614308478276,True
D1,96,25,Theta,h1_12,1,ARIMA,8.255850315093994,4.930356979370117,0.7500831680557233,0.730196456392212,1.1912295273556799,1.1936486796291301,0.46084729031701055,0.9166666666666666,0.9166666666666666,4.808755427486557,7.303550475714426,True
D1,96,26,Theta,h1,1,ARIMA,8.255850315093994,4.930356979370117,0.6888488132989977,0.551263435788029,1.1726570448112599,1.1795732190371329,0.24785286272129872,1.0,1.0,2.0621798234068627,3.244048816703894,True
D1,96,26,Theta,h1_6,1,ARIMA,8.255850315093994,4.930356979370117,2.268887022513284,2.1105415289121487,3.9419666353714238,4.051349979614577,0.7406539641232903,0.3333333333333333,0.6666666666666666,3.535186095204318,5.621553924530251,True
D1,96,26,Theta,h1_12,1,ARIMA,8.255850315093994,4.930356979370117,1.757983980721377,1.779531016771715,3.040032783608503,3.1098973319343752,0.6962817896929921,0.5833333333333334,0.8333333333333334,5.046306978741405,7.665953053725449,True
D1,96,27,Theta,h1,1,ARIMA,8.255850315093994,4.930356979370117,0.7725282589509441,0.6240107848538693,1.3955413321239514,1.4053474342765881,0.27019219778850584,1.0,1.0,2.0291819338585646,3.1921387210275824,True
D1,96,27,Theta,h1_6,1,ARIMA,8.255850315093994,4.930356979370117,1.2277224790131869,1.058302922408065,2.228886559687194,2.257648761457767,0.40767727238542867,1.0,1.0,3.5846736407581883,5.700031759250915,True
D1,96,27,Theta,h1_12,1,ARIMA,8.255850315093994,4.930356979370117,2.9792221814762945,3.0405734140675853,5.574749496134671,5.843911987515718,1.0018191748016076,0.75,0.75,5.1345892415932495,7.78031083302173,True
D1,96,28,Theta,h1,1,ARIMA,8.255850315093994,4.930356979370117,1.2292803118853282,1.0058516526536043,2.3576313329298593,2.3301630063567558,0.3956089317512352,0.0,1.0,1.852611026498489,2.9143815840544915,True
D1,96,28,Theta,h1_6,1,ARIMA,8.255850315093994,4.930356979370117,2.661604805280864,2.285590432295159,5.024779169368052,4.890204977232776,1.0923694090575464,0.0,0.16666666666666666,2.354656226567444,3.5641332210248877,True
D1,96,28,Theta,h1_12,1,ARIMA,8.255850315093994,4.930356979370117,2.9418809977739664,2.4984728830740695,5.543935576028602,5.383983531558656,1.1839455828887244,0.0,0.16666666666666666,2.9630000796714486,4.39394468373167,True
D1,96,29,Theta,h1,1,ARIMA,8.255850315093994,4.930356979370117,1.2582729193614743,1.0548193992855308,2.2980746443824023,2.3247873183316,0.4439537576233837,0.0,1.0,1.9935880723678412,3.1361584904158426,True
D1,96,29,Theta,h1_6,1,ARIMA,8.255850315093994,4.930356979370117,1.6039813637805707,1.3711005358212582,2.9412799061111663,2.9870310076288433,0.5176590857536781,0.5,1.0,3.417610616439968,5.434585523570553,True
D1,96,29,Theta,h1_12,1,ARIMA,8.255850315093994,4.930356979370117,1.75925143823051,1.6172071429274097,3.2403915889145365,3.3052059872894217,0.6047249809160918,0.75,1.0,4.878473564530475,7.410991879591318,True
D1,96,30,Theta,h1,1,ARIMA,8.255850315093994,4.930356979370117,0.11695369483764056,0.09259748237907793,0.19253105132754014,0.19234588854683787,0.16545631155376458,1.0,1.0,2.1086346776306497,3.317143065152003,True
D1,96,30,Theta,h1_6,1,ARIMA,8.255850315093994,4.930356979370117,2.135351158198083,1.950177067818712,3.602519193412119,3.6917812788487456,0.7291167518189259,0.5,0.6666666666666666,3.4434373962762583,5.431378978426003,True
D1,96,30,Theta,h1_12,1,ARIMA,8.255850315093994,4.930356979370117,2.586698023614458,2.316056886638491,4.3804853803696755,4.507750121133187,0.8673605414963037,0.5,0.75,4.840576821946923,7.348312472015288,True
D1,96,31,Theta,h1,1,ARIMA,8.255850315093994,4.930356979370117,2.3844618367069628,1.8963705932112178,4.070017398560507,4.154563119458578,0.971932012606394,0.0,0.0,2.0262472730148247,3.1875294542410746,True
D1,96,31,Theta,h1_6,1,ARIMA,8.255850315093994,4.930356979370117,1.4123696009074655,1.3335290353992568,2.3662049779861194,2.3704730485151897,0.5708417470560425,0.5,0.8333333333333334,2.9966121902376206,4.710727659648545,True
D1,96,31,Theta,h1_12,1,ARIMA,8.255850315093994,4.930356979370117,1.4060796423615456,1.3022212119952674,2.3454296928037315,2.3386621774742227,0.5749931823617334,0.6666666666666666,0.9166666666666666,4.09190266477272,6.189132180766995,True
D1,96,32,Theta,h1,1,ARIMA,8.255850315093994,4.930356979370117,2.2831614737291246,1.7357842413299833,3.5342639309990007,3.4728933229612546,0.8493073510705845,0.0,0.0,2.1920989177234254,3.448429640214739,True
D1,96,32,Theta,h1_6,1,ARIMA,8.255850315093994,4.930356979370117,1.4598790459506379,1.3761476683074254,2.3189701302158277,2.3398859515071773,0.5390757257776432,0.6666666666666666,0.8333333333333334,3.4506875152682777,5.466454830476578,True
D1,96,32,Theta,h1_12,1,ARIMA,8.255850315093994,4.930356979370117,2.230495043687929,2.0031196936906515,3.5898461827778476,3.6723316852273418,0.7494021687898056,0.6666666666666666,0.9166666666666666,4.831305661061088,7.337234482492851,True
D1,96,33,Theta,h1,1,ARIMA,8.255850315093994,4.930356979370117,0.8450733762723432,0.6854763221375828,1.347193131851343,1.3563293195706139,0.28878259644724347,1.0,1.0,1.9721893265226005,3.1024959860606165,True
D1,96,33,Theta,h1_6,1,ARIMA,8.255850315093994,4.930356979370117,1.7581925029624585,1.7229296014866624,2.7318034032809284,2.6823969268683703,0.6776422326653929,0.6666666666666666,0.8333333333333334,3.1909883844410216,5.038783367506835,True
D1,96,33,Theta,h1_12,1,ARIMA,8.255850315093994,4.930356979370117,1.7061212773232077,1.6820203060432881,2.7014646501918,2.704208518281988,0.6649650974270526,0.6666666666666666,0.9166666666666666,4.481839013732771,6.80304943652473,True
D1,96,34,Theta,h1,1,ARIMA,8.255850315093994,4.930356979370117,0.28523652522142007,0.22828956135977832,0.48442974608735184,0.4856059559370172,0.17418510309771484,1.0,1.0,2.0742641090464793,3.263071494116872,True
D1,96,34,Theta,h1_6,1,ARIMA,8.255850315093994,4.930356979370117,1.914218897402294,1.7579133557562423,3.314777118856981,3.3891975448279084,0.6565866467522654,0.3333333333333333,0.8333333333333334,3.555916218074082,5.654513109179778,True
D1,96,34,Theta,h1_12,1,ARIMA,8.255850315093994,4.930356979370117,1.6725463382171182,1.5843718494492647,2.8917762029264837,2.9513552902739697,0.6372481248866502,0.6666666666666666,0.9166666666666666,5.075895330878603,7.710899094047489,True
D1,96,35,Theta,h1,1,ARIMA,8.255850315093994,4.930356979370117,2.0514860490334703,1.6399544018616279,3.3857055794989703,3.329344675283065,0.7476768837883635,0.0,0.0,2.085527832687669,3.2807827083145136,True
D1,96,35,Theta,h1_6,1,ARIMA,8.255850315093994,4.930356979370117,2.1349369487195617,1.7971305644811146,3.5149068501024163,3.4479931177932235,0.8129016829511205,0.3333333333333333,0.5,3.4801045788924836,5.520050736365899,True
D1,96,35,Theta,h1_12,1,ARIMA,8.255850315093994,4.930356979370117,1.8018614906996686,1.566225706725548,2.9894608473854123,2.955056146166875,0.7246972936971381,0.6666666666666666,0.75,4.913597576897004,7.496371555333277,True
D1,96,36,Theta,h1,1,ARIMA,8.255850315093994,4.930356979370117,0.847859774683198,0.6843452849932283,1.4934876115917524,1.5047240451935566,0.29229663425920815,1.0,1.0,2.072202911096097,3.259818340124837,True
D1,96,36,Theta,h1_6,1,ARIMA,8.255850315093994,4.930356979370117,1.300765867548978,1.1898986186117435,2.3070456666575354,2.3419914687622976,0.4343276934738876,0.8333333333333334,1.0,3.4445155321222436,5.460101197306974,True
D1,96,36,Theta,h1_12,1,ARIMA,8.255850315093994,4.930356979370117,1.050983129595454,1.015539164469836,1.860765723493218,1.8860994592862699,0.4712296854770906,0.9166666666666666,1.0,4.857172698348399,7.407787921763017,True
D1,96,37,Theta,h1,1,ARIMA,8.255850315093994,4.930356979370117,0.44466413513034125,0.3609155781068061,0.727614743017681,0.7249772224406817,0.1696736553474411,1.0,1.0,1.781502380707042,2.8025233705050816,True
D1,96,37,Theta,h1_6,1,ARIMA,8.255850315093994,4.930356979370117,1.031298153441724,1.0565765141342325,1.6956629537655625,1.6985931857174705,0.4171002844948741,0.6666666666666666,0.6666666666666666,1.8247091603568568,2.67314792268794,True
D1,96,37,Theta,h1_12,1,ARIMA,8.255850315093994,4.930356979370117,1.329810327317663,1.2197882925209285,2.178235235827923,2.174134913568163,0.5196858939419837,0.3333333333333333,0.5,1.9393869179749026,2.850159301840864,True
D1,96,38,Theta,h1,1,ARIMA,8.255850315093994,4.930356979370117,1.10538774918254,0.9060211315158181,2.119117949097984,2.096900056363462,0.3435836736271812,0.0,1.0,1.939004097536506,3.0502852779274012,True
D1,96,38,Theta,h1_6,1,ARIMA,8.255850315093994,4.930356979370117,0.9818640147690593,0.904100435390683,1.8838669665122734,1.866065637729867,0.38516963281183014,0.6666666666666666,0.8333333333333334,2.776399391800752,4.318940839574462,True
D1,96,38,Theta,h1_12,1,ARIMA,8.255850315093994,4.930356979370117,0.7869059739500834,0.7536967101950975,1.5117469864732047,1.4995360653202165,0.3913522312614873,0.8333333333333334,0.9166666666666666,3.708380685902909,5.628654729104218,True
D1,96,39,Theta,h1,1,ARIMA,8.255850315093994,4.930356979370117,0.5998281056630062,0.47277908869464974,0.9943249493534988,0.9992930594571691,0.2288477503311383,1.0,1.0,2.1108045629550576,3.320544592021092,True
D1,96,39,Theta,h1_6,1,ARIMA,8.255850315093994,4.930356979370117,1.09657323709145,0.9547234728860391,1.7941139529416332,1.7807338570747253,0.4125577340387458,0.8333333333333334,1.0,3.3606211054318194,5.322301522892888,True
D1,96,39,Theta,h1_12,1,ARIMA,8.255850315093994,4.930356979370117,1.7104677217695368,1.6432122141494456,2.7637949855684543,2.7123234774281872,0.663303356841297,0.8333333333333334,0.9166666666666666,4.71389078085703,7.1577974865175955,True
D1,96,40,Theta,h1,1,ARIMA,8.255850315093994,4.930356979370117,0.29156331056215923,0.23564338336889162,0.5202261263612485,0.5188764609046662,0.16673347144169312,1.0,1.0,1.9968981972404856,3.1413652209622964,True
D1,96,40,Theta,h1_6,1,ARIMA,8.255850315093994,4.930356979370117,0.5479439379451538,0.6168365046821261,0.9886565692038258,0.9977151973833405,0.26656484442456213,1.0,1.0,2.8477782881920275,4.417581928025995,True
D1,96,40,Theta,h1_12,1,ARIMA,8.255850315093994,4.930356979370117,0.8861403033922265,0.917255038345431,1.5756974945038904,1.5681361188633294,0.4018299848060332,1.0,1.0,3.7881616410376893,5.744007685987426,True
D1,96,41,Theta,h1,1,ARIMA,8.255850315093994,4.930356979370117,1.6351788843689938,1.3389426248266567,3.0275805194196743,3.0741161908895234,0.6018795288311025,0.0,0.0,1.9840435724253696,3.121138348695076,True
D1,96,41,Theta,h1_6,1,ARIMA,8.255850315093994,4.930356979370117,1.090388462103892,1.021150526404994,1.9775269640904263,1.967591760349845,0.4231385063920276,0.6666666666666666,0.8333333333333334,2.7874489122888306,4.3234607466514845,True
D1,96,41,Theta,h1_12,1,ARIMA,8.255850315093994,4.930356979370117,0.8611736525093656,0.8721231418306772,1.5644427620749777,1.55949068230248,0.40990895642348174,0.8333333333333334,0.9166666666666666,3.7018307951336733,5.600012635785886,True
D1,96,42,Theta,h1,1,ARIMA,8.255850315093994,4.930356979370117,1.5849677331093421,1.3319200000232863,2.9420719769975077,2.9859970684905215,0.5853495962492401,0.0,0.0,1.9051664641614545,2.9970537322572457,True
D1,96,42,Theta,h1_6,1,ARIMA,8.255850315093994,4.930356979370117,1.5865718685537658,1.397216400132355,2.943074890830327,2.985013848859003,0.5593884979108646,0.3333333333333333,0.6666666666666666,2.8739693996230056,4.551179567042561,True
D1,96,42,Theta,h1_12,1,ARIMA,8.255850315093994,4.930356979370117,2.122893292093321,2.040662306519152,3.9838256695154692,4.0894702309804485,0.7245274232801684,0.4166666666666667,0.75,3.9754283543176205,6.019737340284631,True
D1,96,43,Theta,h1,1,ARIMA,8.255850315093994,4.930356979370117,0.9615496809503438,0.7673579311686788,1.6415299123094105,1.6551145122098598,0.3280227128596431,0.0,1.0,2.017227518104922,3.173340623781379,True
D1,96,43,Theta,h1_6,1,ARIMA,8.255850315093994,4.930356979370117,0.7267553389975988,0.6663077311240734,1.2371875542509037,1.2446665605275478,0.30725692576885083,0.8333333333333334,1.0,2.945809997637012,4.594967873473557,True
D1,96,43,Theta,h1_12,1,ARIMA,8.255850315093994,4.930356979370117,0.9291591834499691,0.984097932771563,1.5918155165367531,1.6131640843397914,0.4066775965584059,0.9166666666666666,1.0,3.980071653903285,6.021925852477232,True
D1,96,44,Theta,h1,1,ARIMA,8.255850315093994,4.930356979370117,0.07462661708934362,0.05994460858503675,0.1280298545615141,0.12811186527891044,0.15960732591384064,1.0,1.0,2.0622426509165575,3.2441515169256148,True
D1,96,44,Theta,h1_6,1,ARIMA,8.255850315093994,4.930356979370117,0.7647089971624688,0.7312825892780447,1.3232657104166219,1.3358389215134068,0.34213659773717153,1.0,1.0,3.5954156583764685,5.724976312249731,True
D1,96,44,Theta,h1_12,1,ARIMA,8.255850315093994,4.930356979370117,2.011496910245104,2.151040425025804,3.5569161710643837,3.675384097093916,0.7049533225172164,0.8333333333333334,0.9166666666666666,5.149686416440597,7.808893085274865,True
D1,96,45,Theta,h1,1,ARIMA,8.255850315093994,4.930356979370117,0.384411736724326,0.31163472087220223,0.6633092104981926,0.6655164263749543,0.18785048477497523,1.0,1.0,2.027363063246906,3.1892836957503747,True
D1,96,45,Theta,h1_6,1,ARIMA,8.255850315093994,4.930356979370117,0.5345624511121295,0.47408196831948146,0.9147671268901795,0.9105310952188248,0.2881518595405408,1.0,1.0,3.152148949590038,4.996948378734459,True
D1,96,45,Theta,h1_12,1,ARIMA,8.255850315093994,4.930356979370117,0.8874648162111022,0.8471109140375543,1.5263785910420624,1.5280364141092801,0.41272120802255297,1.0,1.0,4.412284829597115,6.688200322334245,True
D1,96,46,Theta,h1,1,ARIMA,8.255850315093994,4.930356979370117,0.12243271048503654,0.09590114080250947,0.20321854243727416,0.2030122631561967,0.15480181559205253,1.0,1.0,1.963265514631264,3.08845549610829,True
D1,96,46,Theta,h1_6,1,ARIMA,8.255850315093994,4.930356979370117,0.5125158880667768,0.5766351637314265,0.844407265394006,0.8371769641787615,0.2833316956281027,0.8333333333333334,1.0,2.663465247888227,4.131749186810357,True
D1,96,46,Theta,h1_12,1,ARIMA,8.255850315093994,4.930356979370117,0.6047953573962431,0.5968735931158397,0.9996208151432999,0.9937710191905572,0.33104034003683036,0.9166666666666666,1.0,3.4930529118433244,5.268320883025228,True
D1,96,47,Theta,h1,1,ARIMA,8.255850315093994,4.930356979370117,1.2867760617550419,1.062346834144748,2.353942719774337,2.3265597775222453,0.4127246715665687,0.0,1.0,1.970430866860206,3.0997208108432117,True
D1,96,47,Theta,h1_6,1,ARIMA,8.255850315093994,4.930356979370117,1.1732323979159165,1.1677387077997219,2.138383790433043,2.105944778890276,0.4941572335391788,0.6666666666666666,0.8333333333333334,2.9801666465696544,4.723574079868102,True
D1,96,47,Theta,h1_12,1,ARIMA,8.255850315093994,4.930356979370117,0.7529657947712114,0.8610673473484965,1.378556379736749,1.3636404698694664,0.44576935754291486,0.8333333333333334,0.9166666666666666,4.129616333161874,6.253672131659039,True
D1,96,48,Theta,h1,1,ARIMA,8.255850315093994,4.930356979370117,1.79563208927319,1.4499352170579325,3.1917090799356487,3.1415741266096933,0.6322152223281275,0.0,0.0,1.9920473084149384,3.1337306289628155,True
D1,96,48,Theta,h1_6,1,ARIMA,8.255850315093994,4.930356979370117,3.3352129563045216,2.9130263550001523,5.825461141821365,5.635394756127952,1.3499825840225341,0.0,0.16666666666666666,2.964459459205001,4.671706583132162,True
D1,96,48,Theta,h1_12,1,ARIMA,8.255850315093994,4.930356979370117,3.624208307506257,3.1642061386918003,6.316826419818199,6.094483128280002,1.4389029560779925,0.08333333333333333,0.3333333333333333,4.063468744728524,6.147320587267968,True
D1,96,49,Theta,h1,1,ARIMA,8.255850315093994,4.930356979370117,0.19468571505352592,0.1534972887082521,0.3355514224398637,0.3349893916055861,0.16863180075559317,1.0,1.0,2.093481713215434,3.2932979680112298,True
D1,96,49,Theta,h1_6,1,ARIMA,8.255850315093994,4.930356979370117,0.779394323208258,0.7453936555742928,1.3327299027800956,1.319905761961878,0.36040394842159207,1.0,1.0,3.2188646485827945,5.109188685805927,True
D1,96,49,Theta,h1_12,1,ARIMA,8.255850315093994,4.930356979370117,1.211324984073685,1.1779860468520025,2.1129185178093546,2.134902211488956,0.47886651310316236,1.0,1.0,4.493799968446808,6.809161555375687,True
D1,96,50,Theta,h1,1,ARIMA,8.255850315093994,4.930356979370117,0.9675097085425046,0.7692913563374096,1.4968201452817276,1.4857010092789569,0.30128514572653314,1.0,1.0,1.9779518010074768,3.111557582429151,True
D1,96,50,Theta,h1_6,1,ARIMA,8.255850315093994,4.930356979370117,1.2899050582915494,1.0908804259897649,2.015956758389595,2.021555663781609,0.43131936799829185,0.3333333333333333,1.0,2.6017490492515494,4.035746091387133,True
D1,96,50,Theta,h1_12,1,ARIMA,8.255850315093994,4.930356979370117,0.9115423102462215,0.8851500653188197,1.4271140844847667,1.433388399374006,0.38858358540308874,0.6666666666666666,1.0,3.380076269589848,5.056636009022183,True
D1,96,51,Theta,h1,1,ARIMA,8.255850315093994,4.930356979370117,0.928685689923166,0.732166906865371,1.4389190591311238,1.4286405684183978,0.2920495249301763,1.0,1.0,2.0721015068151543,3.259667049306557,True
D1,96,51,Theta,h1_6,1,ARIMA,8.255850315093994,4.930356979370117,0.6264450692634481,0.5785862902989479,0.9757549351319138,0.9741863684603851,0.30781538274833087,1.0,1.0,3.144909609117483,4.986197041158827,True
D1,96,51,Theta,h1_12,1,ARIMA,8.255850315093994,4.930356979370117,0.524528713728149,0.5102114509267386,0.81736074578395,0.8165888327513924,0.3702455078142861,1.0,1.0,4.364999681744763,6.610385415870543,True
D1,96,52,Theta,h1,1,ARIMA,8.255850315093994,4.930356979370117,1.03397535494391,0.811831070036627,1.7433753054280132,1.7587057260899133,0.3548212388930324,0.0,1.0,2.077299824877442,3.267838578387377,True
D1,96,52,Theta,h1_6,1,ARIMA,8.255850315093994,4.930356979370117,1.6821308963383312,1.4126838908271366,2.857788505850742,2.9055034814266936,0.5271001700490073,0.3333333333333333,1.0,3.143745152123611,4.98344610358884,True
D1,96,52,Theta,h1_12,1,ARIMA,8.255850315093994,4.930356979370117,1.876560956975395,1.5795368005828143,3.194477933371172,3.254552999564817,0.5989365841713994,0.5833333333333334,1.0,4.357907457080412,6.599339341456157,True
D1,96,53,Theta,h1,1,ARIMA,8.255850315093994,4.930356979370117,0.3383670600049156,0.2819093772305038,0.6179593025392823,0.6160558154291429,0.16545172129661723,1.0,1.0,1.9454077377961172,3.0603598026184105,True
D1,96,53,Theta,h1_6,1,ARIMA,8.255850315093994,4.930356979370117,1.2454616374450946,1.2448573134399268,2.246421506145723,2.210935914487024,0.47625249691882476,0.6666666666666666,1.0,3.022860224124646,4.792242448467057,True
D1,96,53,Theta,h1_12,1,ARIMA,8.255850315093994,4.930356979370117,1.1040708832004016,1.146006910736252,1.9937935434759364,1.9639642067253649,0.5082190582878582,0.8333333333333334,1.0,4.23100801316147,6.412866277527092,True
D1,96,54,Theta,h1,1,ARIMA,8.255850315093994,4.930356979370117,1.5821050166633568,1.2203425162218362,2.914852352386972,2.957962471731973,0.5659775963110387,0.0,1.0,2.165428714260683,3.4064761669040275,True
D1,96,54,Theta,h1_6,1,ARIMA,8.255850315093994,4.930356979370117,0.8462157692408834,0.7280995876832679,1.5379531669402262,1.5389406644711825,0.4003219385734943,0.8333333333333334,1.0,3.6118434474169114,5.728532694794883,True
D1,96,54,Theta,h1_12,1,ARIMA,8.255850315093994,4.930356979370117,1.0718571907103946,1.0114981352785615,1.929870676715728,1.912238304659752,0.5326322643883005,0.9166666666666666,1.0,5.098574203779869,7.778624266920821,True
D1,96,55,Theta,h1,1,ARIMA,8.255850315093994,4.930356979370117,1.2864021757353832,1.0333027471621647,2.063718849424281,2.085235548963711,0.4553676887941444,0.0,1.0,1.9727356785013392,3.103354233487833,True
D1,96,55,Theta,h1_6,1,ARIMA,8.255850315093994,4.930356979370117,0.8238691301610014,0.7823202031571069,1.3080993619451202,1.3082770138264022,0.3473715022546119,0.8333333333333334,1.0,2.9604151663922864,4.6790844226542,True
D1,96,55,Theta,h1_12,1,ARIMA,8.255850315093994,4.930356979370117,0.8554965605704293,0.8571954491544187,1.3500428693207331,1.3421045737090738,0.42349171518494755,0.9166666666666666,1.0,4.0805558496039245,6.176845282844252,True
D1,96,56,Theta,h1,1,ARIMA,8.255850315093994,4.930356979370117,0.8499729665814755,0.7114022091247387,1.5000120553468246,1.48884562342836,0.2683881406722514,1.0,1.0,1.9628359332688001,3.0877723476023347,True
D1,96,56,Theta,h1_6,1,ARIMA,8.255850315093994,4.930356979370117,0.9720207200187762,0.9571935321223689,1.7066866352084116,1.6869932377400012,0.3908218053548445,0.8333333333333334,1.0,3.1848290955588534,5.026191822040054,True
D1,96,56,Theta,h1_12,1,ARIMA,8.255850315093994,4.930356979370117,1.2180902412836074,1.2042027446276835,2.1674511020511695,2.1734928982133233,0.5044593129068449,0.8333333333333334,1.0,4.475471271173455,6.791939322093497,True
D1,96,57,Theta,h1,1,ARIMA,8.255850315093994,4.930356979370117,0.04920208819253963,0.04083639332344268,0.09920806571318806,0.09915887891031316,0.14854347488931627,1.0,1.0,1.9342153591636695,3.0427570336160645,True
D1,96,57,Theta,h1_6,1,ARIMA,8.255850315093994,4.930356979370117,1.1638344526124336,1.2674078008153782,2.3007979272923667,2.2564099800951447,0.476056327061893,0.6666666666666666,0.8333333333333334,2.810078720514097,4.379771509415231,True
D1,96,57,Theta,h1_12,1,ARIMA,8.255850315093994,4.930356979370117,1.3066137476046602,1.2542428447695724,2.5889824749646264,2.54515614642334,0.5228806673159457,0.8333333333333334,0.9166666666666666,3.7860387909266486,5.736147276649165,True
D1,96,58,Theta,h1,1,ARIMA,8.255850315093994,4.930356979370117,0.05766588536605233,0.0462800757939866,0.09093900437707457,0.09098037269963037,0.16010116899572635,1.0,1.0,2.081296775328688,3.2741254633875405,True
D1,96,58,Theta,h1_6,1,ARIMA,8.255850315093994,4.930356979370117,1.1183839741514572,1.112984652604679,1.776678069097318,1.7915796752433835,0.43937110254617684,0.8333333333333334,1.0,3.504418678293276,5.568836486556192,True
D1,96,58,Theta,h1_12,1,ARIMA,8.255850315093994,4.930356979370117,1.3382541004385344,1.3229322539204753,2.1174884253022555,2.127588472004889,0.5585260767904877,0.8333333333333334,1.0,4.9707261263843225,7.576067058443715,True
D1,96,59,Theta,h1,1,ARIMA,8.255850315093994,4.930356979370117,0.6704351354869444,0.5442621380808393,1.1309126452384233,1.1373438278227663,0.2390938723438764,1.0,1.0,1.929224507610507,3.034902030993994,True
D1,96,59,Theta,h1_6,1,ARIMA,8.255850315093994,4.930356979370117,0.8146915327181838,0.73021023525365,1.3782552614118098,1.3899858980222666,0.3179531233187209,0.8333333333333334,0.8333333333333334,2.8432422659664107,4.462643911556176,True
D1,96,59,Theta,h1_12,1,ARIMA,8.255850315093994,4.930356979370117,1.2195833890504946,1.171194079757412,2.072526403698319,2.099587105634311,0.4587818840315126,0.75,0.9166666666666666,3.8735156163955358,5.86001864691547,True
D1,96,60,Theta,h1,1,ARIMA,8.255850315093994,4.930356979370117,0.11635832638039006,0.09425357497009366,0.21612267252809408,0.21635647022090854,0.1605711511525998,1.0,1.0,2.044278470917354,3.21589596613977,True
D1,96,60,Theta,h1_6,1,ARIMA,8.255850315093994,4.930356979370117,1.1051686695847618,1.271220090237277,2.0154017360841827,1.9816231416573098,0.48563669637302126,0.8333333333333334,1.0,3.6113502959923593,5.742451941107694,True
D1,96,60,Theta,h1_12,1,ARIMA,8.255850315093994,4.930356979370117,1.3126432928841885,1.311795381586342,2.395429073491328,2.355844262931595,0.5905580570613292,0.9166666666666666,1.0,5.1727990049983825,7.838208734045945,True
D1,96,61,Theta,h1,1,ARIMA,8.255850315093994,4.930356979370117,0.3357507274832599,0.2576278363899201,0.5417764604242287,0.5403128165977379,0.18284933437425224,1.0,1.0,2.17812123208613,3.426445206083779,True
D1,96,61,Theta,h1_6,1,ARIMA,8.255850315093994,4.930356979370117,0.5383719547600683,0.45434633876775254,0.8669482539924677,0.8628845779353631,0.34092924233588934,1.0,1.0,3.84778499544426,6.118410946409078,True
D1,96,61,Theta,h1_12,1,ARIMA,8.255850315093994,4.930356979370117,0.6922798066237105,0.6150218495594684,1.1159530118464653,1.1120104574564373,0.46557435001548264,1.0,1.0,5.511461959024788,8.35137563362557,True
D1,96,62,Theta,h1,1,ARIMA,8.255850315093994,4.930356979370117,1.2269348060222351,0.9920678493743212,2.438644510068962,2.468746485385651,0.43094012742467125,0.0,1.0,2.0298954582768287,3.1932668530925974,True
D1,96,62,Theta,h1_6,1,ARIMA,8.255850315093994,4.930356979370117,0.9627019660802066,0.886186152428786,1.881865321048078,1.874158003375637,0.4199129083260157,0.8333333333333334,1.0,3.5859394016537185,5.702039331102577,True
D1,96,62,Theta,h1_12,1,ARIMA,8.255850315093994,4.930356979370117,1.2814591107503834,1.2422628983102626,2.5441989700059553,2.5750008503951802,0.5481437640823926,0.8333333333333334,1.0,5.136401442732742,7.783050044838993,True
D1,96,63,Theta,h1,1,ARIMA,8.255850315093994,4.930356979370117,0.9819183015752454,0.7842843829950549,1.4794691236302338,1.490494829022581,0.33551273269046145,0.0,1.0,2.036173243479316,3.203139213369273,True
D1,96,63,Theta,h1_6,1,ARIMA,8.255850315093994,4.930356979370117,1.2228851218918009,1.1596132329297708,1.8506148660225943,1.874710266166904,0.4517702421668339,0.5,0.8333333333333334,3.01417887577654,4.74089182990551,True
D1,96,63,Theta,h1_12,1,ARIMA,8.255850315093994,4.930356979370117,1.8518084871020526,1.6882067486715284,2.8134981976984563,2.866177052759951,0.6062434460801254,0.6666666666666666,0.9166666666666666,4.118281643200436,6.229106466763831,True
D1,96,64,Theta,h1,1,ARIMA,8.255850315093994,4.930356979370117,1.6813562683096495,1.3690799638784616,3.465252978116292,3.5263514779200276,0.6250704218496992,0.0,0.0,1.9830973315010643,3.119644413615854,True
D1,96,64,Theta,h1_6,1,ARIMA,8.255850315093994,4.930356979370117,0.8358228095850946,0.7772575388393576,1.7093016255730902,1.7260389518915589,0.3378359828252396,0.8333333333333334,0.8333333333333334,2.731801811985112,4.243917600031052,True
D1,96,64,Theta,h1_12,1,ARIMA,8.255850315093994,4.930356979370117,0.6308008726622676,0.6302808278820022,1.2847870361993392,1.2922989299401448,0.348321436480905,0.9166666666666666,0.9166666666666666,3.6037169337992374,5.449795017729536,True
D1,96,65,Theta,h1,1,ARIMA,8.255850315093994,4.930356979370117,0.3480351031366382,0.27031696235852887,0.5630811798007171,0.5646709577461517,0.1877166603811698,1.0,1.0,2.1244763741465436,3.342054847011768,True
D1,96,65,Theta,h1_6,1,ARIMA,8.255850315093994,4.930356979370117,1.5997106292849104,1.4863284515394843,2.6298858618261143,2.6804554285966344,0.5309700455463994,0.6666666666666666,1.0,3.753023110905424,5.9677272754316455,True
D1,96,65,Theta,h1_12,1,ARIMA,8.255850315093994,4.930356979370117,1.3490613063488839,1.233446925168035,2.2065296057728876,2.2371346699699997,0.5624668084197881,0.8333333333333334,1.0,5.375728703725301,8.145698419834508,True
D1,96,66,Theta,h1,1,ARIMA,8.255850315093994,4.930356979370117,0.4870445662246804,0.3858048576395111,0.9314952713735651,0.9358539892017528,0.21001663122538158,1.0,1.0,2.11024898832754,3.3196839066163815,True
D1,96,66,Theta,h1_6,1,ARIMA,8.255850315093994,4.930356979370117,1.0129875381363989,1.0225864901709538,1.9260842923589407,1.9261673762539133,0.40668086226055855,1.0,1.0,3.504246395343608,5.5538853341229,True
D1,96,66,Theta,h1_12,1,ARIMA,8.255850315093994,4.930356979370117,1.1901655901227752,1.225113431480672,2.291098694425969,2.321548749729967,0.5074557486878937,1.0,1.0,4.939920759091916,7.533131771206777,True
D1,96,67,Theta,h1,1,ARIMA,8.255850315093994,4.930356979370117,1.588796909798192,1.271115266069458,2.5629222163917915,2.530494908297087,0.5269606187259186,0.0,1.0,2.0427253387434985,3.213448064621158,True
D1,96,67,Theta,h1_6,1,ARIMA,8.255850315093994,4.930356979370117,1.7524453017512758,1.4820693303524368,2.8374899074624014,2.8124843519161833,0.6237788133265186,0.3333333333333333,0.8333333333333334,3.375973911086717,5.33802210254534,True
D1,96,67,Theta,h1_12,1,ARIMA,8.255850315093994,4.930356979370117,1.5313043671996966,1.3185894906006517,2.4927236691824275,2.483633300483691,0.6041416831207369,0.6666666666666666,0.9166666666666666,4.7505070716416515,7.233795315998864,True
D1,96,68,Theta,h1,1,ARIMA,8.255850315093994,4.930356979370117,0.03807263819496805,0.03171195652027778,0.07175367082460803,0.07172793711066618,0.15064046306404583,1.0,1.0,1.9702368575056393,3.099414372017319,True
D1,96,68,Theta,h1_6,1,ARIMA,8.255850315093994,4.930356979370117,1.5623868867111632,1.5622126368476597,3.007621904979212,3.073522005773419,0.56778676844879,0.5,0.8333333333333334,2.650091558991417,4.109057228504785,True
D1,96,68,Theta,h1_12,1,ARIMA,8.255850315093994,4.930356979370117,1.179325052385119,1.221649457003391,2.2608846572798296,2.3010052766865305,0.4679125848143471,0.75,0.9166666666666666,3.4665694469023856,5.214563391054144,True
D1,96,69,Theta,h1,1,ARIMA,8.255850315093994,4.930356979370117,1.8556747628550838,1.4536699924900331,3.0704575285580074,3.024031723694921,0.6434288380847614,0.0,0.0,2.1331116724587034,3.355633671131313,True
D1,96,69,Theta,h1_6,1,ARIMA,8.255850315093994,4.930356979370117,0.9714749699053773,0.8513444623317972,1.632394570310897,1.633140986582651,0.40262899873479313,0.8333333333333334,0.8333333333333334,3.656787865218142,5.814918097089288,True
D1,96,69,Theta,h1_12,1,ARIMA,8.255850315093994,4.930356979370117,0.8292003586737803,0.7499205822201922,1.3964186518190929,1.4005130469519038,0.46758244909773977,0.9166666666666666,0.9166666666666666,5.219883514451411,7.92964237774134,True
D1,96,70,Theta,h1,1,ARIMA,8.255850315093994,4.930356979370117,0.01259193205591459,0.010055683399383177,0.02143451570907437,0.021432218762925597,0.15099134855909874,1.0,1.0,1.9936707432959633,3.136278371801139,True
D1,96,70,Theta,h1_6,1,ARIMA,8.255850315093994,4.930356979370117,1.6997767908448578,1.7246447535659244,2.96123279845017,3.034710467991819,0.6401400754702453,0.6666666666666666,0.6666666666666666,2.634161677461994,4.092091584614989,True
D1,96,70,Theta,h1_12,1,ARIMA,8.255850315093994,4.930356979370117,2.009862158271956,1.915064924493357,3.5032706365860684,3.5941074960016297,0.7371306842444358,0.6666666666666666,0.6666666666666666,3.4314560897647097,5.142242013699591,True
D1,96,71,Theta,h1,1,ARIMA,8.255850315093994,4.930356979370117,0.5904900306852965,0.49188340049992174,1.1569508179511205,1.1636824346742793,0.21972778513731483,1.0,1.0,1.98692247294922,3.125672694802662,True
D1,96,71,Theta,h1_6,1,ARIMA,8.255850315093994,4.930356979370117,0.9534794639080566,0.8959909153819285,1.8780179797503027,1.89925705138692,0.36938838403255514,0.6666666666666666,1.0,3.108272227064237,4.927336026074526,True
D1,96,71,Theta,h1_12,1,ARIMA,8.255850315093994,4.930356979370117,1.1693997257062108,1.2206850192862944,2.318736783798686,2.361438357262297,0.4659820386326411,0.8333333333333334,1.0,4.352204237839498,6.6054670656597025,True
D1,96,72,Theta,h1,1,ARIMA,8.255850315093994,4.930356979370117,0.04798250364994998,0.039355951980273814,0.08982975512918312,0.08987012018363076,0.15229534344696066,1.0,1.0,1.984883842116169,3.1224657956932216,True
D1,96,72,Theta,h1_6,1,ARIMA,8.255850315093994,4.930356979370117,1.0083311648437985,0.9758174674448288,1.867492588590564,1.8490274084826457,0.3931547065746572,0.6666666666666666,1.0,2.965265612479422,4.680161383193505,True
D1,96,72,Theta,h1_12,1,ARIMA,8.255850315093994,4.930356979370117,0.935295096354417,0.8903006311926328,1.7357414411487502,1.7221685147637247,0.43173161081814904,0.8333333333333334,1.0,4.075633894551437,6.168419236993704,True
D1,96,73,Theta,h1,1,ARIMA,8.255850315093994,4.930356979370117,1.7892935153030052,1.4271630557953006,3.2316420093288736,3.284717159129912,0.6715279616288583,0.0,0.0,2.0521760966117077,3.228323311858755,True
D1,96,73,Theta,h1_6,1,ARIMA,8.255850315093994,4.930356979370117,2.671115636177897,2.224948712359146,4.874015832404707,5.007925471387916,0.9489651972808384,0.16666666666666666,0.16666666666666666,3.0803320951461495,4.8689682521951605,True
D1,96,73,Theta,h1_12,1,ARIMA,8.255850315093994,4.930356979370117,2.0457549191586937,1.7939343887058605,3.718041638164139,3.804357116290389,0.7382669874359462,0.5833333333333334,0.5833333333333334,4.246436125755907,6.428036145479119,True
D1,96,74,Theta,h1,1,ARIMA,8.255850315093994,4.930356979370117,2.4503745671529744,1.9702255343521198,3.981247830733943,4.062109146880047,1.0116175892592334,0.0,0.0,1.9643456457679465,3.090161738978957,True
D1,96,74,Theta,h1_6,1,ARIMA,8.255850315093994,4.930356979370117,1.23384302777026,1.3586575535553818,1.9997778531134058,2.0357610296615003,0.5645595126284791,0.6666666666666666,0.6666666666666666,2.7486269336196405,4.263437796239802,True
D1,96,74,Theta,h1_12,1,ARIMA,8.255850315093994,4.930356979370117,0.948621124184499,1.0600787254826807,1.532174473365609,1.5541704638492804,0.47089432817473637,0.8333333333333334,0.8333333333333334,3.648099162425152,5.515112440607037,True
D1,96,75,Theta,h1,1,ARIMA,8.255850315093994,4.930356979370117,0.08846465096126825,0.0685523107122683,0.13530379449443924,0.13539539204594364,0.16158687656835352,1.0,1.0,2.078306985582511,3.26942330148648,True
D1,96,75,Theta,h1_6,1,ARIMA,8.255850315093994,4.930356979370117,0.7623048843358883,0.7619486615725121,1.1739720269943301,1.1836468954088566,0.33664137267530814,0.8333333333333334,1.0,3.032004479073237,4.727809135463515,True
D1,96,75,Theta,h1_12,1,ARIMA,8.255850315093994,4.930356979370117,0.7163824611750383,0.7521246208059266,1.0938512875810278,1.0940597804426988,0.39600089413414313,0.9166666666666666,1.0,4.094072517466602,6.194961571365886,True
D1,96,76,Theta,h1,1,ARIMA,8.255850315093994,4.930356979370117,0.18280251828853722,0.14566022404778387,0.28988589875011833,0.28946633770280394,0.16842002140300613,1.0,1.0,2.0994252559195874,3.302642655277329,True
D1,96,76,Theta,h1_6,1,ARIMA,8.255850315093994,4.930356979370117,1.8243147030216624,1.7355945412386236,2.8591316186552507,2.8240283119552307,0.6865346309193375,0.5,0.8333333333333334,3.708768109021184,5.897354907314758,True
D1,96,76,Theta,h1_12,1,ARIMA,8.255850315093994,4.930356979370117,1.562091611148024,1.5131153866665505,2.446264086469355,2.413922654223316,0.6889226415193351,0.75,0.9166666666666666,5.3123364121798735,8.049648866138872,True
D1,96,77,Theta,h1,1,ARIMA,8.255850315093994,4.930356979370117,0.6076648196112823,0.4817546819110611,1.1240885415497943,1.1304421267576616,0.22536641422760392,1.0,1.0,2.032393269348368,3.197196418693295,True
D1,96,77,Theta,h1_6,1,ARIMA,8.255850315093994,4.930356979370117,1.2764100524909359,1.3783298316825,2.391256581343724,2.4378791648598725,0.5508778752965385,0.8333333333333334,0.8333333333333334,3.062995181020137,4.847936087303131,True
D1,96,77,Theta,h1_12,1,ARIMA,8.255850315093994,4.930356979370117,1.7712580442050612,1.747324369626138,3.225131203822956,3.196720435205172,0.7215174373351577,0.75,0.8333333333333334,4.233203646968035,6.40967638812327,True
D1,96,78,Theta,h1,1,ARIMA,8.255850315093994,4.930356979370117,0.19925911035090352,0.1598720761230245,0.3686717346257559,0.36935258391475767,0.16441490893284452,1.0,1.0,2.034167510588321,3.199993437771179,True
D1,96,78,Theta,h1_6,1,ARIMA,8.255850315093994,4.930356979370117,0.16118988170074453,0.15298752589353692,0.2975350713716422,0.29743334192467913,0.2642522497951799,1.0,1.0,3.3517312374260753,5.292196406311998,True
D1,96,78,Theta,h1_12,1,ARIMA,8.255850315093994,4.930356979370117,0.6117914106124197,0.7005238235696456,1.1236690661018358,1.1184956374136743,0.407620773800164,1.0,1.0,4.713267783565971,7.168032550042902,True
D1,96,79,Theta,h1,1,ARIMA,8.255850315093994,4.930356979370117,0.35578844448225516,0.29581197752768684,0.6310704218686778,0.6330679742365428,0.1735311294133518,1.0,1.0,1.8709733228606258,2.9432632405751806,True
D1,96,79,Theta,h1_6,1,ARIMA,8.255850315093994,4.930356979370117,1.0369172046063346,1.079994434819958,1.810010130754468,1.7866219943475092,0.4212928214596517,0.5,0.6666666666666666,2.1382080215019332,3.208153003910771,True
D1,96,79,Theta,h1_12,1,ARIMA,8.255850315093994,4.930356979370117,0.8988185032324217,0.8898041572500055,1.5792352315197193,1.568651166362248,0.35113756947553076,0.75,0.8333333333333334,2.4852368197366173,3.7187571713425043,True
D1,96,80,Theta,h1,1,ARIMA,8.255850315093994,4.930356979370117,0.36241488032122543,0.30413335856421664,0.6052986400219879,0.6034722354050792,0.16490031385020934,1.0,1.0,1.9203682410090224,3.0209723554614443,True
D1,96,80,Theta,h1_6,1,ARIMA,8.255850315093994,4.930356979370117,2.1569510027026086,2.0088250671911685,3.5342970712854327,3.4592984142604974,0.8365812807044407,0.16666666666666666,0.3333333333333333,2.7340846450848986,4.238192897347852,True
D1,96,80,Theta,h1_12,1,ARIMA,8.255850315093994,4.930356979370117,2.404373362200759,2.1784951608690406,3.9344135112258045,3.846645274724842,0.9079930248731777,0.25,0.5833333333333334,3.6340524950385125,5.508695838292991,True
D1,96,81,Theta,h1,1,ARIMA,8.255850315093994,4.930356979370117,1.2712628480688748,1.016441480388993,1.932709102128902,1.9142110366591685,0.4037702573200281,0.0,1.0,2.0360978901415314,3.2030249444285124,True
D1,96,81,Theta,h1_6,1,ARIMA,8.255850315093994,4.930356979370117,1.6012247578551944,1.556261963388017,2.421124199119864,2.385835664667203,0.6193279573503644,0.5,0.8333333333333334,3.060555243148766,4.840903084202788,True
D1,96,81,Theta,h1_12,1,ARIMA,8.255850315093994,4.930356979370117,1.5912105442196023,1.438693424215806,2.4409468805603627,2.4398259127476645,0.5846922396089047,0.75,0.9166666666666666,4.223675607437297,6.394653334467159,True
D1,96,82,Theta,h1,1,ARIMA,8.255850315093994,4.930356979370117,1.1618842313612634,0.9503821231647908,1.7074245747191585,1.6929714692645548,0.3621927124752722,0.0,1.0,2.014554053390441,3.1691408870006725,True
D1,96,82,Theta,h1_6,1,ARIMA,8.255850315093994,4.930356979370117,0.811176293056528,0.7420040833982141,1.1940369634325205,1.1853789022081145,0.35272062263336923,0.8333333333333334,1.0,3.122676828352314,4.952278486301141,True
D1,96,82,Theta,h1_12,1,ARIMA,8.255850315093994,4.930356979370117,2.0630881708549853,2.0363210991616025,3.123374618055469,3.1883406815477313,0.7021554208031938,0.5833333333333334,0.9166666666666666,4.369473332231141,6.620973653759475,True
D1,96,83,Theta,h1,1,ARIMA,8.255850315093994,4.930356979370117,0.8576111936186339,0.7181089512521941,1.4820820329077353,1.4931468636029275,0.29260320120542443,0.0,1.0,1.7975024507596686,2.827688042027878,True
D1,96,83,Theta,h1_6,1,ARIMA,8.255850315093994,4.930356979370117,1.58271742426974,1.5442034867910244,2.766620901338196,2.8201971462726525,0.5687055657711851,0.3333333333333333,0.6666666666666666,2.2076982079662324,3.3504770740346768,True
D1,96,83,Theta,h1_12,1,ARIMA,8.255850315093994,4.930356979370117,2.512113149039475,2.5028416526865978,4.446686192050327,4.593130438155379,0.9841317540382578,0.25,0.4166666666666667,2.7543107112244187,4.104746492383006,True
D1,96,84,Theta,h1,1,ARIMA,8.255850315093994,4.930356979370117,1.9467696232258906,1.5371426582850192,3.3891063021835763,3.447526470626298,0.7544734906816539,0.0,0.0,2.0134925831610984,3.1674590348420026,True
D1,96,84,Theta,h1_6,1,ARIMA,8.255850315093994,4.930356979370117,1.8709792347674865,1.6337491672053128,3.266198217519694,3.3328836466874483,0.6363748894117301,0.3333333333333333,0.8333333333333334,3.2727381431228695,5.163334020167598,True
D1,96,84,Theta,h1_12,1,ARIMA,8.255850315093994,4.930356979370117,1.4796149261249456,1.3416092430586835,2.5615258541842114,2.5926732187447654,0.5923789682034258,0.6666666666666666,0.9166666666666666,4.600060370703646,6.980043202460006,True
D1,96,85,Theta,h1,1,ARIMA,8.255850315093994,4.930356979370117,0.6478362582916607,0.5217495350132898,1.096674207324006,1.0906935300117109,0.21105081483440857,1.0,1.0,1.89056900090033,2.9740901062571523,True
D1,96,85,Theta,h1_6,1,ARIMA,8.255850315093994,4.930356979370117,3.364785685958351,3.0146507881616778,5.931849969298416,6.158446672507808,1.377097724625744,0.16666666666666666,0.16666666666666666,2.4578553352048407,3.7202036118387616,True
D1,96,85,Theta,h1_12,1,ARIMA,8.255850315093994,4.930356979370117,2.5783244715932376,2.4397966166092995,4.518397063346958,4.6637298300347405,1.0194318210594127,0.3333333333333333,0.5,3.1239681388135203,4.609541159178161,True
D1,96,86,Theta,h1,1,ARIMA,8.255850315093994,4.930356979370117,1.8720399193933954,1.4578986882823033,3.097694482537047,3.146427843387864,0.703947393249674,0.0,0.0,2.134547629929258,3.3579045548170114,True
D1,96,86,Theta,h1_6,1,ARIMA,8.255850315093994,4.930356979370117,1.6964302696441003,1.4236483397300648,2.7799752186588407,2.7977609518429962,0.6438779293494986,0.3333333333333333,0.8333333333333334,3.5785065067586594,5.680301457195201,True
D1,96,86,Theta,h1_12,1,ARIMA,8.255850315093994,4.930356979370117,2.507697194545841,2.107516623714432,4.019202254492841,3.959133798742829,0.9164989977079209,0.3333333333333333,0.9166666666666666,5.063394375778873,7.7217386435890285,True
D1,96,87,Theta,h1,1,ARIMA,8.255850315093994,4.930356979370117,0.581115439856037,0.447869177137994,0.8627694024282064,0.8665073827121172,0.22825021201463894,1.0,1.0,2.15209706157007,3.3855156143709912,True
D1,96,87,Theta,h1_6,1,ARIMA,8.255850315093994,4.930356979370117,1.0227330716217962,0.848308324140431,1.5155461179627725,1.5199357077820221,0.3658923266140717,1.0,1.0,3.3666606398596013,5.336946173116269,True
D1,96,87,Theta,h1_12,1,ARIMA,8.255850315093994,4.930356979370117,0.9617884131823611,0.819277302889237,1.4273711257024668,1.4339842570909933,0.43749150472417214,1.0,1.0,4.714000178576421,7.1545754279848985,True
D1,96,88,Theta,h1,1,ARIMA,8.255850315093994,4.930356979370117,0.21044788236572742,0.16363210436073478,0.38185200469565855,0.3825824540809195,0.16680554408880982,1.0,1.0,2.057635471824153,3.2369095016967604,True
D1,96,88,Theta,h1_6,1,ARIMA,8.255850315093994,4.930356979370117,1.1329801297362068,0.9857292641498043,2.035868495112616,2.019852214937695,0.4184949250241396,0.8333333333333334,0.8333333333333334,2.8023603256209375,4.356300157382724,True
D1,96,88,Theta,h1_12,1,ARIMA,8.255850315093994,4.930356979370117,1.946539937520136,1.8192513522163416,3.4462117573355986,3.368653267021483,0.7447308299831488,0.5833333333333334,0.75,3.685601990918486,5.567457170604938,True
D1,96,89,Theta,h1,1,ARIMA,8.255850315093994,4.930356979370117,0.05030056323830588,0.04042263693129179,0.09227500728633173,0.09223245353472198,0.15804688557035407,1.0,1.0,2.0594733678755723,3.239801300534106,True
D1,96,89,Theta,h1_6,1,ARIMA,8.255850315093994,4.930356979370117,0.7284336651314011,0.6976448581628012,1.3496827395844129,1.3623155663850104,0.3484944171918556,0.8333333333333334,1.0,3.6381917810242568,5.785134544960014,True
D1,96,89,Theta,h1_12,1,ARIMA,8.255850315093994,4.930356979370117,1.417155938400349,1.4173577453761292,2.5644425524712786,2.528153441375803,0.5983807462989054,0.75,1.0,5.2112500932724455,7.896467663831129,True
D1,96,90,Theta,h1,1,ARIMA,8.255850315093994,4.930356979370117,1.2818313789614701,1.029227652283678,2.7706308219080276,2.809551978444178,0.45383713324823405,0.0,1.0,1.9618666753651464,3.086241125301413,True
D1,96,90,Theta,h1_6,1,ARIMA,8.255850315093994,4.930356979370117,0.925335960893782,0.8140109288479764,1.9658020441670876,1.9598343404082734,0.35139557351937484,0.6666666666666666,1.0,2.6827694516713203,4.178701842998944,True
D1,96,90,Theta,h1_12,1,ARIMA,8.255850315093994,4.930356979370117,1.2233330788686776,1.1620310986551647,2.5719409855915627,2.539065379476223,0.4758024043581339,0.5833333333333334,1.0,3.536067636483335,5.351639662741706,True
D1,96,91,Theta,h1,1,ARIMA,8.255850315093994,4.930356979370117,1.4962716188182306,1.1794204713683891,2.2681635835851033,2.2941814779977534,0.5351930325927484,0.0,1.0,2.0514044429594946,3.2271022164943117,True
D1,96,91,Theta,h1_6,1,ARIMA,8.255850315093994,4.930356979370117,1.1026047996592212,0.9566628885111522,1.659033203044608,1.6664765472585275,0.4342176764644398,0.6666666666666666,0.8333333333333334,3.051417442281276,4.808041887139236,True
D1,96,91,Theta,h1_12,1,ARIMA,8.255850315093994,4.930356979370117,1.0338553817075393,0.9389300104806995,1.5575243511306396,1.5674299183575662,0.45462247520742854,0.8333333333333334,0.9166666666666666,4.181387781498577,6.325357725219476,True
D1,96,92,Theta,h1,1,ARIMA,8.255850315093994,4.930356979370117,0.5457773809844679,0.4299311629096212,0.9249017110386192,0.9291987988332988,0.2208786910062807,1.0,1.0,2.127834440028996,3.3473445457672053,True
D1,96,92,Theta,h1_6,1,ARIMA,8.255850315093994,4.930356979370117,0.6692360075832283,0.5744043696133873,1.1298838764244443,1.1308052504688368,0.34189602042193207,1.0,1.0,3.647748299010164,5.800547442574293,True
D1,96,92,Theta,h1_12,1,ARIMA,8.255850315093994,4.930356979370117,1.2967681264529385,1.2562681081224205,2.22195325272828,2.257102434660678,0.5241615546647997,0.9166666666666666,1.0,5.206984151405483,7.910042784708604,True
D1,96,93,Theta,h1,1,ARIMA,8.255850315093994,4.930356979370117,0.20063830513263223,0.16003705992572081,0.3130828258439125,0.31357369854216205,0.16764079530295772,1.0,1.0,2.0759438783759547,3.265714512710304,True
D1,96,93,Theta,h1_6,1,ARIMA,8.255850315093994,4.930356979370117,1.5934676662110785,1.5264820304626208,2.527180373889404,2.5743878887289044,0.577440479703869,0.6666666666666666,0.8333333333333334,3.171459483833302,5.034439694707368,True
D1,96,93,Theta,h1_12,1,ARIMA,8.255850315093994,4.930356979370117,3.124510266259778,2.9061367836244165,5.031549797963841,5.2123050177698005,1.1075661066182916,0.4166666666666667,0.6666666666666666,4.416752371693131,6.692213997104205,True
D1,96,94,Theta,h1,1,ARIMA,8.255850315093994,4.930356979370117,0.9514841483849839,0.7935488831031329,1.8288316960082756,1.8122601024246485,0.2929915896780778,1.0,1.0,1.7443255265005597,2.7440340981536537,True
D1,96,94,Theta,h1_6,1,ARIMA,8.255850315093994,4.930356979370117,1.0611980535323524,0.9907211844217926,2.079818566551073,2.1011672921131415,0.35528565649395194,0.6666666666666666,0.8333333333333334,2.041806387584049,3.066842184044798,True
D1,96,94,Theta,h1_12,1,ARIMA,8.255850315093994,4.930356979370117,0.7618586928810578,0.793973087264774,1.4925445525924204,1.5068401347973728,0.30441544725504766,0.8333333333333334,0.9166666666666666,2.439210190671875,3.623220686636326,True
D1,96,95,Theta,h1,1,ARIMA,8.255850315093994,4.930356979370117,0.31221447142617326,0.25207249599454135,0.5503944349002687,0.5488839216209366,0.17192399290934088,1.0,1.0,2.0505315492596,3.2257331723281926,True
D1,96,95,Theta,h1_6,1,ARIMA,8.255850315093994,4.930356979370117,0.4873279254074678,0.4879992041825899,0.8654474662524737,0.8694851122563488,0.29762760133915006,1.0,1.0,3.345746997349865,5.277262691223422,True
D1,96,95,Theta,h1_12,1,ARIMA,8.255850315093994,4.930356979370117,1.572413558696125,1.6057607849563496,2.7245269441971276,2.672020551443413,0.631897218994592,0.8333333333333334,1.0,4.703105161368184,7.138729820494106,True
D1,96,96,Theta,h1,1,ARIMA,8.255850315093994,4.930356979370117,1.0184148428588922,0.7963990586323929,1.8835074245976164,1.865934913282697,0.31745765596930065,1.0,1.0,2.1014735021889748,3.3058667872492284,True
D1,96,96,Theta,h1_6,1,ARIMA,8.255850315093994,4.930356979370117,1.7939611206925825,1.4977423041051614,3.285806656303056,3.2256910844467157,0.6390020722836269,0.5,1.0,3.251779128450996,5.158626989168549,True
D1,96,96,Theta,h1_12,1,ARIMA,8.255850315093994,4.930356979370117,1.8665087232845514,1.5254686562648763,3.4178085382346755,3.355410021257637,0.6872676129312203,0.75,1.0,4.549137251393387,6.892394477373088,True
D1,96,97,Theta,h1,1,ARIMA,8.255850315093994,4.930356979370117,0.015258036643805825,0.011872634207548399,0.02593868352491291,0.025935319884639884,0.1594267986472454,1.0,1.0,2.1035993567466145,3.309215472892781,True
D1,96,97,Theta,h1_6,1,ARIMA,8.255850315093994,4.930356979370117,2.3934396699075884,2.187379849817009,4.188549590934264,4.314618700137924,0.8572307305238206,0.3333333333333333,0.8333333333333334,3.2892693808343236,5.214381052882434,True
D1,96,97,Theta,h1_12,1,ARIMA,8.255850315093994,4.930356979370117,1.8364118775816547,1.7294947844355262,3.191365740214367,3.2635088876060863,0.70954236402843,0.6666666666666666,0.9166666666666666,4.6057037586124085,6.989478772141187,True
D1,96,98,Theta,h1,1,ARIMA,8.255850315093994,4.930356979370117,0.9438241926062108,0.7429678115209719,1.5306674868044188,1.5424725497100664,0.3195649512789359,1.0,1.0,2.0945094391689465,3.294899424108293,True
D1,96,98,Theta,h1_6,1,ARIMA,8.255850315093994,4.930356979370117,1.6249253059892592,1.4441298780393554,2.6598526515828733,2.706225830464878,0.5221095677150086,0.8333333333333334,1.0,3.3385924632453348,5.287344166066007,True
D1,96,98,Theta,h1_12,1,ARIMA,8.255850315093994,4.930356979370117,3.1003904949073147,2.769739393082493,5.156802501918159,5.336141910649647,1.0332542360760646,0.5,0.6666666666666666,4.684167277518523,7.1122792358121405,True
D1,96,99,Theta,h1,1,ARIMA,8.255850315093994,4.930356979370117,0.5610827406476288,0.4301739416837198,0.8018539698828973,0.7986519586648464,0.20786390394575763,1.0,1.0,2.1317252508635898,3.3534644821823942,True
D1,96,99,Theta,h1_6,1,ARIMA,8.255850315093994,4.930356979370117,1.5853905474573553,1.5665307230235737,2.2419304538766966,2.211319238065172,0.667770716797726,0.6666666666666666,0.6666666666666666,3.654419236384979,5.81115336664667,True
D1,96,99,Theta,h1_12,1,ARIMA,8.255850315093994,4.930356979370117,1.3324409235853187,1.3074692604489513,1.8881870466344732,1.8664340455209438,0.6406492699677383,0.8333333333333334,0.8333333333333334,5.21650712722332,7.924503387350095,True
D1,96,100,Theta,h1,1,ARIMA,8.255850315093994,4.930356979370117,0.952299381852216,0.7522142847718345,1.5524622202589962,1.5405043462703487,0.2981816548863444,1.0,1.0,2.0460717406326654,3.218709047635048,True
D1,96,100,Theta,h1_6,1,ARIMA,8.255850315093994,4.930356979370117,0.7413892912266915,0.7141127134259361,1.2189623186117367,1.2198003284078218,0.3209309028889889,1.0,1.0,3.0148414768802136,4.731538953068692,True
D1,96,100,Theta,h1_12,1,ARIMA,8.255850315093994,4.930356979370117,0.8970168092079662,0.8864909998816599,1.472466149487194,1.4708221011246378,0.4102446057970836,1.0,1.0,4.106757967869611,6.212953242193075,True
D1,96,101,Theta,h1,1,ARIMA,8.255850315093994,4.930356979370117,0.9858794306989733,0.805695271958876,1.8407149498165538,1.8239282894674729,0.30639730129957304,1.0,1.0,1.9784867709564742,3.1123983872253427,True
D1,96,101,Theta,h1_6,1,ARIMA,8.255850315093994,4.930356979370117,0.9369703377728194,0.8514009190067953,1.7749630040784385,1.7849613299762788,0.3467224691785597,1.0,1.0,3.1084872866642477,4.925788019649236,True
D1,96,101,Theta,h1_12,1,ARIMA,8.255850315093994,4.930356979370117,0.9853712572318576,0.954164541559106,1.8470247703902032,1.8383089902168182,0.45032769280952606,1.0,1.0,4.352160611799272,6.6093691079719825,True
D1,96,102,Theta,h1,1,ARIMA,8.255850315093994,4.930356979370117,0.5366339211604669,0.4263665524620097,0.9129807225939793,0.9088319921494339,0.19666647481976796,1.0,1.0,1.9989443552964428,3.1445862272333898,True
D1,96,102,Theta,h1_6,1,ARIMA,8.255850315093994,4.930356979370117,0.639247138729237,0.7205572604523672,1.0832456059275768,1.0736617942703404,0.31102701284073664,0.8333333333333334,1.0,2.820133645319981,4.373921580354173,True
D1,96,102,Theta,h1_12,1,ARIMA,8.255850315093994,4.930356979370117,0.8485448434378395,0.8509117553721905,1.440034904701652,1.4286723192623527,0.394978416826601,0.9166666666666666,1.0,3.7462586007959953,5.672293654830014,True
D1,96,103,Theta,h1,1,ARIMA,8.255850315093994,4.930356979370117,2.979514446647612,2.3432536491105984,4.674744779642334,4.567974211645189,1.2142722587866872,0.0,0.0,2.066181898758218,3.2503469982610635,True
D1,96,103,Theta,h1_6,1,ARIMA,8.255850315093994,4.930356979370117,3.285794373411281,2.5967412017112026,5.141042966510775,5.01106087697824,1.3213431171906782,0.0,0.0,3.00066613843394,4.676611627115595,True
D1,96,103,Theta,h1_12,1,ARIMA,8.255850315093994,4.930356979370117,3.5439139190840554,2.8376146730660765,5.528827161087515,5.375234261502725,1.3791088832759677,0.08333333333333333,0.16666666666666666,4.041993755007647,6.124663164165674,True
D1,96,104,Theta,h1,1,ARIMA,8.255850315093994,4.930356979370117,1.0086468098997865,0.7933840963087672,1.5701040989274908,1.5825277655845449,0.3449520211831289,0.0,1.0,2.078129809064235,3.269151936944782,True
D1,96,104,Theta,h1_6,1,ARIMA,8.255850315093994,4.930356979370117,0.810323047893611,0.7403993507367728,1.254892007166735,1.2586850028965055,0.3453491209053352,0.6666666666666666,1.0,3.0159994439448434,4.700136418315006,True
D1,96,104,Theta,h1_12,1,ARIMA,8.255850315093994,4.930356979370117,0.826875420495284,0.8162459372997541,1.2831741201402398,1.2902238383779907,0.40700251995571335,0.8333333333333334,1.0,4.061231783441449,6.15502544104683,True
D1,96,105,Theta,h1,1,ARIMA,8.255850315093994,4.930356979370117,1.8768513135763936,1.5538008076244747,3.186376929459631,3.136408038385219,0.6776577535518479,0.0,0.0,1.955801813969493,3.0767132192879623,True
D1,96,105,Theta,h1_6,1,ARIMA,8.255850315093994,4.930356979370117,1.5885666432653014,1.4387017211700257,2.6965328117278062,2.6539503763283183,0.6184075593342515,0.3333333333333333,0.6666666666666666,2.8737503493336005,4.5038717022916055,True
D1,96,105,Theta,h1_12,1,ARIMA,8.255850315093994,4.930356979370117,1.4425899472462318,1.357056978195627,2.4495995279813543,2.411674489779851,0.5983586679826733,0.5833333333333334,0.8333333333333334,3.9062394764583805,5.910757633143479,True
D1,96,106,Theta,h1,1,ARIMA,8.255850315093994,4.930356979370117,1.1600356442654414,0.9013233691384208,1.9619231357891505,1.9813595111150126,0.4022276281862493,0.0,1.0,2.148351969424222,3.3796139804834846,True
D1,96,106,Theta,h1_6,1,ARIMA,8.255850315093994,4.930356979370117,1.4790481106396451,1.3308867345800954,2.5190533809500892,2.5626113216956834,0.4923870297423078,0.6666666666666666,1.0,3.6088404824788216,5.731307136351621,True
D1,96,106,Theta,h1_12,1,ARIMA,8.255850315093994,4.930356979370117,1.1100943383526352,1.1171407719818527,1.8871461617847318,1.9162640913338165,0.5254216693000598,0.8333333333333334,1.0,5.111746661780377,7.793946968457578,True
D1,96,107,Theta,h1,1,ARIMA,8.255850315093994,4.930356979370117,0.009803064617599304,0.007820131764912445,0.018667524370485248,0.018669266915460864,0.15418530168104458,1.0,1.0,2.038091012626927,3.206166008576374,True
D1,96,107,Theta,h1_6,1,ARIMA,8.255850315093994,4.930356979370117,3.2744886482510074,3.1347723316453275,5.967224939432202,5.724901214440966,1.3959504788410346,0.16666666666666666,0.3333333333333333,3.0549437030034463,4.826888251321864,True
D1,96,107,Theta,h1_12,1,ARIMA,8.255850315093994,4.930356979370117,4.638001959305089,4.2481533002886795,8.345718825070382,7.918496348568029,1.9591655386046702,0.16666666666666666,0.25,4.207874322986969,6.369353455512294,True
D1,96,108,Theta,h1,1,ARIMA,8.255850315093994,4.930356979370117,0.7036016310177858,0.5332661052867581,1.182039546164821,1.1890671682443765,0.25307204049968973,1.0,1.0,2.103104442679224,3.308434997946711,True
D1,96,108,Theta,h1_6,1,ARIMA,8.255850315093994,4.930356979370117,1.5674552780261686,1.5130921824589196,2.673556547512319,2.733100011259386,0.6138099722166497,0.6666666666666666,0.6666666666666666,2.6865877292743385,4.066995206206954,True
D1,96,108,Theta,h1_12,1,ARIMA,8.255850315093994,4.930356979370117,1.3816639067032677,1.321948290114913,2.347342388292224,2.390556038211407,0.5342477790977164,0.75,0.8333333333333334,3.389605757260134,5.0171626743389375,True
D1,96,109,Theta,h1,1,ARIMA,8.255850315093994,4.930356979370117,0.627351856544439,0.5029726039356058,0.9395259174379549,0.9351330089471669,0.21401261426005497,1.0,1.0,2.04045387233174,3.209873558036366,True
D1,96,109,Theta,h1_6,1,ARIMA,8.255850315093994,4.930356979370117,1.710532851052188,1.5969297320934142,2.617476178376728,2.663761089690377,0.5822707800316437,0.6666666666666666,0.6666666666666666,3.1860197497356473,5.0510168985697135,True
D1,96,109,Theta,h1_12,1,ARIMA,8.255850315093994,4.930356979370117,2.9417218921930504,2.9592960338827132,4.583340426541538,4.758211686046661,1.0529311190973398,0.5,0.5833333333333334,4.461382659898293,6.7681761223640535,True
D1,96,110,Theta,h1,1,ARIMA,8.255850315093994,4.930356979370117,0.44030353303469066,0.3498993091712383,0.7437058063211833,0.7409505601522725,0.18288079071721042,1.0,1.0,2.041255405680237,3.2111360072636344,True
D1,96,110,Theta,h1_6,1,ARIMA,8.255850315093994,4.930356979370117,1.067550886460808,0.9400914684494226,1.8279418102082006,1.8478914838589835,0.34888281848280545,1.0,1.0,3.0549607945579966,4.824754476332749,True
D1,96,110,Theta,h1_12,1,ARIMA,8.255850315093994,4.930356979370117,1.8292620985581558,1.6225062079304031,3.1569057910779525,3.220210615442524,0.5750639985308843,0.75,1.0,4.203917012164941,6.3630939738043155,True
D1,96,111,Theta,h1,1,ARIMA,8.255850315093994,4.930356979370117,1.0501141451209701,0.8523068369303926,1.8085221203810096,1.7923149145329016,0.3242038135171896,1.0,1.0,1.9762900867664774,3.108948612469527,True
D1,96,111,Theta,h1_6,1,ARIMA,8.255850315093994,4.930356979370117,1.1236824024072904,0.9952066085742515,1.9682801173250983,1.9838023850855762,0.3826830778166427,1.0,1.0,3.370071422691866,5.3602936245368,True
D1,96,111,Theta,h1_12,1,ARIMA,8.255850315093994,4.930356979370117,1.3226971189713532,1.1935684402130355,2.315876509695708,2.332881574424117,0.5058618524497897,1.0,1.0,4.804693462238451,7.306729075292923,True
D1,96,112,Theta,h1,1,ARIMA,8.255850315093994,4.930356979370117,0.2111665763259808,0.16898383181363968,0.39282790120767724,0.39205784490584544,0.165699897990921,1.0,1.0,2.042440014719429,3.213005317422959,True
D1,96,112,Theta,h1_6,1,ARIMA,8.255850315093994,4.930356979370117,1.1362019617467536,1.4840092844400503,2.178470301118693,2.2444576138797387,0.4886212364122051,0.8333333333333334,0.8333333333333334,3.201803419566629,5.075228270775008,True
D1,96,112,Theta,h1_12,1,ARIMA,8.255850315093994,4.930356979370117,1.545661161087682,1.6222882788700081,2.9521994927877495,3.0299513144054737,0.5749271245940105,0.9166666666666666,0.9166666666666666,4.483147159527767,6.807046616177622,True
D1,96,113,Theta,h1,1,ARIMA,8.255850315093994,4.930356979370117,0.003907132597302903,0.0031780098832216975,0.006483338986673423,0.006483549161908691,0.15516707640501418,1.0,1.0,2.0554610864808303,3.2334838265630332,True
D1,96,113,Theta,h1_6,1,ARIMA,8.255850315093994,4.930356979370117,0.9266325643840835,0.8577725523853116,1.5380103835610155,1.5396395308814057,0.37788417379760686,0.8333333333333334,1.0,3.6311035528406306,5.773856841633335,True
D1,96,113,Theta,h1_12,1,ARIMA,8.255850315093994,4.930356979370117,0.9545498152589676,0.9472978234591706,1.5931559866215816,1.6049850317355532,0.4720846693660517,0.9166666666666666,1.0,5.201093072810534,7.881078402016694,True
D1,96,114,Theta,h1,1,ARIMA,8.255850315093994,4.930356979370117,0.7051309159489231,0.5537013100534648,1.179750040317239,1.1728317985093553,0.22914118020912916,1.0,1.0,2.02287114609312,3.182225727676731,True
D1,96,114,Theta,h1_6,1,ARIMA,8.255850315093994,4.930356979370117,0.7332734941171283,0.6707564193901396,1.2325335688099286,1.2310330932260136,0.31064763673942536,0.8333333333333334,1.0,2.6481548029531012,4.087066027540159,True
D1,96,114,Theta,h1_12,1,ARIMA,8.255850315093994,4.930356979370117,0.609913163684927,0.5754751521829361,1.0282341753978312,1.0298553338134402,0.3198575287937561,0.9166666666666666,1.0,3.4215095322285447,5.100508542665152,True
D1,96,115,Theta,h1,1,ARIMA,8.255850315093994,4.930356979370117,0.016141745286909884,0.01304555072402575,0.028241658139032323,0.02823767074581309,0.15131595184625984,1.0,1.0,1.9953591710967913,3.1389411028285474,True
D1,96,115,Theta,h1_6,1,ARIMA,8.255850315093994,4.930356979370117,1.127511301453913,1.069073605244195,1.9815737810960976,1.9911910170324576,0.4409735538346662,0.8333333333333334,0.8333333333333334,3.0373730508574184,4.818522036733246,True
D1,96,115,Theta,h1_12,1,ARIMA,8.255850315093994,4.930356979370117,1.4892144878645415,1.4090297563022662,2.577308268428344,2.5510773787797887,0.5869904046537373,0.75,0.9166666666666666,4.222757526041997,6.395796670461505,True
D1,96,116,Theta,h1,1,ARIMA,8.255850315093994,4.930356979370117,0.05381251850524775,0.04403257539097159,0.10686928445489527,0.10692642020497842,0.1411067207926369,1.0,1.0,1.8321672508253686,2.8822140908630542,True
D1,96,116,Theta,h1_6,1,ARIMA,8.255850315093994,4.930356979370117,1.0981152641627339,1.2573485282472205,2.225033206873539,2.2751704603919483,0.4437314721712553,0.5,0.8333333333333334,2.193811360898795,3.3619178350357237,True
D1,96,116,Theta,h1_12,1,ARIMA,8.255850315093994,4.930356979370117,1.7519326431428248,1.7315077861151942,3.5618871091485502,3.6582619154209848,0.6435479834212756,0.3333333333333333,0.75,2.721673331484724,4.067409293077694,True
D1,96,117,Theta,h1,1,ARIMA,8.255850315093994,4.930356979370117,0.21654724385771204,0.17172794911701803,0.3594358258757328,0.36008295945531077,0.166224052864901,1.0,1.0,2.0454253194903593,3.2176991234568626,True
D1,96,117,Theta,h1_6,1,ARIMA,8.255850315093994,4.930356979370117,0.9341901827622172,0.9557748116378638,1.563969983298006,1.580527889799525,0.3767508709840624,0.8333333333333334,1.0,3.2096071335293916,5.086980661050215,True
D1,96,117,Theta,h1_12,1,ARIMA,8.255850315093994,4.930356979370117,0.9917048212098377,0.9476038597416815,1.6509691788399652,1.658910835831916,0.4483703672587952,0.9166666666666666,1.0,4.493944350636199,6.824169322920593,True
D1,96,118,Theta,h1,1,ARIMA,8.255850315093994,4.930356979370117,1.3364344013217486,1.132144666701634,2.508224795691569,2.5400802571112338,0.47499278921854404,0.0,1.0,1.9653389535898274,3.0917156634131184,True
D1,96,118,Theta,h1_6,1,ARIMA,8.255850315093994,4.930356979370117,1.778021190680713,1.5996538955022,3.2460413546603375,3.198657432134687,0.6365953179515935,0.3333333333333333,1.0,3.4718982188592027,5.520709169855319,True
D1,96,118,Theta,h1_12,1,ARIMA,8.255850315093994,4.930356979370117,1.8974645727527664,1.6790440420345973,3.4563678080219074,3.3979727117060756,0.7133297770374475,0.6666666666666666,1.0,4.9730544167877415,7.5355334087946515,True
D1,96,119,Theta,h1,1,ARIMA,8.255850315093994,4.930356979370117,0.7757627664581169,0.5687596458485552,1.2093763341352028,1.2021073333350738,0.2520163434636349,1.0,1.0,2.220722805299207,3.493452179314307,True
D1,96,119,Theta,h1_6,1,ARIMA,8.255850315093994,4.930356979370117,1.1296079278154034,0.9485669434264866,1.7817946627572963,1.7927602977939758,0.41306888296842237,0.8333333333333334,1.0,3.4213561103261827,5.430044799387457,True
D1,96,119,Theta,h1_12,1,ARIMA,8.255850315093994,4.930356979370117,1.0186842358919392,0.8707349954964775,1.6062627721875575,1.6157582685640877,0.4668422264016807,0.9166666666666666,1.0,4.7799725316883865,7.242199193066571,True
D1,96,120,Theta,h1,1,ARIMA,8.255850315093994,4.930356979370117,1.0548003822085552,0.8362191171216949,1.7650678496259982,1.780783871418868,0.363328548387553,0.0,1.0,2.0593766100810114,3.2396425596376246,True
D1,96,120,Theta,h1_6,1,ARIMA,8.255850315093994,4.930356979370117,1.294946465266385,1.0699204225941048,2.1421121814522213,2.137761700827103,0.44447048556082086,0.6666666666666666,1.0,3.027848040509944,4.748114277954616,True
D1,96,120,Theta,h1_12,1,ARIMA,8.255850315093994,4.930356979370117,1.0140891990546537,0.9227461793725084,1.6845517011197197,1.6886314461155312,0.43848784479672187,0.8333333333333334,1.0,4.118756629981871,6.232703239182833,True
D1,96,121,Theta,h1,1,ARIMA,8.255850315093994,4.930356979370117,0.17096100180002305,0.13282083214344304,0.2690002392893588,0.2686389196210563,0.16222929928379123,1.0,1.0,2.0260305149952798,3.187186797231211,True
D1,96,121,Theta,h1_6,1,ARIMA,8.255850315093994,4.930356979370117,0.944059224185665,0.848576094846388,1.4894509869262667,1.4914263386548208,0.34410009093667887,1.0,1.0,3.0159061142967274,4.753231103811003,True
D1,96,121,Theta,h1_12,1,ARIMA,8.255850315093994,4.930356979370117,1.552663596437113,1.3512548910219926,2.423854087104778,2.4013088874890762,0.5536997232865452,0.75,1.0,4.134810626232777,6.2554920999184525,True
D1,96,122,Theta,h1,1,ARIMA,8.255850315093994,4.930356979370117,1.4011099974650465,1.1345282234605036,2.2499228406875003,2.275521580580629,0.49792861695802576,0.0,1.0,2.062710462275672,3.2448879984941357,True
D1,96,122,Theta,h1_6,1,ARIMA,8.255850315093994,4.930356979370117,2.270684974647493,1.9330320219000647,3.6785876559663726,3.7552685327239157,0.711810358574205,0.16666666666666666,1.0,3.643909900494138,5.794222569909528,True
D1,96,122,Theta,h1_12,1,ARIMA,8.255850315093994,4.930356979370117,2.3939406134104195,2.030327776005044,3.8813284579988996,3.9661151679032516,0.7504642285599822,0.5833333333333334,1.0,5.21943435463381,7.908875601908808,True
D1,96,123,Theta,h1,1,ARIMA,8.255850315093994,4.930356979370117,0.9965144982995912,0.7983999632919592,1.676449981446863,1.6906211907663324,0.3401675269374774,0.0,1.0,2.0810675299417505,3.273771526184292,True
D1,96,123,Theta,h1_6,1,ARIMA,8.255850315093994,4.930356979370117,1.0110794062683397,1.0830625865107806,1.6861890697461097,1.686941025281531,0.4491757254166579,0.5,1.0,3.3955689092953376,5.355849995927682,True
D1,96,123,Theta,h1_12,1,ARIMA,8.255850315093994,4.930356979370117,1.5286540948768554,1.5053977506240455,2.5856675752903997,2.6252683628189533,0.5728360387531715,0.5833333333333334,1.0,4.773140926903552,7.245034782817148,True
D1,96,124,Theta,h1,1,ARIMA,8.255850315093994,4.930356979370117,0.9923370835699449,0.8139819082470449,1.8889175034346717,1.8712443721954537,0.3087488190923966,1.0,1.0,2.0123773962974796,3.1657088940054514,True
D1,96,124,Theta,h1_6,1,ARIMA,8.255850315093994,4.930356979370117,1.1028709884280423,1.0223436822142247,2.140086264952451,2.1620741050707086,0.37766143206636993,1.0,1.0,3.3018068636009112,5.208749389503978,True
D1,96,124,Theta,h1_12,1,ARIMA,8.255850315093994,4.930356979370117,1.9452684524549204,1.885022956480538,3.8333143790441246,3.9366892529502233,0.6280956817971797,0.9166666666666666,1.0,4.641325344479944,7.051203261766153,True
D1,96,125,Theta,h1,1,ARIMA,8.255850315093994,4.930356979370117,1.0987271337495725,0.9390923419380901,1.9364374235742257,1.9553696786878931,0.3826475825824986,0.0,1.0,1.9610823984459367,3.085020581422217,True
D1,96,125,Theta,h1_6,1,ARIMA,8.255850315093994,4.930356979370117,0.7377164030061154,0.7332335236988016,1.2918728727060151,1.2961596389854342,0.3652146308809231,0.8333333333333334,1.0,3.4643822190630558,5.508755509088991,True
D1,96,125,Theta,h1_12,1,ARIMA,8.255850315093994,4.930356979370117,1.4985288284827427,1.616290590221692,2.6540378070136863,2.6949980119311285,0.5807354714353344,0.8333333333333334,1.0,4.962288214738059,7.519223531425249,True
D1,96,126,Theta,h1,1,ARIMA,8.255850315093994,4.930356979370117,0.5859759718469841,0.49207242026150266,1.2264615616293322,1.2189863620433494,0.20036705232048488,1.0,1.0,1.9146352737077885,3.011952601471231,True
D1,96,126,Theta,h1_6,1,ARIMA,8.255850315093994,4.930356979370117,0.9217747797941053,0.9346493535207929,1.9497334876592534,1.959606632544942,0.37501916147491243,0.6666666666666666,1.0,2.848839501767053,4.489284201239433,True
D1,96,126,Theta,h1_12,1,ARIMA,8.255850315093994,4.930356979370117,0.773720972185138,0.7871680876121432,1.6389377228385504,1.6497975616635006,0.3874188901702128,0.8333333333333334,1.0,3.904596074053472,5.906849262048501,True
D1,96,127,Theta,h1,1,ARIMA,8.255850315093994,4.930356979370117,0.5379600463102464,0.4424477070595779,0.9921534019954689,0.9872558557160257,0.1967964767979709,1.0,1.0,1.9972486968144267,3.141912181681464,True
D1,96,127,Theta,h1_6,1,ARIMA,8.255850315093994,4.930356979370117,1.6213231721710584,1.6259545033279683,2.9393313897510613,2.8769933692398895,0.6129918801954242,0.6666666666666666,0.8333333333333334,3.1497188900449276,4.989517868716865,True
D1,96,127,Theta,h1_12,1,ARIMA,8.255850315093994,4.930356979370117,3.3953818260145106,3.376117974397232,6.017106422711181,5.768164027404551,1.3531515134939553,0.4166666666666667,0.5,4.4107664112157385,6.699024270352617,True
D1,96,128,Theta,h1,1,ARIMA,8.255850315093994,4.930356979370117,0.26710072386948336,0.2146195427660103,0.4310176007426925,0.43009071739712157,0.16229429575434157,1.0,1.0,1.9560455045509988,3.0770893196302067,True
D1,96,128,Theta,h1_6,1,ARIMA,8.255850315093994,4.930356979370117,0.6502960681326339,0.6848011531129633,1.0420346928172182,1.0328402889566426,0.32663450177860087,0.8333333333333334,1.0,2.7656069297803816,4.288175663119495,True
D1,96,128,Theta,h1_12,1,ARIMA,8.255850315093994,4.930356979370117,1.0810143697025243,1.1457344638902143,1.764533273783742,1.7830299914001917,0.44329844513848393,0.75,1.0,3.6737093614289833,5.564329717272521,True
D1,96,129,Theta,h1,1,ARIMA,8.255850315093994,4.930356979370117,0.978757951243716,0.7716929396482928,1.4036073621167386,1.3938254438443112,0.30546862219889515,1.0,1.0,2.042292815022439,3.212766047845769,True
D1,96,129,Theta,h1_6,1,ARIMA,8.255850315093994,4.930356979370117,2.1195855226826454,1.8338480464549922,3.006064240830143,2.952985386838332,0.792717968521151,0.3333333333333333,0.6666666666666666,3.0702081375828536,4.856447736282295,True
D1,96,129,Theta,h1_12,1,ARIMA,8.255850315093994,4.930356979370117,2.102418267047313,1.8055432568581697,2.987389884542935,2.94011026266605,0.7832386035661002,0.5,0.8333333333333334,4.237370979767526,6.415491819260947,True
D1,96,130,Theta,h1,1,ARIMA,8.255850315093994,4.930356979370117,0.9002302183315867,0.7377164552129716,1.5950059103258591,1.5823863325615861,0.283281631686189,1.0,1.0,2.019515882379166,3.17694106374592,True
D1,96,130,Theta,h1_6,1,ARIMA,8.255850315093994,4.930356979370117,1.373660331275279,1.1718822373510185,2.4214698682621574,2.390200202357025,0.49538210406932937,0.5,1.0,3.194939320141042,5.060709354014388,True
D1,96,130,Theta,h1_12,1,ARIMA,8.255850315093994,4.930356979370117,2.830911279922335,2.679146349152129,4.893277969285603,4.741098634396084,1.057280401645128,0.25,0.75,4.475508218033336,6.798073189832941,True
D1,96,131,Theta,h1,1,ARIMA,8.255850315093994,4.930356979370117,0.38852874902798223,0.3079940914315238,0.7464924781384907,0.7492891717919573,0.18583507840201444,1.0,1.0,1.9831174113370738,3.119680714354405,True
D1,96,131,Theta,h1_6,1,ARIMA,8.255850315093994,4.930356979370117,0.8442418672551975,0.8182037460853854,1.5973509241100636,1.5795823726980307,0.35722242574192775,0.6666666666666666,1.0,2.7913690999649434,4.329938584541188,True
D1,96,131,Theta,h1_12,1,ARIMA,8.255850315093994,4.930356979370117,0.7688269899820764,0.759423163116249,1.4568945693721163,1.4431518995636992,0.3852480852531136,0.8333333333333334,1.0,3.7078861255613424,5.61181316378809,True
D1,96,132,Theta,h1,1,ARIMA,8.255850315093994,4.930356979370117,0.32253898438697,0.2593294010025445,0.6240293040985079,0.6259824610963871,0.1750781972043579,1.0,1.0,1.9870761007512334,3.1259052538436625,True
D1,96,132,Theta,h1_6,1,ARIMA,8.255850315093994,4.930356979370117,1.4721397770419185,1.4082151326945855,2.7840103624292336,2.7313126502514886,0.5689481002674047,0.5,0.8333333333333334,2.8415373416878875,4.417232401484556,True
D1,96,132,Theta,h1_12,1,ARIMA,8.255850315093994,4.930356979370117,1.5407507086817998,1.4477592773142407,2.913149418331726,2.857631109054423,0.608031404809328,0.5833333333333334,0.9166666666666666,3.790945604096424,5.753012714536327,True
D1,96,133,Theta,h1,1,ARIMA,8.255850315093994,4.930356979370117,0.8270751199323308,0.6748428169096341,1.654531731548206,1.6683332833285318,0.28468798469319345,1.0,1.0,2.005215517104455,3.154442911914467,True
D1,96,133,Theta,h1_6,1,ARIMA,8.255850315093994,4.930356979370117,0.6487912969188554,0.687676866075783,1.2788348398506453,1.270779161433237,0.32250092072060244,0.8333333333333334,1.0,2.87444285612863,4.474934159605113,True
D1,96,133,Theta,h1_12,1,ARIMA,8.255850315093994,4.930356979370117,0.64374509477349,0.6744996396543863,1.267870055709808,1.2588361209064143,0.3736949145537091,0.9166666666666666,1.0,3.8440224231450864,5.835937281136354,True
D1,96,134,Theta,h1,1,ARIMA,8.255850315093994,4.930356979370117,1.0852057513595803,0.8615347427593321,1.7781142311063862,1.7624450876469435,0.3359555719355512,1.0,1.0,2.0981133279620754,3.300585214478673,True
D1,96,134,Theta,h1_6,1,ARIMA,8.255850315093994,4.930356979370117,0.8982273714417156,0.8658973669833596,1.4698458383684379,1.4543876634340833,0.40471138094403303,1.0,1.0,3.499563305298189,5.550452848653223,True
D1,96,134,Theta,h1_12,1,ARIMA,8.255850315093994,4.930356979370117,0.9479766084758883,0.9131351448415884,1.5527190914519282,1.5370551708651905,0.4913868693028523,1.0,1.0,4.940077924193367,7.5368145710147925,True
D1,96,135,Theta,h1,1,ARIMA,8.255850315093994,4.930356979370117,0.9115818285245618,0.7469112572503717,1.6967517459805168,1.711269745624174,0.31109346117224856,0.0,1.0,1.9073142429386978,3.00043175907672,True
D1,96,135,Theta,h1_6,1,ARIMA,8.255850315093994,4.930356979370117,0.9262092117693741,0.8527193908093419,1.6991826073606904,1.6891095807278278,0.370396628841349,0.6666666666666666,1.0,2.9912325599009946,4.741250636897141,True
D1,96,135,Theta,h1_12,1,ARIMA,8.255850315093994,4.930356979370117,1.731458085867199,1.7383199001946457,3.1260555474620526,3.0593414668481875,0.6665928092937602,0.5,0.9166666666666666,4.188296308825564,6.35967946499821,True
D1,96,136,Theta,h1,1,ARIMA,8.255850315093994,4.930356979370117,1.6762816609600055,1.3522726486975127,3.4336210842724655,3.4935995699900815,0.6263316615133915,0.0,0.0,1.94815553842584,3.064679530137392,True
D1,96,136,Theta,h1_6,1,ARIMA,8.255850315093994,4.930356979370117,1.0414423950029674,0.8778829112567837,2.121759893803127,2.1467078030327045,0.362902672303715,0.8333333333333334,0.8333333333333334,2.6951598555248806,4.182301483077463,True
D1,96,136,Theta,h1_12,1,ARIMA,8.255850315093994,4.930356979370117,0.7366400498781746,0.6817119755235362,1.494884715551933,1.5064025847486053,0.35867683045425475,0.9166666666666666,0.9166666666666666,3.5605106527130594,5.382339863078356,True
D1,96,137,Theta,h1,1,ARIMA,8.255850315093994,4.930356979370117,0.9272011672556366,0.756639470549323,1.6147183452604643,1.627861030608757,0.31462735401833963,0.0,1.0,2.0188849590099482,3.1759384152541816,True
D1,96,137,Theta,h1_6,1,ARIMA,8.255850315093994,4.930356979370117,2.0525659744889397,1.7837243042565158,3.6182588295633726,3.6944596589117147,0.6975381002848007,0.3333333333333333,0.6666666666666666,3.186856684262492,5.048183274974416,True
D1,96,137,Theta,h1_12,1,ARIMA,8.255850315093994,4.930356979370117,3.182965281963912,2.859245145228376,5.686819993149025,5.892636109087446,1.0652481523469464,0.16666666666666666,0.5,4.4630556057701565,6.77872002447698,True
D1,96,138,Theta,h1,1,ARIMA,8.255850315093994,4.930356979370117,1.2406999517095672,0.997811969622934,1.9032405693842829,1.8852996752473938,0.39212712711900294,0.0,1.0,2.0306334754220385,3.194435750275812,True
D1,96,138,Theta,h1_6,1,ARIMA,8.255850315093994,4.930356979370117,1.3546774227688665,1.1545614431863882,2.1090833232388544,2.1204466818881347,0.4717913629587969,0.5,1.0,3.125991766644445,4.961470551921282,True
D1,96,138,Theta,h1_12,1,ARIMA,8.255850315093994,4.930356979370117,1.4296938933319054,1.2966326989706696,2.239489989660488,2.2649982392514296,0.5352642195399688,0.5833333333333334,1.0,4.366102824807414,6.615259210043081,True
D1,96,139,Theta,h1,1,ARIMA,8.255850315093994,4.930356979370117,0.08387600894562115,0.0681434001946715,0.15299346565592625,0.153110590255085,0.1585441008463247,1.0,1.0,2.0413212276294987,3.211244089949507,True
D1,96,139,Theta,h1_6,1,ARIMA,8.255850315093994,4.930356979370117,0.6417254123944756,0.7254504819821664,1.178968789725623,1.1881909735546425,0.33825787957899756,1.0,1.0,3.3897746978236714,5.372463442572974,True
D1,96,139,Theta,h1_12,1,ARIMA,8.255850315093994,4.930356979370117,1.033878918609436,1.11902508277661,1.8685287290515675,1.8521434748951053,0.500354589152367,0.9166666666666666,1.0,4.778551965602077,7.287054660354362,True
D1,96,140,Theta,h1,1,ARIMA,8.255850315093994,4.930356979370117,1.2972434574931546,1.0355801658879298,2.3361464814145956,2.3091736420206863,0.41340150677763615,0.0,1.0,2.046689940046544,3.219688578337896,True
D1,96,140,Theta,h1_6,1,ARIMA,8.255850315093994,4.930356979370117,1.3700671040261088,1.313993838204814,2.4544462950515555,2.4119592524983036,0.5360588253295661,0.3333333333333333,1.0,2.8647829988910565,4.44363507899174,True
D1,96,140,Theta,h1_12,1,ARIMA,8.255850315093994,4.930356979370117,1.5864471463224845,1.4638340817445261,2.8406857732272686,2.7880687257859327,0.6142240013765787,0.5,1.0,3.802591668916099,5.748738606986458,True
D1,96,141,Theta,h1,1,ARIMA,8.255850315093994,4.930356979370117,1.7888342559235981,1.4028924344239948,3.151247415936941,3.102365804808472,0.6145471748643166,0.0,0.0,2.0990650094102667,3.302079044192543,True
D1,96,141,Theta,h1_6,1,ARIMA,8.255850315093994,4.930356979370117,0.962998132058045,0.8640825828260112,1.7076760726832259,1.6919061169653822,0.4191601561094449,0.6666666666666666,0.8333333333333334,3.3125943622369496,5.247402752043563,True
D1,96,141,Theta,h1_12,1,ARIMA,8.255850315093994,4.930356979370117,1.5105893766357035,1.4608267458403394,2.652780766352856,2.602676647756422,0.6281369772360537,0.75,0.8333333333333334,4.639067145581059,7.045978727623744,True
D1,96,142,Theta,h1,1,ARIMA,8.255850315093994,4.930356979370117,0.5076501422585923,0.40051980942702997,0.7347509799441779,0.7374602280704009,0.20698828208476183,1.0,1.0,2.0044043092302424,3.1531660656194673,True
D1,96,142,Theta,h1_6,1,ARIMA,8.255850315093994,4.930356979370117,0.5988446142241193,0.5282150197030802,0.8653252639205343,0.866942241526581,0.29353754751271444,1.0,1.0,3.026313649652768,4.794587500440198,True
D1,96,142,Theta,h1_12,1,ARIMA,8.255850315093994,4.930356979370117,1.2724462166025865,1.3301898689509384,1.8120564540241528,1.788999775785927,0.5308846583813852,0.75,1.0,4.189285835340115,6.343959932196017,True
D1,96,143,Theta,h1,1,ARIMA,8.255850315093994,4.930356979370117,0.0408796764508874,0.03195361084298877,0.06934878547503735,0.06937284008606197,0.15978616467197568,1.0,1.0,2.0894895465819956,3.287014570925901,True
D1,96,143,Theta,h1_6,1,ARIMA,8.255850315093994,4.930356979370117,2.4418762927323394,2.410137992007988,4.008700695433951,3.8853594694602367,1.0040040708337818,0.3333333333333333,0.6666666666666666,3.49984965616047,5.554175803865086,True
D1,96,143,Theta,h1_12,1,ARIMA,8.255850315093994,4.930356979370117,1.7330420709056684,1.8214208692267069,2.8721443221680123,2.810241879031006,0.7841842569995949,0.6666666666666666,0.8333333333333334,4.950049681663532,7.549078737941455,True
D1,96,144,Theta,h1,1,ARIMA,8.255850315093994,4.930356979370117,0.7446451688689855,0.6134594978687878,1.22263635726846,1.2152075724698124,0.23921123076384432,1.0,1.0,1.967712306685663,3.095446799765006,True
D1,96,144,Theta,h1_6,1,ARIMA,8.255850315093994,4.930356979370117,0.7637517818060455,0.7655999043210904,1.270219121876671,1.2789305288339397,0.33167504672847875,0.8333333333333334,1.0,2.996561788518295,4.754582960913493,True
D1,96,144,Theta,h1_12,1,ARIMA,8.255850315093994,4.930356979370117,1.001833276025107,0.9480544883747636,1.650401564562189,1.6459964273735594,0.43421999602148226,0.9166666666666666,1.0,4.167181654053559,6.312139638465793,True
D1,96,145,Theta,h1,1,ARIMA,8.255850315093994,4.930356979370117,1.8652921728215766,1.511957634590768,3.342159305710629,3.2872271221295803,0.665604806905504,0.0,0.0,2.0028494262704974,3.1507250580447397,True
D1,96,145,Theta,h1_6,1,ARIMA,8.255850315093994,4.930356979370117,0.913217659143602,0.864911382181428,1.6502166277734371,1.6365702664870962,0.3648437168696553,0.8333333333333334,0.8333333333333334,2.736796113208431,4.262305484217508,True
D1,96,145,Theta,h1_12,1,ARIMA,8.255850315093994,4.930356979370117,1.5015041146181998,1.3932917454367937,2.7707716884569757,2.8063698422075776,0.5165998072001378,0.6666666666666666,0.9166666666666666,3.606448855122457,5.457040622302145,True
D1,96,146,Theta,h1,1,ARIMA,8.255850315093994,4.930356979370117,2.343627477789028,1.9320574974752955,4.390912331749177,4.489476827575698,0.9567193449645915,0.0,0.0,1.9783724315265325,3.1122136522471076,True
D1,96,146,Theta,h1_6,1,ARIMA,8.255850315093994,4.930356979370117,1.2959998210724166,1.3002393570807802,2.371178361226576,2.3673601796597397,0.5320011027880344,0.5,0.8333333333333334,2.91413085822122,4.572794387103711,True
D1,96,146,Theta,h1_12,1,ARIMA,8.255850315093994,4.930356979370117,1.9686205471376432,1.8314468536185116,3.5483227608469408,3.4889999055260557,0.7372117785401632,0.5,0.8333333333333334,3.968687880087036,6.004248055051135,True
D1,96,147,Theta,h1,1,ARIMA,8.255850315093994,4.930356979370117,1.3708912566939395,1.11706378336484,2.5378376670005656,2.506038077855963,0.44279500834580054,0.0,1.0,2.0297776637449108,3.1930806135857814,True
D1,96,147,Theta,h1_6,1,ARIMA,8.255850315093994,4.930356979370117,0.7414186005349851,0.8621045302360734,1.3715647146808263,1.3535298005741374,0.37860802800653187,0.6666666666666666,1.0,3.266750789220163,5.16905652107115,True
D1,96,147,Theta,h1_12,1,ARIMA,8.255850315093994,4.930356979370117,1.1306197459159346,1.1738999898515938,2.1355363962512373,2.1523205243051127,0.4832654991133957,0.8333333333333334,1.0,4.588574236140247,6.9668961630906185,True
D1,96,148,Theta,h1,1,ARIMA,8.255850315093994,4.930356979370117,0.3144666665112702,0.2473139738166371,0.5055111776606248,0.5067921230754497,0.18036489754519175,1.0,1.0,2.095695329929734,3.29677418823628,True
D1,96,148,Theta,h1_6,1,ARIMA,8.255850315093994,4.930356979370117,0.6036139635239729,0.6019732886098187,0.9611310617753792,0.9542594796705682,0.34103092636630084,1.0,1.0,3.4519230100486267,5.450155269160913,True
D1,96,148,Theta,h1_12,1,ARIMA,8.255850315093994,4.930356979370117,1.1785331362623068,1.248729020386614,1.916615021707498,1.9435037437344715,0.5255200648815272,0.8333333333333334,1.0,4.854145246759018,7.381638209324789,True
D1,96,149,Theta,h1,1,ARIMA,8.255850315093994,4.930356979370117,0.4757290865908859,0.3859404667048041,0.9399889859193128,0.9444277443075413,0.1999099783805118,1.0,1.0,1.9756067647513351,3.1078714196282786,True
D1,96,149,Theta,h1_6,1,ARIMA,8.255850315093994,4.930356979370117,0.9497982473344312,0.8799063900569487,1.8886547613064273,1.9097858090042177,0.32657297635768445,0.8333333333333334,1.0,2.7831524651614528,4.317276195984452,True
D1,96,149,Theta,h1_12,1,ARIMA,8.255850315093994,4.930356979370117,1.0188436264440088,0.923812846388748,2.0206558923322153,2.0376714716628284,0.3876303723412767,0.9166666666666666,1.0,3.697214625238664,5.5967906001038115,True
D1,96,150,Theta,h1,1,ARIMA,8.255850315093994,4.930356979370117,1.4754511111364104,1.2424235323746244,2.9900108897478206,3.035390137577774,0.5291885436573269,0.0,1.0,1.9594129680071841,3.082390779462914,True
D1,96,150,Theta,h1_6,1,ARIMA,8.255850315093994,4.930356979370117,1.5054747492748404,1.3750046302172914,2.9732536552818782,2.9428060959498636,0.5473233932466003,0.6666666666666666,1.0,3.254745367104726,5.1586993196238975,True
D1,96,150,Theta,h1_12,1,ARIMA,8.255850315093994,4.930356979370117,1.1399703674253534,1.1049654637970392,2.2561885571786173,2.2376964400026336,0.5282550922564475,0.8333333333333334,1.0,4.5886137471860176,6.9976431573773175,True
D1,96,151,Theta,h1,1,ARIMA,8.255850315093994,4.930356979370117,0.4297354398059079,0.3213439738028687,0.7121177803680783,0.7146623993758586,0.20532593249173786,1.0,1.0,2.189857557454331,3.4449122631145648,True
D1,96,151,Theta,h1_6,1,ARIMA,8.255850315093994,4.930356979370117,1.5813634331899131,1.3677534131864308,2.64880299602573,2.6887621018011396,0.5383295918208363,0.5,1.0,3.3486949425582804,5.315097344846638,True
D1,96,151,Theta,h1_12,1,ARIMA,8.255850315093994,4.930356979370117,1.6116382621256804,1.4185530073431827,2.6836065617752096,2.7090052856950546,0.6201784199220386,0.6666666666666666,1.0,4.664567977900554,7.067667103806811,True
D1,96,152,Theta,h1,1,ARIMA,8.255850315093994,4.930356979370117,0.771337364573075,0.5753154057336565,1.4062740647344367,1.4162321172148526,0.27231582339535143,1.0,1.0,2.118727036415557,3.33301216702942,True
D1,96,152,Theta,h1_6,1,ARIMA,8.255850315093994,4.930356979370117,0.9195703841115176,0.8082352709403483,1.6533034011099832,1.6415070992444558,0.3810487972250312,0.8333333333333334,1.0,3.15571548282077,4.974832709370648,True
D1,96,152,Theta,h1_12,1,ARIMA,8.255850315093994,4.930356979370117,0.9371000107429784,0.8177700188428428,1.6856987708783144,1.6733434192378709,0.44200833877770535,0.9166666666666666,1.0,4.328469009068403,6.549048817182087,True
D1,96,153,Theta,h1,1,ARIMA,8.255850315093994,4.930356979370117,2.104353724821778,1.6436362605683823,3.703269572124253,3.7731342382036512,0.8274398834777099,0.0,0.0,2.0670745360092986,3.251754347951543,True
D1,96,153,Theta,h1_6,1,ARIMA,8.255850315093994,4.930356979370117,1.0193439212926831,1.0047832130290466,1.7857838543656464,1.8116676270984085,0.45033564851465246,0.6666666666666666,0.8333333333333334,3.1380290121838037,4.975420699056552,True
D1,96,153,Theta,h1_12,1,ARIMA,8.255850315093994,4.930356979370117,1.3202133026231786,1.33164206772622,2.32314542685038,2.3699366759420264,0.5390989581945025,0.75,0.9166666666666666,4.355994203238581,6.596727207060612,True
D1,96,154,Theta,h1,1,ARIMA,8.255850315093994,4.930356979370117,0.874538255058793,0.7077755190604875,1.3343339631711988,1.3254907266986862,0.2761916988005588,1.0,1.0,2.022398313873707,3.181470711241584,True
D1,96,154,Theta,h1_6,1,ARIMA,8.255850315093994,4.930356979370117,0.6370850502614819,0.5725051517736932,0.9784451326799657,0.9787986246712415,0.31704095621017164,1.0,1.0,3.37957390189742,5.36164489951057,True
D1,96,154,Theta,h1_12,1,ARIMA,8.255850315093994,4.930356979370117,1.2557521517037655,1.2593487011916813,1.9527862685406492,1.9801656615372722,0.485016533259007,1.0,1.0,4.774965751592759,7.28382504592309,True
D1,96,155,Theta,h1,1,ARIMA,8.255850315093994,4.930356979370117,0.9902536641436814,0.7365228151756377,1.438864419047476,1.4285867061425124,0.3102588333306711,1.0,1.0,2.1393536220000855,3.3654592051626144,True
D1,96,155,Theta,h1_6,1,ARIMA,8.255850315093994,4.930356979370117,2.817312784085399,2.3390002906401524,4.020492001333863,3.9230959103642187,1.1370411659316781,0.3333333333333333,0.5,3.1735647243529326,4.996651790893286,True
D1,96,155,Theta,h1_12,1,ARIMA,8.255850315093994,4.930356979370117,3.4082970092223,2.7243585933717753,4.849353443372747,4.718100044513626,1.3199268326956686,0.25,0.5,4.341061091665908,6.5662839362491034,True
D1,96,156,Theta,h1,1,ARIMA,8.255850315093994,4.930356979370117,1.0085230880782803,0.7924963680217474,1.7709775261288105,1.7554333609742994,0.3135263580905007,1.0,1.0,2.0294949485969855,3.192633052497131,True
D1,96,156,Theta,h1_6,1,ARIMA,8.255850315093994,4.930356979370117,1.4768359996165346,1.5826094136105702,2.5549414315577104,2.496843899267745,0.612014161396145,0.6666666666666666,0.8333333333333334,2.7718354411515507,4.316224344305946,True
D1,96,156,Theta,h1_12,1,ARIMA,8.255850315093994,4.930356979370117,1.1210764146144165,1.2450747916776,1.9632327532892662,1.9420795104759376,0.5049479101546992,0.8333333333333334,0.9166666666666666,3.6518435158907,5.52485659821199,True
D1,96,157,Theta,h1,1,ARIMA,8.255850315093994,4.930356979370117,0.6190100923653817,0.5086155735904442,1.162563997247797,1.155845276722266,0.20833070662821215,1.0,1.0,1.960450839739752,3.08403225958866,True
D1,96,157,Theta,h1_6,1,ARIMA,8.255850315093994,4.930356979370117,0.48660181105009354,0.5812389980608113,0.9104133989352062,0.9019688983305888,0.31532115533423527,0.8333333333333334,1.0,3.2442276000686374,5.133818494980409,True
D1,96,157,Theta,h1_12,1,ARIMA,8.255850315093994,4.930356979370117,1.4344726005614492,1.7129794173601929,2.779322935015728,2.8577289164845374,0.5612833851828403,0.8333333333333334,1.0,4.566886060827397,6.9581262978513045,True
D1,96,158,Theta,h1,1,ARIMA,8.255850315093994,4.930356979370117,1.0133731570669373,0.8004711608004458,1.7826167108855893,1.7986482126903205,0.3469301277616083,0.0,1.0,2.0720068606730146,3.2595053622087446,True
D1,96,158,Theta,h1_6,1,ARIMA,8.255850315093994,4.930356979370117,0.7356380030418016,0.6364027764056305,1.2778941383959208,1.2734794050011815,0.35364261149667986,0.8333333333333334,1.0,3.424363139174922,5.41453331490025,True
D1,96,158,Theta,h1_12,1,ARIMA,8.255850315093994,4.930356979370117,1.164637727419439,1.1360924008826354,2.0537036694883994,2.0787305727932726,0.482737009397434,0.9166666666666666,1.0,4.818598398376573,7.337480194001566,True
D1,96,159,Theta,h1,1,ARIMA,8.255850315093994,4.930356979370117,0.29934466538450394,0.24456778760347778,0.560762530319745,0.5623392241509096,0.17079253387434193,1.0,1.0,1.9801910401667395,3.1150824841750993,True
D1,96,159,Theta,h1_6,1,ARIMA,8.255850315093994,4.930356979370117,1.476423551127373,1.6183859925482085,2.827619776238567,2.901734850207716,0.5628713072130742,0.5,0.5,2.750643815466374,4.267871153042535,True
D1,96,159,Theta,h1_12,1,ARIMA,8.255850315093994,4.930356979370117,1.5098863005099559,1.5208725448374227,2.8810025583487007,2.945594871004501,0.5582747911713837,0.6666666666666666,0.75,3.6420645725640157,5.504439165886651,True
D1,96,160,Theta,h1,1,ARIMA,8.255850315093994,4.930356979370117,0.43873773442094754,0.33820219380271216,0.701438883214593,0.7039076241032792,0.20445986404527988,1.0,1.0,2.1511105149759944,3.383949439476033,True
D1,96,160,Theta,h1_6,1,ARIMA,8.255850315093994,4.930356979370117,0.8697119404115978,0.8743494236855954,1.377306737910053,1.3701940211986647,0.3768738312885316,0.8333333333333334,1.0,3.2490642698786387,5.148020454604269,True
D1,96,160,Theta,h1_12,1,ARIMA,8.255850315093994,4.930356979370117,0.9030610953009519,0.9465359406426389,1.4231280859283402,1.4094247954809782,0.4709176008670255,0.8333333333333334,1.0,4.498674098494132,6.8125051215485355,True
D1,96,161,Theta,h1,1,ARIMA,8.255850315093994,4.930356979370117,1.308397644100248,1.0748838278204083,2.3539431737358734,2.3265602209835254,0.4184746868207854,0.0,1.0,2.030164606248847,3.1936977809799707,True
D1,96,161,Theta,h1_6,1,ARIMA,8.255850315093994,4.930356979370117,1.2916252230304597,1.1166232260410731,2.32065417843671,2.2913018416990627,0.5034629894718357,0.6666666666666666,1.0,3.5864182165627843,5.702808963345533,True
D1,96,161,Theta,h1_12,1,ARIMA,8.255850315093994,4.930356979370117,0.9681265059991291,0.9189113240619254,1.7423167283843213,1.7235728658640475,0.5278699144354767,0.8333333333333334,1.0,5.137088060715599,7.784103157006307,True
D1,96,162,Theta,h1,1,ARIMA,8.255850315093994,4.930356979370117,0.4147127760183564,0.3290495654053322,0.7523822830622531,0.7495624953544899,0.17676365575911895,1.0,1.0,2.00673595185538,3.1568316500346807,True
D1,96,162,Theta,h1_6,1,ARIMA,8.255850315093994,4.930356979370117,1.191794540201044,1.268359803291177,2.2100593030425286,2.25183863290994,0.44088820403148987,0.6666666666666666,0.8333333333333334,2.6353118173085104,4.080707453221262,True
D1,96,162,Theta,h1_12,1,ARIMA,8.255850315093994,4.930356979370117,1.254180712768355,1.239707951633437,2.323512043728502,2.3646339142376096,0.46731770444549864,0.75,0.8333333333333334,3.417707104356611,5.104955915337394,True
D1,96,163,Theta,h1,1,ARIMA,8.255850315093994,4.930356979370117,2.429514407822652,1.9174048999372142,3.9325625871459944,3.8567284569530202,0.949951102769778,0.0,0.0,1.9860809405760649,3.1243475115917456,True
D1,96,163,Theta,h1_6,1,ARIMA,8.255850315093994,4.930356979370117,2.8056854050366495,2.311515057172168,4.519880277745311,4.411799065125862,1.1229865477139116,0.16666666666666666,0.16666666666666666,2.7153489633637493,4.229338873117698,True
D1,96,163,Theta,h1_12,1,ARIMA,8.255850315093994,4.930356979370117,3.4693618817491187,2.84974843219317,5.5594611225492345,5.397821057016468,1.3762589538549743,0.08333333333333333,0.08333333333333333,3.5787923059690483,5.416018962680227,True
D1,96,164,Theta,h1,1,ARIMA,8.255850315093994,4.930356979370117,0.55411235264872,0.4484125918532929,0.9486179281020524,0.944139788452251,0.19557964620498317,1.0,1.0,1.924380478064863,3.0272801246306225,True
D1,96,164,Theta,h1_6,1,ARIMA,8.255850315093994,4.930356979370117,0.7909474599094626,0.6925824167507528,1.3687970143870491,1.3777072280690308,0.2912178352233837,1.0,1.0,2.811631762653126,4.3867296257146675,True
D1,96,164,Theta,h1_12,1,ARIMA,8.255850315093994,4.930356979370117,1.6045652195845235,1.5302479731629963,2.8108031773063242,2.866296002018803,0.5239401161502519,0.75,1.0,3.8001699028357647,5.749549236304663,True
D1,96,165,Theta,h1,1,ARIMA,8.255850315093994,4.930356979370117,3.2528144796211316,2.5044539088733573,4.780993400083025,4.89808188593155,1.3952342174179475,0.0,0.0,2.126271805238204,3.344882868489553,True
D1,96,165,Theta,h1_6,1,ARIMA,8.255850315093994,4.930356979370117,3.536673479292487,2.746699760939542,5.21311405837007,5.355375041948638,1.3396611536596255,0.0,0.16666666666666666,3.2052669555371844,5.073710408443579,True
D1,96,165,Theta,h1_12,1,ARIMA,8.255850315093994,4.930356979370117,3.1885195142905878,2.5776813265645577,4.69880234575111,4.824360249790228,1.1234292714290937,0.25,0.5833333333333334,4.4307410083752465,6.708844113927118,True
D1,96,166,Theta,h1,1,ARIMA,8.255850315093994,4.930356979370117,0.11134492888860906,0.09075196568306076,0.18721103916095738,0.18703596317582433,0.1600405925071056,1.0,1.0,2.040932627356468,3.2106333882390947,True
D1,96,166,Theta,h1_6,1,ARIMA,8.255850315093994,4.930356979370117,1.8306963887804815,1.7807957209380751,3.01579736651047,2.9529778831929363,0.7090304548923533,0.5,0.6666666666666666,3.532203340879395,5.621731166326179,True
D1,96,166,Theta,h1_12,1,ARIMA,8.255850315093994,4.930356979370117,2.207564537878747,2.0167748154751197,3.6325166204070953,3.552112393283694,0.8431752494574348,0.5833333333333334,0.8333333333333334,5.055108872998856,7.66727712326414,True
D1,96,167,Theta,h1,1,ARIMA,8.255850315093994,4.930356979370117,0.924054581559903,0.7757629264890247,1.5095268299357751,1.5210068330508044,0.31767346759151227,0.0,1.0,1.8313026502854384,2.880861017053618,True
D1,96,167,Theta,h1_6,1,ARIMA,8.255850315093994,4.930356979370117,1.169224808229929,1.0095741002144618,1.9150891725844252,1.9347192505070943,0.37254597484401253,0.6666666666666666,1.0,2.494109493882839,3.8771228834238616,True
D1,96,167,Theta,h1_12,1,ARIMA,8.255850315093994,4.930356979370117,1.5728811135517886,1.390613219321736,2.538904861589488,2.5281914340945457,0.530823952821924,0.5833333333333334,1.0,3.2801988331386984,4.955060872696798,True
D1,96,168,Theta,h1,1,ARIMA,8.255850315093994,4.930356979370117,3.902331580898085,3.1330350526954596,6.52204805610349,6.7419031373608,1.7399452974002232,0.0,0.0,1.9427430024424754,3.056164000198028,True
D1,96,168,Theta,h1_6,1,ARIMA,8.255850315093994,4.930356979370117,2.852503904099238,2.4348189295107687,4.7419422496356365,4.87313246706221,1.1262184293194601,0.16666666666666666,0.3333333333333333,2.7149462693271738,4.2105951203159195,True
D1,96,168,Theta,h1_12,1,ARIMA,8.255850315093994,4.930356979370117,1.8035582656957925,1.8170401918620598,2.9810871094843816,3.0455995617281313,0.7710793796115831,0.5833333333333334,0.6666666666666666,3.6018654579322393,5.444441921706466,True
D1,96,169,Theta,h1,1,ARIMA,8.255850315093994,4.930356979370117,1.805796280236658,1.4855809919641165,2.7220987995352717,2.6855471758183196,0.638230794413995,0.0,0.0,1.985042996911166,3.1227073919510797,True
D1,96,169,Theta,h1_6,1,ARIMA,8.255850315093994,4.930356979370117,1.1818763726661832,1.2216773923670767,1.8205916869255139,1.8349680998566376,0.4433891617916728,0.6666666666666666,0.8333333333333334,3.016302064493442,4.783073838479554,True
D1,96,169,Theta,h1_12,1,ARIMA,8.255850315093994,4.930356979370117,1.6282807618455541,1.6344723264451568,2.528667808417202,2.5684701430584305,0.5974907838660256,0.75,0.8333333333333334,4.189193782425714,6.3441149668807535,True
D1,96,170,Theta,h1,1,ARIMA,8.255850315093994,4.930356979370117,1.6479527748127722,1.290839487666914,2.4168309030693136,2.3879742532147965,0.5540645671609805,0.0,0.0,2.024373087900563,3.1845789772130666,True
D1,96,170,Theta,h1_6,1,ARIMA,8.255850315093994,4.930356979370117,1.2501314095765446,1.107855187378306,1.8338762153204162,1.8126798562431945,0.4839191745798887,0.5,0.8333333333333334,2.8429501260168593,4.409556323756265,True
D1,96,170,Theta,h1_12,1,ARIMA,8.255850315093994,4.930356979370117,1.2885033031373925,1.1712766232675313,1.8888941352442883,1.8661241662692136,0.5223425714437838,0.6666666666666666,0.9166666666666666,3.7754048283310646,5.710785495598521,True
D1,96,171,Theta,h1,1,ARIMA,8.255850315093994,4.930356979370117,0.5575751759912031,0.44103760043739265,0.8898924700142193,0.8859504667683057,0.2037686126413854,1.0,1.0,2.066285470182448,3.250508551869794,True
D1,96,171,Theta,h1_6,1,ARIMA,8.255850315093994,4.930356979370117,1.499642550360665,1.4163899001505258,2.4451279380938673,2.487051661246319,0.4925546660609446,0.6666666666666666,0.8333333333333334,3.0575081213606503,4.808146130574965,True
D1,96,171,Theta,h1_12,1,ARIMA,8.255850315093994,4.930356979370117,1.7900614540748554,1.601116183351865,2.9244833079563515,2.97966048995984,0.5884908674423566,0.75,0.9166666666666666,4.176638645450926,6.317379097920177,True
D1,96,172,Theta,h1,1,ARIMA,8.255850315093994,4.930356979370117,1.5055378473209982,1.151227868557681,2.267199143689085,2.241786264196484,0.4907326128576861,0.0,1.0,2.1292402366351806,3.349547256997028,True
D1,96,172,Theta,h1_6,1,ARIMA,8.255850315093994,4.930356979370117,1.9156152035722547,1.5362121499268053,2.8877325176994932,2.8590411979759303,0.6709468720867037,0.3333333333333333,0.8333333333333334,3.4874619241462628,5.501251836725768,True
D1,96,172,Theta,h1_12,1,ARIMA,8.255850315093994,4.930356979370117,2.406899737788253,2.020649200877278,3.7108465517314384,3.759440877884316,0.8070792395233622,0.5,0.9166666666666666,4.902408150028026,7.44563500011946,True
D1,96,173,Theta,h1,1,ARIMA,8.255850315093994,4.930356979370117,0.3252036251395521,0.24470285482199372,0.5326147055178945,0.5340368850091186,0.1850973702968184,1.0,1.0,2.143896482759885,3.37260349410283,True
D1,96,173,Theta,h1_6,1,ARIMA,8.255850315093994,4.930356979370117,2.5404239775059096,2.1216450258937622,4.25738672350611,4.372674118297221,0.8819999035564963,0.16666666666666666,0.5,3.4395259375312457,5.446305569974323,True
D1,96,173,Theta,h1_12,1,ARIMA,8.255850315093994,4.930356979370117,3.1253032742731346,2.502073778569525,5.253839833642165,5.415577352569531,1.0283975819139086,0.16666666666666666,0.5833333333333334,4.829708111496134,7.3332786899939295,True
D1,96,174,Theta,h1,1,ARIMA,8.255850315093994,4.930356979370117,0.5751355705686696,0.4591212155950524,0.9642724135900187,0.9689440436480296,0.2122781958541936,1.0,1.0,1.9068275952935791,2.9996697428271446,True
D1,96,174,Theta,h1_6,1,ARIMA,8.255850315093994,4.930356979370117,1.939646225080121,1.9078283944123504,3.1610647738918884,3.0892805616832386,0.8111140418594313,0.3333333333333333,0.5,2.2663910331105153,3.4719204227673375,True
D1,96,174,Theta,h1_12,1,ARIMA,8.255850315093994,4.930356979370117,2.5489600158400614,2.296872349402932,4.143066365929766,4.03811251161335,1.033695900403695,0.16666666666666666,0.3333333333333333,2.796574835210917,4.175326832773565,True
D1,96,175,Theta,h1,1,ARIMA,8.255850315093994,4.930356979370117,0.5890014085226232,0.4580465061590879,1.0686482247552198,1.0629685276052399,0.20788809025299246,1.0,1.0,2.045440071686823,3.2177210044572204,True
D1,96,175,Theta,h1_6,1,ARIMA,8.255850315093994,4.930356979370117,1.3096479339876066,1.109499114180171,2.356173231503713,2.323868261611982,0.5000170495281172,0.6666666666666666,0.8333333333333334,3.0815193448827274,4.876585258475869,True
D1,96,175,Theta,h1_12,1,ARIMA,8.255850315093994,4.930356979370117,1.624425206146281,1.4148279187010604,2.9631694882818804,2.963689898877008,0.5924861855077341,0.8333333333333334,0.9166666666666666,4.257739692127738,6.446667454945698,True
D1,96,176,Theta,h1,1,ARIMA,8.255850315093994,4.930356979370117,1.618800206331747,1.3341264366556584,2.736808824307905,2.699863769365758,0.5415915339303513,0.0,0.0,2.0085987549633084,3.1597633995364642,True
D1,96,176,Theta,h1_6,1,ARIMA,8.255850315093994,4.930356979370117,1.582951139172809,1.4002339382373075,2.744878064540667,2.776721008885981,0.5020645208620369,0.6666666666666666,0.8333333333333334,3.1487494222183887,4.991133267846353,True
D1,96,176,Theta,h1_12,1,ARIMA,8.255850315093994,4.930356979370117,1.2657207654604872,1.2113239215642218,2.197031862999123,2.224094981817171,0.5054969657771597,0.75,0.9166666666666666,4.4088636357832,6.694257928847473,True
D1,96,177,Theta,h1,1,ARIMA,8.255850315093994,4.930356979370117,2.5167302247671075,2.086276754333358,4.982292217798109,4.8611928024537026,1.0013369263221983,0.0,0.0,1.9277413387332296,3.0325696067046644,True
D1,96,177,Theta,h1_6,1,ARIMA,8.255850315093994,4.930356979370117,2.8379298903191623,2.3753695622566546,5.5987485401628,5.4436596552006575,1.1269836778483757,0.0,0.16666666666666666,2.764877914766678,4.305789851732582,True
D1,96,177,Theta,h1_12,1,ARIMA,8.255850315093994,4.930356979370117,3.509735083082841,2.9929195408954543,6.871129831452855,6.631352885497504,1.3852497292885453,0.0,0.16666666666666666,3.6997295448840966,5.617124753852967,True
D1,96,178,Theta,h1,1,ARIMA,8.255850315093994,4.930356979370117,1.3444238830712019,1.0478730635085587,2.320180237338519,2.347412335891621,0.4748307622719501,0.0,1.0,2.108944101304864,3.3176215120073334,True
D1,96,178,Theta,h1_6,1,ARIMA,8.255850315093994,4.930356979370117,1.9705002315261735,1.6162732044469201,3.4263106549773332,3.4930037960807616,0.6235329814619128,0.3333333333333333,1.0,3.3581621008760867,5.318395610356153,True
D1,96,178,Theta,h1_12,1,ARIMA,8.255850315093994,4.930356979370117,1.9891596045395166,1.7379300135284705,3.469285461471045,3.547538965173206,0.672657431265142,0.5,1.0,4.710583109793109,7.152733604554575,True
D1,96,179,Theta,h1,1,ARIMA,8.255850315093994,4.930356979370117,1.9121788625340446,1.5981051538476525,3.692825078586617,3.6258764413148965,0.7049687446472136,0.0,0.0,1.8834415167599248,2.962878943295709,True
D1,96,179,Theta,h1_6,1,ARIMA,8.255850315093994,4.930356979370117,3.4382218465011074,3.0063469530520153,6.52527291983136,6.30208987684998,1.4386640203457555,0.0,0.0,2.6343871223643127,4.086110444362403,True
D1,96,179,Theta,h1_12,1,ARIMA,8.255850315093994,4.930356979370117,3.392490736660267,3.0954731126742936,6.422598835716374,6.188234881381218,1.408382034775636,0.08333333333333333,0.25,3.4960563462119736,5.285087977815063,True
D1,96,180,Theta,h1,1,ARIMA,8.255850315093994,4.930356979370117,1.022090081718493,0.8244643356760643,1.860217825418687,1.8430752185430803,0.3216134382910685,0.0,1.0,1.7047792835017144,2.6818169004689234,True
D1,96,180,Theta,h1_6,1,ARIMA,8.255850315093994,4.930356979370117,1.6692319453633147,1.601129857599218,3.111605114228526,3.1614792048373817,0.6313461342598353,0.0,0.6666666666666666,1.783745543983879,2.569586333944946,True
D1,96,180,Theta,h1_12,1,ARIMA,8.255850315093994,4.930356979370117,1.655914109378946,1.5439098901798771,3.0929236860164693,3.148193358844996,0.6279622905293759,0.08333333333333333,0.5,1.9186519095815744,2.7945981265847557,True
D1,96,181,Theta,h1,1,ARIMA,8.255850315093994,4.930356979370117,0.017975080166410473,0.014264698060824036,0.024398651457552326,0.02440162829167075,0.15887273822848585,1.0,1.0,2.0942478503276796,3.2945011886632267,True
D1,96,181,Theta,h1_6,1,ARIMA,8.255850315093994,4.930356979370117,0.9148245565329745,0.9393013092664184,1.2480779698100442,1.2550945147129198,0.3791761808295155,1.0,1.0,3.6996221247994283,5.882813207808908,True
D1,96,181,Theta,h1_12,1,ARIMA,8.255850315093994,4.930356979370117,1.4906027231941512,1.4837242925900498,2.052003797557206,2.0828909161535147,0.564851378893817,0.9166666666666666,1.0,5.299240608408791,8.029797482631228,True
D1,96,182,Theta,h1,1,ARIMA,8.255850315093994,4.930356979370117,0.07425848687326979,0.06069204988753128,0.14792688099773205,0.1480363737929791,0.14940817931139364,1.0,1.0,1.9272174371694328,3.031743280828115,True
D1,96,182,Theta,h1_6,1,ARIMA,8.255850315093994,4.930356979370117,0.6349871854023224,0.7558899650961277,1.2816760547969352,1.2995194397658199,0.29063798065111485,0.8333333333333334,1.0,2.7536358154753207,4.277231166044175,True
D1,96,182,Theta,h1_12,1,ARIMA,8.255850315093994,4.930356979370117,0.7069046097451346,0.8117814404939423,1.4280005791474215,1.4485108366143757,0.35144615847218064,0.9166666666666666,1.0,3.6700244767125643,5.567658955410477,True
D1,96,183,Theta,h1,1,ARIMA,8.255850315093994,4.930356979370117,1.042464401812433,0.8750417212659155,1.7603896507917944,1.745029987143352,0.3214382206985437,1.0,1.0,1.9372888748651456,3.0475809036349104,True
D1,96,183,Theta,h1_6,1,ARIMA,8.255850315093994,4.930356979370117,1.096648751641946,0.9801086052299458,1.8488344120049702,1.829706024473683,0.429031169911867,0.6666666666666666,1.0,3.1932264787113303,5.042413452809704,True
D1,96,183,Theta,h1_12,1,ARIMA,8.255850315093994,4.930356979370117,1.0693639681381588,1.0602650147722552,1.8222022327525136,1.823067497218514,0.4735513459775983,0.8333333333333334,1.0,4.490526213592238,6.8300968413047665,True
D1,96,184,Theta,h1,1,ARIMA,8.255850315093994,4.930356979370117,0.5253023825768754,0.4074198802142996,0.8564733429732145,0.8528212496400256,0.19972851317560789,1.0,1.0,2.091235403296986,3.2897682661176466,True
D1,96,184,Theta,h1_6,1,ARIMA,8.255850315093994,4.930356979370117,1.9217569376861119,1.76352887161987,3.0801025386190446,3.0161174421358057,0.7386313441255428,0.5,0.6666666666666666,3.22647117615044,5.120330903913421,True
D1,96,184,Theta,h1_12,1,ARIMA,8.255850315093994,4.930356979370117,1.2914673233881584,1.3100669386708808,2.081641550164776,2.049757295120384,0.6051112887150603,0.75,0.8333333333333334,4.510033833910363,6.8329689743197894,True
D1,96,185,Theta,h1,1,ARIMA,8.255850315093994,4.930356979370117,1.9311572462715778,1.5928344782848243,3.1412444330371434,3.191368780108567,0.7561145868218131,0.0,0.0,1.9265898796202572,3.0307484509182414,True
D1,96,185,Theta,h1_6,1,ARIMA,8.255850315093994,4.930356979370117,1.9553305483770234,1.8508479183899071,3.197135101077359,3.2662483837046468,0.7619524251636121,0.3333333333333333,0.5,2.5972676406123933,4.026462108362031,True
D1,96,185,Theta,h1_12,1,ARIMA,8.255850315093994,4.930356979370117,1.4292345731281832,1.4311923970924796,2.3262666929815365,2.36560483018136,0.5709805545919384,0.6666666666666666,0.75,3.3991527498680227,5.11550071088756,True
D1,96,186,Theta,h1,1,ARIMA,8.255850315093994,4.930356979370117,2.5978193459950685,2.023373057215961,4.895498547550145,5.018334801202172,1.0766340251186672,0.0,0.0,2.0444247677734455,3.216131027743059,True
D1,96,186,Theta,h1_6,1,ARIMA,8.255850315093994,4.930356979370117,2.680263315300258,2.133557812086564,5.061233165981771,5.19915549630958,0.9983678923548491,0.0,0.3333333333333333,2.724021311846231,4.226940501808249,True
D1,96,186,Theta,h1_12,1,ARIMA,8.255850315093994,4.930356979370117,2.0133224758559525,1.7065815351145592,3.7874613461990543,3.8750505104097313,0.735152340735801,0.5,0.6666666666666666,3.560078948756627,5.344324510553689,True
D1,96,187,Theta,h1,1,ARIMA,8.255850315093994,4.930356979370117,0.27120872037968796,0.2103438504616782,0.42121951096595395,0.4203342460381617,0.16989497285862962,1.0,1.0,2.0538371311165973,3.2309346822114535,True
D1,96,187,Theta,h1_6,1,ARIMA,8.255850315093994,4.930356979370117,1.6400456841234792,1.5849915631501192,2.5040491969524585,2.4567560859943884,0.6784746348541815,0.6666666666666666,0.6666666666666666,2.8338515780897175,4.399979016623633,True
D1,96,187,Theta,h1_12,1,ARIMA,8.255850315093994,4.930356979370117,1.4861521759052223,1.4201671964072051,2.27532103521618,2.237591662262511,0.6239172477068616,0.75,0.8333333333333334,3.739485045000259,5.654220609289975,True
D1,96,188,Theta,h1,1,ARIMA,8.255850315093994,4.930356979370117,0.5042980313995978,0.40750547726031416,0.8781175532510501,0.8819900077892089,0.20867259050616047,1.0,1.0,2.0411408614135422,3.210959453832507,True
D1,96,188,Theta,h1_6,1,ARIMA,8.255850315093994,4.930356979370117,2.5956655254046455,2.2621271320890326,4.619648504947689,4.747702652672858,0.9121714444265491,0.3333333333333333,0.3333333333333333,3.3105897678677607,5.224809021841502,True
D1,96,188,Theta,h1_12,1,ARIMA,8.255850315093994,4.930356979370117,2.1892946747450606,2.010614075393733,3.8863427587974635,3.9847658699795376,0.7987129724764503,0.5833333333333334,0.6666666666666666,4.651752002765376,7.059588932600241,True
D1,96,189,Theta,h1,1,ARIMA,8.255850315093994,4.930356979370117,0.12615972945035514,0.10134636484813908,0.230025421895533,0.22976116734826055,0.16004618075987054,1.0,1.0,2.03008808876617,3.193563086869465,True
D1,96,189,Theta,h1_6,1,ARIMA,8.255850315093994,4.930356979370117,0.6422312288872024,0.6062150474906925,1.170915224198771,1.1696302305852901,0.310438998001169,1.0,1.0,3.1936688404528852,5.059624638626281,True
D1,96,189,Theta,h1_12,1,ARIMA,8.255850315093994,4.930356979370117,0.661019627170794,0.643539257195119,1.2000982713092623,1.1937155397758796,0.40113165373448445,1.0,1.0,4.471326664856077,6.790414393846269,True
D1,96,190,Theta,h1,1,ARIMA,8.255850315093994,4.930356979370117,0.1571463207647293,0.12806035001585367,0.27384786851803183,0.27422334591191116,0.15952154766003881,1.0,1.0,2.000291441941307,3.1466995953017767,True
D1,96,190,Theta,h1_6,1,ARIMA,8.255850315093994,4.930356979370117,1.034400231685757,1.135133010846803,1.77216689710251,1.7460037409125166,0.4380172346354851,0.6666666666666666,1.0,2.969914527510992,4.6770798247747685,True
D1,96,190,Theta,h1_12,1,ARIMA,8.255850315093994,4.930356979370117,0.912850200809203,1.0112769289856574,1.566866252502865,1.5468684614622186,0.46128620187553665,0.8333333333333334,1.0,4.064931902444718,6.148397470992359,True
D1,96,191,Theta,h1,1,ARIMA,8.255850315093994,4.930356979370117,2.205393740388243,1.777536748671246,3.3508668375229025,3.4079650224080287,0.8883769353958947,0.0,0.0,1.9712494843979644,3.1010045510541633,True
D1,96,191,Theta,h1_6,1,ARIMA,8.255850315093994,4.930356979370117,3.6985562518416484,3.115483528756127,5.698466860527542,5.8827174958513275,1.4822618376365837,0.0,0.0,2.779030112530094,4.3105221101048246,True
D1,96,191,Theta,h1_12,1,ARIMA,8.255850315093994,4.930356979370117,3.4736304528114723,3.0544730350389497,5.355394620629731,5.533459550612025,1.353048831219876,0.16666666666666666,0.25,3.691694396708689,5.5890520531050765,True
D1,96,192,Theta,h1,1,ARIMA,8.255850315093994,4.930356979370117,1.5516605003799886,1.242684359526139,2.3949563657545476,2.366616647725691,0.5140118455658382,0.0,1.0,2.0091765570606475,3.1606721838608998,True
D1,96,192,Theta,h1_6,1,ARIMA,8.255850315093994,4.930356979370117,1.6489613999031514,1.5028422374032149,2.606119851051786,2.6405528440340187,0.561753803427101,0.6666666666666666,0.8333333333333334,2.771987190170272,4.304041326127586,True
D1,96,192,Theta,h1_12,1,ARIMA,8.255850315093994,4.930356979370117,1.338134950380157,1.229565104398605,2.1105412984091814,2.135217717522794,0.48703004617352413,0.8333333333333334,0.9166666666666666,3.6577644493794628,5.530707731109112,True
D1,96,193,Theta,h1,1,ARIMA,8.255850315093994,4.930356979370117,1.2429386117100707,1.0382410310640804,2.384812473219846,2.3567109054049316,0.39524287498372557,0.0,1.0,1.9801809467882727,3.115062249747881,True
D1,96,193,Theta,h1_6,1,ARIMA,8.255850315093994,4.930356979370117,1.1687781861423192,1.1042839128936157,2.236138434652574,2.204708232346592,0.4805440771690683,0.5,1.0,3.2028305424167063,5.05805395596264,True
D1,96,193,Theta,h1_12,1,ARIMA,8.255850315093994,4.930356979370117,1.5092297134677473,1.6121221437620867,2.9656233216381405,3.009257353939588,0.5967782881450725,0.6666666666666666,1.0,4.498350751604848,6.828353029631021,True
D1,96,194,Theta,h1,1,ARIMA,8.255850315093994,4.930356979370117,0.2069307753516404,0.1632319719681897,0.38699711745196225,0.3862497297917323,0.16868974816642662,1.0,1.0,2.0852189764025617,3.2803033580460803,True
D1,96,194,Theta,h1_6,1,ARIMA,8.255850315093994,4.930356979370117,0.5771982801673149,0.5874922989395903,1.0912821665707384,1.1010456709453311,0.3015686564839901,1.0,1.0,3.291206698811155,5.213505780389898,True
D1,96,194,Theta,h1_12,1,ARIMA,8.255850315093994,4.930356979370117,0.7697934026824953,0.7526239633866098,1.4589191398793944,1.4753538442205636,0.40019108306544954,1.0,1.0,4.6091635716458,7.000601658441001,True
D1,96,195,Theta,h1,1,ARIMA,8.255850315093994,4.930356979370117,0.037754314149026594,0.029855239371241998,0.06956498862479372,0.06958919348205866,0.1551046427580273,1.0,1.0,2.0296876610943024,3.1929441038291344,True
D1,96,195,Theta,h1_6,1,ARIMA,8.255850315093994,4.930356979370117,1.732631988850291,1.5483202471209618,3.127269255156794,3.066225678994027,0.654461289126382,0.16666666666666666,0.6666666666666666,2.8560656637228488,4.430218972736901,True
D1,96,195,Theta,h1_12,1,ARIMA,8.255850315093994,4.930356979370117,1.727131546779709,1.5051220938678231,3.1202261399700375,3.0624049956288246,0.6534639402967787,0.4166666666666667,0.8333333333333334,3.79370615551193,5.741248192150995,True
D1,96,196,Theta,h1,1,ARIMA,8.255850315093994,4.930356979370117,0.736251480726762,0.5924586037710916,1.212942377693816,1.2056305756088193,0.2370431063402162,1.0,1.0,1.9776749651614876,3.1111179263414286,True
D1,96,196,Theta,h1_6,1,ARIMA,8.255850315093994,4.930356979370117,2.3333021788240544,2.172146101721262,3.954582799728876,4.049920867620262,0.8472964650937191,0.3333333333333333,0.6666666666666666,2.846539581643757,4.4364167703265025,True
D1,96,196,Theta,h1_12,1,ARIMA,8.255850315093994,4.930356979370117,2.2459888868082842,2.204604725060989,3.8195855385567197,3.92624873329829,0.8598822957215837,0.5,0.6666666666666666,3.818986935057546,5.7962974042830595,True
D1,96,197,Theta,h1,1,ARIMA,8.255850315093994,4.930356979370117,0.09600046726361536,0.07618902612920485,0.15301442515201227,0.15289744757677143,0.16120579030398657,1.0,1.0,2.0676982975583806,3.2527320610018666,True
D1,96,197,Theta,h1_6,1,ARIMA,8.255850315093994,4.930356979370117,1.3862098404302938,1.6191334008090272,2.168557753659957,2.1270988120072176,0.5866713355228381,0.8333333333333334,0.8333333333333334,3.142262298547449,4.9828984139418155,True
D1,96,197,Theta,h1_12,1,ARIMA,8.255850315093994,4.930356979370117,2.049432419362335,1.9809319841904078,3.200137826257398,3.1303280748873195,0.7949730194544106,0.5833333333333334,0.8333333333333334,4.364422856971124,6.609471125051964,True
D1,96,198,Theta,h1,1,ARIMA,8.255850315093994,4.930356979370117,0.04480580362920389,0.034784239632670653,0.06325790450089588,0.06323790301474717,0.16464930784569215,1.0,1.0,2.1511048102281594,3.3839458914489593,True
D1,96,198,Theta,h1_6,1,ARIMA,8.255850315093994,4.930356979370117,1.348388099523991,1.3044954015440813,1.9053993030501568,1.9070321289252734,0.5315813124678066,0.5,0.8333333333333334,3.555095971332718,5.621243187974663,True
D1,96,198,Theta,h1_12,1,ARIMA,8.255850315093994,4.930356979370117,1.0656611794038418,1.0337452332058183,1.5075243398257956,1.5100378959273697,0.5267446388897896,0.75,0.9166666666666666,5.002556601445129,7.617602062275485,True
D1,96,199,Theta,h1,1,ARIMA,8.255850315093994,4.930356979370117,0.8470798764197224,0.6811290902099083,1.4519540730061686,1.4414891924850533,0.2694400218397485,1.0,1.0,2.0756434318943326,3.2652358144244564,True
D1,96,199,Theta,h1_6,1,ARIMA,8.255850315093994,4.930356979370117,1.3906211899861003,1.2656639850591322,2.364753519240791,2.329667913334027,0.5611935760154415,0.6666666666666666,0.8333333333333334,3.6667580593279423,5.8305508256916125,True
D1,96,199,Theta,h1_12,1,ARIMA,8.255850315093994,4.930356979370117,1.0872148979628644,1.0527358581684694,1.8534629322275575,1.8305065592916199,0.5698106132991041,0.8333333333333334,0.9166666666666666,5.252160198765598,7.958461781022535,True
D1,96,0,AutoETS,h1,1,ARIMA,8.255850315093994,4.930356979370117,1.1728811674088415,0.991681715701023,2.026457709266633,2.047200535807644,0.39009274617407136,0.0,1.0,1.9648033609601174,2.9918408932438036,True
D1,96,0,AutoETS,h1_6,1,ARIMA,8.255850315093994,4.930356979370117,2.5260468502627047,2.5607241147589206,4.460217768607035,4.611682663445183,0.9917426214591178,0.16666666666666666,0.5,2.9942919197901623,4.5594613638893895,True
D1,96,0,AutoETS,h1_12,1,ARIMA,8.255850315093994,4.930356979370117,1.5860574862061114,1.8592643427550568,2.7811525516521387,2.855454691742135,0.6937988093294425,0.5833333333333334,0.75,3.867213663493719,5.888674770842125,True
D1,96,1,AutoETS,h1,1,ARIMA,8.255850315093994,4.930356979370117,0.004525672583874624,0.0036320910098294585,0.007927927679925884,0.00792761343219606,0.14716641731248187,1.0,1.0,2.0045829785437608,3.0524140218169102,True
D1,96,1,AutoETS,h1_6,1,ARIMA,8.255850315093994,4.930356979370117,0.9934806175714309,1.0418895763956573,1.752650321928384,1.7658204384608762,0.40048458454101815,0.6666666666666666,0.8333333333333334,2.6674314510470403,4.061745136300767,True
D1,96,1,AutoETS,h1_12,1,ARIMA,8.255850315093994,4.930356979370117,0.8594844111114531,0.8881247397022568,1.5175199100397871,1.5299592310438563,0.38229129237798404,0.8333333333333334,0.9166666666666666,3.2754503688096865,4.987586316223835,True
D1,96,2,AutoETS,h1,1,ARIMA,8.255850315093994,4.930356979370117,0.5846778362391221,0.4796891085725162,1.1018380934852512,1.0958011164204724,0.21125340928796468,1.0,1.0,2.011932316333838,3.0636049886971244,True
D1,96,2,AutoETS,h1_6,1,ARIMA,8.255850315093994,4.930356979370117,2.0740936985511955,1.8887821372884368,3.837673561248469,3.7497565665942387,0.75114204066207,0.3333333333333333,0.6666666666666666,3.1749411520276416,4.834539150847713,True
D1,96,2,AutoETS,h1_12,1,ARIMA,8.255850315093994,4.930356979370117,1.5919990328719866,1.5114927088021937,2.9588701127605055,2.903697792277397,0.6188225189108814,0.6666666666666666,0.8333333333333334,4.144936497956254,6.311568252012964,True
D1,96,3,AutoETS,h1,1,ARIMA,8.255850315093994,4.930356979370117,0.9886309248381333,0.7655851973658698,1.8731214885468594,1.8908302625265252,0.3219068656184405,1.0,1.0,2.1542827180963613,3.280364467851661,True
D1,96,3,AutoETS,h1_6,1,ARIMA,8.255850315093994,4.930356979370117,1.8406316794102304,1.6389041077617257,3.536193679000262,3.62220862022061,0.6608988056516889,0.6666666666666666,0.6666666666666666,3.205695002178036,4.8813685834173315,True
D1,96,3,AutoETS,h1_12,1,ARIMA,8.255850315093994,4.930356979370117,1.3630210615418614,1.2783151306514549,2.593010317295859,2.630133136886804,0.5518889387850247,0.8333333333333334,0.8333333333333334,4.1084153976823,6.255956925486891,True
D1,96,4,AutoETS,h1,1,ARIMA,8.255850315093994,4.930356979370117,0.8640973735741146,0.6869917459536098,1.5656514813247318,1.578004506792717,0.2838576035353531,1.0,1.0,1.9968084214773878,3.0405755660099945,True
D1,96,4,AutoETS,h1_6,1,ARIMA,8.255850315093994,4.930356979370117,0.9720451210349537,0.905430237509466,1.730900677976747,1.7147773438899572,0.3628754026966706,0.8333333333333334,1.0,2.802045745688549,4.266724708061498,True
D1,96,4,AutoETS,h1_12,1,ARIMA,8.255850315093994,4.930356979370117,1.8989503884786414,1.762111588507405,3.338626173998485,3.267134510572217,0.670835755659375,0.5833333333333334,0.8333333333333334,3.5169232558477472,5.355281360117229,True
D1,96,5,AutoETS,h1,1,ARIMA,8.255850315093994,4.930356979370117,1.3664866677095475,1.0891168138895564,2.473524572179362,2.5044992746637935,0.46085290152652203,0.0,1.0,2.09962969210634,3.197143336747427,True
D1,96,5,AutoETS,h1_6,1,ARIMA,8.255850315093994,4.930356979370117,0.9563287596136641,0.91292441261061,1.731230718743827,1.7531933980171321,0.38105149353474715,0.6666666666666666,1.0,3.1888167732821757,4.85566780520231,True
D1,96,5,AutoETS,h1_12,1,ARIMA,8.255850315093994,4.930356979370117,0.7953449204668215,0.7781814032262273,1.4371278421564064,1.4526025501044904,0.4024849877131412,0.8333333333333334,1.0,4.113991266339088,6.264447399492689,True
D1,96,6,AutoETS,h1,1,ARIMA,8.255850315093994,4.930356979370117,1.0079084099467852,0.8552342102803329,2.023486507921045,2.00321907407702,0.3261080002948072,0.0,1.0,1.9597051555326583,2.9840777655012887,True
D1,96,6,AutoETS,h1_6,1,ARIMA,8.255850315093994,4.930356979370117,2.7057059279114837,2.4292990421732075,5.324255515487692,5.17094364966518,1.0183453339809803,0.0,0.16666666666666666,2.9058463359115745,4.424783706097984,True
D1,96,6,AutoETS,h1_12,1,ARIMA,8.255850315093994,4.930356979370117,2.5675642150692344,2.4027800934236065,5.047903195049443,4.898661591175054,0.9582744840909541,0.25,0.4166666666666667,3.7197247179300854,5.664090739988747,True
D1,96,7,AutoETS,h1,1,ARIMA,8.255850315093994,4.930356979370117,2.741443190754093,2.089303871683891,4.696169687920724,4.588429470937823,1.1252386345840963,0.0,0.0,2.0768320748593623,3.162429001001044,True
D1,96,7,AutoETS,h1_6,1,ARIMA,8.255850315093994,4.930356979370117,4.153177292358255,3.228984653800365,7.019776957708039,6.7732219709436725,1.7200329155246261,0.0,0.0,3.016528623845125,4.593321587179159,True
D1,96,7,AutoETS,h1_12,1,ARIMA,8.255850315093994,4.930356979370117,3.5726616958688413,2.837274070448145,6.061431455527064,5.869490699731037,1.3878669524637672,0.25,0.3333333333333333,3.834577689399581,5.8389793947929025,True
D1,96,8,AutoETS,h1,1,ARIMA,8.255850315093994,4.930356979370117,1.4485572195914993,1.1309211560708443,2.5075425450206734,2.4764929873791806,0.4924659892224508,0.0,1.0,2.1086532237701894,3.2108836283052704,True
D1,96,8,AutoETS,h1_6,1,ARIMA,8.255850315093994,4.930356979370117,1.7608506682173515,1.5494009230922041,3.0276762872946077,2.9710827527421957,0.6721333775828291,0.5,0.8333333333333334,3.8078655903055445,5.798304408174967,True
D1,96,8,AutoETS,h1_12,1,ARIMA,8.255850315093994,4.930356979370117,2.128391511918771,1.8561220083441268,3.6464817866630397,3.5659315776901894,0.7758681718880804,0.5833333333333334,0.9166666666666666,5.143310298221114,7.831809728450586,True
D1,96,9,AutoETS,h1,1,ARIMA,8.255850315093994,4.930356979370117,0.10168964790806667,0.07932540691540178,0.160449811604475,0.16032119407754525,0.16375622565008874,1.0,1.0,2.1572897314706942,3.2849433003997883,True
D1,96,9,AutoETS,h1_6,1,ARIMA,8.255850315093994,4.930356979370117,1.130999218835685,1.26429641965614,1.8151791851875,1.8458226648996097,0.46997305609118656,0.6666666666666666,1.0,3.2994815831708917,5.024179072154908,True
D1,96,9,AutoETS,h1_12,1,ARIMA,8.255850315093994,4.930356979370117,2.2635534375739326,2.1271246628012257,3.6676655768379813,3.76664437887,0.8159032052416478,0.4166666666666667,0.8333333333333334,4.266851458197457,6.4972103222553415,True
D1,96,10,AutoETS,h1,1,ARIMA,8.255850315093994,4.930356979370117,0.17378023367024203,0.1372821520636369,0.3179776589203315,0.3184840129244979,0.16199013425371947,1.0,1.0,2.07854557655968,3.165038180402658,True
D1,96,10,AutoETS,h1_6,1,ARIMA,8.255850315093994,4.930356979370117,0.3670548390500774,0.37318689656771953,0.6743104180013638,0.6781163996896273,0.27747668788992197,1.0,1.0,3.436366384198822,5.232615984222674,True
D1,96,10,AutoETS,h1_12,1,ARIMA,8.255850315093994,4.930356979370117,0.8911745850109745,0.9569096628191693,1.6440582935032915,1.6609768899436703,0.43244906681820505,1.0,1.0,4.544419360598661,6.919867885631057,True
D1,96,11,AutoETS,h1,1,ARIMA,8.255850315093994,4.930356979370117,0.5512404932201082,0.4440311918290824,0.9055471732648676,0.9014655752475623,0.2109911480292796,1.0,1.0,2.105815969393273,3.206563290790558,True
D1,96,11,AutoETS,h1_6,1,ARIMA,8.255850315093994,4.930356979370117,1.1036494112494024,1.1601457717659218,1.7996993725372123,1.7792901642455523,0.44750407111508816,0.8333333333333334,0.8333333333333334,3.4674611798281973,5.279964580514556,True
D1,96,11,AutoETS,h1_12,1,ARIMA,8.255850315093994,4.930356979370117,1.3815934490194088,1.2939136186856142,2.29050208746785,2.3023631274583822,0.5307824484257913,0.9166666666666666,0.9166666666666666,4.5794482051394345,6.973206927910055,True
D1,96,12,AutoETS,h1,1,ARIMA,8.255850315093994,4.930356979370117,0.2618643128579629,0.2155805427581602,0.4677986366137753,0.46670701209399706,0.17381395447537676,1.0,1.0,2.173105578011164,3.309026370177282,True
D1,96,12,AutoETS,h1_6,1,ARIMA,8.255850315093994,4.930356979370117,1.6550002556675845,1.6298124029798655,3.0248231021691763,3.0895084789413874,0.5794364793893282,0.6666666666666666,1.0,3.678881406633884,5.601897906151288,True
D1,96,12,AutoETS,h1_12,1,ARIMA,8.255850315093994,4.930356979370117,1.9577710905630528,1.8196894113130793,3.584413783777566,3.6674826907818425,0.6867393217763723,0.75,1.0,4.894858561538683,7.453487866541359,True
D1,96,13,AutoETS,h1,1,ARIMA,8.255850315093994,4.930356979370117,0.23196502522893556,0.18519991321812532,0.3947906731663252,0.39557151288561293,0.15312252492082842,1.0,1.0,1.9134456788612186,2.913637640674733,True
D1,96,13,AutoETS,h1_6,1,ARIMA,8.255850315093994,4.930356979370117,2.3878304791930254,2.248826646606462,3.945265166813873,3.8411855299764146,0.9544247596427261,0.16666666666666666,0.5,2.5063095255333594,3.8164019253066486,True
D1,96,13,AutoETS,h1_12,1,ARIMA,8.255850315093994,4.930356979370117,1.7580459030127251,1.7840429310190298,2.917420499154076,2.8524581891223293,0.7036268874697206,0.4166666666666667,0.75,3.055763286466026,4.653064903174136,True
D1,96,14,AutoETS,h1,1,ARIMA,8.255850315093994,4.930356979370117,0.8507303909333995,0.662821514676055,1.5431004877031624,1.5312858480087859,0.28067649754215307,1.0,1.0,2.0210424684679373,3.0774771787798914,True
D1,96,14,AutoETS,h1_6,1,ARIMA,8.255850315093994,4.930356979370117,1.1755551094634602,1.0196781351557318,2.120647493657111,2.093206708150114,0.42541936854848794,0.8333333333333334,1.0,3.0470177300351056,4.639747889429101,True
D1,96,14,AutoETS,h1_12,1,ARIMA,8.255850315093994,4.930356979370117,1.3953197701386169,1.2436208266735784,2.5088128029005086,2.4685663653971583,0.5135586312655954,0.75,1.0,3.9225096417804792,5.97287493680143,True
D1,96,15,AutoETS,h1,1,ARIMA,8.255850315093994,4.930356979370117,0.8083382916915139,0.6014397747225629,1.3342828604112875,1.34324419897146,0.27485736184044696,1.0,1.0,2.292403036124395,3.4906827235483315,True
D1,96,15,AutoETS,h1_6,1,ARIMA,8.255850315093994,4.930356979370117,0.9047486602536335,0.928554713004682,1.4668457508429738,1.4509254515226435,0.45329476335148006,0.8333333333333334,0.8333333333333334,3.8871137602120056,5.9189770007366125,True
D1,96,15,AutoETS,h1_12,1,ARIMA,8.255850315093994,4.930356979370117,0.9169159879289093,0.8651971095416423,1.496092680440255,1.4892622340124935,0.500465943424758,0.9166666666666666,0.9166666666666666,5.172382923326105,7.876079129852953,True
D1,96,16,AutoETS,h1,1,ARIMA,8.255850315093994,4.930356979370117,1.1804001308375192,0.9161527987411893,2.0396541504798087,2.06066941510625,0.3877074744085412,0.0,1.0,2.122793946515983,3.2324159573980977,True
D1,96,16,AutoETS,h1_6,1,ARIMA,8.255850315093994,4.930356979370117,0.5707550736642493,0.5654035941310174,0.9840564152258228,0.9919939203005798,0.30028081019480757,0.8333333333333334,1.0,3.130785466348317,4.767302505843152,True
D1,96,16,AutoETS,h1_12,1,ARIMA,8.255850315093994,4.930356979370117,0.7115628456726397,0.691413081773055,1.2161221447775128,1.215374456738758,0.37349801609113037,0.9166666666666666,1.0,4.000387588284567,6.091461065908474,True
D1,96,17,AutoETS,h1,1,ARIMA,8.255850315093994,4.930356979370117,0.5107873886397016,0.4179111722601626,1.076847897091232,1.0826772909109617,0.2010655269383796,1.0,1.0,2.04953776194597,3.1208674670837793,True
D1,96,17,AutoETS,h1_6,1,ARIMA,8.255850315093994,4.930356979370117,0.5142496614932405,0.5334007956105075,1.0773875522327816,1.0766072168182352,0.2950969483066586,1.0,1.0,3.3050577092005553,5.032669938066942,True
D1,96,17,AutoETS,h1_12,1,ARIMA,8.255850315093994,4.930356979370117,0.7064706053943899,0.7074474007768133,1.4720096875207491,1.4630399332068575,0.3817432399062836,1.0,1.0,4.3417494524583375,6.611258825278127,True
D1,96,18,AutoETS,h1,1,ARIMA,8.255850315093994,4.930356979370117,1.6165122425772365,1.2547770421618605,2.666261537922373,2.6311844089781755,0.5560760036365298,0.0,1.0,2.1594139789086575,3.2881779296143674,True
D1,96,18,AutoETS,h1_6,1,ARIMA,8.255850315093994,4.930356979370117,1.137660276879517,0.9916771504592168,1.8793030218524496,1.857403467306774,0.43654997611498103,0.6666666666666666,1.0,3.234384716583329,4.925054919912246,True
D1,96,18,AutoETS,h1_12,1,ARIMA,8.255850315093994,4.930356979370117,0.9120536286176413,0.8250114528194216,1.509862761363472,1.4954422304437345,0.43160639872311557,0.8333333333333334,1.0,4.154135651660388,6.325575966363477,True
D1,96,19,AutoETS,h1,1,ARIMA,8.255850315093994,4.930356979370117,0.9466253878788855,0.7663263611072656,1.6585116926154095,1.6448714995412148,0.3097800082817654,1.0,1.0,2.133387673099032,3.2485472125826087,True
D1,96,19,AutoETS,h1_6,1,ARIMA,8.255850315093994,4.930356979370117,0.6168421785998743,0.5492862347417548,1.0889354529042607,1.0882169090344764,0.3186478703235787,1.0,1.0,3.4883110457883766,5.31171304086319,True
D1,96,19,AutoETS,h1_12,1,ARIMA,8.255850315093994,4.930356979370117,1.2200493818547853,1.276709579291471,2.1911943571490027,2.229030849486044,0.5025764441679893,0.8333333333333334,1.0,4.599562265375678,7.003834963844681,True
D1,96,20,AutoETS,h1,1,ARIMA,8.255850315093994,4.930356979370117,0.4433146116972518,0.3602455424512451,0.7751455960976765,0.7721529413377176,0.184992420486023,1.0,1.0,1.9641925422633426,2.9909107887907513,True
D1,96,20,AutoETS,h1_6,1,ARIMA,8.255850315093994,4.930356979370117,0.6524154576402511,0.569588557893694,1.137688467922024,1.1302850895374577,0.2725607034432901,1.0,1.0,2.7673904556213507,4.213954483798638,True
D1,96,20,AutoETS,h1_12,1,ARIMA,8.255850315093994,4.930356979370117,0.9269587400262082,0.9490853031607429,1.6064672291184185,1.5865245775953238,0.3845354986586941,0.9166666666666666,1.0,3.4787506169223907,5.297155206422074,True
D1,96,21,AutoETS,h1,1,ARIMA,8.255850315093994,4.930356979370117,0.9387500098733641,0.7751735144854867,1.6625448837247023,1.6488385433034165,0.30345508917842917,1.0,1.0,1.9449021843709013,2.961537019010696,True
D1,96,21,AutoETS,h1_6,1,ARIMA,8.255850315093994,4.930356979370117,0.8183183382105556,0.745615303592323,1.4485282449850714,1.4358926504164946,0.3042420630621238,1.0,1.0,2.5344595249981796,3.859266428298168,True
D1,96,21,AutoETS,h1_12,1,ARIMA,8.255850315093994,4.930356979370117,0.8140070419278866,0.7557437941751826,1.44399856203583,1.4345497747678002,0.332503438262288,1.0,1.0,3.082759990686126,4.694173263060608,True
D1,96,22,AutoETS,h1,1,ARIMA,8.255850315093994,4.930356979370117,0.04551294625176475,0.03600919423926884,0.0710382039523381,0.07106344504985312,0.1602120232728223,1.0,1.0,2.1515143584688055,3.2761490375925786,True
D1,96,22,AutoETS,h1_6,1,ARIMA,8.255850315093994,4.930356979370117,1.842555111741889,1.7405435742252762,2.817355152941128,2.762380299015853,0.6636382394040472,0.5,0.8333333333333334,3.5620021808442606,5.423923837989478,True
D1,96,22,AutoETS,h1_12,1,ARIMA,8.255850315093994,4.930356979370117,2.0358636260243035,1.7831337069575641,3.1160007094315074,3.057976579565337,0.7171253407486656,0.6666666666666666,0.9166666666666666,4.712024139849324,7.175082652883996,True
D1,96,23,AutoETS,h1,1,ARIMA,8.255850315093994,4.930356979370117,1.5657724015610648,1.2863873015949407,2.4780664466979907,2.5091557196905176,0.5375551451360185,0.0,1.0,2.1233689591371103,3.233291539305269,True
D1,96,23,AutoETS,h1_6,1,ARIMA,8.255850315093994,4.930356979370117,0.9426956834711334,0.9492826543795885,1.489791877141449,1.506309109244554,0.4345010270791737,0.6666666666666666,1.0,3.6877259758683283,5.615365688446713,True
D1,96,23,AutoETS,h1_12,1,ARIMA,8.255850315093994,4.930356979370117,1.0431760846455194,1.032691462717381,1.6289441422359936,1.6276222007414312,0.5010604559680716,0.8333333333333334,1.0,4.936765143261076,7.517299761097489,True
D1,96,24,AutoETS,h1,1,ARIMA,8.255850315093994,4.930356979370117,0.3871513719086019,0.3094822275568064,0.6898571840824791,0.6874858488236489,0.18272903271211463,1.0,1.0,2.089659138277256,3.1819609977577703,True
D1,96,24,AutoETS,h1_6,1,ARIMA,8.255850315093994,4.930356979370117,1.1624340608264623,1.037654861868828,2.0519390643389395,2.026142783091915,0.41525161134295807,0.6666666666666666,1.0,3.3263437083890026,5.065082506210366,True
D1,96,24,AutoETS,h1_12,1,ARIMA,8.255850315093994,4.930356979370117,1.270015478473165,1.1988294160775994,2.235520941722771,2.2013993077350276,0.5007798111433743,0.8333333333333334,1.0,4.353446755807064,6.629070516358653,True
D1,96,25,AutoETS,h1,1,ARIMA,8.255850315093994,4.930356979370117,0.1242613001643704,0.09419467834676391,0.1971907052332755,0.19738531798355485,0.17018843414928417,1.0,1.0,2.227944109685102,3.392529974073483,True
D1,96,25,AutoETS,h1_6,1,ARIMA,8.255850315093994,4.930356979370117,0.9538172202678389,0.9334263777124836,1.5158913487913042,1.5202504300336706,0.41916415699791437,0.8333333333333334,0.8333333333333334,3.620107238544429,5.512401438947322,True
D1,96,25,AutoETS,h1_12,1,ARIMA,8.255850315093994,4.930356979370117,0.7496993323645987,0.7303234512774076,1.190620960571543,1.1930325705457667,0.4419199799615563,0.9166666666666666,0.9166666666666666,4.764034114601334,7.254279163034309,True
D1,96,26,AutoETS,h1,1,ARIMA,8.255850315093994,4.930356979370117,0.7270844938658206,0.5818622148408884,1.2373445976041892,1.2450473607320047,0.24990448860772055,1.0,1.0,2.1838681543401,3.3254147358617896,True
D1,96,26,AutoETS,h1_6,1,ARIMA,8.255850315093994,4.930356979370117,2.3000244115694755,2.130153879646084,3.9946202031453133,4.1059825301924,0.789423680269466,0.5,0.6666666666666666,3.9436886115537906,6.005124529357914,True
D1,96,26,AutoETS,h1_12,1,ARIMA,8.255850315093994,4.930356979370117,1.7730953047471971,1.7937772719213139,3.0655833285114693,3.1367476335212903,0.730615827442008,0.6666666666666666,0.8333333333333334,5.326763744722512,8.111157542158105,True
D1,96,27,AutoETS,h1,1,ARIMA,8.255850315093994,4.930356979370117,0.7586356182004016,0.612788984799317,1.3706168219262045,1.3800745891633053,0.2572131732244105,1.0,1.0,2.1175585272317816,3.224443891684552,True
D1,96,27,AutoETS,h1_6,1,ARIMA,8.255850315093994,4.930356979370117,1.1818307662842906,1.0182772771087178,2.1465949247761595,2.1732364991835795,0.4257631263814394,1.0,1.0,3.8225823873681213,5.820713935837754,True
D1,96,27,AutoETS,h1_12,1,ARIMA,8.255850315093994,4.930356979370117,2.8949315823733808,2.966784254060385,5.4239432790039395,5.680696978819483,1.0447955398437065,0.6666666666666666,0.75,5.160956139763005,7.858679364043498,True
D1,96,28,AutoETS,h1,1,ARIMA,8.255850315093994,4.930356979370117,1.2471641288741395,1.0204849846121729,2.392340905328376,2.364062685996032,0.4196640443889824,0.0,1.0,1.9444648760303258,2.9608711218515817,True
D1,96,28,AutoETS,h1_6,1,ARIMA,8.255850315093994,4.930356979370117,2.6617287014576196,2.284547904645752,5.025019800505235,4.890565602403174,1.0415000059631512,0.0,0.3333333333333333,2.506992166182779,3.817441394319628,True
D1,96,28,AutoETS,h1_12,1,ARIMA,8.255850315093994,4.930356979370117,2.9206929889762594,2.4788020988924346,5.502824613783227,5.34540965143586,1.1067514955721052,0.0,0.25,3.0337778969645406,4.619587361008136,True
D1,96,29,AutoETS,h1,1,ARIMA,8.255850315093994,4.930356979370117,1.251662376893983,1.0492777331436185,2.2861393399335834,2.3125736681296116,0.41828160612922466,0.0,1.0,2.0376573667775206,3.102776978845056,True
D1,96,29,AutoETS,h1_6,1,ARIMA,8.255850315093994,4.930356979370117,1.6117017952345027,1.3777741598636972,2.955220822463254,3.0014151437156142,0.5444834206334989,0.5,1.0,3.5319851716150064,5.378216406147,True
D1,96,29,AutoETS,h1_12,1,ARIMA,8.255850315093994,4.930356979370117,1.7747614145923558,1.6360453833663509,3.2683911723053636,3.3347545175460236,0.642406806044001,0.5833333333333334,1.0,4.7249260040739935,7.1947285501546485,True
D1,96,30,AutoETS,h1,1,ARIMA,8.255850315093994,4.930356979370117,0.12889135091285778,0.10204905977136958,0.21220386365001703,0.21197894988912233,0.1648869984243691,1.0,1.0,2.1520989105274904,3.2770391453703596,True
D1,96,30,AutoETS,h1_6,1,ARIMA,8.255850315093994,4.930356979370117,2.1190319568224276,1.9347061416778184,3.5756456068988203,3.66350702332918,0.7571422218240093,0.5,0.5,3.57036623190906,5.43665992675341,True
D1,96,30,AutoETS,h1_12,1,ARIMA,8.255850315093994,4.930356979370117,2.558356296102309,2.292703503013798,4.333823578971216,4.458576142439012,0.908050798159875,0.5,0.6666666666666666,4.724636680206107,7.19428799157432,True
D1,96,31,AutoETS,h1,1,ARIMA,8.255850315093994,4.930356979370117,2.398471292006342,1.9075123605683921,4.093440592884099,4.1789724706230675,0.9539720113095154,0.0,0.0,2.07497653475834,3.1596035372098084,True
D1,96,31,AutoETS,h1_6,1,ARIMA,8.255850315093994,4.930356979370117,1.4022903812769834,1.326904927312189,2.3493425889776582,2.3548285449597546,0.5437600180375622,0.5,0.8333333333333334,3.0663835430495636,4.669236556060487,True
D1,96,31,AutoETS,h1_12,1,ARIMA,8.255850315093994,4.930356979370117,1.3914256869299477,1.292548880023911,2.3209142370739126,2.3160310604631444,0.5486034947168461,0.6666666666666666,0.9166666666666666,3.9207542851875288,5.970202024213148,True
D1,96,32,AutoETS,h1,1,ARIMA,8.255850315093994,4.930356979370117,2.281116519839263,1.7342295555238716,3.531042517068734,3.4697827647324218,0.8736380044657825,0.0,0.0,2.2581956245173664,3.4385944917530162,True
D1,96,32,AutoETS,h1_6,1,ARIMA,8.255850315093994,4.930356979370117,1.4508732543878045,1.36628059945085,2.3047883830420157,2.325097882238318,0.5647933959157473,0.6666666666666666,0.8333333333333334,3.558200163264523,5.418134438450621,True
D1,96,32,AutoETS,h1_12,1,ARIMA,8.255850315093994,4.930356979370117,2.201498215423405,1.977531940992798,3.5442024487066495,3.6243475851868654,0.7950668329202533,0.5833333333333334,0.9166666666666666,4.643113139778534,7.070150652001547,True
D1,96,33,AutoETS,h1,1,ARIMA,8.255850315093994,4.930356979370117,0.8259553036871402,0.6699688094765273,1.3169162990268493,1.325645117335572,0.27530290471510027,1.0,1.0,2.0897602290105852,3.1821149304087015,True
D1,96,33,AutoETS,h1_6,1,ARIMA,8.255850315093994,4.930356979370117,1.774613960638283,1.7364240475639257,2.7578001672746555,2.707418071791519,0.6560546544458311,0.6666666666666666,0.8333333333333334,3.3183039895686757,5.052840283902138,True
D1,96,33,AutoETS,h1_12,1,ARIMA,8.255850315093994,4.930356979370117,1.6985236407495221,1.6790423429681576,2.6894355184884495,2.691023952448149,0.6612998970716586,0.6666666666666666,0.9166666666666666,4.338889250592144,6.606903545214873,True
D1,96,34,AutoETS,h1,1,ARIMA,8.255850315093994,4.930356979370117,0.2949301358865886,0.2360478599333076,0.5008516039509497,0.5021090144772455,0.17294175399622144,1.0,1.0,2.1361400007182683,3.2527382306185375,True
D1,96,34,AutoETS,h1_6,1,ARIMA,8.255850315093994,4.930356979370117,1.9353207932115084,1.7735832873495132,3.3505161331923605,3.426246879447168,0.6970519315979155,0.3333333333333333,0.8333333333333334,3.7753149543328206,5.748738977995386,True
D1,96,34,AutoETS,h1_12,1,ARIMA,8.255850315093994,4.930356979370117,1.6963027722346404,1.6060323956651101,2.932014150507564,2.9933149216232793,0.674883677117306,0.6666666666666666,0.9166666666666666,5.0732234980278905,7.725087315887008,True
D1,96,35,AutoETS,h1,1,ARIMA,8.255850315093994,4.930356979370117,2.047531906298551,1.6367934669935722,3.3790695360027634,3.322927520232942,0.7767006057704577,0.0,0.0,2.090219363352791,3.1828140624072563,True
D1,96,35,AutoETS,h1_6,1,ARIMA,8.255850315093994,4.930356979370117,2.121143948286186,1.7870973011757285,3.4917568572608504,3.4255997580094815,0.7680187146192868,0.5,0.5,3.546029547432738,5.399602026065238,True
D1,96,35,AutoETS,h1_12,1,ARIMA,8.255850315093994,4.930356979370117,1.7959488762528275,1.5614732330846675,2.979538098580103,2.9462690439726225,0.6884574890705514,0.75,0.75,4.7202997103029185,7.187684010653402,True
D1,96,36,AutoETS,h1,1,ARIMA,8.255850315093994,4.930356979370117,0.8450564517540683,0.6820825985371098,1.4885863688882017,1.49974889771769,0.2826278696578353,1.0,1.0,2.181744846684812,3.3221815376709323,True
D1,96,36,AutoETS,h1_6,1,ARIMA,8.255850315093994,4.930356979370117,1.2773899446500352,1.170003937316253,2.2661933505841554,2.299991552045613,0.46242991652555665,0.8333333333333334,1.0,3.672203093571999,5.591728720514989,True
D1,96,36,AutoETS,h1_12,1,ARIMA,8.255850315093994,4.930356979370117,1.0029200867327355,0.9860683231048673,1.7767841328666383,1.8006878468001672,0.4837327234222265,0.9166666666666666,1.0,4.878812799343672,7.429054700122689,True
D1,96,37,AutoETS,h1,1,ARIMA,8.255850315093994,4.930356979370117,0.731562334802892,0.5937790393397854,1.1998897396043646,1.192733993201764,0.24259459025648167,1.0,1.0,1.7941814153856872,2.7320318333666997,True
D1,96,37,AutoETS,h1_6,1,ARIMA,8.255850315093994,4.930356979370117,1.0727608152971706,1.088909888742822,1.7640266376890603,1.7586860851018677,0.43178764007440096,0.5,0.6666666666666666,1.7941814378197987,2.732031867527523,True
D1,96,37,AutoETS,h1_12,1,ARIMA,8.255850315093994,4.930356979370117,1.4047371724803415,1.2903783782453897,2.3015802323548025,2.2863301645058685,0.5449026969834116,0.25,0.4166666666666667,1.7941814647408107,2.7320319085206255,True
D1,96,38,AutoETS,h1,1,ARIMA,8.255850315093994,4.930356979370117,1.0620850851611017,0.8705284922285033,2.035258448799715,2.014755705935848,0.3461161910757676,0.0,1.0,1.991263208280127,3.0321317716156155,True
D1,96,38,AutoETS,h1_6,1,ARIMA,8.255850315093994,4.930356979370117,0.9554231822237097,0.882832305416369,1.8326650469113663,1.8161883198940871,0.3685811756757508,0.6666666666666666,1.0,2.8002747106052963,4.264027921558212,True
D1,96,38,AutoETS,h1_12,1,ARIMA,8.255850315093994,4.930356979370117,0.7672624497844398,0.7376261969367351,1.4737090160010429,1.4623577881144016,0.36255198831440727,0.8333333333333334,1.0,3.51766197120317,5.356406215078662,True
D1,96,39,AutoETS,h1,1,ARIMA,8.255850315093994,4.930356979370117,0.6484620244923642,0.5111119037240132,1.0745114440118153,1.08031550085588,0.230260047818608,1.0,1.0,2.16000589757276,3.2890792546527603,True
D1,96,39,AutoETS,h1_6,1,ARIMA,8.255850315093994,4.930356979370117,1.1010592461164217,0.9532705047653292,1.8015146175114878,1.7888095736370888,0.40772177797111553,0.8333333333333334,1.0,3.541221205818828,5.392280279087894,True
D1,96,39,AutoETS,h1_12,1,ARIMA,8.255850315093994,4.930356979370117,1.7289923468816755,1.6594282923619599,2.794305352284854,2.742049507604451,0.6286998951435713,0.8333333333333334,0.9166666666666666,4.6714534737218925,7.113304980676187,True
D1,96,40,AutoETS,h1,1,ARIMA,8.255850315093994,4.930356979370117,0.3087970773804275,0.2495718269491805,0.5510604527985665,0.5495462866707338,0.16731569037231675,1.0,1.0,2.0480389006982853,3.118585124502722,True
D1,96,40,AutoETS,h1_6,1,ARIMA,8.255850315093994,4.930356979370117,0.5294792071786631,0.5983269616035977,0.9556325441242207,0.964004198057326,0.27871323842407786,1.0,1.0,2.9275680005375215,4.457859669722905,True
D1,96,40,AutoETS,h1_12,1,ARIMA,8.255850315093994,4.930356979370117,0.8979326536552277,0.9370415691539432,1.5967761533062432,1.5873762138475622,0.3910439354196572,1.0,1.0,3.7001298611274005,5.634253304322469,True
D1,96,41,AutoETS,h1,1,ARIMA,8.255850315093994,4.930356979370117,1.5069107507477633,1.2339121152266617,2.793405456659332,2.8329736773030856,0.51779168108719,0.0,1.0,2.03031272686269,3.091593165502735,True
D1,96,41,AutoETS,h1_6,1,ARIMA,8.255850315093994,4.930356979370117,1.1905461806253799,1.083592015297392,2.160364481126677,2.1450204197948075,0.4234960692866656,0.5,1.0,2.975186916233989,4.5303698364415785,True
D1,96,41,AutoETS,h1_12,1,ARIMA,8.255850315093994,4.930356979370117,0.9428824746487822,0.9143487577663162,1.7135848940989493,1.7039656477162324,0.4132519299582585,0.75,1.0,3.793776505294193,5.776850708775376,True
D1,96,42,AutoETS,h1,1,ARIMA,8.255850315093994,4.930356979370117,1.5883287793154637,1.3347444390130652,2.9482188992512293,2.9923291053571974,0.5483532713005358,0.0,0.0,2.0796083496477724,3.1666564838158044,True
D1,96,42,AutoETS,h1_6,1,ARIMA,8.255850315093994,4.930356979370117,1.5918769658649867,1.4024455981054857,2.9527761959957712,2.995344352401511,0.5607478094432371,0.3333333333333333,0.8333333333333334,3.173375264277042,4.832154745822983,True
D1,96,42,AutoETS,h1_12,1,ARIMA,8.255850315093994,4.930356979370117,2.1428548030384116,2.0596914118190703,4.0203185161881825,4.12810379426857,0.7575623475908128,0.4166666666666667,0.8333333333333334,4.100974857000146,6.244627082346844,True
D1,96,43,AutoETS,h1,1,ARIMA,8.255850315093994,4.930356979370117,0.9398404296220758,0.7500330164851068,1.6047658783206113,1.6177463994285057,0.3062793331086756,1.0,1.0,2.0597684458025576,3.13644591067574,True
D1,96,43,AutoETS,h1_6,1,ARIMA,8.255850315093994,4.930356979370117,0.6858439514664675,0.6367464878715541,1.1679317015829556,1.1742718507195258,0.30210904733401034,1.0,1.0,3.006247952968433,4.577667027465946,True
D1,96,43,AutoETS,h1_12,1,ARIMA,8.255850315093994,4.930356979370117,0.9076866222493156,0.9330551391345792,1.5554883104944126,1.5740815974123672,0.40478541420841097,1.0,1.0,3.827458891808071,5.8281394755581335,True
D1,96,44,AutoETS,h1,1,ARIMA,8.255850315093994,4.930356979370117,0.06177218019543071,0.049619148069197594,0.10598839539786939,0.10604459287906876,0.1630116226189089,1.0,1.0,2.177388558623605,3.315548140648512,True
D1,96,44,AutoETS,h1_6,1,ARIMA,8.255850315093994,4.930356979370117,0.7464446963706929,0.7183683567412923,1.291951637587518,1.3040882582042022,0.36560837953973435,1.0,1.0,3.93201835829159,5.987354027923459,True
D1,96,44,AutoETS,h1_12,1,ARIMA,8.255850315093994,4.930356979370117,1.99104712448403,2.1332164429249563,3.52188746558302,3.6384077533869332,0.750006072840598,0.8333333333333334,0.9166666666666666,5.311051048315701,8.087231540916918,True
D1,96,45,AutoETS,h1,1,ARIMA,8.255850315093994,4.930356979370117,0.39290617714001924,0.31852098972150245,0.677916834612486,0.6802225060531647,0.18403174134302944,1.0,1.0,2.0957329989622138,3.1912097730490734,True
D1,96,45,AutoETS,h1_6,1,ARIMA,8.255850315093994,4.930356979370117,0.5441691543889392,0.4826939631900147,0.9312839898748657,0.9268978505686617,0.2901963400126333,1.0,1.0,3.3972953792848575,5.1731218727179975,True
D1,96,45,AutoETS,h1_12,1,ARIMA,8.255850315093994,4.930356979370117,0.8876872687833239,0.8425255104301195,1.5267683365667264,1.5275158452693445,0.4106983566324794,1.0,1.0,4.467952572332109,6.80343055217745,True
D1,96,46,AutoETS,h1,1,ARIMA,8.255850315093994,4.930356979370117,0.10533216951776005,0.08250634311645891,0.1748095948473373,0.17465693630597268,0.1581688305117766,1.0,1.0,2.078291331440026,3.1646510368538308,True
D1,96,46,AutoETS,h1_6,1,ARIMA,8.255850315093994,4.930356979370117,0.48370848605030403,0.5583347519473538,0.7965399393740006,0.7897698698606244,0.27853684504171555,0.8333333333333334,1.0,2.8658874357641424,4.363937580788159,True
D1,96,46,AutoETS,h1_12,1,ARIMA,8.255850315093994,4.930356979370117,0.5802837421034784,0.5795051869938701,0.9588906886830442,0.9540402386292618,0.3253950581575894,0.9166666666666666,1.0,3.572048773733638,5.43922196300364,True
D1,96,47,AutoETS,h1,1,ARIMA,8.255850315093994,4.930356979370117,1.2939372860377298,1.0682590547489592,2.3671980428112978,2.3395076531232206,0.43553826755110836,0.0,1.0,2.0133629788130043,3.065783483804909,True
D1,96,47,AutoETS,h1_6,1,ARIMA,8.255850315093994,4.930356979370117,1.173312549454808,1.1685554301926313,2.138531105294611,2.1060475091891666,0.47074433233387186,0.6666666666666666,0.8333333333333334,3.0731617819549997,4.679557900549406,True
D1,96,47,AutoETS,h1_12,1,ARIMA,8.255850315093994,4.930356979370117,0.7558249410483652,0.8632964887764021,1.3838499131650195,1.3690214146892303,0.42425774270409927,0.8333333333333334,0.9166666666666666,3.9710528883830225,6.046792598569548,True
D1,96,48,AutoETS,h1,1,ARIMA,8.255850315093994,4.930356979370117,1.7295132939478568,1.3965456778397678,3.072378504951044,3.0258950306982664,0.6205337238182921,0.0,0.0,2.0661719191717784,3.1461965930419584,True
D1,96,48,AutoETS,h1_6,1,ARIMA,8.255850315093994,4.930356979370117,3.2268097755975718,2.823698096615736,5.629899889615867,5.451551676677596,1.2505817440468676,0.0,0.16666666666666666,3.1348980500354235,4.773564809896813,True
D1,96,48,AutoETS,h1_12,1,ARIMA,8.255850315093994,4.930356979370117,3.4650638643413747,3.0428115739959707,6.029566480370826,5.824438254756986,1.3171031635514991,0.16666666666666666,0.3333333333333333,4.043157729735489,6.156587918165168,True
D1,96,49,AutoETS,h1,1,ARIMA,8.255850315093994,4.930356979370117,0.17832518816052162,0.14059805509358161,0.3073098361784857,0.3068383639417047,0.16683681339453732,1.0,1.0,2.1412309315937526,3.2604902812718164,True
D1,96,49,AutoETS,h1_6,1,ARIMA,8.255850315093994,4.930356979370117,0.7617261657840517,0.7285231792305744,1.3022308114951489,1.2900180828787051,0.33927007501498774,1.0,1.0,3.374621904581351,5.138596571022294,True
D1,96,49,AutoETS,h1_12,1,ARIMA,8.255850315093994,4.930356979370117,1.2263447194568282,1.1949361123320976,2.1388441903686424,2.1624606045556636,0.48875452551885407,1.0,1.0,4.402975985101605,6.70448955144308,True
D1,96,50,AutoETS,h1,1,ARIMA,8.255850315093994,4.930356979370117,0.9677711732640712,0.769499253528014,1.4972276817400783,1.4861025126409309,0.3134552348849267,1.0,1.0,2.033224937403449,3.0960276400963194,True
D1,96,50,AutoETS,h1_6,1,ARIMA,8.255850315093994,4.930356979370117,1.291623771088964,1.0943964630081922,2.018635061241735,2.024526367526124,0.4363000977692501,0.5,1.0,2.682834242433077,4.085199239675434,True
D1,96,50,AutoETS,h1_12,1,ARIMA,8.255850315093994,4.930356979370117,0.9218319327640723,0.8918245624975973,1.4431553137509596,1.449770511169566,0.391003082835095,0.75,1.0,3.2817446109310433,4.997170670233416,True
D1,96,51,AutoETS,h1,1,ARIMA,8.255850315093994,4.930356979370117,0.9146125471378967,0.7210717758272068,1.416959442929732,1.4069911956259262,0.30112666074984135,1.0,1.0,2.144280834792845,3.2651344229161183,True
D1,96,51,AutoETS,h1_6,1,ARIMA,8.255850315093994,4.930356979370117,0.6164048085155611,0.5712841356957199,0.9600903537861747,0.9584967548125998,0.31246719054520317,1.0,1.0,3.3368290126740634,5.081048664840525,True
D1,96,51,AutoETS,h1_12,1,ARIMA,8.255850315093994,4.930356979370117,0.5288766970958629,0.506945968496606,0.8241392431335738,0.8231414174092835,0.36584630390195155,1.0,1.0,4.3373720804704075,6.604593323386867,True
D1,96,52,AutoETS,h1,1,ARIMA,8.255850315093994,4.930356979370117,1.0258367240293786,0.8054409820984715,1.7297715264353333,1.7448625946037715,0.33269173616947423,1.0,1.0,2.1747802153492617,3.3115763701258976,True
D1,96,52,AutoETS,h1_6,1,ARIMA,8.255850315093994,4.930356979370117,1.6746674451886323,1.4073275269381287,2.8453150846258417,2.892673718176816,0.5557220106131335,0.5,1.0,3.353007543306045,5.105684000110769,True
D1,96,52,AutoETS,h1_12,1,ARIMA,8.255850315093994,4.930356979370117,1.8699077215434945,1.5747544608387842,3.183359193536813,3.2430765854928274,0.6398411963266885,0.5,1.0,4.3469565284049345,6.619187732089263,True
D1,96,53,AutoETS,h1,1,ARIMA,8.255850315093994,4.930356979370117,0.31565093685650225,0.2629835156830836,0.576353323463718,0.5746971803144207,0.16696052591486052,1.0,1.0,2.021565886341805,3.078274196451161,True
D1,96,53,AutoETS,h1_6,1,ARIMA,8.255850315093994,4.930356979370117,1.195792568493767,1.2023564289902915,2.155442030383886,2.1223644253702862,0.43035272945077524,0.6666666666666666,1.0,3.1714318425445485,4.82919546311428,True
D1,96,53,AutoETS,h1_12,1,ARIMA,8.255850315093994,4.930356979370117,1.0626865481764105,1.099192873259588,1.9179792855360582,1.8909256427803847,0.4591411271204636,0.8333333333333334,1.0,4.132306917650862,6.292336966290957,True
D1,96,54,AutoETS,h1,1,ARIMA,8.255850315093994,4.930356979370117,1.6028944893513897,1.2363782895389226,2.952589186636445,2.9968312442664216,0.5498212639296157,0.0,1.0,2.1879496032682386,3.3316296304662796,True
D1,96,54,AutoETS,h1_6,1,ARIMA,8.255850315093994,4.930356979370117,0.8184922932851382,0.7120571272945034,1.487600332116229,1.489758835807969,0.378150665763653,0.8333333333333334,1.0,3.6955791653050856,5.62732387915737,True
D1,96,54,AutoETS,h1_12,1,ARIMA,8.255850315093994,4.930356979370117,1.0341983818110676,0.9747088099752785,1.8614660467129607,1.8465342865457142,0.4846044631357942,0.9166666666666666,1.0,4.914331992287516,7.483140404603815,True
D1,96,55,AutoETS,h1,1,ARIMA,8.255850315093994,4.930356979370117,1.2803933803107765,1.0284761813054708,2.0541782090296685,2.0754953961077987,0.4277624914392017,0.0,1.0,2.0880150547530754,3.1794575226430166,True
D1,96,55,AutoETS,h1_6,1,ARIMA,8.255850315093994,4.930356979370117,0.8240018358119808,0.7829649988587895,1.308309982929251,1.3083180200035673,0.35271144174539415,0.8333333333333334,1.0,3.268659211742678,4.977245301021388,True
D1,96,55,AutoETS,h1_12,1,ARIMA,8.255850315093994,4.930356979370117,0.8594900771433353,0.861555388909686,1.3563832361813106,1.3482268215751965,0.42000095112029306,0.9166666666666666,1.0,4.256998569666307,6.482207154299816,True
D1,96,56,AutoETS,h1,1,ARIMA,8.255850315093994,4.930356979370117,0.8303257943737564,0.6949581076519118,1.4650852001096561,1.454430874366571,0.27517869251865607,1.0,1.0,2.0287935434390745,3.089279877984278,True
D1,96,56,AutoETS,h1_6,1,ARIMA,8.255850315093994,4.930356979370117,0.9892668521451002,0.97613972754044,1.7373224551667608,1.7168431243876365,0.37608924335594807,0.8333333333333334,1.0,3.2833440435216783,4.999606154580468,True
D1,96,56,AutoETS,h1_12,1,ARIMA,8.255850315093994,4.930356979370117,1.234882912289858,1.208436205862213,2.1972719779135725,2.2007721853170636,0.4875009005201337,0.8333333333333334,1.0,4.316131656856793,6.572250153978828,True
D1,96,57,AutoETS,h1,1,ARIMA,8.255850315093994,4.930356979370117,0.07302339728860531,0.06060743116881893,0.14727525834887362,0.1471668881415164,0.15035422486040773,1.0,1.0,1.996155834776395,3.039581860676825,True
D1,96,57,AutoETS,h1_6,1,ARIMA,8.255850315093994,4.930356979370117,1.1902560415998271,1.291460496910257,2.3540877149743595,2.3079668857161244,0.46279826088707066,0.6666666666666666,0.8333333333333334,2.9565710764767306,4.50202316737816,True
D1,96,57,AutoETS,h1_12,1,ARIMA,8.255850315093994,4.930356979370117,1.3489514182415303,1.289890684892766,2.6743656748874844,2.627971946109441,0.49813665298661014,0.8333333333333334,0.9166666666666666,3.7832272697334526,5.760787200858911,True
D1,96,58,AutoETS,h1,1,ARIMA,8.255850315093994,4.930356979370117,0.053452274785249235,0.04289841927717345,0.08429694827332,0.0843324931323767,0.15890772014747795,1.0,1.0,2.1276995464787984,3.2398858013867042,True
D1,96,58,AutoETS,h1_6,1,ARIMA,8.255850315093994,4.930356979370117,1.1122380451053073,1.1094231276690103,1.7669915408595578,1.7814185419829833,0.44285332386555715,0.8333333333333334,1.0,3.6423274355992596,5.54623652673549,True
D1,96,58,AutoETS,h1_12,1,ARIMA,8.255850315093994,4.930356979370117,1.3274714713015336,1.3161736263170627,2.1004978839976514,2.10963232429187,0.5551129123976336,0.8333333333333334,1.0,4.857987086152007,7.397343017622643,True
D1,96,59,AutoETS,h1,1,ARIMA,8.255850315093994,4.930356979370117,0.6329550156298361,0.5138356149330933,1.0680275304440732,1.0737615650068735,0.222563892569237,1.0,1.0,2.0696398209321236,3.1514772285022628,True
D1,96,59,AutoETS,h1_6,1,ARIMA,8.255850315093994,4.930356979370117,0.7883492698513507,0.7102398494559286,1.3340555910460536,1.3451581615823054,0.3356444930292697,0.8333333333333334,1.0,3.2188542101759046,4.901406342611464,True
D1,96,59,AutoETS,h1_12,1,ARIMA,8.255850315093994,4.930356979370117,1.20350692807131,1.16212472099697,2.0455516013689596,2.0722271363302665,0.48200682018756147,0.75,1.0,4.183312305758219,6.370003774556593,True
D1,96,60,AutoETS,h1,1,ARIMA,8.255850315093994,4.930356979370117,0.12454946246383398,0.10088862965803419,0.23131920178213233,0.2315870544450188,0.16167846370987868,1.0,1.0,2.1116113027337007,3.2153879475589675,True
D1,96,60,AutoETS,h1_6,1,ARIMA,8.255850315093994,4.930356979370117,1.098071077718147,1.2593118576787456,2.0022403350267117,1.9694142967049868,0.46039488095142933,0.8333333333333334,1.0,3.81184655394123,5.804366292044074,True
D1,96,60,AutoETS,h1_12,1,ARIMA,8.255850315093994,4.930356979370117,1.2848890852870838,1.2874973867497947,2.3439344245939386,2.3060367029766677,0.5467066834310048,0.9166666666666666,1.0,5.146461444861712,7.836608035277252,True
D1,96,61,AutoETS,h1,1,ARIMA,8.255850315093994,4.930356979370117,0.34138544237706786,0.2619514589108517,0.5508938334098016,0.5493805815369825,0.18299161006766765,1.0,1.0,2.229146154898921,3.394360349620309,True
D1,96,61,AutoETS,h1_6,1,ARIMA,8.255850315093994,4.930356979370117,0.5430387342804328,0.4585314923335818,0.8744991382225368,0.8703312906062721,0.3308684115810602,1.0,1.0,4.024018567139835,6.127444376142659,True
D1,96,61,AutoETS,h1_12,1,ARIMA,8.255850315093994,4.930356979370117,0.6968166251502114,0.6179074079588611,1.123293384842976,1.1191835129963552,0.44745264305174043,1.0,1.0,5.4329197453608,8.272803165370831,True
D1,96,62,AutoETS,h1,1,ARIMA,8.255850315093994,4.930356979370117,1.2866896425771726,1.0403840695188626,2.555894887283479,2.588980699954931,0.4293622145744673,0.0,1.0,2.113273706477972,3.2179193191974647,True
D1,96,62,AutoETS,h1_6,1,ARIMA,8.255850315093994,4.930356979370117,0.9449447093944605,0.8769352678751525,1.847022620740528,1.8412777324534015,0.40134693770230523,0.8333333333333334,1.0,3.6663083076842944,5.582752625590593,True
D1,96,62,AutoETS,h1_12,1,ARIMA,8.255850315093994,4.930356979370117,1.2805947018840225,1.252751393807213,2.5424892889061335,2.575583241549592,0.5444845252672574,0.8333333333333334,1.0,4.90564608401903,7.4699142181726605,True
D1,96,63,AutoETS,h1,1,ARIMA,8.255850315093994,4.930356979370117,1.0318025761345235,0.824128285925793,1.5540463906934632,1.5662162542784976,0.33288227253219344,1.0,1.0,2.107963616247964,3.209833550711612,True
D1,96,63,AutoETS,h1_6,1,ARIMA,8.255850315093994,4.930356979370117,1.2214897958376763,1.1527255249362758,1.8485500592667514,1.872289955983269,0.4564348534140122,0.6666666666666666,0.8333333333333334,3.050859010667849,4.6455970755144955,True
D1,96,63,AutoETS,h1_12,1,ARIMA,8.255850315093994,4.930356979370117,1.7778736855893187,1.6120254965920715,2.7031863230349793,2.751197997449372,0.6184115938714673,0.5833333333333334,0.9166666666666666,3.873181244046947,5.897761711493603,True
D1,96,64,AutoETS,h1,1,ARIMA,8.255850315093994,4.930356979370117,1.6824397800734054,1.3699622362881492,3.4674473656543836,3.528623954837312,0.6021216336604693,0.0,0.0,2.0228162731992354,3.080178182675305,True
D1,96,64,AutoETS,h1_6,1,ARIMA,8.255850315093994,4.930356979370117,0.8377404853133193,0.7772489762420004,1.7131859056519416,1.7297608247129523,0.340042770824465,0.8333333333333334,0.8333333333333334,2.8048670606522985,4.271020774349335,True
D1,96,64,AutoETS,h1_12,1,ARIMA,8.255850315093994,4.930356979370117,0.632537963096533,0.6320341165773832,1.2883043445762798,1.2954967650574551,0.3391489302946585,0.9166666666666666,0.9166666666666666,3.5037157103084158,5.3351699964921915,True
D1,96,65,AutoETS,h1,1,ARIMA,8.255850315093994,4.930356979370117,0.33760252894412274,0.26221403900429013,0.5462485621801181,0.5477445856418622,0.18083929874188748,1.0,1.0,2.2022426460127695,3.3533938999202326,True
D1,96,65,AutoETS,h1_6,1,ARIMA,8.255850315093994,4.930356979370117,1.5998350722385462,1.4870448900900066,2.630086283759179,2.680694352023467,0.573415560188022,0.6666666666666666,1.0,3.9754527882468116,6.053492404056561,True
D1,96,65,AutoETS,h1_12,1,ARIMA,8.255850315093994,4.930356979370117,1.3536473933661337,1.236979918888198,2.213929928686471,2.2448314915739944,0.5755580517030972,0.8333333333333334,1.0,5.36734997357809,8.17295891200783,True
D1,96,66,AutoETS,h1,1,ARIMA,8.255850315093994,4.930356979370117,0.5523485925928047,0.4375344371142125,1.0557329545623557,1.0613353882886538,0.21310277703954442,1.0,1.0,2.139881369345815,3.2584352789232223,True
D1,96,66,AutoETS,h1_6,1,ARIMA,8.255850315093994,4.930356979370117,1.0183359267524161,1.0183359335233644,1.9362676400374719,1.9374565105068107,0.4102942002119001,0.8333333333333334,1.0,3.5344702709909437,5.382000511001685,True
D1,96,66,AutoETS,h1_12,1,ARIMA,8.255850315093994,4.930356979370117,1.1800304943786997,1.213603520802615,2.271852328459592,2.302134416599535,0.5138232230821055,0.9166666666666666,1.0,4.673194983170279,7.115956807972084,True
D1,96,67,AutoETS,h1,1,ARIMA,8.255850315093994,4.930356979370117,1.617246283609806,1.293876157117926,2.609413268470478,2.5758065495336466,0.5575106294978566,0.0,1.0,2.1252179688960964,3.2361070592289636,True
D1,96,67,AutoETS,h1_6,1,ARIMA,8.255850315093994,4.930356979370117,1.756817092400014,1.487709067493343,2.8446328141492323,2.81872551893169,0.6076795512618491,0.3333333333333333,1.0,3.489241819612845,5.313130346658638,True
D1,96,67,AutoETS,h1_12,1,ARIMA,8.255850315093994,4.930356979370117,1.5358477751598174,1.3234134975067666,2.50014869872327,2.4906120435334334,0.5836891806486941,0.6666666666666666,1.0,4.6046612599312935,7.011599293206606,True
D1,96,68,AutoETS,h1,1,ARIMA,8.255850315093994,4.930356979370117,0.05077620521888548,0.04229317663567677,0.09570692983930197,0.09566115266317057,0.15364304631744796,1.0,1.0,2.057894191309566,3.133591950148232,True
D1,96,68,AutoETS,h1_6,1,ARIMA,8.255850315093994,4.930356979370117,1.5483235525098273,1.5448269324319328,2.9811259533029566,3.0454646146908733,0.5844646066442895,0.5,0.6666666666666666,2.7616484511963475,4.205211031914728,True
D1,96,68,AutoETS,h1_12,1,ARIMA,8.255850315093994,4.930356979370117,1.1466620092778184,1.198851998338825,2.199328810205627,2.2379305039389825,0.47424504807596285,0.75,0.8333333333333334,3.403757187808951,5.182961383058231,True
D1,96,69,AutoETS,h1,1,ARIMA,8.255850315093994,4.930356979370117,1.8625462679495204,1.4590528866043315,3.0820025447794617,3.0352296177499847,0.6829115410456686,0.0,0.0,2.101185844802293,3.1995129180319424,True
D1,96,69,AutoETS,h1_6,1,ARIMA,8.255850315093994,4.930356979370117,0.9536522472887248,0.8388417510773776,1.602452766222243,1.602549587054821,0.4114794971132431,0.8333333333333334,0.8333333333333334,3.6613720865682673,5.575236154229402,True
D1,96,69,AutoETS,h1_12,1,ARIMA,8.255850315093994,4.930356979370117,0.7970897367385446,0.7306887724123212,1.3424842611461858,1.3456253733855048,0.45369221544603033,0.9166666666666666,0.9166666666666666,4.905495170303978,7.469684419184623,True
D1,96,70,AutoETS,h1,1,ARIMA,8.255850315093994,4.930356979370117,0.031021256989907427,0.0247730004860445,0.052813970973757354,0.05280002807800573,0.15271227755783348,1.0,1.0,2.0601691180447035,3.1370560213986063,True
D1,96,70,AutoETS,h1_6,1,ARIMA,8.255850315093994,4.930356979370117,1.6587245287788184,1.6887675055491886,2.891395099125445,2.961905319287121,0.6517039644257825,0.6666666666666666,0.6666666666666666,2.7309907298396774,4.158527976362678,True
D1,96,70,AutoETS,h1_12,1,ARIMA,8.255850315093994,4.930356979370117,1.9312190875181985,1.8575711043938017,3.3695249459235352,3.455128650604064,0.7378039595030226,0.6666666666666666,0.6666666666666666,3.34784367235425,5.0978208823107956,True
D1,96,71,AutoETS,h1,1,ARIMA,8.255850315093994,4.930356979370117,0.5928599579332329,0.4938575707874361,1.161567263076803,1.1683528652769413,0.21388347302203461,1.0,1.0,2.034319885350041,3.0976949367366244,True
D1,96,71,AutoETS,h1_6,1,ARIMA,8.255850315093994,4.930356979370117,0.9547419514946711,0.8970816825263143,1.8804769335001879,1.9017742040847094,0.38058295181135293,0.8333333333333334,1.0,3.242291018565613,4.9370939860370955,True
D1,96,71,AutoETS,h1_12,1,ARIMA,8.255850315093994,4.930356979370117,1.1695828359919902,1.220588482812719,2.3190937348797296,2.361789251634182,0.48585591028469555,0.8333333333333334,1.0,4.243991450679264,6.462400983737429,True
D1,96,72,AutoETS,h1,1,ARIMA,8.255850315093994,4.930356979370117,0.04524010653333967,0.03710659771523706,0.0846977900023141,0.0847336737768525,0.1515784799520652,1.0,1.0,2.033920715580838,3.097087113855943,True
D1,96,72,AutoETS,h1_6,1,ARIMA,8.255850315093994,4.930356979370117,1.0112784777641768,0.9809032298441154,1.8730052691127546,1.8542105316258835,0.37367060848368366,1.0,1.0,3.0733966687357546,4.67991556681255,True
D1,96,72,AutoETS,h1_12,1,ARIMA,8.255850315093994,4.930356979370117,0.9386994754608977,0.894589266572744,1.7421101776413688,1.7280956779476724,0.4062092995895357,1.0,1.0,3.9586728203783172,6.027941249649052,True
D1,96,73,AutoETS,h1,1,ARIMA,8.255850315093994,4.930356979370117,1.795561293249676,1.4321623144696958,3.2427786945382744,3.2962233081183077,0.6442067471690529,0.0,0.0,2.145282939540232,3.2666603455718364,True
D1,96,73,AutoETS,h1_6,1,ARIMA,8.255850315093994,4.930356979370117,2.6773623536850097,2.229718855032722,4.885110772781085,5.019584118485474,0.9771069016750796,0.16666666666666666,0.3333333333333333,3.2907147586803185,5.0108296731585735,True
D1,96,73,AutoETS,h1_12,1,ARIMA,8.255850315093994,4.930356979370117,2.0519763641383406,1.798454780144967,3.729094221511522,3.8158362000897816,0.7690809205640494,0.5833333333333334,0.6666666666666666,4.2595617594493245,6.486110168801083,True
D1,96,74,AutoETS,h1,1,ARIMA,8.255850315093994,4.930356979370117,2.426588863849592,1.9511006215208146,3.943363965311751,4.022678390354564,0.9720044667588598,0.0,0.0,2.0413585422777234,3.108412824362523,True
D1,96,74,AutoETS,h1_6,1,ARIMA,8.255850315093994,4.930356979370117,1.2260578084366496,1.3485722334776473,1.98737997354147,2.022550068631414,0.5567563916943029,0.6666666666666666,0.6666666666666666,2.9043465056120468,4.422499887924507,True
D1,96,74,AutoETS,h1_12,1,ARIMA,8.255850315093994,4.930356979370117,0.9347213944542649,1.0479528250317145,1.5100325146254543,1.5313616304478193,0.4690015769182155,0.8333333333333334,0.8333333333333334,3.663943323382131,5.579151422087132,True
D1,96,75,AutoETS,h1,1,ARIMA,8.255850315093994,4.930356979370117,0.118601695296535,0.09190586498249466,0.18135562287459664,0.18152022143871344,0.16462883625402497,1.0,1.0,2.1563762645263074,3.283552348097332,True
D1,96,75,AutoETS,h1_6,1,ARIMA,8.255850315093994,4.930356979370117,0.7698435336214144,0.76338109066994,1.1854921170467956,1.1951385342383138,0.34513327676529554,0.8333333333333334,1.0,3.240937613491896,4.935033132149566,True
D1,96,75,AutoETS,h1_12,1,ARIMA,8.255850315093994,4.930356979370117,0.7297198908527737,0.7677380264565833,1.1142203401806647,1.1138999499452689,0.3958158592317939,0.9166666666666666,1.0,4.16721761675966,6.345496106427199,True
D1,96,76,AutoETS,h1,1,ARIMA,8.255850315093994,4.930356979370117,0.18906935726728552,0.15065375027631778,0.2998386707560866,0.29938982751648446,0.16517226794279502,1.0,1.0,2.1103746412561932,3.213504861213999,True
D1,96,76,AutoETS,h1_6,1,ARIMA,8.255850315093994,4.930356979370117,1.8283886288730167,1.7397921294857008,2.865597626259793,2.83002343629211,0.6517720183368492,0.6666666666666666,0.8333333333333334,3.8107322746112846,5.80266955916379,True
D1,96,76,AutoETS,h1_12,1,ARIMA,8.255850315093994,4.930356979370117,1.5728861022175396,1.519946532972754,2.4634023535445975,2.4305683054129736,0.6447670453143924,0.8333333333333334,0.9166666666666666,5.146786403511255,7.83710285557105,True
D1,96,77,AutoETS,h1,1,ARIMA,8.255850315093994,4.930356979370117,0.6146886803295665,0.4873231757203443,1.1370077614997085,1.143508652566258,0.21565744882285726,1.0,1.0,2.0013647124905827,3.047513511071395,True
D1,96,77,AutoETS,h1_6,1,ARIMA,8.255850315093994,4.930356979370117,1.2785050315769055,1.380423826446594,2.395106962314138,2.4420900387519238,0.5379971254506972,0.8333333333333334,0.8333333333333334,3.0721547796772697,4.67802452033743,True
D1,96,77,AutoETS,h1_12,1,ARIMA,8.255850315093994,4.930356979370117,1.7666999869178506,1.7436106046440658,3.216750615477546,3.1889196775918323,0.6823535720240735,0.75,0.8333333333333334,3.977485028623153,6.056586932488079,True
D1,96,78,AutoETS,h1,1,ARIMA,8.255850315093994,4.930356979370117,0.12476254709425807,0.10010105631421241,0.2309964442874976,0.23126354957572412,0.16304421236342678,1.0,1.0,2.130084748913852,3.2435177913993645,True
D1,96,78,AutoETS,h1_6,1,ARIMA,8.255850315093994,4.930356979370117,0.12163387401885727,0.15349407854603458,0.22445069405974816,0.22396203743595958,0.2767418892312842,1.0,1.0,3.6838053940204243,5.609395748995816,True
D1,96,78,AutoETS,h1_12,1,ARIMA,8.255850315093994,4.930356979370117,0.5909706431036619,0.7117312264764091,1.0851968332598703,1.0778748991390106,0.41475283227358434,1.0,1.0,4.9253671702210715,7.499943865582068,True
D1,96,79,AutoETS,h1,1,ARIMA,8.255850315093994,4.930356979370117,0.4191301629970142,0.34847596733522396,0.7430037487726223,0.7457743143290463,0.1827134890339317,1.0,1.0,1.9951618143593497,3.038068248174139,True
D1,96,79,AutoETS,h1_6,1,ARIMA,8.255850315093994,4.930356979370117,1.0268119704768965,1.0364300363406693,1.792155786274505,1.7715108316379347,0.3823760818111382,0.5,0.8333333333333334,2.303785100027106,3.5080143939385007,True
D1,96,79,AutoETS,h1_12,1,ARIMA,8.255850315093994,4.930356979370117,0.913866671486854,0.8770971220289283,1.6058448063025306,1.598090018614198,0.34215057661699544,0.75,0.9166666666666666,2.6188478882649466,3.987766084371665,True
D1,96,80,AutoETS,h1,1,ARIMA,8.255850315093994,4.930356979370117,0.1354112234359495,0.11363515243734579,0.2257334048180582,0.22547891420296962,0.15219256614831855,1.0,1.0,1.973947361941776,3.005764625566509,True
D1,96,80,AutoETS,h1_6,1,ARIMA,8.255850315093994,4.930356979370117,1.9378049887537963,1.8466713044692398,3.1680198125661216,3.1047923011104355,0.6907715895512391,0.3333333333333333,0.6666666666666666,3.1470766662417455,4.792109404594266,True
D1,96,80,AutoETS,h1_12,1,ARIMA,8.255850315093994,4.930356979370117,2.194656519775693,2.0187728694403195,3.5839437329958224,3.5087626342749014,0.7561834201127751,0.4166666666666667,0.8333333333333334,4.1204591739652745,6.2742961970437525,True
D1,96,81,AutoETS,h1,1,ARIMA,8.255850315093994,4.930356979370117,1.2629101207240934,1.0097630357537923,1.9198884964168816,1.9016338714459526,0.42118393281313005,0.0,1.0,2.081453973676636,3.169466848228263,True
D1,96,81,AutoETS,h1_6,1,ARIMA,8.255850315093994,4.930356979370117,1.6005229057339656,1.5515718502836282,2.420052015842635,2.385394934804095,0.6130359660432856,0.5,0.8333333333333334,3.1809484747608416,4.843686607620857,True
D1,96,81,AutoETS,h1_12,1,ARIMA,8.255850315093994,4.930356979370117,1.6127362996111478,1.4512611866321419,2.4739965298720747,2.474022067029075,0.599562257052521,0.75,0.9166666666666666,4.11189228629758,6.261251245390424,True
D1,96,82,AutoETS,h1,1,ARIMA,8.255850315093994,4.930356979370117,1.1283277290996794,0.9229340358213691,1.657703537722313,1.6440765799083112,0.36778342687658366,0.0,1.0,2.113083233955704,3.217629283312719,True
D1,96,82,AutoETS,h1_6,1,ARIMA,8.255850315093994,4.930356979370117,0.7780306067486444,0.703572170066456,1.1449193369024544,1.1373471137525293,0.34037077244807146,0.8333333333333334,1.0,3.362927061304249,5.120788625936423,True
D1,96,82,AutoETS,h1_12,1,ARIMA,8.255850315093994,4.930356979370117,2.118244471312652,2.1093049121178686,3.2051179252114945,3.2764400167505823,0.7574084621887591,0.5,0.9166666666666666,4.400768967049622,6.701128885947874,True
D1,96,83,AutoETS,h1,1,ARIMA,8.255850315093994,4.930356979370117,0.8374852846519933,0.7012567978654715,1.4475531479960964,1.4581065818595194,0.27374566953262963,1.0,1.0,1.8729064077962134,2.8519077742847885,True
D1,96,83,AutoETS,h1_6,1,ARIMA,8.255850315093994,4.930356979370117,1.5685403238338211,1.535514312823443,2.742300422429672,2.7952914490604592,0.582328206645052,0.5,0.6666666666666666,2.2697959730450004,3.4562585480094548,True
D1,96,83,AutoETS,h1_12,1,ARIMA,8.255850315093994,4.930356979370117,2.504066477412333,2.4995340739903136,4.432883262749005,4.578967890670638,1.015705929840461,0.3333333333333333,0.4166666666666667,2.658819979953954,4.048632296675589,True
D1,96,84,AutoETS,h1,1,ARIMA,8.255850315093994,4.930356979370117,1.9240527175482276,1.5192057003806165,3.3502211975940077,3.4072971940236103,0.7100488080530426,0.0,0.0,2.1317775286383562,3.246095417081237,True
D1,96,84,AutoETS,h1_6,1,ARIMA,8.255850315093994,4.930356979370117,1.8468521563536964,1.6090968437313078,3.2249123343696167,3.2895986793419345,0.6546370755453021,0.5,0.8333333333333334,3.6521771070928177,5.561234796050873,True
D1,96,84,AutoETS,h1_12,1,ARIMA,8.255850315093994,4.930356979370117,1.4706607050587481,1.3315134815915328,2.546200340953546,2.575422212770755,0.6015250894290265,0.75,0.9166666666666666,4.873448540395991,7.42088644797059,True
D1,96,85,AutoETS,h1,1,ARIMA,8.255850315093994,4.930356979370117,0.6364109226501385,0.5125478833890746,1.0772289255205882,1.0714578983178606,0.2228160806302976,1.0,1.0,2.0639156041861564,3.1427608622323935,True
D1,96,85,AutoETS,h1_6,1,ARIMA,8.255850315093994,4.930356979370117,3.334509233219956,2.9900412082339023,5.880408044922745,6.103457422541181,1.3702773742070498,0.16666666666666666,0.16666666666666666,2.7219673075735575,4.144787851386712,True
D1,96,85,AutoETS,h1_12,1,ARIMA,8.255850315093994,4.930356979370117,2.5537224648811376,2.4062976664901385,4.476594757756405,4.617270100275165,1.0145958573714258,0.3333333333333333,0.5,3.3291124387267272,5.069298500956387,True
D1,96,86,AutoETS,h1,1,ARIMA,8.255850315093994,4.930356979370117,1.8633167474478864,1.4511052963224036,3.0834826506837865,3.1317663872898005,0.6756124693303007,0.0,0.0,2.1661965668142678,3.298505896402933,True
D1,96,86,AutoETS,h1_6,1,ARIMA,8.255850315093994,4.930356979370117,1.7046680067842772,1.4254248913411822,2.793395808101417,2.8102470252976977,0.6188524650358682,0.3333333333333333,0.8333333333333334,3.73282006367054,5.684031254991891,True
D1,96,86,AutoETS,h1_12,1,ARIMA,8.255850315093994,4.930356979370117,2.53951790431918,2.134105592699863,4.071006216964811,4.008215433717631,0.8742776513541382,0.3333333333333333,0.9166666666666666,4.987989591421769,7.595300135987993,True
D1,96,87,AutoETS,h1,1,ARIMA,8.255850315093994,4.930356979370117,0.5720349959314468,0.4408708241953129,0.8493451180307212,0.8529674366716024,0.21962047851866381,1.0,1.0,2.1971000215210497,3.345563134481488,True
D1,96,87,AutoETS,h1_6,1,ARIMA,8.255850315093994,4.930356979370117,1.019189251488331,0.8415703575403702,1.5103112606003226,1.514000284409168,0.37266681007702707,1.0,1.0,3.504227395565635,5.335949148700216,True
D1,96,87,AutoETS,h1_12,1,ARIMA,8.255850315093994,4.930356979370117,0.9398612244956976,0.8044491093907271,1.3949689389494166,1.4005866427897238,0.4317188983983065,1.0,1.0,4.587781119927836,6.9858956049141865,True
D1,96,88,AutoETS,h1,1,ARIMA,8.255850315093994,4.930356979370117,0.197809632123495,0.1538053317682687,0.35896139870005833,0.3596068235418617,0.1569538524719704,1.0,1.0,1.9916130182989253,3.032664433529726,True
D1,96,88,AutoETS,h1_6,1,ARIMA,8.255850315093994,4.930356979370117,1.1370876602315798,0.9885773823187065,2.0433116314680273,2.02760109287692,0.411076747377992,0.6666666666666666,0.8333333333333334,2.7386066223833856,4.170124830889472,True
D1,96,88,AutoETS,h1_12,1,ARIMA,8.255850315093994,4.930356979370117,1.9199988186782686,1.7929955127404322,3.398145327498759,3.323202075951847,0.7037643232533995,0.5,0.75,3.409868002741974,5.19226642923788,True
D1,96,89,AutoETS,h1,1,ARIMA,8.255850315093994,4.930356979370117,0.06498286850141329,0.052221659780264856,0.11922535090564705,0.11915431982768014,0.15960279306055788,1.0,1.0,2.1284429590231153,3.241017808840882,True
D1,96,89,AutoETS,h1_6,1,ARIMA,8.255850315093994,4.930356979370117,0.7332389179443115,0.699325435552841,1.358504988724495,1.3712052300676671,0.3612721571073119,1.0,1.0,3.8422307875077193,5.850632902891915,True
D1,96,89,AutoETS,h1_12,1,ARIMA,8.255850315093994,4.930356979370117,1.3994182128310664,1.3972975130886478,2.531882572804821,2.4970445390657705,0.5614534989636815,0.9166666666666666,1.0,5.187483895364056,7.8990736475581675,True
D1,96,90,AutoETS,h1,1,ARIMA,8.255850315093994,4.930356979370117,1.3125741021470174,1.0539120696948847,2.836137777803991,2.87693469364865,0.44203136139749677,0.0,1.0,2.035816520046097,3.09997388890807,True
D1,96,90,AutoETS,h1_6,1,ARIMA,8.255850315093994,4.930356979370117,0.9271305105791083,0.8133396095169891,1.9696282731845194,1.9645921248793834,0.34428873353032435,0.6666666666666666,1.0,2.7547987682161876,4.194780898267261,True
D1,96,90,AutoETS,h1_12,1,ARIMA,8.255850315093994,4.930356979370117,1.2259856736408337,1.1633279633369225,2.5775923844209876,2.5451325634879964,0.45623264626569293,0.6666666666666666,1.0,3.4070053483060794,5.18790741460328,True
D1,96,91,AutoETS,h1,1,ARIMA,8.255850315093994,4.930356979370117,1.425603362390517,1.1237169565395875,2.162197326292888,2.1858282866788503,0.4830939860964946,0.0,1.0,2.121910173370702,3.231070220369685,True
D1,96,91,AutoETS,h1_6,1,ARIMA,8.255850315093994,4.930356979370117,1.122702891937553,0.9584387504036856,1.6891442830848629,1.694077853851592,0.42255757584153164,0.6666666666666666,1.0,3.2552620936320285,4.956845271882863,True
D1,96,91,AutoETS,h1_12,1,ARIMA,8.255850315093994,4.930356979370117,0.9814988967373148,0.9012582264413712,1.4791001855606891,1.4858363593184627,0.4446240832333825,0.8333333333333334,1.0,4.212991966041809,6.415197519181826,True
D1,96,92,AutoETS,h1,1,ARIMA,8.255850315093994,4.930356979370117,0.5605441900040926,0.4415635822722921,0.9498074432640051,0.9543396377205493,0.2165807165935482,1.0,1.0,2.177218357235353,3.315288971978724,True
D1,96,92,AutoETS,h1_6,1,ARIMA,8.255850315093994,4.930356979370117,0.6710023091019462,0.5766289875631656,1.1328636509360246,1.1342486024367548,0.3384837837538108,1.0,1.0,3.8166068759300553,5.811614918687408,True
D1,96,92,AutoETS,h1_12,1,ARIMA,8.255850315093994,4.930356979370117,1.3200482446312136,1.2785353004879387,2.2612153936908506,2.297927380103523,0.5415647830295034,0.9166666666666666,1.0,5.120739911494142,7.7974414006434305,True
D1,96,93,AutoETS,h1,1,ARIMA,8.255850315093994,4.930356979370117,0.24723061354504602,0.19720093074563233,0.3856468555899123,0.386391909714947,0.1751170405357629,1.0,1.0,2.2019783062535745,3.3529913850849167,True
D1,96,93,AutoETS,h1_6,1,ARIMA,8.255850315093994,4.930356979370117,1.6233237732948376,1.5444824347217296,2.573664711900364,2.6219756287640807,0.6064336154687475,0.5,0.8333333333333334,3.4743345619594423,5.290430801279315,True
D1,96,93,AutoETS,h1_12,1,ARIMA,8.255850315093994,4.930356979370117,3.1342829317491465,2.906091458935914,5.0467769695283415,5.227503466268841,1.1531828579586987,0.25,0.6666666666666666,4.535409911308403,6.906149037553037,True
D1,96,94,AutoETS,h1,1,ARIMA,8.255850315093994,4.930356979370117,0.8481936645622532,0.7074034142460462,1.6286820575157142,1.615526165122801,0.27585775888654324,1.0,1.0,1.8336148994195414,2.7920778982502097,True
D1,96,94,AutoETS,h1_6,1,ARIMA,8.255850315093994,4.930356979370117,1.1096692245979547,1.0532113273264772,2.173753957703628,2.200285841191736,0.3934496306879512,0.5,0.8333333333333334,2.1822422010136617,3.322938867920401,True
D1,96,94,AutoETS,h1_12,1,ARIMA,8.255850315093994,4.930356979370117,0.8106119804137002,0.859254148812433,1.5870384199085523,1.6054133104095283,0.3367513878067215,0.75,0.9166666666666666,2.529075371604885,3.851067882521209,True
D1,96,95,AutoETS,h1,1,ARIMA,8.255850315093994,4.930356979370117,0.30930528646724004,0.24972370828281776,0.5452519298493047,0.5437694730763646,0.17106852637644898,1.0,1.0,2.0996839578576876,3.197225968168582,True
D1,96,95,AutoETS,h1_6,1,ARIMA,8.255850315093994,4.930356979370117,0.4855203753553455,0.4888432432210802,0.8622519809987643,0.8663735714919756,0.2980378722128809,1.0,1.0,3.4610544867766455,5.270208995480987,True
D1,96,95,AutoETS,h1_12,1,ARIMA,8.255850315093994,4.930356979370117,1.5657823003549627,1.5997097220479266,2.7128096383281703,2.660791796942396,0.5914797493857075,0.75,1.0,4.572274007378003,6.962282649854881,True
D1,96,96,AutoETS,h1,1,ARIMA,8.255850315093994,4.930356979370117,0.8643268917935201,0.6759024849271533,1.5962549618223132,1.5836156898099192,0.28682396398562493,1.0,1.0,2.1290437272651728,3.241932609288447,True
D1,96,96,AutoETS,h1_6,1,ARIMA,8.255850315093994,4.930356979370117,1.6534494719329862,1.3970070495531077,3.0239483311103763,2.9717515842262556,0.5592693431718853,0.5,1.0,3.223113589316222,4.907892174702868,True
D1,96,96,AutoETS,h1_12,1,ARIMA,8.255850315093994,4.930356979370117,1.7422886372918953,1.4348227719334141,3.1863439666338693,3.131232066201253,0.5918497330520931,0.75,1.0,4.154827959713274,6.326630156103022,True
D1,96,97,AutoETS,h1,1,ARIMA,8.255850315093994,4.930356979370117,0.022907900805939223,0.017825171945836937,0.03894599566523963,0.03893841318888331,0.1609052190212848,1.0,1.0,2.178107938572711,3.31664355324413,True
D1,96,97,AutoETS,h1_6,1,ARIMA,8.255850315093994,4.930356979370117,2.402286557544759,2.1933406587016813,4.203586546722423,4.3303193314726265,0.8991984308194966,0.16666666666666666,0.6666666666666666,3.5188154953213986,5.358162706693464,True
D1,96,97,AutoETS,h1_12,1,ARIMA,8.255850315093994,4.930356979370117,1.8366512822766619,1.7342285577028163,3.1917626851921717,3.264934327202424,0.7295551665797302,0.5833333333333334,0.8333333333333334,4.6234414476278225,7.04019621778934,True
D1,96,98,AutoETS,h1,1,ARIMA,8.255850315093994,4.930356979370117,0.9465289435697875,0.7450969611230485,1.53502030897291,1.5468928688201313,0.3115525047379514,1.0,1.0,2.2153585834275122,3.3733657702306976,True
D1,96,98,AutoETS,h1_6,1,ARIMA,8.255850315093994,4.930356979370117,1.6298429521125182,1.4479699134298027,2.667765128472796,2.714381673412549,0.5587321441649356,0.8333333333333334,1.0,3.609156516103879,5.495726579844784,True
D1,96,98,AutoETS,h1_12,1,ARIMA,8.255850315093994,4.930356979370117,3.107963615222184,2.775916068951756,5.1689782177743195,5.349099731786748,1.0960230965140212,0.4166666666666667,0.75,4.754088692017818,7.239135091837579,True
D1,96,99,AutoETS,h1,1,ARIMA,8.255850315093994,4.930356979370117,0.5898038535486175,0.4521939994240464,0.8430728795893436,0.8395339381157425,0.22449850596160603,1.0,1.0,2.2309816609938813,3.3971553072755105,True
D1,96,99,AutoETS,h1_6,1,ARIMA,8.255850315093994,4.930356979370117,1.6094807365861623,1.580069942896849,2.276493691244731,2.244521207902782,0.6564551551937511,0.6666666666666666,0.8333333333333334,4.027331993040593,6.132489788474288,True
D1,96,99,AutoETS,h1_12,1,ARIMA,8.255850315093994,4.930356979370117,1.36162982162026,1.328953121548683,1.930056642143598,1.9067358060650599,0.6309770451849541,0.8333333333333334,0.9166666666666666,5.437393277652128,8.279615092259991,True
D1,96,100,AutoETS,h1,1,ARIMA,8.255850315093994,4.930356979370117,0.9433622733260145,0.745154928411769,1.5377806994234375,1.5260470707642728,0.3082801745607212,1.0,1.0,2.1063532882744997,3.2073814757720744,True
D1,96,100,AutoETS,h1_6,1,ARIMA,8.255850315093994,4.930356979370117,0.7422603889628594,0.7131603801826292,1.2203929148574615,1.2216791849379105,0.32880031361115125,1.0,1.0,3.1237059689605124,4.756522429724966,True
D1,96,100,AutoETS,h1_12,1,ARIMA,8.255850315093994,4.930356979370117,0.9130623114258694,0.8880352657773327,1.4988359431115108,1.4982205031871676,0.40702927213671425,1.0,1.0,3.9987793694434353,6.089012202582113,True
D1,96,101,AutoETS,h1,1,ARIMA,8.255850315093994,4.930356979370117,0.9785475109332705,0.7997033697995821,1.826900630418564,1.8103638560688677,0.3174094003382874,1.0,1.0,2.076993727468675,3.1626751522936547,True
D1,96,101,AutoETS,h1_6,1,ARIMA,8.255850315093994,4.930356979370117,0.9349779788447506,0.8493943388902274,1.7712093826854858,1.7812525776840757,0.36015566278333827,1.0,1.0,3.288625615735156,5.007648498177217,True
D1,96,101,AutoETS,h1_12,1,ARIMA,8.255850315093994,4.930356979370117,0.9872205775003726,0.9560060986651946,1.850507819391802,1.8416665889933514,0.4370559733157323,1.0,1.0,4.297589938905228,6.544016351502332,True
D1,96,102,AutoETS,h1,1,ARIMA,8.255850315093994,4.930356979370117,0.5100719444379092,0.40526252233047694,0.8675945290227188,0.8638471835708303,0.19969151132556504,1.0,1.0,2.0273552959648105,3.0870898330700784,True
D1,96,102,AutoETS,h1_6,1,ARIMA,8.255850315093994,4.930356979370117,0.6342846733844465,0.6979513700863548,1.074763744540178,1.066264225070225,0.29649258596101985,0.8333333333333334,1.0,2.8265746951266797,4.304075374013864,True
D1,96,102,AutoETS,h1_12,1,ARIMA,8.255850315093994,4.930356979370117,0.8308846063979725,0.8245317684536064,1.4098473831078902,1.4006783315948816,0.365787733989638,0.8333333333333334,1.0,3.538794636904888,5.388585299604838,True
D1,96,103,AutoETS,h1,1,ARIMA,8.255850315093994,4.930356979370117,2.9856102216714198,2.348047701069221,4.6845328339508425,4.57731980926096,1.242369921617162,0.0,0.0,2.118728859887079,3.2262259779566165,True
D1,96,103,AutoETS,h1_6,1,ARIMA,8.255850315093994,4.930356979370117,3.2993458891392966,2.607593417175939,5.162797834768669,5.031713674877341,1.2827582750719277,0.0,0.0,3.1041671971359577,4.7267703956486935,True
D1,96,103,AutoETS,h1_12,1,ARIMA,8.255850315093994,4.930356979370117,3.566412323657125,2.8556813452485548,5.564935624397454,5.40935306112869,1.3304436970698634,0.08333333333333333,0.16666666666666666,3.9573838789984395,6.025978555770404,True
D1,96,104,AutoETS,h1,1,ARIMA,8.255850315093994,4.930356979370117,0.9951071699071722,0.7827340501930673,1.54919095515267,1.5612845950177736,0.3229897695808914,1.0,1.0,2.1216611678442003,3.230691055242203,True
D1,96,104,AutoETS,h1_6,1,ARIMA,8.255850315093994,4.930356979370117,0.7995881123564174,0.7367225689184759,1.2383145621500438,1.241591007627294,0.34772926054353687,0.8333333333333334,1.0,3.1187555633992066,4.748984359457604,True
D1,96,104,AutoETS,h1_12,1,ARIMA,8.255850315093994,4.930356979370117,0.8233744693885842,0.810051602796197,1.277768036395444,1.2838599413697325,0.40470589828259423,0.8333333333333334,1.0,3.98050738406897,6.061189126680328,True
D1,96,105,AutoETS,h1,1,ARIMA,8.255850315093994,4.930356979370117,1.8772817417329486,1.5541571489139745,3.187119322908526,3.1371273272923377,0.699918131484038,0.0,0.0,2.019639328718627,3.075340593020543,True
D1,96,105,AutoETS,h1_6,1,ARIMA,8.255850315093994,4.930356979370117,1.5876018397254756,1.4381050922079575,2.694868514398017,2.652322190370375,0.5859708827594886,0.6666666666666666,0.6666666666666666,2.9994739587877857,4.567352146494672,True
D1,96,105,AutoETS,h1_12,1,ARIMA,8.255850315093994,4.930356979370117,1.43995086567075,1.3554624333875191,2.4450470134159756,2.4072126481157046,0.5623009798947702,0.6666666666666666,0.8333333333333334,3.8416184797755832,5.849700531058354,True
D1,96,106,AutoETS,h1,1,ARIMA,8.255850315093994,4.930356979370117,1.1603346749440857,0.9015557097049229,1.9624239123664413,1.9818702603167082,0.37744288560737327,0.0,1.0,2.1960371441096767,3.343944672213448,True
D1,96,106,AutoETS,h1_6,1,ARIMA,8.255850315093994,4.930356979370117,1.4787433629719358,1.3305515894582047,2.51854320960695,2.562079310630187,0.5268665570976723,0.6666666666666666,1.0,3.7497604163281677,5.7098266301597675,True
D1,96,106,AutoETS,h1_12,1,ARIMA,8.255850315093994,4.930356979370117,1.1102745190250303,1.1169083802049264,1.8874481014533557,1.916539119914119,0.536571688278112,0.8333333333333334,1.0,4.998179199791261,7.610816033207903,True
D1,96,107,AutoETS,h1,1,ARIMA,8.255850315093994,4.930356979370117,0.001358822852498648,0.0010839644709305083,0.0025877518184681692,0.0025877853011987643,0.14558949334289054,1.0,1.0,1.9854671863162254,3.0233060662680544,True
D1,96,107,AutoETS,h1_6,1,ARIMA,8.255850315093994,4.930356979370117,3.28731660868455,3.1471239754735536,5.991601904159881,5.747307599637274,1.3679226026697326,0.3333333333333333,0.3333333333333333,3.003650780017475,4.57371226619268,True
D1,96,107,AutoETS,h1_12,1,ARIMA,8.255850315093994,4.930356979370117,4.660875452474314,4.266688649640439,8.3891491076051,7.95802005124567,1.9295379842770901,0.25,0.25,3.870983724875169,5.894415510111595,True
D1,96,108,AutoETS,h1,1,ARIMA,8.255850315093994,4.930356979370117,0.7117402725033248,0.5394344560352358,1.1956305963592377,1.2028212457762426,0.24506550295702914,1.0,1.0,2.1575950834233293,3.285408265228782,True
D1,96,108,AutoETS,h1_6,1,ARIMA,8.255850315093994,4.930356979370117,1.567874407073456,1.512287557237305,2.6742565409649792,2.733648725080566,0.6239603095314615,0.6666666666666666,0.6666666666666666,2.7673091476885667,4.213830674768645,True
D1,96,108,AutoETS,h1_12,1,ARIMA,8.255850315093994,4.930356979370117,1.3707133316168305,1.3120093679754108,2.329071200768009,2.3713813535979686,0.5443072216627906,0.75,0.8333333333333334,3.3405715807318077,5.086747539538817,True
D1,96,109,AutoETS,h1,1,ARIMA,8.255850315093994,4.930356979370117,0.6654948663353166,0.5335533518146871,0.9969338588137049,0.9919891211016992,0.23833426502270172,1.0,1.0,2.252559795624069,3.430012715232608,True
D1,96,109,AutoETS,h1_6,1,ARIMA,8.255850315093994,4.930356979370117,1.6707797714378052,1.56244549853212,2.5576718259165925,2.601757939528188,0.6010634301040858,0.6666666666666666,0.8333333333333334,3.5149085235211524,5.352213491503284,True
D1,96,109,AutoETS,h1_12,1,ARIMA,8.255850315093994,4.930356979370117,2.8905092874422826,2.9088865830769985,4.506395410567491,4.675324521109439,1.0887709271123647,0.5,0.6666666666666666,4.5733554200176725,6.963929336043493,True
D1,96,110,AutoETS,h1,1,ARIMA,8.255850315093994,4.930356979370117,0.4564819124251814,0.3627559031967895,0.771137669231312,0.768175822664067,0.19696559329051666,1.0,1.0,2.1370633598485855,3.254144245927803,True
D1,96,110,AutoETS,h1_6,1,ARIMA,8.255850315093994,4.930356979370117,1.0222933991523881,0.8981015076823803,1.7512471689409175,1.7693146713641226,0.36918046031750895,1.0,1.0,3.244526604156813,4.940498151830477,True
D1,96,110,AutoETS,h1_12,1,ARIMA,8.255850315093994,4.930356979370117,1.7399419334269424,1.5446558993696005,3.0056455704610467,3.0630160736121583,0.5965648775285681,0.75,1.0,4.1861159494970295,6.374272932557093,True
D1,96,111,AutoETS,h1,1,ARIMA,8.255850315093994,4.930356979370117,1.0243995736247848,0.8314360533143796,1.7638455363701542,1.7484257714072977,0.3305646683945579,1.0,1.0,2.0960633468439163,3.1917127996221812,True
D1,96,111,AutoETS,h1_6,1,ARIMA,8.255850315093994,4.930356979370117,1.1428818849492501,1.0149030261906706,2.001640237446382,2.0185901320554587,0.41296374864058794,1.0,1.0,3.5268971096786133,5.370468724078086,True
D1,96,111,AutoETS,h1_12,1,ARIMA,8.255850315093994,4.930356979370117,1.3402615309425614,1.2074216207168325,2.346393117013246,2.36565342200039,0.516845365334228,1.0,1.0,4.6840270283827525,7.132450955156514,True
D1,96,112,AutoETS,h1,1,ARIMA,8.255850315093994,4.930356979370117,0.21184119880036312,0.16952369135359235,0.39408535737895023,0.3933103680940941,0.1660610789658805,1.0,1.0,2.105240331285047,3.2056867564430807,True
D1,96,112,AutoETS,h1_6,1,ARIMA,8.255850315093994,4.930356979370117,1.1263276679723118,1.473268010543627,2.1600823592990186,2.2251353626456587,0.5122432085520038,0.8333333333333334,0.8333333333333334,3.3340504636394583,5.076817718990775,True
D1,96,112,AutoETS,h1_12,1,ARIMA,8.255850315093994,4.930356979370117,1.5180175938527227,1.5983546197211513,2.9007208133023457,2.9762441623750235,0.5991021941108384,0.8333333333333334,0.9166666666666666,4.356165763118752,6.633210796971853,True
D1,96,113,AutoETS,h1,1,ARIMA,8.255850315093994,4.930356979370117,0.008227469215348362,0.006692114441759321,0.01365370677072987,0.013652774715816987,0.1545777820013895,1.0,1.0,2.1029013472016524,3.2021251439334466,True
D1,96,113,AutoETS,h1_6,1,ARIMA,8.255850315093994,4.930356979370117,0.9233076646754963,0.8533343237294565,1.5324928510747953,1.5329470043097422,0.38545458183670145,1.0,1.0,3.7961234831578525,5.780424493555851,True
D1,96,113,AutoETS,h1_12,1,ARIMA,8.255850315093994,4.930356979370117,0.911425837874958,0.9079595448250612,1.5216703713630197,1.5311805384480413,0.46965281956187915,1.0,1.0,5.125233366439238,7.804283664110505,True
D1,96,114,AutoETS,h1,1,ARIMA,8.255850315093994,4.930356979370117,0.6991156929914545,0.5489778796145485,1.1696271533129747,1.1628267844047775,0.2398897660221803,1.0,1.0,2.0815638283795446,3.1696341259309544,True
D1,96,114,AutoETS,h1_6,1,ARIMA,8.255850315093994,4.930356979370117,0.7347254191185729,0.6713830502952038,1.2349771895626522,1.2337123855543919,0.30981542993708633,0.8333333333333334,1.0,2.7628916869554923,4.207104129034806,True
D1,96,114,AutoETS,h1_12,1,ARIMA,8.255850315093994,4.930356979370117,0.6194568643067526,0.5837474101101193,1.0442981505611035,1.0462756391679773,0.3213215962888526,0.9166666666666666,1.0,3.388617636166216,5.159908119505193,True
D1,96,115,AutoETS,h1,1,ARIMA,8.255850315093994,4.930356979370117,0.03355478176043248,0.027118542617837048,0.058716516371400684,0.058699283284260925,0.1540406957372954,1.0,1.0,2.0763742489232997,3.161731861335727,True
D1,96,115,AutoETS,h1_6,1,ARIMA,8.255850315093994,4.930356979370117,1.1285030182654257,1.067409093495081,1.9833098826645874,1.9921290160037453,0.43004417940237577,0.8333333333333334,0.8333333333333334,3.1775690762848696,4.838540737679935,True
D1,96,115,AutoETS,h1_12,1,ARIMA,8.255850315093994,4.930356979370117,1.5068464574048979,1.4233120147882112,2.6081522330592133,2.5805813701382116,0.5577414538407872,0.75,0.9166666666666666,4.1092943998038844,6.257295397592986,True
D1,96,116,AutoETS,h1,1,ARIMA,8.255850315093994,4.930356979370117,0.022180260725555522,0.018149197058936896,0.04406285813742115,0.04407256795396869,0.13956924050955818,1.0,1.0,1.887540550686621,2.8741914429750213,True
D1,96,116,AutoETS,h1_6,1,ARIMA,8.255850315093994,4.930356979370117,1.033395424546684,1.209209973701091,2.0966246807069906,2.1430616623643606,0.4386634048041295,0.5,0.8333333333333334,2.2653098684175905,3.4494274770013607,True
D1,96,116,AutoETS,h1_12,1,ARIMA,8.255850315093994,4.930356979370117,1.6475077053231457,1.6505807205722187,3.354844873867443,3.4426535146089754,0.631557523501008,0.3333333333333333,0.75,2.6384876302155846,4.017671867448076,True
D1,96,117,AutoETS,h1,1,ARIMA,8.255850315093994,4.930356979370117,0.22377622132937633,0.17746072804002175,0.37141255730853023,0.3721035770141426,0.1697981051421885,1.0,1.0,2.1471831352805757,3.2695538072963783,True
D1,96,117,AutoETS,h1_6,1,ARIMA,8.255850315093994,4.930356979370117,0.9447852504817604,0.9630203183542987,1.581522683706402,1.5984832546775591,0.4000690140434944,0.8333333333333334,1.0,3.5259787323311103,5.369070294617772,True
D1,96,117,AutoETS,h1_12,1,ARIMA,8.255850315093994,4.930356979370117,0.9950030571986148,0.9504648808218639,1.6564321231776657,1.6650132449697506,0.4587115944919168,0.9166666666666666,1.0,4.653378456941016,7.085781832342067,True
D1,96,118,AutoETS,h1,1,ARIMA,8.255850315093994,4.930356979370117,1.3512946962515329,1.1447333905729513,2.5357610395775945,2.5683243233584543,0.4585749989397305,0.0,1.0,1.991608286773523,3.032657228752161,True
D1,96,118,AutoETS,h1_6,1,ARIMA,8.255850315093994,4.930356979370117,1.765947465278433,1.5887315586262563,3.223672659342345,3.177309576330284,0.5886407173398103,0.5,1.0,3.517382388287052,5.355980489218192,True
D1,96,118,AutoETS,h1_12,1,ARIMA,8.255850315093994,4.930356979370117,1.880313896989947,1.664398900278835,3.424591814967114,3.367427115760958,0.6480593190662796,0.75,1.0,4.727401550154428,7.198498108036987,True
D1,96,119,AutoETS,h1,1,ARIMA,8.255850315093994,4.930356979370117,0.8226297188373238,0.6031207062006803,1.2829082956397653,1.274731477702477,0.27949977394282277,1.0,1.0,2.323043667605701,3.5373397560443642,True
D1,96,119,AutoETS,h1_6,1,ARIMA,8.255850315093994,4.930356979370117,1.1236534878425486,0.9392164165815974,1.7724619249369824,1.7818242174412458,0.43800784613181787,0.8333333333333334,1.0,3.832349038219969,5.8355857881509205,True
D1,96,119,AutoETS,h1_12,1,ARIMA,8.255850315093994,4.930356979370117,1.0186842358919392,0.8637294623146631,1.6062653295777476,1.6140653354483427,0.4878160239016994,0.9166666666666666,1.0,5.063862217061646,7.71083272748165,True
D1,96,120,AutoETS,h1,1,ARIMA,8.255850315093994,4.930356979370117,1.0446190408807055,0.8281476067203971,1.7481796516551895,1.7635950566138499,0.3363251713645716,1.0,1.0,2.1026229041291256,3.2017011537330213,True
D1,96,120,AutoETS,h1_6,1,ARIMA,8.255850315093994,4.930356979370117,1.2992259350280968,1.075324459573181,2.149208073221291,2.143626193059041,0.4334531239318106,0.8333333333333334,1.0,3.1050655705842067,4.728138364817144,True
D1,96,120,AutoETS,h1_12,1,ARIMA,8.255850315093994,4.930356979370117,0.992151049644622,0.908593401485333,1.648182055193198,1.6508254342313715,0.4267200195089873,0.9166666666666666,1.0,3.969273223671437,6.044082671578287,True
D1,96,121,AutoETS,h1,1,ARIMA,8.255850315093994,4.930356979370117,0.20306760674977783,0.15776468449472614,0.3195994152395187,0.3190895111336817,0.16574610765633915,1.0,1.0,2.107593333360689,3.209269714397908,True
D1,96,121,AutoETS,h1_6,1,ARIMA,8.255850315093994,4.930356979370117,0.9448525952490158,0.8476870172888702,1.4907011128559586,1.492298665773956,0.35441299232369816,1.0,1.0,3.1340198457994815,4.7722275527453295,True
D1,96,121,AutoETS,h1_12,1,ARIMA,8.255850315093994,4.930356979370117,1.5522586032001562,1.349280019911825,2.4232165584203766,2.400702915417881,0.5345863589271431,0.8333333333333334,1.0,4.016144936192249,6.115455058781252,True
D1,96,122,AutoETS,h1,1,ARIMA,8.255850315093994,4.930356979370117,1.4099201624443094,1.1416621250388244,2.263910188680856,2.289830036429962,0.4773147103710548,0.0,1.0,2.11239539584487,3.216581900033145,True
D1,96,122,AutoETS,h1_6,1,ARIMA,8.255850315093994,4.930356979370117,2.2716532281204094,1.9325021199931955,3.680126557107457,3.7567620572071436,0.7589820288643104,0.16666666666666666,1.0,3.813261986137449,5.806521595730129,True
D1,96,122,AutoETS,h1_12,1,ARIMA,8.255850315093994,4.930356979370117,2.385498573075733,2.0224737426370187,3.867934639446028,3.9520722532112633,0.8056777853656119,0.5,1.0,5.14837245232819,7.839517960208721,True
D1,96,123,AutoETS,h1,1,ARIMA,8.255850315093994,4.930356979370117,1.0015880537334387,0.802464857961385,1.684913386898247,1.6992286524175442,0.32482069651312095,1.0,1.0,2.1230589353888196,3.2328194606502567,True
D1,96,123,AutoETS,h1_6,1,ARIMA,8.255850315093994,4.930356979370117,1.0159752101413495,1.088363865345886,1.6943518991341056,1.6947484766918115,0.4364459542866565,0.6666666666666666,1.0,3.5266471179680634,5.370088057270679,True
D1,96,123,AutoETS,h1_12,1,ARIMA,8.255850315093994,4.930356979370117,1.506399515338936,1.4852688096776092,2.548574351265687,2.5864892858458766,0.5866577451225546,0.6666666666666666,1.0,4.668316093343571,7.108527635981029,True
D1,96,124,AutoETS,h1,1,ARIMA,8.255850315093994,4.930356979370117,0.9920758733524225,0.8137676459819005,1.8884155940286338,1.8707518095797948,0.3215431710050688,1.0,1.0,2.0941184191140754,3.1887512237046214,True
D1,96,124,AutoETS,h1_6,1,ARIMA,8.255850315093994,4.930356979370117,1.0988206029231775,1.0168341942701848,2.1323064822873232,2.1539457635609165,0.40738596528571164,1.0,1.0,3.463960353964388,5.274633810938533,True
D1,96,124,AutoETS,h1_12,1,ARIMA,8.255850315093994,4.930356979370117,1.931897772547466,1.8718291159800802,3.807647857005448,3.909540848141282,0.6770685768335,0.8333333333333334,0.9166666666666666,4.58170614104709,6.976645126926342,True
D1,96,125,AutoETS,h1,1,ARIMA,8.255850315093994,4.930356979370117,1.0973967352334681,0.9379552379021355,1.934115354943284,1.9530020108301929,0.3595132151119676,0.0,1.0,2.0012403495583357,3.047324141430793,True
D1,96,125,AutoETS,h1_6,1,ARIMA,8.255850315093994,4.930356979370117,0.7347149567580643,0.731974438219125,1.286633417223294,1.2909802302801299,0.3563227143669433,0.8333333333333334,1.0,3.6126066952740117,5.500980228802903,True
D1,96,125,AutoETS,h1_12,1,ARIMA,8.255850315093994,4.930356979370117,1.4985288284827427,1.6207458832582378,2.6540318337113917,2.6956395690663504,0.5817244536612893,0.8333333333333334,1.0,4.877463142752627,7.426999554116145,True
D1,96,126,AutoETS,h1,1,ARIMA,8.255850315093994,4.930356979370117,0.5115009161317046,0.4295321068772918,1.069749756874278,1.0640583759295246,0.19951217265162582,1.0,1.0,2.0199745352623686,3.075851017964428,True
D1,96,126,AutoETS,h1_6,1,ARIMA,8.255850315093994,4.930356979370117,0.9360369691117372,0.9437444951462699,1.9797264716480978,1.9922644629826538,0.37735626528772936,0.6666666666666666,1.0,2.9529553276346143,4.496517402546675,True
D1,96,126,AutoETS,h1_12,1,ARIMA,8.255850315093994,4.930356979370117,0.7973701988569574,0.8026977015294884,1.688676308008773,1.7013873114857045,0.3828114862564542,0.8333333333333334,1.0,3.762474017533254,5.729185855994548,True
D1,96,127,AutoETS,h1,1,ARIMA,8.255850315093994,4.930356979370117,0.5398799939246451,0.4440267767795164,0.9957119676216801,0.9907793135229462,0.20003741737937866,1.0,1.0,1.9456437286895814,2.962666181684617,True
D1,96,127,AutoETS,h1_6,1,ARIMA,8.255850315093994,4.930356979370117,1.626872237325277,1.6308150149813507,2.9496115321309633,2.886895019434511,0.5857937018966797,0.5,0.8333333333333334,3.12699247819691,4.7615268555748145,True
D1,96,127,AutoETS,h1_12,1,ARIMA,8.255850315093994,4.930356979370117,3.40528583221651,3.384950237664093,6.0354275785873375,5.785140904609368,1.3077912026975516,0.3333333333333333,0.5,4.103605533979982,6.248632860798556,True
D1,96,128,AutoETS,h1,1,ARIMA,8.255850315093994,4.930356979370117,0.14765119831829204,0.11864001045317213,0.23803375994352194,0.237750796363582,0.1600509843891874,1.0,1.0,2.0718933762467207,3.1549087571118646,True
D1,96,128,AutoETS,h1_6,1,ARIMA,8.255850315093994,4.930356979370117,0.5740050700732543,0.6215745802643688,0.9187914842702861,0.9112604012582978,0.2906534840202366,0.8333333333333334,1.0,2.799111769599844,4.262257090682371,True
D1,96,128,AutoETS,h1_12,1,ARIMA,8.255850315093994,4.930356979370117,1.0769640950850992,1.156114980078734,1.7579621781840364,1.7786678472086666,0.4460103557169218,0.75,1.0,3.459457634335032,5.267777439972569,True
D1,96,129,AutoETS,h1,1,ARIMA,8.255850315093994,4.930356979370117,0.974018532020678,0.7679561870141973,1.3967632368335037,1.3870761519548087,0.3164939621862189,1.0,1.0,2.092602236534948,3.1864425056252363,True
D1,96,129,AutoETS,h1_6,1,ARIMA,8.255850315093994,4.930356979370117,2.1102922814970233,1.8267872271686638,2.9926466677420116,2.939982129215079,0.7541510607271021,0.5,0.6666666666666666,3.1597071161598427,4.811342014490944,True
D1,96,129,AutoETS,h1_12,1,ARIMA,8.255850315093994,4.930356979370117,2.0917898121496497,1.7969166172941433,2.9720445320716578,2.925397178131793,0.7370646099171154,0.5833333333333334,0.8333333333333334,4.069342053965665,6.1964592526459406,True
D1,96,130,AutoETS,h1,1,ARIMA,8.255850315093994,4.930356979370117,0.9191337630805236,0.7532074437836407,1.6287715100510165,1.6156141783265527,0.29830016425704003,1.0,1.0,1.9582975568447971,2.981934390037209,True
D1,96,130,AutoETS,h1_6,1,ARIMA,8.255850315093994,4.930356979370117,1.3875277052923924,1.1822891988490978,2.446238788519024,2.414404911794406,0.4606764092366974,0.6666666666666666,1.0,3.179336568946473,4.841232130075003,True
D1,96,130,AutoETS,h1_12,1,ARIMA,8.255850315093994,4.930356979370117,2.83873524906126,2.6821977216501613,4.907251480329001,4.754699528574199,1.0070870671396215,0.3333333333333333,0.75,4.183933846185459,6.37095020517859,True
D1,96,131,AutoETS,h1,1,ARIMA,8.255850315093994,4.930356979370117,0.24004530874910399,0.19028845859037113,0.46186540311234736,0.46293447019079376,0.1667251922683412,1.0,1.0,2.0929223179530574,3.1869298992723194,True
D1,96,131,AutoETS,h1_6,1,ARIMA,8.255850315093994,4.930356979370117,0.9534221313440725,0.9119675748308531,1.8065770612040715,1.7836562121742352,0.369659370853776,0.8333333333333334,1.0,3.03817422604373,4.626281729198169,True
D1,96,131,AutoETS,h1_12,1,ARIMA,8.255850315093994,4.930356979370117,0.883442616152528,0.8461261786468524,1.6765256756412013,1.6577457722722189,0.39846294925029646,0.9166666666666666,1.0,3.860776596088903,5.878872934242619,True
D1,96,132,AutoETS,h1,1,ARIMA,8.255850315093994,4.930356979370117,0.3138599276891884,0.25235122260038745,0.6072885668800093,0.6091381801422617,0.1631401222689006,1.0,1.0,1.9593041427064275,2.983467136164997,True
D1,96,132,AutoETS,h1_6,1,ARIMA,8.255850315093994,4.930356979370117,1.4807410494878996,1.4162642601550983,2.800593775089586,2.747241529326792,0.534015503806711,0.5,0.8333333333333334,2.830888947398417,4.310644762394815,True
D1,96,132,AutoETS,h1_12,1,ARIMA,8.255850315093994,4.930356979370117,1.55122880422609,1.4580313120052826,2.933349841323192,2.876958518836119,0.5622585379956713,0.5833333333333334,0.9166666666666666,3.591901693203684,5.469452355266273,True
D1,96,133,AutoETS,h1,1,ARIMA,8.255850315093994,4.930356979370117,0.8036871609358716,0.6557596698646246,1.6081212192380532,1.6211562984542818,0.2678689341629449,1.0,1.0,2.032887429184357,3.0955137103506027,True
D1,96,133,AutoETS,h1_6,1,ARIMA,8.255850315093994,4.930356979370117,0.6410891878300877,0.692059402980862,1.2635479699939034,1.2549182700229784,0.30712433833614394,0.8333333333333334,1.0,2.8458245537939395,4.333387474906098,True
D1,96,133,AutoETS,h1_12,1,ARIMA,8.255850315093994,4.930356979370117,0.6400348560941824,0.6803159557527056,1.260504875286939,1.2509144746968384,0.3439390669711943,0.9166666666666666,1.0,3.568664239966248,5.434068273463486,True
D1,96,134,AutoETS,h1,1,ARIMA,8.255850315093994,4.930356979370117,1.0738256029369824,0.8525001488755983,1.7593037859990164,1.743962982609283,0.3466125047750648,0.0,1.0,2.1123586690708995,3.216525975523619,True
D1,96,134,AutoETS,h1_6,1,ARIMA,8.255850315093994,4.930356979370117,0.8788099967199131,0.8412946921056861,1.4377397960612561,1.4232534279884497,0.3796691135374541,0.8333333333333334,1.0,3.5629888885190217,5.425426315249892,True
D1,96,134,AutoETS,h1_12,1,ARIMA,8.255850315093994,4.930356979370117,0.9198792382461594,0.8778280374457832,1.5062510311945998,1.4924500679085506,0.44980118440200745,0.9166666666666666,1.0,4.7360295819735585,7.21163616497316,True
D1,96,135,AutoETS,h1,1,ARIMA,8.255850315093994,4.930356979370117,0.9736460513940003,0.7977640334720189,1.8112273700099595,1.827779995783559,0.31371602489796946,1.0,1.0,1.9707601774156063,3.0009114432129174,True
D1,96,135,AutoETS,h1_6,1,ARIMA,8.255850315093994,4.930356979370117,0.9240947352947577,0.8361180201562448,1.695285988820092,1.6873735254592748,0.33530255470514525,1.0,1.0,2.868725127835303,4.368258584787666,True
D1,96,135,AutoETS,h1_12,1,ARIMA,8.255850315093994,4.930356979370117,1.6885849061746252,1.692873335887012,3.047005935891528,2.9847278470418455,0.6101765544396027,0.6666666666666666,0.9166666666666666,3.649499700774903,5.557157862008043,True
D1,96,136,AutoETS,h1,1,ARIMA,8.255850315093994,4.930356979370117,1.8193736727892396,1.4677063603166909,3.7212708369053784,3.7918228355893313,0.6726539296720787,0.0,0.0,2.0053430262059115,3.053571359859801,True
D1,96,136,AutoETS,h1_6,1,ARIMA,8.255850315093994,4.930356979370117,1.1903316501261547,0.9927242086530781,2.4211358965386567,2.452964397145757,0.4119670035685821,0.6666666666666666,0.8333333333333334,2.6143861016317067,3.980972042804204,True
D1,96,136,AutoETS,h1_12,1,ARIMA,8.255850315093994,4.930356979370117,0.8370590019524242,0.7591978251424539,1.6968111633635201,1.7132780039965787,0.35926790687819493,0.8333333333333334,0.9166666666666666,3.1807134434638162,4.843328721300216,True
D1,96,137,AutoETS,h1,1,ARIMA,8.255850315093994,4.930356979370117,0.9210798767501329,0.7516442115152219,1.6041436368156168,1.6171140529054842,0.30438287159160077,1.0,1.0,2.2107824321911815,3.3663975836556093,True
D1,96,137,AutoETS,h1_6,1,ARIMA,8.255850315093994,4.930356979370117,2.0383740425605454,1.7725811490351915,3.593751619057816,3.669018542339983,0.7132815022678574,0.5,0.6666666666666666,3.5401765656094644,5.390689586930512,True
D1,96,137,AutoETS,h1_12,1,ARIMA,8.255850315093994,4.930356979370117,3.1590885803280466,2.8382300120938355,5.645632041962051,5.848494502486359,1.1061233867551044,0.25,0.5,4.641197526852489,7.067233714255185,True
D1,96,138,AutoETS,h1,1,ARIMA,8.255850315093994,4.930356979370117,1.224570664743356,0.984840263148542,1.8782657900521704,1.8607904944116325,0.4056922537328989,0.0,1.0,2.0987694421277068,3.1958334188617172,True
D1,96,138,AutoETS,h1_6,1,ARIMA,8.255850315093994,4.930356979370117,1.3702647961904206,1.1656191816559642,2.1332224050896533,2.145472742982034,0.4833282867852163,0.5,1.0,3.3008137134088456,5.026207530473043,True
D1,96,138,AutoETS,h1_12,1,ARIMA,8.255850315093994,4.930356979370117,1.4542531393603308,1.3199470445614154,2.277521079491337,2.3044472403701106,0.5577362415166907,0.5833333333333334,1.0,4.304055147794494,6.553861039638872,True
D1,96,139,AutoETS,h1,1,ARIMA,8.255850315093994,4.930356979370117,0.09254028451357574,0.07518251906603819,0.16878414145044843,0.16892670219243647,0.1587889623278793,1.0,1.0,2.0964493366961903,3.1923005532098276,True
D1,96,139,AutoETS,h1_6,1,ARIMA,8.255850315093994,4.930356979370117,0.6506120230704143,0.7322551731241961,1.1951613231086953,1.2050152919215846,0.34033329621338376,1.0,1.0,3.48000655928728,5.29906765211588,True
D1,96,139,AutoETS,h1_12,1,ARIMA,8.255850315093994,4.930356979370117,1.0117754340435414,1.0950238653207738,1.8282272765299885,1.813816145697645,0.4667552466789401,0.9166666666666666,1.0,4.605739705213516,7.013241460947463,True
D1,96,140,AutoETS,h1,1,ARIMA,8.255850315093994,4.930356979370117,1.2733263614381904,1.0164873193161537,2.2925815544608548,2.2665997307900785,0.4248971704148997,0.0,1.0,2.0914977221269386,3.1847606419646333,True
D1,96,140,AutoETS,h1_6,1,ARIMA,8.255850315093994,4.930356979370117,1.3080705044968224,1.2665475128213057,2.341484311313273,2.302037626622778,0.4898424627365315,0.3333333333333333,1.0,2.9310721202808407,4.463195454947621,True
D1,96,140,AutoETS,h1_12,1,ARIMA,8.255850315093994,4.930356979370117,1.47875514262402,1.3854378896647606,2.644357313195265,2.597296159652158,0.5527423329176838,0.5,1.0,3.6765918021951856,5.598411484901635,True
D1,96,141,AutoETS,h1,1,ARIMA,8.255850315093994,4.930356979370117,1.7837935440245545,1.3989392584582157,3.1422280814851917,3.093623724777469,0.6372879613992268,0.0,0.0,2.154038482813359,3.2799925664584717,True
D1,96,141,AutoETS,h1_6,1,ARIMA,8.255850315093994,4.930356979370117,0.9522825264608645,0.8584042692427337,1.6884961234359896,1.6732188631780986,0.4127808484057619,0.6666666666666666,0.8333333333333334,3.4647724857670568,5.275870458425095,True
D1,96,141,AutoETS,h1_12,1,ARIMA,8.255850315093994,4.930356979370117,1.4862142420425766,1.4354777904724887,2.609158083207214,2.5610280961341383,0.592718209185464,0.75,0.8333333333333334,4.546933424995387,6.9236960960361404,True
D1,96,142,AutoETS,h1,1,ARIMA,8.255850315093994,4.930356979370117,0.5237470034798244,0.4132197207478805,0.757960590021271,0.7608440390048624,0.20388528258122726,1.0,1.0,2.0612023488956486,3.138629340323765,True
D1,96,142,AutoETS,h1_6,1,ARIMA,8.255850315093994,4.930356979370117,0.6053150261155763,0.5340548467560838,0.8746552974926257,0.8766691249842489,0.2922614208714661,1.0,1.0,3.1390201930952824,4.779841670176749,True
D1,96,142,AutoETS,h1_12,1,ARIMA,8.255850315093994,4.930356979370117,1.2487723681958889,1.3018719111768957,1.7779168695197745,1.75648900047506,0.5019015079436645,0.8333333333333334,1.0,4.053722922295964,6.1726757240878785,True
D1,96,143,AutoETS,h1,1,ARIMA,8.255850315093994,4.930356979370117,0.04427567250696189,0.034608092135924085,0.07510763143687971,0.07513584781470653,0.16246128709468333,1.0,1.0,2.183142348375078,3.3243095382578747,True
D1,96,143,AutoETS,h1_6,1,ARIMA,8.255850315093994,4.930356979370117,2.443301227087492,2.4107185958287194,4.011115916567486,3.887717823811094,0.9526041992424454,0.3333333333333333,0.6666666666666666,3.758660789925667,5.723379386747647,True
D1,96,143,AutoETS,h1_12,1,ARIMA,8.255850315093994,4.930356979370117,1.734049568818689,1.822022402177737,2.8738520019873643,2.8118147171714134,0.7496144464636155,0.6666666666666666,0.8333333333333334,5.02006965463845,7.6441490166936,True
D1,96,144,AutoETS,h1,1,ARIMA,8.255850315093994,4.930356979370117,0.7610914944589962,0.6270084404524867,1.2498084002964167,1.2420467976898466,0.2559568725941745,1.0,1.0,2.029245931299465,3.08996873699544,True
D1,96,144,AutoETS,h1_6,1,ARIMA,8.255850315093994,4.930356979370117,0.7609075770377273,0.7619684555082157,1.2655203236480388,1.2739386516477647,0.3368520140866034,1.0,1.0,3.123313696482472,4.755925109471742,True
D1,96,144,AutoETS,h1_12,1,ARIMA,8.255850315093994,4.930356979370117,1.0006157819812558,0.9474909438393295,1.648390046797639,1.643746920867244,0.4175239930881435,1.0,1.0,4.046311099051727,6.161389609499413,True
D1,96,145,AutoETS,h1,1,ARIMA,8.255850315093994,4.930356979370117,1.8390760261014725,1.4907075035064488,3.294412471165626,3.2410260873578025,0.6770299380163411,0.0,0.0,2.0516639811454405,3.1241050987345393,True
D1,96,145,AutoETS,h1_6,1,ARIMA,8.255850315093994,4.930356979370117,0.9025758917161503,0.8517185595778953,1.6308321338775345,1.61821457610546,0.3636599438385682,0.8333333333333334,0.8333333333333334,2.847788945488855,4.3363786889481615,True
D1,96,145,AutoETS,h1_12,1,ARIMA,8.255850315093994,4.930356979370117,1.525467245024238,1.4179388065429408,2.8144221787289094,2.852683447930876,0.5475864999450893,0.5833333333333334,0.9166666666666666,3.5587759044947256,5.4190111298237476,True
D1,96,146,AutoETS,h1,1,ARIMA,8.255850315093994,4.930356979370117,2.3600903952053374,1.9456293229151063,4.421074672661004,4.5210133609860925,0.9407447698042168,0.0,0.0,2.0245266815018117,3.0827826517053882,True
D1,96,146,AutoETS,h1_6,1,ARIMA,8.255850315093994,4.930356979370117,1.2985474379229718,1.2915522828063588,2.3758509371614043,2.3734010559692935,0.5053080048647944,0.6666666666666666,0.8333333333333334,3.017251095781129,4.594421707998013,True
D1,96,146,AutoETS,h1_12,1,ARIMA,8.255850315093994,4.930356979370117,1.9366727074049443,1.7967622282493505,3.489767263247427,3.433797679764777,0.691642279124325,0.5833333333333334,0.8333333333333334,3.86888397587728,5.891218185105817,True
D1,96,147,AutoETS,h1,1,ARIMA,8.255850315093994,4.930356979370117,1.3614503225691301,1.109370886105147,2.5201400813384467,2.4887797137867667,0.4592732842424532,0.0,1.0,2.0883528415092085,3.179971876522025,True
D1,96,147,AutoETS,h1_6,1,ARIMA,8.255850315093994,4.930356979370117,0.7418983229178086,0.8569949467228081,1.3724663966741122,1.354738670209824,0.37037402224461374,0.8333333333333334,1.0,3.4172152667018034,5.203454238260015,True
D1,96,147,AutoETS,h1_12,1,ARIMA,8.255850315093994,4.930356979370117,1.1371247806373146,1.178609649030801,2.147730052297978,2.1651821366508073,0.48941886408573826,0.9166666666666666,1.0,4.506810920662074,6.862600847733484,True
D1,96,148,AutoETS,h1,1,ARIMA,8.255850315093994,4.930356979370117,0.2888003143775168,0.22712853537256542,0.46434781896136057,0.46542842232530746,0.17368897074214684,1.0,1.0,2.150981984824917,3.2753383828115896,True
D1,96,148,AutoETS,h1_6,1,ARIMA,8.255850315093994,4.930356979370117,0.6027525522871757,0.6049084941514006,0.9597489774977551,0.9527449792707939,0.3361384432775256,1.0,1.0,3.672738377159832,5.592543806319186,True
D1,96,148,AutoETS,h1_12,1,ARIMA,8.255850315093994,4.930356979370117,1.1798784022548852,1.2611525131750885,1.9187637421810326,1.9463862176099418,0.5382831891024229,0.8333333333333334,1.0,4.896721687497366,7.45632488145248,True
D1,96,149,AutoETS,h1,1,ARIMA,8.255850315093994,4.930356979370117,0.4809920843218302,0.3902101316418437,0.9503386842069232,0.9548759620336226,0.19551027983882135,1.0,1.0,2.0391187412906278,3.1050022397111134,True
D1,96,149,AutoETS,h1_6,1,ARIMA,8.255850315093994,4.930356979370117,0.9587500167623833,0.8882619007893516,1.9062573650550436,1.927932079247946,0.35125351980235264,0.8333333333333334,1.0,2.8711368386337512,4.371930939554981,True
D1,96,149,AutoETS,h1_12,1,ARIMA,8.255850315093994,4.930356979370117,1.0264234019221978,0.9307117932550412,2.0355602360422944,2.053478779664784,0.3996483349692272,0.9166666666666666,1.0,3.6084301873043296,5.494620586111461,True
D1,96,150,AutoETS,h1,1,ARIMA,8.255850315093994,4.930356979370117,1.453384916641748,1.2238423953222364,2.9459522836977605,2.9899941846807767,0.49720117992828927,0.0,1.0,2.0236143391240025,3.0813934118003536,True
D1,96,150,AutoETS,h1_6,1,ARIMA,8.255850315093994,4.930356979370117,1.515581063450238,1.3860072296840087,2.9934262461163827,2.961469778090798,0.520405450587247,0.6666666666666666,1.0,3.4326199935286743,5.226911288764736,True
D1,96,150,AutoETS,h1_12,1,ARIMA,8.255850315093994,4.930356979370117,1.1504998994485216,1.1149972185113755,2.277209414619942,2.257466139594365,0.5010248782200974,0.8333333333333334,1.0,4.568032798086605,6.95582448531438,True
D1,96,151,AutoETS,h1,1,ARIMA,8.255850315093994,4.930356979370117,0.41374976247259926,0.3093903376761021,0.685718619429939,0.6880777580815998,0.19537868773194347,1.0,1.0,2.2349156497781113,3.403145661705932,True
D1,96,151,AutoETS,h1_6,1,ARIMA,8.255850315093994,4.930356979370117,1.564541027495172,1.3552412939653444,2.621032669114664,2.6598814651016154,0.5517761490044362,0.6666666666666666,1.0,3.597059186943942,5.4773057623732315,True
D1,96,151,AutoETS,h1_12,1,ARIMA,8.255850315093994,4.930356979370117,1.6053611972495687,1.4153071893745979,2.673244101953809,2.6971969245182206,0.6165192072544895,0.75,1.0,4.722422373714594,7.190916227843088,True
D1,96,152,AutoETS,h1,1,ARIMA,8.255850315093994,4.930356979370117,0.7908041839199257,0.5898350719462171,1.4415094531497343,1.4519746289163165,0.26897704910613857,1.0,1.0,2.2464024357239047,3.420636794206739,True
D1,96,152,AutoETS,h1_6,1,ARIMA,8.255850315093994,4.930356979370117,0.9000644032437498,0.7956583448453818,1.6179883296648934,1.6075078554102114,0.3790563307980558,1.0,1.0,3.4775760393041377,5.295366656269728,True
D1,96,152,AutoETS,h1_12,1,ARIMA,8.255850315093994,4.930356979370117,0.9045769887897263,0.7908910813172112,1.626787882180209,1.6169419382942838,0.4312331478669791,1.0,1.0,4.513220871200997,6.872361393000797,True
D1,96,153,AutoETS,h1,1,ARIMA,8.255850315093994,4.930356979370117,2.159008864593402,1.686325457016419,3.797626079097913,3.8711316312909703,0.8117792897077034,0.0,0.0,2.265005121247893,3.4489634330860617,True
D1,96,153,AutoETS,h1_6,1,ARIMA,8.255850315093994,4.930356979370117,1.0448891870444472,1.0279819397146805,1.829887274787743,1.8569850368467742,0.4683309360384239,0.6666666666666666,0.8333333333333334,3.5988654147689947,5.480056137488059,True
D1,96,153,AutoETS,h1_12,1,ARIMA,8.255850315093994,4.930356979370117,1.3206373483209206,1.328899328911133,2.3238982857801047,2.3704893475400484,0.5659525927288159,0.75,0.9166666666666666,4.7077475442200525,7.1685706049397835,True
D1,96,154,AutoETS,h1,1,ARIMA,8.255850315093994,4.930356979370117,0.8908840969802666,0.7210044277829241,1.359443287681029,1.3502652425779706,0.29510315465289005,1.0,1.0,2.170145169674017,3.304518503945082,True
D1,96,154,AutoETS,h1_6,1,ARIMA,8.255850315093994,4.930356979370117,0.6373946537270293,0.5624943135641263,0.9789282502229354,0.9786397682010666,0.3297892671283806,1.0,1.0,3.675301291725036,5.59644640174142,True
D1,96,154,AutoETS,h1_12,1,ARIMA,8.255850315093994,4.930356979370117,1.2040524431554185,1.203653686490913,1.8734468304560021,1.8980267194365397,0.5013350006007828,1.0,1.0,4.8901663852456325,7.446343006556494,True
D1,96,155,AutoETS,h1,1,ARIMA,8.255850315093994,4.930356979370117,0.9890988801027509,0.7356639192951752,1.437174430296645,1.4269207601439533,0.32336707082625826,1.0,1.0,2.2148840441617463,3.3726431808820667,True
D1,96,155,AutoETS,h1_6,1,ARIMA,8.255850315093994,4.930356979370117,2.813269933654111,2.3363609652813646,4.014577753179893,3.917406541019229,1.099203456421131,0.5,0.5,3.2278099701534626,4.915043437021676,True
D1,96,155,AutoETS,h1_12,1,ARIMA,8.255850315093994,4.930356979370117,3.4007884791225838,2.718695781514217,4.83837215360903,4.707673285038658,1.267917410829461,0.3333333333333333,0.4166666666666667,4.10739833857634,6.25440823156438,True
D1,96,156,AutoETS,h1,1,ARIMA,8.255850315093994,4.930356979370117,0.9883595567989456,0.776651886626865,1.735262940032407,1.7203367569389485,0.32128581089515496,1.0,1.0,2.1294231685619174,3.2425103912745334,True
D1,96,156,AutoETS,h1_6,1,ARIMA,8.255850315093994,4.930356979370117,1.4537810890016163,1.5690420513131296,2.514113740595658,2.457040236461867,0.5872353978114947,0.6666666666666666,0.8333333333333334,2.9546677401219013,4.499124923384314,True
D1,96,156,AutoETS,h1_12,1,ARIMA,8.255850315093994,4.930356979370117,1.1245460698171235,1.2424356638984504,1.9693846971921596,1.949130844327743,0.49966808874621743,0.8333333333333334,0.9166666666666666,3.692254559794075,5.622261443435107,True
D1,96,157,AutoETS,h1,1,ARIMA,8.255850315093994,4.930356979370117,0.6526922600434987,0.5362908493971962,1.2262103799457067,1.2187382325895166,0.22618172684156101,1.0,1.0,2.04454196864779,3.1132602841052472,True
D1,96,157,AutoETS,h1_6,1,ARIMA,8.255850315093994,4.930356979370117,0.5048547391883824,0.6029979117831977,0.9449018081214255,0.9357170997641331,0.3054717605953348,0.8333333333333334,1.0,3.2575371964816977,4.960309611305942,True
D1,96,157,AutoETS,h1_12,1,ARIMA,8.255850315093994,4.930356979370117,1.404529623430913,1.6781646962428778,2.722832227040127,2.797096443360623,0.5782509951260277,0.75,0.9166666666666666,4.264587339537801,6.493762708653032,True
D1,96,158,AutoETS,h1,1,ARIMA,8.255850315093994,4.930356979370117,1.0091973540001595,0.7971726622120162,1.7753362934645818,1.7912365295702095,0.3276100945534428,1.0,1.0,2.1538422661695633,3.279693783898086,True
D1,96,158,AutoETS,h1_6,1,ARIMA,8.255850315093994,4.930356979370117,0.7448399928099964,0.6429133465680426,1.2939367710979364,1.2892802177012517,0.34307323237315807,1.0,1.0,3.6100455192513206,5.4970802806901675,True
D1,96,158,AutoETS,h1_12,1,ARIMA,8.255850315093994,4.930356979370117,1.1631943209115647,1.1270933407328134,2.0511952575819508,2.075387003741393,0.4927439511623616,1.0,1.0,4.7897366342686984,7.293416845169913,True
D1,96,159,AutoETS,h1,1,ARIMA,8.255850315093994,4.930356979370117,0.23948632894903246,0.19566288765196616,0.44888154634884847,0.4498912858292079,0.16532473436857834,1.0,1.0,2.0742374794638794,3.1584781646171622,True
D1,96,159,AutoETS,h1_6,1,ARIMA,8.255850315093994,4.930356979370117,1.407813547897542,1.5741660522848662,2.6994398463826554,2.769619031347268,0.5784916843910672,0.5,0.5,2.8354639101742345,4.317611139280015,True
D1,96,159,AutoETS,h1_12,1,ARIMA,8.255850315093994,4.930356979370117,1.4471685755153356,1.4710157883339747,2.7638390241034223,2.824070454361683,0.56708917489881,0.6666666666666666,0.75,3.522038936997209,5.36307109845128,True
D1,96,160,AutoETS,h1,1,ARIMA,8.255850315093994,4.930356979370117,0.4202208933690652,0.32392843575838076,0.6719342511078992,0.674199339248476,0.19257533207665084,1.0,1.0,2.1662901026040378,3.298648325007423,True
D1,96,160,AutoETS,h1_6,1,ARIMA,8.255850315093994,4.930356979370117,0.8905555894904531,0.8886756462561395,1.4105037170597179,1.4022720049653234,0.3698087757834663,0.8333333333333334,1.0,3.3326199188959964,5.074639403161239,True
D1,96,160,AutoETS,h1_12,1,ARIMA,8.255850315093994,4.930356979370117,0.9498130136879196,0.9793841836765539,1.4975652493501772,1.482171263481258,0.4518714893098047,0.8333333333333334,1.0,4.3175380362025,6.5743916727289955,True
D1,96,161,AutoETS,h1,1,ARIMA,8.255850315093994,4.930356979370117,1.3122430004295098,1.078042891388864,2.3609430362448847,2.333397938180211,0.4413783209110331,0.0,1.0,2.0514176154116903,3.1237299532662615,True
D1,96,161,AutoETS,h1_6,1,ARIMA,8.255850315093994,4.930356979370117,1.312548949471241,1.1308858789931402,2.3587351438624657,2.328618378390702,0.48642912830706175,0.6666666666666666,1.0,3.7045355082504376,5.6409618612629835,True
D1,96,161,AutoETS,h1_12,1,ARIMA,8.255850315093994,4.930356979370117,0.9866298889893874,0.9359229522296045,1.7759896520344889,1.756214703512936,0.5006942268845457,0.8333333333333334,1.0,5.003786822711456,7.619354859993265,True
D1,96,162,AutoETS,h1,1,ARIMA,8.255850315093994,4.930356979370117,0.3638046054492264,0.2886570036854317,0.6597187532703235,0.6575497637186553,0.1810017388897894,1.0,1.0,2.127912351551255,3.2402098434413387,True
D1,96,162,AutoETS,h1_6,1,ARIMA,8.255850315093994,4.930356979370117,1.1927399229813809,1.2890518280938497,2.211759632940315,2.2558281812942993,0.47048468126129445,0.6666666666666666,0.8333333333333334,2.823497838459505,4.299390189846119,True
D1,96,162,AutoETS,h1_12,1,ARIMA,8.255850315093994,4.930356979370117,1.2747425575233462,1.269436663442719,2.3609209955136894,2.4045837147978104,0.4963694571864105,0.75,0.9166666666666666,3.4627823383944647,5.272840025756257,True
D1,96,163,AutoETS,h1,1,ARIMA,8.255850315093994,4.930356979370117,2.431561548656787,1.9190205305560712,3.935941427418308,3.859978187139834,0.9737574371647203,0.0,0.0,2.0475630074788165,3.1178604734648236,True
D1,96,163,AutoETS,h1_6,1,ARIMA,8.255850315093994,4.930356979370117,2.793275721382364,2.300681864968479,4.499401092735562,4.3923392083115695,1.0725142278486164,0.0,0.16666666666666666,2.8508015677399654,4.340966062232358,True
D1,96,163,AutoETS,h1_12,1,ARIMA,8.255850315093994,4.930356979370117,3.4396040087087196,2.8243140924305377,5.510357328234679,5.351630720382608,1.3050236829748871,0.0,0.16666666666666666,3.566829386089367,5.431274308952302,True
D1,96,164,AutoETS,h1,1,ARIMA,8.255850315093994,4.930356979370117,0.6351197977313807,0.5139674531287953,1.0880538610219017,1.0821665833753495,0.22242870307624435,1.0,1.0,2.060871551999113,3.1381256300278166,True
D1,96,164,AutoETS,h1_6,1,ARIMA,8.255850315093994,4.930356979370117,0.7507018130227735,0.6454302383474946,1.2995494015988984,1.3061591561482475,0.29400527507409874,1.0,1.0,2.952526328050874,4.495864157278818,True
D1,96,164,AutoETS,h1_12,1,ARIMA,8.255850315093994,4.930356979370117,1.5179616957223037,1.4497183724988933,2.661852588483181,2.711205933267068,0.5316637397237434,0.75,1.0,3.734713219788127,5.6869139973580936,True
D1,96,165,AutoETS,h1,1,ARIMA,8.255850315093994,4.930356979370117,3.2650456274963493,2.5138710909161723,4.798539440835082,4.91649952524885,1.3705691281699544,0.0,0.0,2.2161775081217683,3.374612761373625,True
D1,96,165,AutoETS,h1_6,1,ARIMA,8.255850315093994,4.930356979370117,3.5688634105792816,2.771861348708112,5.259292808706187,5.404137510814336,1.383872112725883,0.0,0.16666666666666666,3.393906982306013,5.167962300597305,True
D1,96,165,AutoETS,h1_12,1,ARIMA,8.255850315093994,4.930356979370117,3.2446599856712752,2.619188488767936,4.779365677877827,4.908934075856353,1.1950797425745354,0.25,0.5,4.390634577433988,6.685697071302914,True
D1,96,166,AutoETS,h1,1,ARIMA,8.255850315093994,4.930356979370117,0.1419799222287465,0.11572109442610647,0.23878102344771338,0.23849628151676813,0.16165520551160853,1.0,1.0,2.0980811742311016,3.1947853811397224,True
D1,96,166,AutoETS,h1_6,1,ARIMA,8.255850315093994,4.930356979370117,1.848697044967167,1.790847329179811,3.046094266651154,2.9825441421945094,0.6703928816592712,0.5,0.8333333333333334,3.7256839443258314,5.673164959616597,True
D1,96,166,AutoETS,h1_12,1,ARIMA,8.255850315093994,4.930356979370117,2.21040398948129,2.016876142570431,3.6372932028145963,3.55688084971732,0.7866151906510138,0.5833333333333334,0.9166666666666666,5.011897627018159,7.631705325431208,True
D1,96,167,AutoETS,h1,1,ARIMA,8.255850315093994,4.930356979370117,0.9279563154477368,0.7790385127580715,1.5158523565657684,1.5274291418868504,0.29959888413077185,1.0,1.0,1.905815867900059,2.902019592327073,True
D1,96,167,AutoETS,h1_6,1,ARIMA,8.255850315093994,4.930356979370117,1.177776067303531,1.0167041930180354,1.9289525957763776,1.9488591420512043,0.3918859498042271,0.6666666666666666,1.0,2.567101994085736,3.908971694388957,True
D1,96,167,AutoETS,h1_12,1,ARIMA,8.255850315093994,4.930356979370117,1.5698117823844795,1.385010353664253,2.5339301004250734,2.523858850562154,0.5187693032260831,0.5833333333333334,1.0,3.168707570199249,4.825047165341104,True
D1,96,168,AutoETS,h1,1,ARIMA,8.255850315093994,4.930356979370117,3.911419194035311,3.140331155016347,6.536739962835523,6.757603445305128,1.714466542945353,0.0,0.0,2.0409616655918157,3.1078084932004035,True
D1,96,168,AutoETS,h1_6,1,ARIMA,8.255850315093994,4.930356979370117,2.880679828620127,2.452993656840505,4.787529474992231,4.920638016981647,1.159133117442943,0.16666666666666666,0.3333333333333333,2.8604853585856893,4.355711742145947,True
D1,96,168,AutoETS,h1_12,1,ARIMA,8.255850315093994,4.930356979370117,1.8391274666728548,1.82970251314759,3.03866306461434,3.1049347562703846,0.7840647925755413,0.5833333333333334,0.6666666666666666,3.588165174849056,5.463762692558113,True
D1,96,169,AutoETS,h1,1,ARIMA,8.255850315093994,4.930356979370117,1.7761757230407176,1.46121294047167,2.6768504747595716,2.641496025312406,0.6460997623446572,0.0,0.0,2.0472648874649693,3.11740652083716,True
D1,96,169,AutoETS,h1_6,1,ARIMA,8.255850315093994,4.930356979370117,1.2128414147313105,1.2530782904109374,1.8679109232637516,1.8841200867249965,0.47985312151401427,0.6666666666666666,0.8333333333333334,3.1953720090766415,4.865649578902634,True
D1,96,169,AutoETS,h1_12,1,ARIMA,8.255850315093994,4.930356979370117,1.6814392640795468,1.6843988848041804,2.60990054362103,2.653676381487257,0.6436892718953948,0.5833333333333334,0.8333333333333334,4.157202797147506,6.330246363145272,True
D1,96,170,AutoETS,h1,1,ARIMA,8.255850315093994,4.930356979370117,1.7688434151140182,1.38553298530547,2.5964266164525767,2.5631514433055895,0.6269278024086835,0.0,0.0,2.1784469258698778,3.3171597352082367,True
D1,96,170,AutoETS,h1_6,1,ARIMA,8.255850315093994,4.930356979370117,1.3777909973565154,1.1974363469399505,2.0235257079851663,1.9987255089724685,0.4940750913072542,0.5,0.8333333333333334,2.9431490333965353,4.481585184546839,True
D1,96,170,AutoETS,h1_12,1,ARIMA,8.255850315093994,4.930356979370117,1.4009783456848839,1.2567385756180984,2.055970137736451,2.0292905464718025,0.5235293827079386,0.6666666666666666,0.8333333333333334,3.637790824365013,5.539328548422215,True
D1,96,171,AutoETS,h1,1,ARIMA,8.255850315093994,4.930356979370117,0.4886952546868285,0.38655412176316073,0.7795313283482714,0.7765047793377419,0.2053734331539761,1.0,1.0,2.190787253218427,3.3359505703274146,True
D1,96,171,AutoETS,h1_6,1,ARIMA,8.255850315093994,4.930356979370117,1.5367853637930866,1.4680266853010744,2.5046241144498063,2.5503132978768672,0.5409802749784178,0.6666666666666666,0.8333333333333334,3.3730786772941816,5.136246671486773,True
D1,96,171,AutoETS,h1_12,1,ARIMA,8.255850315093994,4.930356979370117,1.8708930069386047,1.6747274477619767,3.0539982993199875,3.11465524164465,0.6535267491271112,0.6666666666666666,0.9166666666666666,4.371085729143335,6.65592969361317,True
D1,96,172,AutoETS,h1,1,ARIMA,8.255850315093994,4.930356979370117,1.4097798554280152,1.0780053526969966,2.1214669617642072,2.099200044066106,0.4732783160642121,0.0,1.0,2.2308837417709344,3.397006203939671,True
D1,96,172,AutoETS,h1_6,1,ARIMA,8.255850315093994,4.930356979370117,1.8505176769700669,1.4913417123767228,2.788668789300495,2.7642202091176142,0.6377027656083365,0.5,1.0,3.7747667370313227,5.74790419779621,True
D1,96,172,AutoETS,h1_12,1,ARIMA,8.255850315093994,4.930356979370117,2.4286501836686614,2.0501595072283645,3.7439173536003034,3.798620885911747,0.8375270381308726,0.5,1.0,5.020236706018171,7.644403388789582,True
D1,96,173,AutoETS,h1,1,ARIMA,8.255850315093994,4.930356979370117,0.32078577551971144,0.24137859786241844,0.5253982105213469,0.526782062285645,0.18385693100470882,1.0,1.0,2.265472929589277,3.4496757731368755,True
D1,96,173,AutoETS,h1_6,1,ARIMA,8.255850315093994,4.930356979370117,2.5213976881777733,2.106524806384267,4.226333446903849,4.34000945166321,0.91145499924996,0.3333333333333333,0.5,3.688694267208199,5.616840122827664,True
D1,96,173,AutoETS,h1_12,1,ARIMA,8.255850315093994,4.930356979370117,3.0887468572950447,2.4729102691807276,5.1942006930020055,5.352248823791717,1.0694941990200475,0.25,0.75,4.8570154244636825,7.39586345115239,True
D1,96,174,AutoETS,h1,1,ARIMA,8.255850315093994,4.930356979370117,0.5752698648515536,0.4592284205004006,0.9644964855921432,0.9691702922964442,0.20563037289312933,1.0,1.0,1.9402455048061644,2.9544462105230354,True
D1,96,174,AutoETS,h1_6,1,ARIMA,8.255850315093994,4.930356979370117,1.933120301030414,1.9016565925850986,3.1501817197232116,3.0788785916497448,0.7788574299554335,0.5,0.5,2.3256952860759417,3.5413774224745795,True
D1,96,174,AutoETS,h1_12,1,ARIMA,8.255850315093994,4.930356979370117,2.5346880359765245,2.284829092716418,4.119264879127922,4.015437080645575,0.9981857664983921,0.25,0.3333333333333333,2.706920404025082,4.121875664728489,True
D1,96,175,AutoETS,h1,1,ARIMA,8.255850315093994,4.930356979370117,0.5740304575952386,0.44640410315810386,1.041344417701494,1.0359505112917509,0.21584181008001294,1.0,1.0,2.124419606945954,3.234891379340845,True
D1,96,175,AutoETS,h1_6,1,ARIMA,8.255850315093994,4.930356979370117,1.2798595855194022,1.0889831603070483,2.301843049241415,2.2707391549773503,0.46442705948993895,0.6666666666666666,0.8333333333333334,3.219480275958347,4.902359664072008,True
D1,96,175,AutoETS,h1_12,1,ARIMA,8.255850315093994,4.930356979370117,1.6139762511744247,1.4173753788690366,2.944105978383356,2.947481104849473,0.5798004915274224,0.5833333333333334,0.9166666666666666,4.151497205953219,6.321558358332992,True
D1,96,176,AutoETS,h1,1,ARIMA,8.255850315093994,4.930356979370117,1.5836460930284513,1.30515434255061,2.676580479062905,2.641233114093716,0.5437629062261654,0.0,1.0,2.145482138733623,3.2669636697133697,True
D1,96,176,AutoETS,h1_6,1,ARIMA,8.255850315093994,4.930356979370117,1.628823681089582,1.4382330546368816,2.823485637364908,2.8583181174848318,0.5539917595258859,0.6666666666666666,1.0,3.478340474657922,5.2965306755284205,True
D1,96,176,AutoETS,h1_12,1,ARIMA,8.255850315093994,4.930356979370117,1.3443760859186373,1.2616949241352944,2.331869307454058,2.3620038267422507,0.5455309218892418,0.75,1.0,4.5757543688718645,6.967582257972163,True
D1,96,177,AutoETS,h1,1,ARIMA,8.255850315093994,4.930356979370117,2.5066622875683744,2.0779308048409963,4.961866557692683,4.841746068209245,1.0192934830211056,0.0,0.0,1.9800026813583347,3.0149851677398725,True
D1,96,177,AutoETS,h1_6,1,ARIMA,8.255850315093994,4.930356979370117,2.8156335598552,2.357058481941403,5.553515016737172,5.400845575377459,1.0785429631775119,0.0,0.16666666666666666,2.8226183564037433,4.298050986935745,True
D1,96,177,AutoETS,h1_12,1,ARIMA,8.255850315093994,4.930356979370117,3.472764680700609,2.961231579278746,6.796155469913917,6.561522795747905,1.3231510806873914,0.0,0.16666666666666666,3.5634436866290837,5.426118844390924,True
D1,96,178,AutoETS,h1,1,ARIMA,8.255850315093994,4.930356979370117,1.3487087836708762,1.051212807747521,2.3274889777908654,2.354893926074895,0.4518027007617333,0.0,1.0,2.1632084247387957,3.29395579951595,True
D1,96,178,AutoETS,h1_6,1,ARIMA,8.255850315093994,4.930356979370117,1.9857836197988035,1.628894584790283,3.452375774912647,3.520102708042705,0.6635220828706441,0.3333333333333333,0.8333333333333334,3.488567060124559,5.312102878429367,True
D1,96,178,AutoETS,h1_12,1,ARIMA,8.255850315093994,4.930356979370117,2.0176411780196872,1.7590612632871627,3.5178642178357555,3.5979993516787245,0.7157361229263517,0.5,0.9166666666666666,4.581458702442164,6.976268347778111,True
D1,96,179,AutoETS,h1,1,ARIMA,8.255850315093994,4.930356979370117,1.9002952228183372,1.588173391579884,3.669454169621569,3.603342665774069,0.7312348582492654,0.0,0.0,1.8520431148853616,2.82013886848045,True
D1,96,179,AutoETS,h1_6,1,ARIMA,8.255850315093994,4.930356979370117,3.417747889906129,2.98863840526376,6.4850436875489414,6.264534711859337,1.4037064297442505,0.0,0.0,2.581774644332049,3.931313998912366,True
D1,96,179,AutoETS,h1_12,1,ARIMA,8.255850315093994,4.930356979370117,3.3617083998101664,3.0725794102375286,6.362098790034768,6.1312861376877965,1.3693466659880136,0.08333333333333333,0.25,3.232162375930557,4.921670922421305,True
D1,96,180,AutoETS,h1,1,ARIMA,8.255850315093994,4.930356979370117,1.0523548268499074,0.8488772552762853,1.915827712932433,1.89764986195753,0.3470563668698497,0.0,1.0,1.8506850200277813,2.818070873375917,True
D1,96,180,AutoETS,h1_6,1,ARIMA,8.255850315093994,4.930356979370117,1.6675988288064352,1.5923463054844844,3.108622471596637,3.156217235320715,0.6310024911813906,0.0,0.8333333333333334,1.9235137143623702,2.928968416733793,True
D1,96,180,AutoETS,h1_12,1,ARIMA,8.255850315093994,4.930356979370117,1.6260702655131263,1.5189351488723133,3.0381211972818885,3.0905520927557437,0.6246528003025646,0.08333333333333333,0.6666666666666666,2.006590866970572,3.05547146910338,True
D1,96,181,AutoETS,h1,1,ARIMA,8.255850315093994,4.930356979370117,0.007181136402465082,0.0056988197864161535,0.009748100076072031,0.009748575226506568,0.16235373484050392,1.0,1.0,2.209793558801836,3.3648918086232347,True
D1,96,181,AutoETS,h1_6,1,ARIMA,8.255850315093994,4.930356979370117,0.9027241914748368,0.9319331314795454,1.231656601629337,1.2382815564383525,0.39960487774233105,1.0,1.0,3.9900211891188593,6.0756759662105235,True
D1,96,181,AutoETS,h1_12,1,ARIMA,8.255850315093994,4.930356979370117,1.4652597615613923,1.4643955165208544,2.0176192842435343,2.047542970098407,0.5935941991086265,0.9166666666666666,1.0,5.3885529521271245,8.205245063152534,True
D1,96,182,AutoETS,h1,1,ARIMA,8.255850315093994,4.930356979370117,0.0682941343343806,0.05581733728458181,0.13605365393917485,0.1361462699266434,0.15119462933437364,1.0,1.0,2.0112076566940886,3.0625015366230155,True
D1,96,182,AutoETS,h1_6,1,ARIMA,8.255850315093994,4.930356979370117,0.6372781127340703,0.7629465187443123,1.286234861699762,1.3044331952808625,0.30610420586358544,0.8333333333333334,1.0,2.903806373445321,4.4216774191033235,True
D1,96,182,AutoETS,h1_12,1,ARIMA,8.255850315093994,4.930356979370117,0.7182473760075194,0.829449877644542,1.450586091483396,1.4720387230432825,0.3636703921130873,0.9166666666666666,1.0,3.6829370856887524,5.60807356051311,True
D1,96,183,AutoETS,h1,1,ARIMA,8.255850315093994,4.930356979370117,1.0775750272282254,0.9045134826470641,1.8202199008584874,1.8038033074710222,0.3516490129674686,0.0,1.0,2.0058753438890773,3.054381929428422,True
D1,96,183,AutoETS,h1_6,1,ARIMA,8.255850315093994,4.930356979370117,1.1293751823202858,1.0062446126674762,1.9046018028833969,1.8844316099758587,0.41803274573243016,0.6666666666666666,1.0,3.2731206126486936,4.984038755235172,True
D1,96,183,AutoETS,h1_12,1,ARIMA,8.255850315093994,4.930356979370117,1.0822395135271274,1.0672530016170187,1.8441441207808984,1.8440837775755379,0.46561210935940023,0.8333333333333334,1.0,4.3132472822918,6.567858065718775,True
D1,96,184,AutoETS,h1,1,ARIMA,8.255850315093994,4.930356979370117,0.5152115187855801,0.3995934955385997,0.8399517112796703,0.8364388699785736,0.2069829859054794,1.0,1.0,2.1411139309812115,3.2603121223659217,True
D1,96,184,AutoETS,h1_6,1,ARIMA,8.255850315093994,4.930356979370117,1.9089220479414297,1.751771298604204,3.059096121128304,2.996022963912782,0.7034115383717943,0.5,0.6666666666666666,3.35058308655054,5.101992236848783,True
D1,96,184,AutoETS,h1_12,1,ARIMA,8.255850315093994,4.930356979370117,1.2871640640909845,1.302782735385021,2.0746013420136658,2.043479781473724,0.5720133868432047,0.75,0.8333333333333334,4.363314819556816,6.644096791888441,True
D1,96,185,AutoETS,h1,1,ARIMA,8.255850315093994,4.930356979370117,1.975105278668893,1.6290831791041764,3.211582927210208,3.263995894659065,0.7519777264640541,0.0,0.0,1.9930081236639619,3.0347887851897593,True
D1,96,185,AutoETS,h1_6,1,ARIMA,8.255850315093994,4.930356979370117,1.9835991479864816,1.8796395023768884,3.242366875687109,3.313684600733835,0.78813573377304,0.3333333333333333,0.5,2.6326105625464473,4.008722752369047,True
D1,96,185,AutoETS,h1_12,1,ARIMA,8.255850315093994,4.930356979370117,1.454206889040288,1.4544662968750524,2.366230310787154,2.4070631607669575,0.584726175573868,0.6666666666666666,0.75,3.2220781079275143,4.906315428843976,True
D1,96,186,AutoETS,h1,1,ARIMA,8.255850315093994,4.930356979370117,2.6628765383084945,2.0740443905817854,5.015022364333911,5.144008964326057,1.0820505346308749,0.0,0.0,2.109867195921183,3.2127321652106753,True
D1,96,186,AutoETS,h1_6,1,ARIMA,8.255850315093994,4.930356979370117,2.752009103840165,2.1879471221602462,5.1930452861957255,5.337963047011351,1.0430878772572525,0.0,0.3333333333333333,2.9232448016457506,4.451276658165097,True
D1,96,186,AutoETS,h1_12,1,ARIMA,8.255850315093994,4.930356979370117,2.093094579867637,1.761701049832975,3.9340705784329,4.027287470370269,0.780588659987285,0.5,0.6666666666666666,3.6504357344239904,5.5585831770316405,True
D1,96,187,AutoETS,h1,1,ARIMA,8.255850315093994,4.930356979370117,0.25710876527082993,0.1994082181384185,0.39927687923218563,0.398481357268374,0.1687400906191347,1.0,1.0,2.1074800345161364,3.2090971922396836,True
D1,96,187,AutoETS,h1_6,1,ARIMA,8.255850315093994,4.930356979370117,1.604453374143192,1.5612591688831432,2.4486612363970193,2.402803849503884,0.6282256256896217,0.6666666666666666,0.6666666666666666,2.9087984237938893,4.429278902626172,True
D1,96,187,AutoETS,h1_12,1,ARIMA,8.255850315093994,4.930356979370117,1.4595583219355075,1.3889217430372187,2.233942855955906,2.1982234689284272,0.5734956743381526,0.75,0.8333333333333334,3.6268643459912004,5.522690606189691,True
D1,96,188,AutoETS,h1,1,ARIMA,8.255850315093994,4.930356979370117,0.5018424986998775,0.4055212477721469,0.8738604970264963,0.8776954137791109,0.20795388144122604,1.0,1.0,2.1976684269527476,3.3464286555042326,True
D1,96,188,AutoETS,h1_6,1,ARIMA,8.255850315093994,4.930356979370117,2.577817518088035,2.2472422357491295,4.588732990780466,4.715134554799874,0.9326903593600837,0.3333333333333333,0.3333333333333333,3.616343632167391,5.506670528827446,True
D1,96,188,AutoETS,h1_12,1,ARIMA,8.255850315093994,4.930356979370117,2.1712390133538952,1.9906288484011556,3.8550769450525326,3.951135573171453,0.8196554249073171,0.5833333333333334,0.6666666666666666,4.776527423739459,7.27330294623525,True
D1,96,189,AutoETS,h1,1,ARIMA,8.255850315093994,4.930356979370117,0.11282334428821653,0.09063300835723703,0.20568435415412645,0.20547304120524454,0.1599962411695957,1.0,1.0,2.097546930881774,3.1939718793251166,True
D1,96,189,AutoETS,h1_6,1,ARIMA,8.255850315093994,4.930356979370117,0.6368656184350653,0.604498864731531,1.1611220983598445,1.1601593639770222,0.3068825251987256,1.0,1.0,3.2997908370149664,5.024649978463137,True
D1,96,189,AutoETS,h1_12,1,ARIMA,8.255850315093994,4.930356979370117,0.6490615412912877,0.6363421549025825,1.178272988070457,1.1722573091002875,0.37325665685319026,1.0,1.0,4.303064784598439,6.552352996051411,True
D1,96,190,AutoETS,h1,1,ARIMA,8.255850315093994,4.930356979370117,0.19077939973498712,0.15546833414225492,0.3323604774441978,0.33291371424927585,0.16215752100755257,1.0,1.0,2.067943637731439,3.148894420286896,True
D1,96,190,AutoETS,h1_6,1,ARIMA,8.255850315093994,4.930356979370117,1.03636432366323,1.1327057281841248,1.7755870775510891,1.7497540724788252,0.4150726590714595,0.6666666666666666,1.0,3.2302045966367534,4.918689777199579,True
D1,96,190,AutoETS,h1_12,1,ARIMA,8.255850315093994,4.930356979370117,0.9173165447332124,1.0110707517813897,1.5746354992231248,1.5546332000732597,0.44433439339536107,0.8333333333333334,1.0,4.20431810118005,6.401989671459493,True
D1,96,191,AutoETS,h1,1,ARIMA,8.255850315093994,4.930356979370117,2.038008157322597,1.642624773703651,3.100484474866512,3.1493063521232956,0.7701394370740754,0.0,0.0,2.1054417311784572,3.20599343162952,True
D1,96,191,AutoETS,h1_6,1,ARIMA,8.255850315093994,4.930356979370117,3.5226722588716837,2.9788427966903956,5.4355491739383694,5.604310955010427,1.432192380072859,0.0,0.0,2.7846181002072394,4.240187323476377,True
D1,96,191,AutoETS,h1_12,1,ARIMA,8.255850315093994,4.930356979370117,3.287548367956323,2.918453240587461,5.07724105755133,5.240170965334492,1.3225380202922317,0.16666666666666666,0.25,3.410038355203132,5.192525827949062,True
D1,96,192,AutoETS,h1,1,ARIMA,8.255850315093994,4.930356979370117,1.5807819797453075,1.2660069915868781,2.4404532482428456,2.411033179470545,0.5450525161255776,0.0,0.0,2.075609687243116,3.160567649717573,True
D1,96,192,AutoETS,h1_6,1,ARIMA,8.255850315093994,4.930356979370117,1.5940701274632805,1.4514924744117559,2.520442638476619,2.5512204370212443,0.5678856340121884,0.5,0.6666666666666666,2.897575132008155,4.412188997351909,True
D1,96,192,AutoETS,h1_12,1,ARIMA,8.255850315093994,4.930356979370117,1.207498199661291,1.1454784902748683,1.9067029686072174,1.9271507867087705,0.48005470784848103,0.75,0.8333333333333334,3.629461023307902,5.526644612751891,True
D1,96,193,AutoETS,h1,1,ARIMA,8.255850315093994,4.930356979370117,1.2634155259812383,1.0553456349323742,2.4245775946589,2.3955367707511757,0.4241615493254945,0.0,1.0,1.9986969628740052,3.0434512814588013,True
D1,96,193,AutoETS,h1_6,1,ARIMA,8.255850315093994,4.930356979370117,1.2180056675228603,1.137107644958387,2.331701793188446,2.298352876849029,0.46773650421111057,0.5,1.0,3.3170850192896637,5.050984136258631,True
D1,96,193,AutoETS,h1_12,1,ARIMA,8.255850315093994,4.930356979370117,1.4896420788254452,1.5766391347915722,2.9277149188357092,2.9658560200166937,0.5986713858168063,0.5833333333333334,1.0,4.39114922716322,6.6864807375650015,True
D1,96,194,AutoETS,h1,1,ARIMA,8.255850315093994,4.930356979370117,0.21314223463082846,0.16813172042377358,0.3986367978298752,0.39784382189389433,0.16852594006759883,1.0,1.0,2.1378859298117874,3.255396787786366,True
D1,96,194,AutoETS,h1_6,1,ARIMA,8.255850315093994,4.930356979370117,0.577522689110039,0.58884134194001,1.0918897359297937,1.1016891902297934,0.30968722094354684,1.0,1.0,3.407463399472947,5.188604897231542,True
D1,96,194,AutoETS,h1_12,1,ARIMA,8.255850315093994,4.930356979370117,0.7748303172979036,0.7595611542942178,1.4683575562858322,1.4851143936847557,0.4033919026255223,1.0,1.0,4.460234176157067,6.791677613554894,True
D1,96,195,AutoETS,h1,1,ARIMA,8.255850315093994,4.930356979370117,0.034656740709658705,0.027405749860260797,0.06385931331176965,0.06387970988380832,0.1518483344676622,1.0,1.0,2.0456252388711404,3.1149097988694376,True
D1,96,195,AutoETS,h1_6,1,ARIMA,8.255850315093994,4.930356979370117,1.740785256957687,1.556088996685668,3.142279468342689,3.080614074012644,0.62136535442682,0.3333333333333333,0.6666666666666666,2.8789866095654717,4.383883924847442,True
D1,96,195,AutoETS,h1_12,1,ARIMA,8.255850315093994,4.930356979370117,1.7431069401043806,1.5176910489468902,3.149637963407417,3.090833938480499,0.6148533293681006,0.5,0.8333333333333334,3.61760526794201,5.508591643977127,True
D1,96,196,AutoETS,h1,1,ARIMA,8.255850315093994,4.930356979370117,0.7293049545190136,0.5868687620854226,1.201429530687921,1.194255461793004,0.24859753481716684,1.0,1.0,2.0962270781392727,3.1919621161668563,True
D1,96,196,AutoETS,h1_6,1,ARIMA,8.255850315093994,4.930356979370117,2.319928236026239,2.1594196948918443,3.932440541942328,4.026556915822971,0.8632150824166812,0.3333333333333333,0.6666666666666666,2.9907675880001907,4.554094801423084,True
D1,96,196,AutoETS,h1_12,1,ARIMA,8.255850315093994,4.930356979370117,2.216279472318756,2.183603254265226,3.770398740949509,3.87498138823102,0.8729538791134852,0.5,0.6666666666666666,3.777314653575756,5.75178395546645,True
D1,96,197,AutoETS,h1,1,ARIMA,8.255850315093994,4.930356979370117,0.07992025198904498,0.06342725551872143,0.1273679682723162,0.1272869068987194,0.15913090859556717,1.0,1.0,2.1106813675750535,3.213971918814813,True
D1,96,197,AutoETS,h1_6,1,ARIMA,8.255850315093994,4.930356979370117,1.3501974868432896,1.5882458436376572,2.1111260188835486,2.072004521834444,0.5495344290103624,0.8333333333333334,0.8333333333333334,3.2634626237995845,4.9693323644790235,True
D1,96,197,AutoETS,h1_12,1,ARIMA,8.255850315093994,4.930356979370117,1.9647541934041919,1.911885211548351,3.0650338629092917,3.0005744293411696,0.7207433915386072,0.5833333333333334,0.9166666666666666,4.233763299799795,6.446826397154621,True
D1,96,198,AutoETS,h1,1,ARIMA,8.255850315093994,4.930356979370117,0.015404950780962235,0.011959377046977616,0.021744564761007838,0.021742200887531607,0.16303514749633125,1.0,1.0,2.2128572161598474,3.369556893969008,True
D1,96,198,AutoETS,h1_6,1,ARIMA,8.255850315093994,4.930356979370117,1.3560414860072014,1.3086890326349998,1.9162079925552138,1.9190351839144593,0.5348237754062396,0.5,1.0,3.731731266521077,5.682373324279368,True
D1,96,198,AutoETS,h1_12,1,ARIMA,8.255850315093994,4.930356979370117,1.0656611794038418,1.0399458619464244,1.507520235395369,1.5111822401962536,0.5212567108866746,0.75,1.0,4.959824514748319,7.552412674663727,True
D1,96,199,AutoETS,h1,1,ARIMA,8.255850315093994,4.930356979370117,0.8478707675121193,0.6817650384188262,1.4533195664881988,1.442835064337117,0.2818453572242186,1.0,1.0,2.110480836486397,3.2136665665727957,True
D1,96,199,AutoETS,h1_6,1,ARIMA,8.255850315093994,4.930356979370117,1.3913824795742806,1.266207886418847,2.3660677378662136,2.3309515683664643,0.5352815022235496,0.6666666666666666,0.8333333333333334,3.811127548486782,5.803271449698101,True
D1,96,199,AutoETS,h1_12,1,ARIMA,8.255850315093994,4.930356979370117,1.0877066368860713,1.0531549260240474,1.8543118264195853,1.8313322863195776,0.5365572087759972,0.8333333333333334,0.9166666666666666,5.14765339235013,7.838423034838686,True
D1,96,0,AutoARIMA,h1,1,ARIMA,8.255850315093994,4.930356979370117,1.2528170308039366,1.0592682166701006,2.163074022615117,2.1867242547656467,0.4256705227121797,0.0,1.0,1.8311454514875052,2.7883176261264966,True
D1,96,0,AutoARIMA,h1_6,1,ARIMA,8.255850315093994,4.930356979370117,2.2045195373462194,2.3071852231294554,3.9085003727350567,4.0321901142205805,0.9059335138793251,0.16666666666666666,0.5,2.26707664944594,3.4521177857798704,True
D1,96,0,AutoARIMA,h1_12,1,ARIMA,8.255850315093994,4.930356979370117,1.4984326685319116,1.742491380890633,2.6315042127471653,2.685856123502662,0.6180963623016729,0.4166666666666667,0.75,2.3520374518254377,3.5814891050337097,True
D1,96,1,AutoARIMA,h1,1,ARIMA,8.255850315093994,4.930356979370117,0.30828778627235914,0.24741721284693835,0.5385730020923573,0.5400272225045366,0.1599083131158823,1.0,1.0,1.9185885876577395,2.9214688390294286,True
D1,96,1,AutoARIMA,h1_6,1,ARIMA,8.255850315093994,4.930356979370117,1.2546167066825835,1.2417268495383111,2.207557683446398,2.238836017410135,0.4762599053471749,0.5,0.8333333333333334,2.2600755584878978,3.441457100521598,True
D1,96,1,AutoARIMA,h1_12,1,ARIMA,8.255850315093994,4.930356979370117,1.2239364944847264,1.1603415599635678,2.1524574867361013,2.18214365869273,0.45307389755442523,0.5,0.8333333333333334,2.4067433323367995,3.6647907186541273,True
D1,96,2,AutoARIMA,h1,1,ARIMA,8.255850315093994,4.930356979370117,0.33445910812048923,0.2744013565834243,0.6288129000537468,0.62684206815997,0.16352721355201882,1.0,1.0,1.905453742952521,2.9014681782527405,True
D1,96,2,AutoARIMA,h1_6,1,ARIMA,8.255850315093994,4.930356979370117,1.526585384142431,1.462942039433721,2.806401462081264,2.754138504913668,0.5718741442590655,0.5,0.6666666666666666,2.4285128252277537,3.6979395112256728,True
D1,96,2,AutoARIMA,h1_12,1,ARIMA,8.255850315093994,4.930356979370117,1.1301336461817315,1.15014040337627,2.0886757577158046,2.0633990113000666,0.4356799824000401,0.6666666666666666,0.8333333333333334,2.5414849487938356,3.869964165599445,True
D1,96,3,AutoARIMA,h1,1,ARIMA,8.255850315093994,4.930356979370117,0.7735338425873637,0.5990163211244754,1.4685777045439452,1.4794410754368106,0.2586703310361642,1.0,1.0,1.9954081624391127,3.0384433667603914,True
D1,96,3,AutoARIMA,h1_6,1,ARIMA,8.255850315093994,4.930356979370117,1.4307650910108232,1.350304091218053,2.7639673579018145,2.8228994197255557,0.5400501263257995,0.6666666666666666,0.6666666666666666,2.469600638346587,3.760504652320919,True
D1,96,3,AutoARIMA,h1_12,1,ARIMA,8.255850315093994,4.930356979370117,1.282610506485502,1.209156167438771,2.4420322240473578,2.4560216118090157,0.4849102835180877,0.6666666666666666,0.75,2.561908198295397,3.9010630095070793,True
D1,96,4,AutoARIMA,h1,1,ARIMA,8.255850315093994,4.930356979370117,2.192589328855436,1.7431956365742305,3.925491041852446,4.004080961580119,0.8696807583886499,0.0,0.0,1.9171963184363643,2.919348806015604,True
D1,96,4,AutoARIMA,h1_6,1,ARIMA,8.255850315093994,4.930356979370117,1.3650845285546043,1.1817341951640783,2.4066488451525583,2.4417748666038324,0.49524286784131966,0.5,0.6666666666666666,2.2845246508477985,3.4786861666859106,True
D1,96,4,AutoARIMA,h1_12,1,ARIMA,8.255850315093994,4.930356979370117,1.0535262003277766,0.9483364538233122,1.8395478057107433,1.8550631182857662,0.3850041186791049,0.75,0.8333333333333334,2.3473313432006844,3.5743230300404822,True
D1,96,5,AutoARIMA,h1,1,ARIMA,8.255850315093994,4.930356979370117,1.065679085588819,0.8493672406410417,1.93428853091765,1.953178585602474,0.3489638495828395,0.0,1.0,1.948115435796192,2.966429893893513,True
D1,96,5,AutoARIMA,h1_6,1,ARIMA,8.255850315093994,4.930356979370117,1.063302504175073,1.0093624552848801,1.921479174715289,1.9482721785817976,0.39411328139242435,0.6666666666666666,0.8333333333333334,2.410974584187203,3.6712337208227863,True
D1,96,5,AutoARIMA,h1_12,1,ARIMA,8.255850315093994,4.930356979370117,0.9890844478399908,0.9384393552333691,1.7820622843185012,1.8050423591491682,0.37110768628097524,0.75,0.9166666666666666,2.5010636293473736,3.8084139062291116,True
D1,96,6,AutoARIMA,h1,1,ARIMA,8.255850315093994,4.930356979370117,0.36175296153304837,0.3069559746898261,0.7215784273901225,0.7189844091936028,0.16587576892721295,1.0,1.0,1.8665537413656608,2.8422344565443503,True
D1,96,6,AutoARIMA,h1_6,1,ARIMA,8.255850315093994,4.930356979370117,0.8412379442104536,0.7584917283365633,1.6233719038905206,1.6087182998316198,0.2948688493713815,1.0,1.0,2.4133765922601778,3.6748913010781044,True
D1,96,6,AutoARIMA,h1_12,1,ARIMA,8.255850315093994,4.930356979370117,1.0632810644946458,1.0335889359871082,2.055556154304858,2.0626812187807975,0.381695868884468,0.8333333333333334,0.9166666666666666,2.5377738176952787,3.8643131605159544,True
D1,96,7,AutoARIMA,h1,1,ARIMA,8.255850315093994,4.930356979370117,2.7422605002268163,2.0899267581443817,4.697602647115408,4.58979742446105,1.1197290308756556,0.0,0.0,2.1269016557613165,3.238670839052882,True
D1,96,7,AutoARIMA,h1_6,1,ARIMA,8.255850315093994,4.930356979370117,4.153994601830979,3.229595240598618,7.021208873447692,6.774558600230425,1.7104085314754025,0.0,0.0,3.1014100212785958,4.722571995114657,True
D1,96,7,AutoARIMA,h1_12,1,ARIMA,8.255850315093994,4.930356979370117,3.573479005341565,2.8378718289764358,6.062863781313361,5.870840286171408,1.3811681008363261,0.25,0.3333333333333333,3.9473638920397276,6.010720944078308,True
D1,96,8,AutoARIMA,h1,1,ARIMA,8.255850315093994,4.930356979370117,1.1694619613283461,0.9130252194382088,2.0195328160741717,1.9993441108616234,0.3865172784989068,0.0,1.0,2.0316315033718833,3.0936012898614664,True
D1,96,8,AutoARIMA,h1_6,1,ARIMA,8.255850315093994,4.930356979370117,1.214363979384907,1.1756035970849494,2.074672102736936,2.0423741341311197,0.48127190512660645,0.5,0.8333333333333334,2.7595520361119275,4.202018783518066,True
D1,96,8,AutoARIMA,h1_12,1,ARIMA,8.255850315093994,4.930356979370117,1.5928114832998574,1.4648258946472617,2.712480611638137,2.6627777713343184,0.5985665344631407,0.3333333333333333,0.6666666666666666,3.018889177605017,4.596916044217388,True
D1,96,9,AutoARIMA,h1,1,ARIMA,8.255850315093994,4.930356979370117,0.35169659984918655,0.2743492230302714,0.5560169936591401,0.554475504643393,0.16689504934208896,1.0,1.0,1.914203166525207,2.914791080563045,True
D1,96,9,AutoARIMA,h1_6,1,ARIMA,8.255850315093994,4.930356979370117,1.0739947259334568,0.9805574687370492,1.7240474265319143,1.728199734658165,0.3911914461741816,0.5,1.0,2.3355340028986245,3.556359010918496,True
D1,96,9,AutoARIMA,h1_12,1,ARIMA,8.255850315093994,4.930356979370117,1.6954859652891445,1.5262766180536633,2.7632409650309975,2.8073242612513494,0.6432419990275021,0.3333333333333333,0.6666666666666666,2.4111567787676407,3.6715111517388275,True
D1,96,10,AutoARIMA,h1,1,ARIMA,8.255850315093994,4.930356979370117,0.46000859260794075,0.36339558433794894,0.839511002313438,0.8430497500166207,0.1912108092695581,1.0,1.0,2.024936706772758,3.083407004450917,True
D1,96,10,AutoARIMA,h1_6,1,ARIMA,8.255850315093994,4.930356979370117,1.2734511875773558,1.11064537468941,2.3143078420015355,2.347494877252744,0.433806979450295,0.6666666666666666,1.0,2.7523390704587856,4.191035472907227,True
D1,96,10,AutoARIMA,h1_12,1,ARIMA,8.255850315093994,4.930356979370117,1.8721993783116004,1.7504501020282295,3.4138896429463057,3.4981797524353686,0.6992153884289543,0.5,0.75,2.951392902633749,4.494138270312325,True
D1,96,11,AutoARIMA,h1,1,ARIMA,8.255850315093994,4.930356979370117,0.4914951043344746,0.39590552515642913,0.8070047537102448,0.8037615567246134,0.1885247073025487,1.0,1.0,1.8846785274322242,2.869833389451668,True
D1,96,11,AutoARIMA,h1_6,1,ARIMA,8.255850315093994,4.930356979370117,1.0376508478213051,1.2181926966089944,1.69039171329677,1.6638353634526895,0.43384709287775175,0.8333333333333334,0.8333333333333334,2.3186555649542924,3.53065791438167,True
D1,96,11,AutoARIMA,h1_12,1,ARIMA,8.255850315093994,4.930356979370117,1.13267692054195,1.1565288962365676,1.8783233685744065,1.8782313015130139,0.4346789648963527,0.5833333333333334,0.9166666666666666,2.4408262802307172,3.716689427348055,True
D1,96,12,AutoARIMA,h1,1,ARIMA,8.255850315093994,4.930356979370117,1.2797256408282947,1.0535377853527508,2.3070978030347558,2.2807878004171016,0.43637180900236117,0.0,1.0,1.8240981348497904,2.777586552206699,True
D1,96,12,AutoARIMA,h1_6,1,ARIMA,8.255850315093994,4.930356979370117,1.0515336739249654,1.0412202131340382,1.9232913803902079,1.9001959879159864,0.402380116059438,0.6666666666666666,0.8333333333333334,2.3745582697139627,3.615781953492225,True
D1,96,12,AutoARIMA,h1_12,1,ARIMA,8.255850315093994,4.930356979370117,0.8972066040412119,0.924566295255721,1.6551272300526207,1.63845520117934,0.3588546480914645,0.75,0.9166666666666666,2.455243207395142,3.738642337803365,True
D1,96,13,AutoARIMA,h1,1,ARIMA,8.255850315093994,4.930356979370117,0.32614260855886784,0.26039090480223304,0.554630823278135,0.556173177213952,0.16523528245797747,1.0,1.0,1.9601535337144311,2.984760518903763,True
D1,96,13,AutoARIMA,h1_6,1,ARIMA,8.255850315093994,4.930356979370117,2.1407582781620196,2.0365861451213205,3.5270396992308974,3.4423325178450876,0.8478473230944965,0.3333333333333333,0.5,2.4730395718054043,3.765741177235146,True
D1,96,13,AutoARIMA,h1_12,1,ARIMA,8.255850315093994,4.930356979370117,1.6344927065359751,1.6128212176641374,2.708308684694831,2.658309205815736,0.6302922430805604,0.5,0.75,2.8471430852905906,4.335395226179882,True
D1,96,14,AutoARIMA,h1,1,ARIMA,8.255850315093994,4.930356979370117,0.5781016417843218,0.4504108586314696,1.0460055217863413,1.0405633467539759,0.2077039316321258,1.0,1.0,1.9685592259262832,2.9975600153801754,True
D1,96,14,AutoARIMA,h1_6,1,ARIMA,8.255850315093994,4.930356979370117,0.8608696008496138,0.8821040104702157,1.532055508782635,1.550794787959986,0.3499322677724364,0.8333333333333334,0.8333333333333334,2.624600252098417,3.996525310710421,True
D1,96,14,AutoARIMA,h1_12,1,ARIMA,8.255850315093994,4.930356979370117,0.9712803157742548,0.9736648965261189,1.7231993803495165,1.7472444767778805,0.390751068237172,0.6666666666666666,0.8333333333333334,2.7491408853717587,4.186165539804689,True
D1,96,15,AutoARIMA,h1,1,ARIMA,8.255850315093994,4.930356979370117,1.2387873598584989,0.9217130974747757,2.0375645647738487,2.058536570631902,0.4097073213815622,0.0,1.0,2.1438114259203567,3.26441964570824,True
D1,96,15,AutoARIMA,h1_6,1,ARIMA,8.255850315093994,4.930356979370117,1.1773764147097747,0.9921827907464579,1.9066120806953337,1.9128080574886606,0.43411403939755233,0.5,1.0,2.9008555786443853,4.41718419157306,True
D1,96,15,AutoARIMA,h1_12,1,ARIMA,8.255850315093994,4.930356979370117,1.3383289500409707,1.181715834263113,2.1745659351272804,2.1999539549430263,0.5024270444444245,0.5833333333333334,0.9166666666666666,3.104562876447678,4.727372903547918,True
D1,96,16,AutoARIMA,h1,1,ARIMA,8.255850315093994,4.930356979370117,1.227332241071951,0.9525785691378744,2.1198901955403784,2.14260058541023,0.4116540025859272,0.0,1.0,1.9533218550014662,2.974357800672982,True
D1,96,16,AutoARIMA,h1_6,1,ARIMA,8.255850315093994,4.930356979370117,0.46079798400533223,0.5071532037275283,0.7956065706233945,0.8018914771975019,0.24386187630873818,0.8333333333333334,1.0,2.3085845822946918,3.515322650632215,True
D1,96,16,AutoARIMA,h1_12,1,ARIMA,8.255850315093994,4.930356979370117,0.7166428767172189,0.7289193883019639,1.2248660532819757,1.2201148750495339,0.30536670202568944,0.75,1.0,2.3676919521850888,3.6053264901226783,True
D1,96,17,AutoARIMA,h1,1,ARIMA,8.255850315093994,4.930356979370117,0.4622374393134184,0.3781890360301502,0.9749933010228662,0.9797696452260711,0.1861957682514075,1.0,1.0,1.9297115034652328,2.9384059000230116,True
D1,96,17,AutoARIMA,h1_6,1,ARIMA,8.255850315093994,4.930356979370117,0.9167246212397033,0.8460862772061022,1.9282992310292502,1.9088970852836864,0.3298461388442751,0.8333333333333334,1.0,2.5300174382256553,3.8525023840576935,True
D1,96,17,AutoARIMA,h1_12,1,ARIMA,8.255850315093994,4.930356979370117,1.1129211746566658,1.0970558832141304,2.3320314313630606,2.2954877507721494,0.4163493230835352,0.6666666666666666,0.9166666666666666,2.669406063066822,4.064751913012606,True
D1,96,18,AutoARIMA,h1,1,ARIMA,8.255850315093994,4.930356979370117,0.9917011201572273,0.7697830956575845,1.6273181592042392,1.6141842028760351,0.323151702145463,0.0,1.0,1.8601214064034632,2.832439826119081,True
D1,96,18,AutoARIMA,h1_6,1,ARIMA,8.255850315093994,4.930356979370117,0.6750214501132322,0.5766163534814939,1.107303343103587,1.1082793332694818,0.25061490153453475,0.6666666666666666,1.0,2.0816840125749314,3.1698171325348925,True
D1,96,18,AutoARIMA,h1_12,1,ARIMA,8.255850315093994,4.930356979370117,0.788981559912872,0.7189262101183328,1.3017513652161423,1.3101637070386758,0.2969022391727355,0.5833333333333334,1.0,2.1743189922036437,3.3108740574693782,True
D1,96,19,AutoARIMA,h1,1,ARIMA,8.255850315093994,4.930356979370117,1.1794237020265228,0.9547847388742161,2.070602913456374,2.0493855945421022,0.3937289428679799,0.0,1.0,1.932312078159378,2.942365841190888,True
D1,96,19,AutoARIMA,h1_6,1,ARIMA,8.255850315093994,4.930356979370117,0.7805666817105954,0.718968136363666,1.3815151215015558,1.36947464626013,0.30316883908434417,0.6666666666666666,1.0,2.4265906505486456,3.695012581781644,True
D1,96,19,AutoARIMA,h1_12,1,ARIMA,8.255850315093994,4.930356979370117,0.8137808280196956,0.9167344097293109,1.467729250819375,1.4769549695791397,0.3578266469361988,0.6666666666666666,0.8333333333333334,2.5278632367392397,3.8492221432827605,True
D1,96,20,AutoARIMA,h1,1,ARIMA,8.255850315093994,4.930356979370117,0.38268056886208485,0.3109732128780348,0.6687710892678839,0.666542268273901,0.17079589130234107,1.0,1.0,1.891872591212996,2.8807879178465146,True
D1,96,20,AutoARIMA,h1_6,1,ARIMA,8.255850315093994,4.930356979370117,0.4033677714524089,0.39731513140340613,0.7016821570951636,0.6980915980744754,0.21003016312387177,1.0,1.0,2.295456412034709,3.4953321531515402,True
D1,96,20,AutoARIMA,h1_12,1,ARIMA,8.255850315093994,4.930356979370117,0.6314649050753743,0.7210197570191508,1.0894706469093205,1.0782763601986274,0.2852548084887992,0.9166666666666666,0.9166666666666666,2.4162243988304666,3.679227706604644,True
D1,96,21,AutoARIMA,h1,1,ARIMA,8.255850315093994,4.930356979370117,1.3020081907911258,1.0751342258633878,2.31332356418258,2.286872187583526,0.44367124327116536,0.0,1.0,1.8647466000339816,2.8394826904167925,True
D1,96,21,AutoARIMA,h1_6,1,ARIMA,8.255850315093994,4.930356979370117,0.8332111091983533,0.7727346584994982,1.4756246770432095,1.4620330519658062,0.30667136572036136,0.5,1.0,2.1609181858478914,3.2904684121746848,True
D1,96,21,AutoARIMA,h1_12,1,ARIMA,8.255850315093994,4.930356979370117,0.7953673368790729,0.7475916889407515,1.4110284931282424,1.403084407273664,0.2976212382339335,0.5833333333333334,1.0,2.219568460125604,3.379776224076162,True
D1,96,22,AutoARIMA,h1,1,ARIMA,8.255850315093994,4.930356979370117,0.13094999104449043,0.10360576608394656,0.20425515186152082,0.20446396595360114,0.15286029123133896,1.0,1.0,1.9864398835320731,3.0247872095544026,True
D1,96,22,AutoARIMA,h1_6,1,ARIMA,8.255850315093994,4.930356979370117,1.963095266163112,1.8381361310285822,3.005554529466673,2.9442011446072365,0.7568702613575637,0.3333333333333333,0.5,2.5645499364396995,3.9050856309899182,True
D1,96,22,AutoARIMA,h1_12,1,ARIMA,8.255850315093994,4.930356979370117,2.2204574671780244,1.9282752079181884,3.4043922617465285,3.3364040498446186,0.8364007558203297,0.16666666666666666,0.4166666666666667,2.6953533026549983,4.1042622345079645,True
D1,96,23,AutoARIMA,h1,1,ARIMA,8.255850315093994,4.930356979370117,1.6415191933256723,1.3486183838169805,2.5963906666240737,2.6305402169615655,0.5785845196588071,0.0,0.0,2.04884675510215,3.1198152587183414,True
D1,96,23,AutoARIMA,h1_6,1,ARIMA,8.255850315093994,4.930356979370117,0.9679446140593359,0.9932680444793786,1.5292294601492415,1.547563887447581,0.4500975639577632,0.6666666666666666,0.8333333333333334,3.69879059023351,5.632213972801014,True
D1,96,23,AutoARIMA,h1_12,1,ARIMA,8.255850315093994,4.930356979370117,1.0357399084185184,1.0321158917775421,1.6173237449599944,1.617919055467764,0.507978462995322,0.8333333333333334,0.9166666666666666,4.9938940123055495,7.604290902291644,True
D1,96,24,AutoARIMA,h1,1,ARIMA,8.255850315093994,4.930356979370117,0.694809357898863,0.5554187932998432,1.241469642158855,1.2338109479784622,0.23922336208589942,1.0,1.0,2.105700178132831,3.2063869733865045,True
D1,96,24,AutoARIMA,h1_6,1,ARIMA,8.255850315093994,4.930356979370117,1.4700920468167233,1.262646305775454,2.603475557041722,2.565103836651879,0.5041775639753993,0.8333333333333334,1.0,3.8014282841482956,5.788502208022897,True
D1,96,24,AutoARIMA,h1_12,1,ARIMA,8.255850315093994,4.930356979370117,1.5747558687272565,1.412760894064373,2.7818148889771157,2.7342065374749276,0.5983640229048396,0.9166666666666666,1.0,5.1324695149120725,7.815302275611668,True
D1,96,25,AutoARIMA,h1,1,ARIMA,8.255850315093994,4.930356979370117,0.23492177985242918,0.17807942988346223,0.3724711757309304,0.3731661438927239,0.1659043146624018,1.0,1.0,2.0856056256346145,3.1757886422302453,True
D1,96,25,AutoARIMA,h1_6,1,ARIMA,8.255850315093994,4.930356979370117,0.8673951074112819,0.9100237901154316,1.379124770858824,1.3875008180602408,0.37888397929867407,0.8333333333333334,0.8333333333333334,2.7532044443289116,4.192353193033342,True
D1,96,25,AutoARIMA,h1_12,1,ARIMA,8.255850315093994,4.930356979370117,0.7456178136175038,0.7365859765663776,1.1841542872710256,1.1902651014654562,0.3310789526090161,0.9166666666666666,0.9166666666666666,2.9170780741908944,4.441886472997699,True
D1,96,26,AutoARIMA,h1,1,ARIMA,8.255850315093994,4.930356979370117,0.30022595825560955,0.24026112851689446,0.5127838079353375,0.5141019236457071,0.16076279680941116,1.0,1.0,1.9574479553935105,2.9806406868527504,True
D1,96,26,AutoARIMA,h1_6,1,ARIMA,8.255850315093994,4.930356979370117,1.3737953398774783,1.4111535433585667,2.4152691823423984,2.464974721140012,0.5403158776398481,0.6666666666666666,0.6666666666666666,2.4880168729279952,3.7885473790461495,True
D1,96,26,AutoARIMA,h1_12,1,ARIMA,8.255850315093994,4.930356979370117,1.54661729769102,1.4546006030774443,2.6810111222456188,2.692297030129022,0.5767413782597228,0.4166666666666667,0.75,2.6015012290651387,3.961352019032432,True
D1,96,27,AutoARIMA,h1,1,ARIMA,8.255850315093994,4.930356979370117,0.758624497050698,0.6127800016750434,1.370596867186945,1.3800543580856441,0.2564708631172645,1.0,1.0,2.0838815065903957,3.1731632956109252,True
D1,96,27,AutoARIMA,h1_6,1,ARIMA,8.255850315093994,4.930356979370117,1.181819645134587,1.018268855518212,2.1465749717219245,2.173216109825109,0.4233387818437355,1.0,1.0,3.7620389560828498,5.72852338021491,True
D1,96,27,AutoARIMA,h1_12,1,ARIMA,8.255850315093994,4.930356979370117,2.894920461223677,2.9667771736708484,5.4239233474920265,5.680675889523617,1.0468065204342314,0.6666666666666666,0.75,5.079288312901295,7.734322316960775,True
D1,96,28,AutoARIMA,h1,1,ARIMA,8.255850315093994,4.930356979370117,0.21018384479289948,0.17198174053709903,0.3976220174843506,0.3984141085926147,0.14866889277615372,1.0,1.0,1.8691888043316223,2.84624691361485,True
D1,96,28,AutoARIMA,h1_6,1,ARIMA,8.255850315093994,4.930356979370117,0.6432422900910468,0.5720920055034974,1.1848418275129702,1.182469537920214,0.24302856036314524,1.0,1.0,2.1881751475067697,3.3319730706748345,True
D1,96,28,AutoARIMA,h1_12,1,ARIMA,8.255850315093994,4.930356979370117,0.5522186626177552,0.5557464517928332,1.0126762135860652,1.0099434364625133,0.24021101485311083,0.9166666666666666,1.0,2.239602388246148,3.410282241418303,True
D1,96,29,AutoARIMA,h1,1,ARIMA,8.255850315093994,4.930356979370117,0.9371708997381384,0.7856372256595279,1.7166565329591619,1.7315186469452581,0.30181120790694216,0.0,1.0,1.8641177286906534,2.8385250968789566,True
D1,96,29,AutoARIMA,h1_6,1,ARIMA,8.255850315093994,4.930356979370117,0.8239623103325844,0.7508107946577924,1.5215039169604816,1.5353197580595632,0.29991570899003334,0.6666666666666666,1.0,2.361272557944364,3.5955515647632867,True
D1,96,29,AutoARIMA,h1_12,1,ARIMA,8.255850315093994,4.930356979370117,0.9940907828682364,0.9638105268409036,1.845880410689767,1.8643508096097,0.36475431883868353,0.5833333333333334,0.8333333333333334,2.466313265027786,3.7554989107174657,True
D1,96,30,AutoARIMA,h1,1,ARIMA,8.255850315093994,4.930356979370117,0.7867233096465847,0.6228841072814383,1.3022960147284002,1.29387099949731,0.2619555667247044,1.0,1.0,1.9781644317124614,3.01218603243108,True
D1,96,30,AutoARIMA,h1_6,1,ARIMA,8.255850315093994,4.930356979370117,1.0999749597468242,1.0708301681041965,1.876087462336623,1.900643294003217,0.4199694589239121,0.5,0.8333333333333334,2.5269094858992123,3.8477698499785693,True
D1,96,30,AutoARIMA,h1_12,1,ARIMA,8.255850315093994,4.930356979370117,1.3885811753537578,1.276823520688604,2.381767996794595,2.416135023054421,0.5111858322029528,0.5,0.75,2.646399386967723,4.029719239647641,True
D1,96,31,AutoARIMA,h1,1,ARIMA,8.255850315093994,4.930356979370117,1.9264863749116026,1.5321411537665213,3.301206023245056,3.356610334514994,0.7390147312396513,0.0,0.0,1.8970149637337814,2.8886182996046488,True
D1,96,31,AutoARIMA,h1_6,1,ARIMA,8.255850315093994,4.930356979370117,1.5481292693678905,1.4612067538820486,2.595652631069699,2.573337688777148,0.605711644659073,0.5,0.5,2.2250561123016652,3.3881323692835936,True
D1,96,31,AutoARIMA,h1_12,1,ARIMA,8.255850315093994,4.930356979370117,1.5977579440919756,1.5238814118878348,2.668594466262404,2.63308987793263,0.6293088953254651,0.5,0.5,2.2782808040692366,3.4691785505577863,True
D1,96,32,AutoARIMA,h1,1,ARIMA,8.255850315093994,4.930356979370117,2.57839536729686,1.9602371965230105,4.0004181584247265,3.9219705474505844,1.0513425716835292,0.0,0.0,2.0122990373845773,3.064163401339237,True
D1,96,32,AutoARIMA,h1_6,1,ARIMA,8.255850315093994,4.930356979370117,1.336306029614175,1.2179109593769433,2.122758258733294,2.1225369546378543,0.5176816896108851,0.6666666666666666,0.6666666666666666,2.5342997447233393,3.8590231280424385,True
D1,96,32,AutoARIMA,h1_12,1,ARIMA,8.255850315093994,4.930356979370117,1.7949806380505895,1.6156369156025314,2.900124249421297,2.9442649074434497,0.7073315883344464,0.4166666666666667,0.5,2.6074681162299895,3.97043790384915,True
D1,96,33,AutoARIMA,h1,1,ARIMA,8.255850315093994,4.930356979370117,0.6307133255473084,0.5115994218471299,1.0071870487467898,1.0122848496980823,0.2186364764807956,1.0,1.0,1.9789396578322997,3.013366482980446,True
D1,96,33,AutoARIMA,h1_6,1,ARIMA,8.255850315093994,4.930356979370117,2.311595667712037,2.1769755219572935,3.61315370647009,3.5302041937474717,0.8771034568311773,0.16666666666666666,0.6666666666666666,2.7445732844199417,4.179210372899338,True
D1,96,33,AutoARIMA,h1_12,1,ARIMA,8.255850315093994,4.930356979370117,1.6824086796220858,1.7120192139453898,2.6637442581058086,2.631476169701454,0.6501924688987711,0.4166666666666667,0.8333333333333334,2.9706186730451023,4.523413691590459,True
D1,96,34,AutoARIMA,h1,1,ARIMA,8.255850315093994,4.930356979370117,0.6001979615436789,0.4803695083000892,1.016623591882256,1.0218176113336688,0.21304390500669754,1.0,1.0,1.9978568849140412,3.0421720798633207,True
D1,96,34,AutoARIMA,h1_6,1,ARIMA,8.255850315093994,4.930356979370117,2.659529653151834,2.340019550723858,4.568319384400177,4.698845449250721,1.0417009479474293,0.16666666666666666,0.3333333333333333,2.7062983430679055,4.120928441486329,True
D1,96,34,AutoARIMA,h1_12,1,ARIMA,8.255850315093994,4.930356979370117,2.560354084164853,2.272008913768168,4.381767608599041,4.503941614936085,0.9957006617848332,0.25,0.4166666666666667,2.8977043680450616,4.412385787355313,True
D1,96,35,AutoARIMA,h1,1,ARIMA,8.255850315093994,4.930356979370117,1.7597061609936933,1.4067060636674849,2.897185968419178,2.8558168065180793,0.6489335565228505,0.0,0.0,1.9536226569507131,2.974815837131183,True
D1,96,35,AutoARIMA,h1_6,1,ARIMA,8.255850315093994,4.930356979370117,1.4696499417105162,1.3300530270421451,2.4048783979073156,2.368505015206089,0.5555015921975306,0.3333333333333333,0.5,2.483878184362175,3.782245324631118,True
D1,96,35,AutoARIMA,h1_12,1,ARIMA,8.255850315093994,4.930356979370117,1.5761971914406114,1.4380149371555275,2.612031583260556,2.614402311933208,0.5944353013119037,0.3333333333333333,0.5,2.5974138896767713,3.9551281549197896,True
D1,96,36,AutoARIMA,h1,1,ARIMA,8.255850315093994,4.930356979370117,0.2725127725384802,0.21995716338450416,0.4824704896048246,0.4836371929712443,0.15899355099784762,1.0,1.0,1.96281660944547,2.9888156315080057,True
D1,96,36,AutoARIMA,h1_6,1,ARIMA,8.255850315093994,4.930356979370117,0.5178189666813516,0.5286396639181713,0.926586610689982,0.9308181726958948,0.25009099544079266,1.0,1.0,2.604122223685767,3.965343053984209,True
D1,96,36,AutoARIMA,h1_12,1,ARIMA,8.255850315093994,4.930356979370117,0.6327278573696129,0.6257321143292955,1.1271966920959042,1.1235570630049863,0.28272181830223186,1.0,1.0,2.7913844941980512,4.250490631503905,True
D1,96,37,AutoARIMA,h1,1,ARIMA,8.255850315093994,4.930356979370117,0.8734709374630677,0.7089604117983792,1.434313799899446,1.4241007630152456,0.28325227916804757,0.0,1.0,1.6792276045774914,2.5569896287146756,True
D1,96,37,AutoARIMA,h1_6,1,ARIMA,8.255850315093994,4.930356979370117,1.0968821464897174,1.1007066131219632,1.803872591809234,1.7979500094173662,0.4392889691479328,0.3333333333333333,0.6666666666666666,1.753053696272071,2.6694059267060912,True
D1,96,37,AutoARIMA,h1_12,1,ARIMA,8.255850315093994,4.930356979370117,1.4172677354924659,1.2959661841543784,2.3222782913908624,2.3066720363428783,0.5502866068588543,0.16666666666666666,0.4166666666666667,1.7604363054415288,2.680647556505233,True
D1,96,38,AutoARIMA,h1,1,ARIMA,8.255850315093994,4.930356979370117,1.3184056702710036,1.080619355569273,2.532661926099291,2.5009911013991566,0.45043140589476327,0.0,1.0,1.853338708410126,2.8221116916979776,True
D1,96,38,AutoARIMA,h1_6,1,ARIMA,8.255850315093994,4.930356979370117,1.0380514158079535,0.9607912806429667,1.992884081758306,1.9727225250414315,0.38066372743444116,0.5,0.8333333333333334,2.20064344436315,3.3509587672311567,True
D1,96,38,AutoARIMA,h1_12,1,ARIMA,8.255850315093994,4.930356979370117,0.7965641642483313,0.7789965956121215,1.5305720353932508,1.5177782448272032,0.3101354181442398,0.75,0.9166666666666666,2.2593292452448908,3.440320676122109,True
D1,96,39,AutoARIMA,h1,1,ARIMA,8.255850315093994,4.930356979370117,1.1151977671998283,0.8789887954787781,1.8407814796330173,1.8578812465833583,0.36192055965838305,0.0,1.0,2.1356026595683604,3.2519200117280844,True
D1,96,39,AutoARIMA,h1_6,1,ARIMA,8.255850315093994,4.930356979370117,0.9454806652139336,0.850623644910612,1.5461018267086701,1.5461516335694334,0.41357641509333076,0.8333333333333334,1.0,3.8554113439759417,5.870703169780138,True
D1,96,39,AutoARIMA,h1_12,1,ARIMA,8.255850315093994,4.930356979370117,1.4178351850766993,1.430167588069418,2.283598356218369,2.2503059632225693,0.5900431881042131,0.8333333333333334,1.0,5.205354332979642,7.92628527957225,True
D1,96,40,AutoARIMA,h1,1,ARIMA,8.255850315093994,4.930356979370117,0.3095962478358966,0.2502177217623931,0.5524905433834858,0.5509685189015103,0.15927538646840067,1.0,1.0,1.9035441700030786,2.89856043768577,True
D1,96,40,AutoARIMA,h1_6,1,ARIMA,8.255850315093994,4.930356979370117,0.9261760983219829,0.9320875810007451,1.6613316620442493,1.6826992395580733,0.35255983233704025,0.6666666666666666,0.8333333333333334,2.2962446820914124,3.4965324659347043,True
D1,96,40,AutoARIMA,h1_12,1,ARIMA,8.255850315093994,4.930356979370117,0.972879554172985,0.9322848595808941,1.7301170758376647,1.739420151806282,0.3621695170865423,0.5833333333333334,0.9166666666666666,2.432728111612658,3.7043582024971076,True
D1,96,41,AutoARIMA,h1,1,ARIMA,8.255850315093994,4.930356979370117,1.435474877218079,1.1754178814000484,2.662745686100117,2.6986751136858813,0.5043206332648349,0.0,0.0,1.8055463614303482,2.749337438091099,True
D1,96,41,AutoARIMA,h1_6,1,ARIMA,8.255850315093994,4.930356979370117,0.9655095070830997,0.9094805538390336,1.7499728681677553,1.7417944652860413,0.3561094439601439,0.5,0.6666666666666666,2.0424576170290965,3.110086404961603,True
D1,96,41,AutoARIMA,h1_12,1,ARIMA,8.255850315093994,4.930356979370117,0.8027060423074291,0.8168144521089383,1.4578655374779896,1.45546716451923,0.3188563032800781,0.5833333333333334,0.8333333333333334,2.0766663998241044,3.162176724689162,True
D1,96,42,AutoARIMA,h1,1,ARIMA,8.255850315093994,4.930356979370117,0.7765253274451963,0.6525493185403144,1.4523103068021683,1.4629334736116284,0.25654722099900723,1.0,1.0,1.8608278932350129,2.8335156061361335,True
D1,96,42,AutoARIMA,h1_6,1,ARIMA,8.255850315093994,4.930356979370117,1.0820755961506918,1.3131155261326226,2.0182490468903787,1.9828845595920852,0.45436796954402947,0.6666666666666666,0.8333333333333334,2.3472130298573117,3.574142872216066,True
D1,96,42,AutoARIMA,h1_12,1,ARIMA,8.255850315093994,4.930356979370117,1.1392040851710714,1.23765825430354,2.1630448475444255,2.152452557994965,0.44368791429399235,0.6666666666666666,0.8333333333333334,2.448449909807533,3.728298063192264,True
D1,96,43,AutoARIMA,h1,1,ARIMA,8.255850315093994,4.930356979370117,0.8469072562851504,0.6758683539184452,1.447231887337047,1.457780620329461,0.2789183328324842,1.0,1.0,1.9893261510853906,3.0291821803013206,True
D1,96,43,AutoARIMA,h1_6,1,ARIMA,8.255850315093994,4.930356979370117,0.581809799595466,0.5221336515466023,0.9910433489173918,0.9911358342092086,0.2590941648589337,1.0,1.0,2.5939504642786004,3.949854335695513,True
D1,96,43,AutoARIMA,h1_12,1,ARIMA,8.255850315093994,4.930356979370117,0.8561303101288665,0.760533099593083,1.467884162147391,1.4731193381720546,0.3231355166461071,0.9166666666666666,1.0,2.7652679523792654,4.210722510502031,True
D1,96,44,AutoARIMA,h1,1,ARIMA,8.255850315093994,4.930356979370117,0.23623439690938144,0.1897577434081119,0.40636870594719904,0.405544702567269,0.15801271382162707,1.0,1.0,1.9769336027940054,3.010311827427171,True
D1,96,44,AutoARIMA,h1_6,1,ARIMA,8.255850315093994,4.930356979370117,0.388812985520198,0.35536517551063596,0.6758337878314505,0.6767730601803505,0.2247343895160662,1.0,1.0,2.6390465749642003,4.018522982521074,True
D1,96,44,AutoARIMA,h1_12,1,ARIMA,8.255850315093994,4.930356979370117,1.432310236929504,1.5782521089400638,2.556649304122183,2.615683972797325,0.5725594408605199,0.5833333333333334,0.8333333333333334,2.808431097657567,4.276447796650537,True
D1,96,45,AutoARIMA,h1,1,ARIMA,8.255850315093994,4.930356979370117,0.5190577313397081,0.42078947068832395,0.894604006795984,0.8986235680187382,0.1941452855870181,1.0,1.0,1.9028308778763718,2.8974742951251904,True
D1,96,45,AutoARIMA,h1_6,1,ARIMA,8.255850315093994,4.930356979370117,0.42385889905922647,0.3869838230905664,0.7247285054664961,0.7227502269791818,0.2108516342608734,1.0,1.0,2.341340712541286,3.5652009905838944,True
D1,96,45,AutoARIMA,h1_12,1,ARIMA,8.255850315093994,4.930356979370117,0.82823091572669,0.8325575808455778,1.42468029579123,1.4302397234869597,0.3251333214427536,0.75,0.9166666666666666,2.424988541731978,3.692573022297791,True
D1,96,46,AutoARIMA,h1,1,ARIMA,8.255850315093994,4.930356979370117,0.20241743197076315,0.1585529109615117,0.33620344772581506,0.33563923239020693,0.16093562705370612,1.0,1.0,2.042449536375231,3.110074100406764,True
D1,96,46,AutoARIMA,h1_6,1,ARIMA,8.255850315093994,4.930356979370117,0.5488963341460388,0.596409185166459,0.904889343500162,0.8971477408301757,0.278746312913878,0.8333333333333334,1.0,2.7003813316976912,4.1119185034258905,True
D1,96,46,AutoARIMA,h1_12,1,ARIMA,8.255850315093994,4.930356979370117,0.6242965013037256,0.6081978719013602,1.0320424680309628,1.0260601462451504,0.3103222359033274,0.9166666666666666,1.0,3.209142492562251,4.886618138113489,True
D1,96,47,AutoARIMA,h1,1,ARIMA,8.255850315093994,4.930356979370117,1.120905794705734,0.9254063374135295,2.0474044219166743,2.0266574844399106,0.37254797867744843,0.0,1.0,1.8854146506629692,2.870954297338939,True
D1,96,47,AutoARIMA,h1_6,1,ARIMA,8.255850315093994,4.930356979370117,1.0856062598584102,1.082297273658383,1.9763914730503187,1.9486435662762733,0.41683665374965484,0.6666666666666666,0.8333333333333334,2.369932708655523,3.608738529705487,True
D1,96,47,AutoARIMA,h1_12,1,ARIMA,8.255850315093994,4.930356979370117,0.7252121143018943,0.8134473466162997,1.3272735629346453,1.3152814635041377,0.3203248512701274,0.8333333333333334,0.9166666666666666,2.4695379563895306,3.7604092053942053,True
D1,96,48,AutoARIMA,h1,1,ARIMA,8.255850315093994,4.930356979370117,1.466799547524868,1.1844098426542309,2.5996168598489624,2.5662603909535355,0.5035125436141115,0.0,1.0,1.991043154792312,3.0317966922704436,True
D1,96,48,AutoARIMA,h1_6,1,ARIMA,8.255850315093994,4.930356979370117,3.3635262112804947,2.9821231493868354,5.877094387334338,5.677946954255848,1.3827974996763297,0.0,0.3333333333333333,2.578562180775307,3.9264223237309777,True
D1,96,48,AutoARIMA,h1_12,1,ARIMA,8.255850315093994,4.930356979370117,3.7103932456998994,3.2571816898418513,6.473054849194969,6.237237928714476,1.5257831897193972,0.0,0.25,2.845170144546471,4.332390994349116,True
D1,96,49,AutoARIMA,h1,1,ARIMA,8.255850315093994,4.930356979370117,0.3937115159997761,0.3104164587656877,0.6797490968227664,0.6774466281545979,0.17085073185994165,1.0,1.0,1.8603404263025474,2.8327733316003507,True
D1,96,49,AutoARIMA,h1_6,1,ARIMA,8.255850315093994,4.930356979370117,1.7288187432094313,1.524815981482479,2.9893288466390917,2.9346186197465722,0.6608280114860172,0.3333333333333333,0.3333333333333333,2.136865463335749,3.253842905401056,True
D1,96,49,AutoARIMA,h1_12,1,ARIMA,8.255850315093994,4.930356979370117,1.3525688903694117,1.2463522292468714,2.3614938550379256,2.3410263437336685,0.5095907574086563,0.5,0.6666666666666666,2.2159327091576504,3.374240001653237,True
D1,96,50,AutoARIMA,h1,1,ARIMA,8.255850315093994,4.930356979370117,0.9401476382314886,0.7475350845440538,1.4541808977670885,1.443684009223962,0.30294152658211104,0.0,1.0,1.864930156812995,2.839762195576744,True
D1,96,50,AutoARIMA,h1_6,1,ARIMA,8.255850315093994,4.930356979370117,1.2686359815637607,1.2021683980339632,1.9826160473474883,2.0006381011917522,0.4860693545848779,0.5,0.6666666666666666,2.118525854889732,3.2259168586499607,True
D1,96,50,AutoARIMA,h1_12,1,ARIMA,8.255850315093994,4.930356979370117,1.1118882199525753,1.0706172561763743,1.737916962499889,1.7552621303544853,0.42459994086572944,0.5833333333333334,0.6666666666666666,2.155633720045182,3.2824216624583236,True
D1,96,51,AutoARIMA,h1,1,ARIMA,8.255850315093994,4.930356979370117,0.3378118209789047,0.2663276055100473,0.5210255118162732,0.5196717007469825,0.169877497073299,1.0,1.0,2.007838407388366,3.057371121003474,True
D1,96,51,AutoARIMA,h1_6,1,ARIMA,8.255850315093994,4.930356979370117,0.7136801788451528,0.7232345781622607,1.1103328571047046,1.1200256952497256,0.2980168333779823,0.8333333333333334,1.0,2.6063077680407267,3.9686710211004597,True
D1,96,51,AutoARIMA,h1_12,1,ARIMA,8.255850315093994,4.930356979370117,0.7625341039499445,0.7263794224536112,1.1856472441111696,1.195651573887628,0.31485832687410087,0.9166666666666666,1.0,2.8522429019473687,4.343160807369821,True
D1,96,52,AutoARIMA,h1,1,ARIMA,8.255850315093994,4.930356979370117,0.4361688088690491,0.34246018449827537,0.7391449082089879,0.7418867171562575,0.18397750494031484,1.0,1.0,1.967304860192829,2.9956499704509723,True
D1,96,52,AutoARIMA,h1_6,1,ARIMA,8.255850315093994,4.930356979370117,1.0716777717820063,0.9771246685816879,1.8323254005560836,1.8553495583119288,0.3881823852770134,0.6666666666666666,1.0,2.422808068765041,3.689252777473946,True
D1,96,52,AutoARIMA,h1_12,1,ARIMA,8.255850315093994,4.930356979370117,1.2620273423904296,1.141317636339949,2.162163141914704,2.1938104705751345,0.45888342654506703,0.5833333333333334,0.75,2.5099638253939474,3.8219663924570515,True
D1,96,53,AutoARIMA,h1,1,ARIMA,8.255850315093994,4.930356979370117,0.19955445760503068,0.16625812473054533,0.3639846604355895,0.3633234396415584,0.1487103118763948,1.0,1.0,1.8778113239431098,2.85937657701476,True
D1,96,53,AutoARIMA,h1_6,1,ARIMA,8.255850315093994,4.930356979370117,0.7417393951114979,0.8492153550954741,1.3279839704639316,1.31161325402357,0.3177784326500254,0.6666666666666666,1.0,2.5107742081057234,3.823200376571922,True
D1,96,53,AutoARIMA,h1_12,1,ARIMA,8.255850315093994,4.930356979370117,0.8126023669922593,0.8206446165087562,1.4620725866362263,1.4515352999828526,0.3268570165158089,0.8333333333333334,1.0,2.798235856891209,4.260923322880116,True
D1,96,54,AutoARIMA,h1,1,ARIMA,8.255850315093994,4.930356979370117,0.9827350247307014,0.7580238481187852,1.820632242441515,1.8373580085983265,0.31771780728207,1.0,1.0,2.0380516123065897,3.103377303498033,True
D1,96,54,AutoARIMA,h1_6,1,ARIMA,8.255850315093994,4.930356979370117,0.6416555767341848,0.5461297836407508,1.1652567599985701,1.1626959278567892,0.27188607043210516,1.0,1.0,2.689492072389095,4.095337235323482,True
D1,96,54,AutoARIMA,h1_12,1,ARIMA,8.255850315093994,4.930356979370117,0.9263446014270514,0.8856390902121722,1.665067791963876,1.6500672815569666,0.36507392897872243,0.9166666666666666,0.9166666666666666,2.8035302051845123,4.268985120840008,True
D1,96,55,AutoARIMA,h1,1,ARIMA,8.255850315093994,4.930356979370117,0.889837771727992,0.7147623281417177,1.4320832812772266,1.442411548594544,0.2874063280129256,1.0,1.0,1.8327384460389196,2.790743307157164,True
D1,96,55,AutoARIMA,h1_6,1,ARIMA,8.255850315093994,4.930356979370117,0.8435895136357945,0.7804130960029024,1.3393325050567026,1.3341154524400984,0.3092871950476856,0.6666666666666666,1.0,2.1280880201414107,3.240477337116361,True
D1,96,55,AutoARIMA,h1_12,1,ARIMA,8.255850315093994,4.930356979370117,0.9755111511007972,0.9371604481684809,1.5408582099141603,1.5274643994243684,0.3643987299040095,0.6666666666666666,0.8333333333333334,2.1729912066328585,3.30885221485294,True
D1,96,56,AutoARIMA,h1,1,ARIMA,8.255850315093994,4.930356979370117,0.3797964710060616,0.3178784021545616,0.6674865142197486,0.6652662330251982,0.1736087129019756,1.0,1.0,1.950096622056425,2.969446681317767,True
D1,96,56,AutoARIMA,h1_6,1,ARIMA,8.255850315093994,4.930356979370117,0.4427280786086986,0.5137687278028635,0.7734909324898703,0.7722925101475072,0.24980367858383032,1.0,1.0,2.678649711335055,4.078827380024307,True
D1,96,56,AutoARIMA,h1_12,1,ARIMA,8.255850315093994,4.930356979370117,1.0356760764485782,1.3614055508498775,1.844738428660482,1.884840322936514,0.47885338304610897,0.8333333333333334,0.8333333333333334,3.1261618398678053,4.760262027872526,True
D1,96,57,AutoARIMA,h1,1,ARIMA,8.255850315093994,4.930356979370117,0.13144834091237428,0.10909854334242695,0.26456251556024196,0.26491294573688506,0.1466321862410681,1.0,1.0,1.9010826830574927,2.894812287897198,True
D1,96,57,AutoARIMA,h1_6,1,ARIMA,8.255850315093994,4.930356979370117,0.7515938433258301,0.8310655838200561,1.4765700879305697,1.4591645719414277,0.31474656003210344,0.6666666666666666,1.0,2.425898961237858,3.6939593342116623,True
D1,96,57,AutoARIMA,h1_12,1,ARIMA,8.255850315093994,4.930356979370117,0.6321206425562439,0.6935089770545871,1.2415767308300039,1.229123399772291,0.2836869540256442,0.8333333333333334,1.0,2.5397482024632967,3.867319591187502,True
D1,96,58,AutoARIMA,h1,1,ARIMA,8.255850315093994,4.930356979370117,0.19752886880764658,0.1585278880552829,0.31213076655552974,0.31164439753205764,0.15473403128450441,1.0,1.0,1.9615374737484041,2.9868678689163306,True
D1,96,58,AutoARIMA,h1_6,1,ARIMA,8.255850315093994,4.930356979370117,0.9265892046094633,1.0372392899037444,1.4729075647683978,1.4679518756665855,0.39136938565428714,0.6666666666666666,0.8333333333333334,2.550955151398438,3.884384610913577,True
D1,96,58,AutoARIMA,h1_12,1,ARIMA,8.255850315093994,4.930356979370117,1.213538271313982,1.3245534718229752,1.920798131876451,1.9021639197168019,0.48787457492422,0.6666666666666666,0.8333333333333334,2.6879070216810472,4.092923650523888,True
D1,96,59,AutoARIMA,h1,1,ARIMA,8.255850315093994,4.930356979370117,0.5041702393840437,0.40928757745458544,0.8516456672616302,0.8552876774855946,0.19195612150804117,1.0,1.0,1.907994478297068,2.9053370009826565,True
D1,96,59,AutoARIMA,h1_6,1,ARIMA,8.255850315093994,4.930356979370117,0.6417205971408467,0.6061529841023685,1.0876601427898105,1.0957700857891357,0.26344520631696167,0.8333333333333334,1.0,2.375147608660845,3.6166793503494854,True
D1,96,59,AutoARIMA,h1_12,1,ARIMA,8.255850315093994,4.930356979370117,1.1037563967740398,1.085973662792067,1.877949256135472,1.899405289470659,0.4153810525953811,0.5833333333333334,0.8333333333333334,2.467950011109536,3.7579912129786206,True
D1,96,60,AutoARIMA,h1,1,ARIMA,8.255850315093994,4.930356979370117,0.4878015735269471,0.39513323722659094,0.9029225672150247,0.9070173996098468,0.1915437575048116,1.0,1.0,1.9489332777073216,2.9676752362633905,True
D1,96,60,AutoARIMA,h1_6,1,ARIMA,8.255850315093994,4.930356979370117,1.1274652364753504,1.068661843549435,2.0569537403445577,2.0491328394279944,0.4077587215093488,0.6666666666666666,0.8333333333333334,2.718555782366704,4.139593061503409,True
D1,96,60,AutoARIMA,h1_12,1,ARIMA,8.255850315093994,4.930356979370117,0.9548629254992117,0.925610683367222,1.7363338699228466,1.7259411626273955,0.367744701592826,0.75,0.9166666666666666,2.863633935625415,4.360506136195827,True
D1,96,61,AutoARIMA,h1,1,ARIMA,8.255850315093994,4.930356979370117,0.3124794908513801,0.2397713796413998,0.5016019802657248,0.5028631660652298,0.16223888810363357,1.0,1.0,1.9474390552994172,2.965399957325867,True
D1,96,61,AutoARIMA,h1_6,1,ARIMA,8.255850315093994,4.930356979370117,1.2582214186432878,1.0902619164049303,1.9994418644964091,2.0253351428020205,0.44468696856118356,0.3333333333333333,0.8333333333333334,2.45344450952747,3.7359034286880695,True
D1,96,61,AutoARIMA,h1_12,1,ARIMA,8.255850315093994,4.930356979370117,1.393115897952958,1.2774599161780005,2.2220519902118108,2.258116633238026,0.5231325933175208,0.5,0.75,2.6025206348379144,3.962904286266088,True
D1,96,62,AutoARIMA,h1,1,ARIMA,8.255850315093994,4.930356979370117,0.9299369685751543,0.7519230556829682,1.8538059005656593,1.871149641799707,0.2996794888535033,1.0,1.0,1.8844231498444795,2.8694445214736404,True
D1,96,62,AutoARIMA,h1_6,1,ARIMA,8.255850315093994,4.930356979370117,1.0407538549977073,0.9488551754169061,2.03543714412439,2.0184306399567054,0.37214116038620565,0.6666666666666666,0.8333333333333334,2.379902218087004,3.6239192783724246,True
D1,96,62,AutoARIMA,h1_12,1,ARIMA,8.255850315093994,4.930356979370117,1.2897665804030853,1.2088330201688116,2.560626122153319,2.5806532698114237,0.4673022133750672,0.5833333333333334,0.75,2.446947305268174,3.726010020634645,True
D1,96,63,AutoARIMA,h1,1,ARIMA,8.255850315093994,4.930356979370117,1.3648837713459625,1.0901691360195118,2.050572100371944,2.0718141215459376,0.463221579496245,0.0,1.0,2.010595193913097,3.0615689286938106,True
D1,96,63,AutoARIMA,h1_6,1,ARIMA,8.255850315093994,4.930356979370117,1.6851323332984676,1.550212370428461,2.537789689963234,2.581539551628516,0.634575697829415,0.3333333333333333,0.6666666666666666,2.724225338267948,4.148226194736443,True
D1,96,63,AutoARIMA,h1_12,1,ARIMA,8.255850315093994,4.930356979370117,2.3369283409662653,2.060839705668143,3.5342732797603977,3.6126377193121626,0.8583538173629692,0.16666666666666666,0.5833333333333334,3.187304315025145,4.85336475821419,True
D1,96,64,AutoARIMA,h1,1,ARIMA,8.255850315093994,4.930356979370117,1.6945981404179509,1.3798624387943474,3.4920677852282465,3.5541239947623273,0.6276544978388999,0.0,0.0,1.8582344432112756,2.829566513830099,True
D1,96,64,AutoARIMA,h1_6,1,ARIMA,8.255850315093994,4.930356979370117,0.8379406049297724,0.7752246400119681,1.7138870017911756,1.7230918713420422,0.3139024920510365,0.8333333333333334,0.8333333333333334,2.1900444094705973,3.334819428989712,True
D1,96,64,AutoARIMA,h1_12,1,ARIMA,8.255850315093994,4.930356979370117,0.6957916444925518,0.6931624618532285,1.4172291347287458,1.4164411603822953,0.2838695167922641,0.8333333333333334,0.9166666666666666,2.244738624033766,3.4181032786641024,True
D1,96,65,AutoARIMA,h1,1,ARIMA,8.255850315093994,4.930356979370117,0.38680573272966895,0.3004298984556707,0.6256114332253154,0.6275745222067828,0.1738716263615236,1.0,1.0,1.9340923842577205,2.9450767448331523,True
D1,96,65,AutoARIMA,h1_6,1,ARIMA,8.255850315093994,4.930356979370117,1.9464376725004848,1.8203969448941788,3.1866306667973436,3.2622915230943184,0.7939424594689476,0.3333333333333333,0.5,2.424119793542295,3.6912501640355013,True
D1,96,65,AutoARIMA,h1_12,1,ARIMA,8.255850315093994,4.930356979370117,1.5948911602883193,1.5099690512269976,2.6014559025580546,2.6523193189733787,0.6256575506677345,0.4166666666666667,0.6666666666666666,2.5552525349492106,3.890928312994218,True
D1,96,66,AutoARIMA,h1,1,ARIMA,8.255850315093994,4.930356979370117,0.4292880795330508,0.3400539455647768,0.821487033149728,0.8248751543661236,0.18180682905037673,1.0,1.0,1.9492041210712203,2.9680876542528423,True
D1,96,66,AutoARIMA,h1_6,1,ARIMA,8.255850315093994,4.930356979370117,1.01217017536341,1.0866868857603948,1.9233626550977778,1.94887943873298,0.4075016931689411,0.8333333333333334,0.8333333333333334,2.462874455653789,3.7502625747493954,True
D1,96,66,AutoARIMA,h1_12,1,ARIMA,8.255850315093994,4.930356979370117,1.5900253036492067,1.5665140671589841,3.0443666045214925,3.1141673632323874,0.6171182992511896,0.5833333333333334,0.6666666666666666,2.5482150186174284,3.8802121621739087,True
D1,96,67,AutoARIMA,h1,1,ARIMA,8.255850315093994,4.930356979370117,1.758157475148137,1.4066120049911202,2.8400007891673487,2.8002374069395275,0.6475529546084369,0.0,0.0,1.9587517221837236,2.9826259556464225,True
D1,96,67,AutoARIMA,h1_6,1,ARIMA,8.255850315093994,4.930356979370117,1.9534341222898948,1.7365479010138085,3.1677261861016723,3.1185213436179966,0.7464834797232311,0.16666666666666666,0.5,2.498360322989742,3.804297533736864,True
D1,96,67,AutoARIMA,h1_12,1,ARIMA,8.255850315093994,4.930356979370117,1.5313786141247177,1.4674976451086559,2.492773773005488,2.4600556521645127,0.596217288420376,0.3333333333333333,0.6666666666666666,2.615228837980505,3.9822552923754597,True
D1,96,68,AutoARIMA,h1,1,ARIMA,8.255850315093994,4.930356979370117,0.38627753300931833,0.3217433020748917,0.7250991967776556,0.7277376065475181,0.16490644046482844,1.0,1.0,1.7771581534119696,2.7061102107140975,True
D1,96,68,AutoARIMA,h1_6,1,ARIMA,8.255850315093994,4.930356979370117,1.082170776698398,1.0198431679193134,2.092552984540997,2.1150553495255178,0.38566430391824286,0.5,0.8333333333333334,2.1365493605592922,3.2533615701021406,True
D1,96,68,AutoARIMA,h1_12,1,ARIMA,8.255850315093994,4.930356979370117,0.7008999578703701,0.7668539699571085,1.3515757646347077,1.3612014306405398,0.29196809451752154,0.75,0.9166666666666666,2.1760230777865264,3.313468898782129,True
D1,96,69,AutoARIMA,h1,1,ARIMA,8.255850315093994,4.930356979370117,1.6521369369962433,1.2942256568175299,2.7290819710983674,2.6923438359844525,0.5834285973866047,0.0,0.0,2.052779000776223,3.125802958884032,True
D1,96,69,AutoARIMA,h1_6,1,ARIMA,8.255850315093994,4.930356979370117,1.374627808168859,1.1704120191236742,2.305043379050444,2.3244684999891447,0.4839757290170555,0.3333333333333333,0.8333333333333334,2.800465245375208,4.26431805222855,True
D1,96,69,AutoARIMA,h1_12,1,ARIMA,8.255850315093994,4.930356979370117,1.37582727408836,1.1823046824293904,2.3071343162449547,2.3334884050752907,0.48706828368071003,0.5,0.9166666666666666,3.0079151726797644,4.580205732462842,True
D1,96,70,AutoARIMA,h1,1,ARIMA,8.255850315093994,4.930356979370117,0.4641732783677391,0.37068017115985935,0.7931838585745709,0.790050581730142,0.18939295473169826,1.0,1.0,1.9805290105500108,3.015786618526375,True
D1,96,70,AutoARIMA,h1_6,1,ARIMA,8.255850315093994,4.930356979370117,1.4502215290779774,1.4915194650389765,2.5355764228159843,2.589828959968517,0.569551912294214,0.6666666666666666,0.6666666666666666,2.550872892862831,3.8842593543838175,True
D1,96,70,AutoARIMA,h1_12,1,ARIMA,8.255850315093994,4.930356979370117,1.6585505857094902,1.6430811842761983,2.904108000674798,2.9709591045885055,0.645850994420865,0.6666666666666666,0.6666666666666666,2.9550654049627347,4.499730454683903,True
D1,96,71,AutoARIMA,h1,1,ARIMA,8.255850315093994,4.930356979370117,1.0254223738921442,0.8541858761500165,2.000592303522548,2.020806351693081,0.3385367816338607,0.0,1.0,1.7925349845569958,2.729524783969773,True
D1,96,71,AutoARIMA,h1_6,1,ARIMA,8.255850315093994,4.930356979370117,1.3574977951094147,1.2797037479937228,2.660211777130415,2.706500202032526,0.51516178318884,0.3333333333333333,0.5,2.062457124410564,3.1405400092344333,True
D1,96,71,AutoARIMA,h1_12,1,ARIMA,8.255850315093994,4.930356979370117,1.680608622926677,1.631342260486298,3.3079718973695336,3.384840264325612,0.6582267802409789,0.3333333333333333,0.4166666666666667,2.103596820872763,3.2031841540159727,True
D1,96,72,AutoARIMA,h1,1,ARIMA,8.255850315093994,4.930356979370117,0.09969419881071877,0.0817706414348516,0.18655076147461377,0.1867249298638758,0.14237893148374836,1.0,1.0,1.8671196468611162,2.84309617086989,True
D1,96,72,AutoARIMA,h1_6,1,ARIMA,8.255850315093994,4.930356979370117,0.9451634385865149,0.8673152207827718,1.7497590336790276,1.7391537146679354,0.3353452576898877,0.6666666666666666,1.0,2.2608488289875086,3.442634573213396,True
D1,96,72,AutoARIMA,h1_12,1,ARIMA,8.255850315093994,4.930356979370117,0.855816001836828,0.8090093131439573,1.5875096283831966,1.5819184443919294,0.3181141687704297,0.75,1.0,2.3319226856049946,3.5508599940844343,True
D1,96,73,AutoARIMA,h1,1,ARIMA,8.255850315093994,4.930356979370117,1.257126273020937,1.0026997571839378,2.2814591405807274,2.3077847233384934,0.42506296710366354,0.0,1.0,1.8990923359049454,2.8917815510198563,True
D1,96,73,AutoARIMA,h1_6,1,ARIMA,8.255850315093994,4.930356979370117,1.5332533545290075,1.3334567568399747,2.830150080629064,2.8789384915101213,0.5588381582875958,0.3333333333333333,0.5,2.2371993077002013,3.40662302808939,True
D1,96,73,AutoARIMA,h1_12,1,ARIMA,8.255850315093994,4.930356979370117,1.030752743779742,0.9974688176321702,1.8964400695594301,1.9198712392812525,0.3934120593289832,0.6666666666666666,0.75,2.292849317017082,3.49136228337155,True
D1,96,74,AutoARIMA,h1,1,ARIMA,8.255850315093994,4.930356979370117,1.6791383060178726,1.3501124320225788,2.7453818965023316,2.783592012088513,0.606815688463977,0.0,0.0,1.9691381395278282,2.9984415373793483,True
D1,96,74,AutoARIMA,h1_6,1,ARIMA,8.255850315093994,4.930356979370117,1.5312944898959382,1.3094325412860468,2.4828160710422127,2.4832596356405867,0.5389110726325623,0.3333333333333333,0.6666666666666666,2.598682066200851,3.957059229784572,True
D1,96,74,AutoARIMA,h1_12,1,ARIMA,8.255850315093994,4.930356979370117,1.193260701351764,1.0844030417384414,1.9325014775529763,1.9263693765523004,0.4386296289465761,0.5833333333333334,0.8333333333333334,2.753044878342658,4.19211021907863,True
D1,96,75,AutoARIMA,h1,1,ARIMA,8.255850315093994,4.930356979370117,0.06427518778502772,0.04980760785522964,0.09832498921076782,0.09837335200464023,0.1571038064167562,1.0,1.0,2.094881954247287,3.1899138721814904,True
D1,96,75,AutoARIMA,h1_6,1,ARIMA,8.255850315093994,4.930356979370117,0.6708414915162298,0.6670116974531347,1.0339482387649557,1.0383503290598328,0.3040929313826987,0.8333333333333334,1.0,2.9056760525625682,4.424524412625104,True
D1,96,75,AutoARIMA,h1_12,1,ARIMA,8.255850315093994,4.930356979370117,0.7934709935048149,0.8175251654343706,1.2119321587358747,1.2057823923598416,0.3642915102181155,0.8333333333333334,1.0,3.4425817560531256,5.242080241079064,True
D1,96,76,AutoARIMA,h1,1,ARIMA,8.255850315093994,4.930356979370117,0.1136498348157425,0.09055816384392079,0.17980182302181594,0.17996361194934635,0.15099439310140014,1.0,1.0,1.9740946269618345,3.005988868622027,True
D1,96,76,AutoARIMA,h1_6,1,ARIMA,8.255850315093994,4.930356979370117,1.4650587995059392,1.4201857009400398,2.29523366446944,2.299285806026735,0.5640546230962352,0.5,0.6666666666666666,2.7937138245327375,4.254037544079316,True
D1,96,76,AutoARIMA,h1_12,1,ARIMA,8.255850315093994,4.930356979370117,1.1297999505520806,1.108571569422785,1.7654765252193945,1.7671959643932655,0.43966786227868987,0.75,0.8333333333333334,2.9734469364914298,4.527720338455855,True
D1,96,77,AutoARIMA,h1,1,ARIMA,8.255850315093994,4.930356979370117,1.7056870424592838,1.3522631096291529,3.1235422238685366,3.1730987637133556,0.6224935666126231,0.0,0.0,1.9488039929358787,2.967478372051052,True
D1,96,77,AutoARIMA,h1_6,1,ARIMA,8.255850315093994,4.930356979370117,2.608630913586102,2.3495906679683602,4.784191076986036,4.940652032714036,1.0395025945348677,0.0,0.3333333333333333,2.386887742080884,3.6345562595385337,True
D1,96,77,AutoARIMA,h1_12,1,ARIMA,8.255850315093994,4.930356979370117,1.8286391564056512,1.8094921125267596,3.3173807345025708,3.3999062955385724,0.7220913252904972,0.25,0.5833333333333334,2.4691323394742546,3.7597915653299547,True
D1,96,78,AutoARIMA,h1,1,ARIMA,8.255850315093994,4.930356979370117,0.1892689621622169,0.15185665475087565,0.3514510554427159,0.35083454957903926,0.15122829109147176,1.0,1.0,1.919964611680604,2.9235641351916337,True
D1,96,78,AutoARIMA,h1_6,1,ARIMA,8.255850315093994,4.930356979370117,0.4611209443109039,0.4067279068048597,0.8551982445553923,0.8508118197862532,0.22163111531642704,1.0,1.0,2.4873932013046574,3.787597703214089,True
D1,96,78,AutoARIMA,h1_12,1,ARIMA,8.255850315093994,4.930356979370117,0.768189999078095,0.8628934400397332,1.4144607311496304,1.3968424953182064,0.33475060052126393,0.8333333333333334,0.8333333333333334,2.566794065417672,3.908502805949729,True
D1,96,79,AutoARIMA,h1,1,ARIMA,8.255850315093994,4.930356979370117,0.08004886596329074,0.06655475664452273,0.14233264090043093,0.14243400594152936,0.13791736328418105,1.0,1.0,1.8211354558375246,2.773075228377263,True
D1,96,79,AutoARIMA,h1_6,1,ARIMA,8.255850315093994,4.930356979370117,1.0167012040906334,1.1401551295605918,1.7741392173411414,1.7466129689606473,0.41707256990926783,0.5,0.8333333333333334,2.286871132288727,3.482259195554697,True
D1,96,79,AutoARIMA,h1_12,1,ARIMA,8.255850315093994,4.930356979370117,0.8724036729042243,0.9208020081535152,1.5324125587571271,1.5185909045017927,0.35156857383421486,0.75,0.9166666666666666,2.546134110607841,3.87704352667487,True
D1,96,80,AutoARIMA,h1,1,ARIMA,8.255850315093994,4.930356979370117,0.5071991942530827,0.42563427382598085,0.8410072762194157,0.8445586761787184,0.1894708185815487,1.0,1.0,1.8551336597164931,2.824844895858004,True
D1,96,80,AutoARIMA,h1_6,1,ARIMA,8.255850315093994,4.930356979370117,1.1457898097780508,1.102218127804845,1.8579134459172537,1.8367611295518689,0.4143667375456527,0.3333333333333333,1.0,2.319008889015603,3.5311959271905877,True
D1,96,80,AutoARIMA,h1_12,1,ARIMA,8.255850315093994,4.930356979370117,1.1982246849884859,1.1828743359024791,1.9370318102452515,1.9121490587201955,0.44556679355192264,0.4166666666666667,0.9166666666666666,2.4125241639976434,3.67359329345806,True
D1,96,81,AutoARIMA,h1,1,ARIMA,8.255850315093994,4.930356979370117,1.4160890405495739,1.132237635139995,2.155262026121507,2.1322838738108283,0.4834512424914286,0.0,1.0,2.0011769407858218,3.047227587769306,True
D1,96,81,AutoARIMA,h1_6,1,ARIMA,8.255850315093994,4.930356979370117,1.6496021256489817,1.7886559254392251,2.4948203420769994,2.439749937050808,0.6936062466528921,0.3333333333333333,0.6666666666666666,2.72661316309368,4.151862177909852,True
D1,96,81,AutoARIMA,h1_12,1,ARIMA,8.255850315093994,4.930356979370117,1.1116072519475988,1.3210084925876655,1.6979460167199292,1.6731085702883757,0.4904942932810571,0.6666666666666666,0.8333333333333334,2.926934436216508,4.4568949301047995,True
D1,96,82,AutoARIMA,h1,1,ARIMA,8.255850315093994,4.930356979370117,0.9184016367146066,0.7512215708412157,1.3472092293109932,1.3381950854622264,0.30028245815109816,1.0,1.0,2.0578707635547757,3.1335562762908937,True
D1,96,82,AutoARIMA,h1_6,1,ARIMA,8.255850315093994,4.930356979370117,0.6380798784919293,0.579266798862697,0.9379206627331185,0.9335545459244704,0.333765094436142,1.0,1.0,3.71508166591679,5.65702068241512,True
D1,96,82,AutoARIMA,h1_12,1,ARIMA,8.255850315093994,4.930356979370117,2.153232153376831,2.2067930799821953,3.2567548273169127,3.338461978052967,0.7799974984933414,0.6666666666666666,0.9166666666666666,5.015889284361111,7.637783492797848,True
D1,96,83,AutoARIMA,h1,1,ARIMA,8.255850315093994,4.930356979370117,0.4959299447590817,0.41526012623835784,0.8597288806925227,0.8634405043844178,0.18573546894752951,1.0,1.0,1.8223022927641648,2.774851991641318,True
D1,96,83,AutoARIMA,h1_6,1,ARIMA,8.255850315093994,4.930356979370117,0.6385697790110536,0.6432031051765407,1.130132655504961,1.1359111359556817,0.2557587475610571,0.8333333333333334,1.0,2.152682573429623,3.277927899213704,True
D1,96,83,AutoARIMA,h1_12,1,ARIMA,8.255850315093994,4.930356979370117,1.416614777044071,1.4461361251704126,2.5422914222649156,2.5787872680999557,0.5497852119697387,0.4166666666666667,0.6666666666666666,2.207560983155341,3.361492226125971,True
D1,96,84,AutoARIMA,h1,1,ARIMA,8.255850315093994,4.930356979370117,1.796471830770066,1.418469577775837,3.1315516763584452,3.181364716412389,0.6735445254965128,0.0,0.0,1.9009314697764197,2.894582032754651,True
D1,96,84,AutoARIMA,h1_6,1,ARIMA,8.255850315093994,4.930356979370117,1.7982604008238545,1.5491549005321108,3.1416603685025564,3.20135983233822,0.6874715156843567,0.16666666666666666,0.3333333333333333,2.287809003117004,3.4836873080836006,True
D1,96,84,AutoARIMA,h1_12,1,ARIMA,8.255850315093994,4.930356979370117,1.4006642873591442,1.260238846458538,2.4266553762069565,2.4571774639823674,0.523425181181699,0.4166666666666667,0.6666666666666666,2.4076048202637232,3.666102521585666,True
D1,96,85,AutoARIMA,h1,1,ARIMA,8.255850315093994,4.930356979370117,0.9705895635839189,0.7816861853704312,1.6475402604275098,1.634079204040589,0.31338197737808315,0.0,1.0,1.906533053292292,2.903111663232035,True
D1,96,85,AutoARIMA,h1_6,1,ARIMA,8.255850315093994,4.930356979370117,2.9340385220400935,2.616292188738681,5.196388913755587,5.3651213476428,1.2099081310492308,0.0,0.16666666666666666,2.2505616350037134,3.4269700806494074,True
D1,96,85,AutoARIMA,h1_12,1,ARIMA,8.255850315093994,4.930356979370117,2.257022230592262,2.082759489409524,3.9697091617399427,4.068503403497288,0.881314831905429,0.16666666666666666,0.5,2.413222206412324,3.6746562150119186,True
D1,96,86,AutoARIMA,h1,1,ARIMA,8.255850315093994,4.930356979370117,2.0802504822966563,1.6200479583905736,3.436304302136011,3.4963773853925892,0.8032619740943414,0.0,0.0,2.0039078426653294,3.051385980451703,True
D1,96,86,AutoARIMA,h1_6,1,ARIMA,8.255850315093994,4.930356979370117,1.594258509848699,1.4736726456022182,2.6146767808501186,2.650960306858931,0.6393093177026355,0.3333333333333333,0.5,2.537259335862479,3.863529749912738,True
D1,96,86,AutoARIMA,h1_12,1,ARIMA,8.255850315093994,4.930356979370117,2.138140972912287,1.8319334794858315,3.420978339684537,3.393721781235986,0.8296780858744662,0.16666666666666666,0.3333333333333333,2.649775996191007,4.034860862344071,True
D1,96,87,AutoARIMA,h1,1,ARIMA,8.255850315093994,4.930356979370117,0.5867766632683614,0.45223231619329124,0.8711378872091345,0.8749488928588397,0.21495895984232685,1.0,1.0,2.0712566794859204,3.153939247672173,True
D1,96,87,AutoARIMA,h1_6,1,ARIMA,8.255850315093994,4.930356979370117,1.020101193667405,0.8458538263575922,1.5116575322893642,1.5160062646959933,0.3536313124907361,0.8333333333333334,1.0,2.8089612427526807,4.277255057980817,True
D1,96,87,AutoARIMA,h1_12,1,ARIMA,8.255850315093994,4.930356979370117,0.9532373578873339,0.8143322836391957,1.414737974292545,1.421064481440794,0.35380044560737617,0.8333333333333334,1.0,3.009135902206106,4.5820645589434275,True
D1,96,88,AutoARIMA,h1,1,ARIMA,8.255850315093994,4.930356979370117,0.8017900698897716,0.6234255955286835,1.4470631407702366,1.4576094049882293,0.26607562894298853,1.0,1.0,1.9751964110751492,3.007666574814537,True
D1,96,88,AutoARIMA,h1_6,1,ARIMA,8.255850315093994,4.930356979370117,1.7098348869420434,1.6845436941721699,3.0411521096508007,3.1167693397699305,0.6815455130675161,0.6666666666666666,0.6666666666666666,2.3239795113389596,3.538764781879749,True
D1,96,88,AutoARIMA,h1_12,1,ARIMA,8.255850315093994,4.930356979370117,1.392570445845187,1.3894078587908456,2.4492347398265144,2.4892097090740877,0.5471637893190784,0.6666666666666666,0.75,2.3843232705580886,3.630651293309385,True
D1,96,89,AutoARIMA,h1,1,ARIMA,8.255850315093994,4.930356979370117,0.11771597855449463,0.09459914473674053,0.21561445720550318,0.21584715604245042,0.14792595498212802,1.0,1.0,1.929145042128209,2.937543339307659,True
D1,96,89,AutoARIMA,h1_6,1,ARIMA,8.255850315093994,4.930356979370117,1.5913637703276535,1.4338828987004182,2.9151739586700347,2.969721652630625,0.5825202730404102,0.3333333333333333,0.5,2.5247325378617065,3.8444549726272412,True
D1,96,89,AutoARIMA,h1_12,1,ARIMA,8.255850315093994,4.930356979370117,1.231019194308277,1.2153002529378827,2.2261153166412613,2.243827523132103,0.47816914257390636,0.5,0.75,2.616515556911252,3.984214602091444,True
D1,96,90,AutoARIMA,h1,1,ARIMA,8.255850315093994,4.930356979370117,1.3176707617044634,1.0580043575237636,2.846993595136032,2.888105687102313,0.4489069968409755,0.0,1.0,1.8901963804720041,2.878235522049447,True
D1,96,90,AutoARIMA,h1_6,1,ARIMA,8.255850315093994,4.930356979370117,0.7909146288127177,0.7846519050839657,1.6812900862920106,1.6991920662176634,0.31726410961905926,0.6666666666666666,1.0,2.231777884403127,3.398367730769536,True
D1,96,90,AutoARIMA,h1_12,1,ARIMA,8.255850315093994,4.930356979370117,0.9954816852163948,0.940751712136852,2.091151446887325,2.101275608910189,0.3735699773277756,0.5833333333333334,0.9166666666666666,2.2884236182594773,3.4846231934517764,True
D1,96,91,AutoARIMA,h1,1,ARIMA,8.255850315093994,4.930356979370117,1.1765118752033483,0.9273731941255302,1.7877800061072577,1.8039049319586276,0.38981266451687074,0.0,1.0,2.015153338588105,3.068509696358886,True
D1,96,91,AutoARIMA,h1_6,1,ARIMA,8.255850315093994,4.930356979370117,1.0538062994500588,0.8938731543289767,1.5856019226353435,1.5876632687226684,0.3735803998854606,0.5,1.0,2.6599984240347427,4.050426734358951,True
D1,96,91,AutoARIMA,h1_12,1,ARIMA,8.255850315093994,4.930356979370117,0.9547088725377247,0.8735056045805287,1.4388162018792656,1.44433220548501,0.36748281271317396,0.6666666666666666,1.0,2.845109925779629,4.3322992981657915,True
D1,96,92,AutoARIMA,h1,1,ARIMA,8.255850315093994,4.930356979370117,0.7635596721683708,0.6014871800185122,1.2915831104264397,1.2999782602507468,0.25316124020506736,1.0,1.0,1.870649629616118,2.8484713381607962,True
D1,96,92,AutoARIMA,h1_6,1,ARIMA,8.255850315093994,4.930356979370117,0.6852620259777674,0.5884616630241201,1.1567200939717928,1.1562280267788438,0.2591232448364123,1.0,1.0,2.2639547336763672,3.44736398931848,True
D1,96,92,AutoARIMA,h1_12,1,ARIMA,8.255850315093994,4.930356979370117,1.2155355160683954,1.1768121645641407,2.0845713338363785,2.114139168946512,0.4659114805377455,0.5833333333333334,0.75,2.310075868563952,3.517593458659399,True
D1,96,93,AutoARIMA,h1,1,ARIMA,8.255850315093994,4.930356979370117,0.3369476959097762,0.26876282954294195,0.5279992357236295,0.5266089900023972,0.16656904966912164,1.0,1.0,1.9518962748179007,2.972187044466782,True
D1,96,93,AutoARIMA,h1_6,1,ARIMA,8.255850315093994,4.930356979370117,0.7563378324424763,0.8007306061248256,1.2085317665424284,1.209638871529973,0.32081089159420034,0.6666666666666666,1.0,2.414782318520157,3.6770318253630685,True
D1,96,93,AutoARIMA,h1_12,1,ARIMA,8.255850315093994,4.930356979370117,1.4308937059620983,1.4576768544114909,2.348754804075424,2.389528054076856,0.5670531983880778,0.5,0.75,2.5047632242587445,3.814047344955964,True
D1,96,94,AutoARIMA,h1,1,ARIMA,8.255850315093994,4.930356979370117,0.8227775292762144,0.6862060608237446,1.579493152554031,1.5671169004861831,0.26761292136399384,1.0,1.0,1.7796384328462553,2.709886976158222,True
D1,96,94,AutoARIMA,h1_6,1,ARIMA,8.255850315093994,4.930356979370117,1.118141269693301,1.0658311939617975,2.1901447860545113,2.217769863894377,0.3988681052044667,0.5,0.8333333333333334,2.1387411053419427,3.256698978719499,True
D1,96,94,AutoARIMA,h1_12,1,ARIMA,8.255850315093994,4.930356979370117,0.8190840255090464,0.8719972496020053,1.6034312399864925,1.622604631015535,0.3398356412856287,0.75,0.9166666666666666,2.493087654959772,3.7962687486981164,True
D1,96,95,AutoARIMA,h1,1,ARIMA,8.255850315093994,4.930356979370117,0.2520736244412783,0.20351659997390165,0.4421744592976912,0.4431542166784176,0.15549944704807353,1.0,1.0,1.930634727910782,2.939811710245411,True
D1,96,95,AutoARIMA,h1_6,1,ARIMA,8.255850315093994,4.930356979370117,1.4391521934796305,1.3115056136961616,2.520881393525283,2.562238539737775,0.5198693891392182,0.5,0.6666666666666666,2.420527853667107,3.685780653539853,True
D1,96,95,AutoARIMA,h1_12,1,ARIMA,8.255850315093994,4.930356979370117,1.1001846638700543,1.0967380554402284,1.9038746869393417,1.9171777848512694,0.42514454952118275,0.6666666666666666,0.75,2.5203235275133737,3.8377412944439793,True
D1,96,96,AutoARIMA,h1,1,ARIMA,8.255850315093994,4.930356979370117,1.0616575620108621,0.8302148077515419,1.964268139688711,1.9451640211229086,0.3465647060271148,0.0,1.0,1.9729692227490323,3.0042751956855063,True
D1,96,96,AutoARIMA,h1_6,1,ARIMA,8.255850315093994,4.930356979370117,1.4011431046541998,1.1702892823978976,2.5565128088010756,2.5199606756811455,0.483307884828895,0.3333333333333333,0.8333333333333334,2.4246597662653135,3.6920723900689456,True
D1,96,96,AutoARIMA,h1_12,1,ARIMA,8.255850315093994,4.930356979370117,1.3263237069304337,1.1039306087406462,2.416099965973369,2.383629106848578,0.4538349403445029,0.5,0.8333333333333334,2.5104553316260474,3.822714817705967,True
D1,96,97,AutoARIMA,h1,1,ARIMA,8.255850315093994,4.930356979370117,0.501525474280944,0.39024866966236704,0.8561326371116433,0.8524834426225113,0.19700328307101675,1.0,1.0,2.005012987709234,3.0530688043927694,True
D1,96,97,AutoARIMA,h1_6,1,ARIMA,8.255850315093994,4.930356979370117,1.6696660761195583,1.5731402422641232,2.947249247222125,3.012332021697874,0.6239880772623623,0.5,0.6666666666666666,2.5409240599242566,3.869110090179013,True
D1,96,97,AutoARIMA,h1_12,1,ARIMA,8.255850315093994,4.930356979370117,1.4807386299010339,1.409427392191372,2.5816275073580432,2.600713972042072,0.563364411830791,0.5,0.75,2.6543412571695213,4.041812466130605,True
D1,96,98,AutoARIMA,h1,1,ARIMA,8.255850315093994,4.930356979370117,0.1985445068986421,0.15629200748993805,0.3239516470445897,0.32447722169657495,0.15324060032302383,1.0,1.0,1.9403904585190201,2.9546669341101284,True
D1,96,98,AutoARIMA,h1_6,1,ARIMA,8.255850315093994,4.930356979370117,0.5303108622079722,0.5889839218407301,0.8802329443624123,0.8846005382160858,0.25438634019037526,0.8333333333333334,1.0,2.324755439048238,3.539946300751787,True
D1,96,98,AutoARIMA,h1_12,1,ARIMA,8.255850315093994,4.930356979370117,1.6495730423611557,1.640814216583878,2.792571188187111,2.855193336898308,0.6752610732020043,0.4166666666666667,0.5833333333333334,2.3916855002519397,3.6418618909198996,True
D1,96,99,AutoARIMA,h1,1,ARIMA,8.255850315093994,4.930356979370117,1.2951323998123943,0.9929590933175455,1.8606578005003174,1.8435071209757108,0.4370199101351934,0.0,1.0,1.9831035365768739,3.0197068949270323,True
D1,96,99,AutoARIMA,h1_6,1,ARIMA,8.255850315093994,4.930356979370117,2.6364505488534755,2.3992412342885787,3.7688189945185475,3.672637239130786,1.086170106548443,0.16666666666666666,0.5,2.44680624043825,3.7257952187185053,True
D1,96,99,AutoARIMA,h1_12,1,ARIMA,8.255850315093994,4.930356979370117,2.546901676871651,2.2281811321314478,3.6548374274746562,3.570944629583226,1.0104586224333787,0.16666666666666666,0.4166666666666667,2.5843582540431442,3.935248107199951,True
D1,96,100,AutoARIMA,h1,1,ARIMA,8.255850315093994,4.930356979370117,0.9670779205508924,0.7638877439056375,1.5767445002394787,1.564411117114361,0.3127615159963234,1.0,1.0,2.0103938799759304,3.0612623843944657,True
D1,96,100,AutoARIMA,h1_6,1,ARIMA,8.255850315093994,4.930356979370117,0.7646526100512964,0.742388442122599,1.2571441565245838,1.262032415730639,0.31571627584678386,0.8333333333333334,1.0,2.6915877962651726,4.098528431204952,True
D1,96,100,AutoARIMA,h1_12,1,ARIMA,8.255850315093994,4.930356979370117,1.043138520886356,0.9519418501208259,1.711926490726751,1.7191369513014143,0.3871285199078125,0.75,1.0,2.8677622857912772,4.366792448146056,True
D1,96,101,AutoARIMA,h1,1,ARIMA,8.255850315093994,4.930356979370117,1.3085424589268282,1.0693868230594021,2.4505338353515294,2.4208716953490406,0.4455109866583918,0.0,1.0,1.885617175055721,2.871262684820434,True
D1,96,101,AutoARIMA,h1_6,1,ARIMA,8.255850315093994,4.930356979370117,0.7806281767847844,0.751449873477363,1.4788229333042466,1.4742247584920816,0.3081730688639227,0.6666666666666666,1.0,2.3173303478393006,3.528639982798373,True
D1,96,101,AutoARIMA,h1_12,1,ARIMA,8.255850315093994,4.930356979370117,1.1848734579826792,1.1643392641495864,2.225235266658086,2.195573694216371,0.44874855422319126,0.5,0.8333333333333334,2.399333917195818,3.6535082709271585,True
D1,96,102,AutoARIMA,h1,1,ARIMA,8.255850315093994,4.930356979370117,0.3029185600140615,0.2406749499372989,0.5143358556423453,0.5130165416328483,0.16272796218158286,1.0,1.0,1.984255517341139,3.0214610364494177,True
D1,96,102,AutoARIMA,h1_6,1,ARIMA,8.255850315093994,4.930356979370117,0.7089869342574059,0.6482688615546627,1.201593183395564,1.2019026686727778,0.2714406886032033,0.8333333333333334,1.0,2.280623591661897,3.4727459547383717,True
D1,96,102,AutoARIMA,h1_12,1,ARIMA,8.255850315093994,4.930356979370117,0.8186803309690388,0.7791294058829075,1.3887919748856938,1.3919129647032236,0.3140748566971851,0.6666666666666666,0.9166666666666666,2.3304540475769597,3.548623672935482,True
D1,96,103,AutoARIMA,h1,1,ARIMA,8.255850315093994,4.930356979370117,2.202461153392619,1.7321363017784275,3.4346407297770156,3.376652783868074,0.8767026988916857,0.0,0.0,1.8995481267559262,2.8924755918250797,True
D1,96,103,AutoARIMA,h1_6,1,ARIMA,8.255850315093994,4.930356979370117,1.9698859187493774,1.5675304850519503,3.051193437667053,3.0042867121456105,0.7337972734726087,0.0,0.16666666666666666,2.1774669919524507,3.3156675724681524,True
D1,96,103,AutoARIMA,h1_12,1,ARIMA,8.255850315093994,4.930356979370117,2.0904327280118555,1.7177156212934477,3.223196254971359,3.16766277438972,0.7993298589974174,0.08333333333333333,0.16666666666666666,2.2193228535474914,3.379402234587622,True
D1,96,104,AutoARIMA,h1,1,ARIMA,8.255850315093994,4.930356979370117,0.7387106431399523,0.5810569867360103,1.1523305744295191,1.159008378381665,0.24854167756099488,1.0,1.0,1.9746548060477191,3.0068418632422573,True
D1,96,104,AutoARIMA,h1_6,1,ARIMA,8.255850315093994,4.930356979370117,0.9464809156784953,0.8462359337903724,1.4675044790862373,1.4598962322693931,0.3452366118315086,0.8333333333333334,1.0,2.4672830253137477,3.7569755818886676,True
D1,96,104,AutoARIMA,h1_12,1,ARIMA,8.255850315093994,4.930356979370117,1.041876648171918,0.9232677360300918,1.6180933071355148,1.608508431710537,0.3738166292529624,0.8333333333333334,0.9166666666666666,2.5664341682484055,3.9079547841528575,True
D1,96,105,AutoARIMA,h1,1,ARIMA,8.255850315093994,4.930356979370117,1.0766977879429829,0.8913726305177541,1.8156045310603097,1.7992707107847852,0.35632387548447875,0.0,1.0,1.8566126199745434,2.8270969348494943,True
D1,96,105,AutoARIMA,h1_6,1,ARIMA,8.255850315093994,4.930356979370117,0.8539117023190775,0.8113786644168394,1.4344602216426439,1.432257811895849,0.32001804790991,0.5,1.0,2.2503914264668325,3.4267109010942765,True
D1,96,105,AutoARIMA,h1_12,1,ARIMA,8.255850315093994,4.930356979370117,0.8932045271384941,0.8975284492470361,1.5026263771793522,1.5113898323094896,0.34570520962884566,0.5,0.9166666666666666,2.321718965647927,3.535322608900074,True
D1,96,106,AutoARIMA,h1,1,ARIMA,8.255850315093994,4.930356979370117,1.2110034832464138,0.9409243112087169,2.0472406982093023,2.06841339866161,0.40685883809560447,0.0,1.0,1.9070520606954655,2.903901965001447,True
D1,96,106,AutoARIMA,h1_6,1,ARIMA,8.255850315093994,4.930356979370117,1.7706732188746306,1.519563108676143,3.005928603846373,3.062491097863543,0.6567561428786973,0.16666666666666666,0.6666666666666666,2.329362678234875,3.546961825499661,True
D1,96,106,AutoARIMA,h1_12,1,ARIMA,8.255850315093994,4.930356979370117,1.2268912007707775,1.2589464221452724,2.082038367111379,2.12067770307279,0.5053909200242025,0.5,0.75,2.386695947614561,3.634264210706128,True
D1,96,107,AutoARIMA,h1,1,ARIMA,8.255850315093994,4.930356979370117,1.1320349997282815,0.9030505465071326,2.132891996040314,2.155883327508513,0.37502336767261285,0.0,1.0,1.940543988771273,2.954900717345721,True
D1,96,107,AutoARIMA,h1_6,1,ARIMA,8.255850315093994,4.930356979370117,1.8926707143349217,1.7825991731611355,3.3918778979663022,3.3252011279375098,0.7232481664012433,0.3333333333333333,0.6666666666666666,2.3918939034525044,3.6421792301662235,True
D1,96,107,AutoARIMA,h1_12,1,ARIMA,8.255850315093994,4.930356979370117,2.6995501146342713,2.656890751985901,4.743588190387785,4.587373601435821,1.1246437350546692,0.25,0.5,2.478511741569872,3.774073747100106,True
D1,96,108,AutoARIMA,h1,1,ARIMA,8.255850315093994,4.930356979370117,1.1684579016094376,0.8855849203781223,1.9553554996088023,1.9746613240076178,0.3886864322761261,0.0,1.0,1.9554641944429085,2.9776199789018327,True
D1,96,108,AutoARIMA,h1_6,1,ARIMA,8.255850315093994,4.930356979370117,1.586120880502137,1.484345599538466,2.704194652428012,2.7607509761017464,0.6162110417555876,0.3333333333333333,0.6666666666666666,2.2303722905247145,3.396227408064331,True
D1,96,108,AutoARIMA,h1_12,1,ARIMA,8.255850315093994,4.930356979370117,1.3605455245237248,1.2789276312689806,2.3118062600677494,2.3507769881797573,0.5223699369376418,0.5,0.6666666666666666,2.2578631001328953,3.4380881509805805,True
D1,96,109,AutoARIMA,h1,1,ARIMA,8.255850315093994,4.930356979370117,1.7902197025900357,1.4352893930820039,2.70459430169045,2.668508142114562,0.6617109416159934,0.0,0.0,1.9745987269048846,3.0067564705377587,True
D1,96,109,AutoARIMA,h1_6,1,ARIMA,8.255850315093994,4.930356979370117,1.3086300191385123,1.2572931204969393,2.0247940089181253,1.99582779420048,0.5129784778860412,0.3333333333333333,0.6666666666666666,2.5282249572600644,3.8497729415293587,True
D1,96,109,AutoARIMA,h1_12,1,ARIMA,8.255850315093994,4.930356979370117,1.716122476405487,1.6530363447718974,2.7078482923388987,2.688168619978,0.666292321421207,0.3333333333333333,0.6666666666666666,2.6497908141608724,4.0348834259293485,True
D1,96,110,AutoARIMA,h1,1,ARIMA,8.255850315093994,4.930356979370117,0.39110160649757403,0.3107996453857226,0.6603256649424589,0.6581526893812123,0.18015479671760093,1.0,1.0,2.0325116565057386,3.094941514634333,True
D1,96,110,AutoARIMA,h1_6,1,ARIMA,8.255850315093994,4.930356979370117,0.8139321285699502,0.7177724266432673,1.397146897023629,1.4086235452460305,0.3063553976918962,1.0,1.0,2.8131468980198133,4.2836286294241726,True
D1,96,110,AutoARIMA,h1_12,1,ARIMA,8.255850315093994,4.930356979370117,1.4163526255806185,1.2750305920279843,2.455262104001064,2.4945119409398435,0.49567303250921546,0.5833333333333334,0.8333333333333334,3.073035673670749,4.679365873230382,True
D1,96,111,AutoARIMA,h1,1,ARIMA,8.255850315093994,4.930356979370117,1.2255169531973416,0.9946694679213874,2.113796123599991,2.091689102021841,0.41165850907520024,0.0,1.0,1.9321807601615646,2.942165880948722,True
D1,96,111,AutoARIMA,h1_6,1,ARIMA,8.255850315093994,4.930356979370117,0.9233170190610838,0.8322195944841604,1.618484269447345,1.6224385386076294,0.3384108020543958,0.6666666666666666,1.0,2.487837045996803,3.78827355339157,True
D1,96,111,AutoARIMA,h1_12,1,ARIMA,8.255850315093994,4.930356979370117,1.2060507113676988,1.1012471933159336,2.1124106572385606,2.1124782668757525,0.43171015691354564,0.5833333333333334,0.9166666666666666,2.6123472000238674,3.97786737119745,True
D1,96,112,AutoARIMA,h1,1,ARIMA,8.255850315093994,4.930356979370117,0.584803908285253,0.4679831770776111,1.0916900813621608,1.0857634951702484,0.20938706673370727,1.0,1.0,1.9785668274743275,3.0127987675879626,True
D1,96,112,AutoARIMA,h1_6,1,ARIMA,8.255850315093994,4.930356979370117,1.0513611339938043,1.1420403900378477,2.018954723616924,2.0510061340558305,0.4194464998669846,0.8333333333333334,0.8333333333333334,2.6211641021294003,3.9912930242654325,True
D1,96,112,AutoARIMA,h1_12,1,ARIMA,8.255850315093994,4.930356979370117,1.0555888435372784,1.087410524690751,2.0313302356393703,2.06229261565994,0.416586072137339,0.6666666666666666,0.9166666666666666,2.780975854884496,4.234641211984338,True
D1,96,113,AutoARIMA,h1,1,ARIMA,8.255850315093994,4.930356979370117,0.008225841437788296,0.006690790429060815,0.01365100524564448,0.013650073559515658,0.15212613356538182,1.0,1.0,2.0694510409382167,3.1511897698604194,True
D1,96,113,AutoARIMA,h1_6,1,ARIMA,8.255850315093994,4.930356979370117,0.9233076646754963,0.8533344775039379,1.532492851070813,1.5329470457226906,0.3823374983611227,1.0,1.0,3.7359875833122596,5.688854493277487,True
D1,96,113,AutoARIMA,h1_12,1,ARIMA,8.255850315093994,4.930356979370117,0.911426380467478,0.9079600359560037,1.521671271746193,1.5311814803216466,0.46499952608203804,1.0,1.0,5.044115249891211,7.6807636706630635,True
D1,96,114,AutoARIMA,h1,1,ARIMA,8.255850315093994,4.930356979370117,1.0741947162189713,0.8435072242188257,1.8027942634031644,1.7866890991113498,0.3504845715911546,0.0,1.0,2.0014080652073556,3.047579525021408,True
D1,96,114,AutoARIMA,h1_6,1,ARIMA,8.255850315093994,4.930356979370117,0.8641148326665357,0.788679576634377,1.4538588238859285,1.4415025098670433,0.33277197095536226,0.6666666666666666,1.0,2.5841131588632402,3.934874896426523,True
D1,96,114,AutoARIMA,h1_12,1,ARIMA,8.255850315093994,4.930356979370117,0.6259405864593421,0.6168964512502715,1.0554674961437611,1.0479234550092502,0.2874180760438051,0.8333333333333334,1.0,2.7160004314013575,4.135701983308706,True
D1,96,115,AutoARIMA,h1,1,ARIMA,8.255850315093994,4.930356979370117,0.47078900809524626,0.3804856151708022,0.8269833456692713,0.8235779195526167,0.1841643801405858,1.0,1.0,1.868603323161804,2.8453553910630807,True
D1,96,115,AutoARIMA,h1_6,1,ARIMA,8.255850315093994,4.930356979370117,1.4577799490668513,1.5457080392175557,2.5738162617108733,2.5261529409062464,0.5973942718095148,0.5,0.6666666666666666,2.2132622856447943,3.3701737004514025,True
D1,96,115,AutoARIMA,h1_12,1,ARIMA,8.255850315093994,4.930356979370117,2.6103825024133736,2.4713690128909542,4.573310623214528,4.43910258804149,1.0988489573158964,0.25,0.3333333333333333,2.2960866017580277,3.496291754209939,True
D1,96,116,AutoARIMA,h1,1,ARIMA,8.255850315093994,4.930356979370117,0.1342266363962855,0.1098321478118442,0.2663554867287021,0.2667106860016306,0.1431593325804059,1.0,1.0,1.851591271986473,2.8194508392918483,True
D1,96,116,AutoARIMA,h1_6,1,ARIMA,8.255850315093994,4.930356979370117,0.895185013961527,1.0615417241258547,1.8215207356120768,1.857395473610723,0.3851301913261814,0.5,0.8333333333333334,2.1757943569540825,3.3131206215177293,True
D1,96,116,AutoARIMA,h1_12,1,ARIMA,8.255850315093994,4.930356979370117,1.437470076809018,1.468534765217847,2.9367526234540664,3.0066363686290916,0.5563839838059788,0.3333333333333333,0.75,2.3837943086823192,3.6298458336881616,True
D1,96,117,AutoARIMA,h1,1,ARIMA,8.255850315093994,4.930356979370117,0.48177779629253176,0.38206310740115423,0.7979222177112826,0.8011183684372459,0.19104619302455755,1.0,1.0,1.9578856125003568,2.9813071150844443,True
D1,96,117,AutoARIMA,h1_6,1,ARIMA,8.255850315093994,4.930356979370117,1.3226506218020744,1.2710102975281898,2.204266716044152,2.239565185634211,0.4978961388729383,0.6666666666666666,0.6666666666666666,2.4397937133645717,3.7151171194843156,True
D1,96,117,AutoARIMA,h1_12,1,ARIMA,8.255850315093994,4.930356979370117,1.2952334727717085,1.2010794584155806,2.151076183044971,2.180144557404412,0.4759316091609144,0.5833333333333334,0.75,2.5358781652080356,3.861426616883441,True
D1,96,118,AutoARIMA,h1,1,ARIMA,8.255850315093994,4.930356979370117,1.9844859300481956,1.6811338885219207,3.701977255242876,3.771792709350407,0.7882904321467501,0.0,0.0,1.7254768341569067,2.627414150112641,True
D1,96,118,AutoARIMA,h1_6,1,ARIMA,8.255850315093994,4.930356979370117,0.7106457878718381,0.8826670813864027,1.2951246904630944,1.3000407652537669,0.3286481194307947,0.6666666666666666,0.8333333333333334,2.0123030609686716,3.064169528122026,True
D1,96,118,AutoARIMA,h1_12,1,ARIMA,8.255850315093994,4.930356979370117,0.7834187647994537,0.8312880940101042,1.4169462654443081,1.4126978670328172,0.3143398055203041,0.6666666666666666,0.9166666666666666,2.1473220908523323,3.2697653974077143,True
D1,96,119,AutoARIMA,h1,1,ARIMA,8.255850315093994,4.930356979370117,0.8927139495699485,0.6545037887286662,1.392967364544314,1.3833326781693263,0.294044426507984,1.0,1.0,2.0987557070053637,3.195812504147515,True
D1,96,119,AutoARIMA,h1_6,1,ARIMA,8.255850315093994,4.930356979370117,1.1411872841478559,0.9460973674777666,1.799997598125055,1.808558690848742,0.4067489244167893,0.8333333333333334,0.8333333333333334,2.565013564758093,3.9057916060456477,True
D1,96,119,AutoARIMA,h1_12,1,ARIMA,8.255850315093994,4.930356979370117,1.026833051167424,0.8669702096334724,1.6190631267977313,1.6264291584001838,0.3781471505682064,0.8333333333333334,0.9166666666666666,2.6518991606001965,4.038093842411544,True
D1,96,120,AutoARIMA,h1,1,ARIMA,8.255850315093994,4.930356979370117,0.6090287404241294,0.48282261194564885,1.022943692327411,1.0282026594520144,0.21333983877057952,1.0,1.0,1.9770694636480504,3.010518705157002,True
D1,96,120,AutoARIMA,h1_6,1,ARIMA,8.255850315093994,4.930356979370117,1.3632143503898295,1.3004401207088812,2.256278154894985,2.22458742685705,0.509658444680827,0.5,0.8333333333333334,2.557788464379806,3.8947898176738107,True
D1,96,120,AutoARIMA,h1_12,1,ARIMA,8.255850315093994,4.930356979370117,1.0120498562588005,1.0058473861629786,1.6825219776256544,1.664659419871343,0.3942135735632705,0.75,0.9166666666666666,2.699601712299549,4.110731363153803,True
D1,96,121,AutoARIMA,h1,1,ARIMA,8.255850315093994,4.930356979370117,0.057085329333542795,0.04435000301491349,0.08966060187630429,0.08970081502162246,0.1465830779946884,1.0,1.0,1.9567818924352107,2.9796264609837766,True
D1,96,121,AutoARIMA,h1_6,1,ARIMA,8.255850315093994,4.930356979370117,1.0376103167109585,1.0444884235391518,1.63585178318595,1.6570117339853534,0.4083190139637171,0.6666666666666666,0.8333333333333334,2.4064430225211413,3.6643334315764577,True
D1,96,121,AutoARIMA,h1_12,1,ARIMA,8.255850315093994,4.930356979370117,1.3131415859864668,1.1719879277367873,2.0488270376158306,2.0532301347810358,0.4762662007765096,0.5,0.8333333333333334,2.533287680149852,3.8574820393830143,True
D1,96,122,AutoARIMA,h1,1,ARIMA,8.255850315093994,4.930356979370117,1.3257069465296156,1.0734717114264363,2.1301291387851964,2.15306062465595,0.4532011442037839,0.0,1.0,1.8554112090761652,2.8252675251860206,True
D1,96,122,AutoARIMA,h1_6,1,ARIMA,8.255850315093994,4.930356979370117,1.2629649011848292,1.0709461243086402,2.063166890789733,2.086862376840799,0.42879765480542564,0.5,1.0,2.680525354414994,4.081683454977749,True
D1,96,122,AutoARIMA,h1_12,1,ARIMA,8.255850315093994,4.930356979370117,1.169012190076761,1.0342585488557605,1.9159972866343036,1.9381248947669598,0.4143579936094161,0.5833333333333334,1.0,2.8004976713057315,4.264367427767532,True
D1,96,123,AutoARIMA,h1,1,ARIMA,8.255850315093994,4.930356979370117,0.36592128921831296,0.293173400264785,0.6188770899219675,0.6207980784631095,0.17198058552010592,1.0,1.0,1.962195799567945,2.987870313307027,True
D1,96,123,AutoARIMA,h1_6,1,ARIMA,8.255850315093994,4.930356979370117,1.6736279958944307,1.778266999642913,2.815656961887881,2.7503403768405645,0.661511448537272,0.5,0.6666666666666666,2.513386066223549,3.827177499208993,True
D1,96,123,AutoARIMA,h1_12,1,ARIMA,8.255850315093994,4.930356979370117,1.359012997296369,1.3957892449913654,2.3113193071676785,2.27521011852501,0.5073007947041109,0.6666666666666666,0.8333333333333334,2.6345979617951802,4.011749000421001,True
D1,96,124,AutoARIMA,h1,1,ARIMA,8.255850315093994,4.930356979370117,1.2859303253135268,1.0548069173287824,2.4546323110428676,2.4248714717198196,0.43717557406137053,0.0,1.0,1.8719825518484443,2.850501002462769,True
D1,96,124,AutoARIMA,h1_6,1,ARIMA,8.255850315093994,4.930356979370117,0.9921922020203785,0.8266737865696322,1.925450316109828,1.9252476345745357,0.33217394890722,0.8333333333333334,1.0,2.28172909155312,3.4744293190117332,True
D1,96,124,AutoARIMA,h1_12,1,ARIMA,8.255850315093994,4.930356979370117,1.5264431507022511,1.4771124563193148,3.0233936871450315,3.080068234122493,0.5696634669537672,0.5,0.75,2.3573822959962554,3.5896277939610575,True
D1,96,125,AutoARIMA,h1,1,ARIMA,8.255850315093994,4.930356979370117,0.5825069244006089,0.4978741081634224,1.0313233122906302,1.036669016911984,0.2009798355622337,1.0,1.0,1.7845927549993805,2.717431010289345,True
D1,96,125,AutoARIMA,h1_6,1,ARIMA,8.255850315093994,4.930356979370117,1.3284645768893992,1.4238114652087046,2.3437507756443394,2.3033138407163642,0.5166783920590023,0.5,0.6666666666666666,2.4082004666098067,3.6670095228314534,True
D1,96,125,AutoARIMA,h1_12,1,ARIMA,8.255850315093994,4.930356979370117,1.8692658621524916,1.8950954683799321,3.3154822091807237,3.2722223319155743,0.7348008464387943,0.4166666666666667,0.5,2.6047098040894596,3.966237773076598,True
D1,96,126,AutoARIMA,h1,1,ARIMA,8.255850315093994,4.930356979370117,1.2366304709471994,1.038458534212749,2.6060418077693215,2.5725213172486825,0.4203568444532328,0.0,1.0,1.801950756505572,2.743862346759486,True
D1,96,126,AutoARIMA,h1_6,1,ARIMA,8.255850315093994,4.930356979370117,0.9977095057946795,0.989441232262589,2.112523158518684,2.093163072610134,0.3748389484689569,0.5,0.8333333333333334,2.1272698044738068,3.239231425620844,True
D1,96,126,AutoARIMA,h1_12,1,ARIMA,8.255850315093994,4.930356979370117,0.6700515921027443,0.7399111039750379,1.421719282664918,1.4110691080388436,0.2844205572555439,0.75,0.9166666666666666,2.1811921755109687,3.3213399754814326,True
D1,96,127,AutoARIMA,h1,1,ARIMA,8.255850315093994,4.930356979370117,0.4288937546596892,0.3527456353364848,0.7840136225105652,0.7870991046119734,0.17508606215366304,1.0,1.0,1.831553272381411,2.7889386222280574,True
D1,96,127,AutoARIMA,h1_6,1,ARIMA,8.255850315093994,4.930356979370117,0.8063629193051793,0.7879242162100264,1.4496868298927463,1.464807375811862,0.30491493982181805,0.8333333333333334,0.8333333333333334,2.1657881871300106,3.297884049421383,True
D1,96,127,AutoARIMA,h1_12,1,ARIMA,8.255850315093994,4.930356979370117,1.5439943124022737,1.5262683080430006,2.674732000375929,2.6484232454284493,0.5884730776998537,0.5,0.5833333333333334,2.297594653298301,3.49858809101237,True
D1,96,128,AutoARIMA,h1,1,ARIMA,8.255850315093994,4.930356979370117,0.7313316467537192,0.587636234611228,1.1845790957211224,1.17760426872232,0.24500917683113607,1.0,1.0,1.907103149582495,2.9039797589550242,True
D1,96,128,AutoARIMA,h1_6,1,ARIMA,8.255850315093994,4.930356979370117,1.117696703746242,1.0004535925302585,1.800534215998324,1.780749366147379,0.39689060262462883,0.5,0.8333333333333334,2.282369402087431,3.475404331208375,True
D1,96,128,AutoARIMA,h1_12,1,ARIMA,8.255850315093994,4.930356979370117,1.1836884976162085,1.0822801532329898,1.9314719127472586,1.9354296422520196,0.42991439923624064,0.4166666666666667,0.75,2.3474740935213045,3.5745403984831663,True
D1,96,129,AutoARIMA,h1,1,ARIMA,8.255850315093994,4.930356979370117,0.7566152452793143,0.5965465129252577,1.0833136375485017,1.0774774076989484,0.2530172540157217,1.0,1.0,1.9519706509457806,2.9723002983145865,True
D1,96,129,AutoARIMA,h1_6,1,ARIMA,8.255850315093994,4.930356979370117,1.6314208059362334,1.4637320591849623,2.3038583164315023,2.270261697174879,0.6021659593391374,0.5,0.6666666666666666,2.3919429157289067,3.64225386202797,True
D1,96,129,AutoARIMA,h1_12,1,ARIMA,8.255850315093994,4.930356979370117,1.6318582912730664,1.4598728000076762,2.3108105543286013,2.286159652385235,0.603838631083197,0.5,0.5833333333333334,2.4746825581333707,3.7682429816297853,True
D1,96,130,AutoARIMA,h1,1,ARIMA,8.255850315093994,4.930356979370117,0.25363022159781196,0.20784370953330975,0.44681639949927876,0.44582040016914415,0.15585194297974708,1.0,1.0,1.9342644172713412,2.945338702551326,True
D1,96,130,AutoARIMA,h1_6,1,ARIMA,8.255850315093994,4.930356979370117,0.5363169604506168,0.538531376460639,0.9301817808154407,0.9363078737953776,0.2461682047030323,1.0,1.0,2.519698802201215,3.836790014141272,True
D1,96,130,AutoARIMA,h1_12,1,ARIMA,8.255850315093994,4.930356979370117,1.0004121410867042,1.075398446252461,1.6887028527272376,1.671292985875712,0.39766123916851404,0.8333333333333334,0.8333333333333334,2.65655862362819,4.045188889328042,True
D1,96,131,AutoARIMA,h1,1,ARIMA,8.255850315093994,4.930356979370117,0.14666048516609742,0.11626054182771793,0.2832396349931876,0.2828390788059736,0.15206686403530104,1.0,1.0,1.9637049595230536,2.9901683379123516,True
D1,96,131,AutoARIMA,h1_6,1,ARIMA,8.255850315093994,4.930356979370117,0.675760537612267,0.6827564102144175,1.2760832545284353,1.2633191674738051,0.2875717345902611,0.8333333333333334,1.0,2.4600497948158795,3.745961413639677,True
D1,96,131,AutoARIMA,h1_12,1,ARIMA,8.255850315093994,4.930356979370117,0.6735155812025097,0.656205345790635,1.275069447383692,1.2710704169030729,0.28546166235257986,0.8333333333333334,1.0,2.560878464361031,3.8994950153987524,True
D1,96,132,AutoARIMA,h1,1,ARIMA,8.255850315093994,4.930356979370117,1.0191260475792863,0.819402801702081,1.9585468360975153,1.9779160421294104,0.33283277050098203,0.0,1.0,1.8894079375968893,2.8770349461126354,True
D1,96,132,AutoARIMA,h1_6,1,ARIMA,8.255850315093994,4.930356979370117,0.6965458649482793,0.6205733083484505,1.3102566183538973,1.3115765704050069,0.2633885671455241,0.6666666666666666,1.0,2.2321643132658755,3.3989561528462064,True
D1,96,132,AutoARIMA,h1_12,1,ARIMA,8.255850315093994,4.930356979370117,0.8278449082175996,0.8009633762622198,1.5555808684871857,1.5647916669924304,0.3166805048267402,0.75,0.9166666666666666,2.2891162400236817,3.4856778608851053,True
D1,96,133,AutoARIMA,h1,1,ARIMA,8.255850315093994,4.930356979370117,1.0513920565029469,0.8578717458517109,2.098560559348784,2.120813840748361,0.3468980271874135,0.0,1.0,1.8442553398700499,2.808280285468434,True
D1,96,133,AutoARIMA,h1_6,1,ARIMA,8.255850315093994,4.930356979370117,0.7263916632631265,0.6679510548339098,1.4324561861569682,1.430805183734913,0.27225180504723956,0.6666666666666666,1.0,2.1545572146131486,3.280782448561731,True
D1,96,133,AutoARIMA,h1_12,1,ARIMA,8.255850315093994,4.930356979370117,0.6828106203918259,0.6400115637237805,1.3452147392084841,1.3424974196175778,0.26406180927216766,0.75,1.0,2.2042487460647244,3.3564486240166045,True
D1,96,134,AutoARIMA,h1,1,ARIMA,8.255850315093994,4.930356979370117,1.0902035979612021,0.8655024866465021,1.7863763670994341,1.77056191727193,0.3527158753392997,0.0,1.0,2.1202696271587205,3.228572131582877,True
D1,96,134,AutoARIMA,h1_6,1,ARIMA,8.255850315093994,4.930356979370117,0.884269328394653,0.8506252859685645,1.446762687951827,1.4318918196460728,0.39518192862179796,0.8333333333333334,1.0,3.827730564115131,5.828553155794017,True
D1,96,134,AutoARIMA,h1_12,1,ARIMA,8.255850315093994,4.930356979370117,0.9253385699208991,0.8854003449984984,1.5152740108150498,1.5010697273135811,0.4766112662628896,0.9166666666666666,1.0,5.167981338366795,7.8693767584411285,True
D1,96,135,AutoARIMA,h1,1,ARIMA,8.255850315093994,4.930356979370117,1.5817652017378026,1.2960309195907112,2.9259325772110514,2.9693735106547123,0.5707463371914796,0.0,0.0,1.862394244261112,2.835900716598677,True
D1,96,135,AutoARIMA,h1_6,1,ARIMA,8.255850315093994,4.930356979370117,1.0822200495389678,1.0707016641491671,1.9809962209307943,2.0098420206478633,0.41888579183103253,0.5,0.6666666666666666,2.192296828746281,3.3382492277327445,True
D1,96,135,AutoARIMA,h1_12,1,ARIMA,8.255850315093994,4.930356979370117,1.1993531682694085,1.144048261077406,2.1571276716766214,2.1599113663143195,0.4483858100777886,0.4166666666666667,0.75,2.246459945646341,3.4207243655846846,True
D1,96,136,AutoARIMA,h1,1,ARIMA,8.255850315093994,4.930356979370117,1.3757455240481358,1.1098272367144315,2.826716881017943,2.8672412776250136,0.47222565596887917,0.0,1.0,1.8683536823451008,2.8449752585679446,True
D1,96,136,AutoARIMA,h1_6,1,ARIMA,8.255850315093994,4.930356979370117,1.1801224238007815,0.9575558080889695,2.3996209891711957,2.4291369493949744,0.3885936120602355,0.5,1.0,2.1828048380942318,3.3237956053726747,True
D1,96,136,AutoARIMA,h1_12,1,ARIMA,8.255850315093994,4.930356979370117,0.8704529228207163,0.7618721514950979,1.7631757989765986,1.7810546480900695,0.30966546480065266,0.75,1.0,2.233167981502617,3.4004844562548766,True
D1,96,137,AutoARIMA,h1,1,ARIMA,8.255850315093994,4.930356979370117,0.2074657677958275,0.1693017591498178,0.3649063885803861,0.3642418177489624,0.15158272013224214,1.0,1.0,1.9110069284099738,2.909924112148956,True
D1,96,137,AutoARIMA,h1_6,1,ARIMA,8.255850315093994,4.930356979370117,0.8823818695236789,0.8139461068763804,1.5902857404565591,1.578922963297649,0.318368371707284,0.6666666666666666,1.0,2.352782870034559,3.5826241665492393,True
D1,96,137,AutoARIMA,h1_12,1,ARIMA,8.255850315093994,4.930356979370117,1.0060193887572595,0.9367005326049752,1.846178784672986,1.852788733666683,0.36295678545961857,0.6666666666666666,0.9166666666666666,2.437225752741461,3.7112068403402927,True
D1,96,138,AutoARIMA,h1,1,ARIMA,8.255850315093994,4.930356979370117,1.4334985313132336,1.1528669691736,2.2022512779894874,2.1782658344014303,0.4929074115037754,0.0,1.0,1.9212545623933452,2.925528365999309,True
D1,96,138,AutoARIMA,h1_6,1,ARIMA,8.255850315093994,4.930356979370117,0.9549078670294638,0.9597494083456882,1.485459043458014,1.4779765191572682,0.38614279873490376,0.5,0.8333333333333334,2.358348110858925,3.591098457366291,True
D1,96,138,AutoARIMA,h1_12,1,ARIMA,8.255850315093994,4.930356979370117,0.9604670122058313,0.9101922875140532,1.5078272693472294,1.506352660739713,0.3663239012690381,0.5,0.9166666666666666,2.441035755080932,3.7170083984142894,True
D1,96,139,AutoARIMA,h1,1,ARIMA,8.255850315093994,4.930356979370117,0.44143746687686747,0.3586371161962975,0.8025837636910943,0.8058174436750576,0.18201143815740492,1.0,1.0,1.9170242507092088,2.9190867954384934,True
D1,96,139,AutoARIMA,h1_6,1,ARIMA,8.255850315093994,4.930356979370117,1.1110820501932757,1.1365421889788982,2.028225344732099,2.061609122628598,0.4334831978477221,0.6666666666666666,0.6666666666666666,2.4179334908388674,3.6818301712902435,True
D1,96,139,AutoARIMA,h1_12,1,ARIMA,8.255850315093994,4.930356979370117,1.0675833426398698,1.0935337093089013,1.9289595291452633,1.9456168854339453,0.41967074671634313,0.6666666666666666,0.75,2.5221682105183834,3.8405502259427315,True
D1,96,140,AutoARIMA,h1,1,ARIMA,8.255850315093994,4.930356979370117,1.7811530042228394,1.421881693008736,3.221634554747384,3.170562584840822,0.6639344044153225,0.0,0.0,1.9174348251635582,2.9197119844353523,True
D1,96,140,AutoARIMA,h1_6,1,ARIMA,8.255850315093994,4.930356979370117,1.939820718453758,1.7072746463797714,3.4985141300803697,3.4261683491647466,0.7327500558599381,0.3333333333333333,0.3333333333333333,2.513866764110945,3.8279094663999027,True
D1,96,140,AutoARIMA,h1_12,1,ARIMA,8.255850315093994,4.930356979370117,2.122897713698184,1.8445094367369235,3.8241354683922313,3.7399554133725066,0.7955667696948779,0.25,0.4166666666666667,2.7607254339048497,4.2038055371294805,True
D1,96,141,AutoARIMA,h1,1,ARIMA,8.255850315093994,4.930356979370117,1.7080786615980572,1.33955989707932,3.0068479092394083,2.962311803968026,0.6193971682883537,0.0,0.0,1.9851168799758463,3.022772648596262,True
D1,96,141,AutoARIMA,h1_6,1,ARIMA,8.255850315093994,4.930356979370117,0.8226986238876282,0.8057022170007045,1.4570735527533074,1.4470353699985554,0.34471697910853166,0.6666666666666666,0.8333333333333334,2.4985834300175664,3.804637262761493,True
D1,96,141,AutoARIMA,h1_12,1,ARIMA,8.255850315093994,4.930356979370117,1.3030893992075936,1.2758860770644191,2.2824548655033947,2.247092661745385,0.5023924289581524,0.5,0.8333333333333334,2.604639759305213,3.96613111464246,True
D1,96,142,AutoARIMA,h1,1,ARIMA,8.255850315093994,4.930356979370117,0.7554279575212134,0.5960086216781235,1.0914168961447903,1.0974055308361768,0.25332952804232234,1.0,1.0,1.981222005790277,3.0168418546583213,True
D1,96,142,AutoARIMA,h1_6,1,ARIMA,8.255850315093994,4.930356979370117,1.0481717631652605,0.9246693179089035,1.5089870449489786,1.5233769018637868,0.3778918777055252,0.5,1.0,2.5057986854939247,3.8156240601267184,True
D1,96,142,AutoARIMA,h1_12,1,ARIMA,8.255850315093994,4.930356979370117,1.258224130974272,1.1227513521223031,1.7922002450274053,1.7969467553283966,0.45392199151651336,0.5,0.8333333333333334,2.6160341821361426,3.983481604191616,True
D1,96,143,AutoARIMA,h1,1,ARIMA,8.255850315093994,4.930356979370117,0.09476142819877169,0.07407029757750548,0.1606810154819518,0.160810211222147,0.1462858593074091,1.0,1.0,1.9241669400559176,2.9299630950722513,True
D1,96,143,AutoARIMA,h1_6,1,ARIMA,8.255850315093994,4.930356979370117,2.0367478176584246,1.9865090664616043,3.3269228453794883,3.2440905215712976,0.8491164892750049,0.3333333333333333,0.5,2.3839857928399377,3.630137410007983,True
D1,96,143,AutoARIMA,h1_12,1,ARIMA,8.255850315093994,4.930356979370117,1.6938912283023002,1.6641152488390043,2.804248921128649,2.7806341306896574,0.6797085810021253,0.4166666666666667,0.6666666666666666,2.501889315433389,3.809671193063106,True
D1,96,144,AutoARIMA,h1,1,ARIMA,8.255850315093994,4.930356979370117,0.9552846436250468,0.7869901831097388,1.5712032908002809,1.5589561059806312,0.30741911807376493,0.0,1.0,1.9068587758217668,2.9036076466993426,True
D1,96,144,AutoARIMA,h1_6,1,ARIMA,8.255850315093994,4.930356979370117,0.8843646742611194,0.8106649292656112,1.474553479260541,1.4622769845149173,0.322211667049935,0.6666666666666666,1.0,2.4455418083063662,3.7238698455060733,True
D1,96,144,AutoARIMA,h1_12,1,ARIMA,8.255850315093994,4.930356979370117,1.6938337499003882,1.7058672648485953,2.814315717683466,2.75735520853561,0.6580790793047532,0.5,0.6666666666666666,2.5645353853573964,3.905063473799062,True
D1,96,145,AutoARIMA,h1,1,ARIMA,8.255850315093994,4.930356979370117,2.2175749173773975,1.797508924049115,3.9859458587426686,3.908059294930916,0.8859674078903631,0.0,0.0,1.8850995886842241,2.870474546881136,True
D1,96,145,AutoARIMA,h1_6,1,ARIMA,8.255850315093994,4.930356979370117,1.763456095134837,1.5390978832344369,3.22053476872091,3.1617383483751698,0.6663443373525227,0.3333333333333333,0.3333333333333333,2.251968417297161,3.4291122129752467,True
D1,96,145,AutoARIMA,h1_12,1,ARIMA,8.255850315093994,4.930356979370117,1.2083086860177645,1.1740456816736604,2.2282812003413937,2.202943561440333,0.46603690733393477,0.5833333333333334,0.6666666666666666,2.315231155720959,3.5254435057629436,True
D1,96,146,AutoARIMA,h1,1,ARIMA,8.255850315093994,4.930356979370117,2.5756897036876847,2.1233667254466644,4.815225568350033,4.934017607030341,1.0745629095620446,0.0,0.0,1.8044053945265188,2.747600067569162,True
D1,96,146,AutoARIMA,h1_6,1,ARIMA,8.255850315093994,4.930356979370117,1.368708625388443,1.313949080275063,2.5041836357515557,2.509629307683716,0.5260444589835357,0.5,0.6666666666666666,2.062229230817591,3.140192991622232,True
D1,96,146,AutoARIMA,h1_12,1,ARIMA,8.255850315093994,4.930356979370117,1.8983815033006233,1.7343229132655666,3.419713307182866,3.373487261124694,0.74378100482668,0.25,0.4166666666666667,2.1006894827234825,3.1987570986992213,True
D1,96,147,AutoARIMA,h1,1,ARIMA,8.255850315093994,4.930356979370117,1.6060633707144276,1.308692586996698,2.9796819372589165,2.9359410841720965,0.5801686428373226,0.0,0.0,1.885463306744292,2.8710283868161395,True
D1,96,147,AutoARIMA,h1_6,1,ARIMA,8.255850315093994,4.930356979370117,0.8286850807197466,0.9993237375078267,1.5360279676363426,1.510842731991737,0.38578173432631224,0.6666666666666666,0.6666666666666666,2.45712634995976,3.7415098323550158,True
D1,96,147,AutoARIMA,h1_12,1,ARIMA,8.255850315093994,4.930356979370117,1.0983310812341793,1.113515102125854,2.0749640608903817,2.0776962117822335,0.4329061829693392,0.5,0.8333333333333334,2.5568010887778314,3.89328632334879,True
D1,96,148,AutoARIMA,h1,1,ARIMA,8.255850315093994,4.930356979370117,0.14385870656135105,0.1131384409753781,0.23211067795957507,0.2318416133892599,0.1461333764047785,1.0,1.0,1.8848692591655443,2.8701238200416923,True
D1,96,148,AutoARIMA,h1_6,1,ARIMA,8.255850315093994,4.930356979370117,1.0373697695447048,1.0756382497730623,1.6624418538762908,1.6388169479886991,0.42570391308155786,0.5,0.8333333333333334,2.4262707769144,3.6945255045307572,True
D1,96,148,AutoARIMA,h1_12,1,ARIMA,8.255850315093994,4.930356979370117,1.2770049777763215,1.226236151141637,2.0763916917206524,2.083323230998389,0.4925719797925156,0.5833333333333334,0.75,2.7560743354961916,4.196723227167061,True
D1,96,149,AutoARIMA,h1,1,ARIMA,8.255850315093994,4.930356979370117,0.32957328337223124,0.26736995988537987,0.6521426537827593,0.6542760604144854,0.16357190666835564,1.0,1.0,1.9206394761763632,2.9245917633176415,True
D1,96,149,AutoARIMA,h1_6,1,ARIMA,8.255850315093994,4.930356979370117,0.7355617397091969,0.7084399267109737,1.465772729269827,1.475126623643413,0.2881545383553292,0.8333333333333334,1.0,2.427340956713228,3.6961550862735733,True
D1,96,149,AutoARIMA,h1_12,1,ARIMA,8.255850315093994,4.930356979370117,0.860547527439296,0.8125617128149922,1.7082661436304114,1.7103072616020616,0.3243334343756402,0.8333333333333334,1.0,2.5335338495042845,3.8578568858210276,True
D1,96,150,AutoARIMA,h1,1,ARIMA,8.255850315093994,4.930356979370117,1.3168679842976938,1.108886468940365,2.672936196457104,2.7091430287720244,0.4508676678889565,0.0,1.0,1.8225622378007473,2.7752478145546484,True
D1,96,150,AutoARIMA,h1_6,1,ARIMA,8.255850315093994,4.930356979370117,1.3626322635199228,1.2417979811966926,2.68852206856935,2.6635076802453703,0.47985184627874516,0.3333333333333333,0.8333333333333334,2.3186650732396727,3.5306723928163026,True
D1,96,150,AutoARIMA,h1_12,1,ARIMA,8.255850315093994,4.930356979370117,1.0177292514465912,1.03285820082923,2.012478582092474,2.0038741782398106,0.39288104232391285,0.5833333333333334,0.9166666666666666,2.443620751972902,3.7209446189867723,True
D1,96,151,AutoARIMA,h1,1,ARIMA,8.255850315093994,4.930356979370117,0.8878497180963941,0.6639088381486794,1.4656989572141612,1.4765196235770768,0.2907037745677973,1.0,1.0,2.0081202253845376,3.057800250259933,True
D1,96,151,AutoARIMA,h1_6,1,ARIMA,8.255850315093994,4.930356979370117,2.098210610786417,1.792267209870532,3.4961574415418846,3.5757661726837413,0.8024794686361613,0.3333333333333333,0.5,2.541644342674433,3.870206877485822,True
D1,96,151,AutoARIMA,h1_12,1,ARIMA,8.255850315093994,4.930356979370117,1.870285408224256,1.6833127796409078,3.1075948143365917,3.1724172108889204,0.7183481923457984,0.4166666666666667,0.6666666666666666,2.6199946997553614,3.989512354549149,True
D1,96,152,AutoARIMA,h1,1,ARIMA,8.255850315093994,4.930356979370117,1.041442062100533,0.7767776980920531,1.894055477067649,1.9121642024713665,0.33620890050137664,1.0,1.0,2.137530082739826,3.2548549331444234,True
D1,96,152,AutoARIMA,h1_6,1,ARIMA,8.255850315093994,4.930356979370117,0.9016442039408372,0.7514109134231779,1.6203102971089869,1.6251040869674924,0.34084540528081786,1.0,1.0,2.8869116358015647,4.395951502725354,True
D1,96,152,AutoARIMA,h1_12,1,ARIMA,8.255850315093994,4.930356979370117,0.9051350638088338,0.7776808443128718,1.6268187160853556,1.635422776838481,0.3566025708689591,0.9166666666666666,1.0,3.106774844033945,4.730741105786686,True
D1,96,153,AutoARIMA,h1,1,ARIMA,8.255850315093994,4.930356979370117,2.4311186971566716,1.898860822331991,4.266049042903682,4.35902818294285,0.9608269557705972,0.0,0.0,2.1550840114520073,3.2815846114428853,True
D1,96,153,AutoARIMA,h1_6,1,ARIMA,8.255850315093994,4.930356979370117,1.2927304825593025,1.2003216556742782,2.256561925116863,2.2933848188109933,0.5462501705318289,0.6666666666666666,0.8333333333333334,3.8905811002560657,5.924256780861547,True
D1,96,153,AutoARIMA,h1_12,1,ARIMA,8.255850315093994,4.930356979370117,1.5806129123599828,1.4985252156797157,2.771459167219272,2.830319155023926,0.6458788523136638,0.75,0.9166666666666666,5.252838512204418,7.998590280678003,True
D1,96,154,AutoARIMA,h1,1,ARIMA,8.255850315093994,4.930356979370117,0.7274307275749179,0.5887194274369084,1.1086392652143224,1.102527737510363,0.24771785021888776,1.0,1.0,2.079868945945621,3.1670532984161848,True
D1,96,154,AutoARIMA,h1_6,1,ARIMA,8.255850315093994,4.930356979370117,0.5829101972585796,0.5605290825800042,0.8953226262125669,0.8973879424281668,0.3293090218027287,1.0,1.0,3.754795065577762,5.717492979784036,True
D1,96,154,AutoARIMA,h1_12,1,ARIMA,8.255850315093994,4.930356979370117,1.2585368996238682,1.2829655622206688,1.957018210509791,1.9865026718663576,0.52381111543194,1.0,1.0,5.069508029174316,7.719429705627085,True
D1,96,155,AutoARIMA,h1,1,ARIMA,8.255850315093994,4.930356979370117,0.16253596976228823,0.12088968145363335,0.23475729852880048,0.23448206664620397,0.16075949850589016,1.0,1.0,2.070277625776868,3.1524484252409724,True
D1,96,155,AutoARIMA,h1_6,1,ARIMA,8.255850315093994,4.930356979370117,1.4186649017695652,1.3718997159374344,1.99518937428305,1.9628092919478726,0.5937805332899526,0.5,0.5,2.5217681112029617,3.83994098762554,True
D1,96,155,AutoARIMA,h1_12,1,ARIMA,8.255850315093994,4.930356979370117,1.644255150126243,1.4723337784665815,2.30276416357757,2.2654358528820193,0.6492781402421762,0.3333333333333333,0.5,2.604940551566836,3.966589136349148,True
D1,96,156,AutoARIMA,h1,1,ARIMA,8.255850315093994,4.930356979370117,1.2013712106437902,0.9440362172523649,2.1131990341592353,2.091104434799513,0.4040291004652036,0.0,1.0,1.8797900654996362,2.8623896418453962,True
D1,96,156,AutoARIMA,h1_6,1,ARIMA,8.255850315093994,4.930356979370117,2.1727898917602806,2.0647001124487536,3.7961451529509906,3.6956230342761867,0.8692401421471531,0.3333333333333333,0.5,2.117832714260179,3.224861401131184,True
D1,96,156,AutoARIMA,h1_12,1,ARIMA,8.255850315093994,4.930356979370117,1.3722648279614411,1.5023562806379196,2.41251983218018,2.361632200282845,0.5500585059976474,0.6666666666666666,0.75,2.1517690816993817,3.2765369091693737,True
D1,96,157,AutoARIMA,h1,1,ARIMA,8.255850315093994,4.930356979370117,0.5111643819548154,0.4200031122812321,0.9590475169388987,0.9544706036269008,0.19304118470011752,1.0,1.0,1.9065691143449819,2.9031665740359442,True
D1,96,157,AutoARIMA,h1_6,1,ARIMA,8.255850315093994,4.930356979370117,0.47459415159435264,0.5242031662053382,0.8877186279351206,0.8815021960954914,0.24193060326491464,0.8333333333333334,1.0,2.4491840864639034,3.7294160069962197,True
D1,96,157,AutoARIMA,h1_12,1,ARIMA,8.255850315093994,4.930356979370117,1.5003640981371766,1.770881483032634,2.9033867806815943,2.9895836416039745,0.623332452467895,0.5833333333333334,0.75,2.5697582291100316,3.9130163905278454,True
D1,96,158,AutoARIMA,h1,1,ARIMA,8.255850315093994,4.930356979370117,0.8599677355918854,0.6792950521331967,1.514806331227805,1.5263670838396957,0.28058250580704286,1.0,1.0,1.8998632539020262,2.892955441514367,True
D1,96,158,AutoARIMA,h1_6,1,ARIMA,8.255850315093994,4.930356979370117,1.1621170992480812,0.9849308664483848,2.025460409744881,2.006016346235194,0.3963199207383028,0.6666666666666666,0.8333333333333334,2.3459609154739898,3.572236255457628,True
D1,96,158,AutoARIMA,h1_12,1,ARIMA,8.255850315093994,4.930356979370117,1.1618733019397065,0.9872101286708777,2.0470408242805975,2.0403892476764387,0.4005597156902943,0.6666666666666666,0.9166666666666666,2.5195874992779,3.836620531207705,True
D1,96,159,AutoARIMA,h1,1,ARIMA,8.255850315093994,4.930356979370117,0.013084198389678644,0.010689929779167344,0.02458257381930865,0.024579552675968137,0.1366698403611132,1.0,1.0,1.854874730742483,2.8244506201211523,True
D1,96,159,AutoARIMA,h1_6,1,ARIMA,8.255850315093994,4.930356979370117,1.0544399874403374,0.9896615854109098,2.0312986699771556,2.0516021030878346,0.3815765995723814,0.5,1.0,2.1613538044550356,3.2911317363467596,True
D1,96,159,AutoARIMA,h1_12,1,ARIMA,8.255850315093994,4.930356979370117,0.9295756221921524,0.9117019967361278,1.7859342454726423,1.796323798126205,0.35088604841280524,0.5833333333333334,1.0,2.2100191227108974,3.3652352787844433,True
D1,96,160,AutoARIMA,h1,1,ARIMA,8.255850315093994,4.930356979370117,1.123671708349806,0.8661854385046514,1.78670524421802,1.8028107008860472,0.3676850688309101,0.0,1.0,2.0621293889795407,3.140040960686264,True
D1,96,160,AutoARIMA,h1_6,1,ARIMA,8.255850315093994,4.930356979370117,1.1778892279603137,1.0284826806019944,1.8610981076523734,1.8786590846665996,0.42135965859081953,0.6666666666666666,0.8333333333333334,2.6750815628668323,4.07339409712561,True
D1,96,160,AutoARIMA,h1_12,1,ARIMA,8.255850315093994,4.930356979370117,1.0165951360123322,0.9208579474891352,1.5993392089206284,1.6083206387722027,0.39575229565585024,0.75,0.9166666666666666,3.0191685888117488,4.597341508612926,True
D1,96,161,AutoARIMA,h1,1,ARIMA,8.255850315093994,4.930356979370117,0.9956823089660909,0.8179797757817832,1.7863108678015642,1.7704975725254715,0.3244241568972598,0.0,1.0,1.8683280212004911,2.844936183888351,True
D1,96,161,AutoARIMA,h1_6,1,ARIMA,8.255850315093994,4.930356979370117,0.7507578687575881,0.7182166734807057,1.34142767424145,1.329401115672884,0.30111181072807053,0.6666666666666666,1.0,2.497626673814426,3.803180393137656,True
D1,96,161,AutoARIMA,h1_12,1,ARIMA,8.255850315093994,4.930356979370117,0.7023501464987191,0.661226339539516,1.2606617067896368,1.2567268863092973,0.2865739947694529,0.8333333333333334,1.0,2.589165280541607,3.942567851627707,True
D1,96,162,AutoARIMA,h1,1,ARIMA,8.255850315093994,4.930356979370117,0.09445606104029397,0.07494518527645394,0.17086815949906095,0.17072230446931042,0.14854254184764398,1.0,1.0,1.955189743168778,2.977202067083541,True
D1,96,162,AutoARIMA,h1_6,1,ARIMA,8.255850315093994,4.930356979370117,0.9786537389831816,0.9347414298716776,1.8185839742734837,1.8247010596103101,0.36493916430889817,0.5,1.0,2.4176739005369208,3.6814348885376336,True
D1,96,162,AutoARIMA,h1_12,1,ARIMA,8.255850315093994,4.930356979370117,0.8501768617043207,0.8349887841920849,1.5807235499740817,1.5818437487299386,0.335313222525144,0.6666666666666666,1.0,2.5074234006846323,3.8180980427368922,True
D1,96,163,AutoARIMA,h1,1,ARIMA,8.255850315093994,4.930356979370117,2.50059752829118,1.9735046386546857,4.049952059427059,3.9695692339565563,1.012674810820854,0.0,0.0,2.0103433917596316,3.06118550509288,True
D1,96,163,AutoARIMA,h1_6,1,ARIMA,8.255850315093994,4.930356979370117,2.7258239239698407,2.2439471927247454,4.388225681654636,4.286422805253054,1.0669236866288736,0.0,0.16666666666666666,2.5949075307703655,3.9513116778013515,True
D1,96,163,AutoARIMA,h1_12,1,ARIMA,8.255850315093994,4.930356979370117,3.3402565077478497,2.7421211708007602,5.346647510462066,5.19715649278795,1.3322777502384113,0.0,0.08333333333333333,2.9036743729707326,4.4214764196416745,True
D1,96,164,AutoARIMA,h1,1,ARIMA,8.255850315093994,4.930356979370117,0.6470905348261203,0.5236547109951607,1.1086751802779802,1.102563257685568,0.222393059110674,1.0,1.0,1.9428289002046482,2.9583799924730196,True
D1,96,164,AutoARIMA,h1_6,1,ARIMA,8.255850315093994,4.930356979370117,0.4124188920131087,0.3642570331776381,0.7136041932071743,0.7121662946350499,0.22373342199941582,1.0,1.0,2.5578064344725653,3.8948171810524768,True
D1,96,164,AutoARIMA,h1_12,1,ARIMA,8.255850315093994,4.930356979370117,0.7542838252401783,0.752882837864672,1.3341153541801323,1.345717977874539,0.31463392097418663,0.9166666666666666,1.0,2.84751184486416,4.335956742916828,True
D1,96,165,AutoARIMA,h1,1,ARIMA,8.255850315093994,4.930356979370117,2.9064117644871215,2.2377465268824963,4.282752654932645,4.376469333212889,1.2042051389501955,0.0,0.0,2.1065931772415487,3.207746758952931,True
D1,96,165,AutoARIMA,h1_6,1,ARIMA,8.255850315093994,4.930356979370117,2.740953995245978,2.134182740211743,4.063905698263839,4.150285941814557,1.0253878447712377,0.0,0.16666666666666666,2.9971482196133725,4.563810702242653,True
D1,96,165,AutoARIMA,h1_12,1,ARIMA,8.255850315093994,4.930356979370117,2.2325563843438294,1.9058763206266338,3.3160741755047844,3.3853159120701264,0.8461633126285647,0.3333333333333333,0.5,3.427193564500068,5.21864836912878,True
D1,96,166,AutoARIMA,h1,1,ARIMA,8.255850315093994,4.930356979370117,0.4382904029978648,0.35722970061680354,0.7335350330107362,0.736235304954353,0.18305641890102184,1.0,1.0,1.9447704138032607,2.961336369632449,True
D1,96,166,AutoARIMA,h1_6,1,ARIMA,8.255850315093994,4.930356979370117,0.8720130487758702,0.8771084289322142,1.4202882146977998,1.4096944630228168,0.3430070796658976,0.6666666666666666,1.0,2.5608342533854147,3.8994276945627875,True
D1,96,166,AutoARIMA,h1_12,1,ARIMA,8.255850315093994,4.930356979370117,0.8443545470942885,0.8549719381306187,1.3684805060271017,1.358388887005278,0.3423646757292035,0.75,1.0,2.7106615225530932,4.127572332202178,True
D1,96,167,AutoARIMA,h1,1,ARIMA,8.255850315093994,4.930356979370117,1.0682798558935855,0.8968430262185307,1.743078484394713,1.7584036623483141,0.3546142172605445,0.0,1.0,1.810072807735119,2.756229938086137,True
D1,96,167,AutoARIMA,h1_6,1,ARIMA,8.255850315093994,4.930356979370117,1.5049901842573625,1.2943807510565923,2.4578191070638056,2.4899764131849933,0.5183560850970601,0.0,0.6666666666666666,2.1673020466571353,3.300189230148311,True
D1,96,167,AutoARIMA,h1_12,1,ARIMA,8.255850315093994,4.930356979370117,1.5546391305296028,1.3347544237619322,2.509830272018853,2.5176659167804223,0.5349309082254818,0.08333333333333333,0.6666666666666666,2.270227052675932,3.456914960602029,True
D1,96,168,AutoARIMA,h1,1,ARIMA,8.255850315093994,4.930356979370117,3.8234509142275335,3.0697047363101078,6.394428198876858,6.605624145409809,1.6817102724820372,0.0,0.0,1.9459717758202633,2.9631657048633824,True
D1,96,168,AutoARIMA,h1_6,1,ARIMA,8.255850315093994,4.930356979370117,2.91669684414274,2.4676585683446812,4.845723244667698,4.980335673627299,1.204975204350657,0.16666666666666666,0.16666666666666666,2.278225964061942,3.4690950447069393,True
D1,96,168,AutoARIMA,h1_12,1,ARIMA,8.255850315093994,4.930356979370117,1.8937565161066112,1.8440686068512944,3.1269702350900825,3.195200583525553,0.7713582341270057,0.4166666666666667,0.5833333333333334,2.4154274403643425,3.6780141638265014,True
D1,96,169,AutoARIMA,h1,1,ARIMA,8.255850315093994,4.930356979370117,1.827007520479934,1.503030920101783,2.754513478740146,2.717092144071033,0.6819270202208697,0.0,0.0,1.9591828284516908,2.983282408799698,True
D1,96,169,AutoARIMA,h1_6,1,ARIMA,8.255850315093994,4.930356979370117,1.0097307461204161,1.06166779966898,1.5565986078293519,1.5635224858600951,0.4112852975086584,0.6666666666666666,0.6666666666666666,2.6290291268883323,4.003269236830868,True
D1,96,169,AutoARIMA,h1_12,1,ARIMA,8.255850315093994,4.930356979370117,1.4484473474729282,1.4447528238052907,2.2529251322470105,2.2793321445882015,0.5527110960835211,0.5,0.75,2.9318876299910848,4.464437246033908,True
D1,96,170,AutoARIMA,h1,1,ARIMA,8.255850315093994,4.930356979370117,2.355546898045613,1.845097139627706,3.472582195329786,3.4133170748245325,0.9509817152211776,0.0,0.0,1.9187007747941296,2.921639668369917,True
D1,96,170,AutoARIMA,h1_6,1,ARIMA,8.255850315093994,4.930356979370117,2.866364860674717,2.322766111192103,4.263986797350775,4.169097774574184,1.1720491260325603,0.0,0.0,2.2092369280637683,3.3640442171350906,True
D1,96,170,AutoARIMA,h1_12,1,ARIMA,8.255850315093994,4.930356979370117,3.0497750096682283,2.5070050251410354,4.542493415853699,4.432135817936762,1.2612406314062465,0.0,0.08333333333333333,2.25362280623065,3.4316313803193594,True
D1,96,171,AutoARIMA,h1,1,ARIMA,8.255850315093994,4.930356979370117,0.913375424392938,0.722472812310249,1.4619020243655294,1.4512937778069044,0.2957130228074757,1.0,1.0,1.9133048839531983,2.9134232497734707,True
D1,96,171,AutoARIMA,h1_6,1,ARIMA,8.255850315093994,4.930356979370117,0.9297935032035476,0.8754544161651246,1.5216721570990914,1.5291500206985364,0.3478325749876535,0.6666666666666666,0.8333333333333334,2.2486252348430305,3.4240214898125245,True
D1,96,171,AutoARIMA,h1_12,1,ARIMA,8.255850315093994,4.930356979370117,0.9649725931177439,0.8936580732839459,1.588200494567622,1.600519852006017,0.3576416175898187,0.6666666666666666,0.8333333333333334,2.3033879821630934,3.507409695530208,True
D1,96,172,AutoARIMA,h1,1,ARIMA,8.255850315093994,4.930356979370117,1.6685029314665216,1.2758411068127091,2.515696200967495,2.4844456485694133,0.5873800430416489,0.0,0.0,2.088578723981341,3.180315831764897,True
D1,96,172,AutoARIMA,h1_6,1,ARIMA,8.255850315093994,4.930356979370117,2.3565609802041725,1.9845715535376136,3.563104107214752,3.489416695392407,0.9075185434483983,0.16666666666666666,0.3333333333333333,2.8290914953731887,4.307907750345883,True
D1,96,172,AutoARIMA,h1_12,1,ARIMA,8.255850315093994,4.930356979370117,1.8887238358962406,1.6733854168610875,2.9102375085313033,2.8908590359712694,0.7211531779741719,0.4166666666666667,0.5833333333333334,3.0291363755236573,4.612519634064246,True
D1,96,173,AutoARIMA,h1,1,ARIMA,8.255850315093994,4.930356979370117,1.2904023711647747,0.970976704080677,2.1417414181937535,2.1190491416247252,0.4337283487612572,0.0,1.0,2.026314219311156,3.0855045672021126,True
D1,96,173,AutoARIMA,h1_6,1,ARIMA,8.255850315093994,4.930356979370117,1.205445907284834,1.065195101094848,2.068079525828467,2.0391329765575046,0.4477379712539512,0.5,0.8333333333333334,2.5366980642395176,3.8626750916669548,True
D1,96,173,AutoARIMA,h1_12,1,ARIMA,8.255850315093994,4.930356979370117,0.9454953449723037,0.8924496081450556,1.630135681080306,1.6096813887786474,0.37652288874447565,0.5833333333333334,0.9166666666666666,2.594957833524552,3.9513882746964955,True
D1,96,174,AutoARIMA,h1,1,ARIMA,8.255850315093994,4.930356979370117,0.20128509559173516,0.16068256337869782,0.3385355986691337,0.3391096020298218,0.1486400079369593,1.0,1.0,1.8755401886073222,2.8559182789953685,True
D1,96,174,AutoARIMA,h1_6,1,ARIMA,8.255850315093994,4.930356979370117,1.8300727422975922,1.827249636929027,2.9781331107588622,2.911155990001789,0.7586551359922344,0.5,0.5,2.1611953910426007,3.2908905174366283,True
D1,96,174,AutoARIMA,h1_12,1,ARIMA,8.255850315093994,4.930356979370117,2.3971173262676646,2.17878346038861,3.88996839346982,3.7951136938488887,0.9884862550329786,0.25,0.3333333333333333,2.2049433277299624,3.35750627582597,True
D1,96,175,AutoARIMA,h1,1,ARIMA,8.255850315093994,4.930356979370117,0.49393574016858804,0.38411714603333563,0.8953946809731387,0.8914038894670011,0.19421599660604089,1.0,1.0,1.9781005507507405,3.012088759758731,True
D1,96,175,AutoARIMA,h1_6,1,ARIMA,8.255850315093994,4.930356979370117,0.9414204425445755,0.8617563940004381,1.6869579224698574,1.6676069076754614,0.35236072275655606,0.6666666666666666,0.8333333333333334,2.400626367605056,3.6554763080669983,True
D1,96,175,AutoARIMA,h1_12,1,ARIMA,8.255850315093994,4.930356979370117,1.4484085766327326,1.4224994235083956,2.643133713374623,2.6696990343055544,0.5675939303441071,0.5,0.75,2.477486531843435,3.772512642083367,True
D1,96,176,AutoARIMA,h1,1,ARIMA,8.255850315093994,4.930356979370117,1.4527695834937204,1.1972930940626554,2.4526684702497796,2.4229549442665874,0.4963294882851193,0.0,1.0,2.042432691080179,3.110048449777505,True
D1,96,176,AutoARIMA,h1_6,1,ARIMA,8.255850315093994,4.930356979370117,1.716074687446069,1.508602369786875,2.9727431949878693,3.014193000881084,0.5791481908801059,0.6666666666666666,1.0,3.6872112568399684,5.614581916661624,True
D1,96,176,AutoARIMA,h1_12,1,ARIMA,8.255850315093994,4.930356979370117,1.4534398438642464,1.339998162649405,2.5184573329275923,2.5541326093504026,0.5834479313250508,0.75,1.0,4.978260263303051,7.5804851156619195,True
D1,96,177,AutoARIMA,h1,1,ARIMA,8.255850315093994,4.930356979370117,1.4325793378100844,1.1875555599083036,2.8059213902452806,2.7671000639533023,0.5005678043065096,0.0,0.0,1.8250475967844324,2.7790323147186466,True
D1,96,177,AutoARIMA,h1_6,1,ARIMA,8.255850315093994,4.930356979370117,1.0420200861380402,0.9466549693215773,2.0206602490524475,1.9964763813596031,0.370046295661287,0.3333333333333333,0.8333333333333334,2.1347232461973524,3.2505809134052175,True
D1,96,177,AutoARIMA,h1_12,1,ARIMA,8.255850315093994,4.930356979370117,1.4931855734471902,1.3712608977424625,2.861407540439183,2.812419735595713,0.5507803543813098,0.25,0.5833333333333334,2.1845132887267558,3.326397093423879,True
D1,96,178,AutoARIMA,h1,1,ARIMA,8.255850315093994,4.930356979370117,0.8572951074378472,0.6681943558676122,1.485748171546259,1.4968680161363626,0.2826301159735352,1.0,1.0,2.026968858317881,3.086501397617584,True
D1,96,178,AutoARIMA,h1_6,1,ARIMA,8.255850315093994,4.930356979370117,0.7503676348048336,0.6842407064424296,1.3200902092416382,1.3322474595681073,0.30152783249476833,0.8333333333333334,1.0,2.6519803049071218,4.038217402285551,True
D1,96,178,AutoARIMA,h1_12,1,ARIMA,8.255850315093994,4.930356979370117,0.9191356005469066,0.8427973355595707,1.624899777413839,1.636444438791659,0.35337082986540713,0.75,1.0,2.8004383509912447,4.264277099673536,True
D1,96,179,AutoARIMA,h1,1,ARIMA,8.255850315093994,4.930356979370117,1.1399836042233338,0.9527422925263596,2.1852573116879803,2.161638628596146,0.37911454357046037,0.0,1.0,1.9107851882114752,2.9095864644195837,True
D1,96,179,AutoARIMA,h1_6,1,ARIMA,8.255850315093994,4.930356979370117,1.4699757330795504,1.3092398058023857,2.7361890114729235,2.694794655501398,0.5063377345029455,0.16666666666666666,0.8333333333333334,2.5074837567305117,3.818189947957439,True
D1,96,179,AutoARIMA,h1_12,1,ARIMA,8.255850315093994,4.930356979370117,1.5343972366885732,1.4715686046668617,2.8478701476628445,2.8246303970096664,0.5644660977096454,0.3333333333333333,0.75,2.6507856774704432,4.036398321919402,True
D1,96,180,AutoARIMA,h1,1,ARIMA,8.255850315093994,4.930356979370117,0.7340065971785001,0.592083097516346,1.3324089566162443,1.3235911332122945,0.24252591799820453,1.0,1.0,1.7601211139604132,2.680167608851861,True
D1,96,180,AutoARIMA,h1_6,1,ARIMA,8.255850315093994,4.930356979370117,1.6312353162456987,1.6105212267759528,3.0419925788011684,3.0991123810930454,0.6241480631000111,0.16666666666666666,0.8333333333333334,1.8786521161808598,2.8606568662536893,True
D1,96,180,AutoARIMA,h1_12,1,ARIMA,8.255850315093994,4.930356979370117,1.6735894104920153,1.5739341539410605,3.125390846164986,3.186416327321144,0.6548981717288728,0.16666666666666666,0.5833333333333334,1.892982641702559,2.8824782113966165,True
D1,96,181,AutoARIMA,h1,1,ARIMA,8.255850315093994,4.930356979370117,0.8282502598798746,0.6572844052213643,1.1307275689304355,1.1243707837161963,0.27280683437867903,1.0,1.0,1.9470033030990415,2.9647364297290144,True
D1,96,181,AutoARIMA,h1_6,1,ARIMA,8.255850315093994,4.930356979370117,1.2770164221992493,1.2694468030250126,1.7494402829185784,1.726304326961556,0.4830152195023982,0.6666666666666666,0.8333333333333334,2.6363822651100515,4.014465990695678,True
D1,96,181,AutoARIMA,h1_12,1,ARIMA,8.255850315093994,4.930356979370117,1.135023386735093,1.1071451418512017,1.5671690685158834,1.5563012238927738,0.42963670633987244,0.6666666666666666,0.9166666666666666,2.7392962374653433,4.17117491999447,True
D1,96,182,AutoARIMA,h1,1,ARIMA,8.255850315093994,4.930356979370117,0.1546553489023892,0.1264010424421412,0.30878577877692837,0.30830977041411906,0.1467499826104606,1.0,1.0,1.885098387895831,2.8704727184193506,True
D1,96,182,AutoARIMA,h1_6,1,ARIMA,8.255850315093994,4.930356979370117,0.6029426109760249,0.7350567674591625,1.2178521695957627,1.2345592372363468,0.27936895933897277,0.8333333333333334,0.8333333333333334,2.2837851073075712,3.477560050632794,True
D1,96,182,AutoARIMA,h1_12,1,ARIMA,8.255850315093994,4.930356979370117,0.6949816939412312,0.8058017936473675,1.4042547672421655,1.4243647233796735,0.3084125878910188,0.75,0.8333333333333334,2.426812149923221,3.6953498628041883,True
D1,96,183,AutoARIMA,h1,1,ARIMA,8.255850315093994,4.930356979370117,0.855706215237437,0.7182774185645852,1.4427396614845975,1.43240671161349,0.2787019713362379,1.0,1.0,1.868119786380145,2.844619101037581,True
D1,96,183,AutoARIMA,h1_6,1,ARIMA,8.255850315093994,4.930356979370117,0.8532291652685972,0.7971770490249416,1.4350121309226063,1.422396382669748,0.3157363846618643,0.8333333333333334,1.0,2.4067616926430437,3.664818676217782,True
D1,96,183,AutoARIMA,h1_12,1,ARIMA,8.255850315093994,4.930356979370117,1.0452868049544481,1.0619705835880737,1.7811917961587085,1.790390577205227,0.39571987088221755,0.75,0.9166666666666666,2.5277153972930497,3.8489970255383903,True
D1,96,184,AutoARIMA,h1,1,ARIMA,8.255850315093994,4.930356979370117,0.4826649116064446,0.37435063497273363,0.7866821174991298,0.7835998973664678,0.1936225274560802,1.0,1.0,2.0008173894541117,3.0466800925854187,True
D1,96,184,AutoARIMA,h1_6,1,ARIMA,8.255850315093994,4.930356979370117,1.6797555833313826,1.53253765298997,2.685335364089363,2.6381492502383757,0.6423110373521448,0.5,0.5,2.4980431806250953,3.80381461543859,True
D1,96,184,AutoARIMA,h1_12,1,ARIMA,8.255850315093994,4.930356979370117,1.1958449020303188,1.1899469597641128,1.9255211710396822,1.9068701669407555,0.4740655541434022,0.6666666666666666,0.75,2.5978478667750333,3.9557889795372096,True
D1,96,185,AutoARIMA,h1,1,ARIMA,8.255850315093994,4.930356979370117,1.569248271038045,1.2943289604842134,2.5600942393279804,2.59328956774444,0.5670570427705698,0.0,0.0,1.840658574405076,2.8028034269617206,True
D1,96,185,AutoARIMA,h1_6,1,ARIMA,8.255850315093994,4.930356979370117,1.8255722676544635,1.7405316675718439,2.9889965024775678,3.05018321802228,0.7221206295156465,0.16666666666666666,0.5,2.182361931770111,3.3231211840648247,True
D1,96,185,AutoARIMA,h1_12,1,ARIMA,8.255850315093994,4.930356979370117,1.3648210788440744,1.3605216895039556,2.222942722316311,2.258328847795195,0.5221752321350734,0.4166666666666667,0.75,2.2398177271285804,3.4106101417502996,True
D1,96,186,AutoARIMA,h1,1,ARIMA,8.255850315093994,4.930356979370117,2.0059846097974443,1.5624085712162243,3.8014053259983487,3.8750586693188733,0.7698071737192206,0.0,0.0,1.9727901205425913,3.0040024735821413,True
D1,96,186,AutoARIMA,h1_6,1,ARIMA,8.255850315093994,4.930356979370117,1.3305641958710681,1.21556166445848,2.544811788570142,2.5903645397590034,0.5125196523656147,0.5,0.6666666666666666,2.3921043533266104,3.6424996859186147,True
D1,96,186,AutoARIMA,h1_12,1,ARIMA,8.255850315093994,4.930356979370117,0.9637650190714265,0.9515647612141446,1.8364396384189563,1.8545717106649806,0.38987415709292944,0.6666666666666666,0.8333333333333334,2.4681543797683734,3.758302408756763,True
D1,96,187,AutoARIMA,h1,1,ARIMA,8.255850315093994,4.930356979370117,0.3691709390562907,0.2863213125704106,0.5738030402700317,0.5721615002282495,0.17798352830817712,1.0,1.0,2.0587436864794593,3.134885491496131,True
D1,96,187,AutoARIMA,h1_6,1,ARIMA,8.255850315093994,4.930356979370117,1.672243751711319,1.6002502734820119,2.5541842311523717,2.5059609658126525,0.6498645346492624,0.6666666666666666,0.6666666666666666,2.7283907278418607,4.1545689072496295,True
D1,96,187,AutoARIMA,h1_12,1,ARIMA,8.255850315093994,4.930356979370117,1.502384417097159,1.4229697439087448,2.300601540357273,2.262868267238374,0.5806249546268187,0.6666666666666666,0.8333333333333334,3.224014583950172,4.909264135197236,True
D1,96,188,AutoARIMA,h1,1,ARIMA,8.255850315093994,4.930356979370117,0.41380975194355435,0.3343850857254503,0.721121407231833,0.7237308964443385,0.183933585172186,1.0,1.0,2.0324073103291393,3.094782624862248,True
D1,96,188,AutoARIMA,h1_6,1,ARIMA,8.255850315093994,4.930356979370117,2.6310238488540367,2.2991633928138144,4.6806598517342435,4.812831223186384,0.9653168411876925,0.3333333333333333,0.3333333333333333,3.5066336801993034,5.339613240950279,True
D1,96,188,AutoARIMA,h1_12,1,ARIMA,8.255850315093994,4.930356979370117,2.2071700057974173,2.030283873826494,3.917181373897533,4.017431694478928,0.839214607980322,0.5,0.6666666666666666,4.7085063848531465,7.169726105018145,True
D1,96,189,AutoARIMA,h1,1,ARIMA,8.255850315093994,4.930356979370117,0.5572821416015021,0.4476747016830191,1.0200946825945147,1.014918119708597,0.20076091864687656,1.0,1.0,1.9071602933433303,2.9040667727721874,True
D1,96,189,AutoARIMA,h1_6,1,ARIMA,8.255850315093994,4.930356979370117,0.9195917968201007,0.9421096270584036,1.6813683037368787,1.6591882618298013,0.36089089432371846,0.6666666666666666,0.8333333333333334,2.3048895365879174,3.5096961390598107,True
D1,96,189,AutoARIMA,h1_12,1,ARIMA,8.255850315093994,4.930356979370117,1.271113273020769,1.1727010596066567,2.323292646927611,2.288593533125909,0.463771913951354,0.5,0.8333333333333334,2.376215879034202,3.6183060245763046,True
D1,96,190,AutoARIMA,h1,1,ARIMA,8.255850315093994,4.930356979370117,0.4385530541608731,0.3573819440573765,0.7623663648616985,0.765283496849608,0.18196529774589817,1.0,1.0,1.9247072140996389,2.930785779932056,True
D1,96,190,AutoARIMA,h1_6,1,ARIMA,8.255850315093994,4.930356979370117,1.0088681291665655,1.079545422731976,1.7277755476933203,1.7066493634363178,0.40161356946599247,0.6666666666666666,0.6666666666666666,2.473635133743518,3.7666480499514225,True
D1,96,190,AutoARIMA,h1_12,1,ARIMA,8.255850315093994,4.930356979370117,0.8626408910355925,0.9596033741797629,1.479630472484056,1.4633442420553164,0.3655845884687377,0.75,0.8333333333333334,2.595817385933254,3.9526971303801384,True
D1,96,191,AutoARIMA,h1,1,ARIMA,8.255850315093994,4.930356979370117,0.8433956050298681,0.6797728016333686,1.2948499737922075,1.3032877845606174,0.2739471478424076,1.0,1.0,1.8072910414790764,2.7519940933163114,True
D1,96,191,AutoARIMA,h1_6,1,ARIMA,8.255850315093994,4.930356979370117,1.6642685407489726,1.553261331620429,2.6123870813948207,2.6593127911273347,0.6591885026658912,0.5,0.5,1.9889898126704737,3.0286700318371462,True
D1,96,191,AutoARIMA,h1_12,1,ARIMA,8.255850315093994,4.930356979370117,1.683509565538485,1.620607748032037,2.642187909483765,2.6882838986292614,0.6752154902091593,0.4166666666666667,0.5,2.0071596897896136,3.05633762568923,True
D1,96,192,AutoARIMA,h1,1,ARIMA,8.255850315093994,4.930356979370117,1.26465634514115,1.012830229227034,1.947657384459037,1.9288734612565206,0.4250484166807713,0.0,1.0,1.986665313864608,3.0251304763162996,True
D1,96,192,AutoARIMA,h1_6,1,ARIMA,8.255850315093994,4.930356979370117,1.7986052190427517,1.6862526352639717,2.8385631200901944,2.889123156147394,0.6747086829747972,0.16666666666666666,0.6666666666666666,2.592422553173732,3.947527758382174,True
D1,96,192,AutoARIMA,h1_12,1,ARIMA,8.255850315093994,4.930356979370117,1.5694419353566758,1.428380052925962,2.469939173526266,2.507235506632073,0.5629058795259265,0.4166666666666667,0.8333333333333334,2.85638644644212,4.34947025599389,True
D1,96,193,AutoARIMA,h1,1,ARIMA,8.255850315093994,4.930356979370117,0.9308363109687993,0.777538361224844,1.7806537447242672,1.7649400095382775,0.3010831935236431,1.0,1.0,1.9369913169201074,2.94949100096606,True
D1,96,193,AutoARIMA,h1_6,1,ARIMA,8.255850315093994,4.930356979370117,0.829333264728411,0.7341302549272886,1.5793472836633788,1.5683005216140817,0.303205452171289,1.0,1.0,2.5509682515001595,3.8844045586706,True
D1,96,193,AutoARIMA,h1_12,1,ARIMA,8.255850315093994,4.930356979370117,1.7391846214385365,1.9019314026840175,3.4042028509729185,3.497287019220241,0.6825926581893111,0.6666666666666666,0.75,2.740807853091946,4.173476683894306,True
D1,96,194,AutoARIMA,h1,1,ARIMA,8.255850315093994,4.930356979370117,0.42456558688008866,0.3349075450884559,0.7956318468016268,0.7924792382024123,0.180402344847998,1.0,1.0,1.9382894137398115,2.9514676359951704,True
D1,96,194,AutoARIMA,h1_6,1,ARIMA,8.255850315093994,4.930356979370117,0.44934470925693065,0.3926610781058657,0.8500165177858336,0.8482327719059728,0.21303747952803245,1.0,1.0,2.334623252416343,3.5549721950210076,True
D1,96,194,AutoARIMA,h1_12,1,ARIMA,8.255850315093994,4.930356979370117,0.4825037381384862,0.46318974117493694,0.9169717960348912,0.9170799215605709,0.23142808058840597,1.0,1.0,2.4048896670859627,3.661968109730493,True
D1,96,195,AutoARIMA,h1,1,ARIMA,8.255850315093994,4.930356979370117,0.28256892501338343,0.22344897756185567,0.5194815289035367,0.5208343480206129,0.15384638552555568,1.0,1.0,1.8849632135305532,2.8702668860181153,True
D1,96,195,AutoARIMA,h1_6,1,ARIMA,8.255850315093994,4.930356979370117,1.2888155135935067,1.1359425022842498,2.3148376248445213,2.282627293564492,0.4633572385016915,0.3333333333333333,0.5,2.1626954792603152,3.293174728346686,True
D1,96,195,AutoARIMA,h1_12,1,ARIMA,8.255850315093994,4.930356979370117,1.1920332355170442,1.0650816821034077,2.1407986767462113,2.112316395326615,0.4326577977395704,0.3333333333333333,0.6666666666666666,2.2046440888429144,3.357050619470269,True
D1,96,196,AutoARIMA,h1,1,ARIMA,8.255850315093994,4.930356979370117,0.09814685428761226,0.0789783786897991,0.1608472320500851,0.16071797684150685,0.14945794617778316,1.0,1.0,1.9648822604351803,2.991961034872536,True
D1,96,196,AutoARIMA,h1_6,1,ARIMA,8.255850315093994,4.930356979370117,2.375920994753747,2.3354041384997415,4.025180600972644,4.147057429469748,0.9528171646610895,0.3333333333333333,0.5,2.7088905459122237,4.124875634690146,True
D1,96,196,AutoARIMA,h1_12,1,ARIMA,8.255850315093994,4.930356979370117,2.4474249617316284,2.4078028801956743,4.152054217087551,4.284964178594095,0.9786873025205917,0.5,0.5833333333333334,3.2791664935919287,4.993244925277969,True
D1,96,197,AutoARIMA,h1,1,ARIMA,8.255850315093994,4.930356979370117,0.2749225834998292,0.21818731194567478,0.43882276815420307,0.4378620489722048,0.1663741807033231,1.0,1.0,2.0616949760347287,3.139379472397599,True
D1,96,197,AutoARIMA,h1_6,1,ARIMA,8.255850315093994,4.930356979370117,1.3345418827524014,1.5335356489353915,2.086403228951411,2.0508109956603326,0.5393943093030028,0.8333333333333334,0.8333333333333334,2.9333934607625283,4.466730201232285,True
D1,96,197,AutoARIMA,h1_12,1,ARIMA,8.255850315093994,4.930356979370117,1.8595393095029533,1.8070122527797172,2.8976772929747483,2.840778211192853,0.6974103916446746,0.5,0.75,3.364054118091546,5.122504815277425,True
D1,96,198,AutoARIMA,h1,1,ARIMA,8.255850315093994,4.930356979370117,0.21878824105151096,0.16985260812476335,0.3092703024249088,0.30879280021136873,0.15965997303489984,1.0,1.0,2.0126343265168067,3.064673952042062,True
D1,96,198,AutoARIMA,h1_6,1,ARIMA,8.255850315093994,4.930356979370117,1.347237706113445,1.320975423660004,1.90305315085714,1.8867547675904226,0.5422903626567785,0.5,0.6666666666666666,2.541719753945913,3.870321707565161,True
D1,96,198,AutoARIMA,h1_12,1,ARIMA,8.255850315093994,4.930356979370117,1.1232741421164776,1.1267771798308048,1.5896858622531773,1.5751972653431077,0.45572596733844173,0.5833333333333334,0.8333333333333334,2.652311289821788,4.0387213988800195,True
D1,96,199,AutoARIMA,h1,1,ARIMA,8.255850315093994,4.930356979370117,0.7527981793287793,0.6053180500109312,1.2893068641806507,1.2810485407956684,0.2506421004987526,1.0,1.0,1.892069097125427,2.8810871408813794,True
D1,96,199,AutoARIMA,h1_6,1,ARIMA,8.255850315093994,4.930356979370117,1.1010229180564786,1.0600565507297195,1.866188297288349,1.8416958430416477,0.4164998521183672,0.6666666666666666,0.8333333333333334,2.435532944737431,3.7086291715966992,True
D1,96,199,AutoARIMA,h1_12,1,ARIMA,8.255850315093994,4.930356979370117,0.9424933729167282,0.8980669889203736,1.6043236672508197,1.5913133436486284,0.3570927320045392,0.8333333333333334,0.9166666666666666,2.5085175806974527,3.8197641700308416,True
D1,96,0,Combination,h1,1,ARIMA,8.255850315093994,4.930356979370117,1.199539327189847,1.0142214327360093,2.072039444324158,2.093730909475326,0.40952121239558625,0.0,1.0,1.8999636637350545,2.925093870034582,True
D1,96,0,Combination,h1_6,1,ARIMA,8.255850315093994,4.930356979370117,2.4194591536523804,2.4746568122192576,4.277827786608163,4.419574262828421,0.9526672732732198,0.16666666666666666,0.5,2.7077243456455595,4.179348245381571,True
D1,96,0,Combination,h1_12,1,ARIMA,8.255850315093994,4.930356979370117,1.5327061990525641,1.8095289361399676,2.689854446040831,2.757371155556252,0.655702241854906,0.5833333333333334,0.75,3.3895121185110284,5.149792111515346,True
D1,96,1,Combination,h1,1,ARIMA,8.255850315093994,4.930356979370117,0.10885065172421204,0.08735839065120948,0.19049190385684803,0.19067351265905555,0.1503964551152593,1.0,1.0,1.9511809579756374,3.0035278601839166,True
D1,96,1,Combination,h1_6,1,ARIMA,8.255850315093994,4.930356979370117,1.0589973205111514,1.1090152741295296,1.867167482532024,1.8868423790182203,0.41987817387464454,0.6666666666666666,0.8333333333333334,2.504862539740064,3.8381752535655886,True
D1,96,1,Combination,h1_12,1,ARIMA,8.255850315093994,4.930356979370117,0.974820962437179,0.9899210538814955,1.7191129127896654,1.7378969415974035,0.39689188682925186,0.75,0.9166666666666666,3.0214652517148455,4.5779402456983105,True
D1,96,2,Combination,h1,1,ARIMA,8.255850315093994,4.930356979370117,0.4983802991913357,0.408887744038619,0.9384454138416419,0.9340625801188737,0.1922528345840259,1.0,1.0,1.9643430348387405,3.024331544775723,True
D1,96,2,Combination,h1_6,1,ARIMA,8.255850315093994,4.930356979370117,1.8831284299274937,1.7377783289801738,3.4766821278834295,3.402490797679797,0.6999443148207862,0.3333333333333333,0.6666666666666666,2.8872552941325416,4.461270848647325,True
D1,96,2,Combination,h1_12,1,ARIMA,8.255850315093994,4.930356979370117,1.401378773958988,1.3682492428640713,2.598602499635906,2.555376599097088,0.5625666282530368,0.6666666666666666,0.8333333333333334,3.6550433428118714,5.554789535722504,True
D1,96,3,Combination,h1,1,ARIMA,8.255850315093994,4.930356979370117,0.9128088524686426,0.7068693967760895,1.730707428890288,1.745814903000742,0.3025330593360129,1.0,1.0,2.0625006340467045,3.174843005560473,True
D1,96,3,Combination,h1_6,1,ARIMA,8.255850315093994,4.930356979370117,1.6932927696702431,1.533139413011658,3.2593380884129135,3.3348512185815715,0.607342499483313,0.6666666666666666,0.6666666666666666,2.889785615677653,4.444673434224304,True
D1,96,3,Combination,h1_12,1,ARIMA,8.255850315093994,4.930356979370117,1.3276427794147094,1.2431048319243336,2.526596669532073,2.5550406788358853,0.5170539605997801,0.8333333333333334,0.8333333333333334,3.579931598087223,5.438241602172124,True
D1,96,4,Combination,h1,1,ARIMA,8.255850315093994,4.930356979370117,1.343032051210436,1.0677638446190443,2.4229168224815,2.4526294077381072,0.46330377294239805,0.0,1.0,1.969990327963722,3.033271307980979,True
D1,96,4,Combination,h1_6,1,ARIMA,8.255850315093994,4.930356979370117,0.7094112689609375,0.6383518184977539,1.2621278035269885,1.2643648515310533,0.3012041655372127,0.8333333333333334,1.0,2.6860834297456058,4.143067076622047,True
D1,96,4,Combination,h1_12,1,ARIMA,8.255850315093994,4.930356979370117,1.335118134245267,1.2605463718375811,2.333011590252955,2.3018505047454116,0.49928977759382487,0.5833333333333334,1.0,3.3129720065822545,5.031416118618524,True
D1,96,5,Combination,h1,1,ARIMA,8.255850315093994,4.930356979370117,1.277634721191526,1.0183000608349544,2.314551896999748,2.341651263874309,0.4360364337709518,0.0,1.0,2.029366492817753,3.124430652097398,True
D1,96,5,Combination,h1_6,1,ARIMA,8.255850315093994,4.930356979370117,1.0070833314304815,0.952142886263019,1.82183020814458,1.8457026155462841,0.377819069874851,0.6666666666666666,1.0,2.879487963295921,4.438992383749122,True
D1,96,5,Combination,h1_12,1,ARIMA,8.255850315093994,4.930356979370117,0.8745930282965451,0.8369213318874432,1.5786029263493557,1.5968013872873412,0.38125822770891543,0.8333333333333334,1.0,3.594206155304449,5.459459537988913,True
D1,96,6,Combination,h1,1,ARIMA,8.255850315093994,4.930356979370117,0.794294042868644,0.673977349309947,1.5912202655895678,1.578660284404439,0.25910906418441204,1.0,1.0,1.9123458309967967,2.944064386019013,True
D1,96,6,Combination,h1_6,1,ARIMA,8.255850315093994,4.930356979370117,2.0895983166375647,1.874076152924914,4.084408486213691,3.9938056199544083,0.7564055644855845,0.16666666666666666,0.5,2.710356666431679,4.170163207514817,True
D1,96,6,Combination,h1_12,1,ARIMA,8.255850315093994,4.930356979370117,1.8616308055610433,1.7941675492326579,3.6286033553562613,3.5470702616903638,0.7026545347453858,0.3333333333333333,0.6666666666666666,3.361543909484969,5.106429510246064,True
D1,96,7,Combination,h1,1,ARIMA,8.255850315093994,4.930356979370117,2.7500335004024987,2.095850703392062,4.71123177052089,4.602807310350349,1.1162824563421976,0.0,0.0,2.099555419236904,3.2322229387741803,True
D1,96,7,Combination,h1_6,1,ARIMA,8.255850315093994,4.930356979370117,4.175728877376954,3.2467932652230482,7.059290583545723,6.809959520809371,1.737557119529478,0.0,0.0,3.0534128206122566,4.685788253623068,True
D1,96,7,Combination,h1_12,1,ARIMA,8.255850315093994,4.930356979370117,3.6119668113318837,2.8638993377355706,6.130350339016404,5.934687522194291,1.4113938600189777,0.25,0.3333333333333333,3.959975519605314,6.019760403961963,True
D1,96,8,Combination,h1,1,ARIMA,8.255850315093994,4.930356979370117,1.3620665159275542,1.0633959211308026,2.3560580091340895,2.3286261180554724,0.4522516348515077,0.0,1.0,2.0780968267864783,3.199537066149225,True
D1,96,8,Combination,h1_6,1,ARIMA,8.255850315093994,4.930356979370117,1.5989551696674043,1.4323296804606693,2.7443727126467974,2.696131706573644,0.6231077858692112,0.5,0.8333333333333334,3.3711179073736215,5.213160297141032,True
D1,96,8,Combination,h1_12,1,ARIMA,8.255850315093994,4.930356979370117,1.9759050441667836,1.7497801923720426,3.379640010672761,3.308206443599354,0.7400607362009838,0.5,0.9166666666666666,4.4018569538326675,6.702535754699369,True
D1,96,9,Combination,h1,1,ARIMA,8.255850315093994,4.930356979370117,0.24169741910942968,0.18854176915423276,0.38178111770602613,0.381053722126329,0.16175191914059733,1.0,1.0,2.0052848889471866,3.086149859876322,True
D1,96,9,Combination,h1_6,1,ARIMA,8.255850315093994,4.930356979370117,1.0733058625870784,1.1248937078281072,1.723901024451009,1.743808574005583,0.4218922021677292,0.6666666666666666,1.0,2.795516660935359,4.282077938005442,True
D1,96,9,Combination,h1_12,1,ARIMA,8.255850315093994,4.930356979370117,2.028061444912867,1.8857117784355755,3.294879484094515,3.3707615523463352,0.7289344963124612,0.4166666666666667,0.8333333333333334,3.4443262446843486,5.2351217044336815,True
D1,96,10,Combination,h1,1,ARIMA,8.255850315093994,4.930356979370117,0.2793674602253038,0.2206934893933773,0.510684555557618,0.5119918873047047,0.16846188655329067,1.0,1.0,2.066830090545284,3.182430465764047,True
D1,96,10,Combination,h1_6,1,ARIMA,8.255850315093994,4.930356979370117,0.6733757819549369,0.6112133171543369,1.2321062545068264,1.2422505146273743,0.2943872297145715,1.0,1.0,3.1771109366874817,4.905794592777575,True
D1,96,10,Combination,h1_12,1,ARIMA,8.255850315093994,4.930356979370117,1.2140751217388221,1.1770560318894199,2.231454537046917,2.265603847059596,0.4563829896890066,0.9166666666666666,1.0,4.061883524164149,6.178297848855599,True
D1,96,11,Combination,h1,1,ARIMA,8.255850315093994,4.930356979370117,0.5318103297779653,0.4283799493373527,0.8734889796381454,0.8696906536299451,0.19976431549761228,1.0,1.0,1.999176704855845,3.0779000885560737,True
D1,96,11,Combination,h1_6,1,ARIMA,8.255850315093994,4.930356979370117,1.081086846003772,1.1766569551803723,1.7624100050936644,1.7398083892746223,0.4384815238963701,0.8333333333333334,0.8333333333333334,3.0174856117454363,4.654365015551538,True
D1,96,11,Combination,h1_12,1,ARIMA,8.255850315093994,4.930356979370117,1.295225742790658,1.2403216796354393,2.1478197075914545,2.1551964480251056,0.48254092918824315,0.9166666666666666,0.9166666666666666,3.8704652089096143,5.8855599577869135,True
D1,96,12,Combination,h1,1,ARIMA,8.255850315093994,4.930356979370117,0.6077603854680965,0.5003404715066608,1.0890777493797335,1.0831794163749333,0.21264178636654646,1.0,1.0,2.003141916604241,3.0840274995356562,True
D1,96,12,Combination,h1_6,1,ARIMA,8.255850315093994,4.930356979370117,1.274232905487741,1.2017821516278313,2.3375820621446772,2.3634954498536045,0.4382020277398196,0.5,1.0,3.1230023609857698,4.817590733274926,True
D1,96,12,Combination,h1_12,1,ARIMA,8.255850315093994,4.930356979370117,1.3197565336587196,1.2671011267204324,2.43305077087405,2.4689235539485264,0.4875434137640561,0.6666666666666666,1.0,4.004171114494345,6.094272895359385,True
D1,96,13,Combination,h1,1,ARIMA,8.255850315093994,4.930356979370117,0.2658659291329289,0.21226625416689168,0.4523574957410504,0.4533829516240922,0.1573037677029148,1.0,1.0,1.9266345925100892,2.9657486459149545,True
D1,96,13,Combination,h1_6,1,ARIMA,8.255850315093994,4.930356979370117,2.31014704616516,2.181817327047347,3.8135213420047407,3.715777304671717,0.9325484541645064,0.3333333333333333,0.5,2.4899170053055117,3.8030264705691805,True
D1,96,13,Combination,h1_12,1,ARIMA,8.255850315093994,4.930356979370117,1.7211023532652565,1.7306707203330471,2.8547769468306727,2.79439547488297,0.6922304384212656,0.5,0.75,3.035693077706194,4.585427303663529,True
D1,96,14,Combination,h1,1,ARIMA,8.255850315093994,4.930356979370117,0.7522045677703513,0.5860580229287039,1.3631709852609237,1.3539427081834177,0.24944698449924213,1.0,1.0,2.017509295586801,3.106758754084622,True
D1,96,14,Combination,h1_6,1,ARIMA,8.255850315093994,4.930356979370117,0.8012011602485049,0.6459527424774758,1.4403881250984016,1.4319218922558732,0.31222982712986364,1.0,1.0,2.9077593758740767,4.478067167629231,True
D1,96,14,Combination,h1_12,1,ARIMA,8.255850315093994,4.930356979370117,0.8531184938372502,0.7813715078554822,1.524465005037448,1.510625075185411,0.37565831879985534,1.0,1.0,3.613140449389455,5.487635912178448,True
D1,96,15,Combination,h1,1,ARIMA,8.255850315093994,4.930356979370117,0.9489458867691434,0.7060581024412802,1.5645610338095768,1.5768967901707798,0.31628528332479183,1.0,1.0,2.217053625046337,3.413160325318526,True
D1,96,15,Combination,h1_6,1,ARIMA,8.255850315093994,4.930356979370117,0.9030522695888583,0.8803483899082007,1.4640324248416678,1.4545281926043854,0.4255852103014386,0.8333333333333334,0.8333333333333334,3.497627655092741,5.404802835525286,True
D1,96,15,Combination,h1_12,1,ARIMA,8.255850315093994,4.930356979370117,0.9136375489422057,0.8671388589214178,1.4904929195448133,1.4925833734856626,0.46334590935934444,0.9166666666666666,0.9166666666666666,4.504608037049762,6.86365344659129,True
D1,96,16,Combination,h1,1,ARIMA,8.255850315093994,4.930356979370117,1.193506898568817,0.9263254525945563,2.062068282211556,2.0835503981637697,0.4028155017250827,0.0,1.0,2.0470365735789824,3.1517486745370915,True
D1,96,16,Combination,h1_6,1,ARIMA,8.255850315093994,4.930356979370117,0.5349442417361465,0.5436541251387891,0.9227654434433871,0.9300758490077823,0.27944747650806934,0.8333333333333334,1.0,2.815001870724595,4.3225244313165065,True
D1,96,16,Combination,h1_12,1,ARIMA,8.255850315093994,4.930356979370117,0.7063630046543403,0.6990974379256123,1.2072201705028625,1.2052250789557357,0.3488179251918005,0.9166666666666666,1.0,3.473749905021241,5.277922699578236,True
D1,96,17,Combination,h1,1,ARIMA,8.255850315093994,4.930356979370117,0.48660808230037256,0.39812837714531624,1.026134339495693,1.0314262489592647,0.1969866369816828,1.0,1.0,1.995562128004302,3.072404354814449,True
D1,96,17,Combination,h1_6,1,ARIMA,8.255850315093994,4.930356979370117,0.6598587567450773,0.6195681758137249,1.383632028925052,1.3776649893550537,0.2986420173535134,1.0,1.0,3.003227026935682,4.637889601007092,True
D1,96,17,Combination,h1_12,1,ARIMA,8.255850315093994,4.930356979370117,0.8337413276565663,0.8318157910534903,1.739695132809856,1.7217301967899894,0.3821112080289352,1.0,1.0,3.8192844044925796,5.810115071282751,True
D1,96,18,Combination,h1,1,ARIMA,8.255850315093994,4.930356979370117,1.4079901421734267,1.09291699713497,2.3183401730950317,2.291774607395017,0.4714474923994522,0.0,1.0,2.0382034785154506,3.1388072559902427,True
D1,96,18,Combination,h1_6,1,ARIMA,8.255850315093994,4.930356979370117,0.7895265001078747,0.7502476649775254,1.2991662692422605,1.286806742069851,0.34136156246871596,0.6666666666666666,1.0,2.8050466165160874,4.322400887348987,True
D1,96,18,Combination,h1_12,1,ARIMA,8.255850315093994,4.930356979370117,0.7364467670384189,0.6584435146218849,1.2172427649729198,1.2111985436201984,0.3508315336060536,0.8333333333333334,1.0,3.5202854737953944,5.346021418549889,True
D1,96,19,Combination,h1,1,ARIMA,8.255850315093994,4.930356979370117,1.0342728028525274,0.8372800091260563,1.8134645695809897,1.797169057524153,0.32800524479501125,1.0,1.0,2.0215432033468823,3.1118229064216716,True
D1,96,19,Combination,h1_6,1,ARIMA,8.255850315093994,4.930356979370117,0.5483478065981451,0.5488243318756889,0.9674465274736378,0.962931256595693,0.2914864067014942,1.0,1.0,3.0218442742053866,4.665932831570664,True
D1,96,19,Combination,h1_12,1,ARIMA,8.255850315093994,4.930356979370117,1.0085834671322356,1.1148883886718832,1.8164802431760083,1.8426354332151202,0.42862226020410793,0.8333333333333334,1.0,3.8464318883929476,5.85121072113373,True
D1,96,20,Combination,h1,1,ARIMA,8.255850315093994,4.930356979370117,0.4367106460585262,0.3548790394732725,0.7635543287397624,0.7606503394430667,0.17970866788855744,1.0,1.0,1.923216263030184,2.9606652657745336,True
D1,96,20,Combination,h1_6,1,ARIMA,8.255850315093994,4.930356979370117,0.5817776827148798,0.5171511340500635,1.0137993003188799,1.0077024283891192,0.2589884321432097,1.0,1.0,2.6098161475241377,4.007185042237651,True
D1,96,20,Combination,h1_12,1,ARIMA,8.255850315093994,4.930356979370117,0.8201039219328295,0.8741530655629474,1.4191311928891845,1.4022613856782953,0.36138363655841954,0.9166666666666666,0.9166666666666666,3.2050059955107164,4.872798262498038,True
D1,96,21,Combination,h1,1,ARIMA,8.255850315093994,4.930356979370117,1.0536393589801665,0.8700434794254431,1.8679165365255899,1.8506324021901843,0.3389052657784179,0.0,1.0,1.9028607559213986,2.9294229280899198,True
D1,96,21,Combination,h1_6,1,ARIMA,8.255850315093994,4.930356979370117,0.8100273178554401,0.7414682740890031,1.4337878419709522,1.4212899407959236,0.30700532385709,0.6666666666666666,1.0,2.3933925732778403,3.6610274751078853,True
D1,96,21,Combination,h1_12,1,ARIMA,8.255850315093994,4.930356979370117,0.7970746710370716,0.7419563742052369,1.4138101146288278,1.4054635705731466,0.3232140401064335,0.8333333333333334,1.0,2.8369472654167063,4.285449527592471,True
D1,96,22,Combination,h1,1,ARIMA,8.255850315093994,4.930356979370117,0.07162563578318984,0.05666918193255838,0.11177302828971741,0.1118355292686011,0.1563553286213539,1.0,1.0,2.059649521066122,3.170557074896483,True
D1,96,22,Combination,h1_6,1,ARIMA,8.255850315093994,4.930356979370117,1.8888238631502874,1.7784772516125402,2.889550375120738,2.8321279241289585,0.7044696117158659,0.5,0.8333333333333334,3.154536737594512,4.864260238253094,True
D1,96,22,Combination,h1_12,1,ARIMA,8.255850315093994,4.930356979370117,2.109291373512122,1.8407511309034903,3.2306070323432294,3.1687177461124363,0.7544972420966726,0.5,0.9166666666666666,4.032830677795722,6.13405367573826,True
D1,96,23,Combination,h1,1,ARIMA,8.255850315093994,4.930356979370117,1.5894186745599868,1.3058143047056954,2.515019564657037,2.547048954419559,0.5577308422424595,0.0,0.0,2.058419738055682,3.1680450178619592,True
D1,96,23,Combination,h1_6,1,ARIMA,8.255850315093994,4.930356979370117,0.9499440262770338,0.9659439534367421,1.5011177448658124,1.5183522634986715,0.43435012526812516,0.6666666666666666,0.8333333333333334,3.591689363018692,5.5454148847406515,True
D1,96,23,Combination,h1_12,1,ARIMA,8.255850315093994,4.930356979370117,1.0275011818998872,1.0235224886221792,1.6044553545940299,1.6042572851965013,0.5029093188321482,0.8333333333333334,0.9166666666666666,4.916119475288375,7.4860709165751285,True
D1,96,24,Combination,h1,1,ARIMA,8.255850315093994,4.930356979370117,0.49396624434941944,0.39486822140260497,0.8810268754709253,0.8771628552228445,0.19809485775450086,1.0,1.0,2.0819133211328067,3.2046137243272153,True
D1,96,24,Combination,h1_6,1,ARIMA,8.255850315093994,4.930356979370117,1.2624299875362093,1.1088410566518676,2.230872368830068,2.2013693584874168,0.4562322669624513,0.6666666666666666,1.0,3.457085692162082,5.330395377130132,True
D1,96,24,Combination,h1_12,1,ARIMA,8.255850315093994,4.930356979370117,1.3589110745694657,1.2604737434623619,2.3945770143335836,2.3568006289044803,0.5476842601237992,0.8333333333333334,1.0,4.676450145484458,7.11520905670064,True
D1,96,25,Combination,h1,1,ARIMA,8.255850315093994,4.930356979370117,0.16005389976848552,0.12132679753789115,0.2539179986323612,0.2542407801827349,0.1689748047719364,1.0,1.0,2.1635106584504205,3.330986531127528,True
D1,96,25,Combination,h1_6,1,ARIMA,8.255850315093994,4.930356979370117,0.9248201623035479,0.9233526074157983,1.469948084959518,1.4756904880008,0.4099762472680158,0.8333333333333334,0.8333333333333334,3.269061618162451,5.048122980152976,True
D1,96,25,Combination,h1_12,1,ARIMA,8.255850315093994,4.930356979370117,0.7484667713459424,0.7287464136443531,1.1886668315570414,1.1923154505467852,0.40779444392725145,0.9166666666666666,0.9166666666666666,4.163289205426261,6.333238703915479,True
D1,96,26,Combination,h1,1,ARIMA,8.255850315093994,4.930356979370117,0.5720530884734732,0.4577955930486018,0.9747997246596437,0.9795741678049434,0.21539729249501882,1.0,1.0,2.0678319777134857,3.183368079806153,True
D1,96,26,Combination,h1_6,1,ARIMA,8.255850315093994,4.930356979370117,1.980902257986743,1.8792742668358349,3.453618421356428,3.5407690769823246,0.6879429012299749,0.5,0.6666666666666666,3.3222971932287004,5.138408610978108,True
D1,96,26,Combination,h1_12,1,ARIMA,8.255850315093994,4.930356979370117,1.6925655277198648,1.625386159204016,2.9293265586766277,2.979647331861562,0.6374714833667919,0.6666666666666666,0.8333333333333334,4.324857317509684,6.5794875383053295,True
D1,96,27,Combination,h1,1,ARIMA,8.255850315093994,4.930356979370117,0.7632627914006812,0.6165265904427433,1.3789190360473607,1.3884921271751791,0.26129207804339394,1.0,1.0,2.0768739892269115,3.1965819694410147,True
D1,96,27,Combination,h1_6,1,ARIMA,8.255850315093994,4.930356979370117,1.1971242968106879,1.0316073222929258,2.1740281804135204,2.2013671234888177,0.41816679027004977,1.0,1.0,3.723098328069719,5.749756358434528,True
D1,96,27,Combination,h1_12,1,ARIMA,8.255850315093994,4.930356979370117,2.923024741691118,2.991361018237602,5.474239098137068,5.7350949519529415,1.030606856797521,0.6666666666666666,0.75,5.124944564752516,7.791104171342001,True
D1,96,28,Combination,h1,1,ARIMA,8.255850315093994,4.930356979370117,0.7554201986555124,0.6181182989095511,1.4422633472432385,1.431937194586705,0.24789983342840485,1.0,1.0,1.8887549022868122,2.9071665398403077,True
D1,96,28,Combination,h1_6,1,ARIMA,8.255850315093994,4.930356979370117,1.8217643870878752,1.6119771598603216,3.4088937309307523,3.342707547680613,0.6883096906577005,0.3333333333333333,0.5,2.349941180085663,3.571182562006449,True
D1,96,28,Combination,h1_12,1,ARIMA,8.255850315093994,4.930356979370117,1.9831690761513232,1.728821428940362,3.7006077081093975,3.6249905693451567,0.7291692968926142,0.25,0.6666666666666666,2.745460121627379,4.141271428719369,True
D1,96,29,Combination,h1,1,ARIMA,8.255850315093994,4.930356979370117,1.1490353986645345,0.9632447860295611,2.1006617744818725,2.122959877802161,0.3880155238865167,0.0,1.0,1.9651210559453358,3.025820188713295,True
D1,96,29,Combination,h1_6,1,ARIMA,8.255850315093994,4.930356979370117,1.346548489782554,1.157935035277794,2.475204617102844,2.5079219698013424,0.45101532744186684,0.5,1.0,3.103622781999779,4.802784498160283,True
D1,96,29,Combination,h1_12,1,ARIMA,8.255850315093994,4.930356979370117,1.5093678785637024,1.3842188360313774,2.787801386080384,2.834770438148385,0.5289941020929625,0.5833333333333334,1.0,4.02323761121075,6.1204064468211445,True
D1,96,30,Combination,h1,1,ARIMA,8.255850315093994,4.930356979370117,0.3441894517990249,0.272510216477293,0.5676719762901643,0.5660652793110855,0.17300964935855898,1.0,1.0,2.079632673290189,3.202122747651156,True
D1,96,30,Combination,h1_6,1,ARIMA,8.255850315093994,4.930356979370117,1.784786024922445,1.6326110322183587,3.0228537918015195,3.0853105320603813,0.6236233937776416,0.5,0.8333333333333334,3.1802377046948433,4.905269585052667,True
D1,96,30,Combination,h1_12,1,ARIMA,8.255850315093994,4.930356979370117,2.1280382728702207,1.9374883519855925,3.622040132641308,3.7114209503542446,0.7482276130210075,0.5,0.8333333333333334,4.070537629706918,6.190773234412418,True
D1,96,31,Combination,h1,1,ARIMA,8.255850315093994,4.930356979370117,2.2364731678749745,1.7786747025153815,3.8222443184617587,3.896715308198889,0.8883062517185207,0.0,0.0,1.999412923835643,3.07858376368518,True
D1,96,31,Combination,h1_6,1,ARIMA,8.255850315093994,4.930356979370117,1.4347357684077062,1.351795436113918,2.4038009718173257,2.3999799831267143,0.5559421743532913,0.3333333333333333,0.6666666666666666,2.762683948529616,4.256032194997544,True
D1,96,31,Combination,h1_12,1,ARIMA,8.255850315093994,4.930356979370117,1.455324100072953,1.3498815717179533,2.428044860734517,2.4128111498113416,0.5593060852839382,0.5833333333333334,0.75,3.430312584676497,5.209504251845977,True
D1,96,32,Combination,h1,1,ARIMA,8.255850315093994,4.930356979370117,2.380891120288422,1.8100836644589597,3.6883363298741756,3.6215488783814296,0.924762642406633,0.0,0.0,2.1541978598751172,3.3170625111023306,True
D1,96,32,Combination,h1_6,1,ARIMA,8.255850315093994,4.930356979370117,1.4156861099842057,1.3031698066739794,2.2492245141156473,2.2625069294611166,0.532154906815069,0.6666666666666666,0.8333333333333334,3.1810624744187117,4.914537465656547,True
D1,96,32,Combination,h1_12,1,ARIMA,8.255850315093994,4.930356979370117,2.0683299556096046,1.8569851349075035,3.3340851444177497,3.401988921116673,0.7349817870941194,0.5,0.75,4.027295639023203,6.125941012781184,True
D1,96,33,Combination,h1,1,ARIMA,8.255850315093994,4.930356979370117,0.7672473351689217,0.6223481844870729,1.2238841863329277,1.2314197622014087,0.26090732588104676,1.0,1.0,2.0136297377885097,3.099325799816588,True
D1,96,33,Combination,h1_6,1,ARIMA,8.255850315093994,4.930356979370117,1.9481340437709238,1.873655819916009,3.033086270902861,2.9733397308024494,0.7269822645936436,0.6666666666666666,0.6666666666666666,3.084621886143216,4.7569446747694375,True
D1,96,33,Combination,h1_12,1,ARIMA,8.255850315093994,4.930356979370117,1.6518138053963898,1.656024206742343,2.6152160321623747,2.605483497999585,0.6496145728475698,0.6666666666666666,0.8333333333333334,3.930448979123342,5.977788891110022,True
D1,96,34,Combination,h1,1,ARIMA,8.255850315093994,4.930356979370117,0.39345487421722636,0.31490230986438944,0.6676082264445004,0.6698441939159724,0.1857390248361385,1.0,1.0,2.0694203315595963,3.185993934866235,True
D1,96,34,Combination,h1_6,1,ARIMA,8.255850315093994,4.930356979370117,2.1696897812552134,1.9540032255697677,3.746473631784593,3.8380966245086015,0.7719937189319594,0.3333333333333333,0.5,3.345843171824934,5.174726842887164,True
D1,96,34,Combination,h1_12,1,ARIMA,8.255850315093994,4.930356979370117,1.9413910938866086,1.8093210972039928,3.345870596083931,3.4240182647326014,0.7125954865271501,0.5,0.75,4.348941065650519,6.61612406576327,True
D1,96,35,Combination,h1,1,ARIMA,8.255850315093994,4.930356979370117,1.9529080387752469,1.5611513108409019,3.220396020655017,3.169363000678043,0.7244370153605587,0.0,0.0,2.043123284330391,3.1461375359509756,True
D1,96,35,Combination,h1_6,1,ARIMA,8.255850315093994,4.930356979370117,1.9085769462387556,1.6319186155128782,3.135726245804968,3.080699297002933,0.7100813809288554,0.3333333333333333,0.5,3.170004103562464,4.900632695687415,True
D1,96,35,Combination,h1_12,1,ARIMA,8.255850315093994,4.930356979370117,1.691102527908076,1.4894777359744882,2.8039156463253914,2.782542049436654,0.6393593626328204,0.5833333333333334,0.75,4.077103725625565,6.213061240302156,True
D1,96,36,Combination,h1,1,ARIMA,8.255850315093994,4.930356979370117,0.6551429996585847,0.5287950156382829,1.1559830516286775,1.1627033786275016,0.2312356403143368,1.0,1.0,2.0722547890754677,3.1902718364345812,True
D1,96,36,Combination,h1_6,1,ARIMA,8.255850315093994,4.930356979370117,0.9683077896484876,0.9292022861238971,1.7242828669978283,1.7457007438438876,0.3679118566205134,0.8333333333333334,1.0,3.2402802831266713,5.005724323935392,True
D1,96,36,Combination,h1_12,1,ARIMA,8.255850315093994,4.930356979370117,0.7669935008145662,0.7583437484348506,1.3630729676301927,1.3764320056266688,0.3894306138371799,0.9166666666666666,1.0,4.175789997296707,6.362444417796536,True
D1,96,37,Combination,h1,1,ARIMA,8.255850315093994,4.930356979370117,0.6832324691321003,0.5545516764149901,1.1201763575020796,1.1139373262192303,0.22496830293899125,1.0,1.0,1.7516371335567316,2.6971816108621494,True
D1,96,37,Combination,h1_6,1,ARIMA,8.255850315093994,4.930356979370117,1.0494340130964537,1.0756012146111245,1.7255627418485804,1.7228561642149272,0.4254737269389006,0.5,0.6666666666666666,1.7906480981495683,2.6915285723071816,True
D1,96,37,Combination,h1_12,1,ARIMA,8.255850315093994,4.930356979370117,1.3751652324402823,1.2635061558626848,2.2528342131327923,2.2412689068736507,0.5351277478863679,0.25,0.5833333333333334,1.8313348960524145,2.7542795889555727,True
D1,96,38,Combination,h1,1,ARIMA,8.255850315093994,4.930356979370117,1.1619595015382125,0.952389659771196,2.2287791705528726,2.2042156212328177,0.38004375686590425,0.0,1.0,1.9278686714089122,2.9681762470803337,True
D1,96,38,Combination,h1_6,1,ARIMA,8.255850315093994,4.930356979370117,0.99177953760024,0.91543488015247,1.9030872274721233,1.88499216088846,0.37533179195025146,0.6666666666666666,0.8333333333333334,2.592439182256398,3.977975842787945,True
D1,96,38,Combination,h1_12,1,ARIMA,8.255850315093994,4.930356979370117,0.7835775293276185,0.7561997561158429,1.5053136469581985,1.4932240327539406,0.35129871456502815,0.8333333333333334,0.9166666666666666,3.161790634116991,4.808460540101663,True
D1,96,39,Combination,h1,1,ARIMA,8.255850315093994,4.930356979370117,0.7878292991183937,0.6209599292991423,1.3039395213419704,1.3124966022987927,0.26955087391707144,1.0,1.0,2.1354710400320625,3.287181286133985,True
D1,96,39,Combination,h1_6,1,ARIMA,8.255850315093994,4.930356979370117,1.0477043828072683,0.9034030365192205,1.7137058742572482,1.705231688093749,0.4037846248559724,1.0,1.0,3.5857512184088653,5.528428323920308,True
D1,96,39,Combination,h1_12,1,ARIMA,8.255850315093994,4.930356979370117,1.6190984179093038,1.571549547981986,2.6134970951828027,2.5682263160850693,0.618391429108788,0.9166666666666666,1.0,4.863566195852856,7.399129248922008,True
D1,96,40,Combination,h1,1,ARIMA,8.255850315093994,4.930356979370117,0.30331887859283047,0.24514431069349057,0.5412579361167394,0.5397970888256416,0.16356613809013099,1.0,1.0,1.9828270893139366,3.052836927716932,True
D1,96,40,Combination,h1_6,1,ARIMA,8.255850315093994,4.930356979370117,0.6332576756591413,0.7062234817597178,1.140947959696592,1.1531044075115782,0.28476932722174647,0.8333333333333334,1.0,2.690530323606982,4.1239913545612055,True
D1,96,40,Combination,h1_12,1,ARIMA,8.255850315093994,4.930356979370117,0.8989053941041504,0.9016870394551405,1.598527184830593,1.5958329753608378,0.3720372217443408,0.9166666666666666,1.0,3.307006537925914,5.027539730935669,True
D1,96,41,Combination,h1,1,ARIMA,8.255850315093994,4.930356979370117,1.5258548374449479,1.2494242071511243,2.828026113796258,2.868588327292835,0.5398903983942417,0.0,0.0,1.9399675535728103,2.9873563174296396,True
D1,96,41,Combination,h1_6,1,ARIMA,8.255850315093994,4.930356979370117,1.082148049937458,1.0036010882621156,1.962476054448951,1.9514688818102328,0.3982042409427833,0.5,0.8333333333333334,2.60169781518398,3.9879723293515537,True
D1,96,41,Combination,h1_12,1,ARIMA,8.255850315093994,4.930356979370117,0.8592897816968575,0.8628185262786808,1.5609917154994166,1.5554451227844073,0.37344764264160923,0.75,0.9166666666666666,3.190757900083997,4.846346689750141,True
D1,96,42,Combination,h1,1,ARIMA,8.255850315093994,4.930356979370117,1.3166072799566675,1.1064045858588887,2.450034313368187,2.480419882486449,0.4534201708997483,0.0,1.0,1.9485342356814133,2.9990752740697255,True
D1,96,42,Combination,h1_6,1,ARIMA,8.255850315093994,4.930356979370117,1.2638179426065508,1.1642256911019973,2.349882597116624,2.364098223977637,0.45301165072824645,0.3333333333333333,1.0,2.7981858979191165,4.319159061693871,True
D1,96,42,Combination,h1_12,1,ARIMA,8.255850315093994,4.930356979370117,1.55217121881068,1.5987935427567554,2.93279347600036,2.990597745290377,0.5732805942722996,0.4166666666666667,0.9166666666666666,3.50828437370843,5.330887495274581,True
D1,96,43,Combination,h1,1,ARIMA,8.255850315093994,4.930356979370117,0.9160991222858511,0.7310864338574059,1.5645450080001355,1.5768805106559327,0.3025228300538095,1.0,1.0,2.0221073716642795,3.1129895715861493,True
D1,96,43,Combination,h1_6,1,ARIMA,8.255850315093994,4.930356979370117,0.6286969283063646,0.5885213568628987,1.07101792136143,1.075348879221102,0.2867945913953263,1.0,1.0,2.8486694716280154,4.3741630788783405,True
D1,96,43,Combination,h1_12,1,ARIMA,8.255850315093994,4.930356979370117,0.8796056544193109,0.8713508656285358,1.5078866689042187,1.5227837386759087,0.37220414516283257,1.0,1.0,3.524266166030207,5.3535959461791345,True
D1,96,44,Combination,h1,1,ARIMA,8.255850315093994,4.930356979370117,0.03327853320819422,0.02673132891795264,0.057145738316025034,0.057129414803082604,0.15515874681128225,1.0,1.0,2.0721882707780694,3.1900038283337575,True
D1,96,44,Combination,h1_6,1,ARIMA,8.255850315093994,4.930356979370117,0.5296973232424522,0.5584811774235316,0.9194480672061275,0.9268047270720423,0.30021462527637344,1.0,1.0,3.388826863877426,5.243617774231421,True
D1,96,44,Combination,h1_12,1,ARIMA,8.255850315093994,4.930356979370117,1.7598056389985446,1.9388688370899996,3.1245691325764327,3.220444264645751,0.6629335750850851,0.6666666666666666,0.9166666666666666,4.423056187471291,6.724190807614107,True
D1,96,45,Combination,h1,1,ARIMA,8.255850315093994,4.930356979370117,0.43212521506801227,0.3503150604273384,0.7453328383609945,0.7481208334822763,0.18867583723500744,1.0,1.0,2.0086423133618303,3.092655921308213,True
D1,96,45,Combination,h1_6,1,ARIMA,8.255850315093994,4.930356979370117,0.49941119891863045,0.4455838805748885,0.8543656955629472,0.8509016611010096,0.26236706900722123,1.0,1.0,2.9635950138053953,4.578423747345451,True
D1,96,45,Combination,h1_12,1,ARIMA,8.255850315093994,4.930356979370117,0.8670681822729714,0.8381822728421607,1.4913283596517855,1.4940182960445885,0.37110167515565673,1.0,1.0,3.7684086478870684,5.728067965603161,True
D1,96,46,Combination,h1,1,ARIMA,8.255850315093994,4.930356979370117,0.14339410399118943,0.11232013162682894,0.2380524853591804,0.2377694772841302,0.15796875771917815,1.0,1.0,2.028002127482165,3.121060211122956,True
D1,96,46,Combination,h1_6,1,ARIMA,8.255850315093994,4.930356979370117,0.5123445011738189,0.5768138972768203,0.8441200065165945,0.8368852892344004,0.2800012198768967,0.8333333333333334,1.0,2.743244671783354,4.202535090341465,True
D1,96,46,Combination,h1_12,1,ARIMA,8.255850315093994,4.930356979370117,0.601777332810871,0.5943663010948954,0.9946033479031077,0.9890506834939281,0.3216512662110656,0.9166666666666666,1.0,3.424748059379738,5.198053661380783,True
D1,96,47,Combination,h1,1,ARIMA,8.255850315093994,4.930356979370117,1.2338730474995045,1.0186707421024144,2.2560737736200935,2.2309083050284637,0.4069369725983742,0.0,1.0,1.9564028321120572,3.0121528639956843,True
D1,96,47,Combination,h1_6,1,ARIMA,8.255850315093994,4.930356979370117,1.1422241129996458,1.1392420584641576,2.0810116724722643,2.050164626839566,0.45993550056831944,0.6666666666666666,0.8333333333333334,2.807753712393394,4.337290170041001,True
D1,96,47,Combination,h1_12,1,ARIMA,8.255850315093994,4.930356979370117,0.7437544720021261,0.8452270943622889,1.3615198393652657,1.347624120381446,0.3948942125322897,0.8333333333333334,0.9166666666666666,3.5234023926448104,5.353624645207598,True
D1,96,48,Combination,h1,1,ARIMA,8.255850315093994,4.930356979370117,1.6639816435819608,1.3436302458506348,2.9542458228130295,2.9112431827538128,0.5836020225642382,0.0,0.0,2.016420794126343,3.1039079714250644,True
D1,96,48,Combination,h1_6,1,ARIMA,8.255850315093994,4.930356979370117,3.3085163143941942,2.90567580054575,5.777297953996587,5.5882977956871285,1.3274841969114761,0.0,0.16666666666666666,2.892639896671912,4.4572312389199835,True
D1,96,48,Combination,h1_12,1,ARIMA,8.255850315093994,4.930356979370117,3.5998884725158424,3.154241868625047,6.272887387700049,6.052053103917152,1.4218404650762984,0.08333333333333333,0.3333333333333333,3.650598873003496,5.5454331665940835,True
D1,96,49,Combination,h1,1,ARIMA,8.255850315093994,4.930356979370117,0.2555741397379331,0.2015039341891674,0.44072719473096456,0.43975812790061564,0.16456166499559496,1.0,1.0,2.031684357037253,3.1288538602944818,True
D1,96,49,Combination,h1_6,1,ARIMA,8.255850315093994,4.930356979370117,1.0611913372450072,0.9864602523437631,1.8210511746302342,1.7983715091726318,0.4033904863734082,0.5,1.0,2.910117338833304,4.5005427207430975,True
D1,96,49,Combination,h1_12,1,ARIMA,8.255850315093994,4.930356979370117,1.1871375259957253,1.129119865304077,2.071148167044651,2.0800400166978674,0.45647854886812694,0.75,1.0,3.7042362209020236,5.629297036157337,True
D1,96,50,Combination,h1,1,ARIMA,8.255850315093994,4.930356979370117,0.9584761733460276,0.762108564803164,1.4827408835197906,1.4718291770479592,0.3056094298117463,1.0,1.0,1.9587022984079645,3.01578247270072,True
D1,96,50,Combination,h1_6,1,ARIMA,8.255850315093994,4.930356979370117,1.2833882703147605,1.1208104767787832,2.0057725860378803,2.0155733774998326,0.43971797420605346,0.5,1.0,2.4677030488581195,3.782287396570836,True
D1,96,50,Combination,h1_12,1,ARIMA,8.255850315093994,4.930356979370117,0.9716845798627063,0.937018754459568,1.5207395587761228,1.5305255726322373,0.38553788397986527,0.75,1.0,2.9391515335220255,4.445409447237971,True
D1,96,51,Combination,h1,1,ARIMA,8.255850315093994,4.930356979370117,0.7270366860133287,0.5731887627342133,1.1247241396013432,1.1184344882637784,0.2436951565005936,1.0,1.0,2.0747402496654552,3.194057531075377,True
D1,96,51,Combination,h1_6,1,ARIMA,8.255850315093994,4.930356979370117,0.6371995258640551,0.5712275408235538,0.9924187183210885,0.9943914306782156,0.2864720753131557,1.0,1.0,3.02934879661076,4.678638909033274,True
D1,96,51,Combination,h1_12,1,ARIMA,8.255850315093994,4.930356979370117,0.5565130789492544,0.5239465851071541,0.8670416105389186,0.869241922082971,0.32929601692577,1.0,1.0,3.8515382213875116,5.8527131822090785,True
D1,96,52,Combination,h1,1,ARIMA,8.255850315093994,4.930356979370117,0.831993629280782,0.6532440788777935,1.405208761589782,1.4151516792833188,0.28038932261398636,1.0,1.0,2.0731283001398526,3.191688306321416,True
D1,96,52,Combination,h1_6,1,ARIMA,8.255850315093994,4.930356979370117,1.4761587044363254,1.2622328906231308,2.512977035638254,2.5511755859718166,0.4866507869778861,0.5,1.0,2.973186921398237,4.592794293724519,True
D1,96,52,Combination,h1_12,1,ARIMA,8.255850315093994,4.930356979370117,1.669498673636441,1.4287326010331256,2.8478533615233528,2.897146685210928,0.560838821069308,0.5,1.0,3.738275936959766,5.680164488667493,True
D1,96,53,Combination,h1,1,ARIMA,8.255850315093994,4.930356979370117,0.28452415148881083,0.23705033921470645,0.519370714776804,0.5180254784616977,0.15995261903861477,1.0,1.0,1.948261649360352,2.9993368586947877,True
D1,96,53,Combination,h1_6,1,ARIMA,8.255850315093994,4.930356979370117,1.0597231867982524,1.0945797261907015,1.9066691124997603,1.879321917685668,0.4061022508312109,0.6666666666666666,1.0,2.901688758258305,4.481546096051089,True
D1,96,53,Combination,h1_12,1,ARIMA,8.255850315093994,4.930356979370117,0.9669565581536759,1.0065910135821268,1.7429673189040227,1.7210266643271699,0.42642912668437083,0.8333333333333334,1.0,3.720516929234514,5.655375522232725,True
D1,96,54,Combination,h1,1,ARIMA,8.255850315093994,4.930356979370117,1.3892448435818265,1.0715815512931894,2.5640843510357025,2.597383908198927,0.4764947861585901,0.0,1.0,2.1304766432785143,3.280494366956116,True
D1,96,54,Combination,h1_6,1,ARIMA,8.255850315093994,4.930356979370117,0.7687878797534038,0.6577325004478017,1.3972202148563053,1.3971318093786502,0.34916573268616224,0.8333333333333334,1.0,3.332304895037033,5.1503979364252475,True
D1,96,54,Combination,h1_12,1,ARIMA,8.255850315093994,4.930356979370117,1.0085546214491514,0.9542027742607964,1.8148398412712503,1.798866390605243,0.453022486093299,0.8333333333333334,1.0,4.272145467083968,6.510249930788215,True
D1,96,55,Combination,h1,1,ARIMA,8.255850315093994,4.930356979370117,1.1522111092580416,0.9255137522031104,1.850433757854753,1.8677141645553366,0.3891961897379617,0.0,1.0,1.9644963930977721,3.0245183544293317,True
D1,96,55,Combination,h1_6,1,ARIMA,8.255850315093994,4.930356979370117,0.8207378298090322,0.7761915571813904,1.303111667518834,1.3014121023883207,0.3307559384692201,0.8333333333333334,1.0,2.7857207994254565,4.298935686930644,True
D1,96,55,Combination,h1_12,1,ARIMA,8.255850315093994,4.930356979370117,0.8907081146814543,0.881578319547315,1.405974364572664,1.3962011107425072,0.39100814203312423,0.8333333333333334,1.0,3.503515208634362,5.322634883998998,True
D1,96,56,Combination,h1,1,ARIMA,8.255850315093994,4.930356979370117,0.6866984106537645,0.5747462396437374,1.2101255599278051,1.202847576940043,0.2306236899856692,1.0,1.0,1.980575366254772,3.0488329689681213,True
D1,96,56,Combination,h1_6,1,ARIMA,8.255850315093994,4.930356979370117,0.7731970941332368,0.7632898793472188,1.3544998760899345,1.3427550345156212,0.3197675065421271,1.0,1.0,3.048940950138529,4.701541785548271,True
D1,96,56,Combination,h1_12,1,ARIMA,8.255850315093994,4.930356979370117,1.123776295777922,1.1988219814488543,2.0003779142994564,2.0177319843642296,0.4658295986503349,0.8333333333333334,1.0,3.972588255966016,6.041483834648281,True
D1,96,57,Combination,h1,1,ARIMA,8.255850315093994,4.930356979370117,0.003074285143743115,0.0025515729500551164,0.006195534299180061,0.00619572622835184,0.14398309216429575,1.0,1.0,1.9438179589991809,2.992383727396696,True
D1,96,57,Combination,h1_6,1,ARIMA,8.255850315093994,4.930356979370117,1.021059563357163,1.1201608864908184,2.0136728886185544,1.9792910989933366,0.41189728315174956,0.6666666666666666,0.8333333333333334,2.7308495860762294,4.191918003668353,True
D1,96,57,Combination,h1_12,1,ARIMA,8.255850315093994,4.930356979370117,1.088810994889711,1.0649980425724679,2.15117748985168,2.1198058073062427,0.4291463955356571,0.8333333333333334,0.9166666666666666,3.3696714210411334,5.121418022898526,True
D1,96,58,Combination,h1,1,ARIMA,8.255850315093994,4.930356979370117,0.028803569552123813,0.02311646432804802,0.04545417196150688,0.045443843900030756,0.15379881939622558,1.0,1.0,2.05684459851863,3.1669597112302035,True
D1,96,58,Combination,h1_6,1,ARIMA,8.255850315093994,4.930356979370117,1.0076305064140707,1.0540960303960514,1.6018537148902885,1.6095658212690354,0.4098671361528447,0.8333333333333334,1.0,3.2325670884303257,4.999819208068422,True
D1,96,58,Combination,h1_12,1,ARIMA,8.255850315093994,4.930356979370117,1.2186895642390536,1.2776933216480795,1.9286569655766164,1.9284083274227253,0.5109211480709657,0.8333333333333334,1.0,4.1722067447391264,6.355444575530084,True
D1,96,59,Combination,h1,1,ARIMA,8.255850315093994,4.930356979370117,0.602520130166947,0.4891284434895106,1.0169338253798974,1.022131023438421,0.21468297373502782,1.0,1.0,1.9689529356132356,3.030572086826293,True
D1,96,59,Combination,h1_6,1,ARIMA,8.255850315093994,4.930356979370117,0.7482537999034594,0.6815631233722007,1.266739470941835,1.2769713817979007,0.3044192411378552,0.8333333333333334,1.0,2.8124146949343887,4.326909868172371,True
D1,96,59,Combination,h1_12,1,ARIMA,8.255850315093994,4.930356979370117,1.1756155712986156,1.1387394878199268,1.9987321462217187,2.0237398438117467,0.44394486723770626,0.75,0.9166666666666666,3.5082593110877665,5.329337878150225,True
D1,96,60,Combination,h1,1,ARIMA,8.255850315093994,4.930356979370117,0.24290312079038517,0.1967584806182354,0.45063598450844594,0.4516536414252484,0.1640620505408906,1.0,1.0,2.0349410171194533,3.132986383320712,True
D1,96,60,Combination,h1_6,1,ARIMA,8.255850315093994,4.930356979370117,1.0597088094452085,1.1764569281412711,1.9314042209112716,1.9067741311900854,0.44133199694434044,0.8333333333333334,1.0,3.3805842107667625,5.228803764885055,True
D1,96,60,Combination,h1_12,1,ARIMA,8.255850315093994,4.930356979370117,1.1344965480836744,1.151400087139834,2.0657421498696595,2.0377435804347535,0.49299268408029245,0.9166666666666666,1.0,4.39429812849517,6.678440968506339,True
D1,96,61,Combination,h1,1,ARIMA,8.255850315093994,4.930356979370117,0.12155222633631588,0.09326930521979064,0.1958015811686915,0.19561007735649688,0.16351842832023666,1.0,1.0,2.1182354807614803,3.2620685043433273,True
D1,96,61,Combination,h1_6,1,ARIMA,8.255850315093994,4.930356979370117,0.3117061775772282,0.34276953961727585,0.5015647264394081,0.5038106603921575,0.2800911036605731,1.0,1.0,3.441749357370518,5.327252917079936,True
D1,96,61,Combination,h1_12,1,ARIMA,8.255850315093994,4.930356979370117,0.5639328146326545,0.6221278814109756,0.9087020116468596,0.9143741083671575,0.3860737345519741,1.0,1.0,4.515634113074499,6.862361028420832,True
D1,96,62,Combination,h1,1,ARIMA,8.255850315093994,4.930356979370117,1.147853805724854,0.9281249915253841,2.283258250410684,2.3096256090467633,0.3862059952343217,0.0,1.0,2.00919743819976,3.093543564587903,True
D1,96,62,Combination,h1_6,1,ARIMA,8.255850315093994,4.930356979370117,0.982800176824124,0.8984730528149819,1.9213445671281348,1.9112887919285801,0.3905697648707626,0.6666666666666666,1.0,3.210716642475009,4.96957041168853,True
D1,96,62,Combination,h1_12,1,ARIMA,8.255850315093994,4.930356979370117,1.2839401310124974,1.2311613581763474,2.549089997948914,2.5770791205853993,0.5032849631880573,0.75,1.0,4.162998277339984,6.326324761215435,True
D1,96,63,Combination,h1,1,ARIMA,8.255850315093994,4.930356979370117,1.1262015496852407,0.8995272683134508,1.6950201457156242,1.7095084016156674,0.3763840752029871,0.0,1.0,2.051577351213453,3.158180564258235,True
D1,96,63,Combination,h1_6,1,ARIMA,8.255850315093994,4.930356979370117,1.349537210916315,1.2805730315029822,2.039580062778973,2.0694593358543045,0.5019062172156904,0.5,0.8333333333333334,2.929754408237448,4.511571700052152,True
D1,96,63,Combination,h1_12,1,ARIMA,8.255850315093994,4.930356979370117,1.975387568172714,1.7834065916077921,2.9977289919192946,3.0566439621378687,0.6751100640118448,0.5,0.8333333333333334,3.7262557340908478,5.660077645490543,True
D1,96,64,Combination,h1,1,ARIMA,8.255850315093994,4.930356979370117,1.6861313962670066,1.3729682129869898,3.474923461660274,3.536366475839899,0.6182821844496901,0.0,0.0,1.9547160159705252,3.009796370040417,True
D1,96,64,Combination,h1_6,1,ARIMA,8.255850315093994,4.930356979370117,0.8371679666093971,0.767534191098438,1.7120581253844913,1.7262972159821877,0.32727192208180866,0.8333333333333334,0.8333333333333334,2.5755710940360053,3.949919267790031,True
D1,96,64,Combination,h1_12,1,ARIMA,8.255850315093994,4.930356979370117,0.6449430911641465,0.6355463393812302,1.3134997143736322,1.318315706316957,0.31635995179008664,0.9166666666666666,0.9166666666666666,3.117390422713805,4.734356097628611,True
D1,96,65,Combination,h1,1,ARIMA,8.255850315093994,4.930356979370117,0.35748112160348255,0.2776536332728345,0.578319571350128,0.5799966885316085,0.18080919516152716,1.0,1.0,2.0869371348056722,3.2135084972550567,True
D1,96,65,Combination,h1_6,1,ARIMA,8.255850315093994,4.930356979370117,1.7054235630479713,1.597227400980106,2.8001330063748653,2.858543720985174,0.5994093718402247,0.5,1.0,3.3841985642315127,5.237489947841237,True
D1,96,65,Combination,h1_12,1,ARIMA,8.255850315093994,4.930356979370117,1.427581172521108,1.321441431221131,2.3330239749943376,2.370126803379308,0.5504622347586747,0.75,1.0,4.432777070750868,6.736528548278852,True
D1,96,66,Combination,h1,1,ARIMA,8.255850315093994,4.930356979370117,0.4895604127835094,0.38779774677283146,0.9362844188684744,0.9406881772855054,0.20164207910510099,1.0,1.0,2.0664448262481945,3.182068946597472,True
D1,96,66,Combination,h1_6,1,ARIMA,8.255850315093994,4.930356979370117,0.9572695883475655,1.0137807269509302,1.8203390560490684,1.8291991349466654,0.39061830226906724,0.6666666666666666,1.0,3.16719704066278,4.895382806624658,True
D1,96,66,Combination,h1_12,1,ARIMA,8.255850315093994,4.930356979370117,1.2914596501819746,1.31643412665308,2.482989045179076,2.5251325230783497,0.5053046636083844,0.6666666666666666,1.0,4.053776920293208,6.176433580450922,True
D1,96,67,Combination,h1,1,ARIMA,8.255850315093994,4.930356979370117,1.6547335561853784,1.3238678093928347,2.6707063609893393,2.6355129549234206,0.5756714777975454,0.0,0.0,2.0422316766077673,3.144060359832187,True
D1,96,67,Combination,h1_6,1,ARIMA,8.255850315093994,4.930356979370117,1.8208988388137248,1.5618286597550646,2.9495458348155323,2.9165770714886174,0.6417617776581093,0.3333333333333333,0.6666666666666666,3.12119201789643,4.818483327646947,True
D1,96,67,Combination,h1_12,1,ARIMA,8.255850315093994,4.930356979370117,1.5237524472727433,1.3511385121094195,2.4802981752906694,2.463099438399685,0.5742123772440115,0.6666666666666666,0.8333333333333334,3.99013238985115,6.075883300526975,True
D1,96,68,Combination,h1,1,ARIMA,8.255850315093994,4.930356979370117,0.09914289653181414,0.08257938963963952,0.18660856253915292,0.18678283892454636,0.148706135275843,1.0,1.0,1.9350964007423892,2.979705510959883,True
D1,96,68,Combination,h1_6,1,ARIMA,8.255850315093994,4.930356979370117,1.3877549782604786,1.360783205170425,2.6774669090170584,2.726081868910621,0.5077218008022562,0.5,0.8333333333333334,2.5160964569156823,3.8558766101738855,True
D1,96,68,Combination,h1_12,1,ARIMA,8.255850315093994,4.930356979370117,0.963386099154306,1.0222586257075534,1.8527435899262004,1.8799429759025068,0.40086681202850055,0.75,0.9166666666666666,3.015449904165952,4.570331224298169,True
D1,96,69,Combination,h1,1,ARIMA,8.255850315093994,4.930356979370117,1.7901193226002825,1.4023161786372982,2.9603818814783085,2.9172017258097855,0.6365896588390111,0.0,0.0,2.095692172679082,3.226983182682429,True
D1,96,69,Combination,h1_6,1,ARIMA,8.255850315093994,4.930356979370117,1.0839476751464847,0.9395587840939839,1.8208774989344128,1.8266647441002992,0.41140453434986185,0.8333333333333334,0.8333333333333334,3.37287506572054,5.218157434515749,True
D1,96,69,Combination,h1_12,1,ARIMA,8.255850315093994,4.930356979370117,0.9785973548382575,0.8634431506539116,1.6466658378525618,1.6563954780572334,0.43733128774182567,0.9166666666666666,0.9166666666666666,4.377764619145052,6.6598441764629355,True
D1,96,70,Combination,h1,1,ARIMA,8.255850315093994,4.930356979370117,0.16926215580451764,0.13516961834842683,0.2885098663960188,0.2880942761903531,0.1582143723196908,1.0,1.0,2.0114562906302256,3.0963736705753706,True
D1,96,70,Combination,h1_6,1,ARIMA,8.255850315093994,4.930356979370117,1.602907616233884,1.6319188975169,2.796330629256988,2.862148249082485,0.6188374840208959,0.6666666666666666,0.6666666666666666,2.638675100054833,4.04495963845383,True
D1,96,70,Combination,h1_12,1,ARIMA,8.255850315093994,4.930356979370117,1.8665439438332145,1.8029254727403616,3.2593730239417305,3.340065083731399,0.7061146293681819,0.6666666666666666,0.6666666666666666,3.244788389027232,4.913264450231428,True
D1,96,71,Combination,h1,1,ARIMA,8.255850315093994,4.930356979370117,0.7362574541702221,0.6133089491457894,1.4404967931476407,1.4509472172147624,0.25066399339629153,1.0,1.0,1.9379257809520904,2.9842974718363533,True
D1,96,71,Combination,h1_6,1,ARIMA,8.255850315093994,4.930356979370117,1.0737561944978435,1.0151712644364352,2.1118574408068396,2.140595480876138,0.4007168113300952,0.6666666666666666,1.0,2.8043401233468055,4.334990007115354,True
D1,96,71,Combination,h1_12,1,ARIMA,8.255850315093994,4.930356979370117,1.323417361449985,1.3500532454496328,2.6180373320180093,2.6708208819641204,0.4955610602282566,0.6666666666666666,1.0,3.5665975031305077,5.423684067804369,True
D1,96,72,Combination,h1,1,ARIMA,8.255850315093994,4.930356979370117,0.06430560299800281,0.05274439704345416,0.12037041912490534,0.12044290794145301,0.14875091829425785,1.0,1.0,1.9619747348527052,3.020883026806349,True
D1,96,72,Combination,h1_6,1,ARIMA,8.255850315093994,4.930356979370117,0.9882576937314959,0.9390700219887784,1.8299943526242086,1.8141305515921535,0.36482744850526044,0.6666666666666666,1.0,2.7665037034008932,4.267570507739819,True
D1,96,72,Combination,h1_12,1,ARIMA,8.255850315093994,4.930356979370117,0.9099368578840473,0.8596118223212273,1.6883539408836776,1.677394212367775,0.3785663820633537,0.8333333333333334,1.0,3.45540980017825,5.24907349357573,True
D1,96,73,Combination,h1,1,ARIMA,8.255850315093994,4.930356979370117,1.6139936938578703,1.2873417091496426,2.9196550446239455,2.962908396862233,0.5732746140972289,0.0,0.0,2.0321837906856257,3.1289217361501596,True
D1,96,73,Combination,h1_6,1,ARIMA,8.255850315093994,4.930356979370117,2.293910448130638,1.9239573068250788,4.201557977515418,4.302149360461171,0.8238506283215044,0.16666666666666666,0.3333333333333333,2.8694153871755574,4.428806984481045,True
D1,96,73,Combination,h1_12,1,ARIMA,8.255850315093994,4.930356979370117,1.6071617358813475,1.4907323850358445,2.935561061099177,2.995604936917729,0.6183876384601611,0.5833333333333334,0.6666666666666666,3.5996157340741055,5.468502865883921,True
D1,96,74,Combination,h1,1,ARIMA,8.255850315093994,4.930356979370117,2.185367245673477,1.7571461959651686,3.558337577512659,3.622793183107703,0.8634792481606893,0.0,0.0,1.99161410919116,3.0656720335736183,True
D1,96,74,Combination,h1_6,1,ARIMA,8.255850315093994,4.930356979370117,1.1697041488353834,1.2681885848813539,1.8976408922708323,1.9229844483116463,0.5254373210447694,0.6666666666666666,0.6666666666666666,2.7505518351441767,4.214332304649628,True
D1,96,74,Combination,h1_12,1,ARIMA,8.255850315093994,4.930356979370117,0.8059577145190892,0.9421381823393832,1.3044804719995702,1.317795353673197,0.4217579581095715,0.8333333333333334,0.8333333333333334,3.3550291213833123,5.0954580272575996,True
D1,96,75,Combination,h1,1,ARIMA,8.255850315093994,4.930356979370117,0.09044717801427396,0.07008859451666186,0.138333907587471,0.13842965516309447,0.16110650641304483,1.0,1.0,2.1098550681186956,3.247629840588428,True
D1,96,75,Combination,h1_6,1,ARIMA,8.255850315093994,4.930356979370117,0.7215142251655386,0.7248192406670131,1.11161624919075,1.1194460912499455,0.32675943292105303,0.8333333333333334,1.0,3.0595393817092376,4.695788893412727,True
D1,96,75,Combination,h1_12,1,ARIMA,8.255850315093994,4.930356979370117,0.7322057078346277,0.7697491465087886,1.1180252466641576,1.1160245407501006,0.3832165005816395,0.9166666666666666,1.0,3.90129063009313,5.927512639624046,True
D1,96,76,Combination,h1,1,ARIMA,8.255850315093994,4.930356979370117,0.08607401358002674,0.06858527016006027,0.13639046616656822,0.13629751775664734,0.15731964100774354,1.0,1.0,2.0612981747125474,3.1740454617044516,True
D1,96,76,Combination,h1_6,1,ARIMA,8.255850315093994,4.930356979370117,1.6932929510428993,1.6001770496423808,2.651911301013796,2.631116561208095,0.6233477854958935,0.6666666666666666,0.6666666666666666,3.437738069388405,5.318020670185954,True
D1,96,76,Combination,h1_12,1,ARIMA,8.255850315093994,4.930356979370117,1.3077350394339349,1.3275559935032248,2.043779545839226,2.0243615717326118,0.5766227529448692,0.8333333333333334,0.8333333333333334,4.477523250727519,6.80482402005526,True
D1,96,77,Combination,h1,1,ARIMA,8.255850315093994,4.930356979370117,0.9760135141333776,0.7737803224201861,1.7993479519467308,1.815683181012425,0.3198926585224061,0.0,1.0,1.9941873249249458,3.0707294339385807,True
D1,96,77,Combination,h1_6,1,ARIMA,8.255850315093994,4.930356979370117,1.3952234082890804,1.5982227089922996,2.6091273065880176,2.6838229807668688,0.6155832689954578,0.5,0.8333333333333334,2.8406792342594276,4.3868389557263665,True
D1,96,77,Combination,h1_12,1,ARIMA,8.255850315093994,4.930356979370117,1.4594573356456852,1.5468480363609873,2.6562927034835324,2.6668982659512865,0.6164216159837698,0.5833333333333334,0.8333333333333334,3.5599403383551467,5.408684961980439,True
D1,96,78,Combination,h1,1,ARIMA,8.255850315093994,4.930356979370117,0.044917565094322466,0.036038825895459835,0.0832258808166069,0.0832605279704949,0.1525525092343518,1.0,1.0,2.028072290394259,3.122358454787395,True
D1,96,78,Combination,h1_6,1,ARIMA,8.255850315093994,4.930356979370117,0.16897377906712424,0.19801603559423495,0.31213552457449495,0.3111151093240893,0.2467540552833018,1.0,1.0,3.174309944250383,4.896396619507299,True
D1,96,78,Combination,h1_12,1,ARIMA,8.255850315093994,4.930356979370117,0.6150034736410522,0.737895982656912,1.1297023488743145,1.1199776972909246,0.37165543286705055,1.0,1.0,4.068476339734904,6.1921597405248985,True
D1,96,79,Combination,h1,1,ARIMA,8.255850315093994,4.930356979370117,0.28498915781418144,0.2369475671691401,0.5058096378164578,0.5070920981690301,0.15753352362782772,1.0,1.0,1.8957568643524896,2.9181355723755225,True
D1,96,79,Combination,h1_6,1,ARIMA,8.255850315093994,4.930356979370117,1.0234784038146665,1.0830523383959034,1.7862340505605767,1.7623445695167315,0.4043252535081262,0.5,0.8333333333333334,2.24295475127259,3.3994755311346587,True
D1,96,79,Combination,h1_12,1,ARIMA,8.255850315093994,4.930356979370117,0.8933637545861899,0.8925355791224084,1.5695848554942227,1.5588253487600978,0.3468358102584373,0.75,0.9166666666666666,2.5500729395364674,3.8611889274630156,True
D1,96,80,Combination,h1,1,ARIMA,8.255850315093994,4.930356979370117,0.0031243634986329954,0.0026219209414703702,0.005202373529913156,0.005202508856884987,0.14197283957447723,1.0,1.0,1.9164830875557697,2.950527292295316,True
D1,96,80,Combination,h1_6,1,ARIMA,8.255850315093994,4.930356979370117,1.6915345888829096,1.6422798112473156,2.7580499200781263,2.708178265017817,0.6300224597049776,0.3333333333333333,0.6666666666666666,2.7333900667807467,4.1871660763775695,True
D1,96,80,Combination,h1_12,1,ARIMA,8.255850315093994,4.930356979370117,1.9033489594097464,1.7819693503506182,3.099191113188733,3.040821631706982,0.6904688313406462,0.3333333333333333,0.75,3.3890119443338103,5.152195109598271,True
D1,96,81,Combination,h1,1,ARIMA,8.255850315093994,4.930356979370117,1.3167540031141778,1.052814050427591,2.002562089306946,1.9827095939719788,0.4361351442081945,0.0,1.0,2.0395762682013325,3.1399064601420243,True
D1,96,81,Combination,h1_6,1,ARIMA,8.255850315093994,4.930356979370117,1.6054603164535441,1.6158278916360695,2.4274426123286634,2.3855285077829307,0.6341438012347157,0.5,0.8333333333333334,2.9893722936677687,4.6121506232445,True
D1,96,81,Combination,h1_12,1,ARIMA,8.255850315093994,4.930356979370117,1.418436472438116,1.3610317931198839,2.174784781860577,2.1643904631419812,0.5508480358232529,0.75,0.9166666666666666,3.754167443317131,5.704266503320792,True
D1,96,82,Combination,h1,1,ARIMA,8.255850315093994,4.930356979370117,1.0695378657251768,0.8748459099424535,1.5706530194551913,1.5584143782116884,0.3393256900912513,0.0,1.0,2.06183601696698,3.1734421488681077,True
D1,96,82,Combination,h1_6,1,ARIMA,8.255850315093994,4.930356979370117,0.7424289260990354,0.6716037589483083,1.0922008008671193,1.085426853961707,0.33812090829961283,0.8333333333333334,1.0,3.4002285185244556,5.243362598217562,True
D1,96,82,Combination,h1_12,1,ARIMA,8.255850315093994,4.930356979370117,2.1115215985148237,2.1158507755762805,3.1951557546173635,3.2677475587837614,0.7444274384729735,0.5833333333333334,0.9166666666666666,4.595377194547292,6.986628677501733,True
D1,96,83,Combination,h1,1,ARIMA,8.255850315093994,4.930356979370117,0.7303421410099057,0.6115419584520101,1.2635313410122904,1.2715646499489595,0.24632740635138795,1.0,1.0,1.8309037171066822,2.8181492693179973,True
D1,96,83,Combination,h1_6,1,ARIMA,8.255850315093994,4.930356979370117,1.1423466056172598,1.1901372824887388,2.008020966847493,2.0400952919379756,0.43059755108662495,0.6666666666666666,0.6666666666666666,2.210058918146958,3.361554507085946,True
D1,96,83,Combination,h1_12,1,ARIMA,8.255850315093994,4.930356979370117,2.0838001827881523,2.107550610732994,3.708857696347968,3.811776223062844,0.8185391754739677,0.4166666666666667,0.4166666666666667,2.540230558111242,3.8382903383948546,True
D1,96,84,Combination,h1,1,ARIMA,8.255850315093994,4.930356979370117,1.8890980571814004,1.4916059788138285,3.2903583663443805,3.3453961270207757,0.7126889414104053,0.0,0.0,2.0154005271919555,3.102712161559286,True
D1,96,84,Combination,h1_6,1,ARIMA,8.255850315093994,4.930356979370117,1.838697263981678,1.5968890093372559,3.2109504700107068,3.2746140527891994,0.644632874721648,0.16666666666666666,0.6666666666666666,3.07090808444423,4.7360853747673595,True
D1,96,84,Combination,h1_12,1,ARIMA,8.255850315093994,4.930356979370117,1.4503133061809452,1.3094311063481592,2.5114111430549397,2.5417576318326285,0.5586234840757838,0.5833333333333334,0.8333333333333334,3.9603712437877854,6.022344057338755,True
D1,96,85,Combination,h1,1,ARIMA,8.255850315093994,4.930356979370117,0.7516122481752394,0.6053278679242652,1.273467504707887,1.2654102107900533,0.24819746689157346,1.0,1.0,1.9536725527929206,3.0066542105738576,True
D1,96,85,Combination,h1_6,1,ARIMA,8.255850315093994,4.930356979370117,3.2111111470728013,2.8722640488983764,5.670388606440242,5.875675147563932,1.3189468281735601,0.16666666666666666,0.16666666666666666,2.4767947592607045,3.7639871812916277,True
D1,96,85,Combination,h1_12,1,ARIMA,8.255850315093994,4.930356979370117,2.4630230556888795,2.3042352452813057,4.3221951764482265,4.4498344446023985,0.9675113942544361,0.3333333333333333,0.5,2.9554342613175244,4.451165291715488,True
D1,96,86,Combination,h1,1,ARIMA,8.255850315093994,4.930356979370117,1.9385357163793155,1.5096839809984293,3.205962357585679,3.2581905386900893,0.7276072788914383,0.0,0.0,2.1015506798029575,3.235932143890552,True
D1,96,86,Combination,h1_6,1,ARIMA,8.255850315093994,4.930356979370117,1.6613900607553256,1.4299061576688832,2.7230350894702027,2.746971949792748,0.6286082786095002,0.3333333333333333,0.6666666666666666,3.2828619687638954,5.075954154033274,True
D1,96,86,Combination,h1_12,1,ARIMA,8.255850315093994,4.930356979370117,2.3932542565905863,2.017753726907386,3.833272482565992,3.784014932128585,0.85677789574127,0.3333333333333333,0.75,4.233719987797218,6.450633213973696,True
D1,96,87,Combination,h1,1,ARIMA,8.255850315093994,4.930356979370117,0.5799756996852722,0.44699077250885866,0.8610845404973193,0.8648079040808387,0.22094321679187653,1.0,1.0,2.1401512541923564,3.2950059988415505,True
D1,96,87,Combination,h1_6,1,ARIMA,8.255850315093994,4.930356979370117,1.020674505592508,0.8451837423647327,1.5125054641820947,1.5166474189623906,0.36074180911050646,1.0,1.0,3.2266164260593073,4.983383459932435,True
D1,96,87,Combination,h1_12,1,ARIMA,8.255850315093994,4.930356979370117,0.9516289985217973,0.8125230854930293,1.4123618837260912,1.41854512710717,0.40409331602115905,1.0,1.0,4.1036390669034555,6.240845197280835,True
D1,96,88,Combination,h1,1,ARIMA,8.255850315093994,4.930356979370117,0.4033491947929953,0.3136210105525602,0.7305876512822942,0.7332662275369985,0.18389716525104394,1.0,1.0,2.008148300399412,3.0924135033470104,True
D1,96,88,Combination,h1_6,1,ARIMA,8.255850315093994,4.930356979370117,1.1255996968686457,0.9919017353861351,2.022047622502964,2.032677314024268,0.3980337699760355,0.5,1.0,2.621648819781093,4.021729923383983,True
D1,96,88,Combination,h1_12,1,ARIMA,8.255850315093994,4.930356979370117,1.496350096064726,1.4038896501172937,2.6367294677240993,2.6063006923866534,0.5596244543380803,0.5,0.8333333333333334,3.1599310880728493,4.796791631050735,True
D1,96,89,Combination,h1,1,ARIMA,8.255850315093994,4.930356979370117,0.0008108489382611594,0.0006516160083967719,0.0014867831739844687,0.001486794226687666,0.15092212113991244,1.0,1.0,2.0390204563423016,3.139454149560888,True
D1,96,89,Combination,h1_6,1,ARIMA,8.255850315093994,4.930356979370117,0.9406112948033604,0.9200744608701189,1.7375363723148698,1.7602451116469493,0.37964683460066456,0.8333333333333334,1.0,3.335051702131232,5.160074140159726,True
D1,96,89,Combination,h1_12,1,ARIMA,8.255850315093994,4.930356979370117,1.268210395075454,1.2552353613436034,2.2921754378399632,2.2759689943598542,0.5123242589369024,0.75,1.0,4.338416515182588,6.593251971160247,True
D1,96,90,Combination,h1,1,ARIMA,8.255850315093994,4.930356979370117,1.3040254142709837,1.0470480265007756,2.8179265013200596,2.858197453065047,0.4482584971622359,0.0,1.0,1.9626265252944157,3.02148351208631,True
D1,96,90,Combination,h1_6,1,ARIMA,8.255850315093994,4.930356979370117,0.8673670544276961,0.7511182105677624,1.842697279500694,1.8457332200741003,0.3191783178625316,0.8333333333333334,1.0,2.5564487014302095,3.9239501573452484,True
D1,96,90,Combination,h1_12,1,ARIMA,8.255850315093994,4.930356979370117,1.1346483402130363,1.0358997001858479,2.3838001753295495,2.366684852970847,0.4149707237917927,0.75,1.0,3.0771655343496302,4.674723423598921,True
D1,96,91,Combination,h1,1,ARIMA,8.255850315093994,4.930356979370117,1.3661289521373747,1.0768368740111762,2.072928060372355,2.094638232211758,0.4693665610687044,0.0,1.0,2.0628226516394217,3.175560711074297,True
D1,96,91,Combination,h1_6,1,ARIMA,8.255850315093994,4.930356979370117,1.0930379970156145,0.9340360176179215,1.644635283470856,1.6494058899442678,0.40799742394076893,0.6666666666666666,1.0,2.9888926533160074,4.605104631127019,True
D1,96,91,Combination,h1_12,1,ARIMA,8.255850315093994,4.930356979370117,0.9876982900975484,0.9023462415742208,1.488379916502552,1.495715740569102,0.41795712149543374,0.8333333333333334,1.0,3.746496557773337,5.690951514189031,True
D1,96,92,Combination,h1,1,ARIMA,8.255850315093994,4.930356979370117,0.6232937477189855,0.49099397506681514,1.0555715163565582,1.0611722322682127,0.2235115499774655,1.0,1.0,2.058567475626828,3.170368285302253,True
D1,96,92,Combination,h1_6,1,ARIMA,8.255850315093994,4.930356979370117,0.6751667808876455,0.5756683253149115,1.13986476691897,1.140427293228142,0.3083479606169741,1.0,1.0,3.2427699695388674,5.01984211686006,True
D1,96,92,Combination,h1_12,1,ARIMA,8.255850315093994,4.930356979370117,1.2774506290508487,1.2358272731828523,2.189335266811218,2.22305632790357,0.4877073537145398,0.9166666666666666,1.0,4.212599977154528,6.408359214670477,True
D1,96,93,Combination,h1,1,ARIMA,8.255850315093994,4.930356979370117,0.03697374092262818,0.02949172037613241,0.05776884839789694,0.05778553941822816,0.15569737515866508,1.0,1.0,2.0766061531491435,3.1969643140873285,True
D1,96,93,Combination,h1_6,1,ARIMA,8.255850315093994,4.930356979370117,1.1108583219920785,1.1525795042645013,1.772370542309016,1.7993383445427997,0.45007647253812133,0.8333333333333334,0.8333333333333334,3.020192121437632,4.667300773783246,True
D1,96,93,Combination,h1_12,1,ARIMA,8.255850315093994,4.930356979370117,2.4564699169949824,2.3773824301962017,3.9862751534488705,4.108447620139407,0.9153926473478782,0.5,0.6666666666666666,3.818975169086761,5.804136793204401,True
D1,96,94,Combination,h1,1,ARIMA,8.255850315093994,4.930356979370117,0.8741517807411433,0.7290527860576352,1.6789446660636544,1.6649677226778639,0.27882075664287104,1.0,1.0,1.7858596195887808,2.7486663241873663,True
D1,96,94,Combination,h1_6,1,ARIMA,8.255850315093994,4.930356979370117,1.096336182607869,1.0357594576319817,2.147941146074746,2.17307433239975,0.38046934945298516,0.5,0.8333333333333334,2.1209298979798845,3.215493343561563,True
D1,96,94,Combination,h1_12,1,ARIMA,8.255850315093994,4.930356979370117,0.7969189125315262,0.840232158310122,1.5605255540003882,1.5777697165644466,0.32579420212120125,0.75,0.9166666666666666,2.487124405745512,3.7568524392852143,True
D1,96,95,Combination,h1,1,ARIMA,8.255850315093994,4.930356979370117,0.12314871115071166,0.09942653476781917,0.21673434063311067,0.21649972600629452,0.1568279286134622,1.0,1.0,2.0269500783426873,3.1209236169140593,True
D1,96,95,Combination,h1_6,1,ARIMA,8.255850315093994,4.930356979370117,0.6108511135111839,0.67944132719635,1.0820054598912539,1.093227586912765,0.3108156956781274,0.8333333333333334,1.0,3.075776445931207,4.744417446748085,True
D1,96,95,Combination,h1_12,1,ARIMA,8.255850315093994,4.930356979370117,1.316218982022232,1.3111413578704518,2.2740432590521262,2.246927633954392,0.5117382624452115,0.75,1.0,3.931900898753187,5.9795845882643235,True
D1,96,96,Combination,h1,1,ARIMA,8.255850315093994,4.930356979370117,0.9814664322210864,0.7675054504370254,1.814553202569026,1.7982382080718322,0.31416459197044444,1.0,1.0,2.0678288174010624,3.184024864074391,True
D1,96,96,Combination,h1_6,1,ARIMA,8.255850315093994,4.930356979370117,1.6161845657599236,1.3530617997804313,2.9547561600262156,2.9058011147847065,0.5585527739858921,0.5,0.8333333333333334,2.9665174946775084,4.586197184646788,True
D1,96,96,Combination,h1_12,1,ARIMA,8.255850315093994,4.930356979370117,1.645040355835627,1.3521237504039367,3.005645553470865,2.9567570647691563,0.5735388509960837,0.6666666666666666,0.9166666666666666,3.738140180910901,5.680579817060692,True
D1,96,97,Combination,h1,1,ARIMA,8.255850315093994,4.930356979370117,0.17989713724356848,0.13998215860525504,0.30625396568703467,0.30578572523202074,0.16504701675164957,1.0,1.0,2.095573427676192,3.2263092768432133,True
D1,96,97,Combination,h1_6,1,ARIMA,8.255850315093994,4.930356979370117,2.1551307678573033,1.9774072841423613,3.7823444618889637,3.885756684436143,0.7905184256774886,0.3333333333333333,0.6666666666666666,3.11633631202666,4.813884616584968,True
D1,96,97,Combination,h1_12,1,ARIMA,8.255850315093994,4.930356979370117,1.7179339299197853,1.583073464588692,2.9894857392324203,3.0430523956168636,0.6442674931187335,0.6666666666666666,0.8333333333333334,3.9611621544699176,6.023829152020376,True
D1,96,98,Combination,h1,1,ARIMA,8.255850315093994,4.930356979370117,0.6962992143582076,0.5481189267113149,1.1315095541360256,1.1379475467422482,0.24295362390610997,1.0,1.0,2.0834194937051684,3.207644042816373,True
D1,96,98,Combination,h1_6,1,ARIMA,8.255850315093994,4.930356979370117,1.1634485660158278,1.107510632439156,1.914307200687188,1.9418118069578443,0.41829797477888125,0.8333333333333334,1.0,3.09083480613249,4.774339015554193,True
D1,96,98,Combination,h1_12,1,ARIMA,8.255850315093994,4.930356979370117,2.5701868137865063,2.3781236854442716,4.300296549346268,4.433516222908237,0.9193641676242429,0.4166666666666667,0.6666666666666666,3.9433138232627627,5.9977587395232055,True
D1,96,99,Combination,h1,1,ARIMA,8.255850315093994,4.930356979370117,0.8153396646695469,0.6251090114751039,1.1673381946549168,1.1605643392521,0.26900430997965963,1.0,1.0,2.1152701494781088,3.256775561461646,True
D1,96,99,Combination,h1_6,1,ARIMA,8.255850315093994,4.930356979370117,1.8990131707306197,1.792053529454137,2.6933934591235875,2.6437188844298123,0.7548645288188961,0.6666666666666666,0.6666666666666666,3.376185823287934,5.223146124613151,True
D1,96,99,Combination,h1_12,1,ARIMA,8.255850315093994,4.930356979370117,1.6224881117641514,1.5579377746063272,2.305853648192975,2.2672255206649488,0.6764137480469369,0.75,0.8333333333333334,4.412752886306192,6.7131221956033444,True
D1,96,100,Combination,h1,1,ARIMA,8.255850315093994,4.930356979370117,0.9542465252430468,0.7537523190297516,1.5556611925471964,1.5436541780496702,0.3064077818144628,1.0,1.0,2.0542729696276987,3.162450969267196,True
D1,96,100,Combination,h1_6,1,ARIMA,8.255850315093994,4.930356979370117,0.7494340967469472,0.7187485045394486,1.2321731338894804,1.234503976358787,0.31949136407820167,0.8333333333333334,1.0,2.943378414035302,4.528863271332871,True
D1,96,100,Combination,h1_12,1,ARIMA,8.255850315093994,4.930356979370117,0.951072547173397,0.9014019471945106,1.5612274169135856,1.5627265185377395,0.39163646650070455,0.8333333333333334,1.0,3.6577665410347753,5.5562526309737486,True
D1,96,101,Combination,h1,1,ARIMA,8.255850315093994,4.930356979370117,1.0909898001863598,0.8915951549392888,2.0389650594632833,2.0183879469617985,0.3505367846212804,0.0,1.0,1.9803658911602875,3.0487787414464873,True
D1,96,101,Combination,h1_6,1,ARIMA,8.255850315093994,4.930356979370117,0.8564721428167742,0.7959421838977622,1.6230126592228178,1.627673327094586,0.3345341764851468,0.8333333333333334,1.0,2.9048144167462335,4.487358833541613,True
D1,96,101,Combination,h1_12,1,ARIMA,8.255850315093994,4.930356979370117,1.018341986990864,1.006817715282838,1.9092380337134367,1.8939298669241913,0.4251712139619751,0.8333333333333334,1.0,3.683028155966772,5.602297910133827,True
D1,96,102,Combination,h1,1,ARIMA,8.255850315093994,4.930356979370117,0.4498748085374792,0.35743467490992853,0.7648121187584138,0.7618985724510374,0.18636198277563867,1.0,1.0,2.003518389534136,3.0843790322509537,True
D1,96,102,Combination,h1_6,1,ARIMA,8.255850315093994,4.930356979370117,0.6394154093803336,0.6640199916236472,1.0835337649249683,1.0775653402560696,0.28516271009084604,0.8333333333333334,1.0,2.642443977369522,4.050247636368801,True
D1,96,102,Combination,h1_12,1,ARIMA,8.255850315093994,4.930356979370117,0.8067122092686934,0.7901709754924326,1.3686231400321403,1.3629496714764093,0.34456689017559367,0.8333333333333334,1.0,3.2051690950926157,4.869834209123441,True
D1,96,103,Combination,h1,1,ARIMA,8.255850315093994,4.930356979370117,2.722528607237217,2.1411458839860824,4.262949649495429,4.173982268258074,1.1111149597651766,0.0,0.0,2.0281529618004046,3.1230161893475987,True
D1,96,103,Combination,h1_6,1,ARIMA,8.255850315093994,4.930356979370117,2.8516753937666532,2.254352231344436,4.44665415364928,4.349020421333733,1.110555425114363,0.0,0.0,2.760766775840781,4.23968319841082,True
D1,96,103,Combination,h1_12,1,ARIMA,8.255850315093994,4.930356979370117,3.06691965691768,2.4663304323673803,4.766278368419852,4.6507500323403805,1.1678167574891154,0.08333333333333333,0.16666666666666666,3.4062334958511893,5.17668131817457,True
D1,96,104,Combination,h1,1,ARIMA,8.255850315093994,4.930356979370117,0.91415487431564,0.7190583777459506,1.4240611135067038,1.4342735796613326,0.30288449367619363,1.0,1.0,2.058148594318721,3.1688949518097504,True
D1,96,104,Combination,h1_6,1,ARIMA,8.255850315093994,4.930356979370117,0.8077959345364234,0.7383523553138766,1.2510813802158132,1.251184641664072,0.3360501560907214,0.6666666666666666,1.0,2.8673460108859357,4.402032119887092,True
D1,96,104,Combination,h1_12,1,ARIMA,8.255850315093994,4.930356979370117,0.8657510837938339,0.8000257777958388,1.343421874191228,1.3451429515222457,0.37773860418331245,0.8333333333333334,1.0,3.536057778586278,5.374723117293337,True
D1,96,105,Combination,h1,1,ARIMA,8.255850315093994,4.930356979370117,1.6102769477507808,1.333110195685406,2.7276348035144258,2.6909353588207905,0.5654906357482045,0.0,0.0,1.9440179208875632,2.9930502490526725,True
D1,96,105,Combination,h1_6,1,ARIMA,8.255850315093994,4.930356979370117,1.1141138550734055,1.0907870984331252,1.881695527310149,1.8575373187697888,0.44668709316749916,0.6666666666666666,0.6666666666666666,2.707871911529408,4.165978249960185,True
D1,96,105,Combination,h1_12,1,ARIMA,8.255850315093994,4.930356979370117,0.979440985510057,0.9731941424669865,1.6542450379678126,1.635735096876521,0.4257616154837421,0.8333333333333334,0.8333333333333334,3.3565256406273,5.098593591033968,True
D1,96,106,Combination,h1,1,ARIMA,8.255850315093994,4.930356979370117,1.1771246008186442,0.9146011300173514,1.9905373714621137,2.010547723364439,0.3955097839630756,0.0,1.0,2.083813724743127,3.209153539232799,True
D1,96,106,Combination,h1_6,1,ARIMA,8.255850315093994,4.930356979370117,1.576154897495406,1.3915852209632644,2.681495534664009,2.7290605767298084,0.534058701838722,0.6666666666666666,1.0,3.229321192347288,4.996031864003688,True
D1,96,106,Combination,h1_12,1,ARIMA,8.255850315093994,4.930356979370117,1.1422340274451375,1.1607340403738173,1.940894386497633,1.973050394513125,0.5041503256332762,0.75,1.0,4.165540603062067,6.34634240412387,True
D1,96,107,Combination,h1,1,ARIMA,8.255850315093994,4.930356979370117,0.3810656290661291,0.30398488091432724,0.7230896803396789,0.7257134599083958,0.17901614596941368,1.0,1.0,1.9880340625714648,3.061457597396727,True
D1,96,107,Combination,h1_6,1,ARIMA,8.255850315093994,4.930356979370117,2.750037214538022,2.6568097601514777,4.977488229628771,4.806080114570758,1.1316363129469222,0.3333333333333333,0.3333333333333333,2.816829462157806,4.347593249226924,True
D1,96,107,Combination,h1_12,1,ARIMA,8.255850315093994,4.930356979370117,3.953639147370644,3.6981639534488,7.0560947973252475,6.736665879760413,1.6492683774632177,0.25,0.3333333333333333,3.5191232631440013,5.345947570907999,True
D1,96,108,Combination,h1,1,ARIMA,8.255850315093994,4.930356979370117,0.8612666017101857,0.6527618272333743,1.4450004686463862,1.4555165793427505,0.288544073229912,1.0,1.0,2.0720545735151483,3.1904877473591116,True
D1,96,108,Combination,h1_6,1,ARIMA,8.255850315093994,4.930356979370117,1.57381685520059,1.501276556711234,2.6841339309595544,2.7424999041472375,0.6160452405586287,0.6666666666666666,0.6666666666666666,2.5614230558292026,3.892351096346645,True
D1,96,108,Combination,h1_12,1,ARIMA,8.255850315093994,4.930356979370117,1.3709742542812757,1.302760823064996,2.3294855680061732,2.3709047933297134,0.5284995511199527,0.6666666666666666,0.8333333333333334,2.996013479374942,4.513999454952778,True
D1,96,109,Combination,h1,1,ARIMA,8.255850315093994,4.930356979370117,1.0276888084899334,0.8239384496107679,1.5437005523705296,1.5318767573878138,0.327585488228795,1.0,1.0,2.089204131620246,3.2155475812689227,True
D1,96,109,Combination,h1_6,1,ARIMA,8.255850315093994,4.930356979370117,0.9747727403491034,0.9980287099555726,1.5019095108623213,1.5166373322864903,0.4024920709491462,0.6666666666666666,1.0,3.0763844101722913,4.751001110534124,True
D1,96,109,Combination,h1_12,1,ARIMA,8.255850315093994,4.930356979370117,2.08830356411482,2.1986497303277157,3.2887163710627143,3.3802465580370864,0.7879924609285144,0.5833333333333334,0.75,3.8948429646922813,5.9223296281123,True
D1,96,110,Combination,h1,1,ARIMA,8.255850315093994,4.930356979370117,0.42929568398582085,0.3411516192512545,0.7250453166344208,0.7224263573991931,0.18666706024177568,1.0,1.0,2.070276807344854,3.186740589275257,True
D1,96,110,Combination,h1_6,1,ARIMA,8.255850315093994,4.930356979370117,0.9679254713943859,0.8515095472449943,1.6590086583943948,1.6752765668230518,0.34143930616113083,1.0,1.0,3.0375447655782075,4.6829604191958,True
D1,96,110,Combination,h1_12,1,ARIMA,8.255850315093994,4.930356979370117,1.6618522191885743,1.480092964172245,2.8731625703570027,2.925912876664845,0.5545683336165244,0.75,1.0,3.821022878444239,5.805577593197263,True
D1,96,111,Combination,h1,1,ARIMA,8.255850315093994,4.930356979370117,1.100010223981035,0.8928041193887221,1.895268204472431,1.8774765959873512,0.3533419187954243,0.0,1.0,2.0015113979239807,3.080942431013474,True
D1,96,111,Combination,h1_6,1,ARIMA,8.255850315093994,4.930356979370117,1.063293768805873,0.939388179196402,1.8631723297206182,1.8749436852495514,0.37332315466653215,0.8333333333333334,1.0,3.1282685261224286,4.839678634002155,True
D1,96,111,Combination,h1_12,1,ARIMA,8.255850315093994,4.930356979370117,1.2734578368826184,1.1549564874408178,2.2301896993598436,2.2420863520237173,0.46989408693567536,0.8333333333333334,1.0,4.033689230215024,6.139015800548962,True
D1,96,112,Combination,h1,1,ARIMA,8.255850315093994,4.930356979370117,0.3359372278038681,0.2688302334149497,0.62566172855488,0.6237105693900673,0.16975278731330273,1.0,1.0,2.042082391159594,3.1438302804846723,True
D1,96,112,Combination,h1_6,1,ARIMA,8.255850315093994,4.930356979370117,1.0699976565596891,1.3468493515233577,2.054832736766456,2.1084076529393907,0.4665844237358915,0.8333333333333334,0.8333333333333334,3.052339328445158,4.714446338010407,True
D1,96,112,Combination,h1_12,1,ARIMA,8.255850315093994,4.930356979370117,1.325243711329367,1.4157366409173062,2.5404402521462432,2.5994955841078733,0.5217940221788556,0.8333333333333334,0.9166666666666666,3.873429592510337,5.891632875044603,True
D1,96,113,Combination,h1,1,ARIMA,8.255850315093994,4.930356979370117,0.0041820593519361566,0.0034016316625259564,0.00694000718126959,0.00693976637112733,0.15381228870921232,1.0,1.0,2.075937824873564,3.1955995801189605,True
D1,96,113,Combination,h1_6,1,ARIMA,8.255850315093994,4.930356979370117,0.9239818387342121,0.8546242637186848,1.5336116385399268,1.5344574659532864,0.3803069183845687,1.0,1.0,3.7210715397702487,5.747711942822221,True
D1,96,113,Combination,h1_12,1,ARIMA,8.255850315093994,4.930356979370117,0.9255836149450621,0.9206224330495513,1.5451553737590342,1.555422152992752,0.467777477045731,1.0,1.0,5.1234805630469955,7.788708578930085,True
D1,96,114,Combination,h1,1,ARIMA,8.255850315093994,4.930356979370117,0.826147108386458,0.6487288046289529,1.383622180153768,1.374115894008508,0.2704499621032187,1.0,1.0,2.0352810132266903,3.1331464595430396,True
D1,96,114,Combination,h1_6,1,ARIMA,8.255850315093994,4.930356979370117,0.7577296278810429,0.6850682573849455,1.2737839526699726,1.2689745847836704,0.3115607108608969,0.8333333333333334,1.0,2.665053216257283,4.076348351000495,True
D1,96,114,Combination,h1_12,1,ARIMA,8.255850315093994,4.930356979370117,0.5885655376146919,0.5503764290126721,0.9922257972555958,0.9908863157351308,0.3017545802956928,0.9166666666666666,1.0,3.17537586659871,4.798706215159682,True
D1,96,115,Combination,h1,1,ARIMA,8.255850315093994,4.930356979370117,0.1734951783808602,0.1402165695042195,0.303966234156336,0.3035049578608922,0.1561535651114045,1.0,1.0,1.9801122477273037,3.0486761184091185,True
D1,96,115,Combination,h1_6,1,ARIMA,8.255850315093994,4.930356979370117,1.137253467826563,1.1270960754424477,1.9990024282916556,1.9914362320541181,0.43704992704876344,0.6666666666666666,0.8333333333333334,2.8094014709290307,4.342412158288196,True
D1,96,115,Combination,h1_12,1,ARIMA,8.255850315093994,4.930356979370117,1.8184755050098549,1.7230292746224574,3.1564966605201583,3.1010597326898157,0.6661684818328966,0.5,0.6666666666666666,3.542712842534636,5.383127940754811,True
D1,96,116,Combination,h1,1,ARIMA,8.255850315093994,4.930356979370117,0.07007313854236519,0.05733797342058609,0.13913969139493812,0.13923655805353044,0.1412784312942007,1.0,1.0,1.8570996911661566,2.858618791043308,True
D1,96,116,Combination,h1_6,1,ARIMA,8.255850315093994,4.930356979370117,0.992044927344114,1.174251753507861,2.0144570835453792,2.0583009151630915,0.42157204275536236,0.5,0.8333333333333334,2.2116385287568243,3.3748219778516035,True
D1,96,116,Combination,h1_12,1,ARIMA,8.255850315093994,4.930356979370117,1.603876654985228,1.615641226362448,3.2681774925500644,3.3523964577400562,0.6093434955177307,0.3333333333333333,0.75,2.5813184234608757,3.9049756647379765,True
D1,96,117,Combination,h1,1,ARIMA,8.255850315093994,4.930356979370117,0.30736708715987915,0.24375059485273592,0.5097988398661053,0.5111016349689094,0.17025859136618499,1.0,1.0,2.050164689090425,3.156186681945892,True
D1,96,117,Combination,h1_6,1,ARIMA,8.255850315093994,4.930356979370117,1.0672086850153497,1.0539822630871143,1.783976159478391,1.8061921100370966,0.40457991566632534,0.6666666666666666,1.0,3.0584598597416894,4.723722691717438,True
D1,96,117,Combination,h1_12,1,ARIMA,8.255850315093994,4.930356979370117,1.0896960844419135,1.0115973343328213,1.8130103835763338,1.8275944487168838,0.4338998392054531,0.8333333333333334,1.0,3.894400324261751,5.923792590715371,True
D1,96,118,Combination,h1,1,ARIMA,8.255850315093994,4.930356979370117,1.5574050092071643,1.3193373152655063,2.9168947616778054,2.9600657632733745,0.5610230141779713,0.0,0.0,1.8941413581734217,2.9172623474259787,True
D1,96,118,Combination,h1_6,1,ARIMA,8.255850315093994,4.930356979370117,1.4141160086460727,1.2932798187937984,2.5748657197969274,2.551237496282807,0.4984640793325899,0.6666666666666666,0.8333333333333334,3.0005278893716447,4.646953062398515,True
D1,96,118,Combination,h1_12,1,ARIMA,8.255850315093994,4.930356979370117,1.5183546751985952,1.3581688116553237,2.756761332069677,2.7223166840215645,0.5481514934672783,0.8333333333333334,0.9166666666666666,3.9492593525981694,6.001265638079783,True
D1,96,119,Combination,h1,1,ARIMA,8.255850315093994,4.930356979370117,0.8303688116217964,0.6087947135926339,1.2950557250468924,1.2867238297356256,0.2751868479714801,1.0,1.0,2.2141740599700848,3.408868146502059,True
D1,96,119,Combination,h1_6,1,ARIMA,8.255850315093994,4.930356979370117,1.1314828999352693,0.9442387867017759,1.7847479133626762,1.7943810686946542,0.4147601061398902,0.8333333333333334,1.0,3.272906237768081,5.057140731194678,True
D1,96,119,Combination,h1_12,1,ARIMA,8.255850315093994,4.930356979370117,1.021400507650435,0.8667012562926035,1.6105275438303757,1.6187509208042061,0.43736179918492163,0.9166666666666666,1.0,4.165244636450077,6.3303752543199225,True
D1,96,120,Combination,h1,1,ARIMA,8.255850315093994,4.930356979370117,0.9028160545044633,0.7157297785959137,1.5126658822264356,1.5241938624949107,0.2994421215752051,1.0,1.0,2.0463563259527233,3.1506208061758714,True
D1,96,120,Combination,h1_6,1,ARIMA,8.255850315093994,4.930356979370117,1.319128916894769,1.122390557361114,2.1823090325186802,2.1686584402477287,0.44823437134536254,0.8333333333333334,1.0,2.896900691824648,4.457014153481852,True
D1,96,120,Combination,h1_12,1,ARIMA,8.255850315093994,4.930356979370117,0.9516338629197733,0.8944048838254735,1.5808455808985444,1.5770754369607023,0.40458119871618653,0.9166666666666666,1.0,3.5958771886509493,5.462505757971639,True
D1,96,121,Combination,h1,1,ARIMA,8.255850315093994,4.930356979370117,0.1056477597387557,0.08207850454108756,0.16614711499694804,0.1660092052443766,0.15607189018814147,1.0,1.0,2.0301352469303873,3.125360990870959,True
D1,96,121,Combination,h1_6,1,ARIMA,8.255850315093994,4.930356979370117,0.9691645643448205,0.8803080380364766,1.5289109291821181,1.5369454889134202,0.35110794616317204,0.8333333333333334,1.0,2.852122994205783,4.39659736271093,True
D1,96,121,Combination,h1_12,1,ARIMA,8.255850315093994,4.930356979370117,1.469516521356048,1.26408318029583,2.293102014867052,2.280097267283685,0.506950600063106,0.6666666666666666,1.0,3.561414414191628,5.409476399360902,True
D1,96,122,Combination,h1,1,ARIMA,8.255850315093994,4.930356979370117,1.3789123688129847,1.11655401997525,2.2146722783123485,2.2394707472221707,0.4761481571776202,0.0,1.0,2.0101723557322413,3.0955791412377613,True
D1,96,122,Combination,h1_6,1,ARIMA,8.255850315093994,4.930356979370117,1.9351010346509105,1.6405292107840177,3.1442384234189635,3.1996309889239525,0.6287259798581367,0.16666666666666666,1.0,3.379232413682197,5.227475873539131,True
D1,96,122,Combination,h1_12,1,ARIMA,8.255850315093994,4.930356979370117,1.9695034550443868,1.6842204523279574,3.2052722512292604,3.263868231079304,0.6510706297166992,0.5,1.0,4.389434826089246,6.670920329961685,True
D1,96,123,Combination,h1,1,ARIMA,8.255850315093994,4.930356979370117,0.7880079470837782,0.6313460738393741,1.3280057017032054,1.3368826405489909,0.26778970402035407,1.0,1.0,2.0554407549661637,3.1648204333805143,True
D1,96,123,Combination,h1_6,1,ARIMA,8.255850315093994,4.930356979370117,1.131025753125196,1.2001686602544912,1.8882018641641283,1.871860755561593,0.4505572283033049,0.8333333333333334,0.8333333333333334,3.145200697828978,4.851038517469114,True
D1,96,123,Combination,h1_12,1,ARIMA,8.255850315093994,4.930356979370117,1.1741130103333126,1.234761733212644,1.9911301994102282,2.002027842442843,0.4889118701008478,0.8333333333333334,0.9166666666666666,4.025351660680766,6.121770473073057,True
D1,96,124,Combination,h1,1,ARIMA,8.255850315093994,4.930356979370117,1.09011442741196,0.8941854905192387,2.076969881800613,2.0556225511650137,0.3496546152592534,0.0,1.0,1.992826122419995,3.0683203733909523,True
D1,96,124,Combination,h1_6,1,ARIMA,8.255850315093994,4.930356979370117,1.0646279311238673,0.9353749446453637,2.066426961438649,2.0804225010687225,0.36647336357818594,0.8333333333333334,1.0,3.015832103039475,4.652604173151416,True
D1,96,124,Combination,h1_12,1,ARIMA,8.255850315093994,4.930356979370117,1.8012031252348804,1.7373414845148378,3.556114567728979,3.642099445071335,0.6122601493400434,0.5833333333333334,0.9166666666666666,3.860137927174429,5.872492060884518,True
D1,96,125,Combination,h1,1,ARIMA,8.255850315093994,4.930356979370117,0.9262102644612165,0.7916405626678826,1.634872715265325,1.6483469021433568,0.3029065276374521,0.0,1.0,1.9156385010012096,2.949925244380782,True
D1,96,125,Combination,h1_6,1,ARIMA,8.255850315093994,4.930356979370117,0.8710589223031285,0.8397635285052467,1.5264089822797298,1.5197750435592767,0.3528450608472259,0.8333333333333334,1.0,3.161729793648956,4.892248420241114,True
D1,96,125,Combination,h1_12,1,ARIMA,8.255850315093994,4.930356979370117,1.5908213114152923,1.5946229949576343,2.8165633448894685,2.8324318744203336,0.5648005478596549,0.8333333333333334,1.0,4.148153720526714,6.304153619539331,True
D1,96,126,Combination,h1,1,ARIMA,8.255850315093994,4.930356979370117,0.7780357863086294,0.6533543537838479,1.6317269483770689,1.6185220184071856,0.2545823668778902,1.0,1.0,1.9121868551585808,2.9438886553983927,True
D1,96,126,Combination,h1_6,1,ARIMA,8.255850315093994,4.930356979370117,0.8483877738483412,0.9065147602002026,1.7949343800182724,1.7961265948213296,0.3585722879607645,0.6666666666666666,1.0,2.6430215446251593,4.075011009802316,True
D1,96,126,Combination,h1_12,1,ARIMA,8.255850315093994,4.930356979370117,0.6291516123571412,0.7100399552646439,1.3340109658342099,1.337585748579277,0.33720978378899685,0.8333333333333334,1.0,3.2827540890325655,4.985791697841493,True
D1,96,127,Combination,h1,1,ARIMA,8.255850315093994,4.930356979370117,0.21631542852507013,0.1779096161675387,0.39776821573146603,0.39697868820900445,0.154481151667382,1.0,1.0,1.9248152326284704,2.964505661864713,True
D1,96,127,Combination,h1_6,1,ARIMA,8.255850315093994,4.930356979370117,0.9862001445518433,0.988870657252805,1.7731670841891225,1.7519004366996007,0.3724579781367468,0.6666666666666666,1.0,2.8141665184572804,4.3496429245710155,True
D1,96,127,Combination,h1_12,1,ARIMA,8.255850315093994,4.930356979370117,2.4992469278715634,2.641848243970287,4.375189196247694,4.226161924101833,0.9910709464903223,0.4166666666666667,0.5833333333333334,3.6039888661646713,5.482081740721179,True
D1,96,128,Combination,h1,1,ARIMA,8.255850315093994,4.930356979370117,0.38202785631383734,0.30696526261014145,0.6170464705053341,0.6151485941610172,0.17367205142078493,1.0,1.0,1.9783473434600598,3.0453259452323564,True
D1,96,128,Combination,h1_6,1,ARIMA,8.255850315093994,4.930356979370117,0.771305171165864,0.7608021424439927,1.2378605039301738,1.226487289636226,0.3258486827229799,0.8333333333333334,0.8333333333333334,2.6156960338225526,4.0086123616700835,True
D1,96,128,Combination,h1_12,1,ARIMA,8.255850315093994,4.930356979370117,1.0853643106459738,1.1104884507483561,1.7716402980101205,1.7861803332710262,0.4298670361723539,0.75,0.9166666666666666,3.160213696428441,4.80221585190942,True
D1,96,129,Combination,h1,1,ARIMA,8.255850315093994,4.930356979370117,0.9031305761812328,0.7120652131959133,1.2944504686817344,1.2861263344993514,0.29165994613361107,1.0,1.0,2.028955234167726,3.1238362839285143,True
D1,96,129,Combination,h1_6,1,ARIMA,8.255850315093994,4.930356979370117,1.95376620337197,1.7065737054629588,2.76694622541271,2.721076404409434,0.7149977842445131,0.3333333333333333,0.6666666666666666,2.8739527231572044,4.4366812042670665,True
D1,96,129,Combination,h1_12,1,ARIMA,8.255850315093994,4.930356979370117,1.9420221234900112,1.680505257689115,2.7561224959953337,2.717222364394362,0.6988061161803795,0.5,0.75,3.5937985306221862,5.460064684512223,True
D1,96,130,Combination,h1,1,ARIMA,8.255850315093994,4.930356979370117,0.6909980676699741,0.5662558695099741,1.222028391363018,1.2146069703524276,0.23149744352761903,1.0,1.0,1.9706926188317764,3.034738052111488,True
D1,96,130,Combination,h1_6,1,ARIMA,8.255850315093994,4.930356979370117,0.7845080167232971,0.693569934261199,1.3754652311084996,1.3645762678111093,0.3172847882418378,1.0,1.0,2.9646582304295808,4.579577166076887,True
D1,96,130,Combination,h1_12,1,ARIMA,8.255850315093994,4.930356979370117,2.066022732215367,2.0761881414646104,3.5379740567283706,3.447833018863085,0.7691419201318977,0.5833333333333334,0.8333333333333334,3.772000229282331,5.738070761446521,True
D1,96,131,Combination,h1,1,ARIMA,8.255850315093994,4.930356979370117,0.16063785753700374,0.12734066939806493,0.30931573228105735,0.3097948543922736,0.15785922959401383,1.0,1.0,2.0132482296043874,3.098926317179682,True
D1,96,131,Combination,h1_6,1,ARIMA,8.255850315093994,4.930356979370117,0.7853460601977889,0.7939504809065705,1.484577259580442,1.4671385341898797,0.333317654217555,0.8333333333333334,1.0,2.7631977069415203,4.23406057579301,True
D1,96,131,Combination,h1_12,1,ARIMA,8.255850315093994,4.930356979370117,0.7280599712660212,0.725848422285825,1.3788622999682683,1.3669643793398023,0.34708993073485034,0.9166666666666666,1.0,3.3765137286704254,5.130060371143152,True
D1,96,132,Combination,h1,1,ARIMA,8.255850315093994,4.930356979370117,0.551841653218479,0.44369447510166893,1.0653074413093617,1.0710122277893481,0.20498301382023615,1.0,1.0,1.9452627270181835,2.995469112040424,True
D1,96,132,Combination,h1_6,1,ARIMA,8.255850315093994,4.930356979370117,1.0833447159556784,1.0662245808524478,2.038431546877217,2.0099482604209387,0.41210625257746686,0.5,0.8333333333333334,2.6348635341173936,4.042277772241857,True
D1,96,132,Combination,h1_12,1,ARIMA,8.255850315093994,4.930356979370117,1.1387596046657305,1.096330754048689,2.1425598735001534,2.1146099647865375,0.44086937842763096,0.6666666666666666,0.9166666666666666,3.2239878457745954,4.902714310229232,True
D1,96,133,Combination,h1,1,ARIMA,8.255850315093994,4.930356979370117,0.8940514457903928,0.7294914108753311,1.7873179204071936,1.8034344741770778,0.29503074547496444,1.0,1.0,1.9607860953862872,3.0194123025778445,True
D1,96,133,Combination,h1_6,1,ARIMA,8.255850315093994,4.930356979370117,0.672090716004026,0.6756238755634911,1.3250356641788232,1.3188342050637152,0.2969369229724798,0.8333333333333334,1.0,2.624941541511908,4.029701361024316,True
D1,96,133,Combination,h1_12,1,ARIMA,8.255850315093994,4.930356979370117,0.6555301904198337,0.657681698399433,1.2912426090163065,1.284082671740279,0.3218549373643387,0.9166666666666666,1.0,3.2056451363920178,4.875484726205483,True
D1,96,134,Combination,h1,1,ARIMA,8.255850315093994,4.930356979370117,1.0830783174192549,0.8598457927604775,1.774597492018257,1.7589899958427186,0.3433274265061419,1.0,1.0,2.1102472080638988,3.2485611071950475,True
D1,96,134,Combination,h1_6,1,ARIMA,8.255850315093994,4.930356979370117,0.8871022321854288,0.8525533950426943,1.4514464865124321,1.4365109703562042,0.39216693974611916,1.0,1.0,3.630094252644114,5.601477439899041,True
D1,96,134,Combination,h1_12,1,ARIMA,8.255850315093994,4.930356979370117,0.9310648055476496,0.8918458348047031,1.5247413410906412,1.510191655362442,0.47084614672980046,1.0,1.0,4.948029614844575,7.539275831476358,True
D1,96,135,Combination,h1,1,ARIMA,8.255850315093994,4.930356979370117,1.1556643605521215,0.9469020701043672,2.146193854048939,2.1694744173541487,0.39201679735566664,0.0,1.0,1.9134895548718185,2.945747972962761,True
D1,96,135,Combination,h1_6,1,ARIMA,8.255850315093994,4.930356979370117,0.881827387405787,0.7781723659019816,1.6178692978509095,1.621795927243348,0.32776155061356604,0.8333333333333334,1.0,2.68408483882753,4.149252816472514,True
D1,96,135,Combination,h1_12,1,ARIMA,8.255850315093994,4.930356979370117,1.4660357200508394,1.439639760516885,2.63876428723512,2.6002182639341216,0.5419658829765402,0.5833333333333334,0.9166666666666666,3.361418651748937,5.112520564196976,True
D1,96,136,Combination,h1,1,ARIMA,8.255850315093994,4.930356979370117,1.6238002859324603,1.3099354152428784,3.327909320896044,3.3842212277348085,0.5886725599686418,0.0,0.0,1.940617415658946,2.9877420495217195,True
D1,96,136,Combination,h1_6,1,ARIMA,8.255850315093994,4.930356979370117,1.1372988229766345,0.9383378996213219,2.3145041860850037,2.342936383191145,0.3800512527574855,0.8333333333333334,0.8333333333333334,2.4974502650836037,3.829023043751447,True
D1,96,136,Combination,h1_12,1,ARIMA,8.255850315093994,4.930356979370117,0.8147173248837707,0.7253674773421236,1.6518758855030828,1.6669117456117493,0.33415867373290503,0.9166666666666666,0.9166666666666666,2.991464025893162,4.542051013544481,True
D1,96,137,Combination,h1,1,ARIMA,8.255850315093994,4.930356979370117,0.5469384254033064,0.44632730763823614,0.9556561047026652,0.9602444219217462,0.20996216860059946,1.0,1.0,2.046891439870373,3.150753370352918,True
D1,96,137,Combination,h1_6,1,ARIMA,8.255850315093994,4.930356979370117,1.210114073848739,1.147108628569888,2.151831191268003,2.1837403543202516,0.45181945958470393,0.6666666666666666,0.8333333333333334,3.026605373302176,4.67383234281806,True
D1,96,137,Combination,h1_12,1,ARIMA,8.255850315093994,4.930356979370117,2.166552911145699,2.0685185389978242,3.9164637562985445,4.025978714993599,0.7545388209580915,0.5,0.75,3.8471596284547043,5.85238685969082,True
D1,96,138,Combination,h1,1,ARIMA,8.255850315093994,4.930356979370117,1.2995897159220462,1.0451730673150204,1.9944786708343563,1.9747853346868096,0.4302422641185593,0.0,1.0,2.0168858266477,3.1052658450456248,True
D1,96,138,Combination,h1_6,1,ARIMA,8.255850315093994,4.930356979370117,1.1774264273611286,1.0448450536215432,1.833711644899853,1.8375730441716618,0.43788825224761135,0.5,1.0,2.92838453030407,4.526258846586872,True
D1,96,138,Combination,h1_12,1,ARIMA,8.255850315093994,4.930356979370117,1.2110678356260076,1.1169037651055325,1.899797058226162,1.9148546335973966,0.4724266830851302,0.5833333333333334,1.0,3.703731242560947,5.628709549365416,True
D1,96,139,Combination,h1,1,ARIMA,8.255850315093994,4.930356979370117,0.20595125344536008,0.1673210118190067,0.3752462066884933,0.37595157870753604,0.1607850726321895,1.0,1.0,2.0182649383449633,3.1075438128659454,True
D1,96,139,Combination,h1_6,1,ARIMA,8.255850315093994,4.930356979370117,0.7908013736687132,0.8316997948404867,1.4500681108933786,1.4663381023095534,0.3458706267088727,0.6666666666666666,1.0,3.095904915983273,4.784453755326369,True
D1,96,139,Combination,h1_12,1,ARIMA,8.255850315093994,4.930356979370117,0.9894236156362023,1.038726166317757,1.7877054371293204,1.7832539487447772,0.4360298979090657,0.75,1.0,3.968819960444658,6.0469487824148525,True
D1,96,140,Combination,h1,1,ARIMA,8.255850315093994,4.930356979370117,1.4505742743847334,1.1579830594042775,2.615884519744473,2.5821119858838717,0.4888444712024275,0.0,1.0,2.018540829112347,3.1080537349126245,True
D1,96,140,Combination,h1_6,1,ARIMA,8.255850315093994,4.930356979370117,1.5393194423255663,1.4247531121533996,2.7634687314782513,2.7133884094286156,0.5738087142494579,0.3333333333333333,0.8333333333333334,2.769907294427615,4.244913333446425,True
D1,96,140,Combination,h1_12,1,ARIMA,8.255850315093994,4.930356979370117,1.7293666675482307,1.5611191101022477,3.1017373058238946,3.0417734329368673,0.6360627721565237,0.4166666666666667,0.8333333333333334,3.413302968338711,5.1836518763391926,True
D1,96,141,Combination,h1,1,ARIMA,8.255850315093994,4.930356979370117,1.7602354871820753,1.3804638633205144,3.1000863189665386,3.0527671111846653,0.623744101517299,0.0,0.0,2.07940679073316,3.20161475308242,True
D1,96,141,Combination,h1_6,1,ARIMA,8.255850315093994,4.930356979370117,0.9126597608021765,0.8376359601103212,1.6176338254254785,1.6040534500473407,0.3884038645517353,0.6666666666666666,0.8333333333333334,3.091983426007193,4.775970157743388,True
D1,96,141,Combination,h1_12,1,ARIMA,8.255850315093994,4.930356979370117,1.4332976726286222,1.3877312035344098,2.514568084618492,2.470265801878645,0.568349621217656,0.75,0.8333333333333334,3.9302134432938876,5.978601979434117,True
D1,96,142,Combination,h1,1,ARIMA,8.255850315093994,4.930356979370117,0.5956083677532032,0.46991605061767266,0.8615095513314945,0.8652365993038036,0.21628272198006487,1.0,1.0,2.0156095546387327,3.1028790868671776,True
D1,96,142,Combination,h1_6,1,ARIMA,8.255850315093994,4.930356979370117,0.7200024742871189,0.6133102116383568,1.0396696203749252,1.044895708740389,0.29718108566542684,1.0,1.0,2.890377509413993,4.463351076914555,True
D1,96,142,Combination,h1_12,1,ARIMA,8.255850315093994,4.930356979370117,1.2364387073598406,1.1919562093545266,1.7602775854010617,1.7472505130788611,0.4726993117825579,0.8333333333333334,1.0,3.619680979924073,5.50003908682517,True
D1,96,143,Combination,h1,1,ARIMA,8.255850315093994,4.930356979370117,0.059972259052204144,0.04687733351880388,0.10172120403091338,0.10177296637430032,0.15617777035802285,1.0,1.0,2.065599611671,3.1804290680853367,True
D1,96,143,Combination,h1_6,1,ARIMA,8.255850315093994,4.930356979370117,2.3073084458260866,2.267961543744035,3.7812653141025256,3.6723892716142106,0.93194217647455,0.3333333333333333,0.6666666666666666,3.2141654129753565,4.969230866873573,True
D1,96,143,Combination,h1_12,1,ARIMA,8.255850315093994,4.930356979370117,1.669507570271406,1.739792704280828,2.7647396163253446,2.715616325279041,0.7062772368778214,0.6666666666666666,0.8333333333333334,4.157336217245125,6.3342996492327215,True
D1,96,144,Combination,h1,1,ARIMA,8.255850315093994,4.930356979370117,0.8203404356510094,0.6758193738103377,1.3477582936773835,1.3387368253800966,0.26746036063599504,1.0,1.0,1.967939004602301,3.0296743944865936,True
D1,96,144,Combination,h1_6,1,ARIMA,8.255850315093994,4.930356979370117,0.7072374567551162,0.6427665307258418,1.1770311910709548,1.1795618476114886,0.29786192773094955,1.0,1.0,2.8551390977690483,4.411459305297106,True
D1,96,144,Combination,h1_12,1,ARIMA,8.255850315093994,4.930356979370117,1.1078977931081875,1.1137106835037907,1.826983097148659,1.8087614654498905,0.4361668651008589,0.9166666666666666,1.0,3.592676046154227,5.459530907254759,True
D1,96,145,Combination,h1,1,ARIMA,8.255850315093994,4.930356979370117,1.9739810387668155,1.6000580207154438,3.5403511870790076,3.4787708348060997,0.7428673842707366,0.0,0.0,1.979870998700049,3.0484349012201357,True
D1,96,145,Combination,h1_6,1,ARIMA,8.255850315093994,4.930356979370117,1.1119080769691212,1.0258782135670923,2.013453018095365,1.9885626319457772,0.42220114794226427,0.6666666666666666,0.8333333333333334,2.612184491998143,4.009265462046972,True
D1,96,145,Combination,h1_12,1,ARIMA,8.255850315093994,4.930356979370117,1.334159404823345,1.2059567159733278,2.463917454745578,2.4767733118700614,0.4779645829553938,0.5833333333333334,0.9166666666666666,3.1601519717793782,4.800498419296279,True
D1,96,146,Combination,h1,1,ARIMA,8.255850315093994,4.930356979370117,2.4264691922273527,2.0003511819456907,4.542595501232127,4.648169265197382,0.9906756747769513,0.0,0.0,1.9357681691849493,2.9808654571738806,True
D1,96,146,Combination,h1_6,1,ARIMA,8.255850315093994,4.930356979370117,1.3210852947946083,1.2998682623925055,2.417128997473562,2.4167968477709123,0.5145076946099512,0.5,0.8333333333333334,2.6645370616066506,4.1024696955746505,True
D1,96,146,Combination,h1_12,1,ARIMA,8.255850315093994,4.930356979370117,1.9345582526144027,1.7864498805444038,3.485898278882498,3.4320949488051733,0.7106500922514082,0.3333333333333333,0.75,3.3127537795626,5.031407779618723,True
D1,96,147,Combination,h1,1,ARIMA,8.255850315093994,4.930356979370117,1.446134983325835,1.1783757521555638,2.678997091879455,2.64358629193828,0.48776234227865994,0.0,1.0,2.001197937332809,3.081360292307977,True
D1,96,147,Combination,h1_6,1,ARIMA,8.255850315093994,4.930356979370117,0.7225271457907003,0.9010897124456791,1.3360701133267807,1.3157966038865472,0.37047862793136754,0.6666666666666666,1.0,3.0470308019605756,4.704673530562054,True
D1,96,147,Combination,h1_12,1,ARIMA,8.255850315093994,4.930356979370117,1.091597342352265,1.1475785890960593,2.0622935774375364,2.0745125942502605,0.4557856681428521,0.8333333333333334,1.0,3.8840620818600526,5.907594444724294,True
D1,96,148,Combination,h1,1,ARIMA,8.255850315093994,4.930356979370117,0.15313609144247864,0.12043468940460814,0.24648881878981846,0.24679297733716576,0.1597637888954206,1.0,1.0,2.0438488579733893,3.1474121303631755,True
D1,96,148,Combination,h1_6,1,ARIMA,8.255850315093994,4.930356979370117,0.7291051306570735,0.7509560248001804,1.1629731041785412,1.1516452600367952,0.35260518009868425,0.8333333333333334,1.0,3.1836440547076243,4.912408193336952,True
D1,96,148,Combination,h1_12,1,ARIMA,8.255850315093994,4.930356979370117,1.2024020232003998,1.2253166378282647,1.9550871772887144,1.9759234596443225,0.5058437108365191,0.75,1.0,4.16898042325086,6.344895439314777,True
D1,96,149,Combination,h1,1,ARIMA,8.255850315093994,4.930356979370117,0.42876481809498007,0.34784018607734063,0.84758595832892,0.8511932555852116,0.18633072162922948,1.0,1.0,1.9784549940727707,3.045821807552342,True
D1,96,149,Combination,h1_6,1,ARIMA,8.255850315093994,4.930356979370117,0.8813700012686728,0.8191665447961883,1.7539210244938805,1.7709481706318637,0.31998654108467184,0.8333333333333334,1.0,2.6938767535028054,4.128454073937669,True
D1,96,149,Combination,h1_12,1,ARIMA,8.255850315093994,4.930356979370117,0.9609110303715447,0.8765882146551333,1.906572018227946,1.918584068002643,0.36567118123648984,0.9166666666666666,1.0,3.2797262206824245,4.983089357345434,True
D1,96,150,Combination,h1,1,ARIMA,8.255850315093994,4.930356979370117,1.4152346706919483,1.1917174655457399,2.8697328502261024,2.911509117010187,0.49241913049152336,0.0,1.0,1.9351965149773138,2.9796773352726458,True
D1,96,150,Combination,h1_6,1,ARIMA,8.255850315093994,4.930356979370117,1.461229358748333,1.3340074711665046,2.884971066195832,2.8559278514286754,0.508857147478319,0.6666666666666666,1.0,3.0020101446243554,4.6387610004016455,True
D1,96,150,Combination,h1_12,1,ARIMA,8.255850315093994,4.930356979370117,1.0902312235921128,1.0712161262833013,2.157022637231046,2.141665726280618,0.4627030052680921,0.8333333333333334,1.0,3.8667557657485077,5.891470753892825,True
D1,96,151,Combination,h1,1,ARIMA,8.255850315093994,4.930356979370117,0.5771116401249613,0.4315477165425457,0.9551696245381711,0.9597532603448354,0.22075701382875212,1.0,1.0,2.1442978108723354,3.3019527250268186,True
D1,96,151,Combination,h1_6,1,ARIMA,8.255850315093994,4.930356979370117,1.748038357157167,1.4967818356720557,2.923297243854789,2.9748032465288303,0.6030336194072454,0.6666666666666666,0.6666666666666666,3.1624661573922244,4.887536661568562,True
D1,96,151,Combination,h1_12,1,ARIMA,8.255850315093994,4.930356979370117,1.6957616225331686,1.4836300314036568,2.8221426496214517,2.8595398070340656,0.6258569438181819,0.75,0.75,4.002328350456841,6.082698562066349,True
D1,96,152,Combination,h1,1,ARIMA,8.255850315093994,4.930356979370117,0.8678612035311725,0.6473093919239716,1.5808618064453577,1.593456982867502,0.2925005910009556,1.0,1.0,2.1675531849597625,3.3361679647935274,True
D1,96,152,Combination,h1_6,1,ARIMA,8.255850315093994,4.930356979370117,0.8888434501015553,0.7591564172459265,1.5976614274877263,1.5917049700447408,0.35698434864042816,1.0,1.0,3.1734010526421583,4.888716956121913,True
D1,96,152,Combination,h1_12,1,ARIMA,8.255850315093994,4.930356979370117,0.8618444163675087,0.7537899898112262,1.549582413055832,1.545153854879148,0.3946742546996451,1.0,1.0,3.982821574767784,6.0507171053231925,True
D1,96,153,Combination,h1,1,ARIMA,8.255850315093994,4.930356979370117,2.2314937621906172,1.742940846638931,3.922624001892712,4.0010980174791575,0.8666820429853357,0.0,0.0,2.162387889569733,3.3274341308268403,True
D1,96,153,Combination,h1_6,1,ARIMA,8.255850315093994,4.930356979370117,1.100885186233235,1.0759532325741252,1.9264585507722896,1.9561363858782452,0.48563319529089755,0.6666666666666666,0.8333333333333334,3.5424918424029554,5.459911205802057,True
D1,96,153,Combination,h1_12,1,ARIMA,8.255850315093994,4.930356979370117,1.398103182401908,1.3849084861455752,2.4574720797236873,2.5079770053150967,0.5814166395502317,0.75,0.9166666666666666,4.7721934198876825,7.254629364226134,True
D1,96,154,Combination,h1,1,ARIMA,8.255850315093994,4.930356979370117,0.8309510265379926,0.6724997914267734,1.2674089532588968,1.25942790226234,0.2730042345574445,1.0,1.0,2.090804143164436,3.2176808378676047,True
D1,96,154,Combination,h1_6,1,ARIMA,8.255850315093994,4.930356979370117,0.6191299670823626,0.5623708543503726,0.9508772189204098,0.95160877843349,0.32387771641407576,1.0,1.0,3.6032234197334096,5.558528093678671,True
D1,96,154,Combination,h1_12,1,ARIMA,8.255850315093994,4.930356979370117,1.239447164827683,1.2478526115113586,1.9277673501492374,1.9548983509467217,0.502123433689014,1.0,1.0,4.91154672200424,7.483199252702222,True
D1,96,155,Combination,h1,1,ARIMA,8.255850315093994,4.930356979370117,0.7139628380029103,0.5310254719748179,1.0353284343530589,1.0299965109775613,0.24140600382077543,1.0,1.0,2.1415050973129066,3.2968502704285543,True
D1,96,155,Combination,h1_6,1,ARIMA,8.255850315093994,4.930356979370117,2.2860587016526166,1.9848896026480607,3.246480857824673,3.176808043654553,0.9128476443739201,0.5,0.5,2.9743809352364567,4.583878738513508,True
D1,96,155,Combination,h1_12,1,ARIMA,8.255850315093994,4.930356979370117,2.7859349603985035,2.284225259636533,3.943250644419221,3.851588458750157,1.0611399368246444,0.3333333333333333,0.5,3.6844666606030296,5.595760434720883,True
D1,96,156,Combination,h1,1,ARIMA,8.255850315093994,4.930356979370117,1.0660846185070079,0.8377281573003278,1.8730028036455484,1.8556248509042579,0.339572882480091,0.0,1.0,2.012902727552849,3.099177695205687,True
D1,96,156,Combination,h1_6,1,ARIMA,8.255850315093994,4.930356979370117,1.7011356601261423,1.731715524370893,2.953104532083827,2.8831690566685975,0.6687576300239506,0.5,0.6666666666666666,2.6147786318445467,4.013403556273814,True
D1,96,156,Combination,h1_12,1,ARIMA,8.255850315093994,4.930356979370117,1.1299269737340427,1.297061000888182,1.9788690091612073,1.9486298854291342,0.4993604860567824,0.75,0.8333333333333334,3.1652890524613864,4.80788498360549,True
D1,96,157,Combination,h1,1,ARIMA,8.255850315093994,4.930356979370117,0.5942889114545628,0.4883031784229554,1.1158760572762318,1.10968470431289,0.20860187925879903,1.0,1.0,1.9705206409108464,3.0334863725766272,True
D1,96,157,Combination,h1_6,1,ARIMA,8.255850315093994,4.930356979370117,0.476383059932697,0.5667415541466732,0.8911208307602786,0.8831871560350818,0.2866623006650544,0.8333333333333334,1.0,2.9836496276714075,4.60784803776086,True
D1,96,157,Combination,h1_12,1,ARIMA,8.255850315093994,4.930356979370117,1.4403051870373897,1.7196573107934265,2.79031242086106,2.8698652128022166,0.5730433205001815,0.6666666666666666,0.9166666666666666,3.8004105431584065,5.788301799010729,True
D1,96,158,Combination,h1,1,ARIMA,8.255850315093994,4.930356979370117,0.9608460822196502,0.7589796250485445,1.6909979894476512,1.7054172753667232,0.315486777147998,1.0,1.0,2.041904126914868,3.1440515292070605,True
D1,96,158,Combination,h1_6,1,ARIMA,8.255850315093994,4.930356979370117,0.8808650316999571,0.7470370163043101,1.5315283762790899,1.5229253229792044,0.3459561253808657,1.0,1.0,3.1267898579667466,4.827949950349343,True
D1,96,158,Combination,h1_12,1,ARIMA,8.255850315093994,4.930356979370117,1.1632351167569026,1.0395294681534053,2.0511279851176125,2.0648356080703665,0.44139938532446754,1.0,1.0,4.042640843974393,6.155839190126393,True
D1,96,159,Combination,h1,1,ARIMA,8.255850315093994,4.930356979370117,0.1752489319812859,0.14318024849209218,0.328675957228384,0.3292169857680498,0.15548227843245283,1.0,1.0,1.969767750124365,3.0326704229711354,True
D1,96,159,Combination,h1_6,1,ARIMA,8.255850315093994,4.930356979370117,1.286552298514421,1.372984108038204,2.4720987514336894,2.525020141203622,0.4964127061348048,0.5,0.5,2.582487176698549,3.958871342889769,True
D1,96,159,Combination,h1_12,1,ARIMA,8.255850315093994,4.930356979370117,1.258621081288006,1.2553462770948332,2.4101526906807087,2.4522315194319453,0.47686102687834153,0.6666666666666666,0.75,3.1247075440907093,4.744248514374125,True
D1,96,160,Combination,h1,1,ARIMA,8.255850315093994,4.930356979370117,0.6608767787132819,0.509438689355255,1.0547142892237555,1.060305888079282,0.23416263940112553,1.0,1.0,2.126510002186518,3.2742129083899068,True
D1,96,160,Combination,h1_6,1,ARIMA,8.255850315093994,4.930356979370117,0.806307285448786,0.8412328487942817,1.2766076336805325,1.2766749639104058,0.353895620477812,0.6666666666666666,1.0,3.0855885838804897,4.76535131829704,True
D1,96,160,Combination,h1_12,1,ARIMA,8.255850315093994,4.930356979370117,0.7635853791026103,0.8554705187099746,1.2017854895661284,1.1950832601124681,0.4081851810774623,0.75,1.0,3.945126907836128,5.994746100963485,True
D1,96,161,Combination,h1,1,ARIMA,8.255850315093994,4.930356979370117,1.2054409844986058,0.9903021649970098,2.1667067637764106,2.143485243896384,0.3947590548763577,0.0,1.0,1.9833034142870254,3.054121306044856,True
D1,96,161,Combination,h1_6,1,ARIMA,8.255850315093994,4.930356979370117,1.111047788911359,0.9808631655712952,1.9926246920722406,1.970032340747465,0.42926791821378935,0.6666666666666666,1.0,3.2628601328758817,5.048983739248726,True
D1,96,161,Combination,h1_12,1,ARIMA,8.255850315093994,4.930356979370117,0.8477018669927524,0.8128640633857647,1.5235785778485478,1.510082063868831,0.4309162632129582,0.8333333333333334,1.0,4.243346721322887,6.448675289542429,True
D1,96,162,Combination,h1,1,ARIMA,8.255850315093994,4.930356979370117,0.290991147502623,0.23088391812240389,0.5273315911992171,0.5259448545141473,0.16634136181538234,1.0,1.0,2.0299460155251348,3.1247478535198585,True
D1,96,162,Combination,h1_6,1,ARIMA,8.255850315093994,4.930356979370117,1.1210627340552008,1.1333401061411226,2.0810120595291792,2.110789291271514,0.41600709929983964,0.6666666666666666,0.8333333333333334,2.625494518768312,4.02051084386834,True
D1,96,162,Combination,h1_12,1,ARIMA,8.255850315093994,4.930356979370117,1.0797635611808216,1.0511938610524614,2.004813112163908,2.0313795694896446,0.4135761658731834,0.75,0.9166666666666666,3.1293042811452367,4.731964661276848,True
D1,96,163,Combination,h1,1,ARIMA,8.255850315093994,4.930356979370117,2.4538911615902035,1.9366433563826548,3.972804100564197,3.8954252926831323,0.9787944502517837,0.0,0.0,2.014662446604847,3.1011311633831524,True
D1,96,163,Combination,h1_6,1,ARIMA,8.255850315093994,4.930356979370117,2.774928350129615,2.28524269203851,4.469136810802176,4.36352035956349,1.087426903541935,0.0,0.16666666666666666,2.7203526872913653,4.173872204383803,True
D1,96,163,Combination,h1_12,1,ARIMA,8.255850315093994,4.930356979370117,3.4164074660685606,2.805318425307556,5.472101582345452,5.31553609006234,1.3376955673583795,0.0,0.08333333333333333,3.3497653550097155,5.089589897091404,True
D1,96,164,Combination,h1,1,ARIMA,8.255850315093994,4.930356979370117,0.6121075617354017,0.4953449186590787,1.0484238457206014,1.042956543171047,0.2119183221201529,1.0,1.0,1.9760269767562026,3.041261915710486,True
D1,96,164,Combination,h1_6,1,ARIMA,8.255850315093994,4.930356979370117,0.6277718892556778,0.5359353719161782,1.087434010603132,1.0910025242568329,0.2651573740230747,1.0,1.0,2.7739881750588564,4.25913698801532,True
D1,96,164,Combination,h1_12,1,ARIMA,8.255850315093994,4.930356979370117,1.2730389810825602,1.2315444793447567,2.238897536975266,2.274224653866033,0.4509686615594926,0.75,1.0,3.4607983224960184,5.257473325526527,True
D1,96,165,Combination,h1,1,ARIMA,8.255850315093994,4.930356979370117,3.141423957201531,2.4186905088906725,4.621054223174976,4.730350248131091,1.3233361615126984,0.0,0.0,2.14968083020051,3.3090807962720428,True
D1,96,165,Combination,h1_6,1,ARIMA,8.255850315093994,4.930356979370117,3.282163628372583,2.5492586541768048,4.8471551244042566,4.9699328315258455,1.2496403703855816,0.0,0.16666666666666666,3.1987740524855215,4.935161137094511,True
D1,96,165,Combination,h1_12,1,ARIMA,8.255850315093994,4.930356979370117,2.8885786281018966,2.361402272735156,4.2671939838088475,4.3728700792389015,1.0517549868914093,0.25,0.5,4.082856383436433,6.204396518119604,True
D1,96,166,Combination,h1,1,ARIMA,8.255850315093994,4.930356979370117,0.06165518396016683,0.050252213502543074,0.10351408318320661,0.10356768675391531,0.15347647135942055,1.0,1.0,2.0279280717969375,3.1222517130037466,True
D1,96,166,Combination,h1_6,1,ARIMA,8.255850315093994,4.930356979370117,1.3889439332393068,1.4325759696925007,2.2757091608509974,2.2353646782901513,0.5447236938257698,0.6666666666666666,0.8333333333333334,3.27290717953021,5.064774606835187,True
D1,96,166,Combination,h1_12,1,ARIMA,8.255850315093994,4.930356979370117,1.6122277685423614,1.556680399914652,2.63600479727961,2.5885503239425773,0.6248815299304281,0.6666666666666666,0.9166666666666666,4.259222674190031,6.4755182602991725,True
D1,96,167,Combination,h1,1,ARIMA,8.255850315093994,4.930356979370117,0.9734302509670751,0.8172148218218757,1.5895453960701638,1.6022798790953232,0.32303805564233934,0.0,1.0,1.8490637753068808,2.846370182488931,True
D1,96,167,Combination,h1_6,1,ARIMA,8.255850315093994,4.930356979370117,1.2839970199302733,1.1061806357307735,2.1009793652487185,2.124518268581096,0.41695307936132225,0.5,1.0,2.409504511541905,3.69542793598704,True
D1,96,167,Combination,h1_12,1,ARIMA,8.255850315093994,4.930356979370117,1.5657773421552887,1.358806617017253,2.5274510622813375,2.523238733812372,0.520082942561226,0.3333333333333333,1.0,2.9063778186712925,4.412340999546644,True
D1,96,168,Combination,h1,1,ARIMA,8.255850315093994,4.930356979370117,3.8790672297203126,3.1143569813406407,6.48442650505729,6.7017102426919175,1.7120407042758718,0.0,0.0,1.9765588146181847,3.0423793994206108,True
D1,96,168,Combination,h1_6,1,ARIMA,8.255850315093994,4.930356979370117,2.8832935256207017,2.45159036653666,4.791759062818989,4.924702052557053,1.1595254352116438,0.16666666666666666,0.3333333333333333,2.6178858639916043,4.011800635722938,True
D1,96,168,Combination,h1_12,1,ARIMA,8.255850315093994,4.930356979370117,1.8454807494917531,1.829614360586711,3.0489433415320506,3.1152449671746907,0.7695277792441502,0.5833333333333334,0.6666666666666666,3.2018193577152148,4.862072926030361,True
D1,96,169,Combination,h1,1,ARIMA,8.255850315093994,4.930356979370117,1.8029931745857637,1.4832749508458514,2.7178159134862887,2.681378448400577,0.6554191923265056,0.0,0.0,1.9971635709426119,3.0744654405293126,True
D1,96,169,Combination,h1_6,1,ARIMA,8.255850315093994,4.930356979370117,1.1348161778392996,1.1741732420063067,1.7485833486905737,1.7608702241472374,0.44386473287953987,0.6666666666666666,0.8333333333333334,2.9469010668194726,4.550664218071022,True
D1,96,169,Combination,h1_12,1,ARIMA,8.255850315093994,4.930356979370117,1.5723241834161679,1.5831394172451676,2.443031580082904,2.4794270960728957,0.5927252351471142,0.5833333333333334,0.8333333333333334,3.759428069854766,5.7129328586866475,True
D1,96,170,Combination,h1,1,ARIMA,8.255850315093994,4.930356979370117,1.9241143626574677,1.5071565375333633,2.82756594634904,2.788147590448306,0.710658028263614,0.0,0.0,2.0405069295215172,3.141126126930407,True
D1,96,170,Combination,h1_6,1,ARIMA,8.255850315093994,4.930356979370117,1.8314290892025937,1.5249245392292303,2.7006018476163014,2.660167713263285,0.6646528380308876,0.16666666666666666,0.5,2.6651120291590518,4.0850619084794015,True
D1,96,170,Combination,h1_12,1,ARIMA,8.255850315093994,4.930356979370117,1.8474618885353433,1.6155187446268706,2.7226846764155574,2.6774947769493562,0.6877472193516072,0.25,0.6666666666666666,3.222272819642242,4.8939151414466995,True
D1,96,171,Combination,h1,1,ARIMA,8.255850315093994,4.930356979370117,0.6532152850236537,0.5166881781702651,1.0433307916947423,1.0379163413043129,0.22319980674900192,1.0,1.0,2.0567925357846852,3.166627457323571,True
D1,96,171,Combination,h1_6,1,ARIMA,8.255850315093994,4.930356979370117,1.3220738057857666,1.2223312607607384,2.1595187685852353,2.188838326607241,0.45108738125235315,0.8333333333333334,0.8333333333333334,2.893070677832623,4.456138097291421,True
D1,96,171,Combination,h1_12,1,ARIMA,8.255850315093994,4.930356979370117,1.5116510157084626,1.3633123003315215,2.476568931894954,2.515715534784959,0.525053315353727,0.75,0.9166666666666666,3.6170374522524504,5.4935728290211845,True
D1,96,172,Combination,h1,1,ARIMA,8.255850315093994,4.930356979370117,1.5279402114051723,1.168358109355791,2.301323193726424,2.275143985610659,0.5142286567439938,0.0,1.0,2.149567567462497,3.3089564309005293,True
D1,96,172,Combination,h1_6,1,ARIMA,8.255850315093994,4.930356979370117,2.0408979535821627,1.6396049503613865,3.078849747681348,3.037559367495314,0.7202209995713209,0.3333333333333333,0.6666666666666666,3.363773385516927,5.185687928289285,True
D1,96,172,Combination,h1_12,1,ARIMA,8.255850315093994,4.930356979370117,2.1989065260814953,1.8468072836780902,3.392604453951922,3.4170701412518087,0.7718703664365256,0.5,0.75,4.317260410523286,6.567519340991095,True
D1,96,173,Combination,h1,1,ARIMA,8.255850315093994,4.930356979370117,0.21480432350184514,0.16163175046542774,0.3533666368513087,0.3527433981100005,0.1706535106560317,1.0,1.0,2.1452278772201008,3.3025946114805977,True
D1,96,173,Combination,h1_6,1,ARIMA,8.255850315093994,4.930356979370117,1.3570600273002296,1.2159091322909776,2.303826614493791,2.3420979971709723,0.48971174474440776,0.5,1.0,3.221639422992987,4.975273594822978,True
D1,96,173,Combination,h1_12,1,ARIMA,8.255850315093994,4.930356979370117,1.7992029886782144,1.5079386763439864,3.0646252622588506,3.1242147892800887,0.6103570555778786,0.5,1.0,4.093893789828123,6.226843471947601,True
D1,96,174,Combination,h1,1,ARIMA,8.255850315093994,4.930356979370117,0.45056351033731945,0.3596773998247169,0.7562045674198752,0.7590746459914319,0.18584934045009072,1.0,1.0,1.9075377629023664,2.936678077448519,True
D1,96,174,Combination,h1_6,1,ARIMA,8.255850315093994,4.930356979370117,1.90094642280271,1.8779768517232156,3.0964994644857065,3.026438381111592,0.7817906782272183,0.5,0.5,2.2510939034096884,3.4347294542261824,True
D1,96,174,Combination,h1_12,1,ARIMA,8.255850315093994,4.930356979370117,2.4935884593614177,2.2530477391212322,4.050735278979837,3.9495544287026054,1.0062468784574479,0.25,0.3333333333333333,2.5694795223219895,3.884902924442676,True
D1,96,175,Combination,h1,1,ARIMA,8.255850315093994,4.930356979370117,0.5523225354288166,0.42952258511684244,1.0017669874403656,0.9967743094546639,0.20598196564634802,1.0,1.0,2.049320076461167,3.1549003811855987,True
D1,96,175,Combination,h1_6,1,ARIMA,8.255850315093994,4.930356979370117,1.1769759873505268,1.0166069435271192,2.1144589670753096,2.087404774754929,0.43748645589258744,0.6666666666666666,0.8333333333333334,2.9005419961487067,4.478140410204959,True
D1,96,175,Combination,h1_12,1,ARIMA,8.255850315093994,4.930356979370117,1.5622700113178125,1.4074888218632,2.8499054165496998,2.8602900126773445,0.5628116201677915,0.5833333333333334,0.9166666666666666,3.628907809974796,5.513579485120686,True
D1,96,176,Combination,h1,1,ARIMA,8.255850315093994,4.930356979370117,1.5517386276179754,1.2788579577563102,2.621945476861735,2.5880172759086917,0.5267462836745537,0.0,1.0,2.065504528259029,3.178925173009118,True
D1,96,176,Combination,h1_6,1,ARIMA,8.255850315093994,4.930356979370117,1.6426165025694874,1.4482487511589148,2.847103949387769,2.883077375750634,0.5449878750105664,0.6666666666666666,1.0,3.43810038457209,5.300748620012133,True
D1,96,176,Combination,h1_12,1,ARIMA,8.255850315093994,4.930356979370117,1.3545122317477913,1.2699529354289116,2.3492265942811343,2.380077139303277,0.5446543183958874,0.75,1.0,4.654292755986038,7.080775100827187,True
D1,96,177,Combination,h1,1,ARIMA,8.255850315093994,4.930356979370117,2.1519906167151963,1.7839210396942253,4.244903157620775,4.1566796448720975,0.8403994045499383,0.0,0.0,1.910930538958663,2.942195696387728,True
D1,96,177,Combination,h1_6,1,ARIMA,8.255850315093994,4.930356979370117,2.2318611787708016,1.8772357064015281,4.37656119442699,4.280327203979241,0.8388011448271816,0.0,0.3333333333333333,2.5740731724559227,3.9514739173578497,True
D1,96,177,Combination,h1_12,1,ARIMA,8.255850315093994,4.930356979370117,2.8252284457435466,2.4307084181205036,5.491919211913103,5.335098472280373,1.0753288815296487,0.0,0.25,3.1492288400799757,4.7898802305559265,True
D1,96,178,Combination,h1,1,ARIMA,8.255850315093994,4.930356979370117,1.183475924726647,0.9224267423745681,2.0452598885457878,2.0663914260343024,0.3973030699757006,0.0,1.0,2.0997071281205053,3.232692903046964,True
D1,96,178,Combination,h1_6,1,ARIMA,8.255850315093994,4.930356979370117,1.5688838287099385,1.2976030019874627,2.7385759734051334,2.781784654563861,0.5128018243929634,0.6666666666666666,1.0,3.1662364886359198,4.8895719636903605,True
D1,96,178,Combination,h1_12,1,ARIMA,8.255850315093994,4.930356979370117,1.4814416335951772,1.3842783226614535,2.5989192348172026,2.6489867269654535,0.5549107270571734,0.6666666666666666,1.0,4.0308267210755035,6.131093017335409,True
D1,96,179,Combination,h1,1,ARIMA,8.255850315093994,4.930356979370117,1.6508192298585718,1.3796736126512985,3.180058371491455,3.1302859118950375,0.5934464329709633,0.0,0.0,1.8820899399522566,2.897534758731912,True
D1,96,179,Combination,h1_6,1,ARIMA,8.255850315093994,4.930356979370117,2.7753151564955956,2.4277433814145706,5.23157110272848,5.087139748070238,1.0936573449188816,0.0,0.0,2.574548507808958,3.945204797077401,True
D1,96,179,Combination,h1_12,1,ARIMA,8.255850315093994,4.930356979370117,2.6763530329353906,2.4477460283506485,5.02636404593785,4.883584608804958,1.0463518792965207,0.16666666666666666,0.25,3.1263347998709934,4.747719074051921,True
D1,96,180,Combination,h1,1,ARIMA,8.255850315093994,4.930356979370117,0.9361505019156232,0.7551415628228901,1.7024751924384665,1.6881054045709494,0.29832250180112513,0.0,1.0,1.7718618058299695,2.726685127565562,True
D1,96,180,Combination,h1_6,1,ARIMA,8.255850315093994,4.930356979370117,1.6560220301384834,1.599896070396337,3.0873517500403205,3.138936273750381,0.6270068331445543,0.0,0.8333333333333334,1.861970458175703,2.78640387231081,True
D1,96,180,Combination,h1_12,1,ARIMA,8.255850315093994,4.930356979370117,1.6518579284613624,1.544698687644218,3.085475877758339,3.1417205929739613,0.6348362732938995,0.08333333333333333,0.5833333333333334,1.939408472751568,2.9108492690282506,True
D1,96,181,Combination,h1,1,ARIMA,8.255850315093994,4.930356979370117,0.2676980144370031,0.21244029579137746,0.3640683848088745,0.36340686006601103,0.16904674786214502,1.0,1.0,2.083681570742859,3.208043142338492,True
D1,96,181,Combination,h1_6,1,ARIMA,8.255850315093994,4.930356979370117,0.7753351467321141,0.8606562791794353,1.0582032434028263,1.0557607181244266,0.3622575312219875,0.8333333333333334,1.0,3.4420085263427778,5.324318388238372,True
D1,96,181,Combination,h1_12,1,ARIMA,8.255850315093994,4.930356979370117,1.1543893297851227,1.186145788027758,1.594176546397634,1.6089611323526358,0.4848790387717857,0.8333333333333334,1.0,4.4756965993337525,6.802072488592745,True
D1,96,182,Combination,h1,1,ARIMA,8.255850315093994,4.930356979370117,0.004034242564915319,0.003297218423344659,0.008042698976865591,0.008042375564836958,0.1438378703740142,1.0,1.0,1.9411744939197888,2.9882391786234983,True
D1,96,182,Combination,h1_6,1,ARIMA,8.255850315093994,4.930356979370117,0.6092301229032875,0.7496846836227861,1.2303673432464355,1.247928108125493,0.28985070984894884,0.8333333333333334,1.0,2.647075765409404,4.058822878593427,True
D1,96,182,Combination,h1_12,1,ARIMA,8.255850315093994,4.930356979370117,0.6987916364975365,0.8148837125642017,1.4118387575350007,1.4325168363613532,0.33526929235520675,0.9166666666666666,1.0,3.259924570774845,4.957027459575925,True
D1,96,183,Combination,h1,1,ARIMA,8.255850315093994,4.930356979370117,0.9919152147593622,0.8326108741591859,1.67431359854267,1.6604133354092832,0.31449872184209454,1.0,1.0,1.9370946683781198,2.9821939780336404,True
D1,96,183,Combination,h1_6,1,ARIMA,8.255850315093994,4.930356979370117,1.0264176997436067,0.9266586585196984,1.7292618909588502,1.7121780057064253,0.3859311487592896,0.8333333333333334,1.0,2.957702928001023,4.5637569614208875,True
D1,96,183,Combination,h1_12,1,ARIMA,8.255850315093994,4.930356979370117,1.0629268562747405,1.057035749949794,1.8112341217367083,1.8145750607915136,0.4317383123004896,0.9166666666666666,1.0,3.7771629643923625,5.748983977520647,True
D1,96,184,Combination,h1,1,ARIMA,8.255850315093994,4.930356979370117,0.5077262709896363,0.3937880035752132,0.827697974373306,0.8242866723283605,0.20011134217905652,1.0,1.0,2.0777222412441145,3.1989201603563293,True
D1,96,184,Combination,h1_6,1,ARIMA,8.255850315093994,4.930356979370117,1.8368115229863082,1.6814983407792883,2.941223123196139,2.8834298854289884,0.6927205773301799,0.5,0.5,3.025032481108695,4.675379252066936,True
D1,96,184,Combination,h1_12,1,ARIMA,8.255850315093994,4.930356979370117,1.2522186841013403,1.2588584222881143,2.0174759567641156,1.9903706836828992,0.541023036607943,0.75,0.75,3.8237321734140712,5.810951581915146,True
D1,96,185,Combination,h1,1,ARIMA,8.255850315093994,4.930356979370117,1.8251702653261779,1.5054155392910762,2.9714060377544453,3.016218080837367,0.6917164520188136,0.0,0.0,1.920085525896417,2.956113554356565,True
D1,96,185,Combination,h1_6,1,ARIMA,8.255850315093994,4.930356979370117,1.9215006546726567,1.8229959679471641,3.1429472436035137,3.2100387341535885,0.7568605676722061,0.3333333333333333,0.5,2.470746711642983,3.7861020149319624,True
D1,96,185,Combination,h1_12,1,ARIMA,8.255850315093994,4.930356979370117,1.4160875136708486,1.4148560608946157,2.3052047855546616,2.3436656129145046,0.5554261288254102,0.6666666666666666,0.75,2.9536828616413735,4.477475427160611,True
D1,96,186,Combination,h1,1,ARIMA,8.255850315093994,4.930356979370117,2.4222268313670052,1.8866086730046587,4.572165271752014,4.679134144949039,0.9761639111562547,0.0,0.0,2.042360694745738,3.144288555511971,True
D1,96,186,Combination,h1_6,1,ARIMA,8.255850315093994,4.930356979370117,2.254278871670498,1.8230652597201262,4.274569286809177,4.375827694359979,0.8336209797734854,0.16666666666666666,0.5,2.679790155606204,4.106905615297321,True
D1,96,186,Combination,h1_12,1,ARIMA,8.255850315093994,4.930356979370117,1.5302979812091475,1.386127338789806,2.8947606646014785,2.952988386605768,0.5945529479563868,0.5833333333333334,0.75,3.2262230209830003,4.887070032114032,True
D1,96,187,Combination,h1,1,ARIMA,8.255850315093994,4.930356979370117,0.29916280823560587,0.23202446039017144,0.4647364307354856,0.4636590345115998,0.17000965508034985,1.0,1.0,2.073353617370734,3.191639121982414,True
D1,96,187,Combination,h1_6,1,ARIMA,8.255850315093994,4.930356979370117,1.6389142699926664,1.5820647221922466,2.5022866320080106,2.455173633770313,0.6514824540583832,0.6666666666666666,0.6666666666666666,2.823680243241825,4.327942275499809,True
D1,96,187,Combination,h1_12,1,ARIMA,8.255850315093994,4.930356979370117,1.4826983049792994,1.4105251807334718,2.269948679239446,2.232894466143109,0.591513792155024,0.75,0.8333333333333334,3.5301213249805468,5.362058450225635,True
D1,96,188,Combination,h1,1,ARIMA,8.255850315093994,4.930356979370117,0.4733167606810125,0.38247060358597257,0.8243932532416244,0.8278054393375573,0.20018668570652376,1.0,1.0,2.0904055328984734,3.217390244732988,True
D1,96,188,Combination,h1_6,1,ARIMA,8.255850315093994,4.930356979370117,2.601502297448907,2.2691189332067006,4.629733477690012,4.758556143553042,0.9367262149914417,0.3333333333333333,0.3333333333333333,3.4778556934114837,5.3570309305397386,True
D1,96,188,Combination,h1_12,1,ARIMA,8.255850315093994,4.930356979370117,2.1892345646321245,2.0101707277391236,3.886231156506279,3.9844443792099726,0.8189198510808163,0.5833333333333334,0.6666666666666666,4.712261937119328,7.16753932795121,True
D1,96,189,Combination,h1,1,ARIMA,8.255850315093994,4.930356979370117,0.2654217384466887,0.21321802496279638,0.48455524093872754,0.483384109420696,0.16359248896171852,1.0,1.0,2.011598437663758,3.097200579655587,True
D1,96,189,Combination,h1_6,1,ARIMA,8.255850315093994,4.930356979370117,0.7328962147141207,0.6757681438201307,1.3368594401968381,1.3296592854640341,0.30491780345439895,1.0,1.0,2.9327830713519214,4.531323585383076,True
D1,96,189,Combination,h1_12,1,ARIMA,8.255850315093994,4.930356979370117,0.8603981471609491,0.790355122210466,1.565062550514813,1.5515221273340234,0.3754444961809576,1.0,1.0,3.7168691094962396,5.653691138157995,True
D1,96,190,Combination,h1,1,ARIMA,8.255850315093994,4.930356979370117,0.2621595915535326,0.21363687607183057,0.4564294969628399,0.457473519003603,0.16236801973133286,1.0,1.0,1.9976474312574561,3.075459931840254,True
D1,96,190,Combination,h1_6,1,ARIMA,8.255850315093994,4.930356979370117,1.0265442281718513,1.1135872406400025,1.758518577302316,1.7341357256092205,0.4154326661446225,0.6666666666666666,1.0,2.8912514192970864,4.454139217308593,True
D1,96,190,Combination,h1_12,1,ARIMA,8.255850315093994,4.930356979370117,0.8976025455260017,0.9924031928466891,1.5403663714387286,1.5216153011969302,0.41899920763261944,0.75,1.0,3.6216891298526717,5.501028090943999,True
D1,96,191,Combination,h1,1,ARIMA,8.255850315093994,4.930356979370117,1.695599167580239,1.3666447746694244,2.586303401545306,2.620186386363985,0.6221970490916101,0.0,0.0,1.961327419018493,3.0196640253333347,True
D1,96,191,Combination,h1_6,1,ARIMA,8.255850315093994,4.930356979370117,2.9618323504874358,2.5365991072241894,4.592319671860248,4.71544708066303,1.1734882443754733,0.0,0.16666666666666666,2.517546008469268,3.8597931551394438,True
D1,96,191,Combination,h1_12,1,ARIMA,8.255850315093994,4.930356979370117,2.7441699569091456,2.49515213666121,4.260361988183209,4.380221113178726,1.0888546497850866,0.16666666666666666,0.3333333333333333,3.0362974805671428,4.6126385022477825,True
D1,96,192,Combination,h1,1,ARIMA,8.255850315093994,4.930356979370117,1.4656996084221428,1.1738405267800123,2.2607776932337202,2.235507762817577,0.4946858092764139,0.0,1.0,2.02381718605613,3.115456769964927,True
D1,96,192,Combination,h1_6,1,ARIMA,8.255850315093994,4.930356979370117,1.6805455821363964,1.5422257500280436,2.655297722142167,2.693632145734223,0.5977714731905645,0.3333333333333333,0.8333333333333334,2.753994958450722,4.2212526939538915,True
D1,96,192,Combination,h1_12,1,ARIMA,8.255850315093994,4.930356979370117,1.371691695132707,1.2627207635415836,2.1628024859636015,2.18986800362121,0.5009788425212475,0.6666666666666666,0.9166666666666666,3.38120397304316,5.135607533284967,True
D1,96,193,Combination,h1,1,ARIMA,8.255850315093994,4.930356979370117,1.1457301495533743,0.957041675740437,2.1962515343217524,2.1723958952314706,0.3721010819631309,0.0,1.0,1.9719564088607926,3.0360015107242475,True
D1,96,193,Combination,h1_6,1,ARIMA,8.255850315093994,4.930356979370117,0.9673072473608562,0.9692943565512702,1.846042498070588,1.821883767985398,0.4087049078139736,0.5,1.0,3.0236279377355095,4.664480883630624,True
D1,96,193,Combination,h1_12,1,ARIMA,8.255850315093994,4.930356979370117,1.4956689515912256,1.6711984677417817,2.9389170581352433,2.996061157185663,0.59523739919548,0.5,0.9166666666666666,3.876769277286672,5.896103483696776,True
D1,96,194,Combination,h1,1,ARIMA,8.255850315093994,4.930356979370117,0.2815461989541932,0.22209041249347888,0.5269087800382958,0.5255242632960266,0.16761967686311494,1.0,1.0,2.053798106651387,3.162389260609215,True
D1,96,194,Combination,h1_6,1,ARIMA,8.255850315093994,4.930356979370117,0.5167395637083418,0.47745592213474664,0.9777771154535776,0.9833024863188902,0.2671680581747423,1.0,1.0,3.0110977835668145,4.652360957547482,True
D1,96,194,Combination,h1_12,1,ARIMA,8.255850315093994,4.930356979370117,0.6493634489790612,0.6140291232055158,1.2326755482230745,1.242705239001186,0.3361851382676325,1.0,1.0,3.8247624716296102,5.818082460575461,True
D1,96,195,Combination,h1,1,ARIMA,8.255850315093994,4.930356979370117,0.11832665995735885,0.09356998893112153,0.21786350246546207,0.21810108379549809,0.15359978758374895,1.0,1.0,1.9867587044986732,3.0593735962388933,True
D1,96,195,Combination,h1_6,1,ARIMA,8.255850315093994,4.930356979370117,1.587410919800489,1.4122196307571901,2.860429278286261,2.809822348857044,0.5781549342224834,0.3333333333333333,0.6666666666666666,2.632582584182883,4.035759208643678,True
D1,96,195,Combination,h1_12,1,ARIMA,8.255850315093994,4.930356979370117,1.547612565742783,1.3594751618787235,2.7903985510488267,2.743377389009509,0.5640702847509727,0.5,0.8333333333333334,3.205318504098955,4.8689634851994645,True
D1,96,196,Combination,h1,1,ARIMA,8.255850315093994,4.930356979370117,0.5212344298444598,0.41943524818210215,0.8571928906758477,0.8535346714144387,0.1988082903533626,1.0,1.0,2.0129281012453135,3.098347025793604,True
D1,96,196,Combination,h1_6,1,ARIMA,8.255850315093994,4.930356979370117,2.3430504698680106,2.2163888123737796,3.9706711562574712,4.074511737637654,0.8800920880546135,0.3333333333333333,0.6666666666666666,2.848732571852055,4.371795735479907,True
D1,96,196,Combination,h1_12,1,ARIMA,8.255850315093994,4.930356979370117,2.3018045214764307,2.261542668845476,3.9118540855983284,4.026368133184606,0.8970665535443686,0.5,0.6666666666666666,3.6251560274084107,5.5137754283424885,True
D1,96,197,Combination,h1,1,ARIMA,8.255850315093994,4.930356979370117,0.1502811009174904,0.11926786453119552,0.23963558359745588,0.23934880114922216,0.16223695986762535,1.0,1.0,2.0800248803893813,3.2020278174047534,True
D1,96,197,Combination,h1_6,1,ARIMA,8.255850315093994,4.930356979370117,1.3569830700086611,1.579699314786741,2.121969994757011,2.083304776500664,0.5580138264435025,0.8333333333333334,0.8333333333333334,3.11303946103652,4.806320326551041,True
D1,96,197,Combination,h1_12,1,ARIMA,8.255850315093994,4.930356979370117,1.957908640756493,1.8993506012842098,3.05413923555691,2.99056023847378,0.735476088609176,0.5833333333333334,0.8333333333333334,3.9874134249541546,6.059600779161336,True
D1,96,198,Combination,h1,1,ARIMA,8.255850315093994,4.930356979370117,0.09299966515388904,0.07219874160146797,0.13134383410953573,0.1312576347045445,0.16244814279230735,1.0,1.0,2.125532117634938,3.2727255791533563,True
D1,96,198,Combination,h1_6,1,ARIMA,8.255850315093994,4.930356979370117,1.3151435392014752,1.2853256076618707,1.858300912221213,1.8541545764619731,0.5262087794915798,0.5,0.8333333333333334,3.276182330599904,5.057979406606399,True
D1,96,198,Combination,h1_12,1,ARIMA,8.255850315093994,4.930356979370117,1.0503278780844125,1.0170423592542324,1.485829031960578,1.483026958996045,0.4805962313778382,0.75,0.9166666666666666,4.204897468671747,6.402912045273078,True
D1,96,199,Combination,h1,1,ARIMA,8.255850315093994,4.930356979370117,0.8159162744202154,0.6560707262132286,1.3981640567536415,1.3884575992059605,0.26730915985423964,1.0,1.0,2.026064455168719,3.119996507292877,True
D1,96,199,Combination,h1_6,1,ARIMA,8.255850315093994,4.930356979370117,1.288567773683722,1.194896577048381,2.1887503550033034,2.1575260221762256,0.5040041755530881,0.6666666666666666,0.8333333333333334,3.3044728508507197,5.114150482328801,True
D1,96,199,Combination,h1_12,1,ARIMA,8.255850315093994,4.930356979370117,1.0361714467869103,0.9942648882007947,1.7654377480627375,1.7459570057414349,0.48046374762730193,0.8333333333333334,0.9166666666666666,4.302777057271061,6.538882995297353,True
D1,96,0,TimesFM3,h1,1,ARIMA,8.255850315093994,4.930356979370117,1.222443174235708,1.0335868441397682,2.1111850677919213,2.1337083336571214,0.40311144980705776,0.0,1.0,2.100506545009974,3.231889507060387,True
D1,96,0,TimesFM3,h1_6,1,ARIMA,8.255850315093994,4.930356979370117,2.2448170487622474,2.348110473597102,3.9778260448995635,4.105850682215572,0.9107656757375796,0.16666666666666666,0.5,2.6421135885033156,4.059120052493123,True
D1,96,0,TimesFM3,h1_12,1,ARIMA,8.255850315093994,4.930356979370117,1.5827980571166331,1.79382444427905,2.7773728563773448,2.832123958483978,0.6393840269404851,0.4166666666666667,0.75,2.7812486534050715,4.261858891341853,True
D1,96,1,TimesFM3,h1,1,ARIMA,8.255850315093994,4.930356979370117,0.2691440337046357,0.2160022863012588,0.47035041859313187,0.47145917369160906,0.1525600599388917,1.0,1.0,1.8791282126883129,2.9097964744916704,True
D1,96,1,TimesFM3,h1_6,1,ARIMA,8.255850315093994,4.930356979370117,1.244429574662488,1.235683325342352,2.1898375094612756,2.220611867128768,0.46905281674070226,0.5,0.8333333333333334,2.3773254536148936,3.6884183212072696,True
D1,96,1,TimesFM3,h1_12,1,ARIMA,8.255850315093994,4.930356979370117,1.2587906234772646,1.1817020333692958,2.2128379413727948,2.2436560951913815,0.4593024217902959,0.5,0.9166666666666666,2.6191138916170624,4.059032312178276,True
D1,96,2,TimesFM3,h1,1,ARIMA,8.255850315093994,4.930356979370117,0.2786149396472139,0.22858494670165289,0.5235460507784488,0.5221791266805861,0.1648656019503768,1.0,1.0,2.0379301707402204,3.2336934683083163,True
D1,96,2,TimesFM3,h1_6,1,ARIMA,8.255850315093994,4.930356979370117,1.4181535975435586,1.3713760205139005,2.6033415131508084,2.5575021635607533,0.5051457911526028,0.6666666666666666,0.8333333333333334,2.617545445029407,4.1632747457134816,True
D1,96,2,TimesFM3,h1_12,1,ARIMA,8.255850315093994,4.930356979370117,1.088721610051576,1.098216215819788,2.0110071870387594,1.9899230363805702,0.4156345942607824,0.75,0.9166666666666666,2.8586490601728625,4.528551641002432,True
D1,96,3,TimesFM3,h1,1,ARIMA,8.255850315093994,4.930356979370117,0.6146245232522126,0.475958646566706,1.1686463613415414,1.1755151689661116,0.21957766447411586,1.0,1.0,2.066590520867817,3.225073964265394,True
D1,96,3,TimesFM3,h1_6,1,ARIMA,8.255850315093994,4.930356979370117,1.1141011086039276,1.1368655066871993,2.1628736126229042,2.2049599566397515,0.44298170232378237,0.6666666666666666,0.8333333333333334,2.5736121684293,4.023530161672721,True
D1,96,3,TimesFM3,h1_12,1,ARIMA,8.255850315093994,4.930356979370117,1.2357682398971455,1.1872066709950844,2.353610334119519,2.352788631072571,0.47376404245644677,0.5833333333333334,0.8333333333333334,2.75040946214085,4.304568393133767,True
D1,96,4,TimesFM3,h1,1,ARIMA,8.255850315093994,4.930356979370117,1.6345763767314432,1.2995531676025212,2.941146972442496,2.9850442416116105,0.5947904758821653,0.0,0.0,2.011547944164447,3.1226797808419215,True
D1,96,4,TimesFM3,h1_6,1,ARIMA,8.255850315093994,4.930356979370117,0.6519878031821817,0.684608009590565,1.1619039169947645,1.1723238570879881,0.30691584855339576,0.8333333333333334,0.8333333333333334,2.5293902507641337,3.936740294958346,True
D1,96,4,TimesFM3,h1_12,1,ARIMA,8.255850315093994,4.930356979370117,0.9538842203170695,0.9419937108776897,1.6628641976391159,1.6529846920492863,0.3830678310470319,0.6666666666666666,0.9166666666666666,2.774580454750935,4.327516387766923,True
D1,96,5,TimesFM3,h1,1,ARIMA,8.255850315093994,4.930356979370117,1.1158123049207342,0.8893244048044665,2.0243630933774646,2.045062842083219,0.3656195621056957,1.0,1.0,2.35911508641716,3.586704627308797,True
D1,96,5,TimesFM3,h1_6,1,ARIMA,8.255850315093994,4.930356979370117,1.0658366633309682,1.0018356699497286,1.9262713698291731,1.9526671338776673,0.3978684021382461,0.8333333333333334,0.8333333333333334,2.867140233257563,4.356228235465283,True
D1,96,5,TimesFM3,h1_12,1,ARIMA,8.255850315093994,4.930356979370117,0.9848883494791547,0.9253941172318481,1.7747593707358806,1.797100380572824,0.38001839327916265,0.8333333333333334,0.9166666666666666,2.9932144584539535,4.5317339845560864,True
D1,96,6,TimesFM3,h1,1,ARIMA,8.255850315093994,4.930356979370117,0.4277614241652357,0.36296572205768285,0.853805728304936,0.8501763013242373,0.19726283388331256,1.0,1.0,2.2272987309836525,3.4251603719944432,True
D1,96,6,TimesFM3,h1_6,1,ARIMA,8.255850315093994,4.930356979370117,1.5493269976566066,1.4161698859544574,3.009545147755432,2.9581762301859538,0.5311128814326832,0.3333333333333333,1.0,2.947565944659376,4.561471865566088,True
D1,96,6,TimesFM3,h1_12,1,ARIMA,8.255850315093994,4.930356979370117,1.3940200517271994,1.2990539630277784,2.703451736166512,2.6710701954211085,0.4972349045369694,0.5,1.0,3.290453737506666,5.124307177010805,True
D1,96,7,TimesFM3,h1,1,ARIMA,8.255850315093994,4.930356979370117,2.5672508271166783,1.9565486933191303,4.391221619924143,4.296878882684934,1.0522436845716594,0.0,0.0,1.9113792744239215,2.971091534084624,True
D1,96,7,TimesFM3,h1_6,1,ARIMA,8.255850315093994,4.930356979370117,3.5386653677455984,2.7496072084043495,5.949676789453258,5.771833657705886,1.4735428746061874,0.0,0.0,2.4997704440589668,3.895307579449884,True
D1,96,7,TimesFM3,h1_12,1,ARIMA,8.255850315093994,4.930356979370117,2.8543867086519192,2.317138010526863,4.810920082220419,4.683963177736344,1.1337109829330032,0.08333333333333333,0.3333333333333333,2.713469238489822,4.2442497507449435,True
D1,96,8,TimesFM3,h1,1,ARIMA,8.255850315093994,4.930356979370117,1.2409767735031167,0.9688584395326755,2.1443551904064813,2.121607787055584,0.40981444534036293,0.0,1.0,2.145656441949861,3.346467678119462,True
D1,96,8,TimesFM3,h1_6,1,ARIMA,8.255850315093994,4.930356979370117,1.1539635047781192,1.1638436138804802,1.9703040340408113,1.9388975702322988,0.4817749287325989,0.5,0.8333333333333334,2.929706212396614,4.551975586705791,True
D1,96,8,TimesFM3,h1_12,1,ARIMA,8.255850315093994,4.930356979370117,1.4693247552153017,1.3504366938837726,2.4989395611978384,2.4572755413720127,0.5542114421250036,0.5,0.8333333333333334,3.1671023341155156,4.921948611942936,True
D1,96,9,TimesFM3,h1,1,ARIMA,8.255850315093994,4.930356979370117,0.3820132580867138,0.2979984469235547,0.6040910771662729,0.602271941636422,0.17702236975128083,1.0,1.0,1.9964025438111117,3.093144642600845,True
D1,96,9,TimesFM3,h1_6,1,ARIMA,8.255850315093994,4.930356979370117,1.091632893869576,0.9680478413345723,1.7516667623452398,1.7549498638315477,0.3905817539230155,0.5,1.0,2.37273969040768,3.664075193246405,True
D1,96,9,TimesFM3,h1_12,1,ARIMA,8.255850315093994,4.930356979370117,1.6610581306153014,1.4822411957506116,2.707553383758704,2.748509280620403,0.6255179064259094,0.3333333333333333,0.6666666666666666,2.464008170744896,3.8020026838967707,True
D1,96,10,TimesFM3,h1,1,ARIMA,8.255850315093994,4.930356979370117,0.45514329669886044,0.35955211906736834,0.8306687647887449,0.8341332067915187,0.18914377285835882,1.0,1.0,1.9912721563232514,3.1092544572377876,True
D1,96,10,TimesFM3,h1_6,1,ARIMA,8.255850315093994,4.930356979370117,1.0194778388186765,0.886984479885404,1.85822365603734,1.879467674170979,0.3585423269963562,0.8333333333333334,1.0,2.84694363815803,4.416067194890431,True
D1,96,10,TimesFM3,h1_12,1,ARIMA,8.255850315093994,4.930356979370117,1.6591020028664498,1.5738434152619667,3.032709037260035,3.100334967088686,0.6018392338790329,0.6666666666666666,0.75,3.1909103051624044,4.947015382366389,True
D1,96,11,TimesFM3,h1,1,ARIMA,8.255850315093994,4.930356979370117,0.3942927065646965,0.3176077639048349,0.6468881727584828,0.6448025968900223,0.1724519842470701,1.0,1.0,1.887503158812947,2.9243644254576178,True
D1,96,11,TimesFM3,h1_6,1,ARIMA,8.255850315093994,4.930356979370117,1.06942626348709,1.091061216758517,1.743370214199258,1.7297041416546162,0.4079883961408708,0.8333333333333334,0.8333333333333334,2.5887481860044934,3.999865616682711,True
D1,96,11,TimesFM3,h1_12,1,ARIMA,8.255850315093994,4.930356979370117,1.1188518608437157,1.0586024520144073,1.855274582256054,1.8600757913259918,0.41288491809190614,0.8333333333333334,0.9166666666666666,2.8244443951951625,4.361919900222382,True
D1,96,12,TimesFM3,h1,1,ARIMA,8.255850315093994,4.930356979370117,1.1224983122026753,0.9240999384327255,2.0207833808651374,2.000569789946217,0.373809063297892,0.0,1.0,1.9866006241055854,3.118445602550899,True
D1,96,12,TimesFM3,h1_6,1,ARIMA,8.255850315093994,4.930356979370117,0.9787783699908073,0.9489777456116495,1.7908720351039884,1.7770067316685,0.38426382773511447,0.6666666666666666,0.8333333333333334,2.7493190381121524,4.272774898750386,True
D1,96,12,TimesFM3,h1_12,1,ARIMA,8.255850315093994,4.930356979370117,0.8460927477684563,0.8441064399483945,1.5609605676005167,1.5536235228213082,0.3539595586107229,0.8333333333333334,0.9166666666666666,2.9481926122964293,4.556162423201262,True
D1,96,13,TimesFM3,h1,1,ARIMA,8.255850315093994,4.930356979370117,0.7374278295814228,0.5887593179546013,1.2496829867525563,1.2575406223571057,0.2558229038387636,1.0,1.0,2.273586898680095,3.498700912774694,True
D1,96,13,TimesFM3,h1_6,1,ARIMA,8.255850315093994,4.930356979370117,1.275760985686262,1.2667598139985388,2.0819602405783146,2.052104798616935,0.4894816002950854,0.6666666666666666,0.8333333333333334,2.8350236952447867,4.381813101877568,True
D1,96,13,TimesFM3,h1_12,1,ARIMA,8.255850315093994,4.930356979370117,1.331780612228202,1.3032747054560971,2.200853212719276,2.2053524357108207,0.5104943754643164,0.5833333333333334,0.9166666666666666,3.052458656145286,4.743096961226349,True
D1,96,14,TimesFM3,h1,1,ARIMA,8.255850315093994,4.930356979370117,0.48106908568689105,0.3748108019145311,0.8696733225950221,0.8659080369970373,0.19852337066275672,1.0,1.0,2.0843616827397624,3.249567637492064,True
D1,96,14,TimesFM3,h1_6,1,ARIMA,8.255850315093994,4.930356979370117,0.517097801455976,0.5142644639928786,0.9280491992843585,0.9309726827193449,0.2665188808961688,1.0,1.0,2.8152426416080476,4.3699816828288,True
D1,96,14,TimesFM3,h1_12,1,ARIMA,8.255850315093994,4.930356979370117,0.6650079470283439,0.6122913222151333,1.1857611843689222,1.189972315068514,0.3032284666705135,1.0,1.0,3.0918232504030048,4.808460650958895,True
D1,96,15,TimesFM3,h1,1,ARIMA,8.255850315093994,4.930356979370117,0.14858051742960748,0.11055053787446736,0.24659705109854993,0.2469014769792247,0.20408241655927195,1.0,1.0,2.669153938176912,4.139317934899945,True
D1,96,15,TimesFM3,h1_6,1,ARIMA,8.255850315093994,4.930356979370117,1.07742764321788,1.1761803957880501,1.7493145895279893,1.7250328681179479,0.49196836660067395,0.8333333333333334,0.8333333333333334,3.5496620511891424,5.47246172373709,True
D1,96,15,TimesFM3,h1_12,1,ARIMA,8.255850315093994,4.930356979370117,1.2619382954546883,1.2448021332303765,2.053425606779071,2.062431825632231,0.5321870777373653,0.75,0.9166666666666666,3.9038387246819144,6.010411301485092,True
D1,96,16,TimesFM3,h1,1,ARIMA,8.255850315093994,4.930356979370117,1.065112426625079,0.8266736889754753,1.8422795438856825,1.8594072839000881,0.3523342919547598,0.0,1.0,1.9966249893881174,3.1224898122150884,True
D1,96,16,TimesFM3,h1_6,1,ARIMA,8.255850315093994,4.930356979370117,0.9994734631097505,0.9037538625509519,1.7123955646397144,1.7324939899714495,0.3680162292953191,0.6666666666666666,1.0,2.5687576315337712,3.978400844592441,True
D1,96,16,TimesFM3,h1_12,1,ARIMA,8.255850315093994,4.930356979370117,0.9259033647931733,0.8305634899462613,1.5805372779163915,1.5854406800949894,0.3435817397032441,0.75,1.0,2.5685591923024496,4.011939279566161,True
D1,96,17,TimesFM3,h1,1,ARIMA,8.255850315093994,4.930356979370117,0.5844857629234159,0.47820900786765147,1.2312631468891435,1.238890145786901,0.21304664629657016,1.0,1.0,2.0368049354198106,3.181826745340984,True
D1,96,17,TimesFM3,h1_6,1,ARIMA,8.255850315093994,4.930356979370117,0.8325564690605037,0.7570444770002983,1.7485666584733015,1.7366992461188089,0.30615117348726917,0.8333333333333334,1.0,2.5973551851517063,4.020191647536035,True
D1,96,17,TimesFM3,h1_12,1,ARIMA,8.255850315093994,4.930356979370117,1.0055498825451468,0.9965368777607183,2.103203225427881,2.0749254265732735,0.38088529174063046,0.75,0.9166666666666666,2.7536283744802996,4.256492443608729,True
D1,96,18,TimesFM3,h1,1,ARIMA,8.255850315093994,4.930356979370117,1.0268320858391333,0.7970526257270579,1.6854516404866071,1.6713666025757776,0.3178771291384781,1.0,1.0,1.9650626659151635,2.883684753008853,True
D1,96,18,TimesFM3,h1_6,1,ARIMA,8.255850315093994,4.930356979370117,0.7109289048980201,0.6070076681346513,1.1659986396741018,1.1669795849835776,0.2646923924353079,1.0,1.0,2.276486104138821,3.3485421109837934,True
D1,96,18,TimesFM3,h1_12,1,ARIMA,8.255850315093994,4.930356979370117,0.8700840514552782,0.7861764523065323,1.433883571103433,1.4439680859908028,0.32450457278725203,0.8333333333333334,0.9166666666666666,2.3913448489472158,3.4989707827784784,True
D1,96,19,TimesFM3,h1,1,ARIMA,8.255850315093994,4.930356979370117,1.3588809904107815,1.100061690604652,2.3894231558863654,2.3612134652372228,0.4662197580420837,0.0,1.0,1.9458923294367494,3.0227977836366566,True
D1,96,19,TimesFM3,h1_6,1,ARIMA,8.255850315093994,4.930356979370117,0.9266746153344426,0.86353345027411,1.6429389325839678,1.6253262767252912,0.3539219408693597,0.6666666666666666,1.0,2.4713736773131703,3.8330242969419617,True
D1,96,19,TimesFM3,h1_12,1,ARIMA,8.255850315093994,4.930356979370117,0.9892236318148646,1.0783252455393282,1.7821917084860524,1.7939992546275774,0.4159942875105236,0.6666666666666666,0.8333333333333334,2.644369771504896,4.101355743502294,True
D1,96,20,TimesFM3,h1,1,ARIMA,8.255850315093994,4.930356979370117,0.24743080433090006,0.2010667863711327,0.43189869919514856,0.43096802654485156,0.1597134052908061,1.0,1.0,1.9896680924125953,3.0816331263449324,True
D1,96,20,TimesFM3,h1_6,1,ARIMA,8.255850315093994,4.930356979370117,0.31832184889649934,0.3016502163020523,0.5529089298707361,0.5513293171888933,0.21013100079005445,1.0,1.0,2.534397131228028,3.9321616923155185,True
D1,96,20,TimesFM3,h1_12,1,ARIMA,8.255850315093994,4.930356979370117,0.5613525066613018,0.6366457780002176,0.9671468392490628,0.9595261279949662,0.2776263012567788,0.9166666666666666,1.0,2.756390752168841,4.271121547541426,True
D1,96,21,TimesFM3,h1,1,ARIMA,8.255850315093994,4.930356979370117,1.6243929358482072,1.3413436673696701,2.8944052993339695,2.853114944262557,0.5557075865097867,0.0,1.0,2.2627390295036713,3.456047210583988,True
D1,96,21,TimesFM3,h1_6,1,ARIMA,8.255850315093994,4.930356979370117,1.0647644147050754,0.9566982414237567,1.8914812629873021,1.870550902834645,0.38156714170753425,0.6666666666666666,1.0,2.6375740362858626,4.045746799006953,True
D1,96,21,TimesFM3,h1_12,1,ARIMA,8.255850315093994,4.930356979370117,1.0254853600261888,0.9207942247838361,1.8237780201890343,1.8055229208095225,0.3703325688036427,0.75,1.0,2.7863195152900966,4.284553080428831,True
D1,96,22,TimesFM3,h1,1,ARIMA,8.255850315093994,4.930356979370117,0.15854920411502965,0.1254418700094198,0.24725104894639596,0.2475570927006177,0.17619489846320902,1.0,1.0,2.28048543433231,3.5467386708708366,True
D1,96,22,TimesFM3,h1_6,1,ARIMA,8.255850315093994,4.930356979370117,1.9894202866465145,1.8588781283753466,3.0466701044973887,2.9839386589053296,0.7442420597145327,0.3333333333333333,0.6666666666666666,2.9221374685492134,4.547011920953018,True
D1,96,22,TimesFM3,h1_12,1,ARIMA,8.255850315093994,4.930356979370117,2.216471348378111,1.9230691023912718,3.3981229127973065,3.3305290511206738,0.7977569279766672,0.16666666666666666,0.6666666666666666,3.1255620125036576,4.853214413878139,True
D1,96,23,TimesFM3,h1,1,ARIMA,8.255850315093994,4.930356979370117,1.6036519384686196,1.3175078879710922,2.5372558752142957,2.5698578093403666,0.5589809635222794,0.0,0.0,2.039748258822112,3.2029653210051627,True
D1,96,23,TimesFM3,h1_6,1,ARIMA,8.255850315093994,4.930356979370117,0.9344327023067139,0.8856971225312319,1.4770801072464466,1.4867524331317086,0.37648299577338423,0.6666666666666666,0.8333333333333334,2.870275419927348,4.468084717811525,True
D1,96,23,TimesFM3,h1_12,1,ARIMA,8.255850315093994,4.930356979370117,1.2802617921504542,1.2711527655523394,2.0017442903561182,1.985178656576757,0.48861152946446085,0.5833333333333334,0.8333333333333334,3.1906983266073583,4.95135321801959,True
D1,96,24,TimesFM3,h1,1,ARIMA,8.255850315093994,4.930356979370117,0.4831094613835028,0.38618949359691895,0.8615795483865039,0.8578838723897956,0.2049105211431445,1.0,1.0,2.1938689969131224,3.4578979232343814,True
D1,96,24,TimesFM3,h1_6,1,ARIMA,8.255850315093994,4.930356979370117,0.8566066998416291,0.7756364390311339,1.5076419120157982,1.4932678703991278,0.3493951172829189,1.0,1.0,3.2980830841666857,5.1765784071978915,True
D1,96,24,TimesFM3,h1_12,1,ARIMA,8.255850315093994,4.930356979370117,0.9629908660385472,0.8554159031087747,1.6893110155311915,1.674442041901229,0.3882110812181336,1.0,1.0,3.7178795716484934,5.815226974814771,True
D1,96,25,TimesFM3,h1,1,ARIMA,8.255850315093994,4.930356979370117,0.2993182389113167,0.2268943363724394,0.47433035119799083,0.4754579719320228,0.14668675815774118,1.0,1.0,1.7025442339374897,2.699611628535135,True
D1,96,25,TimesFM3,h1_6,1,ARIMA,8.255850315093994,4.930356979370117,0.9128262393929182,0.9449111986816523,1.4509524148913906,1.460905632801355,0.376018406772813,0.6666666666666666,0.8333333333333334,2.1067952863509563,3.3843068156041936,True
D1,96,25,TimesFM3,h1_12,1,ARIMA,8.255850315093994,4.930356979370117,1.2618011724132852,1.1685006819556516,1.9893110548769601,2.013971634572405,0.4728730232870596,0.5,0.75,2.277168217084729,3.685481722097227,True
D1,96,26,TimesFM3,h1,1,ARIMA,8.255850315093994,4.930356979370117,0.47683985325434586,0.3815995190102083,0.8132125390223649,0.8165326118146065,0.1951359909955003,1.0,1.0,2.039765256711234,3.1837989200361054,True
D1,96,26,TimesFM3,h1_6,1,ARIMA,8.255850315093994,4.930356979370117,1.5269753265320811,1.5216728228672367,2.678106685091322,2.7357398942580957,0.5775661045977268,0.6666666666666666,0.6666666666666666,2.8446626600836264,4.407668216400717,True
D1,96,26,TimesFM3,h1_12,1,ARIMA,8.255850315093994,4.930356979370117,1.5497066075428316,1.4476849764781847,2.6855941047765137,2.7089900507267997,0.5603343804789771,0.6666666666666666,0.75,3.092331568857196,4.778827805753876,True
D1,96,27,TimesFM3,h1,1,ARIMA,8.255850315093994,4.930356979370117,0.21614668434944467,0.17459278748924487,0.39243245282524963,0.3932039828424873,0.15527516984370654,1.0,1.0,1.9427635286252443,3.0807118776451246,True
D1,96,27,TimesFM3,h1_6,1,ARIMA,8.255850315093994,4.930356979370117,0.297757515229563,0.30209472332291054,0.5461837888056695,0.5440968034952262,0.2337142203739161,1.0,1.0,2.9059319346157055,4.550831223394775,True
D1,96,27,TimesFM3,h1_12,1,ARIMA,8.255850315093994,4.930356979370117,1.4246030911885756,1.8645310108859214,2.7466818392535304,2.8499831573281935,0.646645195764115,0.75,0.75,3.259436795779123,5.088707560731579,True
D1,96,28,TimesFM3,h1,1,ARIMA,8.255850315093994,4.930356979370117,0.2396214434030558,0.19606888886762666,0.45524846809435193,0.4542145656683188,0.18355919770632667,1.0,1.0,2.3290038374949376,3.5606839276795745,True
D1,96,28,TimesFM3,h1_6,1,ARIMA,8.255850315093994,4.930356979370117,1.0582292369076294,1.0418038880339553,1.9624916210137466,1.9351617754727133,0.4096515495111594,0.5,1.0,2.805910858955987,4.329613355829001,True
D1,96,28,TimesFM3,h1_12,1,ARIMA,8.255850315093994,4.930356979370117,1.0645995719558894,1.0297757995634607,1.9663782329006458,1.939933141790539,0.40802212916081926,0.6666666666666666,0.9166666666666666,2.9754881963988766,4.630188058367039,True
D1,96,29,TimesFM3,h1,1,ARIMA,8.255850315093994,4.930356979370117,1.175328342649733,0.9852863534456263,2.148214117400014,2.1715387685959096,0.3941818016059266,0.0,1.0,1.8523245662562122,2.894652757376065,True
D1,96,29,TimesFM3,h1_6,1,ARIMA,8.255850315093994,4.930356979370117,1.21366193565299,1.07382392663695,2.232803692430029,2.2609528364255773,0.42322009727969967,0.5,1.0,2.53119374246957,3.9416865766554894,True
D1,96,29,TimesFM3,h1_12,1,ARIMA,8.255850315093994,4.930356979370117,1.153409654162623,1.060722293240536,2.1362837645511874,2.162966607311595,0.4147579156355726,0.5833333333333334,1.0,2.7364651097532087,4.255703570208403,True
D1,96,30,TimesFM3,h1,1,ARIMA,8.255850315093994,4.930356979370117,0.9019332851591008,0.7141010089126705,1.4944329388079318,1.4833491099595568,0.302553767019921,1.0,1.0,2.334867318221238,3.6166723462775283,True
D1,96,30,TimesFM3,h1_6,1,ARIMA,8.255850315093994,4.930356979370117,1.2689602882788853,1.1886969523530149,2.1606677052671537,2.1906440540183105,0.4692141404768861,0.8333333333333334,0.8333333333333334,2.9805126266115614,4.625642243266049,True
D1,96,30,TimesFM3,h1_12,1,ARIMA,8.255850315093994,4.930356979370117,1.5570099725395716,1.4063443946481864,2.6661960306089574,2.7099388000722007,0.5647186573893527,0.6666666666666666,0.75,3.1919478387597984,4.945961547733845,True
D1,96,31,TimesFM3,h1,1,ARIMA,8.255850315093994,4.930356979370117,1.9423122643568973,1.54472753736615,3.327873850406171,3.3841845466956566,0.7280887358596406,0.0,0.0,2.014906547355231,3.1297423171221253,True
D1,96,31,TimesFM3,h1_6,1,ARIMA,8.255850315093994,4.930356979370117,1.7059364606967788,1.6228005067780895,2.8636494200099167,2.8279930787403176,0.6601926295590008,0.5,0.5,2.467367792009705,3.8115658255711415,True
D1,96,31,TimesFM3,h1_12,1,ARIMA,8.255850315093994,4.930356979370117,1.783535661720851,1.701551952731244,2.98420822446767,2.934158211699409,0.694129752468141,0.5,0.5,2.57841202120822,3.9756019129190876,True
D1,96,32,TimesFM3,h1,1,ARIMA,8.255850315093994,4.930356979370117,2.4207380638312754,1.840377490569244,3.7512226559720285,3.6821596524167695,0.9433445224544998,0.0,0.0,2.192332985165506,3.4157748436012128,True
D1,96,32,TimesFM3,h1_6,1,ARIMA,8.255850315093994,4.930356979370117,1.3700483335714113,1.2686307801483212,2.1769766657090717,2.1874503813049935,0.5343342911531525,0.6666666666666666,0.6666666666666666,2.715888511199678,4.2150021053241336,True
D1,96,32,TimesFM3,h1_12,1,ARIMA,8.255850315093994,4.930356979370117,1.9666062049396216,1.7770673686906342,3.17308701068552,3.23388689048709,0.778242123216759,0.4166666666666667,0.5,2.884004266882999,4.458430254718522,True
D1,96,33,TimesFM3,h1,1,ARIMA,8.255850315093994,4.930356979370117,0.5787989416769757,0.46948937327543533,0.9246681767711625,0.9289630898038457,0.2104095276084123,1.0,1.0,2.0026919787494206,3.1218198540268083,True
D1,96,33,TimesFM3,h1_6,1,ARIMA,8.255850315093994,4.930356979370117,2.262589141639069,2.1421403248696222,3.534668842059293,3.4542239835831987,0.8532802446609947,0.16666666666666666,0.6666666666666666,2.798914533843607,4.3513465062117085,True
D1,96,33,TimesFM3,h1_12,1,ARIMA,8.255850315093994,4.930356979370117,1.6530122069205881,1.7060939535356152,2.6166031371398097,2.5878307240103404,0.6525889728550875,0.4166666666666667,0.8333333333333334,3.1827372079833367,4.936619596786237,True
D1,96,34,TimesFM3,h1,1,ARIMA,8.255850315093994,4.930356979370117,0.6138227022929872,0.4912740938432127,1.0395814097038532,1.0450132916583603,0.22014267775041466,1.0,1.0,2.082015176289055,3.217747379481103,True
D1,96,34,TimesFM3,h1_6,1,ARIMA,8.255850315093994,4.930356979370117,2.547061126789582,2.2436577720871584,4.380499817252843,4.500688173305359,0.932890215753064,0.3333333333333333,0.5,3.045394928250919,4.744948040211274,True
D1,96,34,TimesFM3,h1_12,1,ARIMA,8.255850315093994,4.930356979370117,2.3046240558412827,2.0811819818558837,3.9555295034944176,4.058455191469271,0.8355546599626366,0.4166666666666667,0.6666666666666666,3.5074922091038143,5.504514589802888,True
D1,96,35,TimesFM3,h1,1,ARIMA,8.255850315093994,4.930356979370117,1.902983841319994,1.5212419936828716,3.136778527057039,3.088341313475375,0.6976775177991371,0.0,0.0,2.0662704492976944,3.197860610003102,True
D1,96,35,TimesFM3,h1_6,1,ARIMA,8.255850315093994,4.930356979370117,1.3919479929310141,1.3278164896645683,2.2775260951480427,2.2412764471288376,0.5470037852881187,0.5,0.5,2.6176251944109357,4.06872408261839,True
D1,96,35,TimesFM3,h1_12,1,ARIMA,8.255850315093994,4.930356979370117,1.544158448381455,1.4411674672346404,2.559675956863615,2.5649067538029193,0.5866292261782955,0.5,0.5833333333333334,2.7988014862690282,4.362474457756701,True
D1,96,36,TimesFM3,h1,1,ARIMA,8.255850315093994,4.930356979370117,0.13100332138728216,0.10573859969160265,0.23222585538333762,0.2324958130786638,0.16520835251003313,1.0,1.0,2.149058825321352,3.3593261716032465,True
D1,96,36,TimesFM3,h1_6,1,ARIMA,8.255850315093994,4.930356979370117,0.49162778885274816,0.5245052795612098,0.880345345106952,0.884123913749628,0.2615788964438544,1.0,1.0,2.8163367954538066,4.369601959921108,True
D1,96,36,TimesFM3,h1_12,1,ARIMA,8.255850315093994,4.930356979370117,0.6144129661425247,0.6160923457129207,1.094728750271951,1.091170804193269,0.29326716511263307,1.0,1.0,3.0211736721286555,4.673632290468471,True
D1,96,37,TimesFM3,h1,1,ARIMA,8.255850315093994,4.930356979370117,0.7079074964777519,0.5745793805981635,1.1608664849129906,1.1541673141481077,0.23520372451195712,1.0,1.0,1.7275649168963032,2.639232420073442,True
D1,96,37,TimesFM3,h1_6,1,ARIMA,8.255850315093994,4.930356979370117,1.0679074525162686,1.0802949513411895,1.7559882024730915,1.7536281867493317,0.42660826519510564,0.5,0.6666666666666666,1.848680854705763,2.831514181540504,True
D1,96,37,TimesFM3,h1_12,1,ARIMA,8.255850315093994,4.930356979370117,1.3860973601713276,1.2646393925508408,2.270837835946163,2.2601571319005127,0.5287482955882827,0.25,0.5833333333333334,1.8828742588559781,2.8825739826257295,True
D1,96,38,TimesFM3,h1,1,ARIMA,8.255850315093994,4.930356979370117,1.5064494150183283,1.2347477204950073,2.8991309250139112,2.857706597161673,0.518909486018859,0.0,1.0,2.0404187046511804,3.130519930239257,True
D1,96,38,TimesFM3,h1_6,1,ARIMA,8.255850315093994,4.930356979370117,1.323252733959269,1.2175766800862142,2.5485389941134997,2.5087502296030086,0.48827070817446,0.3333333333333333,0.6666666666666666,2.307363261052536,3.5442989893613817,True
D1,96,38,TimesFM3,h1_12,1,ARIMA,8.255850315093994,4.930356979370117,1.1287136248417522,1.062072721890339,2.1771255136948717,2.146662335083472,0.4162911181784462,0.5,0.8333333333333334,2.344820732940509,3.6043322627466954,True
D1,96,39,TimesFM3,h1,1,ARIMA,8.255850315093994,4.930356979370117,1.3490946680233242,1.0633442176002648,2.222568841807735,2.2475454644064152,0.43482796646065963,0.0,1.0,2.5074684561279046,3.8329523423910397,True
D1,96,39,TimesFM3,h1_6,1,ARIMA,8.255850315093994,4.930356979370117,0.8013766096072104,0.830062557962331,1.31117684956402,1.3195344677588956,0.36171789440245633,0.6666666666666666,1.0,3.012677370604881,4.663163724454945,True
D1,96,39,TimesFM3,h1_12,1,ARIMA,8.255850315093994,4.930356979370117,1.2400336561644942,1.291020540289794,1.9936253556023638,1.9722675638515268,0.5024891645057808,0.6666666666666666,0.9166666666666666,3.226187690046401,5.033663890525646,True
D1,96,40,TimesFM3,h1,1,ARIMA,8.255850315093994,4.930356979370117,0.3335801489274618,0.26960166821541015,0.5954184784897709,0.5936511242440154,0.17233945415489926,1.0,1.0,2.063344942451411,3.1756923172957325,True
D1,96,40,TimesFM3,h1_6,1,ARIMA,8.255850315093994,4.930356979370117,0.8023726961829178,0.8298763780271081,1.4418926679849728,1.4586934953930126,0.3218193516268202,0.8333333333333334,0.8333333333333334,2.424270475014353,3.7379049911594713,True
D1,96,40,TimesFM3,h1_12,1,ARIMA,8.255850315093994,4.930356979370117,0.9424077274235952,0.9003435642612279,1.6760451543197632,1.6799198597254563,0.354189138024137,0.6666666666666666,0.9166666666666666,2.5358267382436654,3.9074192761548954,True
D1,96,41,TimesFM3,h1,1,ARIMA,8.255850315093994,4.930356979370117,1.4990032963221576,1.227437210318381,2.7789508455244283,2.8181077602399163,0.5194404744504645,0.0,1.0,2.0591075261604534,3.180893123978919,True
D1,96,41,TimesFM3,h1_6,1,ARIMA,8.255850315093994,4.930356979370117,0.7648169780049582,0.7720837357302802,1.386098814815754,1.3845202015536504,0.31024806923445636,0.6666666666666666,1.0,2.363826599443354,3.6360359342672774,True
D1,96,41,TimesFM3,h1_12,1,ARIMA,8.255850315093994,4.930356979370117,0.7993855642976383,0.7884701587051388,1.451706196760613,1.4562817384040694,0.31654842759137636,0.6666666666666666,1.0,2.4371232507895493,3.7338236430373835,True
D1,96,42,TimesFM3,h1,1,ARIMA,8.255850315093994,4.930356979370117,0.7685334942306411,0.645833419993639,1.4374708670088512,1.4478772740108252,0.2565513692529071,1.0,1.0,1.971426683769321,3.0651457593631894,True
D1,96,42,TimesFM3,h1_6,1,ARIMA,8.255850315093994,4.930356979370117,1.0574370549376468,1.257928131050351,1.9710731465305518,1.9395944976959987,0.4352462798583289,0.8333333333333334,0.8333333333333334,2.5636618660105603,3.9563759149330497,True
D1,96,42,TimesFM3,h1_12,1,ARIMA,8.255850315093994,4.930356979370117,1.1200657707091077,1.210836311792131,2.1264877925211563,2.120011349504565,0.43638709867637765,0.8333333333333334,0.8333333333333334,2.743785992231432,4.230079141832574,True
D1,96,43,TimesFM3,h1,1,ARIMA,8.255850315093994,4.930356979370117,1.0597790566853655,0.8457491906504755,1.8077085598462543,1.8241966392442774,0.3513698402455783,0.0,1.0,1.855579918721748,2.8882499057594,True
D1,96,43,TimesFM3,h1_6,1,ARIMA,8.255850315093994,4.930356979370117,0.6011944559653568,0.5362648682330379,1.0241128616175508,1.0269690843309458,0.26240607719077524,0.8333333333333334,1.0,2.5403188197376507,3.935043103097289,True
D1,96,43,TimesFM3,h1_12,1,ARIMA,8.255850315093994,4.930356979370117,0.8711838779312621,0.7731222038048835,1.4936015238492397,1.4995092763859559,0.328543749258284,0.8333333333333334,1.0,2.830766782615889,4.377640576262133,True
D1,96,44,TimesFM3,h1,1,ARIMA,8.255850315093994,4.930356979370117,0.062085939014024705,0.049871178112958034,0.10664005432577402,0.10658322412172123,0.14211175121308534,1.0,1.0,1.9050026678536773,2.933948373279043,True
D1,96,44,TimesFM3,h1_6,1,ARIMA,8.255850315093994,4.930356979370117,0.4518517982329163,0.48296145374154936,0.7851129539766379,0.7905118237503851,0.2495844287838429,1.0,1.0,2.7361456984086883,4.147338067188899,True
D1,96,44,TimesFM3,h1_12,1,ARIMA,8.255850315093994,4.930356979370117,1.5735999142283925,1.7270736901655566,2.8025576357693716,2.877043932628125,0.6204550719797235,0.5833333333333334,0.8333333333333334,3.037042995804485,4.567783934391251,True
D1,96,45,TimesFM3,h1,1,ARIMA,8.255850315093994,4.930356979370117,0.6338707901156052,0.5138660656669244,1.091406235999826,1.0973947533858197,0.22168112928310424,1.0,1.0,1.9558463122833043,3.074924091749234,True
D1,96,45,TimesFM3,h1_6,1,ARIMA,8.255850315093994,4.930356979370117,0.440412546610161,0.39267972035052856,0.7531049600733739,0.7517340901665781,0.22865972545861254,1.0,1.0,2.5805977626557013,4.0296346237706615,True
D1,96,45,TimesFM3,h1_12,1,ARIMA,8.255850315093994,4.930356979370117,0.8566225189235223,0.8655974157419536,1.4732842559723236,1.4807962459149484,0.342629558236409,0.8333333333333334,0.9166666666666666,2.7810667414365002,4.328244800133659,True
D1,96,46,TimesFM3,h1,1,ARIMA,8.255850315093994,4.930356979370117,0.3654131981827044,0.2862269603538491,0.6077525006940229,0.6059112802152752,0.17594480364562956,1.0,1.0,2.02376367346649,3.1450495046291915,True
D1,96,46,TimesFM3,h1_6,1,ARIMA,8.255850315093994,4.930356979370117,0.8232792549632917,0.7682111399374554,1.362256556383782,1.3493242149278808,0.3180486331152047,0.8333333333333334,1.0,2.531267022008213,3.9501815556143725,True
D1,96,46,TimesFM3,h1_12,1,ARIMA,8.255850315093994,4.930356979370117,0.8359698150535103,0.7621771616825233,1.3849656005546995,1.3731753672742966,0.3257773599614917,0.8333333333333334,1.0,2.7261484218155427,4.2603624478406,True
D1,96,47,TimesFM3,h1,1,ARIMA,8.255850315093994,4.930356979370117,1.3250354908386945,1.0939333584602284,2.4247805229088586,2.3957348666947826,0.4490108172140534,0.0,1.0,2.0912178322977115,3.2237392305048753,True
D1,96,47,TimesFM3,h1_6,1,ARIMA,8.255850315093994,4.930356979370117,1.3107856542425698,1.251932506646055,2.3934196296638204,2.356018460186432,0.49165946440400143,0.5,0.8333333333333334,2.5929995869481623,4.011623143099538,True
D1,96,47,TimesFM3,h1_12,1,ARIMA,8.255850315093994,4.930356979370117,0.7934427768821157,0.9101908374472875,1.4535576596439785,1.4346874529332163,0.36405029434649316,0.75,0.9166666666666666,2.7755323284482256,4.308143848310575,True
D1,96,48,TimesFM3,h1,1,ARIMA,8.255850315093994,4.930356979370117,1.187405718537881,0.9588051909569749,2.0992482123617506,2.0774428711935666,0.3980749273137727,0.0,1.0,1.9505620849629062,3.042595211345601,True
D1,96,48,TimesFM3,h1_6,1,ARIMA,8.255850315093994,4.930356979370117,2.9114627231911085,2.6492482809495086,5.0636467211329865,4.907529473193044,1.1595134426728941,0.0,0.3333333333333333,2.630646855000711,4.060601310807302,True
D1,96,48,TimesFM3,h1_12,1,ARIMA,8.255850315093994,4.930356979370117,3.049644534300384,2.804035966749993,5.284436864279104,5.111442470316525,1.2228354208573904,0.16666666666666666,0.4166666666666667,2.90585236068269,4.491615843184559,True
D1,96,49,TimesFM3,h1,1,ARIMA,8.255850315093994,4.930356979370117,0.4693930400946108,0.37008652110524604,0.8109442446511763,0.8076693705131828,0.19115520004682837,1.0,1.0,1.9883374330562265,3.067313049008341,True
D1,96,49,TimesFM3,h1_6,1,ARIMA,8.255850315093994,4.930356979370117,1.5245207498567726,1.3336679024912552,2.6294179357078544,2.587695853086976,0.5622576359595176,0.3333333333333333,0.5,2.3822259571275226,3.6571855736376837,True
D1,96,49,TimesFM3,h1_12,1,ARIMA,8.255850315093994,4.930356979370117,1.226158196212546,1.1256780271046785,2.1387392035581185,2.1259058120402368,0.45740985373281673,0.5,0.75,2.455707718354589,3.7632919284570403,True
D1,96,50,TimesFM3,h1,1,ARIMA,8.255850315093994,4.930356979370117,0.8684219566461867,0.6905041871961561,1.3424939280210257,1.3335425640460787,0.2799068604546497,1.0,1.0,1.7342044739090117,2.677424202196224,True
D1,96,50,TimesFM3,h1_6,1,ARIMA,8.255850315093994,4.930356979370117,1.2789739278114924,1.1895068078596331,1.9986031022622894,2.0154630916925496,0.4806153854860475,0.5,0.6666666666666666,2.004123625743505,3.118195120244365,True
D1,96,50,TimesFM3,h1_12,1,ARIMA,8.255850315093994,4.930356979370117,1.1136823268299663,1.062120903859905,1.7406866436827146,1.7573942162042993,0.4204432587515041,0.5833333333333334,0.75,2.0977602613034962,3.280266182222865,True
D1,96,51,TimesFM3,h1,1,ARIMA,8.255850315093994,4.930356979370117,0.06297458736889884,0.04964856177424724,0.09682984599427322,0.0968767487976057,0.14959338762635865,1.0,1.0,1.9938592777478619,3.100462298536325,True
D1,96,51,TimesFM3,h1_6,1,ARIMA,8.255850315093994,4.930356979370117,1.375229266773166,1.3277303522335724,2.1218814076122814,2.1563740770515585,0.5118714497329308,0.5,0.8333333333333334,2.553281029093381,3.990383740914074,True
D1,96,51,TimesFM3,h1_12,1,ARIMA,8.255850315093994,4.930356979370117,1.496197820221622,1.3448709377410049,2.3078465533350014,2.3431348902277165,0.5333281916818424,0.5,0.8333333333333334,2.736161009355258,4.292720304076328,True
D1,96,52,TimesFM3,h1,1,ARIMA,8.255850315093994,4.930356979370117,0.5516870301753309,0.43315991033158024,0.9339913998760847,0.9383735640696453,0.21767409392867268,1.0,1.0,2.2226517462368944,3.418376816212359,True
D1,96,52,TimesFM3,h1_6,1,ARIMA,8.255850315093994,4.930356979370117,1.2113180752936172,1.0520486501148592,2.067739958749457,2.0943591739087353,0.4218340745370839,0.5,1.0,2.646305971174298,4.0807216521860115,True
D1,96,52,TimesFM3,h1_12,1,ARIMA,8.255850315093994,4.930356979370117,1.3035812319719773,1.15448934764339,2.2320889063751075,2.2644294261554165,0.46466226144038747,0.5,0.9166666666666666,2.7536068970765837,4.241912773115646,True
D1,96,53,TimesFM3,h1,1,ARIMA,8.255850315093994,4.930356979370117,0.5862520457447422,0.4884339188146983,1.0731003427099925,1.0673733491759914,0.20453968715529994,1.0,1.0,1.879665209017042,2.9314683758494544,True
D1,96,53,TimesFM3,h1_6,1,ARIMA,8.255850315093994,4.930356979370117,0.700949923050516,0.699138019406789,1.2566286776496227,1.2466963387365901,0.2799345472906769,0.8333333333333334,1.0,2.483745007910181,3.8581539059657306,True
D1,96,53,TimesFM3,h1_12,1,ARIMA,8.255850315093994,4.930356979370117,0.8649223341721769,0.8133806060488532,1.5571625231439095,1.5569364444805447,0.32264854548170147,0.8333333333333334,1.0,2.6766126608125913,4.1574838763330275,True
D1,96,54,TimesFM3,h1,1,ARIMA,8.255850315093994,4.930356979370117,1.230074048951626,0.9488065863052747,2.2736476748893,2.2997922615300808,0.41282194593824056,0.0,1.0,2.074972608034229,3.244753664968824,True
D1,96,54,TimesFM3,h1_6,1,ARIMA,8.255850315093994,4.930356979370117,0.6548651065598299,0.5643696516684121,1.190460391255782,1.1916030885775717,0.283745249362131,0.8333333333333334,1.0,2.7211482028108978,4.2454776742356115,True
D1,96,54,TimesFM3,h1_12,1,ARIMA,8.255850315093994,4.930356979370117,0.9232212442845552,0.8753498634471742,1.6600688873650908,1.648165319201321,0.36655747330231686,0.8333333333333334,0.9166666666666666,2.906146250908214,4.533852265587666,True
D1,96,55,TimesFM3,h1,1,ARIMA,8.255850315093994,4.930356979370117,1.1608721515991562,0.9324707358068155,1.8642136105014737,1.8817535635251397,0.3873301990038928,0.0,1.0,1.9005087424351024,2.915226573132612,True
D1,96,55,TimesFM3,h1_6,1,ARIMA,8.255850315093994,4.930356979370117,0.8814352236977495,0.8408435161820924,1.3997395573736333,1.3935668176582054,0.33115634101034297,0.6666666666666666,0.8333333333333334,2.253207595248238,3.4543568916241743,True
D1,96,55,TimesFM3,h1_12,1,ARIMA,8.255850315093994,4.930356979370117,0.9765352215031321,0.9610586810500699,1.5426700942974305,1.528869417062275,0.3741050328447269,0.6666666666666666,0.8333333333333334,2.355344876752254,3.6083405723471365,True
D1,96,56,TimesFM3,h1,1,ARIMA,8.255850315093994,4.930356979370117,0.4965544844280135,0.4156014027053449,0.8735832430959231,0.8697840990258218,0.1992645871770394,1.0,1.0,2.0572351707709657,3.2190689669905255,True
D1,96,56,TimesFM3,h1_6,1,ARIMA,8.255850315093994,4.930356979370117,0.5259748978905756,0.5702610490880833,0.9193265632433242,0.9148313637033318,0.2791575529240184,1.0,1.0,2.981542786830575,4.654153957326022,True
D1,96,56,TimesFM3,h1_12,1,ARIMA,8.255850315093994,4.930356979370117,1.0191236040647114,1.2607877021130462,1.8160237835403035,1.8468408226460005,0.4546305408967377,0.8333333333333334,0.8333333333333334,3.3401231130802995,5.196843644725595,True
D1,96,57,TimesFM3,h1,1,ARIMA,8.255850315093994,4.930356979370117,0.07340207218349228,0.06092172101946112,0.14782071073861702,0.14793004636158083,0.14035689960951583,1.0,1.0,1.8600500372404862,2.8734359097516537,True
D1,96,57,TimesFM3,h1_6,1,ARIMA,8.255850315093994,4.930356979370117,0.7536477732817344,0.8348333523803024,1.4804127138626508,1.4627948575366603,0.3139449370041759,0.6666666666666666,1.0,2.3831825238560556,3.6969661820525075,True
D1,96,57,TimesFM3,h1_12,1,ARIMA,8.255850315093994,4.930356979370117,0.7064509297661714,0.737430247628519,1.3887449782532946,1.3745163963067317,0.2972969603268335,0.8333333333333334,1.0,2.565760929943342,3.991774507605306,True
D1,96,58,TimesFM3,h1,1,ARIMA,8.255850315093994,4.930356979370117,0.05670009709944533,0.045504977069744566,0.08949666373966322,0.08945663338847498,0.152275348336714,1.0,1.0,2.031350420327413,3.1582934336544706,True
D1,96,58,TimesFM3,h1_6,1,ARIMA,8.255850315093994,4.930356979370117,0.9521974374314525,1.0213034926692774,1.5139329480578847,1.5145324040143504,0.3875125324261461,0.6666666666666666,1.0,2.6745973551179776,4.150319013193284,True
D1,96,58,TimesFM3,h1_12,1,ARIMA,8.255850315093994,4.930356979370117,1.1681268788056078,1.275943909648056,1.8483801189849145,1.8383727803265808,0.4798913491623331,0.6666666666666666,0.9166666666666666,2.9282134524770784,4.541699076662435,True
D1,96,59,TimesFM3,h1,1,ARIMA,8.255850315093994,4.930356979370117,0.47460698493387093,0.3852879998310284,0.8019075712874718,0.8051357937320132,0.18229090904061968,1.0,1.0,1.8186944586835545,2.828319134600314,True
D1,96,59,TimesFM3,h1_6,1,ARIMA,8.255850315093994,4.930356979370117,0.6819774359259835,0.6314139828291145,1.1553576855505654,1.1641504643654863,0.2755638327698459,0.8333333333333334,1.0,2.4367252956465597,3.778772167523383,True
D1,96,59,TimesFM3,h1_12,1,ARIMA,8.255850315093994,4.930356979370117,1.1188287342198957,1.0843472686866706,1.9032893573748848,1.923380330878837,0.4158607465825576,0.6666666666666666,0.9166666666666666,2.651688115916534,4.111825782059842,True
D1,96,60,TimesFM3,h1,1,ARIMA,8.255850315093994,4.930356979370117,0.20025352927284623,0.16221109070132697,0.37165912658534944,0.37235106494324904,0.16757228444202124,1.0,1.0,2.1320937543696217,3.3145357829336715,True
D1,96,60,TimesFM3,h1_6,1,ARIMA,8.255850315093994,4.930356979370117,1.029557563615282,1.0792147003300199,1.8760991869347832,1.8595452053918202,0.4060798244638658,0.8333333333333334,0.8333333333333334,2.965536742005592,4.58699235191762,True
D1,96,60,TimesFM3,h1_12,1,ARIMA,8.255850315093994,4.930356979370117,0.9368321304400884,0.957706241784667,1.7024546020928566,1.6861411898613725,0.38429949932618773,0.9166666666666666,0.9166666666666666,3.2015540180035584,4.94143019023549,True
D1,96,61,TimesFM3,h1,1,ARIMA,8.255850315093994,4.930356979370117,0.23854592747157344,0.18304076847366585,0.3831488430712598,0.38388426713539076,0.16083924260451493,1.0,1.0,2.010229968604296,3.117885953655172,True
D1,96,61,TimesFM3,h1_6,1,ARIMA,8.255850315093994,4.930356979370117,0.9669577668085267,0.8637962884860175,1.5414430351548123,1.5577824599364436,0.35300597618670726,0.8333333333333334,1.0,2.6665173400676867,4.117605896307838,True
D1,96,61,TimesFM3,h1_12,1,ARIMA,8.255850315093994,4.930356979370117,1.1853809363197383,1.0799382656212129,1.8955465242645821,1.9213137301558973,0.43577728477283156,0.75,0.8333333333333334,2.828465415425714,4.3614422536469455,True
D1,96,62,TimesFM3,h1,1,ARIMA,8.255850315093994,4.930356979370117,1.1281395977267785,0.912184591241056,2.244483732887074,2.269958153637948,0.3714727551724896,0.0,1.0,2.0012714018271396,3.089680883677832,True
D1,96,62,TimesFM3,h1_6,1,ARIMA,8.255850315093994,4.930356979370117,0.9375719018700948,0.8653313990959033,1.832498028129354,1.8250610302430876,0.3531516679292507,0.6666666666666666,1.0,2.6450693681055983,4.065354891200188,True
D1,96,62,TimesFM3,h1_12,1,ARIMA,8.255850315093994,4.930356979370117,1.2862348690487277,1.26448676476555,2.553493034060424,2.5872672831229817,0.4830841121278638,0.5833333333333334,0.8333333333333334,2.8087939640609125,4.294367511405453,True
D1,96,63,TimesFM3,h1,1,ARIMA,8.255850315093994,4.930356979370117,1.0841120393113688,0.8659092518031368,1.6321891673765985,1.6456189746972498,0.3656438383830463,1.0,1.0,2.8922364465346835,4.621278260340317,True
D1,96,63,TimesFM3,h1_6,1,ARIMA,8.255850315093994,4.930356979370117,1.0426657705487965,0.9091692744346456,1.579407754088848,1.5868732984476082,0.4338658988499925,0.8333333333333334,1.0,4.15357515772145,6.580920995704092,True
D1,96,63,TimesFM3,h1_12,1,ARIMA,8.255850315093994,4.930356979370117,0.976119582193788,0.9597483741946092,1.4925943696967292,1.5059758190825348,0.4834251043159226,0.9166666666666666,1.0,4.977945141986043,7.8814728506506,True
D1,96,64,TimesFM3,h1,1,ARIMA,8.255850315093994,4.930356979370117,1.7283230917935704,1.4073236949727037,3.5603278155770237,3.624856197310786,0.6094865240665543,0.0,0.0,2.1298650376971078,3.2697385362408222,True
D1,96,64,TimesFM3,h1_6,1,ARIMA,8.255850315093994,4.930356979370117,0.8406928315283614,0.7860521582164349,1.7194541120869922,1.7285850900105901,0.32063722653817106,0.8333333333333334,0.8333333333333334,2.472359642236713,3.8041139490578204,True
D1,96,64,TimesFM3,h1_12,1,ARIMA,8.255850315093994,4.930356979370117,0.681101423352572,0.6793871193876451,1.3872152550422556,1.3872811402762975,0.29054860339893895,0.8333333333333334,0.9166666666666666,2.570998497516072,3.953013074892405,True
D1,96,65,TimesFM3,h1,1,ARIMA,8.255850315093994,4.930356979370117,0.09832421282048515,0.07636787868921456,0.1593993737912746,0.15952651592498235,0.14434165088518416,1.0,1.0,1.8844741591419896,2.966209496093439,True
D1,96,65,TimesFM3,h1_6,1,ARIMA,8.255850315093994,4.930356979370117,1.705120793442483,1.618046188692636,2.7993589579612648,2.859118067164324,0.6612003630362212,0.3333333333333333,0.5,2.6306805944173517,4.100400658393631,True
D1,96,65,TimesFM3,h1_12,1,ARIMA,8.255850315093994,4.930356979370117,1.49393616991255,1.3917337377249202,2.4393815943253805,2.481607811658615,0.5604771876834186,0.5,0.75,2.84018029002144,4.414674561354401,True
D1,96,66,TimesFM3,h1,1,ARIMA,8.255850315093994,4.930356979370117,0.7992583046819326,0.6331201656662365,1.524068211561242,1.535771312751201,0.27242847745352067,1.0,1.0,2.231941343734587,3.4582277164877047,True
D1,96,66,TimesFM3,h1_6,1,ARIMA,8.255850315093994,4.930356979370117,1.146734076457435,1.2074575245264927,2.176882276549343,2.213440522194834,0.45354998431199794,0.8333333333333334,0.8333333333333334,2.75818329710254,4.29882843227902,True
D1,96,66,TimesFM3,h1_12,1,ARIMA,8.255850315093994,4.930356979370117,1.8075945518152727,1.747212800986908,3.4514446871209623,3.540492083879481,0.6887096807021621,0.5833333333333334,0.75,2.911991442908745,4.548777168483865,True
D1,96,67,TimesFM3,h1,1,ARIMA,8.255850315093994,4.930356979370117,1.8451693374076077,1.4762257522013882,2.9826495733323184,2.9388221895830218,0.689262616621989,0.0,0.0,2.0321464347459646,3.186122722987722,True
D1,96,67,TimesFM3,h1_6,1,ARIMA,8.255850315093994,4.930356979370117,1.9740500130726162,1.7667353214978838,3.201679903678911,3.1497155051372023,0.7559631974800644,0.16666666666666666,0.5,2.6112804830683096,4.074149743494035,True
D1,96,67,TimesFM3,h1_12,1,ARIMA,8.255850315093994,4.930356979370117,1.5347652665222897,1.4910197437357064,2.4982505159865234,2.4628315338342697,0.605976215425335,0.4166666666666667,0.6666666666666666,2.792466146657656,4.36608199817249,True
D1,96,68,TimesFM3,h1,1,ARIMA,8.255850315093994,4.930356979370117,0.33437525431980325,0.2785121816918872,0.6279769724388284,0.629954958476814,0.17406844935204252,1.0,1.0,2.0938401333650227,3.228652350085147,True
D1,96,68,TimesFM3,h1_6,1,ARIMA,8.255850315093994,4.930356979370117,1.3117466496410588,1.2808403605910643,2.532201261430596,2.575544212183882,0.48171598786739755,0.5,0.8333333333333334,2.4798379112259004,3.8141884863133355,True
D1,96,68,TimesFM3,h1_12,1,ARIMA,8.255850315093994,4.930356979370117,0.8242090595345211,0.9335419715573696,1.5876411115870712,1.6094671514789347,0.35150133586978466,0.75,0.9166666666666666,2.578746010798867,3.9601908373283865,True
D1,96,69,TimesFM3,h1,1,ARIMA,8.255850315093994,4.930356979370117,1.614592075223266,1.264814339692329,2.6662367212982683,2.631160241027037,0.5535593234770861,0.0,1.0,1.921031985935752,3.012744690097556,True
D1,96,69,TimesFM3,h1_6,1,ARIMA,8.255850315093994,4.930356979370117,1.616726537773128,1.3909499797376732,2.704770550153333,2.737838630132917,0.572924273663952,0.3333333333333333,1.0,2.9869719289765504,4.679451760069691,True
D1,96,69,TimesFM3,h1_12,1,ARIMA,8.255850315093994,4.930356979370117,1.4728990410554357,1.3072336937331883,2.465658441962962,2.499447288403344,0.5439365332947453,0.5,1.0,3.429305882100802,5.366151269513625,True
D1,96,70,TimesFM3,h1,1,ARIMA,8.255850315093994,4.930356979370117,0.32031843954640493,0.25580036492891917,0.5466913567410759,0.5452010731691382,0.16455233476804998,1.0,1.0,1.9458461144196515,3.0443435626707696,True
D1,96,70,TimesFM3,h1_6,1,ARIMA,8.255850315093994,4.930356979370117,1.5516457106965607,1.55983235362733,2.7088939493036155,2.768717170733434,0.6131846699996225,0.6666666666666666,0.6666666666666666,2.1531655791487525,3.408781557245707,True
D1,96,70,TimesFM3,h1_12,1,ARIMA,8.255850315093994,4.930356979370117,1.7069490700915693,1.674705236954807,2.9867944438047087,3.0564551483066613,0.6699087869524696,0.5833333333333334,0.6666666666666666,2.2888341240172267,3.652747013310988,True
D1,96,71,TimesFM3,h1,1,ARIMA,8.255850315093994,4.930356979370117,1.1065612380081704,0.9217752651660734,2.1571862655457985,2.1807072239087613,0.3671766422630526,0.0,1.0,1.9113595202098514,2.967861871327632,True
D1,96,71,TimesFM3,h1_6,1,ARIMA,8.255850315093994,4.930356979370117,1.3670469101660239,1.2951996026613861,2.6786717362745827,2.726082348880989,0.5121438628599057,0.3333333333333333,0.6666666666666666,2.3913263295655214,3.7108447385048557,True
D1,96,71,TimesFM3,h1_12,1,ARIMA,8.255850315093994,4.930356979370117,1.7039296489100835,1.656323344864007,3.352836908572101,3.4320405996369825,0.6515740108791722,0.3333333333333333,0.5833333333333334,2.5237976021927175,3.9138071571383106,True
D1,96,72,TimesFM3,h1,1,ARIMA,8.255850315093994,4.930356979370117,0.12348946028220568,0.10128786326766598,0.2310257314917595,0.23129290455407683,0.14587174664568872,1.0,1.0,1.895002187063997,2.9343339415401553,True
D1,96,72,TimesFM3,h1_6,1,ARIMA,8.255850315093994,4.930356979370117,0.9958576453819802,0.9152392679379315,1.8442417837179235,1.8322400189701156,0.3511539173858191,0.6666666666666666,1.0,2.3052300299906454,3.5733114627994222,True
D1,96,72,TimesFM3,h1_12,1,ARIMA,8.255850315093994,4.930356979370117,0.907107846882865,0.8378244075573833,1.6830628040696656,1.6729883523159146,0.3299724041471005,0.75,1.0,2.450023572573261,3.7933704697206143,True
D1,96,73,TimesFM3,h1,1,ARIMA,8.255850315093994,4.930356979370117,1.2708025647238037,1.0136081397895194,2.3059929877807943,2.3328911408409705,0.427581264047201,0.0,1.0,1.902823671002428,2.9630193069005224,True
D1,96,73,TimesFM3,h1_6,1,ARIMA,8.255850315093994,4.930356979370117,1.658051968874392,1.4338876702280452,3.056841756497131,3.113194384292713,0.6032682512184868,0.3333333333333333,0.5,2.3197327524424693,3.603692869984468,True
D1,96,73,TimesFM3,h1_12,1,ARIMA,8.255850315093994,4.930356979370117,1.0983262515101704,1.0665657025057955,2.0191942902276447,2.047933444336179,0.42158143293348727,0.6666666666666666,0.75,2.437765176215908,3.787788880686355,True
D1,96,74,TimesFM3,h1,1,ARIMA,8.255850315093994,4.930356979370117,1.714818791674324,1.3788013536514476,2.802901724373265,2.8427413474975043,0.6009305310819398,0.0,0.0,2.152574851927517,3.303927212256822,True
D1,96,74,TimesFM3,h1_6,1,ARIMA,8.255850315093994,4.930356979370117,1.3843492462282558,1.2218646794650478,2.2444186506838526,2.249428939027995,0.4983124749776468,0.5,0.6666666666666666,2.7499696657747434,4.213183157950235,True
D1,96,74,TimesFM3,h1_12,1,ARIMA,8.255850315093994,4.930356979370117,1.0965777925159739,1.0207295311015172,1.7754664547137606,1.7720828051642383,0.4208215584273204,0.75,0.8333333333333334,3.0131856308467113,4.602403811206426,True
D1,96,75,TimesFM3,h1,1,ARIMA,8.255850315093994,4.930356979370117,0.14317739819780165,0.11094986959850377,0.218893567981765,0.21913340244338908,0.1572662898710214,1.0,1.0,2.0349948164406713,3.1590652000649024,True
D1,96,75,TimesFM3,h1_6,1,ARIMA,8.255850315093994,4.930356979370117,0.6263087184461353,0.6384710167972456,0.9654269128964573,0.9648071923062917,0.286237235595801,1.0,1.0,2.7043272076823732,4.178031354095188,True
D1,96,75,TimesFM3,h1_12,1,ARIMA,8.255850315093994,4.930356979370117,1.0406846942243875,1.0309096204167105,1.593502421223884,1.5768960132889742,0.4096785091064176,0.8333333333333334,0.8333333333333334,2.9359855262141386,4.530867697230564,True
D1,96,76,TimesFM3,h1,1,ARIMA,8.255850315093994,4.930356979370117,0.060047846366413894,0.047847167737115434,0.09513051597868903,0.09508528841594407,0.14597610264376304,1.0,1.0,1.939594826250256,3.0175725506523725,True
D1,96,76,TimesFM3,h1_6,1,ARIMA,8.255850315093994,4.930356979370117,1.4474336366319227,1.3916985930051289,2.266809761408921,2.2656318898209182,0.5477698730543065,0.5,0.6666666666666666,2.9796046696611205,4.604036827821791,True
D1,96,76,TimesFM3,h1_12,1,ARIMA,8.255850315093994,4.930356979370117,1.1197834348679838,1.0918757570674853,1.7493155955812725,1.7472834670967683,0.4475125977475219,0.75,0.8333333333333334,3.3502309618777146,5.172828153341338,True
D1,96,77,TimesFM3,h1,1,ARIMA,8.255850315093994,4.930356979370117,1.6442043772379742,1.3035198536913093,3.012647964943281,3.058722231473153,0.5692966436952988,0.0,1.0,2.206884683340256,3.4047389261141396,True
D1,96,77,TimesFM3,h1_6,1,ARIMA,8.255850315093994,4.930356979370117,2.4319676720849284,2.2423656638005194,4.471043537339269,4.6143020665918355,0.9431659017708101,0.3333333333333333,0.6666666666666666,2.8443165667233976,4.395921718495187,True
D1,96,77,TimesFM3,h1_12,1,ARIMA,8.255850315093994,4.930356979370117,1.7178470690006178,1.7309124622087042,3.12131249699827,3.193261338991215,0.6764729326928922,0.5,0.8333333333333334,3.043821462172868,4.7064640132114235,True
D1,96,78,TimesFM3,h1,1,ARIMA,8.255850315093994,4.930356979370117,0.06275044615003258,0.05034672736410856,0.11624847621242355,0.11631608405007264,0.14748998706818828,1.0,1.0,1.9648389630324932,3.020902485736526,True
D1,96,78,TimesFM3,h1_6,1,ARIMA,8.255850315093994,4.930356979370117,0.12265613120280597,0.14355036821643238,0.22635276690698203,0.22590702204820706,0.19158045268378068,1.0,1.0,2.51196708875967,3.872243762936797,True
D1,96,78,TimesFM3,h1_12,1,ARIMA,8.255850315093994,4.930356979370117,0.6066514164881515,0.7605725709194329,1.1142850993867404,1.1031527540987767,0.3068119984500034,0.8333333333333334,0.9166666666666666,2.6823596027581185,4.1324363033545195,True
D1,96,79,TimesFM3,h1,1,ARIMA,8.255850315093994,4.930356979370117,0.05528785956736023,0.04596779722762908,0.09832743592141267,0.09837580112281828,0.14238973001720923,1.0,1.0,1.8918969246148134,2.9601365639906154,True
D1,96,79,TimesFM3,h1_6,1,ARIMA,8.255850315093994,4.930356979370117,1.278412565934226,1.4403868666312742,2.240185174873012,2.195242690360118,0.5268191963021125,0.5,0.6666666666666666,2.3142221131461813,3.628546652141936,True
D1,96,79,TimesFM3,h1_12,1,ARIMA,8.255850315093994,4.930356979370117,0.9356197563900492,1.147328354224762,1.6451147934351626,1.616532420515467,0.41691220804210516,0.6666666666666666,0.8333333333333334,2.524108004654701,3.9577594019872055,True
D1,96,80,TimesFM3,h1,1,ARIMA,8.255850315093994,4.930356979370117,0.42080892076742776,0.3531367980071475,0.6982602264188223,0.7007066041792592,0.18471290921769482,1.0,1.0,2.0245699750959805,3.1060520502180946,True
D1,96,80,TimesFM3,h1_6,1,ARIMA,8.255850315093994,4.930356979370117,1.2924025323870678,1.2436712599553559,2.098587944289304,2.070937524212678,0.4653962963445924,0.3333333333333333,1.0,2.5735113143258164,3.9508685678557356,True
D1,96,80,TimesFM3,h1_12,1,ARIMA,8.255850315093994,4.930356979370117,1.4211650979328765,1.371067059299273,2.302741366738017,2.2688304230641934,0.5166080002838846,0.4166666666666667,0.9166666666666666,2.7455537215839567,4.225889706194317,True
D1,96,81,TimesFM3,h1,1,ARIMA,8.255850315093994,4.930356979370117,1.406100510826357,1.1242512805051537,2.139897006255344,2.117243590154915,0.4832968901940221,0.0,1.0,1.9293289324046081,3.040271006209531,True
D1,96,81,TimesFM3,h1_6,1,ARIMA,8.255850315093994,4.930356979370117,1.616725906757561,1.7568331027506445,2.4439983301850567,2.3910885111024696,0.6812622378549986,0.3333333333333333,0.8333333333333334,2.806558322994402,4.390684653924863,True
D1,96,81,TimesFM3,h1_12,1,ARIMA,8.255850315093994,4.930356979370117,1.1612365906160032,1.3276158554675899,1.7755484024273576,1.753346207284498,0.5075613305067636,0.6666666666666666,0.9166666666666666,3.153627577014387,4.928857935784839,True
D1,96,82,TimesFM3,h1,1,ARIMA,8.255850315093994,4.930356979370117,1.307352703491809,1.0693704282517715,1.9232506339447053,1.9049323224607335,0.4479595075803355,0.0,1.0,2.028754837831582,3.186277677319165,True
D1,96,82,TimesFM3,h1_6,1,ARIMA,8.255850315093994,4.930356979370117,1.804555251875534,1.5617358107332455,2.682332168110969,2.642708920493995,0.6207642042488455,0.3333333333333333,0.8333333333333334,2.8937877607650107,4.499253283894195,True
D1,96,82,TimesFM3,h1_12,1,ARIMA,8.255850315093994,4.930356979370117,1.7507352576599058,1.539416809960141,2.6522529918687088,2.6533908692908583,0.6074008132899021,0.4166666666666667,0.8333333333333334,3.2023046372372836,4.977967276557056,True
D1,96,83,TimesFM3,h1,1,ARIMA,8.255850315093994,4.930356979370117,0.5827891809321586,0.4879905143896951,1.0095453088193551,1.0146670707256782,0.21316769725421492,1.0,1.0,2.0468726349754935,3.1642033249182253,True
D1,96,83,TimesFM3,h1_6,1,ARIMA,8.255850315093994,4.930356979370117,0.9281005899737297,1.0410696256668153,1.6369756359576018,1.6615550360269304,0.38510529430641993,0.6666666666666666,0.6666666666666666,2.3973880957633527,3.709483440260816,True
D1,96,83,TimesFM3,h1_12,1,ARIMA,8.255850315093994,4.930356979370117,1.8732590075350162,1.93305131937653,3.343681187154087,3.4294714937968025,0.7581083989471925,0.4166666666666667,0.4166666666666667,2.648751448575557,4.105509403556779,True
D1,96,84,TimesFM3,h1,1,ARIMA,8.255850315093994,4.930356979370117,1.9972232804608563,1.5769801757175363,3.475414128030167,3.536874648645031,0.7664260310403807,0.0,0.0,1.990681935728733,3.0868321867005006,True
D1,96,84,TimesFM3,h1_6,1,ARIMA,8.255850315093994,4.930356979370117,2.0675378634321433,1.7594603227826762,3.601460088660524,3.6786440354130834,0.7828468300452631,0.16666666666666666,0.16666666666666666,2.5406426638607713,3.9422896216049472,True
D1,96,84,TimesFM3,h1_12,1,ARIMA,8.255850315093994,4.930356979370117,1.5010417786891184,1.3764601480395524,2.5984613346348175,2.6395929946551915,0.568357794698129,0.5,0.5833333333333334,2.709846982451909,4.204912540729343,True
D1,96,85,TimesFM3,h1,1,ARIMA,8.255850315093994,4.930356979370117,1.0813788698074656,0.8709128506994293,1.837328700289465,1.8206034652962884,0.3513709647477783,1.0,1.0,2.2702887334538295,3.539027084899829,True
D1,96,85,TimesFM3,h1_6,1,ARIMA,8.255850315093994,4.930356979370117,2.7216630994866264,2.423898212360403,4.830835913401012,4.974334819913713,1.0620511532619563,0.16666666666666666,0.5,2.7631442875113783,4.303292545062405,True
D1,96,85,TimesFM3,h1_12,1,ARIMA,8.255850315093994,4.930356979370117,2.1111037938768966,1.9364948124616466,3.718538148051556,3.7978679136584073,0.7855254753191259,0.4166666666666667,0.75,2.9669758804957422,4.6066330495067636,True
D1,96,86,TimesFM3,h1,1,ARIMA,8.255850315093994,4.930356979370117,1.9888400086303082,1.5488597276948222,3.2877882933490503,3.3427393905285325,0.7899063945117364,0.0,0.0,1.891503997947107,2.9938465939373393,True
D1,96,86,TimesFM3,h1_6,1,ARIMA,8.255850315093994,4.930356979370117,1.5545010375211823,1.4422723803860988,2.5502875608616544,2.5853460029796924,0.6317779410844034,0.3333333333333333,0.5,2.7338029347994626,4.275827763870667,True
D1,96,86,TimesFM3,h1_12,1,ARIMA,8.255850315093994,4.930356979370117,2.197098180714521,1.8898212899725515,3.5159351040415676,3.4827660384002597,0.827462653617469,0.16666666666666666,0.4166666666666667,2.96078167550077,4.627630543823677,True
D1,96,87,TimesFM3,h1,1,ARIMA,8.255850315093994,4.930356979370117,0.6632998956813309,0.5112092333119046,0.9841864294705414,0.9890534946076075,0.22746766740887295,1.0,1.0,1.8526417685051386,2.896114802712058,True
D1,96,87,TimesFM3,h1_6,1,ARIMA,8.255850315093994,4.930356979370117,1.0135571679814872,0.8512064597940979,1.5019940279142794,1.508095415364009,0.35302723118892765,1.0,1.0,2.8525269627838448,4.433626329426824,True
D1,96,87,TimesFM3,h1_12,1,ARIMA,8.255850315093994,4.930356979370117,1.000207759857865,0.84922465951167,1.4840562251135914,1.492892080719936,0.3738271496439699,0.9166666666666666,1.0,3.2534298054858977,5.051860729004897,True
D1,96,88,TimesFM3,h1,1,ARIMA,8.255850315093994,4.930356979370117,0.9401550224439518,0.731010181801056,1.6946669404158947,1.7091491330762185,0.31376232909668184,1.0,1.0,2.343447954454968,3.6220868904522407,True
D1,96,88,TimesFM3,h1_6,1,ARIMA,8.255850315093994,4.930356979370117,1.4343753160308341,1.4117904389945366,2.563853332524124,2.6158650289202017,0.5621503078172896,0.6666666666666666,0.6666666666666666,2.6317195095787174,4.100111768111343,True
D1,96,88,TimesFM3,h1_12,1,ARIMA,8.255850315093994,4.930356979370117,1.3093331469577059,1.2692715887744963,2.305327878140437,2.322065167292653,0.5062491584015693,0.5833333333333334,0.75,2.70336260306691,4.229752363465085,True
D1,96,89,TimesFM3,h1,1,ARIMA,8.255850315093994,4.930356979370117,0.05832044437306144,0.04686758948195152,0.10688077331778482,0.1069379213564427,0.15414262319028077,1.0,1.0,2.0527466632443665,3.2057632282831734,True
D1,96,89,TimesFM3,h1_6,1,ARIMA,8.255850315093994,4.930356979370117,1.1762769576707102,1.1017036629006105,2.1658880301442447,2.1983099379966355,0.4345159613463036,0.5,1.0,2.749591803927934,4.281193158661748,True
D1,96,89,TimesFM3,h1_12,1,ARIMA,8.255850315093994,4.930356979370117,1.1653187282229527,1.1591751703932598,2.1063332698205284,2.1050749286556463,0.45153341516372636,0.5833333333333334,1.0,2.9420302135453746,4.578358856579383,True
D1,96,90,TimesFM3,h1,1,ARIMA,8.255850315093994,4.930356979370117,1.3894182963641735,1.115612985200505,2.999688125849151,3.0453638345155856,0.47285276962353456,0.0,1.0,2.0827247162405684,3.2100601023805018,True
D1,96,90,TimesFM3,h1_6,1,ARIMA,8.255850315093994,4.930356979370117,0.7818839939447575,0.7372045752436824,1.6629930382048324,1.675926139075815,0.30923169265076333,0.8333333333333334,1.0,2.4220172153385815,3.7473172911249994,True
D1,96,90,TimesFM3,h1_12,1,ARIMA,8.255850315093994,4.930356979370117,0.9912087985696372,0.9206701579249065,2.082350072946952,2.0807012923012085,0.36952741439457015,0.6666666666666666,1.0,2.5119311606050547,3.8933512001653394,True
D1,96,91,TimesFM3,h1,1,ARIMA,8.255850315093994,4.930356979370117,1.1957337222543813,0.9425246142449641,1.8167234287752612,1.8333771246559767,0.3925783424376823,0.0,1.0,2.0786818356053987,3.2028656810859752,True
D1,96,91,TimesFM3,h1_6,1,ARIMA,8.255850315093994,4.930356979370117,1.0247849471936328,0.880577447698532,1.5421879439692345,1.5466394446665315,0.37292856926542417,0.6666666666666666,1.0,2.745086201009971,4.2669089641873645,True
D1,96,91,TimesFM3,h1_12,1,ARIMA,8.255850315093994,4.930356979370117,0.9916341310240644,0.8985358253626181,1.494148795577648,1.5023161376883658,0.37781846735778396,0.75,1.0,2.9693916564088845,4.632439072224683,True
D1,96,92,TimesFM3,h1,1,ARIMA,8.255850315093994,4.930356979370117,0.6787969879202667,0.5347161472131685,1.149028326005134,1.1556678012002901,0.23292815425433278,1.0,1.0,2.0041784497624593,3.1049874376533637,True
D1,96,92,TimesFM3,h1_6,1,ARIMA,8.255850315093994,4.930356979370117,0.7117001700224881,0.6101292240468909,1.2015232346551032,1.1990581177597652,0.2782971420942237,1.0,1.0,2.5770215016100697,3.9735963562644065,True
D1,96,92,TimesFM3,h1_12,1,ARIMA,8.255850315093994,4.930356979370117,1.1649974424603788,1.125620939130445,1.998952861940801,2.0243620449596644,0.4418624589648071,0.75,0.8333333333333334,2.7162989786357286,4.18430545327038,True
D1,96,93,TimesFM3,h1,1,ARIMA,8.255850315093994,4.930356979370117,0.3923429169873076,0.31294825220848443,0.6150708633437472,0.6131851018936907,0.2039073504600449,1.0,1.0,2.440766570009207,3.7919681662625564,True
D1,96,93,TimesFM3,h1_6,1,ARIMA,8.255850315093994,4.930356979370117,0.8475324196859764,0.785727116688946,1.3551871499150179,1.3600612042470261,0.3384644032674988,0.8333333333333334,1.0,2.977477508791186,4.603946944176984,True
D1,96,93,TimesFM3,h1_12,1,ARIMA,8.255850315093994,4.930356979370117,1.7675772347850385,1.731693202481227,2.891483202723784,2.9533774775335555,0.6801177142114453,0.5,0.75,3.1345604745775444,4.837755842980251,True
D1,96,94,TimesFM3,h1,1,ARIMA,8.255850315093994,4.930356979370117,1.3587626154716026,1.1332238773919214,2.621917282091678,2.5879898060992343,0.45854025685969624,0.0,1.0,1.9837529159151077,3.0386950656514258,True
D1,96,94,TimesFM3,h1_6,1,ARIMA,8.255850315093994,4.930356979370117,0.8541669180567022,0.80820115529669,1.6756316821718367,1.6788302917495026,0.31247648855976073,0.6666666666666666,1.0,2.1251627746331825,3.2739469910383012,True
D1,96,94,TimesFM3,h1_12,1,ARIMA,8.255850315093994,4.930356979370117,0.71699842525642,0.6763999418773705,1.4052528931201618,1.4044889235566989,0.272912195123865,0.8333333333333334,1.0,2.2301897368221026,3.4451371778422026,True
D1,96,95,TimesFM3,h1,1,ARIMA,8.255850315093994,4.930356979370117,0.3013519922943563,0.2433024597597117,0.5283876394268044,0.5297873047435632,0.16155095956036797,1.0,1.0,1.947590053863353,3.057878389539623,True
D1,96,95,TimesFM3,h1_6,1,ARIMA,8.255850315093994,4.930356979370117,1.4000265327644155,1.2754733837312602,2.454112635718782,2.4932921308026157,0.5028043462014552,0.6666666666666666,0.6666666666666666,2.5885759340325194,4.04254201068892,True
D1,96,95,TimesFM3,h1_12,1,ARIMA,8.255850315093994,4.930356979370117,1.260325383911997,1.1741556286879704,2.178812858858406,2.1861546645077783,0.45832451372227534,0.75,0.75,2.746665083096675,4.29261316778645,True
D1,96,96,TimesFM3,h1,1,ARIMA,8.255850315093994,4.930356979370117,0.9670611378575775,0.7562405293188141,1.7876823745407582,1.7718448950938617,0.31661053635557923,1.0,1.0,2.220840585976313,3.4405667670517945,True
D1,96,96,TimesFM3,h1_6,1,ARIMA,8.255850315093994,4.930356979370117,1.1333160148844625,0.9636349817150565,2.0623623139938094,2.037655887997519,0.39643396092098837,0.6666666666666666,1.0,2.8803660369002477,4.446670060093462,True
D1,96,96,TimesFM3,h1_12,1,ARIMA,8.255850315093994,4.930356979370117,0.987539761673493,0.8566513563446143,1.7931662281056022,1.7736942537754183,0.3672764100097942,0.8333333333333334,1.0,3.059220999961811,4.712035368318791,True
D1,96,97,TimesFM3,h1,1,ARIMA,8.255850315093994,4.930356979370117,0.714789048369978,0.5561940310520576,1.2224108543190033,1.214984801274451,0.2466266569506659,1.0,1.0,2.123112890019712,3.2975099922706637,True
D1,96,97,TimesFM3,h1_6,1,ARIMA,8.255850315093994,4.930356979370117,1.6610635508229623,1.552129634790545,2.932097726856719,2.994140299614032,0.614878442308393,0.6666666666666666,0.8333333333333334,2.7793654189001664,4.305638095783789,True
D1,96,97,TimesFM3,h1_12,1,ARIMA,8.255850315093994,4.930356979370117,1.4743357960812422,1.395970914673674,2.570401218866576,2.5880628135157333,0.5577859331833037,0.5833333333333334,0.9166666666666666,2.9778717775550114,4.612176377657402,True
D1,96,98,TimesFM3,h1,1,ARIMA,8.255850315093994,4.930356979370117,0.09725551623660168,0.07655845084572672,0.15881648491822742,0.15894269852164053,0.164925619374589,1.0,1.0,2.1720835196810353,3.3959796786734326,True
D1,96,98,TimesFM3,h1_6,1,ARIMA,8.255850315093994,4.930356979370117,0.500377228187893,0.5936205142306297,0.8313765077046436,0.8359353394345438,0.27174590563292156,0.8333333333333334,1.0,2.6900354711045638,4.164939797270411,True
D1,96,98,TimesFM3,h1_12,1,ARIMA,8.255850315093994,4.930356979370117,1.6616532107032878,1.6695635409623324,2.8129329571992727,2.877827719622242,0.6863784600592833,0.4166666666666667,0.5833333333333334,2.8216191636288044,4.346583363488303,True
D1,96,99,TimesFM3,h1,1,ARIMA,8.255850315093994,4.930356979370117,0.7192873048000233,0.5514670701717528,1.0291104825273238,1.0238422485750094,0.24337374735563233,1.0,1.0,1.9558392772653828,3.064246954685277,True
D1,96,99,TimesFM3,h1_6,1,ARIMA,8.255850315093994,4.930356979370117,1.8190918142122288,1.7360297300377543,2.578037156787597,2.531977341471955,0.7120758672548685,0.5,0.6666666666666666,2.6950085023670676,4.209010600386804,True
D1,96,99,TimesFM3,h1_12,1,ARIMA,8.255850315093994,4.930356979370117,1.6508206035641257,1.5796032386411232,2.3470591766610265,2.3073224060593076,0.6441713351830474,0.5,0.75,2.9676173054446364,4.634263438826773,True
D1,96,100,TimesFM3,h1,1,ARIMA,8.255850315093994,4.930356979370117,0.770130650012175,0.6083205419634266,1.2536247245907437,1.2458157971626993,0.260105057815583,1.0,1.0,2.078526742593888,3.2428084637781764,True
D1,96,100,TimesFM3,h1_6,1,ARIMA,8.255850315093994,4.930356979370117,0.73797822911686,0.7159775878486787,1.2134147612125148,1.2197965944944336,0.3133472119649871,0.8333333333333334,1.0,2.88223393718941,4.491239532740108,True
D1,96,100,TimesFM3,h1_12,1,ARIMA,8.255850315093994,4.930356979370117,1.004389752688053,0.9330932396428583,1.648538043030743,1.6543223243948926,0.38605987217232224,0.8333333333333334,1.0,3.1990234182957176,4.978501111920849,True
D1,96,101,TimesFM3,h1,1,ARIMA,8.255850315093994,4.930356979370117,1.4043195637084618,1.1476592345547527,2.632258207826618,2.5980643270795345,0.4814183004917912,0.0,1.0,1.8262796055095365,2.865054155879447,True
D1,96,101,TimesFM3,h1_6,1,ARIMA,8.255850315093994,4.930356979370117,0.9541108669753293,0.8881265831659532,1.8080233715189433,1.8081958509443472,0.36141284282249914,0.5,1.0,2.5266249179846643,3.9558526160408083,True
D1,96,101,TimesFM3,h1_12,1,ARIMA,8.255850315093994,4.930356979370117,1.0594905136432526,1.0454066018364354,1.9872478781472223,1.9696614295465973,0.4083166642243697,0.5833333333333334,0.9166666666666666,2.787950709975805,4.3616763417210676,True
D1,96,102,TimesFM3,h1,1,ARIMA,8.255850315093994,4.930356979370117,0.2718888608514086,0.21602122356214956,0.4615278795625664,0.4604652917140816,0.15198028821780213,1.0,1.0,1.8620593393311504,2.8950800338489433,True
D1,96,102,TimesFM3,h1_6,1,ARIMA,8.255850315093994,4.930356979370117,0.673313241914706,0.6807131826938178,1.1411007913833708,1.1382650609237959,0.2794662949445025,0.8333333333333334,1.0,2.346318321656692,3.6705186693770653,True
D1,96,102,TimesFM3,h1_12,1,ARIMA,8.255850315093994,4.930356979370117,0.7994628229098755,0.7988134559771476,1.3562432735536019,1.3556885639289704,0.3263448457844658,0.75,1.0,2.600471006901138,4.070845579126544,True
D1,96,103,TimesFM3,h1,1,ARIMA,8.255850315093994,4.930356979370117,2.2560466793663565,1.7742788996835155,3.5196755822353363,3.4588062035438494,0.9047121817604078,0.0,0.0,1.8821594597405904,2.8933399671173894,True
D1,96,103,TimesFM3,h1_6,1,ARIMA,8.255850315093994,4.930356979370117,2.080723751692978,1.6524333459814036,3.2254518059328863,3.1732906958346243,0.7850706918246367,0.0,0.16666666666666666,2.2260346447108157,3.4475822892270673,True
D1,96,103,TimesFM3,h1_12,1,ARIMA,8.255850315093994,4.930356979370117,2.185190129401552,1.7887337149593272,3.3719481418566377,3.311665345184317,0.8379741361301389,0.08333333333333333,0.16666666666666666,2.317036937292911,3.5972129164416016,True
D1,96,104,TimesFM3,h1,1,ARIMA,8.255850315093994,4.930356979370117,1.0277648511997668,0.8084220161942082,1.5996260607475217,1.6125232316722402,0.33550443483067793,0.0,1.0,1.8265247535325255,2.820038032623359,True
D1,96,104,TimesFM3,h1_6,1,ARIMA,8.255850315093994,4.930356979370117,0.8140145059508281,0.7437408739914388,1.2606334888211226,1.2614947869818716,0.3219674611520486,0.5,1.0,2.422619250896846,3.736475617996429,True
D1,96,104,TimesFM3,h1_12,1,ARIMA,8.255850315093994,4.930356979370117,0.8980636586298427,0.8151641213616261,1.3935488503666058,1.3945193433338234,0.34634497168299744,0.5833333333333334,1.0,2.6747176687676655,4.121987164584611,True
D1,96,105,TimesFM3,h1,1,ARIMA,8.255850315093994,4.930356979370117,1.218264448608804,1.0085723202769288,2.0567792913391063,2.035842893816993,0.3955487828955754,0.0,1.0,2.06743853594103,3.170509634495192,True
D1,96,105,TimesFM3,h1_6,1,ARIMA,8.255850315093994,4.930356979370117,0.686318650828089,0.7953278015900592,1.15463325095849,1.1464128219918082,0.32499208677347524,0.6666666666666666,1.0,2.592121450921485,3.976672433011663,True
D1,96,105,TimesFM3,h1_12,1,ARIMA,8.255850315093994,4.930356979370117,0.7496247969285333,0.7978348496420423,1.2630447175458348,1.2643543572629903,0.3298880540252003,0.75,1.0,2.795489503077611,4.277737787221765,True
D1,96,106,TimesFM3,h1,1,ARIMA,8.255850315093994,4.930356979370117,1.4665864099208263,1.139506885548758,2.473967281622641,2.5049531422016647,0.5032494646840302,0.0,1.0,2.03723833646845,3.1732353323333538,True
D1,96,106,TimesFM3,h1_6,1,ARIMA,8.255850315093994,4.930356979370117,1.745204805672576,1.5121358382034176,2.9637149669254326,3.0197220224431542,0.6391153731407466,0.16666666666666666,0.8333333333333334,2.621774125912523,4.082993119622698,True
D1,96,106,TimesFM3,h1_12,1,ARIMA,8.255850315093994,4.930356979370117,1.2072569544705067,1.2475447248807725,2.0494337732164776,2.087368584575437,0.5033845945868313,0.5,0.8333333333333334,2.7714299249878374,4.3140024961005,True
D1,96,107,TimesFM3,h1,1,ARIMA,8.255850315093994,4.930356979370117,0.9000510999330317,0.7179916149889018,1.6995202195105832,1.7140858372020915,0.30222998444062515,1.0,1.0,2.3622451322721996,3.638606971604463,True
D1,96,107,TimesFM3,h1_6,1,ARIMA,8.255850315093994,4.930356979370117,2.0675608320540517,2.0128053685371325,3.7106237173101073,3.6178839757840286,0.816157715266594,0.3333333333333333,0.6666666666666666,2.9755811460269967,4.607843529403253,True
D1,96,107,TimesFM3,h1_12,1,ARIMA,8.255850315093994,4.930356979370117,2.875892988685829,2.8453239098953493,5.064396104079532,4.881277102313772,1.2019870073750683,0.3333333333333333,0.5,3.143920591024621,4.903156407924526,True
D1,96,108,TimesFM3,h1,1,ARIMA,8.255850315093994,4.930356979370117,1.0547636445700366,0.7994150040901649,1.7667746287328563,1.7825211948440012,0.34009172986347924,0.0,1.0,2.018254600807552,3.1095678952393953,True
D1,96,108,TimesFM3,h1_6,1,ARIMA,8.255850315093994,4.930356979370117,1.7128325652534124,1.6257332744459068,2.9157443471146003,2.9850391954625857,0.6807148391814217,0.3333333333333333,0.6666666666666666,2.371171376450561,3.655655940990218,True
D1,96,108,TimesFM3,h1_12,1,ARIMA,8.255850315093994,4.930356979370117,1.504740981877775,1.4380675222358692,2.552246401585273,2.6051891218073346,0.5912629733985998,0.5,0.6666666666666666,2.4762104410991532,3.816973459737841,True
D1,96,109,TimesFM3,h1,1,ARIMA,8.255850315093994,4.930356979370117,1.4766767974801498,1.1839097410039632,2.2256345881854664,2.20113992246114,0.5184675197990409,0.0,1.0,2.4947979023952316,3.8830294899520124,True
D1,96,109,TimesFM3,h1_6,1,ARIMA,8.255850315093994,4.930356979370117,0.9812515283817239,0.8418786035363895,1.5112172490655897,1.5036357104782772,0.38174610463452674,0.8333333333333334,1.0,3.348330981700075,5.18808176442234,True
D1,96,109,TimesFM3,h1_12,1,ARIMA,8.255850315093994,4.930356979370117,1.6537026020737742,1.6135521446650822,2.6129118426143805,2.6367314891564577,0.6312907485130427,0.5833333333333334,0.8333333333333334,3.5840676641820077,5.564579588566919,True
D1,96,110,TimesFM3,h1,1,ARIMA,8.255850315093994,4.930356979370117,0.373025056889747,0.2964346182046212,0.6297096004736611,0.6277331525103044,0.17500986963736023,1.0,1.0,1.9898125792179469,3.1257561530881,True
D1,96,110,TimesFM3,h1_6,1,ARIMA,8.255850315093994,4.930356979370117,0.8126733110557223,0.7054763231457323,1.3948545092999425,1.4059717158678595,0.30520656499825377,1.0,1.0,2.7722300338309562,4.341828575504828,True
D1,96,110,TimesFM3,h1_12,1,ARIMA,8.255850315093994,4.930356979370117,1.2319598003852015,1.1072582699575024,2.139056340022628,2.1686556050532673,0.44094512112102163,0.75,1.0,3.1264461090974964,4.883826454669151,True
D1,96,111,TimesFM3,h1,1,ARIMA,8.255850315093994,4.930356979370117,1.21356121036603,0.9849657977031995,2.09295881972487,2.0712832668176966,0.40180941814279447,0.0,1.0,2.028493597837295,3.1478943655143503,True
D1,96,111,TimesFM3,h1_6,1,ARIMA,8.255850315093994,4.930356979370117,0.9550610628955595,0.8586660117880118,1.6740667964560025,1.679272849541847,0.35045069123591704,0.6666666666666666,1.0,2.644259983463696,4.092661337055858,True
D1,96,111,TimesFM3,h1_12,1,ARIMA,8.255850315093994,4.930356979370117,1.220350824761533,1.109927460075372,2.1374328048424918,2.1407436770879458,0.43679352346615224,0.5833333333333334,1.0,2.8599522519133753,4.427252045318654,True
D1,96,112,TimesFM3,h1,1,ARIMA,8.255850315093994,4.930356979370117,0.3918303492702802,0.31355811602663297,0.7301391415882713,0.7274833213494221,0.18659354998853014,1.0,1.0,2.1375310583052687,3.318823924437408,True
D1,96,112,TimesFM3,h1_6,1,ARIMA,8.255850315093994,4.930356979370117,1.065627784118287,1.2985845489769194,2.0465280250500673,2.095009715009984,0.4590389442095586,0.8333333333333334,0.8333333333333334,2.8896226510127097,4.485431103147037,True
D1,96,112,TimesFM3,h1_12,1,ARIMA,8.255850315093994,4.930356979370117,1.1786366458716346,1.2769236044352945,2.2646963081010165,2.3121921522033766,0.4768305167649864,0.6666666666666666,0.9166666666666666,3.180821626431586,4.94404544748108,True
D1,96,113,TimesFM3,h1,1,ARIMA,8.255850315093994,4.930356979370117,0.06205389663655129,0.050473817279585144,0.10292009307954131,0.10297308307601566,0.14548842051481534,1.0,1.0,1.9338778624722692,2.9924307282169575,True
D1,96,113,TimesFM3,h1_6,1,ARIMA,8.255850315093994,4.930356979370117,0.9546548323265024,0.8713102564561184,1.5844626312417474,1.589210584923748,0.3446137198956926,0.8333333333333334,1.0,2.5089261909501737,3.8758410598744506,True
D1,96,113,TimesFM3,h1_12,1,ARIMA,8.255850315093994,4.930356979370117,1.0004368938052022,0.9792903600700477,1.6691269804184252,1.6837494687893835,0.3783255616137126,0.75,0.9166666666666666,2.685501760146215,4.14003503542688,True
D1,96,114,TimesFM3,h1,1,ARIMA,8.255850315093994,4.930356979370117,0.8163987888279218,0.6410739745991031,1.3671841948794303,1.3579016862611484,0.2695571255981698,1.0,1.0,1.8907336580858094,2.927097168111086,True
D1,96,114,TimesFM3,h1_6,1,ARIMA,8.255850315093994,4.930356979370117,0.8007083448938181,0.7337294864582686,1.3459487274256334,1.3463798090944854,0.31431418348672724,0.8333333333333334,1.0,2.396180439677268,3.7398447226012195,True
D1,96,114,TimesFM3,h1_12,1,ARIMA,8.255850315093994,4.930356979370117,0.7347815513967377,0.6720726376885857,1.238022357918985,1.2425044342031648,0.3036143412445029,0.9166666666666666,1.0,2.679192395561439,4.185542444640805,True
D1,96,115,TimesFM3,h1,1,ARIMA,8.255850315093994,4.930356979370117,0.6189787409270299,0.5002506493771465,1.0887089759584887,1.082814625945658,0.2168083647916649,1.0,1.0,1.9336687009795792,2.9839068305189316,True
D1,96,115,TimesFM3,h1_6,1,ARIMA,8.255850315093994,4.930356979370117,1.3642219623609309,1.4008788126964766,2.4042607474651922,2.367336560254685,0.5424224244037982,0.5,0.6666666666666666,2.1958073495016124,3.4152028227911546,True
D1,96,115,TimesFM3,h1_12,1,ARIMA,8.255850315093994,4.930356979370117,2.5049420509920255,2.3825397026141055,4.383034310631277,4.259228588380384,1.0317953081787978,0.25,0.4166666666666667,2.3993174132334607,3.746451317983829,True
D1,96,116,TimesFM3,h1,1,ARIMA,8.255850315093994,4.930356979370117,0.023591784513123982,0.01930418904442066,0.04686630570497677,0.04687729053212026,0.12187995073415492,1.0,1.0,1.638146378554787,2.5889853722796707,True
D1,96,116,TimesFM3,h1_6,1,ARIMA,8.255850315093994,4.930356979370117,0.750834610195909,0.8503792174384783,1.5322046549392494,1.5542016817073705,0.3070597298437893,0.8333333333333334,0.8333333333333334,2.064605841704002,3.2715405597865654,True
D1,96,116,TimesFM3,h1_12,1,ARIMA,8.255850315093994,4.930356979370117,1.1462804419664758,1.1890922053420316,2.352900693853503,2.398580913923171,0.4339609209697398,0.75,0.8333333333333334,2.3113605873796583,3.6631576012595843,True
D1,96,117,TimesFM3,h1,1,ARIMA,8.255850315093994,4.930356979370117,0.39771666854823257,0.31540030989412393,0.6591587065319607,0.6613383411596547,0.17410128166503433,1.0,1.0,1.9009212803841005,2.940847682436575,True
D1,96,117,TimesFM3,h1_6,1,ARIMA,8.255850315093994,4.930356979370117,1.2472623414315054,1.2086005995340963,2.080482737746079,2.111562804048557,0.4589919099885152,0.6666666666666666,0.6666666666666666,2.5412236873611174,3.941505550579587,True
D1,96,117,TimesFM3,h1_12,1,ARIMA,8.255850315093994,4.930356979370117,1.2450725494779424,1.1509689839131143,2.0687493557390435,2.0941614364957553,0.45093907709765224,0.6666666666666666,0.8333333333333334,2.757909411302062,4.280937404482585,True
D1,96,118,TimesFM3,h1,1,ARIMA,8.255850315093994,4.930356979370117,1.3728387503455126,1.1629841823196376,2.5756687087695846,2.609271807505923,0.4848615763102494,0.0,0.0,1.7400769294110274,2.7054582554384963,True
D1,96,118,TimesFM3,h1_6,1,ARIMA,8.255850315093994,4.930356979370117,1.373963799976732,1.2473557632765797,2.500894433935173,2.476817052530139,0.47748455360247505,0.5,0.6666666666666666,2.3096009434909384,3.5786104462230925,True
D1,96,118,TimesFM3,h1_12,1,ARIMA,8.255850315093994,4.930356979370117,1.3690430254477022,1.2348928093250156,2.482511500464212,2.453767766235146,0.47250814613025477,0.5,0.8333333333333334,2.4664945186058396,3.8108778338538185,True
D1,96,119,TimesFM3,h1,1,ARIMA,8.255850315093994,4.930356979370117,0.9341192343992476,0.6848605629307728,1.458046086995025,1.447493525639975,0.3022197063586491,1.0,1.0,1.9116834371443003,3.0002853357622468,True
D1,96,119,TimesFM3,h1_6,1,ARIMA,8.255850315093994,4.930356979370117,1.213411239551613,1.0255072077859912,1.9130317572994697,1.9288477358110363,0.43160528909168144,0.6666666666666666,0.8333333333333334,2.70154031657878,4.199171338203068,True
D1,96,119,TimesFM3,h1_12,1,ARIMA,8.255850315093994,4.930356979370117,1.068452806054992,0.9232573132636175,1.6842006455827512,1.6970609712771232,0.39977613989391036,0.75,0.9166666666666666,2.8902267295159443,4.495150874539912,True
D1,96,120,TimesFM3,h1,1,ARIMA,8.255850315093994,4.930356979370117,0.698875310748278,0.5540507049385247,1.172967740182138,1.1798875905861317,0.24188082419473544,1.0,1.0,2.1519964100231053,3.324251556148638,True
D1,96,120,TimesFM3,h1_6,1,ARIMA,8.255850315093994,4.930356979370117,1.3169479053881146,1.1752952049321648,2.1787335354461357,2.1575785572653845,0.46681540207063643,0.5,0.8333333333333334,2.6784028827812367,4.13512717507521,True
D1,96,120,TimesFM3,h1_12,1,ARIMA,8.255850315093994,4.930356979370117,0.9413000784350196,0.913346697539567,1.563740425151316,1.5539050392794058,0.3733408739809996,0.75,0.9166666666666666,2.835892610999417,4.3779404464971305,True
D1,96,121,TimesFM3,h1,1,ARIMA,8.255850315093994,4.930356979370117,0.2889794496422235,0.2245102132633218,0.45512007854871606,0.45408675854263686,0.1864318866269069,1.0,1.0,2.3237240989295667,3.605880788736729,True
D1,96,121,TimesFM3,h1_6,1,ARIMA,8.255850315093994,4.930356979370117,0.897238283082421,0.9542137397925401,1.415419091845581,1.40138552143556,0.3786314676336685,0.6666666666666666,1.0,2.8378062374980826,4.405730978680776,True
D1,96,121,TimesFM3,h1_12,1,ARIMA,8.255850315093994,4.930356979370117,1.8900400579845071,1.8219779672290732,2.9601712104436797,2.89759869960964,0.7471739764235686,0.4166666666666667,0.5833333333333334,2.9759778972936606,4.62241078314746,True
D1,96,122,TimesFM3,h1,1,ARIMA,8.255850315093994,4.930356979370117,1.2450025038653036,1.008122475372901,2.001752146811853,2.021989758511513,0.4144980644666405,0.0,1.0,2.033643642560152,3.189023882813919,True
D1,96,122,TimesFM3,h1_6,1,ARIMA,8.255850315093994,4.930356979370117,1.5588852228712626,1.321895832004279,2.5412585723664187,2.577339927572381,0.5236335184139439,0.3333333333333333,1.0,2.8692254320495416,4.459177964458124,True
D1,96,122,TimesFM3,h1_12,1,ARIMA,8.255850315093994,4.930356979370117,1.4276102557202692,1.2573271974933045,2.334469107338845,2.3672912589440447,0.5012104111830824,0.5,1.0,3.1157561693716054,4.829571602056776,True
D1,96,123,TimesFM3,h1,1,ARIMA,8.255850315093994,4.930356979370117,0.3203120786956035,0.2566316418967508,0.5419479528256868,0.5434204809114543,0.1647450384207901,1.0,1.0,1.9677310028968507,3.0428951293421296,True
D1,96,123,TimesFM3,h1_6,1,ARIMA,8.255850315093994,4.930356979370117,1.4963718157122516,1.571918258953298,2.5108259930428294,2.461008403889546,0.5768475010820127,0.5,0.8333333333333334,2.5330520537397065,3.908343051491362,True
D1,96,123,TimesFM3,h1_12,1,ARIMA,8.255850315093994,4.930356979370117,1.1751600269427567,1.2486612672762392,1.9943320034841647,1.9734101823758319,0.45916914447037627,0.6666666666666666,0.9166666666666666,2.729399475901475,4.208756880366343,True
D1,96,124,TimesFM3,h1,1,ARIMA,8.255850315093994,4.930356979370117,1.3445254435345406,1.1028705913899364,2.567916972177645,2.535363951568247,0.45451174845304887,0.0,1.0,2.0657987411091714,3.197242246425135,True
D1,96,124,TimesFM3,h1_6,1,ARIMA,8.255850315093994,4.930356979370117,1.0524845964937817,0.8777071853349172,2.0424891708037873,2.0416926422589685,0.3557553683050598,0.8333333333333334,1.0,2.5460372220716168,3.9326653034773513,True
D1,96,124,TimesFM3,h1_12,1,ARIMA,8.255850315093994,4.930356979370117,1.6061339408427566,1.5421116477340169,3.178269665932204,3.239259377953221,0.5940992877611417,0.5,0.8333333333333334,2.667124768715497,4.11210381012086,True
D1,96,125,TimesFM3,h1,1,ARIMA,8.255850315093994,4.930356979370117,0.8469454359512604,0.7238921735071377,1.4960072890323266,1.5072818119186073,0.27940879478905123,1.0,1.0,1.8816137111577675,2.9502857360415633,True
D1,96,125,TimesFM3,h1_6,1,ARIMA,8.255850315093994,4.930356979370117,0.8813459484434124,0.8630033697400159,1.5449250173591722,1.5360425804442275,0.3320569634742111,0.8333333333333334,1.0,2.7428253779227427,4.284488036941609,True
D1,96,125,TimesFM3,h1_12,1,ARIMA,8.255850315093994,4.930356979370117,1.5603348295767958,1.548284920037497,2.7629561713871906,2.766233438221889,0.5601106088876064,0.5,0.9166666666666666,3.0448023873096264,4.754011314285017,True
D1,96,126,TimesFM3,h1,1,ARIMA,8.255850315093994,4.930356979370117,1.0312352234302573,0.8659781913118214,2.1685042603137137,2.145244402185942,0.33685466769176137,0.0,1.0,1.8923294525864303,2.912681714057411,True
D1,96,126,TimesFM3,h1_6,1,ARIMA,8.255850315093994,4.930356979370117,0.9095098274735128,0.9117907383882217,1.9245926439341983,1.917408460238551,0.3510989569955633,0.5,0.8333333333333334,2.2766799771679844,3.5085970332309526,True
D1,96,126,TimesFM3,h1_12,1,ARIMA,8.255850315093994,4.930356979370117,0.6648634708458261,0.701570426593875,1.4108673759350587,1.4067759454253537,0.28554283549351506,0.75,0.9166666666666666,2.389851296560711,3.677479422799706,True
D1,96,127,TimesFM3,h1,1,ARIMA,8.255850315093994,4.930356979370117,0.31247221488058624,0.25699420606044704,0.5718046272833451,0.5734441172820967,0.16835944795465901,1.0,1.0,2.0466695338973815,3.1574476612200697,True
D1,96,127,TimesFM3,h1_6,1,ARIMA,8.255850315093994,4.930356979370117,0.5757299396583315,0.5887215328219021,1.0384845385288688,1.0454824495767736,0.2697752163527384,0.8333333333333334,1.0,2.6532914742701377,4.096937889629537,True
D1,96,127,TimesFM3,h1_12,1,ARIMA,8.255850315093994,4.930356979370117,1.6353382889533485,1.7386486839133635,2.830644398391216,2.778302538744584,0.6503892807585171,0.5,0.75,2.8116428823830613,4.345179741501603,True
D1,96,128,TimesFM3,h1,1,ARIMA,8.255850315093994,4.930356979370117,0.5631255442855362,0.452480042298495,0.9108853224764167,0.9067555707739582,0.21261195955314388,1.0,1.0,2.0970408260938656,3.2388362507289,True
D1,96,128,TimesFM3,h1_6,1,ARIMA,8.255850315093994,4.930356979370117,0.7493547385392244,0.7503929457996099,1.2024489198131363,1.1913868553935347,0.31195393508170555,0.8333333333333334,1.0,2.5753760717930523,3.9779256574812902,True
D1,96,128,TimesFM3,h1_12,1,ARIMA,8.255850315093994,4.930356979370117,1.1364471594125223,1.1699824859255987,1.8542756972967651,1.8720295896324155,0.4538491764264255,0.5833333333333334,0.8333333333333334,2.7199236281552275,4.197017306381617,True
D1,96,129,TimesFM3,h1,1,ARIMA,8.255850315093994,4.930356979370117,0.4804315792309602,0.37879197528408504,0.6865194351529443,0.6841709518757952,0.1945906895007414,1.0,1.0,2.022680613248399,3.1132307974853632,True
D1,96,129,TimesFM3,h1_6,1,ARIMA,8.255850315093994,4.930356979370117,1.5035036291052606,1.3861799131607522,2.1204381796811247,2.090348091252028,0.5595511786576611,0.5,0.6666666666666666,2.456076565368866,3.787385819253658,True
D1,96,129,TimesFM3,h1_12,1,ARIMA,8.255850315093994,4.930356979370117,1.6498932505983983,1.4787862828085137,2.336571411675523,2.3097061898172053,0.6043980741175452,0.5,0.5833333333333334,2.5865167782805756,3.989863840241995,True
D1,96,130,TimesFM3,h1,1,ARIMA,8.255850315093994,4.930356979370117,0.29251228974859983,0.2397066051609514,0.5154908818912926,0.5141656433865547,0.1710917449561667,1.0,1.0,2.111664017365486,3.2648174606637776,True
D1,96,130,TimesFM3,h1_6,1,ARIMA,8.255850315093994,4.930356979370117,0.47283193285175096,0.478984662197595,0.821366771572607,0.8260441645251362,0.2507086180023144,1.0,1.0,2.7808175466632616,4.302141602094108,True
D1,96,130,TimesFM3,h1_12,1,ARIMA,8.255850315093994,4.930356979370117,1.0985037493659267,1.1853344440595073,1.8555131753310317,1.8316127924058418,0.43732757112746556,0.75,0.9166666666666666,2.995955390776337,4.646523879179446,True
D1,96,131,TimesFM3,h1,1,ARIMA,8.255850315093994,4.930356979370117,0.21044485122454165,0.16682361578519075,0.40502721361566124,0.40584911329318885,0.1704430399566032,1.0,1.0,2.1692036012231544,3.347432424068757,True
D1,96,131,TimesFM3,h1_6,1,ARIMA,8.255850315093994,4.930356979370117,0.5260368155542527,0.4785724061764076,0.9929532215812028,0.9955745437423726,0.2333726316491219,1.0,1.0,2.416940607074232,3.7748491414633483,True
D1,96,131,TimesFM3,h1_12,1,ARIMA,8.255850315093994,4.930356979370117,0.7003289268773867,0.6967723145655489,1.3228603780368302,1.3349051395421947,0.28993360077232927,0.8333333333333334,1.0,2.542904693278875,3.995753584650987,True
D1,96,132,TimesFM3,h1,1,ARIMA,8.255850315093994,4.930356979370117,0.9356410947242517,0.7522788140149156,1.7995498445367981,1.8158887561812078,0.30800567513471183,0.0,1.0,1.9228512980293002,2.9261805366084706,True
D1,96,132,TimesFM3,h1_6,1,ARIMA,8.255850315093994,4.930356979370117,0.7713698892661524,0.7075272660576244,1.4494952231141311,1.4444800378772205,0.2927399956854103,0.6666666666666666,1.0,2.3903808751462963,3.621678276504576,True
D1,96,132,TimesFM3,h1_12,1,ARIMA,8.255850315093994,4.930356979370117,0.8770422946926587,0.8190561228675788,1.647200182014784,1.6471754870281468,0.32981617936420554,0.6666666666666666,0.9166666666666666,2.5670845223562364,3.863229993909705,True
D1,96,133,TimesFM3,h1,1,ARIMA,8.255850315093994,4.930356979370117,1.00120767504372,0.8169243536105041,1.9993947609692408,2.019584494254982,0.322397851722282,1.0,1.0,2.0258756802316933,3.115206452602013,True
D1,96,133,TimesFM3,h1_6,1,ARIMA,8.255850315093994,4.930356979370117,0.7068362254812912,0.6759611395984785,1.393787320802497,1.3902640547229248,0.2801029926389079,0.8333333333333334,1.0,2.342779971806418,3.618173156802999,True
D1,96,133,TimesFM3,h1_12,1,ARIMA,8.255850315093994,4.930356979370117,0.6723308165153069,0.6412735196786673,1.3244959181044247,1.3212805199869002,0.2743212824895631,0.8333333333333334,1.0,2.4515465725223833,3.7960446529527734,True
D1,96,134,TimesFM3,h1,1,ARIMA,8.255850315093994,4.930356979370117,1.165439564852171,0.9252316203158123,1.9108336990615933,1.89275004620069,0.37526711600046386,0.0,1.0,2.211550680860596,3.4839229442320647,True
D1,96,134,TimesFM3,h1_6,1,ARIMA,8.255850315093994,4.930356979370117,0.814677330178984,0.7656788885847867,1.33203246770292,1.3204687912987665,0.3453756688068224,0.8333333333333334,1.0,3.1757729102075314,4.962015499330189,True
D1,96,134,TimesFM3,h1_12,1,ARIMA,8.255850315093994,4.930356979370117,0.8658956037423962,0.813656728566294,1.4172170384818374,1.4072457704638364,0.369707010603721,0.9166666666666666,1.0,3.5037944245977415,5.480727471050238,True
D1,96,135,TimesFM3,h1,1,ARIMA,8.255850315093994,4.930356979370117,1.4624027624413662,1.1982304294825759,2.7081269062312283,2.7453000103497534,0.5374372162432588,0.0,0.0,1.7941269132153306,2.79185695853721,True
D1,96,135,TimesFM3,h1_6,1,ARIMA,8.255850315093994,4.930356979370117,0.9971032408038516,0.9867181201493543,1.8270057220746458,1.8508810133635385,0.3938789498494692,0.5,0.6666666666666666,2.2848405328099664,3.5582064421664716,True
D1,96,135,TimesFM3,h1_12,1,ARIMA,8.255850315093994,4.930356979370117,1.2115979223845903,1.151685686289442,2.178380812060796,2.175025924305219,0.44731051292660795,0.5,0.75,2.420769544757708,3.762929817423401,True
D1,96,136,TimesFM3,h1,1,ARIMA,8.255850315093994,4.930356979370117,1.4813099720142158,1.1949870991552267,3.0403208005369606,3.0872519826334583,0.5078526386786149,0.0,1.0,2.0660249056051234,3.193893230286775,True
D1,96,136,TimesFM3,h1_6,1,ARIMA,8.255850315093994,4.930356979370117,1.1659049433275552,0.9514574631158809,2.3716229226161225,2.4008063949705245,0.38728133175154034,0.8333333333333334,1.0,2.480907348598463,3.845550315695116,True
D1,96,136,TimesFM3,h1_12,1,ARIMA,8.255850315093994,4.930356979370117,0.8385065412743822,0.7375448188439635,1.6994664582671577,1.7150630534237352,0.31318823819087205,0.9166666666666666,1.0,2.5878379446109148,4.013650142687893,True
D1,96,137,TimesFM3,h1,1,ARIMA,8.255850315093994,4.930356979370117,0.1571202358255845,0.12821745296064532,0.27623257818534064,0.2758515822165797,0.17123455181973485,1.0,1.0,2.2111392055154826,3.448737201947269,True
D1,96,137,TimesFM3,h1_6,1,ARIMA,8.255850315093994,4.930356979370117,0.7808744887627517,0.7321893936012753,1.4058326120104778,1.3971444687861476,0.3061653390814146,1.0,1.0,2.797623026424794,4.327431205091965,True
D1,96,137,TimesFM3,h1_12,1,ARIMA,8.255850315093994,4.930356979370117,0.9940423652487573,0.9720170587431931,1.825276067210128,1.8379020104795867,0.383594873759157,0.8333333333333334,0.9166666666666666,2.9454592877553396,4.537725311813185,True
D1,96,138,TimesFM3,h1,1,ARIMA,8.255850315093994,4.930356979370117,1.5207777124299589,1.2230597756592914,2.3379036935988626,2.3108904964629464,0.5263357254613583,0.0,1.0,2.1167470126047068,3.2887257931071514,True
D1,96,138,TimesFM3,h1_6,1,ARIMA,8.255850315093994,4.930356979370117,0.96318746235457,0.9790480339029748,1.4981780674365162,1.4875975773670438,0.4026110503488366,0.6666666666666666,0.8333333333333334,2.6743950745317644,4.143405730224304,True
D1,96,138,TimesFM3,h1_12,1,ARIMA,8.255850315093994,4.930356979370117,0.9521505652467986,0.9051127598417524,1.494511490216515,1.4907530530151836,0.3769709569271511,0.8333333333333334,0.9166666666666666,2.837069110768613,4.40026279970042,True
D1,96,139,TimesFM3,h1,1,ARIMA,8.255850315093994,4.930356979370117,0.20920429063143742,0.1699638773726447,0.3811619922979852,0.38188980168623016,0.12604226185803719,1.0,1.0,1.555213928515379,2.472093877181553,True
D1,96,139,TimesFM3,h1_6,1,ARIMA,8.255850315093994,4.930356979370117,0.8755555237100795,0.9198863647650491,1.6035341901477003,1.6249080723199738,0.34634240234328484,0.6666666666666666,1.0,2.352490138254916,3.716975944612361,True
D1,96,139,TimesFM3,h1_12,1,ARIMA,8.255850315093994,4.930356979370117,0.9827418593536296,1.0215812803599142,1.7758481950536507,1.7791042115596654,0.3887914210489053,0.6666666666666666,0.9166666666666666,2.6035674042157972,4.115430678883563,True
D1,96,140,TimesFM3,h1,1,ARIMA,8.255850315093994,4.930356979370117,1.1543714425127327,0.9215264590686386,2.0761838721372197,2.054852612864973,0.37795566473216224,0.0,1.0,2.243412867397374,3.450173944477852,True
D1,96,140,TimesFM3,h1_6,1,ARIMA,8.255850315093994,4.930356979370117,1.3419264322480065,1.2806985239158881,2.4033357160383355,2.362977868571638,0.5057384177837505,0.3333333333333333,0.8333333333333334,2.747674248520549,4.220259781354971,True
D1,96,140,TimesFM3,h1_12,1,ARIMA,8.255850315093994,4.930356979370117,1.5297487841070634,1.419464732881242,2.7373484272253195,2.6879121422353713,0.5672802390767729,0.4166666666666667,0.8333333333333334,2.9285127180858352,4.507427469880763,True
D1,96,141,TimesFM3,h1,1,ARIMA,8.255850315093994,4.930356979370117,1.8765643919680517,1.4716947528725566,3.308351120106549,3.254515716525689,0.7168406352418227,0.0,0.0,1.8645803635554536,2.937407640749135,True
D1,96,141,TimesFM3,h1_6,1,ARIMA,8.255850315093994,4.930356979370117,0.9210389473570723,0.8666386696697504,1.632708567397194,1.618536261703615,0.38445649065305776,0.6666666666666666,0.8333333333333334,2.7286664211306184,4.2707589413881895,True
D1,96,141,TimesFM3,h1_12,1,ARIMA,8.255850315093994,4.930356979370117,1.4242061940442075,1.3786421190826907,2.498411408672263,2.4550309417912546,0.5523486553350846,0.5,0.8333333333333334,3.007261567122166,4.710299886882085,True
D1,96,142,TimesFM3,h1,1,ARIMA,8.255850315093994,4.930356979370117,0.6267258831213524,0.49446678012134954,0.9063150905198988,0.9104408217990076,0.21515705280685485,1.0,1.0,1.756275647030688,2.7475160539170704,True
D1,96,142,TimesFM3,h1_6,1,ARIMA,8.255850315093994,4.930356979370117,0.8788517586689303,0.7801358879962504,1.267266627734774,1.277477067472449,0.3293968574315888,0.6666666666666666,1.0,2.454671847020776,3.829798504180913,True
D1,96,142,TimesFM3,h1_12,1,ARIMA,8.255850315093994,4.930356979370117,1.2241380753681281,1.1104797464897664,1.7431214010327094,1.741561085945394,0.4420391113582864,0.5,0.9166666666666666,2.715709469215339,4.237077621461475,True
D1,96,143,TimesFM3,h1,1,ARIMA,8.255850315093994,4.930356979370117,0.4552297196241823,0.35583044113643525,0.7695526648269206,0.7725251587999221,0.19426365786296185,1.0,1.0,2.083874971632321,3.2351336947964846,True
D1,96,143,TimesFM3,h1_6,1,ARIMA,8.255850315093994,4.930356979370117,1.9058392735090974,1.7584844881199257,3.110427695206315,3.0505254484478312,0.7173980955332047,0.5,0.6666666666666666,2.716398386649661,4.201388424197799,True
D1,96,143,TimesFM3,h1_12,1,ARIMA,8.255850315093994,4.930356979370117,1.6430332017345277,1.538421517473688,2.7202825397607304,2.7089566378289245,0.619597006251183,0.5,0.75,2.8894222485953223,4.455232937187233,True
D1,96,144,TimesFM3,h1,1,ARIMA,8.255850315093994,4.930356979370117,0.9209726944930149,0.7587230406297757,1.5143414471392118,1.5029614629551817,0.3036538809769363,1.0,1.0,2.070083624570694,3.230276988818354,True
D1,96,144,TimesFM3,h1_6,1,ARIMA,8.255850315093994,4.930356979370117,0.8177405947737831,0.6847723787969239,1.3618817207538776,1.3563413713111774,0.2958248991318996,1.0,1.0,2.617957681615209,4.080698817223608,True
D1,96,144,TimesFM3,h1_12,1,ARIMA,8.255850315093994,4.930356979370117,1.5069261694977527,1.5548033075187653,2.4976370138236668,2.452049016363711,0.5741155987939331,0.6666666666666666,0.6666666666666666,2.8269777130566336,4.4050266893763315,True
D1,96,145,TimesFM3,h1,1,ARIMA,8.255850315093994,4.930356979370117,2.068918501684631,1.677011874893762,3.7137840564929423,3.646080282385853,0.830801109535369,0.0,0.0,1.8552515225033896,2.8984498854119662,True
D1,96,145,TimesFM3,h1_6,1,ARIMA,8.255850315093994,4.930356979370117,1.5758424614354658,1.4094242360337144,2.871420888279863,2.8222580129119437,0.597556840262599,0.3333333333333333,0.5,2.3750033534323123,3.703836578671815,True
D1,96,145,TimesFM3,h1_12,1,ARIMA,8.255850315093994,4.930356979370117,1.2103864524529304,1.1367183163859915,2.2334746040531153,2.2164771817515247,0.4600981747193152,0.5833333333333334,0.75,2.5674797006454235,3.992605302575205,True
D1,96,146,TimesFM3,h1,1,ARIMA,8.255850315093994,4.930356979370117,2.528022122084211,2.084070160913128,4.728218265421946,4.842705098936156,1.0073919370840727,0.0,0.0,2.080616816894415,3.187898566679611,True
D1,96,146,TimesFM3,h1_6,1,ARIMA,8.255850315093994,4.930356979370117,1.350259118692755,1.3800934685956723,2.4705809772771854,2.466684344857037,0.5431937975124308,0.5,0.6666666666666666,2.3925316655349986,3.6688506919779003,True
D1,96,146,TimesFM3,h1_12,1,ARIMA,8.255850315093994,4.930356979370117,2.031734931581121,1.8960124972946006,3.6640576469039163,3.601588417614585,0.8028391491931007,0.25,0.4166666666666667,2.467908426808327,3.78565427305883,True
D1,96,147,TimesFM3,h1,1,ARIMA,8.255850315093994,4.930356979370117,1.237428688470071,1.008312486958383,2.2879410892959835,2.2620637463367306,0.41480199823715597,0.0,1.0,2.0897170731763417,3.230032858111189,True
D1,96,147,TimesFM3,h1_6,1,ARIMA,8.255850315093994,4.930356979370117,0.8072530545322697,0.9735483666536631,1.4962352580169975,1.4723698818908635,0.37218745714144547,0.6666666666666666,0.8333333333333334,2.733013351698243,4.204112442872959,True
D1,96,147,TimesFM3,h1_12,1,ARIMA,8.255850315093994,4.930356979370117,1.0563856572219112,1.060958749338017,1.995972300287513,1.9959406893393064,0.4132533813520837,0.6666666666666666,0.9166666666666666,2.9325234153433963,4.513168443300957,True
D1,96,148,TimesFM3,h1,1,ARIMA,8.255850315093994,4.930356979370117,0.09256708934096475,0.07279987721284664,0.14929178452736527,0.14918042746620036,0.14393285200574696,1.0,1.0,1.897206519863383,2.9256560257530677,True
D1,96,148,TimesFM3,h1_6,1,ARIMA,8.255850315093994,4.930356979370117,0.7497651307743977,0.7840694891394134,1.1964108328052603,1.183929497328222,0.3182225885516018,0.6666666666666666,1.0,2.338797528643627,3.610384891627858,True
D1,96,148,TimesFM3,h1_12,1,ARIMA,8.255850315093994,4.930356979370117,1.242194921210343,1.280620956523777,2.019153503797259,2.042122445715962,0.5030603648579122,0.5,0.8333333333333334,2.4852472903935823,3.8333373318432513,True
D1,96,149,TimesFM3,h1,1,ARIMA,8.255850315093994,4.930356979370117,0.3424588735001066,0.27782353694823403,0.6775536173705673,0.6798568145906669,0.16420477911144626,1.0,1.0,1.8868434780857362,2.9318106336547674,True
D1,96,149,TimesFM3,h1_6,1,ARIMA,8.255850315093994,4.930356979370117,0.796610430780156,0.7535153413619495,1.5866296344311668,1.5993121504025616,0.299328423210255,0.8333333333333334,1.0,2.363372623991826,3.690743631710162,True
D1,96,149,TimesFM3,h1_12,1,ARIMA,8.255850315093994,4.930356979370117,0.9158265678404629,0.8538434935348048,1.817752204503866,1.8227392738924926,0.3394659514053673,0.8333333333333334,1.0,2.579384817366132,4.046055901731304,True
D1,96,150,TimesFM3,h1,1,ARIMA,8.255850315093994,4.930356979370117,1.4486569058248453,1.2198611099676053,2.936509507508804,2.98026742566066,0.4904454319081899,0.0,1.0,2.2420153227265,3.479319898979037,True
D1,96,150,TimesFM3,h1_6,1,ARIMA,8.255850315093994,4.930356979370117,1.218468378772026,1.1217303295336023,2.4034320614564524,2.393430820484664,0.4394123732810069,0.6666666666666666,1.0,3.076834491726657,4.767198757091474,True
D1,96,150,TimesFM3,h1_12,1,ARIMA,8.255850315093994,4.930356979370117,0.9165684573971663,0.942204754051468,1.812537042666258,1.8112008887908289,0.3902092095006345,0.8333333333333334,1.0,3.328242803315044,5.1685029774351,True
D1,96,151,TimesFM3,h1,1,ARIMA,8.255850315093994,4.930356979370117,0.561638436362323,0.4199772936172375,0.9296791785319636,0.934020877341858,0.19679884611096737,1.0,1.0,1.7528910292095377,2.7564332378532788,True
D1,96,151,TimesFM3,h1_6,1,ARIMA,8.255850315093994,4.930356979370117,1.9517409908407977,1.6909681110274608,3.2567591534527214,3.3263197391268067,0.7458615489052063,0.3333333333333333,0.5,2.324069763691018,3.6558331998623372,True
D1,96,151,TimesFM3,h1_12,1,ARIMA,8.255850315093994,4.930356979370117,1.805013848037852,1.6136889770759557,3.0009156369311647,3.056478330079159,0.6866394155991293,0.4166666666666667,0.6666666666666666,2.540935759616367,3.9943662666559527,True
D1,96,152,TimesFM3,h1,1,ARIMA,8.255850315093994,4.930356979370117,1.0025070137814232,0.7477373142732734,1.8238906269853392,1.8406765908925407,0.32690062992366786,1.0,1.0,2.1276940464748435,3.319900559157464,True
D1,96,152,TimesFM3,h1_6,1,ARIMA,8.255850315093994,4.930356979370117,0.9061669753721769,0.7490777188523143,1.628634268527527,1.6296911923610344,0.33894742070310024,1.0,1.0,2.779742177804882,4.355778742641679,True
D1,96,152,TimesFM3,h1_12,1,ARIMA,8.255850315093994,4.930356979370117,0.9138779705881823,0.783556035854419,1.6427015738057087,1.6459630828388454,0.35976168294760236,0.9166666666666666,1.0,3.0780773079786954,4.831279239471918,True
D1,96,153,TimesFM3,h1,1,ARIMA,8.255850315093994,4.930356979370117,1.3185930652454718,1.0299064028102123,2.33663293731145,2.3642549168662,0.4215999012873518,0.0,1.0,2.302005303003706,3.545745104440868,True
D1,96,153,TimesFM3,h1_6,1,ARIMA,8.255850315093994,4.930356979370117,1.2891813369416742,1.1504936054849524,2.276692438821654,2.2525359973273376,0.4626496879190747,0.5,1.0,2.903825341141275,4.4772749234037,True
D1,96,153,TimesFM3,h1_12,1,ARIMA,8.255850315093994,4.930356979370117,1.400981501390913,1.2120925293496523,2.4911646924484794,2.462208052402985,0.4935116515699172,0.4166666666666667,1.0,3.079038734668932,4.727967569086493,True
D1,96,154,TimesFM3,h1,1,ARIMA,8.255850315093994,4.930356979370117,1.2469368033528094,1.0091626502597397,1.9079444993417314,1.889915232481555,0.41882004683366053,0.0,1.0,2.039793467827921,3.1897882502866155,True
D1,96,154,TimesFM3,h1_6,1,ARIMA,8.255850315093994,4.930356979370117,0.8414925014478827,0.777056018518486,1.2945626499407674,1.2837769902777187,0.3306007694856481,0.6666666666666666,1.0,2.5940443157442505,4.0446130229236905,True
D1,96,154,TimesFM3,h1_12,1,ARIMA,8.255850315093994,4.930356979370117,0.8228006268436661,0.8161886963216718,1.2830183530113217,1.2842712329183052,0.3407807661592361,0.75,1.0,2.7929697192678984,4.343836770687443,True
D1,96,155,TimesFM3,h1,1,ARIMA,8.255850315093994,4.930356979370117,0.5563065472684959,0.41376515849516843,0.8057875402368002,0.8025540997670092,0.20955391016281333,1.0,1.0,2.0529299540512675,3.2032443324524182,True
D1,96,155,TimesFM3,h1_6,1,ARIMA,8.255850315093994,4.930356979370117,1.899246768027721,1.7381771551371723,2.686972960086575,2.6337863765665572,0.7703767601258197,0.5,0.5,2.753031115543036,4.284407425653438,True
D1,96,155,TimesFM3,h1_12,1,ARIMA,8.255850315093994,4.930356979370117,2.2132877099522785,1.884044580384429,3.1173835407246218,3.055392264578354,0.8553446932227264,0.3333333333333333,0.5,3.0119691836735205,4.688365847743521,True
D1,96,156,TimesFM3,h1,1,ARIMA,8.255850315093994,4.930356979370117,1.0863734205239641,0.8536710763073562,1.9089884088923796,1.8909395009462642,0.3595174613893547,0.0,1.0,1.9907875014766279,3.0693124990903202,True
D1,96,156,TimesFM3,h1_6,1,ARIMA,8.255850315093994,4.930356979370117,2.115615806492844,2.034915687815226,3.6939300243432442,3.5963939756487173,0.8300120574078061,0.3333333333333333,0.6666666666666666,2.312105083197214,3.5577305180847607,True
D1,96,156,TimesFM3,h1_12,1,ARIMA,8.255850315093994,4.930356979370117,1.3370754047038707,1.4812651053480332,2.3495218645332088,2.300603922342125,0.5368830017124094,0.6666666666666666,0.8333333333333334,2.392328758441558,3.6761758606377266,True
D1,96,157,TimesFM3,h1,1,ARIMA,8.255850315093994,4.930356979370117,0.49021583713609695,0.4027905397072644,0.9195631089739503,0.9153544779262748,0.20945683336041032,1.0,1.0,2.2594245738769843,3.5588612472981294,True
D1,96,157,TimesFM3,h1_6,1,ARIMA,8.255850315093994,4.930356979370117,0.49601920753333917,0.5033353380104498,0.9279726161490645,0.9233991005091637,0.2646603411981515,1.0,1.0,2.8996387868088234,4.549599804229556,True
D1,96,157,TimesFM3,h1_12,1,ARIMA,8.255850315093994,4.930356979370117,1.579642309921543,1.8268667591625583,3.052318160602429,3.145343337060246,0.6618376736582506,0.6666666666666666,0.75,3.084244772065782,4.8251119588204405,True
D1,96,158,TimesFM3,h1,1,ARIMA,8.255850315093994,4.930356979370117,0.7338323303588135,0.5796597366121222,1.2940603457283149,1.3024878350187714,0.2511358831140011,1.0,1.0,2.1370979395137244,3.3220309383690085,True
D1,96,158,TimesFM3,h1_6,1,ARIMA,8.255850315093994,4.930356979370117,1.405026498895539,1.1781590989182336,2.454296449131121,2.423712353063901,0.4708593449113673,0.5,1.0,2.7300654246036866,4.234159784419826,True
D1,96,158,TimesFM3,h1_12,1,ARIMA,8.255850315093994,4.930356979370117,1.3075560475921313,1.1103902036112299,2.304453178700029,2.2907498604706937,0.4503724106715935,0.5833333333333334,1.0,2.910725985441777,4.517728358887663,True
D1,96,159,TimesFM3,h1,1,ARIMA,8.255850315093994,4.930356979370117,0.11164938114798195,0.0912187364340882,0.20996111004734339,0.20974092286241064,0.1580486753121239,1.0,1.0,2.0709386978329105,3.183410178655976,True
D1,96,159,TimesFM3,h1_6,1,ARIMA,8.255850315093994,4.930356979370117,1.1408897689969428,1.0656538809101543,2.195750631001377,2.220671781541467,0.4125436914143759,0.5,1.0,2.3960018957558398,3.6853139555592445,True
D1,96,159,TimesFM3,h1_12,1,ARIMA,8.255850315093994,4.930356979370117,1.0076110670055085,0.9713668621668384,1.934686788353476,1.9491254792026267,0.37734726673398916,0.5833333333333334,1.0,2.463330411150998,3.784938972989294,True
D1,96,160,TimesFM3,h1,1,ARIMA,8.255850315093994,4.930356979370117,0.9207459164267768,0.7097595315830597,1.4664068788970512,1.4772380390078992,0.3135957730807448,1.0,1.0,2.532378351272765,3.88623628728117,True
D1,96,160,TimesFM3,h1_6,1,ARIMA,8.255850315093994,4.930356979370117,1.0956520132103622,1.0123053164671787,1.7319199791460844,1.7509740812534182,0.41801469124777696,0.8333333333333334,1.0,3.250727919099095,4.99112392609007,True
D1,96,160,TimesFM3,h1_12,1,ARIMA,8.255850315093994,4.930356979370117,1.100918931093863,0.963143891509106,1.730327409023816,1.7440981433820328,0.4186328117615999,0.9166666666666666,1.0,3.5252304429052392,5.403917391954354,True
D1,96,161,TimesFM3,h1,1,ARIMA,8.255850315093994,4.930356979370117,1.21296579146772,0.9964839961513555,2.180379598415102,2.156865668910035,0.40956857098932786,0.0,1.0,1.8617365725112627,2.8911581558100554,True
D1,96,161,TimesFM3,h1_6,1,ARIMA,8.255850315093994,4.930356979370117,1.2469430100852015,1.0660077666605787,2.239451475432086,2.2127016517321048,0.4270178633127855,0.5,0.8333333333333334,2.3896635658799656,3.6926791490356528,True
D1,96,161,TimesFM3,h1_12,1,ARIMA,8.255850315093994,4.930356979370117,1.0612116984628672,0.9763330874941076,1.9124885443880597,1.8899474186303031,0.38683372980702674,0.5833333333333334,0.9166666666666666,2.5294295551284454,3.903076090508998,True
D1,96,162,TimesFM3,h1,1,ARIMA,8.255850315093994,4.930356979370117,0.3066186723786763,0.24328341619959537,0.5557303455488666,0.554190443316047,0.18619012494724033,1.0,1.0,2.300442357147548,3.5605905324464104,True
D1,96,162,TimesFM3,h1_6,1,ARIMA,8.255850315093994,4.930356979370117,1.1510516332373617,1.1777317760243038,2.135924684355882,2.1678636091871235,0.4507183655261876,0.6666666666666666,0.8333333333333334,2.7985350687941737,4.340514952819743,True
D1,96,162,TimesFM3,h1_12,1,ARIMA,8.255850315093994,4.930356979370117,1.172864748239112,1.1394356271103407,2.1752801414064007,2.207591918703231,0.45793130089303974,0.75,0.9166666666666666,3.199676005052367,4.977393780549763,True
D1,96,163,TimesFM3,h1,1,ARIMA,8.255850315093994,4.930356979370117,2.124920919414745,1.6770156907677571,3.4310705195930655,3.373202049057309,0.7952647676126423,0.0,0.0,2.088985465492386,3.249040408548691,True
D1,96,163,TimesFM3,h1_6,1,ARIMA,8.255850315093994,4.930356979370117,2.010500700960527,1.6932819119362665,3.2166042000326134,3.1590363002976107,0.7298586745766834,0.16666666666666666,0.5,2.6524757136152397,4.139403617273177,True
D1,96,163,TimesFM3,h1_12,1,ARIMA,8.255850315093994,4.930356979370117,2.657516801225582,2.2296545798009166,4.228628228293437,4.130543735271998,0.9912246767361158,0.08333333333333333,0.25,2.911173683637897,4.557990189531065,True
D1,96,164,TimesFM3,h1,1,ARIMA,8.255850315093994,4.930356979370117,0.9591604977200322,0.7761957349082886,1.6477569518924702,1.6342923688316346,0.3243215374568703,1.0,1.0,2.522081458054381,3.9344185621072603,True
D1,96,164,TimesFM3,h1_6,1,ARIMA,8.255850315093994,4.930356979370117,0.4774222764487692,0.5051047774808652,0.8256123406527658,0.8201643040433717,0.28923656915054446,1.0,1.0,3.162596211875812,4.944621947568914,True
D1,96,164,TimesFM3,h1_12,1,ARIMA,8.255850315093994,4.930356979370117,0.9068898041797131,0.9272508018215821,1.6011407951054282,1.6163974131761107,0.3970094230853185,0.9166666666666666,1.0,3.605247105996849,5.661059349934307,True
D1,96,165,TimesFM3,h1,1,ARIMA,8.255850315093994,4.930356979370117,2.978912743553422,2.293567527913238,4.387243177152078,4.485641170248708,1.2297504635009182,0.0,0.0,2.0776899140978267,3.275992540826058,True
D1,96,165,TimesFM3,h1_6,1,ARIMA,8.255850315093994,4.930356979370117,2.7390940085755346,2.1340894846692406,4.060813371494645,4.147153501210068,1.0592921905874946,0.0,0.16666666666666666,2.6108287585414813,4.144515976985614,True
D1,96,165,TimesFM3,h1_12,1,ARIMA,8.255850315093994,4.930356979370117,2.167435922989636,1.8555049639205687,3.2206652109274834,3.2862323510171785,0.8491037793761314,0.25,0.4166666666666667,2.7599722803661724,4.4233366177890465,True
D1,96,166,TimesFM3,h1,1,ARIMA,8.255850315093994,4.930356979370117,0.3000637395583873,0.24456770925217683,0.5027765985723649,0.504043705471208,0.17746610674443794,1.0,1.0,2.1910304608734505,3.415532791020953,True
D1,96,166,TimesFM3,h1_6,1,ARIMA,8.255850315093994,4.930356979370117,0.8634731755770405,0.8799604183899525,1.4056792447621747,1.3949592206836428,0.3579927733165531,0.6666666666666666,1.0,3.0430230459378502,4.727081510228977,True
D1,96,166,TimesFM3,h1_12,1,ARIMA,8.255850315093994,4.930356979370117,0.8292575965692544,0.8584035618973823,1.3435981072736998,1.332509181246931,0.36358710908143094,0.75,1.0,3.263470049795291,5.073658383821608,True
D1,96,167,TimesFM3,h1,1,ARIMA,8.255850315093994,4.930356979370117,0.9128260370725934,0.7663363312364121,1.4913207611190047,1.5025244909562692,0.30386821896514454,0.0,1.0,1.7091613403511654,2.6730298404624935,True
D1,96,167,TimesFM3,h1_6,1,ARIMA,8.255850315093994,4.930356979370117,1.2256488992217378,1.0572185101229656,2.0064854311804754,2.0279973394194286,0.4211877113071194,0.0,0.8333333333333334,1.9872021576881285,3.1274188833816225,True
D1,96,167,TimesFM3,h1_12,1,ARIMA,8.255850315093994,4.930356979370117,1.5440851679314134,1.347253128402512,2.492298781446424,2.486200179234379,0.5386802212636196,0.0,0.6666666666666666,2.1237399035532483,3.351149076898741,True
D1,96,168,TimesFM3,h1,1,ARIMA,8.255850315093994,4.930356979370117,3.8590090168980833,3.0982529977186215,6.451977958959267,6.667056465801712,1.6965114749065278,0.0,0.0,1.905880740995165,2.925771697871892,True
D1,96,168,TimesFM3,h1_6,1,ARIMA,8.255850315093994,4.930356979370117,3.1305766863285456,2.6158720741009116,5.190545525556727,5.34137780012004,1.3033050379678002,0.0,0.16666666666666666,2.1581871689288796,3.3450968526926053,True
D1,96,168,TimesFM3,h1_12,1,ARIMA,8.255850315093994,4.930356979370117,2.1232568270126224,1.972459694963641,3.4967667702394354,3.577842327300832,0.8435145429166607,0.3333333333333333,0.5,2.254048489300094,3.510934403281769,True
D1,96,169,TimesFM3,h1,1,ARIMA,8.255850315093994,4.930356979370117,1.6726999383488819,1.3760861404283027,2.518939410643764,2.4876087322738334,0.622106081637331,0.0,0.0,1.9277270104963222,2.979622197214337,True
D1,96,169,TimesFM3,h1_6,1,ARIMA,8.255850315093994,4.930356979370117,1.0829610894272996,1.1147980675458977,1.6692451394671053,1.6807106509531489,0.4263314819861622,0.6666666666666666,0.6666666666666666,2.502331927398569,3.8730360510997426,True
D1,96,169,TimesFM3,h1_12,1,ARIMA,8.255850315093994,4.930356979370117,1.5614427087197298,1.5705551134363007,2.426399434468962,2.4635187697265697,0.5980995056883347,0.5,0.6666666666666666,2.74270804571748,4.256215595516477,True
D1,96,170,TimesFM3,h1,1,ARIMA,8.255850315093994,4.930356979370117,2.3800638705919144,1.864301255646387,3.5093596790407156,3.448843517148702,0.9571719755342095,0.0,0.0,2.0136286461717066,3.1316817349549964,True
D1,96,170,TimesFM3,h1_6,1,ARIMA,8.255850315093994,4.930356979370117,2.7153537701982975,2.193725712755854,4.0336458198700775,3.949154093365185,1.0642367993466486,0.0,0.16666666666666666,2.441161677869503,3.782375628638655,True
D1,96,170,TimesFM3,h1_12,1,ARIMA,8.255850315093994,4.930356979370117,2.8656177180617664,2.363947503750353,4.261234289270085,4.16330916887714,1.134007968791566,0.08333333333333333,0.25,2.5348955845245675,3.914517270044562,True
D1,96,171,TimesFM3,h1,1,ARIMA,8.255850315093994,4.930356979370117,0.8071804807020786,0.6384734429682759,1.2908348075543692,1.2825569617101362,0.2712922036622245,1.0,1.0,2.019589465643983,3.1504410556763305,True
D1,96,171,TimesFM3,h1_6,1,ARIMA,8.255850315093994,4.930356979370117,0.8769609424189238,0.8276471987093458,1.4358064835640514,1.4429895124401835,0.33758252913717257,0.8333333333333334,1.0,2.520402224011182,3.908349568319633,True
D1,96,171,TimesFM3,h1_12,1,ARIMA,8.255850315093994,4.930356979370117,0.900062275382821,0.8370474712134222,1.4821737573230762,1.4928009304728933,0.3451533219471455,0.75,1.0,2.622710699438345,4.06246405188822,True
D1,96,172,TimesFM3,h1,1,ARIMA,8.255850315093994,4.930356979370117,1.4237899875988114,1.0887183710551183,2.1427755871096155,2.1200615069087414,0.47971459854889836,0.0,1.0,2.300343260934208,3.607927839078542,True
D1,96,172,TimesFM3,h1_6,1,ARIMA,8.255850315093994,4.930356979370117,2.2326441923252696,1.8708562757728513,3.373035239608208,3.3089441006215012,0.8057999366774614,0.16666666666666666,0.6666666666666666,3.316852975380403,5.131328472590311,True
D1,96,172,TimesFM3,h1_12,1,ARIMA,8.255850315093994,4.930356979370117,1.9253107213124492,1.6894561142968616,2.9689633776811415,2.961037358320065,0.7163885295581216,0.3333333333333333,0.75,3.6308041800108337,5.595508814926709,True
D1,96,173,TimesFM3,h1,1,ARIMA,8.255850315093994,4.930356979370117,1.2640365910430358,0.9511374982211794,2.097521951383373,2.075752271606728,0.43351244622142754,0.0,1.0,2.457127237043979,3.8082830270086503,True
D1,96,173,TimesFM3,h1_6,1,ARIMA,8.255850315093994,4.930356979370117,0.7735907418361598,0.6299328174982183,1.3145781770399123,1.3091065774342372,0.31974741391014694,0.8333333333333334,1.0,3.0443990531214165,4.739390549963948,True
D1,96,173,TimesFM3,h1_12,1,ARIMA,8.255850315093994,4.930356979370117,0.6480416440685004,0.548383648319891,1.1106285053121114,1.1072840281532692,0.30735064115164523,0.9166666666666666,1.0,3.243892142656811,5.015871462332028,True
D1,96,174,TimesFM3,h1,1,ARIMA,8.255850315093994,4.930356979370117,0.3829202194377738,0.30567887924296644,0.6430402745934956,0.64511444745066,0.16879616832969752,1.0,1.0,1.8470556757297598,2.8651681253977506,True
D1,96,174,TimesFM3,h1_6,1,ARIMA,8.255850315093994,4.930356979370117,1.7624406776535275,1.744778252700032,2.8659837113686812,2.8054871294560186,0.7068881854098695,0.5,0.5,2.260426135218491,3.51572599541636,True
D1,96,174,TimesFM3,h1_12,1,ARIMA,8.255850315093994,4.930356979370117,2.294710853474703,2.0778294238377404,3.720016138850852,3.634104708686238,0.9033213048384485,0.25,0.3333333333333333,2.454630992407731,3.827539135489777,True
D1,96,175,TimesFM3,h1,1,ARIMA,8.255850315093994,4.930356979370117,0.39931043750782247,0.31053024343708296,0.7232399339166441,0.7206339775650829,0.18391533605836363,1.0,1.0,2.071192195871982,3.209769559572979,True
D1,96,175,TimesFM3,h1_6,1,ARIMA,8.255850315093994,4.930356979370117,0.9280858565698918,0.828247943666524,1.6625997311539384,1.6447202498912235,0.34481904073412983,0.6666666666666666,1.0,2.596479112253565,3.9951004233178127,True
D1,96,175,TimesFM3,h1_12,1,ARIMA,8.255850315093994,4.930356979370117,1.420614780876179,1.3388627616535484,2.592726434533127,2.610136825289863,0.5383448092404599,0.5,0.8333333333333334,2.752932588050835,4.200688005260291,True
D1,96,176,TimesFM3,h1,1,ARIMA,8.255850315093994,4.930356979370117,2.2577053837841508,1.860677078557878,3.8376942450637053,3.7654411852302845,0.8962476846167088,0.0,0.0,2.036536786391339,3.2136995566323625,True
D1,96,176,TimesFM3,h1_6,1,ARIMA,8.255850315093994,4.930356979370117,0.6807085329667023,0.8579369736039133,1.1748178612905733,1.1600831389670783,0.3598577394564919,0.8333333333333334,0.8333333333333334,2.755922741387385,4.311912821597039,True
D1,96,176,TimesFM3,h1_12,1,ARIMA,8.255850315093994,4.930356979370117,1.0795879544844325,1.1044783044171682,1.8900072402277657,1.863761832296113,0.4353166618478734,0.6666666666666666,0.9166666666666666,2.9942466586133474,4.678870915590958,True
D1,96,177,TimesFM3,h1,1,ARIMA,8.255850315093994,4.930356979370117,1.6377023339892705,1.3575949763290474,3.2141421634091927,3.1633055939823587,0.5720335396115549,0.0,0.0,2.057596126293011,3.166284355916822,True
D1,96,177,TimesFM3,h1_6,1,ARIMA,8.255850315093994,4.930356979370117,1.207566519405041,1.0669687483168464,2.3455627437022284,2.3147656151560803,0.4210243858857737,0.3333333333333333,0.8333333333333334,2.4406135366498094,3.7656626709263237,True
D1,96,177,TimesFM3,h1_12,1,ARIMA,8.255850315093994,4.930356979370117,1.7588559014959075,1.5913861264903175,3.380451525947265,3.314242871084744,0.6447376244478289,0.25,0.5833333333333334,2.5369558532649648,3.920760648287811,True
D1,96,178,TimesFM3,h1,1,ARIMA,8.255850315093994,4.930356979370117,1.053308070725379,0.8209711005489759,1.822356082675405,1.8391136827074728,0.3372817571979986,0.0,1.0,1.8675564312876947,2.9143584459369647,True
D1,96,178,TimesFM3,h1_6,1,ARIMA,8.255850315093994,4.930356979370117,1.2153533081972314,1.0143889088307791,2.1283465986802512,2.1548543756229814,0.40909115665018486,0.6666666666666666,1.0,2.732448523617563,4.264370581918608,True
D1,96,178,TimesFM3,h1_12,1,ARIMA,8.255850315093994,4.930356979370117,1.1538961800729666,1.0853483335029808,2.0330348219443426,2.0632435151883466,0.436401321679069,0.6666666666666666,1.0,3.13014400010188,4.874553742227694,True
D1,96,179,TimesFM3,h1,1,ARIMA,8.255850315093994,4.930356979370117,1.2499660718797725,1.0446602358937043,2.3986133672359347,2.37018754954002,0.4077116001047466,0.0,1.0,2.2243908714542653,3.4478276079238572,True
D1,96,179,TimesFM3,h1_6,1,ARIMA,8.255850315093994,4.930356979370117,2.0248575868089724,1.7951386709138903,3.7873695407662398,3.70921407964483,0.7067654156272377,0.16666666666666666,0.8333333333333334,2.959447526810108,4.592062720888831,True
D1,96,179,TimesFM3,h1_12,1,ARIMA,8.255850315093994,4.930356979370117,1.9303118879043992,1.8376348114523928,3.596868334247609,3.5294947142028943,0.7135599787797973,0.3333333333333333,0.75,3.3078160763877187,5.161156376128571,True
D1,96,180,TimesFM3,h1,1,ARIMA,8.255850315093994,4.930356979370117,0.8692067734342984,0.7011417074116765,1.5797702756779501,1.5673896974061199,0.28182602865008144,1.0,1.0,1.772931259603914,2.7064730501027023,True
D1,96,180,TimesFM3,h1_6,1,ARIMA,8.255850315093994,4.930356979370117,1.65488986785446,1.6258304149774117,3.0852512317482415,3.1426658596937154,0.6327714274971458,0.16666666666666666,0.8333333333333334,1.8465465605287255,2.853788798302396,True
D1,96,180,TimesFM3,h1_12,1,ARIMA,8.255850315093994,4.930356979370117,1.7214682259307776,1.6074326643128922,3.2130603380999845,3.2764515694874783,0.6674208331922991,0.16666666666666666,0.5833333333333334,1.904379776091539,2.9562756911104207,True
D1,96,181,TimesFM3,h1,1,ARIMA,8.255850315093994,4.930356979370117,0.5608340038706809,0.44506770781517274,0.76425573470867,0.7613464178788509,0.20412660972711555,1.0,1.0,1.947289014069282,3.0764796743587706,True
D1,96,181,TimesFM3,h1_6,1,ARIMA,8.255850315093994,4.930356979370117,1.0538029520543812,1.0825527598575952,1.4410183650106245,1.4253078000457062,0.410767064848451,0.8333333333333334,0.8333333333333334,2.820945629370918,4.406193321958982,True
D1,96,181,TimesFM3,h1_12,1,ARIMA,8.255850315093994,4.930356979370117,1.0763846965519888,1.0295513384118429,1.4865997321170359,1.4826472178984706,0.4097652163949128,0.8333333333333334,0.9166666666666666,3.066528038838868,4.77593148537738,True
D1,96,182,TimesFM3,h1,1,ARIMA,8.255850315093994,4.930356979370117,0.26727542094989737,0.21844631994300992,0.5342443219524142,0.5328210388792242,0.16119201298823357,1.0,1.0,1.9945305625394458,3.0649609453037767,True
D1,96,182,TimesFM3,h1_6,1,ARIMA,8.255850315093994,4.930356979370117,0.5063432428212498,0.6207122353407848,1.0248829323636142,1.0353567131353638,0.2533965910513145,0.8333333333333334,1.0,2.365913522338705,3.638795329123977,True
D1,96,182,TimesFM3,h1_12,1,ARIMA,8.255850315093994,4.930356979370117,0.5723332823736267,0.6463769722463912,1.1590269037621328,1.1701062002994687,0.2692704746769633,0.8333333333333334,1.0,2.501883738428837,3.8440046252264435,True
D1,96,183,TimesFM3,h1,1,ARIMA,8.255850315093994,4.930356979370117,0.905726226539483,0.7602640770167922,1.527718709791891,1.516137551273399,0.2965070573320923,1.0,1.0,2.0127899270146337,3.1027399612055087,True
D1,96,183,TimesFM3,h1_6,1,ARIMA,8.255850315093994,4.930356979370117,1.0564687516018534,0.9833008593064549,1.7805982879339413,1.7613607856336988,0.3826496370030342,0.5,1.0,2.5466930245938912,3.927319018530061,True
D1,96,183,TimesFM3,h1_12,1,ARIMA,8.255850315093994,4.930356979370117,1.1790719911959828,1.1745032354830809,2.008439475581795,2.0163810897281014,0.4414004487265864,0.5833333333333334,0.9166666666666666,2.7644444189761987,4.265121880696466,True
D1,96,184,TimesFM3,h1,1,ARIMA,8.255850315093994,4.930356979370117,0.7744536720982471,0.6006594159538509,1.2652691775443625,1.2573149681659348,0.26047957280342315,1.0,1.0,1.9943723147865466,3.106762931031146,True
D1,96,184,TimesFM3,h1_6,1,ARIMA,8.255850315093994,4.930356979370117,1.9341179607803092,1.7826555953588907,3.100444201395387,3.034411289368026,0.7858611031638347,0.3333333333333333,0.5,2.4226341200474293,3.7887090837401325,True
D1,96,184,TimesFM3,h1_12,1,ARIMA,8.255850315093994,4.930356979370117,1.4149319995665244,1.388206274960828,2.284952610849375,2.248359556633633,0.5711946349341929,0.5833333333333334,0.75,2.6633019227987162,4.151842791258894,True
D1,96,185,TimesFM3,h1,1,ARIMA,8.255850315093994,4.930356979370117,1.4966348600845965,1.2344368182074406,2.4430787413431747,2.4732909642224143,0.5423218746738072,0.0,0.0,1.7710661023706307,2.7414616020164506,True
D1,96,185,TimesFM3,h1_6,1,ARIMA,8.255850315093994,4.930356979370117,1.7980273110508116,1.688876448933928,2.944720699862362,3.0017007976422425,0.7027593470790269,0.16666666666666666,0.5,2.182906542043684,3.387868358479315,True
D1,96,185,TimesFM3,h1_12,1,ARIMA,8.255850315093994,4.930356979370117,1.2948094787494016,1.3187422703185017,2.11060052480984,2.1413464483081412,0.5089476078565485,0.4166666666666667,0.75,2.349046891474128,3.6541660491476486,True
D1,96,186,TimesFM3,h1,1,ARIMA,8.255850315093994,4.930356979370117,2.0860661203786615,1.624781950312423,3.950165036381802,4.02975604352317,0.7945364441455411,0.0,0.0,2.032105445037106,3.184100788628575,True
D1,96,186,TimesFM3,h1_6,1,ARIMA,8.255850315093994,4.930356979370117,1.4445891594724014,1.2776241143894458,2.7601473695324206,2.8103883967823196,0.5459181181529096,0.5,0.6666666666666666,2.60257315439736,4.056505116858545,True
D1,96,186,TimesFM3,h1_12,1,ARIMA,8.255850315093994,4.930356979370117,0.9832772088527078,0.9676956808638673,1.8727942402383153,1.8950781058758877,0.4080691102411625,0.75,0.8333333333333334,2.789913611066092,4.337694495681105,True
D1,96,187,TimesFM3,h1,1,ARIMA,8.255850315093994,4.930356979370117,0.4578150566318898,0.3550718490042151,0.7120732944731425,0.7095470469565921,0.19272888254428824,1.0,1.0,2.0428175357643026,3.173730803035671,True
D1,96,187,TimesFM3,h1_6,1,ARIMA,8.255850315093994,4.930356979370117,1.9110936736649071,1.7642558762771152,2.9268654849233067,2.868008041728844,0.7795688140301955,0.3333333333333333,0.5,2.5070994683469388,3.935153625353433,True
D1,96,187,TimesFM3,h1_12,1,ARIMA,8.255850315093994,4.930356979370117,1.6888473874918588,1.5904846751045512,2.5915936161785025,2.543514636550653,0.6976511460666045,0.3333333333333333,0.5833333333333334,2.734969189015686,4.285371504855656,True
D1,96,188,TimesFM3,h1,1,ARIMA,8.255850315093994,4.930356979370117,0.23051364917402148,0.18626996096132523,0.402344878290098,0.40315591688164637,0.1649476893598361,1.0,1.0,2.0720477341804107,3.2359871413250008,True
D1,96,188,TimesFM3,h1_6,1,ARIMA,8.255850315093994,4.930356979370117,1.4320495450628452,1.326024327643203,2.5794721399103913,2.624038197450829,0.521624414508579,0.3333333333333333,0.8333333333333334,2.865343830959772,4.4306301328248425,True
D1,96,188,TimesFM3,h1_12,1,ARIMA,8.255850315093994,4.930356979370117,1.5281456423716397,1.401866791483694,2.7314066586523964,2.7406893390894402,0.5508923542632345,0.5,0.8333333333333334,3.119081884533018,4.8162735253129965,True
D1,96,189,TimesFM3,h1,1,ARIMA,8.255850315093994,4.930356979370117,0.47382245454557664,0.38063004384067844,0.866661259286244,0.8629219541490015,0.1920470529082519,1.0,1.0,1.9911816865664962,3.086021926748944,True
D1,96,189,TimesFM3,h1_6,1,ARIMA,8.255850315093994,4.930356979370117,0.9022939362023028,0.9301957997415864,1.6494755897469748,1.627954650898138,0.3576933361574459,0.6666666666666666,1.0,2.5087970354440112,3.877564301088378,True
D1,96,189,TimesFM3,h1_12,1,ARIMA,8.255850315093994,4.930356979370117,1.2424847259018446,1.1489646562436484,2.2702575487651258,2.237012229757311,0.4509261407212886,0.5,0.9166666666666666,2.6499951263394674,4.096260664757655,True
D1,96,190,TimesFM3,h1,1,ARIMA,8.255850315093994,4.930356979370117,0.6153589541909953,0.501463112057635,1.068078601485118,1.073813185914457,0.22224466252353214,1.0,1.0,2.1167246858197015,3.2651166239527987,True
D1,96,190,TimesFM3,h1_6,1,ARIMA,8.255850315093994,4.930356979370117,0.9787451964395035,0.9660107074502954,1.6756306947812414,1.662828605818202,0.3763394539300227,0.6666666666666666,1.0,2.8043394529504857,4.321303533266118,True
D1,96,190,TimesFM3,h1_12,1,ARIMA,8.255850315093994,4.930356979370117,0.8261525724867479,0.8710367829181086,1.416431193642388,1.4053916390770793,0.3588358917769192,0.75,1.0,3.0340060636837283,4.672053432051645,True
D1,96,191,TimesFM3,h1,1,ARIMA,8.255850315093994,4.930356979370117,1.176814710951771,0.9485069975420587,1.8021297972411587,1.818515804834389,0.38675175720863114,0.0,1.0,2.0177901079475036,3.108201351841921,True
D1,96,191,TimesFM3,h1_6,1,ARIMA,8.255850315093994,4.930356979370117,1.8913661970587192,1.6800722442991423,2.961062687881431,3.0157146368557717,0.7315800233427149,0.16666666666666666,0.5,2.2448213792780543,3.4520162524513265,True
D1,96,191,TimesFM3,h1_12,1,ARIMA,8.255850315093994,4.930356979370117,1.8896213930417776,1.7691830128419417,2.958917746654812,3.016222621730933,0.7477762225591843,0.25,0.5833333333333334,2.2825295654971636,3.508838019983377,True
D1,96,192,TimesFM3,h1,1,ARIMA,8.255850315093994,4.930356979370117,1.5314238485811351,1.2264773537581548,2.3633524111393127,2.3357513927103923,0.5219496073864268,0.0,1.0,2.2429336186378612,3.4792963067280973,True
D1,96,192,TimesFM3,h1_6,1,ARIMA,8.255850315093994,4.930356979370117,1.4250612684256916,1.306496830989916,2.255847630792298,2.27908434085072,0.5114013969628011,0.6666666666666666,0.8333333333333334,2.749218541802909,4.274279250985942,True
D1,96,192,TimesFM3,h1_12,1,ARIMA,8.255850315093994,4.930356979370117,1.0587871219320606,1.0324625067997035,1.6738540265290491,1.6896357580761083,0.41272924285917967,0.8333333333333334,0.9166666666666666,2.9641507604110298,4.619074778604414,True
D1,96,193,TimesFM3,h1,1,ARIMA,8.255850315093994,4.930356979370117,0.9157101048071711,0.7649032658682602,1.75146449873132,1.7362595142325064,0.2984467000578594,1.0,1.0,2.0240387663206367,3.132745962683765,True
D1,96,193,TimesFM3,h1_6,1,ARIMA,8.255850315093994,4.930356979370117,0.8556164091390527,0.814054041411873,1.6300451700571945,1.6139226797060517,0.33459953133550685,0.8333333333333334,1.0,2.7805486375609996,4.299465583700558,True
D1,96,193,TimesFM3,h1_12,1,ARIMA,8.255850315093994,4.930356979370117,1.692456669651216,1.8648823248972832,3.3154035150910035,3.400211722692793,0.6697157703629563,0.6666666666666666,0.75,3.032184160559539,4.688438818604679,True
D1,96,194,TimesFM3,h1,1,ARIMA,8.255850315093994,4.930356979370117,0.3509517259609794,0.27683916129392816,0.6572268482004986,0.6550741864858903,0.17874532569607707,1.0,1.0,2.1200883303622593,3.269141213577395,True
D1,96,194,TimesFM3,h1_6,1,ARIMA,8.255850315093994,4.930356979370117,0.45206327507392996,0.3840265885156734,0.855383897857646,0.8546625606130757,0.22677284324686678,1.0,1.0,2.5936214010045173,4.004017951913395,True
D1,96,194,TimesFM3,h1_12,1,ARIMA,8.255850315093994,4.930356979370117,0.48739716082059464,0.4660857088918822,0.9263705668670947,0.9275124192168132,0.2501873022668646,1.0,1.0,2.733540034353279,4.226572344411461,True
D1,96,195,TimesFM3,h1,1,ARIMA,8.255850315093994,4.930356979370117,0.3112342800895104,0.24611687808525803,0.5720298820022577,0.5736706658186397,0.1595939125426735,1.0,1.0,1.9075740627241085,2.923895881982387,True
D1,96,195,TimesFM3,h1_6,1,ARIMA,8.255850315093994,4.930356979370117,1.2899906779690957,1.1349409801020172,2.31702793343798,2.2849708840690304,0.45820057668848346,0.3333333333333333,0.5,2.250860599836406,3.506283277400575,True
D1,96,195,TimesFM3,h1_12,1,ARIMA,8.255850315093994,4.930356979370117,1.1855149228247321,1.0563661618757512,2.1289804319600014,2.1010457546250247,0.4272896959897856,0.4166666666666667,0.75,2.37985060331176,3.7274784833925643,True
D1,96,196,TimesFM3,h1,1,ARIMA,8.255850315093994,4.930356979370117,0.837652081325975,0.674055259024346,1.3811490947958183,1.3716766450127587,0.27796018747379814,1.0,1.0,2.0350436546705466,3.1454788096850477,True
D1,96,196,TimesFM3,h1_6,1,ARIMA,8.255850315093994,4.930356979370117,2.2030650606306743,2.0310151325231187,3.738464270668028,3.8156091980138083,0.8535614548645607,0.3333333333333333,0.3333333333333333,2.486348277924972,3.841829822999082,True
D1,96,196,TimesFM3,h1_12,1,ARIMA,8.255850315093994,4.930356979370117,2.0755242222388004,2.039687274592025,3.536810045752656,3.6248663253132243,0.8306984717304826,0.5,0.5,2.6293788446169035,4.05263949447487,True
D1,96,197,TimesFM3,h1,1,ARIMA,8.255850315093994,4.930356979370117,0.45637544978459116,0.362194081544269,0.7295085532779166,0.7268573101540668,0.21528383385277206,1.0,1.0,2.440116291938277,3.806118778273895,True
D1,96,197,TimesFM3,h1_6,1,ARIMA,8.255850315093994,4.930356979370117,1.6567471040390658,1.7381310327344524,2.6023404151166116,2.546690057699723,0.6517665180686049,0.6666666666666666,0.8333333333333334,3.0490808574682524,4.772303560475622,True
D1,96,197,TimesFM3,h1_12,1,ARIMA,8.255850315093994,4.930356979370117,1.9188581504028888,1.830160633560044,2.994550425655563,2.9323380223325617,0.7442577303085819,0.4166666666666667,0.6666666666666666,3.087742409447567,4.905540522157874,True
D1,96,198,TimesFM3,h1,1,ARIMA,8.255850315093994,4.930356979370117,0.2722527294072077,0.21135887347808785,0.384991042699494,0.3842513760099501,0.17613914673244452,1.0,1.0,2.1943011437443847,3.4257703196619627,True
D1,96,198,TimesFM3,h1_6,1,ARIMA,8.255850315093994,4.930356979370117,1.4194655650307377,1.3883520454087452,2.0058763003148066,1.9853901187147995,0.5650345000208605,0.5,0.6666666666666666,2.8381046295055996,4.401953897660914,True
D1,96,198,TimesFM3,h1_12,1,ARIMA,8.255850315093994,4.930356979370117,1.1864498925164595,1.1829828196101655,1.6799126897017915,1.6626316828125087,0.48041200722608923,0.6666666666666666,0.8333333333333334,3.0183424699080086,4.6768714426748,True
D1,96,199,TimesFM3,h1,1,ARIMA,8.255850315093994,4.930356979370117,0.5583846661313613,0.448991943046426,0.9547480628943638,0.9502119975742487,0.20284785973690234,1.0,1.0,1.9331140284309198,3.010656095636559,True
D1,96,199,TimesFM3,h1_6,1,ARIMA,8.255850315093994,4.930356979370117,0.9302488295897484,0.8955808898465164,1.5735336899791852,1.556099657158045,0.3666738984696974,0.6666666666666666,0.8333333333333334,2.5963042566843275,4.053552415699468,True
D1,96,199,TimesFM3,h1_12,1,ARIMA,8.255850315093994,4.930356979370117,0.8280260389427873,0.7792119440394107,1.4082911519316008,1.400529271925159,0.33505158508051475,0.8333333333333334,0.9166666666666666,2.8044214575409323,4.381454320748727,True
