dgp,n,rep,method,horizon_slice,m,correct_model,classical_cell_secs,timesfm_cell_secs,MASE,RMSSE,sMAPE,MAPE,SPL,cover60,cover80,width60,width80,denom_ok
D2,24,0,SeasonalNaive,h1,1,ARIMA,7.909605979919434,6.131441593170166,0.8620875153446211,0.6960814510355574,1.4016062410385022,1.4114980635136747,0.28522796739484674,1.0,1.0,2.084673157236843,3.1743687560779943,True
D2,24,0,SeasonalNaive,h1_6,1,ARIMA,7.909605979919434,6.131441593170166,0.8206738955773653,0.8057947558767137,1.3379489888056326,1.3512014810542916,0.3831635376434351,1.0,1.0,3.7634681259094998,5.730699602434245,True
D2,24,0,SeasonalNaive,h1_12,1,ARIMA,7.909605979919434,6.131441593170166,1.6180781363012728,1.6167263612924134,2.6362117108706578,2.6627210678272135,0.628798882684745,0.8333333333333334,1.0,5.081217895684034,7.7372605268554615,True
D2,24,1,SeasonalNaive,h1,1,ARIMA,7.909605979919434,6.131441593170166,2.45484718069223,1.9444080084663105,3.9475577672731648,3.871149829386794,0.9762328012362773,0.0,0.0,2.1251213772533553,3.235959977423013,True
D2,24,1,SeasonalNaive,h1_6,1,ARIMA,7.909605979919434,6.131441593170166,2.3308106001838045,1.9553622970982396,3.880445162254064,3.9412794560481834,0.8308382987268436,0.5,0.6666666666666666,3.836489446423685,5.841890461089052,True
D2,24,1,SeasonalNaive,h1_12,1,ARIMA,7.909605979919434,6.131441593170166,1.9812860194026007,1.6847388420428386,3.27275773564044,3.2979281082955385,0.7418967837753209,0.75,0.8333333333333334,5.179807076766439,7.887384019849502,True
D2,24,2,SeasonalNaive,h1,1,ARIMA,7.909605979919434,6.131441593170166,1.9197672855413064,1.5048356662259157,4.136166019777229,4.0523598541343295,0.7060634552830032,0.0,0.0,2.1473665826679516,3.2698331458837417,True
D2,24,2,SeasonalNaive,h1_6,1,ARIMA,7.909605979919434,6.131441593170166,2.592825610996884,2.1240634011121147,5.532371239136681,5.371341617565354,0.8907821804956231,0.0,0.6666666666666666,3.8766487976589277,5.903041816822202,True
D2,24,2,SeasonalNaive,h1_12,1,ARIMA,7.909605979919434,6.131441593170166,2.7570463620787047,2.296714613639457,5.865251196346518,5.678812504062295,0.9464367185491966,0.3333333333333333,0.8333333333333334,5.234027919709352,7.969947058169781,True
D2,24,3,SeasonalNaive,h1,1,ARIMA,7.909605979919434,6.131441593170166,0.7461244154728114,0.5771406707719037,1.0730509191615012,1.0788391659547771,0.25502255666412926,1.0,1.0,2.1760869845101527,3.313566210682596,True
D2,24,3,SeasonalNaive,h1_6,1,ARIMA,7.909605979919434,6.131441593170166,3.249560939270911,3.209299436344718,4.482480017451517,4.33009404070793,1.272400392841307,0.5,0.6666666666666666,3.928497844844659,5.981993279715768,True
D2,24,3,SeasonalNaive,h1_12,1,ARIMA,7.909605979919434,6.131441593170166,3.9635702225384426,3.492261654215575,5.470869246528187,5.286997698265597,1.4669896264603592,0.3333333333333333,0.6666666666666666,5.304031516822489,8.076542775928989,True
D2,24,4,SeasonalNaive,h1,1,ARIMA,7.909605979919434,6.131441593170166,0.36000601069799504,0.28220408092020444,0.6529191146724526,0.6507945337185068,0.18146543962785067,1.0,1.0,2.1473020647279935,3.269734903273329,True
D2,24,4,SeasonalNaive,h1_6,1,ARIMA,7.909605979919434,6.131441593170166,1.2347681839577094,1.2158601759029823,2.2837929689861243,2.3226982684866266,0.47819754129251457,0.8333333333333334,1.0,3.876532323184383,5.9028644590759285,True
D2,24,4,SeasonalNaive,h1_12,1,ARIMA,7.909605979919434,6.131441593170166,2.1331476700352594,1.916006574502046,3.981345320915798,4.0873548719528054,0.7409468912134551,0.75,1.0,5.233870662582504,7.969707599956199,True
D2,24,5,SeasonalNaive,h1,1,ARIMA,7.909605979919434,6.131441593170166,0.2309843424332658,0.18376355575856862,0.5000686723793196,0.4988214474843305,0.1678967946348748,1.0,1.0,2.115776726372459,3.221730711943293,True
D2,24,5,SeasonalNaive,h1_6,1,ARIMA,7.909605979919434,6.131441593170166,0.9068064677273786,0.8128435965320701,1.9926337304698654,2.017898156222668,0.37080838135464694,1.0,1.0,3.8196195137841706,5.816202315730574,True
D2,24,5,SeasonalNaive,h1_12,1,ARIMA,7.909605979919434,6.131441593170166,0.7388657726776148,0.6873049791104955,1.6209483122144102,1.638755435336313,0.44023740451592425,1.0,1.0,5.157030265389522,7.852701365570112,True
D2,24,6,SeasonalNaive,h1,1,ARIMA,7.909605979919434,6.131441593170166,0.5831268636732222,0.4634205996994382,1.0781306563297943,1.0839739842451879,0.21699707361193704,1.0,1.0,2.11804115161244,3.225178792380889,True
D2,24,6,SeasonalNaive,h1_6,1,ARIMA,7.909605979919434,6.131441593170166,0.9070325451823442,0.8842221914129381,1.6892405910977963,1.711113620415692,0.3855540930211444,1.0,1.0,3.8237074890068405,5.822427148039384,True
D2,24,6,SeasonalNaive,h1_12,1,ARIMA,7.909605979919434,6.131441593170166,1.7878957929468744,2.044857086693871,3.4027136740582296,3.5290840270225368,0.7551031788641472,0.75,0.9166666666666666,5.162549614076322,7.8611057756161,True
D2,24,7,SeasonalNaive,h1,1,ARIMA,7.909605979919434,6.131441593170166,1.136864654421873,0.8937978202297231,2.610330047415081,2.6448497006374345,0.3701652776322115,0.0,1.0,2.1409974631937727,3.2601347748022236,True
D2,24,7,SeasonalNaive,h1_6,1,ARIMA,7.909605979919434,6.131441593170166,1.5742207178453846,1.3346943849947226,3.6437800906113473,3.723365253587443,0.5770364487228012,0.5,0.8333333333333334,3.8651506028229825,5.885533311802204,True
D2,24,7,SeasonalNaive,h1_12,1,ARIMA,7.909605979919434,6.131441593170166,1.473383962956623,1.325735637032075,3.4141145959421624,3.492817042902343,0.6064787100442931,0.75,0.9166666666666666,5.218503719313909,7.946308083145173,True
D2,24,8,SeasonalNaive,h1,1,ARIMA,7.909605979919434,6.131441593170166,0.08736168545510678,0.0737485265228687,0.23846989726625717,0.23875457616250378,0.1509891561265163,1.0,1.0,1.993950332199146,3.0362235028218456,True
D2,24,8,SeasonalNaive,h1_6,1,ARIMA,7.909605979919434,6.131441593170166,0.48271753081717106,0.4929102904400063,1.3287768582788697,1.341743282032798,0.3004507418287077,1.0,1.0,3.5996858758543495,5.481305468120967,True
D2,24,8,SeasonalNaive,h1_12,1,ARIMA,7.909605979919434,6.131441593170166,0.6040521848985041,0.620616266593257,1.6403200243474105,1.6342738852422423,0.40076011084397295,1.0,1.0,4.860088535175764,7.400542931287937,True
D2,24,9,SeasonalNaive,h1,1,ARIMA,7.909605979919434,6.131441593170166,1.7786862271050399,1.4526153954613885,3.608617900912413,3.5446612605253986,0.6457217613765347,0.0,0.0,2.06108251540294,3.138446867741017,True
D2,24,9,SeasonalNaive,h1_6,1,ARIMA,7.909605979919434,6.131441593170166,1.5111571862910453,1.4886619402534,3.055512555166712,2.992228347328163,0.6353977666602897,0.5,0.6666666666666666,3.720879853352991,5.665849685165728,True
D2,24,9,SeasonalNaive,h1_12,1,ARIMA,7.909605979919434,6.131441593170166,1.1334941262320544,1.1653658696929645,2.301721726646599,2.2634150080434896,0.577252178925792,0.75,0.8333333333333334,5.023717663073958,7.64970390377956,True
D2,24,10,SeasonalNaive,h1,1,ARIMA,7.909605979919434,6.131441593170166,1.3659695800678142,1.0653638564630203,2.1833101365199994,2.1597332985059605,0.4586838659787648,0.0,1.0,2.158190361021789,3.2863147049760406,True
D2,24,10,SeasonalNaive,h1_6,1,ARIMA,7.909605979919434,6.131441593170166,0.7876736661331208,0.7207480106347813,1.2618887614892016,1.2511088944653324,0.38971988717337397,0.8333333333333334,1.0,3.8961890045710716,5.932796036131769,True
D2,24,10,SeasonalNaive,h1_12,1,ARIMA,7.909605979919434,6.131441593170166,0.7178061255998652,0.6788455292909947,1.151295963496901,1.1428050046701868,0.46088070285525395,0.9166666666666666,1.0,5.260409981606938,8.010119491300552,True
D2,24,11,SeasonalNaive,h1,1,ARIMA,7.909605979919434,6.131441593170166,2.5223050167041534,2.022732809708596,5.6257711009232825,5.471854107394053,1.0130530966242413,0.0,0.0,2.0989677424686857,3.1961353743047165,True
D2,24,11,SeasonalNaive,h1_6,1,ARIMA,7.909605979919434,6.131441593170166,3.9596287203731886,3.29041090261238,8.66551493576511,8.282973680241982,1.5319195787656972,0.0,0.0,3.7892741932569836,5.7699949584571995,True
D2,24,11,SeasonalNaive,h1_12,1,ARIMA,7.909605979919434,6.131441593170166,4.190575382536759,3.4794232919289807,9.146848350123598,8.722148969034686,1.5347562694106764,0.08333333333333333,0.3333333333333333,5.1160597614409244,7.790314853227056,True
D2,24,12,SeasonalNaive,h1,1,ARIMA,7.909605979919434,6.131441593170166,0.018981269629040523,0.016921992317561068,0.04022343819936925,0.040231529451562054,0.13943107152061363,1.0,1.0,1.8880802284013387,2.8750132197940936,True
D2,24,12,SeasonalNaive,h1_6,1,ARIMA,7.909605979919434,6.131441593170166,0.5455141891378059,0.6817896647595862,1.1682915703390209,1.1811816569564502,0.3138410220970137,1.0,1.0,3.4085581876857587,5.190271950642395,True
D2,24,12,SeasonalNaive,h1_12,1,ARIMA,7.909605979919434,6.131441593170166,1.1080576544450735,1.2481194577103778,2.317376552382356,2.2890506984069248,0.4728046716487571,0.9166666666666666,1.0,4.602038939166959,7.007606238912305,True
D2,24,13,SeasonalNaive,h1,1,ARIMA,7.909605979919434,6.131441593170166,0.4053582264934947,0.3007333471273704,0.6856140399706193,0.6879724578517004,0.19589912836755013,1.0,1.0,2.2688411104332356,3.454804561790746,True
D2,24,13,SeasonalNaive,h1_6,1,ARIMA,7.909605979919434,6.131441593170166,1.7172427683424758,1.3713333658185531,2.9440014433829984,2.995245507372508,0.5872024761485649,0.6666666666666666,1.0,4.095947209866871,6.2369713949691645,True
D2,24,13,SeasonalNaive,h1_12,1,ARIMA,7.909605979919434,6.131441593170166,2.4779983858154555,1.9784847223541988,4.280674890072621,4.390218568533526,0.8227385259475182,0.75,1.0,5.530112004741107,8.4207995409362,True
D2,24,14,SeasonalNaive,h1,1,ARIMA,7.909605979919434,6.131441593170166,0.7776142242013621,0.6357560675516812,1.3130916895142353,1.3217697136464388,0.26119588600062776,1.0,1.0,2.0588294033481382,3.1350160140909518,True
D2,24,14,SeasonalNaive,h1_6,1,ARIMA,7.909605979919434,6.131441593170166,1.9450754611370784,1.6739667383893266,3.3232036814354613,3.385741483485274,0.6413421997404793,0.5,1.0,3.716812301865174,5.659655952439889,True
D2,24,14,SeasonalNaive,h1_12,1,ARIMA,7.909605979919434,6.131441593170166,2.2028948180624286,2.0507090292640346,3.7144625942927334,3.738208934375139,0.7840168117272971,0.5833333333333334,1.0,5.0182258893375975,7.641341482599226,True
D2,24,15,SeasonalNaive,h1,1,ARIMA,7.909605979919434,6.131441593170166,1.8876433009413618,1.411588295664939,3.2873805119610946,3.234219953724743,0.6777622964776882,0.0,0.0,2.2509122360433866,3.427503947065011,True
D2,24,15,SeasonalNaive,h1_6,1,ARIMA,7.909605979919434,6.131441593170166,4.448358079248601,3.5049474141012444,7.547249526424188,7.245883836023335,1.7438611083089213,0.0,0.0,4.063580146922054,6.187685494692006,True
D2,24,15,SeasonalNaive,h1_12,1,ARIMA,7.909605979919434,6.131441593170166,3.409685375784623,2.827552580046635,5.822207822778527,5.623698576646681,1.3064381413497026,0.4166666666666667,0.5,5.486411860628368,8.354256557147096,True
D2,24,16,SeasonalNaive,h1,1,ARIMA,7.909605979919434,6.131441593170166,0.008923261349929894,0.0073804775642119696,0.020584181695741416,0.020582063371080896,0.1496473320787057,1.0,1.0,2.0351003466869466,3.0988833590437985,True
D2,24,16,SeasonalNaive,h1_6,1,ARIMA,7.909605979919434,6.131441593170166,0.6844675402873567,0.6778903133548843,1.5718607319317475,1.5650686713182673,0.3365863197585982,1.0,1.0,3.6739741485113524,5.594425537253507,True
D2,24,16,SeasonalNaive,h1_12,1,ARIMA,7.909605979919434,6.131441593170166,1.2449158673295728,1.1834522584070604,2.9150683512308855,2.9605405062462444,0.5024273547820624,1.0,1.0,4.960388282067599,7.553271133150515,True
D2,24,17,SeasonalNaive,h1,1,ARIMA,7.909605979919434,6.131441593170166,0.36907638684799743,0.31036968455221975,0.8132156762461454,0.8165357747071839,0.1747370320725246,1.0,1.0,2.001629279159728,3.0479163714265085,True
D2,24,17,SeasonalNaive,h1_6,1,ARIMA,7.909605979919434,6.131441593170166,0.9867205143887404,0.9827882790859591,2.1639843780373065,2.1637606500362523,0.40880393925080494,0.8333333333333334,1.0,3.6135487070738934,5.502414646862647,True
D2,24,17,SeasonalNaive,h1_12,1,ARIMA,7.909605979919434,6.131441593170166,1.493627309182638,1.558320794671977,3.345558740469662,3.418881990594095,0.581158687439007,0.8333333333333334,1.0,4.878805331418211,7.429043328580262,True
D2,24,18,SeasonalNaive,h1,1,ARIMA,7.909605979919434,6.131441593170166,0.81031541507002,0.5542625460201744,1.4398880855136715,1.4295957957466907,0.27910403828426855,1.0,1.0,2.460850599093351,3.747180812502915,True
D2,24,18,SeasonalNaive,h1_6,1,ARIMA,7.909605979919434,6.131441593170166,1.2013444000640936,0.9927101459540859,2.1193009566254015,2.089563597826273,0.4752866412525371,1.0,1.0,4.442582646667118,6.764799316822688,True
D2,24,18,SeasonalNaive,h1_12,1,ARIMA,7.909605979919434,6.131441593170166,1.8704393621336872,1.4830277347713443,3.2754666587094854,3.2067138954291523,0.6872897520995308,1.0,1.0,5.998119206030214,9.133442399234807,True
D2,24,19,SeasonalNaive,h1,1,ARIMA,7.909605979919434,6.131441593170166,1.579176149870303,1.3306467500077055,2.573120846487316,2.5404365946825322,0.5534671648167914,0.0,0.0,1.9976273631977353,3.0418225830788783,True
D2,24,19,SeasonalNaive,h1_6,1,ARIMA,7.909605979919434,6.131441593170166,1.6286865044743455,1.5411144764030464,2.644184223611985,2.6016589519055375,0.6004468850893413,0.5,0.6666666666666666,3.6063240334538516,5.491413508323155,True
D2,24,19,SeasonalNaive,h1_12,1,ARIMA,7.909605979919434,6.131441593170166,2.434401556260994,2.2852957942998824,4.076090825043092,4.139895127799837,0.8394335633235354,0.3333333333333333,0.8333333333333334,4.869050993222572,7.414190224966891,True
D2,24,20,SeasonalNaive,h1,1,ARIMA,7.909605979919434,6.131441593170166,1.1053069148431351,0.9486441809010054,1.9807153778240227,1.9612915759001122,0.36393430416337474,0.0,1.0,1.9612195760552087,2.9863838004658834,True
D2,24,20,SeasonalNaive,h1_6,1,ARIMA,7.909605979919434,6.131441593170166,1.1384449764231173,1.116814459613217,2.033538535814991,2.0073773835280693,0.4227206957534519,0.8333333333333334,1.0,3.540596921282721,5.3913296699627,True
D2,24,20,SeasonalNaive,h1_12,1,ARIMA,7.909605979919434,6.131441593170166,1.685178828791791,1.5880617985569156,2.9952493807379788,2.9425475318628465,0.591362911154231,0.8333333333333334,1.0,4.780310032113761,7.279062791033064,True
D2,24,21,SeasonalNaive,h1,1,ARIMA,7.909605979919434,6.131441593170166,1.1806501221709578,0.8086774367846118,1.8411499855007305,1.8582566313500648,0.3819011247911308,1.0,1.0,2.4574945881770422,3.7420705552135054,True
D2,24,21,SeasonalNaive,h1_6,1,ARIMA,7.909605979919434,6.131441593170166,1.627780914606184,1.211844084518844,2.5532809273737387,2.592628521841492,0.604890667417169,0.6666666666666666,0.8333333333333334,4.436524027804056,6.755573750523663,True
D2,24,21,SeasonalNaive,h1_12,1,ARIMA,7.909605979919434,6.131441593170166,1.4259104086860344,1.0944617760199915,2.223611903891158,2.2448840923627538,0.6345971078948983,0.8333333333333334,0.9166666666666666,5.989939207805124,9.120986570991247,True
D2,24,22,SeasonalNaive,h1,1,ARIMA,7.909605979919434,6.131441593170166,2.3556461395275647,2.0692607545237736,4.006447791503574,3.927765847477723,0.9513265772645234,0.0,0.0,1.916202977779604,2.917836228595958,True
D2,24,22,SeasonalNaive,h1_6,1,ARIMA,7.909605979919434,6.131441593170166,3.216025268337812,2.894162803486031,5.4229505141422365,5.273455096375473,1.2183339309933587,0.0,0.3333333333333333,3.459328290677983,5.267580486094066,True
D2,24,22,SeasonalNaive,h1_12,1,ARIMA,7.909605979919434,6.131441593170166,2.4740682069110465,2.3336627410269157,4.198060732725998,4.107637147848052,0.9325233116636418,0.5,0.6666666666666666,4.670585807974962,7.1119837706686635,True
D2,24,23,SeasonalNaive,h1,1,ARIMA,7.909605979919434,6.131441593170166,1.867989676370992,1.5288905860712785,2.6238620237872126,2.658742896371225,0.6909061695857369,0.0,0.0,2.0565759120391633,3.1315845829438427,True
D2,24,23,SeasonalNaive,h1_6,1,ARIMA,7.909605979919434,6.131441593170166,1.292826038001738,1.2626040562625542,1.7815782294855846,1.7714116485426843,0.5017154205965463,0.6666666666666666,0.8333333333333334,3.712744065708405,5.6534611771564975,True
D2,24,23,SeasonalNaive,h1_12,1,ARIMA,7.909605979919434,6.131441593170166,1.5593258498052425,1.56366066435148,2.1404305942492994,2.120369989488023,0.6127831125830937,0.75,0.9166666666666666,5.012733191200646,7.632977653817734,True
D2,24,24,SeasonalNaive,h1,1,ARIMA,7.909605979919434,6.131441593170166,0.009927560951955907,0.008430410061048181,0.013742769520412203,0.013741825266725051,0.14582376575126627,1.0,1.0,1.9821683724164108,3.0182829038891863,True
D2,24,24,SeasonalNaive,h1_6,1,ARIMA,7.909605979919434,6.131441593170166,2.091532032988801,2.3100811009674334,2.8266563116592316,2.761652700865224,0.785458771064306,0.6666666666666666,0.8333333333333334,3.578415860480894,5.448917238815858,True
D2,24,24,SeasonalNaive,h1_12,1,ARIMA,7.909605979919434,6.131441593170166,1.5048323216777368,1.7546356109600565,2.049215841846647,2.0171818518423477,0.654583292246077,0.8333333333333334,0.9166666666666666,4.83137098552707,7.356814209574669,True
D2,24,25,SeasonalNaive,h1,1,ARIMA,7.909605979919434,6.131441593170166,0.056880414085273695,0.04592658968158698,0.10252427135974662,0.10247174215624896,0.15594734047956038,1.0,1.0,2.084707991622518,3.174421799014304,True
D2,24,25,SeasonalNaive,h1_6,1,ARIMA,7.909605979919434,6.131441593170166,2.7581892479858556,2.479550102895412,5.132452990857972,5.301687775364505,0.9971008888187861,0.16666666666666666,0.3333333333333333,3.7635310125542047,5.730795361042463,True
D2,24,25,SeasonalNaive,h1_12,1,ARIMA,7.909605979919434,6.131441593170166,2.907002435917298,2.514640751289378,5.405272492170066,5.579116638785766,1.0145147048861327,0.4166666666666667,0.6666666666666666,5.081302801609573,7.73738981461278,True
D2,24,26,SeasonalNaive,h1,1,ARIMA,7.909605979919434,6.131441593170166,2.1295824001895247,1.6941150817344044,3.4065060654952903,3.3494563486562448,0.8146886096210224,0.0,0.0,2.115915011874819,3.221941281728082,True
D2,24,26,SeasonalNaive,h1_6,1,ARIMA,7.909605979919434,6.131441593170166,2.323261255779132,1.9034262080420652,3.830977429322652,3.884587496110519,0.7888869389363443,0.16666666666666666,0.8333333333333334,3.8198691611106947,5.816582458138318,True
D2,24,26,SeasonalNaive,h1_12,1,ARIMA,7.909605979919434,6.131441593170166,1.9962054000626384,1.757309683885184,3.2968766561404843,3.3481970113146207,0.7564484692253239,0.5,0.9166666666666666,5.157367324830629,7.853214611953641,True
D2,24,27,SeasonalNaive,h1,1,ARIMA,7.909605979919434,6.131441593170166,0.30924732317657155,0.24262854847933468,0.5425948064345995,0.5411267436310142,0.17441670236459367,1.0,1.0,2.1454121144623337,3.2668570425146637,True
D2,24,27,SeasonalNaive,h1_6,1,ARIMA,7.909605979919434,6.131441593170166,3.234168916186746,2.79884124858962,5.499948899025563,5.3227385955121616,1.210879554319979,0.16666666666666666,0.3333333333333333,3.87312038901155,5.897669046452872,True
D2,24,27,SeasonalNaive,h1_12,1,ARIMA,7.909605979919434,6.131441593170166,3.070025786445235,2.5879075099502185,5.238242325044809,5.085384944539645,1.092087249720642,0.4166666666666667,0.6666666666666666,5.22926406558264,7.962693053077488,True
D2,24,28,SeasonalNaive,h1,1,ARIMA,7.909605979919434,6.131441593170166,0.7582014681496362,0.5931219333504083,1.3325854956916499,1.3237653432113363,0.2578426003826042,1.0,1.0,2.151727727606727,3.276473938559715,True
D2,24,28,SeasonalNaive,h1_6,1,ARIMA,7.909605979919434,6.131441593170166,0.6444217062890136,0.5626047935308345,1.1364129361499336,1.1327363353332502,0.3407004040190847,1.0,1.0,3.884521988673344,5.915030464289562,True
D2,24,28,SeasonalNaive,h1_12,1,ARIMA,7.909605979919434,6.131441593170166,0.5414289440487172,0.5175899140504401,0.9587125867763754,0.9595569428652464,0.42568288054819753,1.0,1.0,5.244657848737624,7.9861334394591115,True
D2,24,29,SeasonalNaive,h1,1,ARIMA,7.909605979919434,6.131441593170166,2.1130944273909904,1.7641391961116586,3.545559890756842,3.609549256087314,0.8182314857005801,0.0,0.0,2.0161959357364614,3.0700972775110817,True
D2,24,29,SeasonalNaive,h1_6,1,ARIMA,7.909605979919434,6.131441593170166,3.131742984647725,2.719982278439597,5.3119454796928345,5.470223675604321,1.1637531977727686,0.16666666666666666,0.3333333333333333,3.6398459458219916,5.54245791828066,True
D2,24,29,SeasonalNaive,h1_12,1,ARIMA,7.909605979919434,6.131441593170166,4.722393820092568,4.22075143731333,8.15092585660262,8.55607889548814,1.7943790748162713,0.08333333333333333,0.16666666666666666,4.914310348509758,7.483107447239901,True
D2,24,30,SeasonalNaive,h1,1,ARIMA,7.909605979919434,6.131441593170166,0.556541749600864,0.43631324198690014,0.9115315015708629,0.907395901826308,0.21420822182678423,1.0,1.0,2.147069163891976,3.2693802610434344,True
D2,24,30,SeasonalNaive,h1_6,1,ARIMA,7.909605979919434,6.131441593170166,0.6275788504475982,0.625382054783597,1.0361699660155133,1.0399220476507047,0.3471100300791972,1.0,1.0,3.8761118664476606,5.902224222152599,True
D2,24,30,SeasonalNaive,h1_12,1,ARIMA,7.909605979919434,6.131441593170166,1.1047191482224137,1.1485624717445242,1.8445402039932346,1.872806704338093,0.517188224533029,0.9166666666666666,1.0,5.2333029861140155,7.968843188938637,True
D2,24,31,SeasonalNaive,h1,1,ARIMA,7.909605979919434,6.131441593170166,0.6026829968858411,0.48201383511980644,1.413727938684569,1.4237922128354037,0.219497911211887,1.0,1.0,2.1046317360015485,3.204760037620855,True
D2,24,31,SeasonalNaive,h1_6,1,ARIMA,7.909605979919434,6.131441593170166,0.7012016978323036,0.6711467526494292,1.6201090391247657,1.60746872217773,0.34335388693213537,1.0,1.0,3.7994994216350126,5.78556509489528,True
D2,24,31,SeasonalNaive,h1_12,1,ARIMA,7.909605979919434,6.131441593170166,2.0898397361684578,2.1309106558338544,4.6867014284649375,4.521352626774159,0.7787778669292489,0.75,0.9166666666666666,5.129865275845099,7.811336754638349,True
D2,24,32,SeasonalNaive,h1,1,ARIMA,7.909605979919434,6.131441593170166,0.9373588203479644,0.7109043020831631,2.0709022119933445,2.0925697485989643,0.3090946121298221,1.0,1.0,2.2194297723898697,3.379565041803465,True
D2,24,32,SeasonalNaive,h1_6,1,ARIMA,7.909605979919434,6.131441593170166,0.9531705174683497,0.8504033609331331,2.0639597386562016,2.044635464306802,0.4044004571700659,1.0,1.0,4.006744739379241,6.101141212526456,True
D2,24,32,SeasonalNaive,h1_12,1,ARIMA,7.909605979919434,6.131441593170166,1.5345026416683623,1.2949931946723443,3.2918934452329,3.2313034262019826,0.5819424015162984,1.0,1.0,5.409675966965062,8.237409452137419,True
D2,24,33,SeasonalNaive,h1,1,ARIMA,7.909605979919434,6.131441593170166,0.3140063699017762,0.2657950066950645,0.6586303547566086,0.660806490823993,0.16481931989458148,1.0,1.0,1.9885582627944371,3.0280129031940213,True
D2,24,33,SeasonalNaive,h1_6,1,ARIMA,7.909605979919434,6.131441593170166,1.9449964047447188,1.8147364173247569,4.16946270587061,4.278537907032356,0.6914955187250852,0.5,0.6666666666666666,3.589951553106008,5.466482842383857,True
D2,24,33,SeasonalNaive,h1_12,1,ARIMA,7.909605979919434,6.131441593170166,1.761801820799966,1.6623721254959984,3.769715974025203,3.860750741856531,0.6675743562445713,0.75,0.8333333333333334,4.846945813277651,7.380530275770036,True
D2,24,34,SeasonalNaive,h1,1,ARIMA,7.909605979919434,6.131441593170166,0.2422869615184913,0.19368436776388223,0.3607530891974196,0.3601035468626114,0.167781102009883,1.0,1.0,2.1056304521221283,3.206280800354491,True
D2,24,34,SeasonalNaive,h1_6,1,ARIMA,7.909605979919434,6.131441593170166,2.296615161690284,2.287157733608476,3.3381802262204894,3.2556573395480135,0.9097136301288008,0.3333333333333333,0.6666666666666666,3.801302407524465,5.788310533457311,True
D2,24,34,SeasonalNaive,h1_12,1,ARIMA,7.909605979919434,6.131441593170166,2.056750635130834,1.9838696908639346,3.0459826918341317,3.0274351536284607,0.8169605055069524,0.6666666666666666,0.8333333333333334,5.132299563544807,7.81504348765327,True
D2,24,35,SeasonalNaive,h1,1,ARIMA,7.909605979919434,6.131441593170166,1.614684612186492,1.3116935651104087,2.627955725143839,2.5938728106289033,0.5624235932620281,0.0,0.0,2.0720584308503702,3.1551600886815274,True
D2,24,35,SeasonalNaive,h1_6,1,ARIMA,7.909605979919434,6.131441593170166,1.1992764304295496,1.088708748713839,1.9539301725877523,1.9306404432529938,0.48077503615727957,0.6666666666666666,0.8333333333333334,3.7406947139203086,5.69602212446278,True
D2,24,35,SeasonalNaive,h1_12,1,ARIMA,7.909605979919434,6.131441593170166,1.3569622491871505,1.315311059695413,2.2499000019943147,2.2632822379237907,0.5702851286560164,0.8333333333333334,0.9166666666666666,5.050470546517284,7.690440993448831,True
D2,24,36,SeasonalNaive,h1,1,ARIMA,7.909605979919434,6.131441593170166,1.868083338084421,1.5843242389432344,3.985682363160909,4.066725748621371,0.6994466266644941,0.0,0.0,1.9847182347778825,3.022165624489511,True
D2,24,36,SeasonalNaive,h1_6,1,ARIMA,7.909605979919434,6.131441593170166,1.799773017760222,1.57509167514047,3.842007630016759,3.922519743816135,0.6433887227304009,0.5,0.6666666666666666,3.583019136389895,5.455926728610655,True
D2,24,36,SeasonalNaive,h1_12,1,ARIMA,7.909605979919434,6.131441593170166,1.441509021809609,1.3555170180633662,3.0434856308787386,3.0738512315421214,0.6016258041029404,0.75,0.8333333333333334,4.837586063520308,7.366278018963607,True
D2,24,37,SeasonalNaive,h1,1,ARIMA,7.909605979919434,6.131441593170166,1.975247271523721,1.4599640661955198,3.110579735505956,3.0629421072566534,0.7184416741266922,0.0,0.0,2.277330084710045,3.467730873343179,True
D2,24,37,SeasonalNaive,h1_6,1,ARIMA,7.909605979919434,6.131441593170166,2.6224676782792566,2.079647974487435,4.0964530268850785,4.002924290228393,0.9044232965275427,0.16666666666666666,0.6666666666666666,4.111272386382672,6.2603073128056135,True
D2,24,37,SeasonalNaive,h1_12,1,ARIMA,7.909605979919434,6.131441593170166,2.1732359566979262,1.82547177484471,3.4003928401621577,3.327950966622526,0.827162229435499,0.5833333333333334,0.8333333333333334,5.550803175374516,8.452306353098752,True
D2,24,38,SeasonalNaive,h1,1,ARIMA,7.909605979919434,6.131441593170166,1.7899363913977828,1.5285812515504815,2.9969272265635416,3.04251825555042,0.6619897631272889,0.0,0.0,1.9710414113966401,3.001339683179185,True
D2,24,38,SeasonalNaive,h1_6,1,ARIMA,7.909605979919434,6.131441593170166,3.072162979442613,2.728275069475883,5.210879968277408,5.362787086764243,1.1319118965211092,0.0,0.3333333333333333,3.5583283167857105,5.418329580088169,True
D2,24,38,SeasonalNaive,h1_12,1,ARIMA,7.909605979919434,6.131441593170166,2.0396608550656135,2.0787995300744324,3.446084230851575,3.532360084476207,0.8432646816488235,0.5,0.6666666666666666,4.804249941030481,7.315516514545927,True
D2,24,39,SeasonalNaive,h1,1,ARIMA,7.909605979919434,6.131441593170166,0.4669985742869169,0.3535471950226103,0.6911030887581134,0.6887231951208763,0.20360129450387815,1.0,1.0,2.2233858545703375,3.385589038239829,True
D2,24,39,SeasonalNaive,h1_6,1,ARIMA,7.909605979919434,6.131441593170166,0.76552219492997,0.758056340844402,1.1271338835358269,1.1177025170881383,0.40127654683628705,1.0,1.0,4.013886669104785,6.112016355471599,True
D2,24,39,SeasonalNaive,h1_12,1,ARIMA,7.909605979919434,6.131441593170166,1.225994279138179,1.3034546398660436,1.834610861524251,1.8502513304323331,0.572959720122095,0.9166666666666666,1.0,5.419318589120227,8.252092443756391,True
D2,24,40,SeasonalNaive,h1,1,ARIMA,7.909605979919434,6.131441593170166,1.8229889376308503,1.5715429871290856,3.6580433384155002,3.726196275735923,0.6807005198736412,0.0,0.0,1.9525602685313408,2.9731981194599153,True
D2,24,40,SeasonalNaive,h1_6,1,ARIMA,7.909605979919434,6.131441593170166,0.7249953948374596,0.8084635281333228,1.440551620264944,1.4529638722937495,0.3820557978727439,0.8333333333333334,0.8333333333333334,3.524964241528876,5.367525511496852,True
D2,24,40,SeasonalNaive,h1_12,1,ARIMA,7.909605979919434,6.131441593170166,1.6730466105634252,1.8378818390208203,3.2256205381551606,3.159354224180709,0.6487791886701554,0.6666666666666666,0.9166666666666666,4.75920368831989,7.246923787342381,True
D2,24,41,SeasonalNaive,h1,1,ARIMA,7.909605979919434,6.131441593170166,1.4512666206241356,1.2107295264908446,2.695876068098429,2.732711323387134,0.4965776875322593,0.0,1.0,2.017654276645939,3.0723179190551377,True
D2,24,41,SeasonalNaive,h1_6,1,ARIMA,7.909605979919434,6.131441593170166,1.4220446591981442,1.4142094457845835,2.655656674519301,2.7068752165081658,0.5777271286273962,0.3333333333333333,1.0,3.6424786940350433,5.5464668506358965,True
D2,24,41,SeasonalNaive,h1_12,1,ARIMA,7.909605979919434,6.131441593170166,1.6852930575335756,1.6885486094127362,3.159551105812618,3.2339261297174633,0.6762454970003476,0.5,1.0,4.917864933506212,7.488520076799791,True
D2,24,42,SeasonalNaive,h1,1,ARIMA,7.909605979919434,6.131441593170166,0.3324067362068327,0.29846677157868223,0.7083728998290811,0.7108907786407185,0.1614427809773443,1.0,1.0,1.8746513449024946,2.854564820936098,True
D2,24,42,SeasonalNaive,h1_6,1,ARIMA,7.909605979919434,6.131441593170166,0.37627991986929704,0.5703861256866525,0.791083048063424,0.7833892346480248,0.28621423643407307,1.0,1.0,3.3843149748641173,5.153356380899095,True
D2,24,42,SeasonalNaive,h1_12,1,ARIMA,7.909605979919434,6.131441593170166,0.4157701513959912,0.6020388798502846,0.8734963401306495,0.8643924526961525,0.3729428648467502,1.0,1.0,4.569307149573703,6.957764962904769,True
D2,24,43,SeasonalNaive,h1,1,ARIMA,7.909605979919434,6.131441593170166,0.24316853883310316,0.18881765497344302,0.25857470373343094,0.2589094408932948,0.17238362295506365,1.0,1.0,2.1677613319328977,3.300888591976073,True
D2,24,43,SeasonalNaive,h1_6,1,ARIMA,7.909605979919434,6.131441593170166,3.2834030715457643,3.1463123054392934,3.5824172085643675,3.684153889327968,1.3001344060638027,0.5,0.5,3.913467513594379,5.959106327989658,True
D2,24,43,SeasonalNaive,h1_12,1,ARIMA,7.909605979919434,6.131441593170166,2.714306674064109,2.7742794778199804,2.9566341302050105,3.0352003170163453,1.1477043117601693,0.5833333333333334,0.6666666666666666,5.283738429284112,8.045642131949108,True
D2,24,44,SeasonalNaive,h1,1,ARIMA,7.909605979919434,6.131441593170166,0.031708385838948014,0.025422809307928094,0.06801410851216667,0.06803724597531985,0.1556264024732886,1.0,1.0,2.099410059773303,3.1968088987021432,True
D2,24,44,SeasonalNaive,h1_6,1,ARIMA,7.909605979919434,6.131441593170166,0.4528080019167503,0.4088277520282325,0.973080719214067,0.9753058703008426,0.3100270521259447,1.0,1.0,3.7900727103154948,5.771210874531588,True
D2,24,44,SeasonalNaive,h1_12,1,ARIMA,7.909605979919434,6.131441593170166,0.5482967165769094,0.4871664296892595,1.1806284498212938,1.1857117625539657,0.41050951023268906,1.0,1.0,5.117137873180406,7.791956513076466,True
D2,24,45,SeasonalNaive,h1,1,ARIMA,7.909605979919434,6.131441593170166,0.11766858550954874,0.10378902008140009,0.16366351025462436,0.16352969103829346,0.1463985450413013,1.0,1.0,1.9083402080809075,2.9058634498507114,True
D2,24,45,SeasonalNaive,h1_6,1,ARIMA,7.909605979919434,6.131441593170166,1.2789323282623204,1.5104812452719754,1.7613901592191659,1.7435869713226568,0.4881148633037444,0.8333333333333334,0.8333333333333334,3.445133603592542,5.24596598454503,True
D2,24,45,SeasonalNaive,h1_12,1,ARIMA,7.909605979919434,6.131441593170166,4.50182447887304,5.085238564971513,5.966693498083077,5.698164457718996,1.8290440398232384,0.4166666666666667,0.4166666666666667,4.651420959056583,7.082801115627387,True
D2,24,46,SeasonalNaive,h1,1,ARIMA,7.909605979919434,6.131441593170166,1.8709802198724395,1.5509106029543902,3.8326096734580357,3.760546145779045,0.6954691983304825,0.0,0.0,2.0306221101847455,3.092064268969377,True
D2,24,46,SeasonalNaive,h1_6,1,ARIMA,7.909605979919434,6.131441593170166,1.868005611138997,1.6831970134191485,3.8135512782205123,3.7299988608118833,0.6655341589186564,0.5,0.6666666666666666,3.665889571666373,5.582115008836278,True
D2,24,46,SeasonalNaive,h1_12,1,ARIMA,7.909605979919434,6.131441593170166,2.4827522988426227,2.209701437769185,5.035070508670458,4.894123340864322,0.8519096880476555,0.5833333333333334,0.8333333333333334,4.949472952066283,7.536650166742346,True
D2,24,47,SeasonalNaive,h1,1,ARIMA,7.909605979919434,6.131441593170166,0.2795288534457347,0.21417975295482708,0.4056135773316896,0.40479263039722496,0.17653349875707702,1.0,1.0,2.1968222038788108,3.3451400966348404,True
D2,24,47,SeasonalNaive,h1_6,1,ARIMA,7.909605979919434,6.131441593170166,0.9456596726425242,0.7884482767488592,1.3707387197145904,1.3666737093996242,0.39051836746258,1.0,1.0,3.9659312127118613,6.038993732271077,True
D2,24,47,SeasonalNaive,h1_12,1,ARIMA,7.909605979919434,6.131441593170166,0.9696750635174154,0.9257278245955509,1.4121510866270086,1.4147918176019616,0.4983753767316164,1.0,1.0,5.354571894032824,8.153501503861923,True
D2,24,48,SeasonalNaive,h1,1,ARIMA,7.909605979919434,6.131441593170166,0.516368185005285,0.42873021051865373,0.8358240241649942,0.8393316921276107,0.2007388258314509,1.0,1.0,2.0273188974307064,3.0870344083772294,True
D2,24,48,SeasonalNaive,h1_6,1,ARIMA,7.909605979919434,6.131441593170166,0.9114509805128881,0.8528350080794966,1.4585972059668528,1.4482843558757044,0.3850627655612126,1.0,1.0,3.6599262695200574,5.573034582990812,True
D2,24,48,SeasonalNaive,h1_12,1,ARIMA,7.909605979919434,6.131441593170166,0.8997362666168447,0.8193831277379119,1.450859843047048,1.451657512807223,0.4528664184913318,1.0,1.0,4.941421644982099,7.524390298779399,True
D2,24,49,SeasonalNaive,h1,1,ARIMA,7.909605979919434,6.131441593170166,1.098325631985831,0.9561822519804506,2.23857675558958,2.213797972179122,0.3621519397902865,0.0,1.0,1.9334685858100655,2.9441268758834473,True
D2,24,49,SeasonalNaive,h1_6,1,ARIMA,7.909605979919434,6.131441593170166,2.8964965123854536,2.80099429430702,5.759584296849239,5.565392048105969,1.0491089032870586,0.0,0.6666666666666666,3.49049795642225,5.315043088436554,True
D2,24,49,SeasonalNaive,h1_12,1,ARIMA,7.909605979919434,6.131441593170166,3.1121873200521315,2.8825343919108537,6.191076090717814,5.983720166711378,1.0757660422711681,0.16666666666666666,0.8333333333333334,4.712669295355097,7.1760650426045345,True
D2,24,50,SeasonalNaive,h1,1,ARIMA,7.909605979919434,6.131441593170166,0.8331535665529899,0.7001195619592501,1.6571075634175234,1.6709523019055113,0.2753998892041651,1.0,1.0,2.0030856743260474,3.0501340501529812,True
D2,24,50,SeasonalNaive,h1_6,1,ARIMA,7.909605979919434,6.131441593170166,1.20276768353702,1.2268714435702295,2.382079362011673,2.393158301887554,0.48171679083575697,0.6666666666666666,1.0,3.61617794262967,5.5064182304323985,True
D2,24,50,SeasonalNaive,h1_12,1,ARIMA,7.909605979919434,6.131441593170166,1.175822694135524,1.1777387560852788,2.3371733366430147,2.3563564179346486,0.5233278593594853,0.8333333333333334,1.0,4.88235517382713,7.434448736518074,True
D2,24,51,SeasonalNaive,h1,1,ARIMA,7.909605979919434,6.131441593170166,0.8290347645665435,0.6159025483995675,1.8158413927965138,1.8324788475101785,0.2800208167299121,1.0,1.0,2.2657261706170773,3.4500613877372204,True
D2,24,51,SeasonalNaive,h1_6,1,ARIMA,7.909605979919434,6.131441593170166,1.550331648081433,1.310603009069718,3.4098175288900268,3.458664902361485,0.5779653446248866,0.6666666666666666,0.8333333333333334,4.090323797548468,6.228408525387368,True
D2,24,51,SeasonalNaive,h1_12,1,ARIMA,7.909605979919434,6.131441593170166,1.1542274392163538,1.0417703290522393,2.527738665568617,2.552476237246994,0.5703738389802088,0.8333333333333334,0.9166666666666666,5.522519597325622,8.409238447630294,True
D2,24,52,SeasonalNaive,h1,1,ARIMA,7.909605979919434,6.131441593170166,0.640238941600353,0.532999504063765,0.9827739264306006,0.9876269967377647,0.22222570743394532,1.0,1.0,2.0219106535853095,3.0787991796419685,True
D2,24,52,SeasonalNaive,h1_6,1,ARIMA,7.909605979919434,6.131441593170166,1.0334812800839197,1.0403650363818466,1.5771278075714945,1.5760876515502065,0.40185581363933276,1.0,1.0,3.6501627469944165,5.5581674942353985,True
D2,24,52,SeasonalNaive,h1_12,1,ARIMA,7.909605979919434,6.131441593170166,1.3740477142424055,1.4193414524655101,2.073802264133915,2.0499360719368984,0.5611009574069804,0.9166666666666666,1.0,4.928239499226524,7.504317611855161,True
D2,24,53,SeasonalNaive,h1,1,ARIMA,7.909605979919434,6.131441593170166,0.8678972576696219,0.6685237680695275,1.5316932368269298,1.5435141880407721,0.28904914740458176,1.0,1.0,2.1852349774301163,3.327496021600511,True
D2,24,53,SeasonalNaive,h1_6,1,ARIMA,7.909605979919434,6.131441593170166,1.3235742116290437,1.2266159997516601,2.3578265182880505,2.399192465496282,0.4850339898718964,1.0,1.0,3.945012750143298,6.0071408186513455,True
D2,24,53,SeasonalNaive,h1_12,1,ARIMA,7.909605979919434,6.131441593170166,1.5407378151377815,1.4106081832854103,2.751083652663475,2.8061460423313758,0.6117234317743686,0.9166666666666666,1.0,5.326328990732589,8.110495534553987,True
D2,24,54,SeasonalNaive,h1,1,ARIMA,7.909605979919434,6.131441593170166,2.252284295528012,1.822422922501469,3.918745066373084,3.997062409356336,0.8802522484458061,0.0,0.0,2.0802748514129994,3.1676713778638463,True
D2,24,54,SeasonalNaive,h1_6,1,ARIMA,7.909605979919434,6.131441593170166,2.3423080403197316,1.9697847616230422,4.085379266391244,4.177968626954892,0.8553025664704176,0.3333333333333333,0.6666666666666666,3.7555278482124437,5.71860880088648,True
D2,24,54,SeasonalNaive,h1_12,1,ARIMA,7.909605979919434,6.131441593170166,2.3050186872630496,2.0612830943365803,4.0295164382655955,4.131112716824905,0.8594796206763515,0.5,0.8333333333333334,5.070497390080912,7.720936223010633,True
D2,24,55,SeasonalNaive,h1,1,ARIMA,7.909605979919434,6.131441593170166,0.8785914879878598,0.7263328133853544,1.7564543368067527,1.772016668619203,0.28874609563958376,1.0,1.0,2.036094854314937,3.1003977134311973,True
D2,24,55,SeasonalNaive,h1_6,1,ARIMA,7.909605979919434,6.131441593170166,2.7323778622622523,2.3736127689669155,5.582008895146511,5.760171619486611,0.966426135162088,0.16666666666666666,0.5,3.6757695367936405,5.5971594068044945,True
D2,24,55,SeasonalNaive,h1_12,1,ARIMA,7.909605979919434,6.131441593170166,2.365682215728992,2.150724774526249,4.825407140498458,4.971730058701547,0.8656967898092744,0.5,0.75,4.962812311915723,7.556962246353071,True
D2,24,56,SeasonalNaive,h1,1,ARIMA,7.909605979919434,6.131441593170166,1.7344887582139907,1.5166520964076493,3.5249400059278657,3.463889984023774,0.6397073048682946,0.0,0.0,1.9250064952457575,2.9312415006364043,True
D2,24,56,SeasonalNaive,h1_6,1,ARIMA,7.909605979919434,6.131441593170166,2.421271409814573,2.283004995097821,4.8677936983152925,4.735421395497702,0.885645071273647,0.16666666666666666,0.5,3.47522131317158,5.291781073062911,True
D2,24,56,SeasonalNaive,h1_12,1,ARIMA,7.909605979919434,6.131441593170166,2.9174337339409204,2.7233348166669473,5.835338506626813,5.64925841884277,1.0170611822013789,0.25,0.75,4.692043651540853,7.144658009290636,True
D2,24,57,SeasonalNaive,h1,1,ARIMA,7.909605979919434,6.131441593170166,0.7040319169918376,0.5629384429691501,0.908861197743485,0.9130101954423939,0.24177258333039667,1.0,1.0,2.105126121172873,3.2055128466815446,True
D2,24,57,SeasonalNaive,h1_6,1,ARIMA,7.909605979919434,6.131441593170166,0.5913156108382234,0.5806441031064361,0.7638509948710087,0.7678690960958104,0.3364214867811865,1.0,1.0,3.800391937004997,5.786924143864149,True
D2,24,57,SeasonalNaive,h1_12,1,ARIMA,7.909605979919434,6.131441593170166,0.7950883756455244,0.7805854064807282,1.018919252658524,1.0162138414862676,0.4522600334547041,1.0,1.0,5.131070298690621,7.813171664277732,True
D2,24,58,SeasonalNaive,h1,1,ARIMA,7.909605979919434,6.131441593170166,0.20692189251243906,0.15466757999057604,0.30428480753741394,0.30382256458446344,0.1765382033274795,1.0,1.0,2.2519245266548022,3.4290453799164005,True
D2,24,58,SeasonalNaive,h1_6,1,ARIMA,7.909605979919434,6.131441593170166,2.2776044899529486,2.0578801214767033,3.4389596685718393,3.52893492993514,0.8055539807592754,0.5,0.8333333333333334,4.065407638889807,6.19046824909371,True
D2,24,58,SeasonalNaive,h1_12,1,ARIMA,7.909605979919434,6.131441593170166,1.8572061883986635,1.6962946753454848,2.7924988745711232,2.8529209345652116,0.7341263579643775,0.75,0.9166666666666666,5.488879235023498,8.35801367185943,True
D2,24,59,SeasonalNaive,h1,1,ARIMA,7.909605979919434,6.131441593170166,1.4443817713596248,1.1148784961663776,2.929472499303765,2.9730193920482764,0.4884201737304361,0.0,1.0,2.1807261909561664,3.320630412542763,True
D2,24,59,SeasonalNaive,h1_6,1,ARIMA,7.909605979919434,6.131441593170166,2.5058452383797154,2.01919836654452,5.149799418243928,5.2994678193011096,0.842195769037735,0.0,1.0,3.936873021321837,5.9947463093422515,True
D2,24,59,SeasonalNaive,h1_12,1,ARIMA,7.909605979919434,6.131441593170166,3.0205934675480344,2.4160172383710017,6.240550130781064,6.458157312493635,1.0014253586337007,0.08333333333333333,1.0,5.315339197709266,8.09376118198275,True
D2,24,60,SeasonalNaive,h1,1,ARIMA,7.909605979919434,6.131441593170166,0.7394659281813482,0.5817886577705974,1.514454095289679,1.5260094516068625,0.25236850878521067,1.0,1.0,2.1394374687398057,3.2577593436046874,True
D2,24,60,SeasonalNaive,h1_6,1,ARIMA,7.909605979919434,6.131441593170166,0.8360909622464606,0.8000320524559545,1.7176082501247063,1.736437831406537,0.39948596914563955,0.8333333333333334,1.0,3.8623343390917837,5.881244937115663,True
D2,24,60,SeasonalNaive,h1_12,1,ARIMA,7.909605979919434,6.131441593170166,0.8291674928327092,0.8468620428864769,1.7077311786878189,1.7309449928899954,0.483471660908055,0.9166666666666666,1.0,5.214701362234965,7.9405181666448525,True
D2,24,61,SeasonalNaive,h1,1,ARIMA,7.909605979919434,6.131441593170166,1.9613763374205702,1.5867899734876945,2.315341426890242,2.3424593932603615,0.7347600804630923,0.0,0.0,2.0805979369435748,3.168163345926217,True
D2,24,61,SeasonalNaive,h1_6,1,ARIMA,7.909605979919434,6.131441593170166,1.0928666844766621,1.1466216206177993,1.2891543801509293,1.303308426989697,0.4889678454857579,0.6666666666666666,0.8333333333333334,3.756111115710308,5.719496952640744,True
D2,24,61,SeasonalNaive,h1_12,1,ARIMA,7.909605979919434,6.131441593170166,1.88159132145376,1.9640270479621151,2.2199818771067554,2.2462057628829775,0.7376425650928149,0.75,0.8333333333333334,5.07128488426154,7.722135354353549,True
D2,24,62,SeasonalNaive,h1,1,ARIMA,7.909605979919434,6.131441593170166,0.10776989397026442,0.08478228267226952,0.1819542627097609,0.18178887640488545,0.16279987011254035,1.0,1.0,2.1396317307446746,3.2580551498017645,True
D2,24,62,SeasonalNaive,h1_6,1,ARIMA,7.909605979919434,6.131441593170166,1.572611414168751,1.4113603510873225,2.649979158765924,2.644136410955555,0.5710846224540282,0.6666666666666666,0.8333333333333334,3.8626850410043994,5.8817789571323,True
D2,24,62,SeasonalNaive,h1_12,1,ARIMA,7.909605979919434,6.131441593170166,1.4618606832088994,1.3925592984750546,2.488020491783615,2.5075898750618064,0.6106614581157098,0.8333333333333334,0.9166666666666666,5.215174859757679,7.941239169712873,True
D2,24,63,SeasonalNaive,h1,1,ARIMA,7.909605979919434,6.131441593170166,2.172325604296179,1.774241670277201,2.7836328003223674,2.8229227014449516,0.8425619540696623,0.0,0.0,2.060909046876494,3.13818272414202,True
D2,24,63,SeasonalNaive,h1_6,1,ARIMA,7.909605979919434,6.131441593170166,1.8994711148020578,1.661763246002975,2.4321811296329607,2.464807644387294,0.7089056727546567,0.5,0.5,3.720566689983542,5.665372825753951,True
D2,24,63,SeasonalNaive,h1_12,1,ARIMA,7.909605979919434,6.131441593170166,2.6511918844229894,2.624183237030998,3.434664245402861,3.524242882452825,0.987027072629058,0.5,0.6666666666666666,5.023294847930092,7.6490600756678875,True
D2,24,64,SeasonalNaive,h1,1,ARIMA,7.909605979919434,6.131441593170166,1.537222272752139,1.1971463219070357,2.1704567653804205,2.147155227431913,0.5251741132056833,0.0,1.0,2.1614048037310436,3.291209393848031,True
D2,24,64,SeasonalNaive,h1_6,1,ARIMA,7.909605979919434,6.131441593170166,1.019321751254105,0.8273941997331186,1.4531350451106129,1.4514582002346739,0.41683674278856675,0.8333333333333334,1.0,3.901992049828718,5.941632435973172,True
D2,24,64,SeasonalNaive,h1_12,1,ARIMA,7.909605979919434,6.131441593170166,1.5356763116098269,1.3557428465981594,2.18615296032184,2.181295636050442,0.5937188787028801,0.8333333333333334,1.0,5.268244919070505,8.022049889408201,True
D2,24,65,SeasonalNaive,h1,1,ARIMA,7.909605979919434,6.131441593170166,0.39654490387726393,0.3628626448594323,0.729399429268978,0.7320692838581353,0.17014338307531343,1.0,1.0,1.8394872875245754,2.8010198876740686,True
D2,24,65,SeasonalNaive,h1_6,1,ARIMA,7.909605979919434,6.131441593170166,2.1343480679801714,2.298885452128791,4.020905895167425,4.137196207120422,0.7633762030077311,0.3333333333333333,0.6666666666666666,3.3208331726161116,5.056691515744554,True
D2,24,65,SeasonalNaive,h1_12,1,ARIMA,7.909605979919434,6.131441593170166,2.2950116482899983,2.2961975093359106,4.314775682194379,4.429741720743582,0.7891315318692358,0.4166666666666667,0.8333333333333334,4.483597676597924,6.8272536296678386,True
D2,24,66,SeasonalNaive,h1,1,ARIMA,7.909605979919434,6.131441593170166,0.33172950791014283,0.2744821197522579,0.6957246254062639,0.6981532374041096,0.17036106383556798,1.0,1.0,2.034308084707752,3.09767696768953,True
D2,24,66,SeasonalNaive,h1_6,1,ARIMA,7.909605979919434,6.131441593170166,1.2575986199823284,1.305027876686301,2.5859125570848724,2.545897081361433,0.4897239772263876,0.6666666666666666,1.0,3.672543875043441,5.5922476345000645,True
D2,24,66,SeasonalNaive,h1_12,1,ARIMA,7.909605979919434,6.131441593170166,1.036585891300217,1.0741444561367124,2.1405235136783234,2.116059733180673,0.5036717190265856,0.8333333333333334,1.0,4.958457209212,7.5503306542954745,True
D2,24,67,SeasonalNaive,h1,1,ARIMA,7.909605979919434,6.131441593170166,0.9759005783263259,0.7318199278039924,1.647614296544459,1.6341520352643153,0.3203541786188151,1.0,1.0,2.24464685196577,3.4179635357099913,True
D2,24,67,SeasonalNaive,h1_6,1,ARIMA,7.909605979919434,6.131441593170166,1.0911107312263526,0.90669128843297,1.8659033344318323,1.874947719636545,0.440418720277549,0.8333333333333334,1.0,4.0522692259794395,6.170462154947812,True
D2,24,67,SeasonalNaive,h1_12,1,ARIMA,7.909605979919434,6.131441593170166,1.417717265114897,1.2733367232278994,2.4179488091747925,2.424292983533251,0.5950467683043079,0.8333333333333334,1.0,5.47114050665712,8.331002595852953,True
D2,24,68,SeasonalNaive,h1,1,ARIMA,7.909605979919434,6.131441593170166,2.4034414664597215,1.9579749893579883,3.9586174383120696,4.038552867343118,0.9574940791475812,0.0,0.0,2.066203483513734,3.146244656624782,True
D2,24,68,SeasonalNaive,h1_6,1,ARIMA,7.909605979919434,6.131441593170166,2.195703065113095,1.7983059240251216,3.6109946830142188,3.6781556047250157,0.7498324489799464,0.3333333333333333,0.6666666666666666,3.7301247559373043,5.679927062146749,True
D2,24,68,SeasonalNaive,h1_12,1,ARIMA,7.909605979919434,6.131441593170166,1.510280846233032,1.3796786397814484,2.4664763654504167,2.495021561608334,0.6352002631516831,0.6666666666666666,0.8333333333333334,5.0361995980561804,7.668710367351764,True
D2,24,69,SeasonalNaive,h1,1,ARIMA,7.909605979919434,6.131441593170166,0.7646943280334766,0.6658084503867886,1.71857086629356,1.7039292504532875,0.2548502486824265,1.0,1.0,1.9332376550398762,2.943775233507681,True
D2,24,69,SeasonalNaive,h1_6,1,ARIMA,7.909605979919434,6.131441593170166,1.8435087211377537,1.7700689700788441,4.075825268396958,3.9783080590321673,0.6626655605094711,0.6666666666666666,0.6666666666666666,3.4900810562526043,5.314408267160932,True
D2,24,69,SeasonalNaive,h1_12,1,ARIMA,7.909605979919434,6.131441593170166,1.536664303880859,1.4882360785490907,3.4102483227837697,3.3406395429317275,0.607915872662206,0.8333333333333334,0.8333333333333334,4.712106420758622,7.175207943482571,True
D2,24,70,SeasonalNaive,h1,1,ARIMA,7.909605979919434,6.131441593170166,0.5443949060219746,0.4378768024035905,0.8292265568849594,0.8258026693640435,0.2091087940963415,1.0,1.0,2.0927087703299923,3.186604726522719,True
D2,24,70,SeasonalNaive,h1_6,1,ARIMA,7.909605979919434,6.131441593170166,3.860568268033148,3.8883849933658743,6.191699959171251,6.510961049275503,1.5961995530230337,0.3333333333333333,0.5,3.7779748478113238,5.7527892449273255,True
D2,24,70,SeasonalNaive,h1_12,1,ARIMA,7.909605979919434,6.131441593170166,4.584379580501096,4.149486672851786,7.338229347370974,7.6986716960292885,1.7810335191587612,0.25,0.4166666666666667,5.100804036038939,7.767084689832255,True
D2,24,71,SeasonalNaive,h1,1,ARIMA,7.909605979919434,6.131441593170166,0.9818311847654543,0.7604795471684739,1.9726371057898575,1.992287406103243,0.32043287901003165,1.0,1.0,2.1731813194960163,3.309141703078368,True
D2,24,71,SeasonalNaive,h1_6,1,ARIMA,7.909605979919434,6.131441593170166,2.3231371819876347,1.9574802757840994,4.505594459717818,4.396252446342869,0.8007032088968105,0.3333333333333333,0.8333333333333334,3.9232522370968543,5.97400569984815,True
D2,24,71,SeasonalNaive,h1_12,1,ARIMA,7.909605979919434,6.131441593170166,3.2850931731078528,2.7615674693225127,6.2974890513573065,6.077861849607762,1.123422353391995,0.25,0.75,5.296949199377468,8.065758405659686,True
D2,24,72,SeasonalNaive,h1,1,ARIMA,7.909605979919434,6.131441593170166,1.0102984678325029,0.8365537751168151,1.8502641725133833,1.8333036918218109,0.32525985217121023,1.0,1.0,2.032836783637214,3.095436591478548,True
D2,24,72,SeasonalNaive,h1_6,1,ARIMA,7.909605979919434,6.131441593170166,2.613737741986834,2.518529833569728,4.679602203194172,4.537944442553848,1.0217000159234704,0.3333333333333333,0.5,3.6698877298038934,5.588203075077999,True
D2,24,72,SeasonalNaive,h1_12,1,ARIMA,7.909605979919434,6.131441593170166,2.8051821666102277,2.577190953425717,5.199055643850797,5.22464213746754,1.031865915438576,0.5,0.6666666666666666,4.954871034897987,7.544869923121993,True
D2,24,73,SeasonalNaive,h1,1,ARIMA,7.909605979919434,6.131441593170166,1.5230177340114994,1.2281771095904117,2.389360060888924,2.418250415691329,0.5221395047635211,0.0,1.0,2.087327721780544,3.1784109085464913,True
D2,24,73,SeasonalNaive,h1_6,1,ARIMA,7.909605979919434,6.131441593170166,1.4093050966321075,1.3744971028983646,2.2191258022485507,2.2549472046258274,0.5829032002581849,0.6666666666666666,0.8333333333333334,3.7682604210535615,5.737996915167623,True
D2,24,73,SeasonalNaive,h1_12,1,ARIMA,7.909605979919434,6.131441593170166,1.506815653374245,1.4146833956632865,2.334278189031454,2.333955183384155,0.6212338892755406,0.8333333333333334,0.9166666666666666,5.087688176561337,7.747112938198065,True
D2,24,74,SeasonalNaive,h1,1,ARIMA,7.909605979919434,6.131441593170166,0.2524840317813209,0.2105777499755928,0.47865359818568914,0.4798018926974689,0.16194119997699122,1.0,1.0,2.0182181860133603,3.0731765938411693,True
D2,24,74,SeasonalNaive,h1_6,1,ARIMA,7.909605979919434,6.131441593170166,1.803605071662448,1.8801537734447031,3.50471865134477,3.6042458350390127,0.6609584630844427,0.5,0.8333333333333334,3.643496721692206,5.548017019388494,True
D2,24,74,SeasonalNaive,h1_12,1,ARIMA,7.909605979919434,6.131441593170166,2.0876578862721287,1.9581228057565772,4.0496077351013415,4.156739792331626,0.7341695421574204,0.6666666666666666,0.9166666666666666,4.919239415812645,7.490613025363063,True
D2,24,75,SeasonalNaive,h1,1,ARIMA,7.909605979919434,6.131441593170166,0.6991936114472802,0.6022667227393387,1.2552370417215,1.263164898573962,0.23711437744638605,1.0,1.0,1.9541381502734823,2.975600787948087,True
D2,24,75,SeasonalNaive,h1_6,1,ARIMA,7.909605979919434,6.131441593170166,1.1722129155468435,1.1359808437789378,2.119416654016728,2.148419778084445,0.438901094002768,0.8333333333333334,1.0,3.527812797247265,5.371863057764476,True
D2,24,75,SeasonalNaive,h1_12,1,ARIMA,7.909605979919434,6.131441593170166,1.4327548044903868,1.4026585853637552,2.5991332165465937,2.643808359726177,0.553359790907604,0.9166666666666666,1.0,4.763049644179984,7.252780092479306,True
D2,24,76,SeasonalNaive,h1,1,ARIMA,7.909605979919434,6.131441593170166,0.09626117743773527,0.07732547521271599,0.17994120434670546,0.17977945568783915,0.15892171236812552,1.0,1.0,2.095440103729369,3.190763776288034,True
D2,24,76,SeasonalNaive,h1_6,1,ARIMA,7.909605979919434,6.131441593170166,0.427020938312046,0.4804486282294855,0.8048973753931968,0.8109781160604028,0.3105961448758532,1.0,1.0,3.78290573405316,5.760297592781045,True
D2,24,76,SeasonalNaive,h1_12,1,ARIMA,7.909605979919434,6.131441593170166,0.7876120995188393,0.858861269009328,1.490396343920651,1.5079052410799951,0.4536526901361223,1.0,1.0,5.107461434633892,7.777222028639162,True
D2,24,77,SeasonalNaive,h1,1,ARIMA,7.909605979919434,6.131441593170166,1.2276642342236062,1.0776776676911255,2.597214060067775,2.631385416068122,0.4129866126090805,0.0,1.0,1.9175089513254184,2.919824857655499,True
D2,24,77,SeasonalNaive,h1_6,1,ARIMA,7.909605979919434,6.131441593170166,1.2996024844333056,1.4154324561053793,2.771476798451646,2.831645625319318,0.4902147609039519,0.5,1.0,3.461685969528462,5.271170565456789,True
D2,24,77,SeasonalNaive,h1_12,1,ARIMA,7.909605979919434,6.131441593170166,1.2607208190792065,1.3675632850944899,2.68676257365046,2.743187847905503,0.540004130434796,0.6666666666666666,1.0,4.6737690101614895,7.116830889043125,True
D2,24,78,SeasonalNaive,h1,1,ARIMA,7.909605979919434,6.131441593170166,1.797914625503666,1.34477632221904,2.3873373318835283,2.416178497521667,0.6329548476582243,0.0,0.0,2.25043094524192,3.42677107703336,True
D2,24,78,SeasonalNaive,h1_6,1,ARIMA,7.909605979919434,6.131441593170166,1.5030599370159563,1.1587206696386299,1.9611147341580422,1.9503958735441282,0.533061125857575,0.8333333333333334,0.8333333333333334,4.062711270866217,6.186362441725654,True
D2,24,78,SeasonalNaive,h1_12,1,ARIMA,7.909605979919434,6.131441593170166,1.8563554517488265,1.5376587837315028,2.456780459985987,2.4789816053801412,0.6794728916798303,0.8333333333333334,0.9166666666666666,5.485238754223227,8.352470247237028,True
D2,24,79,SeasonalNaive,h1,1,ARIMA,7.909605979919434,6.131441593170166,0.9756984093510728,0.7834972844287007,1.4766258898436522,1.4876091004017533,0.31703872603527183,1.0,1.0,2.0961616975403983,3.191862559970456,True
D2,24,79,SeasonalNaive,h1_6,1,ARIMA,7.909605979919434,6.131441593170166,0.7956207312451046,0.6921131968987194,1.201782336298428,1.2084241637745372,0.36204705031385176,1.0,1.0,3.7842084300169194,5.762281231008308,True
D2,24,79,SeasonalNaive,h1_12,1,ARIMA,7.909605979919434,6.131441593170166,0.8247439227123498,0.7543853898624652,1.2480621054569505,1.2572868541576918,0.45304317117650855,1.0,1.0,5.109220259691596,7.779900222720183,True
D2,24,80,SeasonalNaive,h1,1,ARIMA,7.909605979919434,6.131441593170166,0.998863462837207,0.79741677323989,1.2291982247399513,1.2367995840050419,0.3237436356486615,1.0,1.0,2.1084700697938907,3.210604736500135,True
D2,24,80,SeasonalNaive,h1_6,1,ARIMA,7.909605979919434,6.131441593170166,1.6862631226779223,1.5215255131841954,2.0815271120083483,2.1014744694121292,0.5762504959619534,0.5,1.0,3.806428779761926,5.796116551300498,True
D2,24,80,SeasonalNaive,h1_12,1,ARIMA,7.909605979919434,6.131441593170166,1.4442012188572224,1.4172456870483077,1.7838529267839267,1.802133482342547,0.6130697215750718,0.6666666666666666,1.0,5.139220896071468,7.825582723334787,True
D2,24,81,SeasonalNaive,h1,1,ARIMA,7.909605979919434,6.131441593170166,0.8320014706810909,0.7450913389063033,1.5470949926030315,1.5352193418216338,0.2723689173730478,1.0,1.0,1.87958191841807,2.862072692596002,True
D2,24,81,SeasonalNaive,h1_6,1,ARIMA,7.909605979919434,6.131441593170166,1.7566386314856093,1.9090396332332162,3.214489123533648,3.1412547574004663,0.6361692319904577,0.6666666666666666,0.8333333333333334,3.3932161573847024,5.166910369248491,True
D2,24,81,SeasonalNaive,h1_12,1,ARIMA,7.909605979919434,6.131441593170166,1.3865738934105853,1.5164523576339763,2.5493724518274696,2.5026585912706043,0.5725545236793459,0.8333333333333334,0.9166666666666666,4.581325013523437,6.976064777292649,True
D2,24,82,SeasonalNaive,h1,1,ARIMA,7.909605979919434,6.131441593170166,0.9724079238813582,0.7892652563398312,1.9311322596338623,1.9126642217316945,0.3156344130923989,1.0,1.0,2.073825370771754,3.157850639409265,True
D2,24,82,SeasonalNaive,h1_6,1,ARIMA,7.909605979919434,6.131441593170166,1.143770831956265,1.1116374581292108,2.3201499414672773,2.3482812417309264,0.4435722447083663,0.8333333333333334,1.0,3.743884577065727,5.70087938559738,True
D2,24,82,SeasonalNaive,h1_12,1,ARIMA,7.909605979919434,6.131441593170166,1.1247100672730412,1.0881313095113871,2.2732023133643193,2.2924138180568616,0.5109989836095291,0.9166666666666666,1.0,5.0547773160067635,7.696998987664656,True
D2,24,83,SeasonalNaive,h1,1,ARIMA,7.909605979919434,6.131441593170166,0.29272365080036433,0.2213106009151961,0.5414675827557786,0.5400056051074181,0.17943394154491635,1.0,1.0,2.226395292984395,3.390171563438909,True
D2,24,83,SeasonalNaive,h1_6,1,ARIMA,7.909605979919434,6.131441593170166,1.4147364810416423,1.4634374753034767,2.689771109510121,2.7595794489851033,0.5867117674750238,0.6666666666666666,0.8333333333333334,4.019319619353525,6.120289205085005,True
D2,24,83,SeasonalNaive,h1_12,1,ARIMA,7.909605979919434,6.131441593170166,1.0352685043864769,1.1000052468148507,1.9550734554073679,1.9920454151488884,0.5620025315992837,0.8333333333333334,0.9166666666666666,5.426653845619463,8.263261968805518,True
D2,24,84,SeasonalNaive,h1,1,ARIMA,7.909605979919434,6.131441593170166,0.8139158330708842,0.6280741405088534,1.0324636534540828,1.0271611208365583,0.2739679183301926,1.0,1.0,2.181299318894612,3.3215031246102495,True
D2,24,84,SeasonalNaive,h1_6,1,ARIMA,7.909605979919434,6.131441593170166,4.743783587123207,3.966984186388086,5.841661062897801,5.6488821175092525,1.9272352754170743,0.16666666666666666,0.16666666666666666,3.9379076912992326,5.99632181965076,True
D2,24,84,SeasonalNaive,h1_12,1,ARIMA,7.909605979919434,6.131441593170166,3.347449302467238,3.050879224663985,4.152193172874686,4.043897249690206,1.3397481664134718,0.5833333333333334,0.5833333333333334,5.31673614951791,8.095888345255181,True
D2,24,85,SeasonalNaive,h1,1,ARIMA,7.909605979919434,6.131441593170166,0.4760706753929296,0.3585754312392732,0.649435519887442,0.6473335130046484,0.20575864989627557,1.0,1.0,2.234794434785044,3.402961085488123,True
D2,24,85,SeasonalNaive,h1_6,1,ARIMA,7.909605979919434,6.131441593170166,1.3196164779449862,1.3433830479305364,1.8348160076893067,1.8649298261672287,0.5160307077487237,0.8333333333333334,1.0,4.034482620969398,6.14337817632768,True
D2,24,85,SeasonalNaive,h1_12,1,ARIMA,7.909605979919434,6.131441593170166,4.413451710899741,4.226821611578974,6.351621118784413,6.702026234445782,1.7331522946533906,0.4166666666666667,0.5833333333333334,5.447126057043938,8.294435367900762,True
D2,24,86,SeasonalNaive,h1,1,ARIMA,7.909605979919434,6.131441593170166,4.033194155084568,3.2269790939651295,6.284889819737622,6.488796680743378,1.767929234583454,0.0,0.0,2.103776777723392,3.203458177501178,True
D2,24,86,SeasonalNaive,h1_6,1,ARIMA,7.909605979919434,6.131441593170166,4.179463058591968,3.400073242533195,6.527669367866089,6.756368692399979,1.6408105568809777,0.0,0.0,3.7979559623077326,5.783214842028157,True
D2,24,86,SeasonalNaive,h1_12,1,ARIMA,7.909605979919434,6.131441593170166,3.5779048194755023,3.0397555727355154,5.575832716948232,5.758029830961253,1.358357245133755,0.3333333333333333,0.4166666666666667,5.127781385961445,7.808163578586827,True
D2,24,87,SeasonalNaive,h1,1,ARIMA,7.909605979919434,6.131441593170166,1.3324909849070818,1.121894299843681,3.179963900118543,3.1301943745612486,0.4510068939080091,0.0,1.0,1.9992127718244768,3.0442367128876104,True
D2,24,87,SeasonalNaive,h1_6,1,ARIMA,7.909605979919434,6.131441593170166,1.394081272697095,1.3359474908235525,3.4162412747977626,3.4555283673088857,0.5072459597409776,0.5,1.0,3.609186177484709,5.495771745754963,True
D2,24,87,SeasonalNaive,h1_12,1,ARIMA,7.909605979919434,6.131441593170166,2.331998012287519,2.1713164561265046,5.83816063287731,6.037513010514877,0.7939715315650906,0.4166666666666667,1.0,4.8729152952395065,7.420074466121922,True
D2,24,88,SeasonalNaive,h1,1,ARIMA,7.909605979919434,6.131441593170166,0.7487297240454452,0.5803115004833197,1.3186723398631583,1.3100348065449146,0.25565113731146943,1.0,1.0,2.1717537337757675,3.306967893005929,True
D2,24,88,SeasonalNaive,h1_6,1,ARIMA,7.909605979919434,6.131441593170166,1.9151109634148695,1.8659895869246677,3.486394899932424,3.5837651115075335,0.6873781661351315,0.6666666666666666,1.0,3.920675011340151,5.970081312521047,True
D2,24,88,SeasonalNaive,h1_12,1,ARIMA,7.909605979919434,6.131441593170166,2.7888701865268546,2.553362245065989,5.120341309492432,5.311194108112752,1.0081404949036927,0.5,0.8333333333333334,5.293469577603602,8.060459923927157,True
D2,24,89,SeasonalNaive,h1,1,ARIMA,7.909605979919434,6.131441593170166,2.135556374652575,1.8101978527731728,3.575316882054543,3.6403947052903765,0.8330573504783239,0.0,0.0,1.9857824796843593,3.023786169066575,True
D2,24,89,SeasonalNaive,h1_6,1,ARIMA,7.909605979919434,6.131441593170166,2.011206307629739,1.8952659604832067,3.3767816146923124,3.4487918507035955,0.7454576673768399,0.16666666666666666,0.6666666666666666,3.5849404216377714,5.458852303701985,True
D2,24,89,SeasonalNaive,h1_12,1,ARIMA,7.909605979919434,6.131441593170166,1.3129927923667615,1.442518799190229,2.190553815406254,2.2232757408479245,0.6267805898782075,0.5833333333333334,0.8333333333333334,4.840180072199968,7.370227961944892,True
D2,24,90,SeasonalNaive,h1,1,ARIMA,7.909605979919434,6.131441593170166,0.6153763460234689,0.48696538143798335,1.464048603652992,1.453409294412885,0.2228848215329769,1.0,1.0,2.1271072613929634,3.2389839183914426,True
D2,24,90,SeasonalNaive,h1_6,1,ARIMA,7.909605979919434,6.131441593170166,2.735649933086201,2.3999714713654754,6.303405538688906,6.070835794588284,0.9742881723230704,0.16666666666666666,0.6666666666666666,3.8400745703723658,5.847349592852635,True
D2,24,90,SeasonalNaive,h1_12,1,ARIMA,7.909605979919434,6.131441593170166,2.0710811401490474,1.9385274267645893,4.811270796757844,4.671161759050404,0.8147562235905139,0.5833333333333334,0.8333333333333334,5.184647504626282,7.894754625122082,True
D2,24,91,SeasonalNaive,h1,1,ARIMA,7.909605979919434,6.131441593170166,2.473309677666994,1.9517656485657282,4.52989597527915,4.429568551510595,0.9845289300798644,0.0,0.0,2.1330326655309264,3.2480066362680393,True
D2,24,91,SeasonalNaive,h1_6,1,ARIMA,7.909605979919434,6.131441593170166,1.234180047142912,1.1299731525093786,2.284135560304865,2.25671647131043,0.526082991718493,0.6666666666666666,0.8333333333333334,3.8507717242782054,5.863638338654236,True
D2,24,91,SeasonalNaive,h1_12,1,ARIMA,7.909605979919434,6.131441593170166,1.0248849777913576,0.96972839325302,1.8999918197972654,1.8802360909722295,0.5342342229373672,0.8333333333333334,0.9166666666666666,5.199090185696181,7.916746751505603,True
D2,24,92,SeasonalNaive,h1,1,ARIMA,7.909605979919434,6.131441593170166,1.5256590074244427,1.2335383114442133,2.837687656169575,2.797988568061122,0.5233504118212067,0.0,1.0,2.0818599696945923,3.170085065558885,True
D2,24,92,SeasonalNaive,h1_6,1,ARIMA,7.909605979919434,6.131441593170166,0.7248049088510377,0.7805137357174764,1.3511677225689098,1.33526531371592,0.3844347791956367,0.8333333333333334,1.0,3.7583894680821617,5.722966240168827,True
D2,24,92,SeasonalNaive,h1_12,1,ARIMA,7.909605979919434,6.131441593170166,1.05668955040499,1.1361047534910944,1.9598190824004325,1.927443689525762,0.5082531822529133,0.9166666666666666,1.0,5.074360984405666,7.726819386550239,True
D2,24,93,SeasonalNaive,h1,1,ARIMA,7.909605979919434,6.131441593170166,0.8008128057518223,0.5996455715857705,1.3798764492310909,1.3894628847901036,0.271790783569711,1.0,1.0,2.2479314227418885,3.4229650098320303,True
D2,24,93,SeasonalNaive,h1_6,1,ARIMA,7.909605979919434,6.131441593170166,0.9846489403963233,0.9131292198642854,1.7070144222600805,1.7297831887396804,0.4168561870511997,1.0,1.0,4.058198873694383,6.17949133459428,True
D2,24,93,SeasonalNaive,h1_12,1,ARIMA,7.909605979919434,6.131441593170166,1.1841492217222793,1.123557646451713,2.0556971995973052,2.0863436817701615,0.5506901889462006,1.0,1.0,5.479146375466491,8.343193274149687,True
D2,24,94,SeasonalNaive,h1,1,ARIMA,7.909605979919434,6.131441593170166,0.6407700915287663,0.555703944408212,1.0914139481400285,1.097402550391135,0.22059526340719549,1.0,1.0,1.9409101565524163,2.955458287514401,True
D2,24,94,SeasonalNaive,h1_6,1,ARIMA,7.909605979919434,6.131441593170166,2.411269550278881,2.5503248890243966,4.213426539622633,4.35191647709639,0.9373064891036658,0.5,0.6666666666666666,3.503932251481071,5.335499727572819,True
D2,24,94,SeasonalNaive,h1_12,1,ARIMA,7.909605979919434,6.131441593170166,2.611211215659107,2.7197447337623917,4.568416267125692,4.724806132668518,1.0174193149614859,0.5,0.75,4.7308075067561255,7.203684418506548,True
D2,24,95,SeasonalNaive,h1,1,ARIMA,7.909605979919434,6.131441593170166,0.12098941190463065,0.10378517195179887,0.2602031613521802,0.259865072784862,0.15053551645378685,1.0,1.0,1.962269873074512,2.9879831063480204,True
D2,24,95,SeasonalNaive,h1_6,1,ARIMA,7.909605979919434,6.131441593170166,1.1076019037336753,1.0964192695938608,2.3479201378516725,2.3119661222668073,0.4153364231573565,1.0,1.0,3.5424930263585765,5.394216902759911,True
D2,24,95,SeasonalNaive,h1_12,1,ARIMA,7.909605979919434,6.131441593170166,1.1356356803632637,1.1530961436244895,2.420582177594396,2.3972672276634963,0.4953624343222359,0.9166666666666666,1.0,4.782870043975481,7.282960966457266,True
D2,24,96,SeasonalNaive,h1,1,ARIMA,7.909605979919434,6.131441593170166,0.02333107341777221,0.0188447529296253,0.032683435342977,0.03267809518092211,0.1540292215369861,1.0,1.0,2.0839675493517977,3.1732943144483543,True
D2,24,96,SeasonalNaive,h1_6,1,ARIMA,7.909605979919434,6.131441593170166,1.9833251611644764,1.8848670783255934,2.7780290741310276,2.7794187676300255,0.7330362332942182,0.3333333333333333,0.6666666666666666,3.7621942893967897,5.728759909004484,True
D2,24,96,SeasonalNaive,h1_12,1,ARIMA,7.909605979919434,6.131441593170166,1.6019036304898313,1.6809687058870606,2.259835194803346,2.277210629087021,0.7013887454384483,0.5833333333333334,0.8333333333333334,5.079498034994901,7.734641664508898,True
D2,24,97,SeasonalNaive,h1,1,ARIMA,7.909605979919434,6.131441593170166,0.2533847783149593,0.2198211720335485,0.45938854674727686,0.4604461652207575,0.1562769847088884,1.0,1.0,1.9402499561005817,2.95445298858791,True
D2,24,97,SeasonalNaive,h1_6,1,ARIMA,7.909605979919434,6.131441593170166,1.879014085704197,1.9620389599283592,3.485018924014511,3.576472173284807,0.687568474874055,0.6666666666666666,0.6666666666666666,3.5027403891747073,5.333684857719608,True
D2,24,97,SeasonalNaive,h1_12,1,ARIMA,7.909605979919434,6.131441593170166,1.5318170467128676,1.6283911433972682,2.8266999884688895,2.88579792903883,0.6216825235415137,0.8333333333333334,0.8333333333333334,4.729198322918856,7.2012340857634625,True
D2,24,98,SeasonalNaive,h1,1,ARIMA,7.909605979919434,6.131441593170166,1.5552426468095297,1.3192439707088144,3.657684769827732,3.5919928815469135,0.5430690274404381,0.0,0.0,1.9843565920710933,3.0216149447317098,True
D2,24,98,SeasonalNaive,h1_6,1,ARIMA,7.909605979919434,6.131441593170166,3.3861773018459456,3.154324363658668,7.735334873291919,7.394630277734529,1.3472318103271383,0.16666666666666666,0.16666666666666666,3.582366261479859,5.454932584416464,True
D2,24,98,SeasonalNaive,h1_12,1,ARIMA,7.909605979919434,6.131441593170166,2.968362414149969,2.741241856060799,6.8249445293822975,6.563164638181528,1.097370640370943,0.5,0.5833333333333334,4.836704589421013,7.364935782733246,True
D2,24,99,SeasonalNaive,h1,1,ARIMA,7.909605979919434,6.131441593170166,0.5518774251088219,0.4493817624324739,0.8875296654578588,0.8914857657751531,0.20891062598916676,1.0,1.0,2.067158919787818,3.1476995163692614,True
D2,24,99,SeasonalNaive,h1_6,1,ARIMA,7.909605979919434,6.131441593170166,0.8791305023709891,0.7774657331780177,1.3972969401021538,1.3872346350384137,0.3583959910108659,1.0,1.0,3.7318496085605433,5.682553525799833,True
D2,24,99,SeasonalNaive,h1_12,1,ARIMA,7.909605979919434,6.131441593170166,1.977450387093197,1.9917632213059462,3.234020674548469,3.30680631212908,0.7060475689887765,0.6666666666666666,1.0,5.0385283947201644,7.672256467297327,True
D2,24,100,SeasonalNaive,h1,1,ARIMA,7.909605979919434,6.131441593170166,1.3570704252494126,1.1232193053339528,2.3465747671085193,2.3193619855530714,0.4594069881315954,0.0,1.0,2.0336888440573087,3.0967340389784006,True
D2,24,100,SeasonalNaive,h1_6,1,ARIMA,7.909605979919434,6.131441593170166,1.977104786687059,1.808298824486709,3.516289356237919,3.5773029602212105,0.6705326945936657,0.5,0.8333333333333334,3.67142595761733,5.590545361826287,True
D2,24,100,SeasonalNaive,h1_12,1,ARIMA,7.909605979919434,6.131441593170166,2.460491262531699,2.4714213613904192,4.438268054732541,4.584055609568888,0.8936641318395373,0.5,0.8333333333333334,4.956947861492977,7.548032343778696,True
D2,24,101,SeasonalNaive,h1,1,ARIMA,7.909605979919434,6.131441593170166,1.2458933529302187,1.0143467516142726,2.4828744576364388,2.5140852478676945,0.41503593359024815,0.0,1.0,2.0674789935979714,3.1481868984315597,True
D2,24,101,SeasonalNaive,h1_6,1,ARIMA,7.909605979919434,6.131441593170166,1.0655540769231278,1.045149143802657,2.079526429838524,2.062648567521169,0.4524407473119934,0.6666666666666666,1.0,3.7324274389884273,5.683433398431289,True
D2,24,101,SeasonalNaive,h1_12,1,ARIMA,7.909605979919434,6.131441593170166,0.9826819194053351,0.9312070869746348,1.9160905144435258,1.8985985613781737,0.49211094348746626,0.8333333333333334,1.0,5.0393085480820625,7.67344442064549,True
D2,24,102,SeasonalNaive,h1,1,ARIMA,7.909605979919434,6.131441593170166,0.9228192181049512,0.7552474151290269,1.026593128885237,1.0318897836937715,0.301484189207541,1.0,1.0,2.056714748434058,3.1317959915824454,True
D2,24,102,SeasonalNaive,h1_6,1,ARIMA,7.909605979919434,6.131441593170166,1.6869929956674874,1.9523238804390834,1.901440593418301,1.9377315905270958,0.6538062895144157,0.8333333333333334,0.8333333333333334,3.712994707563227,5.653842833950105,True
D2,24,102,SeasonalNaive,h1_12,1,ARIMA,7.909605979919434,6.131441593170166,3.8646051409739113,3.7934232766881912,4.412671238806397,4.557944845780718,1.4643482488399264,0.4166666666666667,0.4166666666666667,5.013071593396581,7.633492944837829,True
D2,24,103,SeasonalNaive,h1,1,ARIMA,7.909605979919434,6.131441593170166,0.7598378076118391,0.6121506709150534,1.0766135656011997,1.0708491121966848,0.25692772316652945,1.0,1.0,2.0893406259007703,3.1814759933181724,True
D2,24,103,SeasonalNaive,h1_6,1,ARIMA,7.909605979919434,6.131441593170166,1.680853604731159,1.687036034122651,2.366128399809679,2.3395447522900543,0.6871819854979007,0.6666666666666666,0.6666666666666666,3.77189432427272,5.743530323990697,True
D2,24,103,SeasonalNaive,h1_12,1,ARIMA,7.909605979919434,6.131441593170166,1.3428362755608687,1.4305566282772613,1.9086044077516215,1.9054489672793076,0.6320138574733222,0.8333333333333334,0.8333333333333334,5.09259446338259,7.754583828078168,True
D2,24,104,SeasonalNaive,h1,1,ARIMA,7.909605979919434,6.131441593170166,0.7027633711629702,0.5798903416364949,1.2612549744224617,1.2533509985145923,0.23998858379502785,1.0,1.0,2.0399049022920135,3.106199340998386,True
D2,24,104,SeasonalNaive,h1_6,1,ARIMA,7.909605979919434,6.131441593170166,0.4787496617589715,0.4839936042238747,0.8676165920934396,0.8706506743522792,0.3176096491740627,1.0,1.0,3.682647830434133,5.6076331064114155,True
D2,24,104,SeasonalNaive,h1_12,1,ARIMA,7.909605979919434,6.131441593170166,1.5378323707938633,1.6129199444241578,2.840114337551467,2.9063031418894822,0.599216868725277,0.8333333333333334,1.0,4.972098987813742,7.571103232299072,True
D2,24,105,SeasonalNaive,h1,1,ARIMA,7.909605979919434,6.131441593170166,0.6994360888992548,0.5615268009634933,1.4044914566134725,1.3946972547193943,0.2403097296106526,1.0,1.0,2.09664173797138,3.192593526040821,True
D2,24,105,SeasonalNaive,h1_6,1,ARIMA,7.909605979919434,6.131441593170166,0.7206653266158676,0.7969414357057284,1.4376118591134204,1.4184691389042083,0.3626369373868205,1.0,1.0,3.785075048774341,5.76360084674636,True
D2,24,105,SeasonalNaive,h1_12,1,ARIMA,7.909605979919434,6.131441593170166,1.2558043294672137,1.2392829230886293,2.4946016897003833,2.4516929126709854,0.5238022707472136,1.0,1.0,5.110390318422429,7.781681891882589,True
D2,24,106,SeasonalNaive,h1,1,ARIMA,7.909605979919434,6.131441593170166,0.20517813505610635,0.16064939511423149,0.4019618326129484,0.4027713261147936,0.16895688624504268,1.0,1.0,2.1498029918546795,3.2735431093245415,True
D2,24,106,SeasonalNaive,h1_6,1,ARIMA,7.909605979919434,6.131441593170166,0.5686579657718493,0.5552797605644297,1.1199946090323383,1.1284024644442197,0.33292233982917696,1.0,1.0,3.881047256133877,5.909739427480877,True
D2,24,106,SeasonalNaive,h1_12,1,ARIMA,7.909605979919434,6.131441593170166,0.9366642680171552,0.9492990015999418,1.8221279755147517,1.8139571905286922,0.47907996502137423,1.0,1.0,5.239966465000186,7.978989786312716,True
D2,24,107,SeasonalNaive,h1,1,ARIMA,7.909605979919434,6.131441593170166,0.2044934328617428,0.16386045947504546,0.42923342764288597,0.42831419379533164,0.16531580067396015,1.0,1.0,2.1006411891438685,3.1986835612098004,True
D2,24,107,SeasonalNaive,h1_6,1,ARIMA,7.909605979919434,6.131441593170166,1.9720671736918727,1.8648918938970473,4.032144274400546,3.922922941479546,0.6916767462708877,0.6666666666666666,0.8333333333333334,3.792295272700823,5.774595209658614,True
D2,24,107,SeasonalNaive,h1_12,1,ARIMA,7.909605979919434,6.131441593170166,2.3303102025525666,2.127861905395868,4.751054340162664,4.609965765405906,0.8346486265099498,0.5833333333333334,0.9166666666666666,5.120138648898113,7.796525847434327,True
D2,24,108,SeasonalNaive,h1,1,ARIMA,7.909605979919434,6.131441593170166,0.8887064169438176,0.7701668990728802,1.672556088778238,1.6866612666343164,0.2894973490014121,1.0,1.0,1.942317157002726,2.9576007520315635,True
D2,24,108,SeasonalNaive,h1_6,1,ARIMA,7.909605979919434,6.131441593170166,0.988855658868362,1.159832370187341,1.8200854043478598,1.7958419970968686,0.42868393774579494,0.8333333333333334,1.0,3.50647231457417,5.339367526653553,True
D2,24,108,SeasonalNaive,h1_12,1,ARIMA,7.909605979919434,6.131441593170166,1.5075898972915305,1.6375688194258209,2.755660889044298,2.7005349339546223,0.5969694877594007,0.8333333333333334,1.0,4.734236953642088,7.208906498048189,True
D2,24,109,SeasonalNaive,h1,1,ARIMA,7.909605979919434,6.131441593170166,0.18203794225967018,0.14964969820582946,0.21967527568678133,0.21991682713492647,0.1601766343903938,1.0,1.0,2.0475416837919225,3.1178280035089228,True
D2,24,109,SeasonalNaive,h1_6,1,ARIMA,7.909605979919434,6.131441593170166,4.164626055865517,3.876847836096328,5.187532766875861,5.367364775370476,1.6972550365059822,0.16666666666666666,0.16666666666666666,3.696434540192286,5.628626373655001,True
D2,24,109,SeasonalNaive,h1_12,1,ARIMA,7.909605979919434,6.131441593170166,4.086947736025548,3.7361423029991916,5.081753303171322,5.248057511483005,1.5570399835101632,0.25,0.4166666666666667,4.990713009243458,7.599447132562926,True
D2,24,110,SeasonalNaive,h1,1,ARIMA,7.909605979919434,6.131441593170166,1.507050415122561,1.1606178922805783,2.1232321145415787,2.1009283221221797,0.5126250722375912,0.0,1.0,2.18567305892506,3.3281630960554818,True
D2,24,110,SeasonalNaive,h1_6,1,ARIMA,7.909605979919434,6.131441593170166,2.3273767669053114,2.17430518946892,3.3853387721172212,3.4615078078133457,0.8555277954363019,0.3333333333333333,0.6666666666666666,3.9458036202789915,6.008345090620865,True
D2,24,110,SeasonalNaive,h1_12,1,ARIMA,7.909605979919434,6.131441593170166,3.8155828713841964,3.399249724323587,5.633319344149656,5.8518307770302815,1.3888640014837232,0.25,0.5833333333333334,5.3273967780373335,8.112121473203675,True
D2,24,111,SeasonalNaive,h1,1,ARIMA,7.909605979919434,6.131441593170166,0.03691192505615678,0.02691502375337664,0.07824732610779649,0.0782167248599105,0.17123520537261688,1.0,1.0,2.3084400878833566,3.5151026264316823,True
D2,24,111,SeasonalNaive,h1_6,1,ARIMA,7.909605979919434,6.131441593170166,1.225658281861809,1.14552301779507,2.5457722503929903,2.4948468925168847,0.48338648817606783,0.8333333333333334,1.0,4.167435389649281,6.345827713065067,True
D2,24,111,SeasonalNaive,h1_12,1,ARIMA,7.909605979919434,6.131441593170166,1.0268560583035125,0.9235654301478473,2.147682284394659,2.119166066967831,0.524353289702264,0.9166666666666666,1.0,5.6266312275131805,8.567771071732283,True
D2,24,112,SeasonalNaive,h1,1,ARIMA,7.909605979919434,6.131441593170166,0.08247834421944322,0.07088146805565775,0.20529190028563082,0.20550284062896496,0.14812974622345365,1.0,1.0,1.9586367977173502,2.982450958125065,True
D2,24,112,SeasonalNaive,h1_6,1,ARIMA,7.909605979919434,6.131441593170166,0.3161276777736217,0.3524665634481176,0.7810850797813571,0.7762089033503012,0.27882958282415,1.0,1.0,3.5359342220403813,5.384229695205275,True
D2,24,112,SeasonalNaive,h1_12,1,ARIMA,7.909605979919434,6.131441593170166,1.1990182381044583,1.4278504911768255,2.898992308166292,2.8220045500044773,0.524254889957983,0.9166666666666666,1.0,4.77401472415851,7.269476814059332,True
D2,24,113,SeasonalNaive,h1,1,ARIMA,7.909605979919434,6.131441593170166,2.426054930530875,2.102083310242919,4.250218957927326,4.342501876938318,0.9834034242112105,0.0,0.0,1.9426626274989007,2.958126806077676,True
D2,24,113,SeasonalNaive,h1_6,1,ARIMA,7.909605979919434,6.131441593170166,4.224104548399541,3.7766486927708045,7.537605444015718,7.854805124927378,1.697511147476789,0.0,0.0,3.507095993732832,5.34031721395979,True
D2,24,113,SeasonalNaive,h1_12,1,ARIMA,7.909605979919434,6.131441593170166,2.8834044165450954,2.9521838539332697,5.123971139265274,5.316473275583475,1.2039342510883577,0.4166666666666667,0.4166666666666667,4.735079009319496,7.210188711149063,True
D2,24,114,SeasonalNaive,h1,1,ARIMA,7.909605979919434,6.131441593170166,0.6502727457425136,0.5211058406772112,1.1086134472627436,1.1025022034209973,0.2271940704019625,1.0,1.0,2.1004690706188542,3.198421473281894,True
D2,24,114,SeasonalNaive,h1_6,1,ARIMA,7.909605979919434,6.131441593170166,1.4458919265120547,1.450817904418515,2.518281614811052,2.560303903677115,0.53028604780021,0.6666666666666666,1.0,3.7919845464939317,5.774122061357445,True
D2,24,114,SeasonalNaive,h1_12,1,ARIMA,7.909605979919434,6.131441593170166,1.7786845587959221,1.7188196005585925,3.1137161163379607,3.1818428186145655,0.6751125876905509,0.6666666666666666,1.0,5.1197191242707545,7.795887029850446,True
D2,24,115,SeasonalNaive,h1,1,ARIMA,7.909605979919434,6.131441593170166,3.684492905263856,3.02178285066535,7.486843904922726,7.778007546897384,1.599651856678524,0.0,0.0,2.0523959644128826,3.125219702626333,True
D2,24,115,SeasonalNaive,h1_6,1,ARIMA,7.909605979919434,6.131441593170166,2.028641401571349,1.9987165600654941,4.091070727168163,4.216656317815818,0.8652865400759084,0.5,0.5,3.705197990869339,5.6419706352856975,True
D2,24,115,SeasonalNaive,h1_12,1,ARIMA,7.909605979919434,6.131441593170166,2.0403477389479963,1.8732979621657782,4.099282900970837,4.20825195476725,0.79833021500661,0.75,0.75,5.0025449155911215,7.617463786015043,True
D2,24,116,SeasonalNaive,h1,1,ARIMA,7.909605979919434,6.131441593170166,0.29558416759697337,0.23319528085024338,0.45723739042037254,0.45619444463343023,0.17279016487478865,1.0,1.0,2.1335758669777367,3.2488337787364276,True
D2,24,116,SeasonalNaive,h1_6,1,ARIMA,7.909605979919434,6.131441593170166,1.5379642180296127,1.3351770829884368,2.350623774665949,2.3177548869946194,0.5505308792634961,0.6666666666666666,1.0,3.851752367850049,5.865131581997693,True
D2,24,116,SeasonalNaive,h1_12,1,ARIMA,7.909605979919434,6.131441593170166,2.031011975596162,1.8241683463582246,3.0861113331163637,3.025956005239172,0.7350174486054515,0.5833333333333334,1.0,5.200414194163861,7.9187628426602314,True
D2,24,117,SeasonalNaive,h1,1,ARIMA,7.909605979919434,6.131441593170166,2.3201111103104766,1.761689017060469,4.030534239254104,3.950912792815357,0.8980284693322341,0.0,0.0,2.2167984880145375,3.375558338459859,True
D2,24,117,SeasonalNaive,h1_6,1,ARIMA,7.909605979919434,6.131441593170166,1.0751558564994916,1.14258660554708,1.871538732667748,1.8383166331214271,0.5106467575219292,0.8333333333333334,0.8333333333333334,4.0019944720088425,6.093907896228755,True
D2,24,117,SeasonalNaive,h1_12,1,ARIMA,7.909605979919434,6.131441593170166,1.758429521301319,1.5570177676083796,3.0530614301628765,2.9913033245943352,0.6754439437624578,0.9166666666666666,0.9166666666666666,5.403262429567048,8.227643445096206,True
D2,24,118,SeasonalNaive,h1,1,ARIMA,7.909605979919434,6.131441593170166,0.2885858571023655,0.23039179776421595,0.49508181867522977,0.4938593148364352,0.1705568473809747,1.0,1.0,2.1084082628215275,3.210510621928141,True
D2,24,118,SeasonalNaive,h1_6,1,ARIMA,7.909605979919434,6.131441593170166,1.8970028915096393,1.659023156110062,3.327287952899522,3.3949679425573374,0.65306736400315,0.5,0.8333333333333334,3.8063171994071707,5.795946645917161,True
D2,24,118,SeasonalNaive,h1_12,1,ARIMA,7.909605979919434,6.131441593170166,1.6007975408323496,1.4192049537850948,2.7744093402169434,2.797597311341924,0.6244722622834183,0.75,0.9166666666666666,5.139070246703275,7.8253533268724,True
D2,24,119,SeasonalNaive,h1,1,ARIMA,7.909605979919434,6.131441593170166,0.33996051697730756,0.275949535883987,0.6261462017924639,0.6241920244659215,0.173961026993077,1.0,1.0,2.0736979226869527,3.1576565719522414,True
D2,24,119,SeasonalNaive,h1_6,1,ARIMA,7.909605979919434,6.131441593170166,2.080125025238051,1.9719669953704817,3.745414556099048,3.6530403598321173,0.7313644310834084,0.5,0.6666666666666666,3.743654494569031,5.700529034902697,True
D2,24,119,SeasonalNaive,h1_12,1,ARIMA,7.909605979919434,6.131441593170166,2.241517258562707,2.0171875395840893,4.038895973351651,3.9417699578797887,0.7819741214210261,0.6666666666666666,0.8333333333333334,5.054466671871997,7.696525964336163,True
D2,24,120,SeasonalNaive,h1,1,ARIMA,7.909605979919434,6.131441593170166,1.7047591991489948,1.4101958441380733,3.862912707785451,3.7897159973599526,0.6118601163830788,0.0,0.0,2.0348401196849237,3.098487106776697,True
D2,24,120,SeasonalNaive,h1_6,1,ARIMA,7.909605979919434,6.131441593170166,1.4222256816497514,1.325595132406129,3.219199380520966,3.155223323522924,0.5408570304767963,0.6666666666666666,0.6666666666666666,3.673504359746521,5.593710181576837,True
D2,24,120,SeasonalNaive,h1_12,1,ARIMA,7.909605979919434,6.131441593170166,1.7093932028556584,1.5470562337894809,3.8586608331373693,3.772043329192572,0.635775863887712,0.8333333333333334,0.8333333333333334,4.959754000336179,7.55230530111887,True
D2,24,121,SeasonalNaive,h1,1,ARIMA,7.909605979919434,6.131441593170166,1.3545890323267171,1.0718371469815253,2.2379843661177774,2.2633106352040513,0.4552967205648039,0.0,1.0,2.1272837866866845,3.2392527165841387,True
D2,24,121,SeasonalNaive,h1_6,1,ARIMA,7.909605979919434,6.131441593170166,0.9289358486159157,0.7711324278449189,1.5235117995772154,1.5294941073210722,0.40038689859076815,0.8333333333333334,1.0,3.8403932521350197,5.847834855219537,True
D2,24,121,SeasonalNaive,h1_12,1,ARIMA,7.909605979919434,6.131441593170166,1.890655277805708,1.889100885500022,3.024493473198671,2.9642719858704716,0.7048616082492177,0.75,1.0,5.1850777703868145,7.895409798419774,True
D2,24,122,SeasonalNaive,h1,1,ARIMA,7.909605979919434,6.131441593170166,0.21438000602371912,0.17178206129615584,0.2504216081251904,0.2501084453297645,0.1658655055851797,1.0,1.0,2.100647340725431,3.1986929283320458,True
D2,24,122,SeasonalNaive,h1_6,1,ARIMA,7.909605979919434,6.131441593170166,0.9680336829241876,0.9039594074176228,1.1322468731774717,1.1324359580616787,0.4005440579904249,1.0,1.0,3.7923063781736635,5.774612120158892,True
D2,24,122,SeasonalNaive,h1_12,1,ARIMA,7.909605979919434,6.131441593170166,1.0792779406190116,0.993970856358395,1.2682528093075254,1.2743914806001149,0.49258382105710063,1.0,1.0,5.120153642867894,7.796548679017797,True
D2,24,123,SeasonalNaive,h1,1,ARIMA,7.909605979919434,6.131441593170166,0.058090257048838294,0.04354911863909128,0.11012120966909654,0.1100606096317487,0.16778284260022025,1.0,1.0,2.245280516521196,3.4189284279568364,True
D2,24,123,SeasonalNaive,h1_6,1,ARIMA,7.909605979919434,6.131441593170166,0.9865129728166838,0.9756040272002908,1.8413224066002125,1.812556899991798,0.4254862219517244,1.0,1.0,4.053413182934335,6.172204078473472,True
D2,24,123,SeasonalNaive,h1_12,1,ARIMA,7.909605979919434,6.131441593170166,1.0545572000660233,0.9571679123121493,1.9768008934396115,1.95434269371012,0.5145190452129691,1.0,1.0,5.472685011448083,8.333354440666136,True
D2,24,124,SeasonalNaive,h1,1,ARIMA,7.909605979919434,6.131441593170166,0.03313589476926908,0.026831124874532947,0.06496415750947379,0.06494306265271721,0.15419302908915083,1.0,1.0,2.078770290970892,3.1653803570184538,True
D2,24,124,SeasonalNaive,h1_6,1,ARIMA,7.909605979919434,6.131441593170166,2.9942377303395356,2.798473140057158,5.651946891663704,5.448949557999373,1.129061461836262,0.16666666666666666,0.5,3.7528116597069623,5.714472812519436,True
D2,24,124,SeasonalNaive,h1_12,1,ARIMA,7.909605979919434,6.131441593170166,2.9251802095703883,2.7025693546471325,5.531158280540197,5.3413107794106285,1.077844860640133,0.3333333333333333,0.75,5.066830148807607,7.71535204974176,True
D2,24,125,SeasonalNaive,h1,1,ARIMA,7.909605979919434,6.131441593170166,2.5273740667289126,2.1525020304353775,4.585179315417194,4.69276516423295,1.030076401043504,0.0,0.0,1.9763899403247842,3.0094839829518154,True
D2,24,125,SeasonalNaive,h1_6,1,ARIMA,7.909605979919434,6.131441593170166,1.3696450307843793,1.404010121886401,2.4689704381615343,2.5106024708558228,0.5892310850368712,0.5,0.6666666666666666,3.5679840357513966,5.433032514452595,True
D2,24,125,SeasonalNaive,h1_12,1,ARIMA,7.909605979919434,6.131441593170166,1.3994934823327103,1.3448388386199532,2.5157058472703793,2.550791941710298,0.5878268139963343,0.75,0.8333333333333334,4.817286536628666,7.335367569666406,True
D2,24,126,SeasonalNaive,h1,1,ARIMA,7.909605979919434,6.131441593170166,1.4225912167450985,1.1388129571708234,2.5005624801003714,2.46968447837877,0.48256863258455485,0.0,1.0,2.1026859014344894,3.2017970808461818,True
D2,24,126,SeasonalNaive,h1_6,1,ARIMA,7.909605979919434,6.131441593170166,1.0492277170586173,0.9823200485741629,1.8472801210481324,1.8275829335445044,0.45999437964733897,0.6666666666666666,1.0,3.795986599327102,5.780216058121243,True
D2,24,126,SeasonalNaive,h1_12,1,ARIMA,7.909605979919434,6.131441593170166,0.9619475897748886,0.8747896001662869,1.7068881018394073,1.701970296571536,0.49718598834607636,0.8333333333333334,1.0,5.125122465496198,7.804114793279417,True
D2,24,127,SeasonalNaive,h1,1,ARIMA,7.909605979919434,6.131441593170166,1.2523177282059463,1.0194492627873903,1.7492989679075766,1.7341313965961676,0.41752558450226634,0.0,1.0,2.0677383950548287,3.1485818936264085,True
D2,24,127,SeasonalNaive,h1_6,1,ARIMA,7.909605979919434,6.131441593170166,0.8542239555677283,0.8727790728384043,1.1966942817508222,1.1898877211620065,0.4200414549680379,0.6666666666666666,1.0,3.7328957373935427,5.6841464847108165,True
D2,24,127,SeasonalNaive,h1_12,1,ARIMA,7.909605979919434,6.131441593170166,1.015604436786611,1.161016027902421,1.4423387943136496,1.4543116596245298,0.5313029779363593,0.75,1.0,5.039940817615639,7.674407188667826,True
D2,24,128,SeasonalNaive,h1,1,ARIMA,7.909605979919434,6.131441593170166,0.9939191619765197,0.7692832364141818,2.053815930117137,2.075125559775437,0.32382531813207294,1.0,1.0,2.174760690415106,3.3115466391626716,True
D2,24,128,SeasonalNaive,h1_6,1,ARIMA,7.909605979919434,6.131441593170166,0.7597699768372502,0.8366943462382236,1.5766661407747118,1.6003918447503491,0.42347020891641,0.8333333333333334,0.8333333333333334,3.9261034812318605,5.978347339815409,True
D2,24,128,SeasonalNaive,h1_12,1,ARIMA,7.909605979919434,6.131441593170166,0.6245240428585629,0.695943242907843,1.2896672151752255,1.3025920938998639,0.47241172117002356,0.9166666666666666,0.9166666666666666,5.300798784982837,8.071620237874065,True
D2,24,129,SeasonalNaive,h1,1,ARIMA,7.909605979919434,6.131441593170166,1.055206194656823,0.8740335672619829,2.4995302956328787,2.468677623087587,0.3420670344271319,0.0,1.0,2.032150646119659,3.0943917977225026,True
D2,24,129,SeasonalNaive,h1_6,1,ARIMA,7.909605979919434,6.131441593170166,0.9601348344419651,0.9070952497341143,2.28686754672091,2.2717744738971635,0.39522474763481935,0.8333333333333334,1.0,3.6686490432173073,5.586316905063587,True
D2,24,129,SeasonalNaive,h1_12,1,ARIMA,7.909605979919434,6.131441593170166,1.092172671924994,1.0067424295445078,2.587588698238207,2.556802018728377,0.482270634211645,0.9166666666666666,1.0,4.953198631614546,7.542323325007996,True
D2,24,130,SeasonalNaive,h1,1,ARIMA,7.909605979919434,6.131441593170166,1.0391378124870283,0.812442984480298,2.156526099149383,2.180032584981931,0.3359065404014198,1.0,1.0,2.152915255110554,3.2782822077322953,True
D2,24,130,SeasonalNaive,h1_6,1,ARIMA,7.909605979919434,6.131441593170166,1.926109229670814,1.7121558888906316,3.8640468873432607,3.7785983964673204,0.6802665012283491,0.5,0.8333333333333334,3.886665836448135,5.918294939284342,True
D2,24,130,SeasonalNaive,h1_12,1,ARIMA,7.909605979919434,6.131441593170166,2.7460908099237136,2.491228128743579,5.436973963988836,5.252033209169202,0.9883374346170483,0.4166666666666667,0.8333333333333334,5.2475523485219835,7.990540945570107,True
D2,24,131,SeasonalNaive,h1,1,ARIMA,7.909605979919434,6.131441593170166,1.4714428496192427,1.2916593131036096,2.1668778673004843,2.19061180851912,0.5090681130905983,0.0,0.0,1.917529697909214,2.9198564488462537,True
D2,24,131,SeasonalNaive,h1_6,1,ARIMA,7.909605979919434,6.131441593170166,1.478464104939801,1.469227442981921,2.1534159035463225,2.153879919941587,0.5327786896951475,0.6666666666666666,0.8333333333333334,3.4617234234125616,5.2712275971497675,True
D2,24,131,SeasonalNaive,h1_12,1,ARIMA,7.909605979919434,6.131441593170166,2.2182610231387927,2.3260601383911963,3.2853889986877225,3.3438910306682397,0.7854941140815649,0.6666666666666666,0.8333333333333334,4.673819578238531,7.116907889950075,True
D2,24,132,SeasonalNaive,h1,1,ARIMA,7.909605979919434,6.131441593170166,0.2377097676103001,0.17845284455013438,0.35031930288735835,0.35093399765444727,0.17753437712068826,1.0,1.0,2.2421787487092217,3.4142053111474997,True
D2,24,132,SeasonalNaive,h1_6,1,ARIMA,7.909605979919434,6.131441593170166,1.3355778290501934,1.3526191990836605,1.9327882354954955,1.9021502992665609,0.5217610337555431,0.6666666666666666,1.0,4.047813550083593,6.163677418308452,True
D2,24,132,SeasonalNaive,h1_12,1,ARIMA,7.909605979919434,6.131441593170166,1.026860122715775,1.0981009598591465,1.4915082429926458,1.473204250384592,0.5484286968213842,0.8333333333333334,1.0,5.465124709700189,8.321842235229177,True
D2,24,133,SeasonalNaive,h1,1,ARIMA,7.909605979919434,6.131441593170166,1.3112866611892853,1.0888200051249906,1.7108843793918769,1.725646285765234,0.44182156254644017,0.0,1.0,2.0271609488496534,3.086793897274089,True
D2,24,133,SeasonalNaive,h1_6,1,ARIMA,7.909605979919434,6.131441593170166,1.2616939923786055,1.221651410718637,1.6413231218024225,1.6508837590830037,0.5080724518462347,0.6666666666666666,0.8333333333333334,3.659641124365186,5.572600387410832,True
D2,24,133,SeasonalNaive,h1_12,1,ARIMA,7.909605979919434,6.131441593170166,2.176732811408612,2.25384117934926,2.770233083823663,2.7275843111530014,0.8409192277947203,0.5833333333333334,0.75,4.941036658417759,7.52380407291607,True
D2,24,134,SeasonalNaive,h1,1,ARIMA,7.909605979919434,6.131441593170166,1.7150640822070307,1.4321532725613697,3.822828268234856,3.751128664747934,0.6192685494476138,0.0,0.0,2.0157540064718558,3.0694243439890623,True
D2,24,134,SeasonalNaive,h1_6,1,ARIMA,7.909605979919434,6.131441593170166,1.0384405021619005,0.9780198698997962,2.333283775064123,2.3079125281069426,0.44298201909080354,0.6666666666666666,0.8333333333333334,3.639048129293542,5.541243068915817,True
D2,24,134,SeasonalNaive,h1_12,1,ARIMA,7.909605979919434,6.131441593170166,0.9055518068863392,0.9656623850585228,2.0615813713235767,2.0667448025144797,0.4877213850155552,0.8333333333333334,0.9166666666666666,4.913233182585619,7.481467227600278,True
D2,24,135,SeasonalNaive,h1,1,ARIMA,7.909605979919434,6.131441593170166,1.1723208953571351,0.9379922073310715,2.2094664733427036,2.1853244676197967,0.38520555438261683,0.0,1.0,2.103749157791309,3.2034161201411826,True
D2,24,135,SeasonalNaive,h1_6,1,ARIMA,7.909605979919434,6.131441593170166,2.6534372994845477,2.3076205784797486,4.910686274743914,4.773816505728068,0.9298706350841429,0.16666666666666666,0.6666666666666666,3.7979060999426646,5.7831389157213255,True
D2,24,135,SeasonalNaive,h1_12,1,ARIMA,7.909605979919434,6.131441593170166,3.046888687000374,2.6058580986434396,5.620696889385891,5.447269771469753,1.0434624335785396,0.3333333333333333,0.8333333333333334,5.127714064668098,7.808061067260546,True
D2,24,136,SeasonalNaive,h1,1,ARIMA,7.909605979919434,6.131441593170166,0.8023390733212666,0.6931623947769088,1.2279367816031344,1.22044364340508,0.2656391041985154,1.0,1.0,1.948361901108965,2.9668051909925253,True
D2,24,136,SeasonalNaive,h1_6,1,ARIMA,7.909605979919434,6.131441593170166,3.319521945384209,3.4178299082151633,5.297002420609718,5.499612823105393,1.2975349396002485,0.5,0.5,3.517384913364139,5.35598433419782,True
D2,24,136,SeasonalNaive,h1_12,1,ARIMA,7.909605979919434,6.131441593170166,2.1597862117354443,2.52268909197161,3.4156735966616987,3.5143604402251705,0.9178744859887272,0.75,0.75,4.748970515985363,7.23134155450098,True
D2,24,137,SeasonalNaive,h1,1,ARIMA,7.909605979919434,6.131441593170166,0.9291102470404851,0.7529322324327917,1.2104235186723133,1.2031419620365602,0.3036792263493244,1.0,1.0,2.0771030341279593,3.1628415954806344,True
D2,24,137,SeasonalNaive,h1_6,1,ARIMA,7.909605979919434,6.131441593170166,1.9925737576205753,1.9869578393116225,2.6622128783225034,2.715625164137813,0.7071832465236171,0.6666666666666666,0.8333333333333334,3.749801754790096,5.70988957696824,True
D2,24,137,SeasonalNaive,h1_12,1,ARIMA,7.909605979919434,6.131441593170166,3.3324611341259827,3.0569032242505974,4.492801470450938,4.626107851957687,1.1747471475015894,0.3333333333333333,0.8333333333333334,5.0627663485531045,7.709164029085351,True
D2,24,138,SeasonalNaive,h1,1,ARIMA,7.909605979919434,6.131441593170166,0.17162301448231101,0.12858243138234626,0.28682865806394303,0.2872406022463621,0.17419254008588292,1.0,1.0,2.2466766510052993,3.4210543466747083,True
D2,24,138,SeasonalNaive,h1_6,1,ARIMA,7.909605979919434,6.131441593170166,1.1198543429638987,1.0112336125447658,1.894487145875,1.9208784541173252,0.4458311480534229,1.0,1.0,4.055933629658644,6.176042007361864,True
D2,24,138,SeasonalNaive,h1_12,1,ARIMA,7.909605979919434,6.131441593170166,0.8862352728378591,0.8171993734720951,1.4890839689709037,1.4996136531528441,0.4952372035791461,1.0,1.0,5.476087973442768,8.33853619119454,True
D2,24,139,SeasonalNaive,h1,1,ARIMA,7.909605979919434,6.131441593170166,2.5614483941501125,1.938720656025978,3.3885791673896133,3.446981007552514,1.0178566195822356,0.0,0.0,2.22390920581299,3.3863859544505606,True
D2,24,139,SeasonalNaive,h1_6,1,ARIMA,7.909605979919434,6.131441593170166,1.8428313158085399,1.7314434289995744,2.4423753833192356,2.4896542024677197,0.7102869446572017,0.6666666666666666,0.6666666666666666,4.0148314770299445,6.113455031240848,True
D2,24,139,SeasonalNaive,h1_12,1,ARIMA,7.909605979919434,6.131441593170166,3.522647413975147,3.100853020375043,4.7295280290870565,4.887556539828131,1.2943596222767306,0.4166666666666667,0.5833333333333334,5.42059421436181,8.254034860915308,True
D2,24,140,SeasonalNaive,h1,1,ARIMA,7.909605979919434,6.131441593170166,1.800149760675077,1.4468902435537396,3.393005046949667,3.336402887765439,0.6525381223161413,0.0,0.0,2.094207586159695,3.1888869999449874,True
D2,24,140,SeasonalNaive,h1_6,1,ARIMA,7.909605979919434,6.131441593170166,2.2318296779615214,1.8165631413082386,4.187423106618491,4.099537896836282,0.7676820536164274,0.3333333333333333,0.6666666666666666,3.7806806655468703,5.756909441539219,True
D2,24,140,SeasonalNaive,h1_12,1,ARIMA,7.909605979919434,6.131441593170166,1.661867425138141,1.474419383401438,3.1308452480789666,3.077710649136295,0.6661628519626153,0.6666666666666666,0.8333333333333334,5.104457275296009,7.7726475419828995,True
D2,24,141,SeasonalNaive,h1,1,ARIMA,7.909605979919434,6.131441593170166,0.9795651161332818,0.8875023866720185,2.2298913479392044,2.2550337491721537,0.3185085029475328,0.0,1.0,1.857849204206726,2.828979903571599,True
D2,24,141,SeasonalNaive,h1_6,1,ARIMA,7.909605979919434,6.131441593170166,1.459121325825292,1.371376707350484,3.3441143468774657,3.4056329521969375,0.49730090201512145,0.3333333333333333,1.0,3.3539820084055334,5.107167835384876,True
D2,24,141,SeasonalNaive,h1_12,1,ARIMA,7.909605979919434,6.131441593170166,0.9582083451802239,1.0342541613220495,2.1887972886223253,2.221615153553768,0.4730748537877433,0.6666666666666666,1.0,4.528353325376957,6.895403849115413,True
D2,24,142,SeasonalNaive,h1,1,ARIMA,7.909605979919434,6.131441593170166,1.4204975751166204,1.1704576532766455,2.7989751550227626,2.760344476971032,0.48376603071975993,0.0,1.0,2.0428264416233706,3.110648020706718,True
D2,24,142,SeasonalNaive,h1_6,1,ARIMA,7.909605979919434,6.131441593170166,1.5973818652700436,1.4653589006509828,3.1303791408889734,3.0711461899596535,0.6023459199472255,0.3333333333333333,0.8333333333333334,3.687922096145267,5.615664324267586,True
D2,24,142,SeasonalNaive,h1_12,1,ARIMA,7.909605979919434,6.131441593170166,1.3400412232666337,1.2733028299084728,2.631174674349191,2.5862288357257444,0.5819187990178344,0.6666666666666666,0.9166666666666666,4.979219997590202,7.581946520067064,True
D2,24,143,SeasonalNaive,h1,1,ARIMA,7.909605979919434,6.131441593170166,1.1495843152063396,0.8880364379758813,2.270688359653713,2.2967645422079985,0.37383481313982814,0.0,1.0,2.1789974557019436,3.317998036738705,True
D2,24,143,SeasonalNaive,h1_6,1,ARIMA,7.909605979919434,6.131441593170166,1.7130886962336782,1.480778515204733,3.417533158785904,3.4928999375031555,0.6303409819780682,0.5,0.8333333333333334,3.933752129202718,5.989994071611539,True
D2,24,143,SeasonalNaive,h1_12,1,ARIMA,7.909605979919434,6.131441593170166,1.3186163849490804,1.2168094505680016,2.6236971892178618,2.6742713193144683,0.60096354138018,0.75,0.9166666666666666,5.311125548926912,8.087344984317728,True
D2,24,144,SeasonalNaive,h1,1,ARIMA,7.909605979919434,6.131441593170166,1.0755930786905552,0.9112978560589817,1.919218909970179,1.9378143597867512,0.3515223340951616,0.0,1.0,1.9867093238315408,3.025197491072788,True
D2,24,144,SeasonalNaive,h1_6,1,ARIMA,7.909605979919434,6.131441593170166,1.620393981630219,1.4780566332956246,2.8231553147115447,2.78405046737336,0.5437511410820893,0.5,1.0,3.586613656789046,5.461400168515869,True
D2,24,144,SeasonalNaive,h1_12,1,ARIMA,7.909605979919434,6.131441593170166,1.5032564355636633,1.4516332313806033,2.6157323897588887,2.5763585023547906,0.5758156695069016,0.75,1.0,4.842439177926361,7.3736679422648965,True
D2,24,145,SeasonalNaive,h1,1,ARIMA,7.909605979919434,6.131441593170166,0.4942500521525224,0.3669832991518253,0.8464202662940259,0.842853226033894,0.21060898394684133,1.0,1.0,2.266976941716304,3.451965959053183,True
D2,24,145,SeasonalNaive,h1_6,1,ARIMA,7.909605979919434,6.131441593170166,1.9018513098945313,1.5960551339987366,3.333189432848297,3.398986574143823,0.6457430156199652,0.6666666666666666,1.0,4.092581819218882,6.231846854996126,True
D2,24,145,SeasonalNaive,h1_12,1,ARIMA,7.909605979919434,6.131441593170166,2.9293001645853183,2.402355410366876,5.1942883673864575,5.362432514849988,0.9870203397508721,0.5,1.0,5.525568248127677,8.413880682227424,True
D2,24,146,SeasonalNaive,h1,1,ARIMA,7.909605979919434,6.131441593170166,0.9076920853213678,0.7486577148474981,1.7273666768810307,1.7125754480777597,0.296933026765687,1.0,1.0,2.040806946624883,3.1075728998879018,True
D2,24,146,SeasonalNaive,h1_6,1,ARIMA,7.909605979919434,6.131441593170166,0.7963735619149257,0.6938024548728912,1.5257901917867023,1.523096214683396,0.34672000345147125,1.0,1.0,3.6842762943893104,5.610112797331681,True
D2,24,146,SeasonalNaive,h1_12,1,ARIMA,7.909605979919434,6.131441593170166,0.9838378031995357,0.9963040132944729,1.8671942637056298,1.8467673815027668,0.46642478546094535,1.0,1.0,4.974297646049892,7.574451168154583,True
D2,24,147,SeasonalNaive,h1,1,ARIMA,7.909605979919434,6.131441593170166,2.0114364896780703,1.6923902830305202,3.6163782984723127,3.552148730561569,0.7692502051313346,0.0,0.0,2.0005641448910447,3.046294472601839,True
D2,24,147,SeasonalNaive,h1_6,1,ARIMA,7.909605979919434,6.131441593170166,1.2937532948802433,1.2962769039150515,2.349536878775147,2.3316423515191684,0.5497888103482251,0.6666666666666666,0.6666666666666666,3.611625816257125,5.499486626943121,True
D2,24,147,SeasonalNaive,h1_12,1,ARIMA,7.909605979919434,6.131441593170166,1.427523326376799,1.5127655855561897,2.570926321191603,2.530455446275864,0.611937890321275,0.8333333333333334,0.8333333333333334,4.876209154991913,7.4250900847327586,True
D2,24,148,SeasonalNaive,h1,1,ARIMA,7.909605979919434,6.131441593170166,0.9239380587652068,0.734649735683208,1.5857383233163442,1.5984116362565786,0.30311701165872984,1.0,1.0,2.1169432206758603,3.22350695348887,True
D2,24,148,SeasonalNaive,h1_6,1,ARIMA,7.909605979919434,6.131441593170166,2.0306339755366194,1.8660357362162667,3.539702036307964,3.6261864979771095,0.700766092414873,0.5,1.0,3.8217253902447745,5.819408971132402,True
D2,24,148,SeasonalNaive,h1_12,1,ARIMA,7.909605979919434,6.131441593170166,2.5981727461523234,2.3594194389923744,4.556057801285934,4.697209230622915,0.9167575276737979,0.5,0.9166666666666666,5.159873498492534,7.857030806996992,True
D2,24,149,SeasonalNaive,h1,1,ARIMA,7.909605979919434,6.131441593170166,0.7535476287243155,0.5609851016378223,1.3226496434674928,1.313960099183912,0.25894905519266637,1.0,1.0,2.261028619089242,3.4429083427871205,True
D2,24,149,SeasonalNaive,h1_6,1,ARIMA,7.909605979919434,6.131441593170166,0.3553386931147634,0.32926302759001413,0.6276103881339309,0.6274015233817616,0.3283135088005185,1.0,1.0,4.081843290480281,6.215495107003536,True
D2,24,149,SeasonalNaive,h1_12,1,ARIMA,7.909605979919434,6.131441593170166,0.6362566590596266,0.6420474176482517,1.1262658321384964,1.1286357873779298,0.45724410451421554,1.0,1.0,5.511069705141686,8.391803493914425,True
D2,24,150,SeasonalNaive,h1,1,ARIMA,7.909605979919434,6.131441593170166,2.72874775057039,2.18531507595712,3.9256836182369472,3.8501120100066455,1.115937045524999,0.0,0.0,2.1018223625611707,3.200482154902235,True
D2,24,150,SeasonalNaive,h1_6,1,ARIMA,7.909605979919434,6.131441593170166,3.3254353853121312,2.9528266250284325,5.004518980415029,5.139818318438543,1.2696118303006696,0.16666666666666666,0.3333333333333333,3.7944276494198084,5.777842217473452,True
D2,24,150,SeasonalNaive,h1_12,1,ARIMA,7.909605979919434,6.131441593170166,3.4703177571444996,3.103817487952834,5.246797496036568,5.413927857576618,1.2991990418628903,0.3333333333333333,0.5,5.123017661123635,7.800909770365045,True
D2,24,151,SeasonalNaive,h1,1,ARIMA,7.909605979919434,6.131441593170166,0.2718108330822246,0.22444205897293265,0.5780419644006365,0.576376116487596,0.16450083380083827,1.0,1.0,2.038492871469623,3.104049216644522,True
D2,24,151,SeasonalNaive,h1_6,1,ARIMA,7.909605979919434,6.131441593170166,1.5181923896219718,1.541840121502239,3.315389546211512,3.3978573808109958,0.557672235932117,0.6666666666666666,0.8333333333333334,3.6800986859917804,5.603751478999251,True
D2,24,151,SeasonalNaive,h1_12,1,ARIMA,7.909605979919434,6.131441593170166,1.341953161793923,1.363464865140654,2.8789486858093096,2.8992726984607713,0.5660900161034683,0.8333333333333334,0.9166666666666666,4.9686572798130815,7.565862482540812,True
D2,24,152,SeasonalNaive,h1,1,ARIMA,7.909605979919434,6.131441593170166,0.08412435176330146,0.07061387397287948,0.17220850587648326,0.1720603545935576,0.15164078414136234,1.0,1.0,2.0052954673395686,3.053498941131306,True
D2,24,152,SeasonalNaive,h1_6,1,ARIMA,7.909605979919434,6.131441593170166,1.8842345027613456,1.8139491146234852,3.9612535696584508,4.067975633556893,0.6473166385685054,0.5,1.0,3.6201672900927875,5.5124928805041,True
D2,24,152,SeasonalNaive,h1_12,1,ARIMA,7.909605979919434,6.131441593170166,1.1493977916035536,1.347987201169067,2.4102803477000636,2.4687834779310402,0.5686427496561931,0.75,1.0,4.887741360993738,7.442650379157701,True
D2,24,153,SeasonalNaive,h1,1,ARIMA,7.909605979919434,6.131441593170166,0.49846812688168207,0.43363678861792954,1.2065431838189749,1.1993080987596878,0.19252756520417588,1.0,1.0,1.9348974572938022,2.9463026438107445,True
D2,24,153,SeasonalNaive,h1_6,1,ARIMA,7.909605979919434,6.131441593170166,1.129522544093668,1.1610842195577167,2.6990260365128966,2.6497984727600103,0.4475171182254913,0.6666666666666666,1.0,3.4930775033725143,5.318971010286233,True
D2,24,153,SeasonalNaive,h1_12,1,ARIMA,7.909605979919434,6.131441593170166,1.0085393667889333,1.0664103868373631,2.412768379065558,2.3713586535400473,0.4860937804187795,0.8333333333333334,1.0,4.716152051070815,7.18136829644586,True
D2,24,154,SeasonalNaive,h1,1,ARIMA,7.909605979919434,6.131441593170166,0.17206511707173258,0.1481033278012151,0.3183955199792889,0.3189032067409557,0.1528824640690869,1.0,1.0,1.9555759919068008,2.977790214881108,True
D2,24,154,SeasonalNaive,h1_6,1,ARIMA,7.909605979919434,6.131441593170166,1.2266768870406992,1.285624788683848,2.2299998283270934,2.1950809822776765,0.4811079891002205,0.5,1.0,3.530408538041603,5.375815638267475,True
D2,24,154,SeasonalNaive,h1_12,1,ARIMA,7.909605979919434,6.131441593170166,1.58318647909134,1.6659038336997574,2.8631143898089433,2.804276880115418,0.6169700019178452,0.5833333333333334,1.0,4.766554263891239,7.258116639014059,True
D2,24,155,SeasonalNaive,h1,1,ARIMA,7.909605979919434,6.131441593170166,2.2262321152996747,1.7788284771181455,3.1868372647657797,3.2384391577030027,0.8641139518399461,0.0,0.0,2.1066047043879355,3.2077643115429826,True
D2,24,155,SeasonalNaive,h1_6,1,ARIMA,7.909605979919434,6.131441593170166,4.3934202900570805,3.806620353186721,6.425205279065237,6.680401777114349,1.7534138191713788,0.0,0.16666666666666666,3.803061228726824,5.790988721667734,True
D2,24,155,SeasonalNaive,h1_12,1,ARIMA,7.909605979919434,6.131441593170166,3.8057793741027623,3.3346748772316284,5.541955386810566,5.735633258207846,1.4497354919765502,0.25,0.4166666666666667,5.1346742226277975,7.818659423116923,True
D2,24,156,SeasonalNaive,h1,1,ARIMA,7.909605979919434,6.131441593170166,0.5229082927971933,0.4387239722776487,0.8516940084298997,0.848082474618465,0.20063595998655387,1.0,1.0,2.006230569734928,3.054922838118358,True
D2,24,156,SeasonalNaive,h1_6,1,ARIMA,7.909605979919434,6.131441593170166,1.467031222344791,1.459353551307838,2.385601492203329,2.373025056556692,0.5382529509129316,0.6666666666666666,1.0,3.6218554338899036,5.515063446977183,True
D2,24,156,SeasonalNaive,h1_12,1,ARIMA,7.909605979919434,6.131441593170166,1.4158688529525019,1.3556280968303633,2.3011628006146116,2.287501334251486,0.5679067546976934,0.8333333333333334,1.0,4.89002059551504,7.446121009950386,True
D2,24,157,SeasonalNaive,h1,1,ARIMA,7.909605979919434,6.131441593170166,0.3797219389535151,0.32175634788477525,0.7828039828767548,0.7858799325832,0.17565462691612255,1.0,1.0,1.9864847968202493,3.0248555998141606,True
D2,24,157,SeasonalNaive,h1_6,1,ARIMA,7.909605979919434,6.131441593170166,1.4241122816163234,1.3141767130914523,2.9081837439955462,2.8938249480080573,0.48853992408595753,0.8333333333333334,1.0,3.5862083173489254,5.460782950967946,True
D2,24,157,SeasonalNaive,h1_12,1,ARIMA,7.909605979919434,6.131441593170166,1.6704800313638724,1.5386077180193585,3.3790977023909923,3.330829850533399,0.591854050842848,0.9166666666666666,1.0,4.841891911961015,7.37283461068214,True
D2,24,158,SeasonalNaive,h1,1,ARIMA,7.909605979919434,6.131441593170166,0.5125364727336692,0.3987655757129705,1.0309329797508806,1.036274628202345,0.2078025621409405,1.0,1.0,2.163484536808234,3.294376240256665,True
D2,24,158,SeasonalNaive,h1_6,1,ARIMA,7.909605979919434,6.131441593170166,1.0520704301859116,0.8969887655264598,2.0897164355101805,2.074853481877747,0.40174335296280983,1.0,1.0,3.9057465996099046,5.947349555454064,True
D2,24,158,SeasonalNaive,h1_12,1,ARIMA,7.909605979919434,6.131441593170166,0.8744781646858522,0.787120222264197,1.7429058902965935,1.7364161907970448,0.46979488364035055,1.0,1.0,5.27331409593082,8.02976881483714,True
D2,24,159,SeasonalNaive,h1,1,ARIMA,7.909605979919434,6.131441593170166,2.2576418934062357,1.9148613544827042,3.7419318796098526,3.6732074198854088,0.8942445176027519,0.0,0.0,1.9845607629464552,3.021925839341462,True
D2,24,159,SeasonalNaive,h1_6,1,ARIMA,7.909605979919434,6.131441593170166,1.3493640000424991,1.3568699521819154,2.244211697442597,2.210516793881971,0.5736765826708999,0.5,0.6666666666666666,3.5827348519128592,5.455493843600064,True
D2,24,159,SeasonalNaive,h1_12,1,ARIMA,7.909605979919434,6.131441593170166,1.64199884044068,1.6258230634986637,2.770590175397447,2.7701889059804823,0.6483326543190261,0.6666666666666666,0.8333333333333334,4.8372022389936085,7.365693562555581,True
D2,24,160,SeasonalNaive,h1,1,ARIMA,7.909605979919434,6.131441593170166,0.21414745976255045,0.17354350444211988,0.35699186434609675,0.35635578376800753,0.16412465231819667,1.0,1.0,2.077070528582926,3.1627920987112086,True
D2,24,160,SeasonalNaive,h1_6,1,ARIMA,7.909605979919434,6.131441593170166,0.5497324948515631,0.5605403387956462,0.9115084005652104,0.9050646143994453,0.3208787656605076,1.0,1.0,3.749743072409958,5.709800220268177,True
D2,24,160,SeasonalNaive,h1_12,1,ARIMA,7.909605979919434,6.131441593170166,0.8096658873137559,0.7763164822319029,1.3484293538946728,1.3449810163225253,0.4403883007831046,1.0,1.0,5.062687118983424,7.709043384815682,True
D2,24,161,SeasonalNaive,h1,1,ARIMA,7.909605979919434,6.131441593170166,0.3430179626982667,0.2573271320872216,0.5737431365267702,0.5721019387230901,0.1840908008967496,1.0,1.0,2.2437680672237046,3.4166253946115726,True
D2,24,161,SeasonalNaive,h1_6,1,ARIMA,7.909605979919434,6.131441593170166,2.090314230357768,1.8712850031506472,3.595975717500264,3.691103165726136,0.7280476984144693,0.5,0.8333333333333334,4.050682752649187,6.168046403896177,True
D2,24,161,SeasonalNaive,h1_12,1,ARIMA,7.909605979919434,6.131441593170166,1.6882503752485938,1.5331742990378858,2.8890593110569163,2.9494438622456998,0.6756724586518371,0.75,0.9166666666666666,5.468998541744169,8.327740987925262,True
D2,24,162,SeasonalNaive,h1,1,ARIMA,7.909605979919434,6.131441593170166,0.5966597619721477,0.44029570894467496,0.9721641219779528,0.9769127194587615,0.2284715950676632,1.0,1.0,2.2810193907995506,3.4733486450986812,True
D2,24,162,SeasonalNaive,h1_6,1,ARIMA,7.909605979919434,6.131441593170166,2.2626893490624806,2.1422252309440735,3.5634796719543727,3.4652222952555807,0.8387911484070332,0.5,0.8333333333333334,4.117932704249013,6.270449096838792,True
D2,24,162,SeasonalNaive,h1_12,1,ARIMA,7.909605979919434,6.131441593170166,1.5734784393141903,1.6006565662751497,2.494647126187882,2.4416455519775186,0.7052657290782353,0.75,0.9166666666666666,5.559795552937224,8.465999205754725,True
D2,24,163,SeasonalNaive,h1,1,ARIMA,7.909605979919434,6.131441593170166,2.750873609223484,2.205404598841234,3.715285184564382,3.785608255902987,1.1272669588072826,0.0,0.0,2.0995636280202747,3.1970427397929453,True
D2,24,163,SeasonalNaive,h1_6,1,ARIMA,7.909605979919434,6.131441593170166,1.260759307756389,1.2461582347944506,1.693270812807389,1.7155067027937652,0.5367090249033155,0.8333333333333334,0.8333333333333334,3.790349947637126,5.771633028713766,True
D2,24,163,SeasonalNaive,h1_12,1,ARIMA,7.909605979919434,6.131441593170166,2.9718525178532977,2.964797668277641,4.0651884956812605,4.199433572621855,1.1111654744037855,0.5,0.6666666666666666,5.117512183043782,7.792526481338042,True
D2,24,164,SeasonalNaive,h1,1,ARIMA,7.909605979919434,6.131441593170166,0.7313635510944214,0.6049390112170074,1.3690453026186675,1.3597375908111968,0.24782582414864998,1.0,1.0,2.0350186800617647,3.098759003826547,True
D2,24,164,SeasonalNaive,h1_6,1,ARIMA,7.909605979919434,6.131441593170166,3.3165719753359015,2.943151621533125,6.034410506707031,5.832918570848306,1.2444846161027996,0.16666666666666666,0.16666666666666666,3.6738267154522504,5.594201038321966,True
D2,24,164,SeasonalNaive,h1_12,1,ARIMA,7.909605979919434,6.131441593170166,2.699197188533184,2.6135463213574432,4.917787726114958,4.760241173619489,1.0409073642261262,0.5,0.5,4.960189226443041,7.552968027623816,True
D2,24,165,SeasonalNaive,h1,1,ARIMA,7.909605979919434,6.131441593170166,1.1987953045993829,1.029621189164158,2.088511582457455,2.1105511349106028,0.40033822810038105,0.0,1.0,1.959811227034672,2.984239282456946,True
D2,24,165,SeasonalNaive,h1_6,1,ARIMA,7.909605979919434,6.131441593170166,3.7194333711416263,3.4695316890748,6.665791870576731,6.941143628344655,1.4487948315761354,0.0,0.3333333333333333,3.538054423610821,5.387458163705692,True
D2,24,165,SeasonalNaive,h1_12,1,ARIMA,7.909605979919434,6.131441593170166,4.159915692732434,3.768003817439084,7.471013302742081,7.797041388599629,1.5545362410568653,0.08333333333333333,0.4166666666666667,4.776877298199731,7.273835706275537,True
D2,24,166,SeasonalNaive,h1,1,ARIMA,7.909605979919434,6.131441593170166,0.619904813298019,0.44418375374845037,0.8688701204089716,0.87266126690925,0.23619912157688808,1.0,1.0,2.349140639489172,3.5770780775589355,True
D2,24,166,SeasonalNaive,h1_6,1,ARIMA,7.909605979919434,6.131441593170166,1.08243131568458,0.8547699713121053,1.5017758678600917,1.4932452027031522,0.4390126106178219,1.0,1.0,4.240912245310648,6.457712223160376,True
D2,24,166,SeasonalNaive,h1_12,1,ARIMA,7.909605979919434,6.131441593170166,1.14970451562953,0.914579032496453,1.593344397569813,1.5825620534296063,0.5350434477984257,1.0,1.0,5.725835445913432,8.71883109294841,True
D2,24,167,SeasonalNaive,h1,1,ARIMA,7.909605979919434,6.131441593170166,0.9252482548760331,0.7519240324060484,1.6885403614130088,1.674403868843765,0.30247781439418725,1.0,1.0,2.071242689605745,3.1539179450337587,True
D2,24,167,SeasonalNaive,h1_6,1,ARIMA,7.909605979919434,6.131441593170166,1.5181513160550104,1.3847330887599127,2.831242952229825,2.87034340263941,0.5294514458953784,0.6666666666666666,1.0,3.739222053248084,5.693779677962248,True
D2,24,167,SeasonalNaive,h1_12,1,ARIMA,7.909605979919434,6.131441593170166,1.7437629756914366,1.578822031953145,3.2354534815259726,3.2643953383519873,0.6331799935331097,0.8333333333333334,1.0,5.048482244899834,7.687413371344056,True
D2,24,168,SeasonalNaive,h1,1,ARIMA,7.909605979919434,6.131441593170166,1.3982830273038536,1.118340566345245,2.8165722417990766,2.777457690628104,0.4730514300409557,0.0,1.0,2.104590894291572,3.2046978472253547,True
D2,24,168,SeasonalNaive,h1_6,1,ARIMA,7.909605979919434,6.131441593170166,0.7942857389244644,0.7666252259781096,1.6122191679330231,1.6021433813420378,0.39751850661281707,0.6666666666666666,1.0,3.7994256899456103,5.785452822345324,True
D2,24,168,SeasonalNaive,h1_12,1,ARIMA,7.909605979919434,6.131441593170166,1.099178787021508,1.0642534424103887,2.2248809821336932,2.2054411481031875,0.5097724508535844,0.8333333333333334,1.0,5.129765727564857,7.8111851707080655,True
D2,24,169,SeasonalNaive,h1,1,ARIMA,7.909605979919434,6.131441593170166,0.3394852060883804,0.2790545278520327,0.8627658363583698,0.8590599982689273,0.1724144432324217,1.0,1.0,2.0477571901600373,3.1181561588743563,True
D2,24,169,SeasonalNaive,h1_6,1,ARIMA,7.909605979919434,6.131441593170166,0.8803899553099389,0.885460387119773,2.225845643569242,2.205953156062992,0.3998056948968574,0.8333333333333334,1.0,3.696823594632083,5.62921879374436,True
D2,24,169,SeasonalNaive,h1_12,1,ARIMA,7.909605979919434,6.131441593170166,0.7201197377684984,0.748621489754755,1.8196568199724636,1.8021729838848495,0.4475244931235282,0.9166666666666666,1.0,4.991238288139344,7.600246984045417,True
D2,24,170,SeasonalNaive,h1,1,ARIMA,7.909605979919434,6.131441593170166,0.35216974232755766,0.2691608218078861,0.6055026080553696,0.6073413418878342,0.18327339365134784,1.0,1.0,2.2023527122110313,3.3535614996706573,True
D2,24,170,SeasonalNaive,h1_6,1,ARIMA,7.909605979919434,6.131441593170166,1.9429343187165375,1.6197089500237907,3.3979156110784605,3.468336979285702,0.6547426297516531,0.5,1.0,3.975915459765717,6.054196922176746,True
D2,24,170,SeasonalNaive,h1_12,1,ARIMA,7.909605979919434,6.131441593170166,1.5527691421405507,1.3523659355311333,2.70740820218608,2.755068609305195,0.6314527171050751,0.75,1.0,5.368052049333123,8.174027975200508,True
D2,24,171,SeasonalNaive,h1,1,ARIMA,7.909605979919434,6.131441593170166,0.8388817478053566,0.7201129806277364,1.266549502903678,1.2746213581413999,0.2760642038212105,1.0,1.0,1.9608608937844654,2.98583762861651,True
D2,24,171,SeasonalNaive,h1_6,1,ARIMA,7.909605979919434,6.131441593170166,1.7470921024469768,1.8165568695479866,2.6097784657796796,2.6006794010705963,0.6436279319957452,0.6666666666666666,0.6666666666666666,3.539949390858784,5.390343663912202,True
D2,24,171,SeasonalNaive,h1_12,1,ARIMA,7.909605979919434,6.131441593170166,1.6515492863691132,1.6885209691183551,2.454175093794,2.4322854035805452,0.6440589928982461,0.8333333333333334,0.8333333333333334,4.779435773831764,7.277731542455576,True
D2,24,172,SeasonalNaive,h1,1,ARIMA,7.909605979919434,6.131441593170166,1.665756547037297,1.3946501767698884,2.9937090938926496,3.039201520036173,0.5952419129411861,0.0,0.0,2.0104483594540854,3.061345341261216,True
D2,24,172,SeasonalNaive,h1_6,1,ARIMA,7.909605979919434,6.131441593170166,1.3989657844071028,1.3838188869451087,2.519207669987726,2.5630175089083154,0.5708421562205299,0.5,0.6666666666666666,3.629469825198545,5.526658015546744,True
D2,24,172,SeasonalNaive,h1_12,1,ARIMA,7.909605979919434,6.131441593170166,1.5382307659546097,1.4973632645467627,2.77329221552083,2.825078462528376,0.6220286064396165,0.75,0.8333333333333334,4.900301108086901,7.461775328610028,True
D2,24,173,SeasonalNaive,h1,1,ARIMA,7.909605979919434,6.131441593170166,0.584860856591128,0.503977440565182,1.1183631502689462,1.1121442445644236,0.20797219501843556,1.0,1.0,1.9533863065010517,2.9744559421134498,True
D2,24,173,SeasonalNaive,h1_6,1,ARIMA,7.909605979919434,6.131441593170166,0.463401484571039,0.49359008629786205,0.8850730657494558,0.8791442536737063,0.3022331938967421,1.0,1.0,3.5264554909168306,5.369796263364215,True
D2,24,173,SeasonalNaive,h1_12,1,ARIMA,7.909605979919434,6.131441593170166,0.6564318635823135,0.7162913594605712,1.2496563111295598,1.2373312470829048,0.40563838522501017,1.0,1.0,4.761217087350647,7.249989625723119,True
D2,24,174,SeasonalNaive,h1,1,ARIMA,7.909605979919434,6.131441593170166,1.6381205783559778,1.3608860309399644,2.5710463680253026,2.6045281816343557,0.5795684276722808,0.0,0.0,2.0261462467138136,3.0852487923517313,True
D2,24,174,SeasonalNaive,h1_6,1,ARIMA,7.909605979919434,6.131441593170166,1.833193515808775,1.612949080310491,2.8867519337071768,2.934461121550578,0.6315472038765206,0.5,0.8333333333333334,3.657809278863511,5.5698110038058735,True
D2,24,174,SeasonalNaive,h1_12,1,ARIMA,7.909605979919434,6.131441593170166,1.829200924955312,1.5921616031606336,2.879356668809818,2.925752111036288,0.6542599931884525,0.75,0.9166666666666666,4.938563406131877,7.520038007835336,True
D2,24,175,SeasonalNaive,h1,1,ARIMA,7.909605979919434,6.131441593170166,1.9862930244983164,1.7021630909241678,3.530822575989536,3.5942763361496475,0.7609750706199221,0.0,0.0,1.964214116060893,2.9909436395945663,True
D2,24,175,SeasonalNaive,h1_6,1,ARIMA,7.909605979919434,6.131441593170166,2.4942674025993794,2.352559282720999,4.4736716134181655,4.5978304493410835,0.9677684955557646,0.16666666666666666,0.5,3.5460029753800075,5.399561564329705,True
D2,24,175,SeasonalNaive,h1_12,1,ARIMA,7.909605979919434,6.131441593170166,2.425685492488643,2.220540374325395,4.25155295875698,4.27164930801204,0.8884319012979672,0.5,0.75,4.787608974978471,7.29017702066744,True
D2,24,176,SeasonalNaive,h1,1,ARIMA,7.909605979919434,6.131441593170166,1.5694604762332238,1.2504629436191395,2.428882935593534,2.45874292931364,0.5393498250602429,0.0,1.0,2.112643591386015,3.2169598317815855,True
D2,24,176,SeasonalNaive,h1_6,1,ARIMA,7.909605979919434,6.131441593170166,1.6289497379485,1.501849164448869,2.5219833047542553,2.554896648761242,0.6146837735255887,0.5,0.8333333333333334,3.8139632536578802,5.807589428209665,True
D2,24,176,SeasonalNaive,h1_12,1,ARIMA,7.909605979919434,6.131441593170166,1.5128878377031463,1.4228429472959545,2.3158909099135467,2.319919093102193,0.6269306764345891,0.75,0.9166666666666666,5.149393508755801,7.841072740923751,True
D2,24,177,SeasonalNaive,h1,1,ARIMA,7.909605979919434,6.131441593170166,0.9718858816162964,0.7546312951713163,1.6036850954088047,1.6166480674603425,0.31755304196296563,1.0,1.0,2.1678395789093536,3.3010077400336213,True
D2,24,177,SeasonalNaive,h1_6,1,ARIMA,7.909605979919434,6.131441593170166,3.0032730202400284,2.7097599400011707,5.0856428692208615,5.268645890170792,1.1185164319100318,0.3333333333333333,0.5,3.91360877314906,5.959321426416626,True
D2,24,177,SeasonalNaive,h1_12,1,ARIMA,7.909605979919434,6.131441593170166,2.6617272929703555,2.4036027744044928,4.485537360468847,4.623660642917913,1.0037359452222039,0.5,0.75,5.283929149798582,8.045932545455981,True
D2,24,178,SeasonalNaive,h1,1,ARIMA,7.909605979919434,6.131441593170166,0.5062567527720068,0.417365200841317,0.8848008867711498,0.8887326439284013,0.19986955453904115,1.0,1.0,2.0417439303215446,3.1089996615657713,True
D2,24,178,SeasonalNaive,h1_6,1,ARIMA,7.909605979919434,6.131441593170166,2.037362833007727,2.0241884264134797,3.458273103159911,3.37635201479466,0.7418417088639649,0.5,0.8333333333333334,3.6859678345065885,5.612688535441653,True
D2,24,178,SeasonalNaive,h1_12,1,ARIMA,7.909605979919434,6.131441593170166,1.540251608911539,1.6225857282852982,2.635022252343268,2.59282117657228,0.659025647537349,0.75,0.9166666666666666,4.976581466087056,7.577928781393524,True
D2,24,179,SeasonalNaive,h1,1,ARIMA,7.909605979919434,6.131441593170166,0.8066466417146461,0.6895640280799047,1.235461435484048,1.243140697436868,0.26728962845158305,1.0,1.0,1.9690439582462125,2.9982981258729824,True
D2,24,179,SeasonalNaive,h1_6,1,ARIMA,7.909605979919434,6.131441593170166,2.2590623462018278,2.145955630726695,3.513542130400598,3.5921215909861726,0.8026809600894771,0.3333333333333333,0.6666666666666666,3.554722307259215,5.412838645485156,True
D2,24,179,SeasonalNaive,h1_12,1,ARIMA,7.909605979919434,6.131441593170166,1.349530378243879,1.5563023758955499,2.092484273545996,2.1326319922109263,0.6383892715915982,0.6666666666666666,0.8333333333333334,4.7993813146664355,7.308102970911326,True
D2,24,180,SeasonalNaive,h1,1,ARIMA,7.909605979919434,6.131441593170166,0.8095745855135019,0.6441872921165008,1.049535044563659,1.0440561768332608,0.27131538762280144,1.0,1.0,2.1153946054742456,3.2211488496805445,True
D2,24,180,SeasonalNaive,h1_6,1,ARIMA,7.909605979919434,6.131441593170166,1.8361681027741696,1.7470631406218333,2.394173297708292,2.3970737583967656,0.6541924680140162,0.5,1.0,3.8189296695197714,5.8151518776454125,True
D2,24,180,SeasonalNaive,h1_12,1,ARIMA,7.909605979919434,6.131441593170166,2.321220456936502,2.066406248579881,3.0633107599336267,3.104020505608985,0.8078045614803393,0.5,1.0,5.156098877397319,7.851283124570572,True
D2,24,181,SeasonalNaive,h1,1,ARIMA,7.909605979919434,6.131441593170166,1.149638714403657,0.8335975305482747,1.7793998083635088,1.7637080990958076,0.37029972185673987,1.0,1.0,2.3214088754394484,3.5348504290449463,True
D2,24,181,SeasonalNaive,h1_6,1,ARIMA,7.909605979919434,6.131441593170166,0.5050013471316517,0.49382220774693025,0.788229459786652,0.7879014507850218,0.3676211058913734,1.0,1.0,4.190847989571538,6.381478493828362,True
D2,24,181,SeasonalNaive,h1_12,1,ARIMA,7.909605979919434,6.131441593170166,1.2717630072399944,1.1772708607543132,1.9571533327520578,1.9293905525839594,0.5657897394675631,1.0,1.0,5.6582415714112635,8.615904702508221,True
D2,24,182,SeasonalNaive,h1,1,ARIMA,7.909605979919434,6.131441593170166,0.2846874672444989,0.2209392836100565,0.4364510618812739,0.43740559255799766,0.17477461884003373,1.0,1.0,2.1689127750404005,3.3026419147989627,True
D2,24,182,SeasonalNaive,h1_6,1,ARIMA,7.909605979919434,6.131441593170166,0.5579522389532714,0.7128473389738098,0.8634254334962032,0.873623434798016,0.3505387860657041,1.0,1.0,3.915546218075628,5.962271608137045,True
D2,24,182,SeasonalNaive,h1_12,1,ARIMA,7.909605979919434,6.131441593170166,1.867884924840129,1.9668637296035552,2.934794446880358,3.017102354255966,0.7363922288741571,0.6666666666666666,1.0,5.286544976345648,8.049915710890573,True
D2,24,183,SeasonalNaive,h1,1,ARIMA,7.909605979919434,6.131441593170166,3.4055983810197086,2.8135050514871778,4.528498506884063,4.428232290310039,1.4619681947774197,0.0,0.0,2.037475574442408,3.102500160435095,True
D2,24,183,SeasonalNaive,h1_6,1,ARIMA,7.909605979919434,6.131441593170166,3.081261025482748,2.778256836833458,4.090304309960329,3.993817746910038,1.2265504790424282,0.3333333333333333,0.5,3.6782621559231687,5.60095496212122,True
D2,24,183,SeasonalNaive,h1_12,1,ARIMA,7.909605979919434,6.131441593170166,3.5352260968069738,3.0741153407873028,4.685150365217363,4.567190781813793,1.2946951807248244,0.25,0.5833333333333334,4.966177702694748,7.5620867865256365,True
D2,24,184,SeasonalNaive,h1,1,ARIMA,7.909605979919434,6.131441593170166,3.47989008020964,2.8850185840000235,6.326434877710133,6.132452083960852,1.4999603366349272,0.0,0.0,2.0303157825371985,3.091597818432464,True
D2,24,184,SeasonalNaive,h1_6,1,ARIMA,7.909605979919434,6.131441593170166,3.76252180225918,3.145825000018765,6.818898803455198,6.590734356585203,1.4480156324027114,0.0,0.0,3.665336557236462,5.581272923964665,True
D2,24,184,SeasonalNaive,h1_12,1,ARIMA,7.909605979919434,6.131441593170166,2.912497485053143,2.617402098166541,5.301306450936356,5.14562313927999,1.1231210269955965,0.4166666666666667,0.5,4.948726303835493,7.535513232251023,True
D2,24,185,SeasonalNaive,h1,1,ARIMA,7.909605979919434,6.131441593170166,0.46339494515568735,0.3805451885412443,0.8161498260958541,0.8128328591128047,0.19317634670243314,1.0,1.0,2.0497067739492043,3.1211248246559364,True
D2,24,185,SeasonalNaive,h1_6,1,ARIMA,7.909605979919434,6.131441593170166,1.8238937467526548,1.80233319393439,3.301621099915693,3.3818619448664906,0.6584396390710059,0.5,1.0,3.7003431854244475,5.634578137009602,True
D2,24,185,SeasonalNaive,h1_12,1,ARIMA,7.909605979919434,6.131441593170166,1.947936526857576,1.850994784947548,3.455025557735996,3.469246000256572,0.7125330350705542,0.6666666666666666,1.0,4.995990236906104,7.6074828606351454,True
D2,24,186,SeasonalNaive,h1,1,ARIMA,7.909605979919434,6.131441593170166,1.5863381539190022,1.1680832631195373,2.0972598208985427,2.1194853785253582,0.5400890213798675,0.0,1.0,2.2859601128082545,3.4808719700489146,True
D2,24,186,SeasonalNaive,h1_6,1,ARIMA,7.909605979919434,6.131441593170166,3.3985153368699623,2.8971550274294,4.325206630156773,4.211562306873997,1.3166663650962243,0.16666666666666666,0.3333333333333333,4.126852207881605,6.284030983070088,True
D2,24,186,SeasonalNaive,h1_12,1,ARIMA,7.909605979919434,6.131441593170166,3.516857459552099,2.8435252349769082,4.480937201593525,4.367506696697194,1.2767229007018577,0.4166666666666667,0.5833333333333334,5.571838152997136,8.484336686255888,True
D2,24,187,SeasonalNaive,h1,1,ARIMA,7.909605979919434,6.131441593170166,0.47579623064323956,0.38444955130440356,0.6599695981566827,0.6621546077085175,0.19713708913921826,1.0,1.0,2.0831872957304745,3.172106208433389,True
D2,24,187,SeasonalNaive,h1_6,1,ARIMA,7.909605979919434,6.131441593170166,2.629791706331961,2.562489381222787,3.5429790038404,3.4551618508286857,1.0050682790971242,0.3333333333333333,0.5,3.7607856946615392,5.726615016841399,True
D2,24,187,SeasonalNaive,h1_12,1,ARIMA,7.909605979919434,6.131441593170166,2.8563897169930796,2.600757442250862,3.8529762013806006,3.7618466350229847,1.019892727476469,0.4166666666666667,0.75,5.077596231515484,7.731745754651615,True
D2,24,188,SeasonalNaive,h1,1,ARIMA,7.909605979919434,6.131441593170166,3.1443110691059193,2.5070360770554765,6.807064865376522,6.583009985473814,1.3226204759436824,0.0,0.0,2.111113585430328,3.214630064601767,True
D2,24,188,SeasonalNaive,h1_6,1,ARIMA,7.909605979919434,6.131441593170166,3.428617617889249,2.7716938818016463,7.3924150260268355,7.122564751891536,1.298625011992412,0.0,0.3333333333333333,3.8112011282730416,5.803383490942445,True
D2,24,188,SeasonalNaive,h1_12,1,ARIMA,7.909605979919434,6.131441593170166,3.4227486446916764,2.7544373103707382,7.382676166080872,7.115628447894407,1.2087043070373773,0.25,0.6666666666666666,5.145664246153856,7.835394126678766,True
D2,24,189,SeasonalNaive,h1,1,ARIMA,7.909605979919434,6.131441593170166,1.985068706985144,1.7426685205128805,2.9342709468890464,2.977961679068241,0.7658991309276584,0.0,0.0,1.9173766602591031,2.919623415704671,True
D2,24,189,SeasonalNaive,h1_6,1,ARIMA,7.909605979919434,6.131441593170166,1.8765005314153982,1.7512552499481724,2.7668844100851007,2.8015847022860747,0.6970803699492436,0.5,0.5,3.461447143979375,5.2708069015613,True
D2,24,189,SeasonalNaive,h1_12,1,ARIMA,7.909605979919434,6.131441593170166,1.663249167013481,1.5674503399581865,2.4270716628097375,2.4321997815229093,0.6460785894146988,0.75,0.75,4.673446561660962,7.1163398909977165,True
D2,24,190,SeasonalNaive,h1,1,ARIMA,7.909605979919434,6.131441593170166,0.8469292745933759,0.6959791741646645,1.3003471695273499,1.3088570120822356,0.2802193586985917,1.0,1.0,2.0483189362319822,3.11901153957201,True
D2,24,190,SeasonalNaive,h1_6,1,ARIMA,7.909605979919434,6.131441593170166,3.850989058412345,3.4139564659254322,6.08279751298445,6.307306998694154,1.5226152308480903,0.16666666666666666,0.3333333333333333,3.697837716883944,5.6307630156671005,True
D2,24,190,SeasonalNaive,h1_12,1,ARIMA,7.909605979919434,6.131441593170166,2.2659665794485817,2.454530905500305,3.5607542238898415,3.673041729115003,1.0115943599716042,0.5833333333333334,0.6666666666666666,4.992607497592481,7.602331903541538,True
D2,24,191,SeasonalNaive,h1,1,ARIMA,7.909605979919434,6.131441593170166,0.2075010664500619,0.18062369457061356,0.4710999303157989,0.4722122260497304,0.15324888857473548,1.0,1.0,1.9337142220299648,2.944500910508063,True
D2,24,191,SeasonalNaive,h1_6,1,ARIMA,7.909605979919434,6.131441593170166,0.5551366981961997,0.7070400500845916,1.2736894177147031,1.2905969489972782,0.3415052486010609,0.8333333333333334,1.0,3.490941404394391,5.31571833452145,True
D2,24,191,SeasonalNaive,h1_12,1,ARIMA,7.909605979919434,6.131441593170166,0.9659633241070351,1.0401432754128217,2.2248448685585815,2.2633600378288707,0.46036841454089206,0.9166666666666666,1.0,4.713268013265402,7.176976720975591,True
D2,24,192,SeasonalNaive,h1,1,ARIMA,7.909605979919434,6.131441593170166,0.07812921110587956,0.059928330244097425,0.11195458167646952,0.11189194759553939,0.16517160572874987,1.0,1.0,2.194461376153076,3.34154522242395,True
D2,24,192,SeasonalNaive,h1_6,1,ARIMA,7.909605979919434,6.131441593170166,1.0477690906791182,0.9817597335348203,1.5192703871012565,1.5367627104886235,0.4347177469430226,0.8333333333333334,1.0,3.961669201726718,6.032503892622907,True
D2,24,192,SeasonalNaive,h1_12,1,ARIMA,7.909605979919434,6.131441593170166,1.467510444995191,1.4246436258267203,2.1401323841471056,2.1777374507230522,0.609521461845363,0.8333333333333334,1.0,5.348817572283632,8.144739296170203,True
D2,24,193,SeasonalNaive,h1,1,ARIMA,7.909605979919434,6.131441593170166,4.659835075815496,3.211674277280926,4.803029252005632,4.921212899565433,2.0412448457090475,0.0,0.0,2.442225335549576,3.7188197936727763,True
D2,24,193,SeasonalNaive,h1_6,1,ARIMA,7.909605979919434,6.131441593170166,3.9893670361255853,3.1218191645032247,4.122507987471353,4.235991660342467,1.6565713528388173,0.16666666666666666,0.5,4.4089583898188165,6.713599065111733,True
D2,24,193,SeasonalNaive,h1_12,1,ARIMA,7.909605979919434,6.131441593170166,4.322506211668176,3.2650136353840016,4.4678740119653515,4.5920157484270305,1.6235548445173487,0.16666666666666666,0.6666666666666666,5.95272167112074,9.064314768402445,True
D2,24,194,SeasonalNaive,h1,1,ARIMA,7.909605979919434,6.131441593170166,0.5844273111013221,0.49284467879059035,1.2055784182399343,1.198354864430185,0.21031213559556824,1.0,1.0,1.9960302126414522,3.039390573625974,True
D2,24,194,SeasonalNaive,h1_6,1,ARIMA,7.909605979919434,6.131441593170166,2.271680986222922,2.0735090830399767,4.58808401238138,4.4687132317925755,0.8080602537743993,0.5,0.5,3.603440691674353,5.4870229927038805,True
D2,24,194,SeasonalNaive,h1_12,1,ARIMA,7.909605979919434,6.131441593170166,1.9440579314548372,1.8421692335340927,3.934629271719301,3.8399512548921946,0.7392419467540768,0.6666666666666666,0.75,4.865158071226366,7.40826240366229,True
D2,24,195,SeasonalNaive,h1,1,ARIMA,7.909605979919434,6.131441593170166,0.13948066271575832,0.11398664897111802,0.32047385032259623,0.32098819193147804,0.15870436634162383,1.0,1.0,2.0597129308389217,3.136361377056898,True
D2,24,195,SeasonalNaive,h1_6,1,ARIMA,7.909605979919434,6.131441593170166,0.6213002777047709,0.6500000341282686,1.4168390567174483,1.4089101884748758,0.34401311094272347,0.8333333333333334,1.0,3.7184073372971573,5.662084741155536,True
D2,24,195,SeasonalNaive,h1_12,1,ARIMA,7.909605979919434,6.131441593170166,0.6280045262957185,0.6493715992093805,1.4430722304380044,1.445984416238213,0.4282866469304084,0.9166666666666666,1.0,5.020379414307142,7.6446206932299265,True
D2,24,196,SeasonalNaive,h1,1,ARIMA,7.909605979919434,6.131441593170166,0.2753973258955115,0.20817302053772857,0.4455302064563825,0.44652490812891543,0.17850130762123406,1.0,1.0,2.2268038052592383,3.3907936123184967,True
D2,24,196,SeasonalNaive,h1_6,1,ARIMA,7.909605979919434,6.131441593170166,1.6319864871437153,1.472347660479694,2.658507769827767,2.684868131810317,0.6074522453808655,0.6666666666666666,0.8333333333333334,4.020057108067338,6.121412192217532,True
D2,24,196,SeasonalNaive,h1_12,1,ARIMA,7.909605979919434,6.131441593170166,1.7952031316285155,1.650895955340271,2.948258592833542,3.0021987066520914,0.7165702159926548,0.75,0.9166666666666666,5.427649560403042,8.264778161350135,True
D2,24,197,SeasonalNaive,h1,1,ARIMA,7.909605979919434,6.131441593170166,0.3299051282712605,0.27653090962567434,0.6060703140922268,0.6042392567117161,0.16857627189742633,1.0,1.0,2.0081311083345867,3.057816821920816,True
D2,24,197,SeasonalNaive,h1_6,1,ARIMA,7.909605979919434,6.131441593170166,0.5909618720338531,0.676361357277512,1.0838879325965687,1.0790717614395517,0.32707722068374073,1.0,1.0,3.6252864832210845,5.520287966590554,True
D2,24,197,SeasonalNaive,h1_12,1,ARIMA,7.909605979919434,6.131441593170166,1.2158715944333738,1.2600113864119016,2.228889022589424,2.2188004627551954,0.5083646304943609,0.9166666666666666,1.0,4.894653000700709,7.453174855410925,True
D2,24,198,SeasonalNaive,h1,1,ARIMA,7.909605979919434,6.131441593170166,1.0226993659608223,0.7698936401707379,2.207542551096066,2.2321807207095796,0.33316315196671215,1.0,1.0,2.2359595067269424,3.4047351611786367,True
D2,24,198,SeasonalNaive,h1_6,1,ARIMA,7.909605979919434,6.131441593170166,1.4066125724547516,1.1078797438186871,3.0358042304178654,3.0703113791783188,0.49238697849394536,1.0,1.0,4.03658592963555,6.146580921703384,True
D2,24,198,SeasonalNaive,h1_12,1,ARIMA,7.909605979919434,6.131441593170166,1.044067870685681,0.8858184302462225,2.2501929031961705,2.2723642996542854,0.5171593072155467,1.0,1.0,5.449965823258776,8.298759530235584,True
D2,24,199,SeasonalNaive,h1,1,ARIMA,7.909605979919434,6.131441593170166,1.877152404073021,1.560412721822381,2.92805246519892,2.885803544289241,0.6992299112975454,0.0,0.0,2.024914690614939,3.0833734800573143,True
D2,24,199,SeasonalNaive,h1_6,1,ARIMA,7.909605979919434,6.131441593170166,3.0840533184941243,2.685517567855831,4.754994437208293,4.634809624888749,1.1422871731988917,0.0,0.3333333333333333,3.655585946103994,5.566425495616426,True
D2,24,199,SeasonalNaive,h1_12,1,ARIMA,7.909605979919434,6.131441593170166,2.9608145839421978,2.684455911976286,4.560267085020037,4.440892826535188,1.073343187292514,0.3333333333333333,0.6666666666666666,4.935561590299314,7.515467089676159,True
D2,24,0,Theta,h1,1,ARIMA,7.909605979919434,6.131441593170166,0.8795062321693778,0.7101459693898304,1.429723635287095,1.4400177725100505,0.3020376993167305,1.0,1.0,2.106898037213895,3.3143960691219347,True
D2,24,0,Theta,h1_6,1,ARIMA,7.909605979919434,6.131441593170166,0.8415473577004868,0.8462434170105764,1.371608280343347,1.386354222638604,0.39323571250631106,1.0,1.0,3.769228208100104,5.976993993244806,True
D2,24,0,Theta,h1_12,1,ARIMA,7.909605979919434,6.131441593170166,1.612814025605674,1.6289091199738535,2.627752392053115,2.6609747186915946,0.6460426531422389,0.8333333333333334,0.9166666666666666,5.495850474676115,8.313837061877285,True
D2,24,1,Theta,h1,1,ARIMA,7.909605979919434,6.131441593170166,2.4022791107535078,1.9027704772251004,3.861392734866213,3.7882530704459407,0.9237326767501417,0.0,0.0,2.080586632830011,3.273005130046508,True
D2,24,1,Theta,h1_6,1,ARIMA,7.909605979919434,6.131441593170166,2.477727866154805,2.0696296260961335,4.120910912870915,4.193293027029818,0.8301994792626044,0.5,0.6666666666666666,3.722156855248737,5.902345797859775,True
D2,24,1,Theta,h1_12,1,ARIMA,7.909605979919434,6.131441593170166,2.0211830865845433,1.72500642485335,3.338337667605523,3.378404535816689,0.7529141762985218,0.75,0.8333333333333334,5.427213710685022,8.210004999068563,True
D2,24,2,Theta,h1,1,ARIMA,7.909605979919434,6.131441593170166,1.7037389044713747,1.3354988850444334,3.662207169632624,3.596354198972546,0.5746115376231252,0.0,0.0,2.079475492908748,3.2712630357214225,True
D2,24,2,Theta,h1_6,1,ARIMA,7.909605979919434,6.131441593170166,2.196110329926438,1.8086537203334727,4.664431523106947,4.548335775770366,0.803370323637508,0.0,0.6666666666666666,3.4264121412799344,5.41598616458106,True
D2,24,2,Theta,h1_12,1,ARIMA,7.909605979919434,6.131441593170166,2.143506801007644,1.8289488982687874,4.527083184461348,4.409848467959064,0.8468040369304931,0.3333333333333333,0.8333333333333334,4.93208944421719,7.439474755104523,True
D2,24,3,Theta,h1,1,ARIMA,7.909605979919434,6.131441593170166,0.7460387811744056,0.5770744311000766,1.0729284234972967,1.0787153452713183,0.2693471559697198,1.0,1.0,2.266855621689785,3.5660370420086416,True
D2,24,3,Theta,h1_6,1,ARIMA,7.909605979919434,6.131441593170166,3.2619788658501205,3.2223293011965337,4.500218189772076,4.346522047883009,1.3436206167200093,0.3333333333333333,0.6666666666666666,4.055398508443983,6.430778630529053,True
D2,24,3,Theta,h1_12,1,ARIMA,7.909605979919434,6.131441593170166,3.994124251918274,3.516939343449882,5.514540556942771,5.327950257926668,1.5903003163704728,0.16666666666666666,0.6666666666666666,5.913105379130213,8.945040383222793,True
D2,24,4,Theta,h1,1,ARIMA,7.909605979919434,6.131441593170166,0.41784666460953307,0.3275446254996734,0.758218579289191,0.7553549584718332,0.1891435835750511,1.0,1.0,2.2011116384083707,3.4626104509591493,True
D2,24,4,Theta,h1_6,1,ARIMA,7.909605979919434,6.131441593170166,1.1397979144267605,1.1265669248590513,2.110705747384344,2.1426034525622426,0.4561906944097706,0.8333333333333334,1.0,3.937780557191743,6.244267943375488,True
D2,24,4,Theta,h1_12,1,ARIMA,7.909605979919434,6.131441593170166,1.9082732610223905,1.7146548550087088,3.571198155544448,3.6554874482373467,0.6769088828224192,0.8333333333333334,1.0,5.741612681722571,8.68560825090077,True
D2,24,5,Theta,h1,1,ARIMA,7.909605979919434,6.131441593170166,2.2021034919405125,1.751921206279435,4.871375295877095,4.755545071967044,0.8350835814632532,0.0,0.0,1.9948000381593471,3.1380609367505623,True
D2,24,5,Theta,h1_6,1,ARIMA,7.909605979919434,6.131441593170166,1.224314621651115,1.0659704954784812,2.734396888515434,2.690658972722767,0.44743837849420004,0.3333333333333333,0.6666666666666666,2.0877383232948863,3.0055109899501002,True
D2,24,5,Theta,h1_12,1,ARIMA,7.909605979919434,6.131441593170166,1.4966509446410896,1.2738920344682496,3.343081036351402,3.2806398837983854,0.5271883695763816,0.25,0.6666666666666666,2.2458594859708967,3.2996679372464603,True
D2,24,6,Theta,h1,1,ARIMA,7.909605979919434,6.131441593170166,0.6101026930741101,0.4848587391801032,1.1277244578916477,1.1341193284157582,0.23615062465206726,1.0,1.0,2.20236722152045,3.4645818640926827,True
D2,24,6,Theta,h1_6,1,ARIMA,7.909605979919434,6.131441593170166,1.0154322568342307,0.9762638740602312,1.8882989328566357,1.9149151504792103,0.39685602775651124,1.0,1.0,3.9400243303334332,6.247826288398903,True
D2,24,6,Theta,h1_12,1,ARIMA,7.909605979919434,6.131441593170166,1.8961125476341871,2.1592289753840386,3.6010048641202395,3.7431824839224235,0.7886133962177972,0.75,0.9166666666666666,5.74488324317579,8.69056071818371,True
D2,24,7,Theta,h1,1,ARIMA,7.909605979919434,6.131441593170166,1.1337085605064696,0.8913165135490592,2.603177730697123,2.6375072311404097,0.39100326619774717,0.0,1.0,2.1916939717303467,3.447796161124611,True
D2,24,7,Theta,h1_6,1,ARIMA,7.909605979919434,6.131441593170166,1.5471828175603823,1.3172965639749532,3.582491331660942,3.6600668589684844,0.5700164185667783,0.5,0.8333333333333334,3.92092966585298,6.217550036032843,True
D2,24,7,Theta,h1_12,1,ARIMA,7.909605979919434,6.131441593170166,1.429358753653144,1.288094248535108,3.314295354705917,3.3884878623323518,0.6108306865753929,0.75,0.9166666666666666,5.717041912100115,8.64844205621143,True
D2,24,8,Theta,h1,1,ARIMA,7.909605979919434,6.131441593170166,0.15506854623773472,0.13090494689405935,0.4228975148535862,0.4237936211996669,0.1627151558209894,1.0,1.0,2.0441892670598003,3.215752184187585,True
D2,24,8,Theta,h1_6,1,ARIMA,7.909605979919434,6.131441593170166,0.6484833712093672,0.6605979745310967,1.77901154119688,1.8024269710223073,0.3206678049240507,1.0,1.0,3.6570477840026223,5.799100798843359,True
D2,24,8,Theta,h1_12,1,ARIMA,7.909605979919434,6.131441593170166,0.5913976965316508,0.5760140436785789,1.6069097507374384,1.6175018908216456,0.4396084776397843,1.0,1.0,5.332278823600294,8.066392391723866,True
D2,24,9,Theta,h1,1,ARIMA,7.909605979919434,6.131441593170166,1.8695095785211302,1.5267889042702705,3.7963789693961707,3.7256589038476173,0.7008941544093678,0.0,0.0,1.7539921302733585,2.759239641569689,True
D2,24,9,Theta,h1_6,1,ARIMA,7.909605979919434,6.131441593170166,1.5341588805740398,1.550576678940961,3.102968909379361,3.032664413038488,0.6785631649018589,0.5,0.5,2.993494351869295,4.7612750949658045,True
D2,24,9,Theta,h1_12,1,ARIMA,7.909605979919434,6.131441593170166,1.222542339074308,1.2452721834230702,2.486036889138763,2.440561261550088,0.5974503552864776,0.75,0.75,4.336220913268573,6.581598927409783,True
D2,24,10,Theta,h1,1,ARIMA,7.909605979919434,6.131441593170166,1.2803918104665404,0.9986189860205976,2.0451274116875564,2.024426362453573,0.4128964170018319,0.0,1.0,1.9107845239263976,3.0058907365511756,True
D2,24,10,Theta,h1_6,1,ARIMA,7.909605979919434,6.131441593170166,0.6980401136246583,0.636389443423711,1.1172047706693307,1.1094260685842694,0.347379863133353,0.8333333333333334,1.0,3.2530372201793445,5.171894650016819,True
D2,24,10,Theta,h1_12,1,ARIMA,7.909605979919434,6.131441593170166,0.7044690010912829,0.6149303056875957,1.1295996907603878,1.1261457785754871,0.4268178222473361,0.9166666666666666,1.0,4.707979690907538,7.145936825429942,True
D2,24,11,Theta,h1,1,ARIMA,7.909605979919434,6.131441593170166,2.553965651159236,2.0481226827272714,5.69839925128478,5.5405382560352505,1.0202804199522932,0.0,0.0,1.9253012685149964,3.02872959977431,True
D2,24,11,Theta,h1_6,1,ARIMA,7.909605979919434,6.131441593170166,4.118069082837248,3.4293409795386944,9.029051697816275,8.612798739079492,1.728942547157439,0.0,0.0,3.367781566394591,5.351580594674894,True
D2,24,11,Theta,h1_12,1,ARIMA,7.909605979919434,6.131441593170166,4.501151418611594,3.739498990011888,9.861001290919345,9.368576933986766,1.8595185204278584,0.08333333333333333,0.08333333333333333,4.898459160683369,7.42417646748247,True
D2,24,12,Theta,h1,1,ARIMA,7.909605979919434,6.131441593170166,0.0008559467381953312,0.0007630851050038537,0.0018141955048879218,0.00181421196156385,0.1484588959920848,1.0,1.0,1.9687272061371202,3.0970425975056917,True
D2,24,12,Theta,h1_6,1,ARIMA,7.909605979919434,6.131441593170166,0.5258506279639429,0.6453782178967618,1.1266196266741393,1.1371115586926128,0.31716036088007304,1.0,1.0,3.522047385896458,5.585029349213724,True
D2,24,12,Theta,h1_12,1,ARIMA,7.909605979919434,6.131441593170166,1.2230737237573392,1.3803329933920847,2.5616634782270538,2.522167569552559,0.55770847677358,0.9166666666666666,1.0,5.135442039684438,7.768624530667849,True
D2,24,13,Theta,h1,1,ARIMA,7.909605979919434,6.131441593170166,0.680541640790157,0.5048906180214426,1.1617217307473464,1.1550127139021984,0.22549810793394598,1.0,1.0,2.089307536075033,3.286733007550954,True
D2,24,13,Theta,h1_6,1,ARIMA,7.909605979919434,6.131441593170166,1.009807445067609,0.8037419262131709,1.7439678923713453,1.7594771533643108,0.35523937137217426,1.0,1.0,3.0617893693829523,4.750226097019238,True
D2,24,13,Theta,h1_12,1,ARIMA,7.909605979919434,6.131441593170166,1.8390802522366956,1.5469596413527198,3.1978358423447575,3.2643807214376754,0.6191561030612897,0.6666666666666666,1.0,4.223692672824544,6.304817214878834,True
D2,24,14,Theta,h1,1,ARIMA,7.909605979919434,6.131441593170166,0.659561392213654,0.5392393091231346,1.114857019281166,1.1211063858995713,0.23119049310049258,1.0,1.0,1.7509965771675653,2.7545205361489233,True
D2,24,14,Theta,h1_6,1,ARIMA,7.909605979919434,6.131441593170166,1.8533107255700108,1.6071369182305055,3.169176851207458,3.226886480994341,0.6251935667129436,0.16666666666666666,0.6666666666666666,2.4369717588183772,3.760875224200621,True
D2,24,14,Theta,h1_12,1,ARIMA,7.909605979919434,6.131441593170166,2.1547811752596475,2.0173925763406086,3.633711119194087,3.654089540207556,0.7985276917657921,0.25,0.5833333333333334,3.280635784190597,4.914880038979667,True
D2,24,15,Theta,h1,1,ARIMA,7.909605979919434,6.131441593170166,1.8668419979086575,1.3960329860993543,3.2505657197680513,3.1985797513102834,0.621157491791889,0.0,1.0,2.355773111152239,3.705916150578251,True
D2,24,15,Theta,h1_6,1,ARIMA,7.909605979919434,6.131441593170166,4.418164991679551,3.4821763292283485,7.493895403556951,7.196527645655229,1.7692393666239397,0.0,0.16666666666666666,4.214472539800536,6.68303590288178,True
D2,24,15,Theta,h1_12,1,ARIMA,7.909605979919434,6.131441593170166,3.368222146771958,2.801400829319573,5.748888649366206,5.554165883682238,1.3797787675165774,0.4166666666666667,0.5833333333333334,6.145055361320079,9.295920446648514,True
D2,24,16,Theta,h1,1,ARIMA,7.909605979919434,6.131441593170166,1.3736242672592265,1.1361320361017417,3.21935090589231,3.1683507417392947,0.451342816963766,0.0,1.0,1.86158108160911,2.9284900851156883,True
D2,24,16,Theta,h1_6,1,ARIMA,7.909605979919434,6.131441593170166,1.7053805756939548,1.5484023719344637,3.9741472439085186,3.8818628953142733,0.6693957968507763,0.16666666666666666,0.5,1.9483134052549465,2.80479536704024,True
D2,24,16,Theta,h1_12,1,ARIMA,7.909605979919434,6.131441593170166,1.0173260174753367,1.120357738402247,2.3842689934296386,2.3399763826287683,0.43880900798246125,0.5833333333333334,0.75,2.095874608788048,3.079305531529327,True
D2,24,17,Theta,h1,1,ARIMA,7.909605979919434,6.131441593170166,0.12103734293723492,0.10178468004223738,0.26813913551404533,0.26778012385944777,0.1458824347109551,1.0,1.0,1.8459788682967417,2.903941527210793,True
D2,24,17,Theta,h1_6,1,ARIMA,7.909605979919434,6.131441593170166,0.9333782100083307,0.9713883932566945,2.046247657450638,2.0311855078363856,0.3850314199499763,0.5,0.8333333333333334,1.9938023088225976,2.936828876558431,True
D2,24,17,Theta,h1_12,1,ARIMA,7.909605979919434,6.131441593170166,1.4873488672850292,1.602939386250575,3.3311780938260656,3.4027776936921676,0.5739783711863862,0.4166666666666667,0.6666666666666666,2.1925015623889843,3.261943457699367,True
D2,24,18,Theta,h1,1,ARIMA,7.909605979919434,6.131441593170166,0.8952929416994629,0.6123878875701216,1.5920907365408405,1.5795170641109444,0.2912288204291305,1.0,1.0,2.5860947161352397,4.068235148690201,True
D2,24,18,Theta,h1_6,1,ARIMA,7.909605979919434,6.131441593170166,1.4048503090030375,1.181129142455697,2.484687758522734,2.440158181681751,0.5805044380142687,0.8333333333333334,1.0,4.626507788976787,7.3364097092791205,True
D2,24,18,Theta,h1_12,1,ARIMA,7.909605979919434,6.131441593170166,2.3551158731217448,1.8689184339669984,4.1478913360773815,4.036561479562916,0.9049707290115008,0.75,1.0,6.745836689658275,10.204748216263715,True
D2,24,19,Theta,h1,1,ARIMA,7.909605979919434,6.131441593170166,1.4936070554382594,1.25854444690716,2.431998525661341,2.4027807297007424,0.49132340688506,0.0,1.0,2.0116970568044623,3.164641447618787,True
D2,24,19,Theta,h1_6,1,ARIMA,7.909605979919434,6.131441593170166,1.5703872550584281,1.4796756380430973,2.5480527953661807,2.509250799142489,0.5874747041838191,0.3333333333333333,0.8333333333333334,3.007161993721967,4.72098362659239,True
D2,24,19,Theta,h1_12,1,ARIMA,7.909605979919434,6.131441593170166,2.4544277297212886,2.31535125195278,4.109061603904751,4.179501009638421,0.8361952343406159,0.25,0.75,4.206731705424769,6.287069359033778,True
D2,24,20,Theta,h1,1,ARIMA,7.909605979919434,6.131441593170166,1.0580897257983544,0.9081194080760829,1.8953001057138066,1.8775079010966713,0.3317340187856173,0.0,1.0,1.791972179749889,2.818987416508317,True
D2,24,20,Theta,h1_6,1,ARIMA,7.909605979919434,6.131441593170166,1.183276453039708,1.1797900420277934,2.1147809743939194,2.0854429823376375,0.4615377792396014,0.5,1.0,3.0897373338685834,4.921019874456317,True
D2,24,20,Theta,h1_12,1,ARIMA,7.909605979919434,6.131441593170166,1.8608855059853633,1.770016390243596,3.314002406542696,3.2483039357003767,0.7002043338845562,0.5,1.0,4.489430826816371,6.812845044677519,True
D2,24,21,Theta,h1,1,ARIMA,7.909605979919434,6.131441593170166,1.1860619173113158,0.812384205233897,1.8495112979549855,1.8667743996695958,0.4047324045159051,0.0,1.0,2.4830470500504007,3.906131854835028,True
D2,24,21,Theta,h1_6,1,ARIMA,7.909605979919434,6.131441593170166,1.644473527435443,1.2213538959507038,2.5790664046791525,2.6190232834371945,0.6062107315866774,0.5,0.8333333333333334,4.442161933073357,7.044084727359312,True
D2,24,21,Theta,h1_12,1,ARIMA,7.909605979919434,6.131441593170166,1.4376409604073352,1.1039452077076983,2.2417291117784552,2.2639539738743037,0.6691008097773842,0.75,0.9166666666666666,6.477041445147206,9.798126657210924,True
D2,24,22,Theta,h1,1,ARIMA,7.909605979919434,6.131441593170166,2.3438479201018447,2.0588968921332205,3.985981637784734,3.9080936893620377,0.9107096437307032,0.0,0.0,1.959146686507094,3.0819753192836687,True
D2,24,22,Theta,h1_6,1,ARIMA,7.909605979919434,6.131441593170166,3.271164845404455,2.9421869620816334,5.518649621579551,5.364054501724394,1.2918587514450635,0.0,0.3333333333333333,3.360370033438674,5.350421051519903,True
D2,24,22,Theta,h1_12,1,ARIMA,7.909605979919434,6.131441593170166,2.5624117922450806,2.3993400095941397,4.351524276182282,4.2530646546798865,1.0173478377875163,0.5,0.6666666666666666,4.876488514224053,7.40244009527845,True
D2,24,23,Theta,h1,1,ARIMA,7.909605979919434,6.131441593170166,1.9543744433166272,1.599593791037446,2.7435374362503264,2.7816958700287606,0.7620410073259887,0.0,0.0,1.9788625299113898,3.11298119397535,True
D2,24,23,Theta,h1_6,1,ARIMA,7.909605979919434,6.131441593170166,1.2990903803506488,1.2699572454727777,1.790249028463109,1.7810715391164305,0.5118075449022355,0.6666666666666666,0.8333333333333334,3.1034690966985536,4.927873328972482,True
D2,24,23,Theta,h1_12,1,ARIMA,7.909605979919434,6.131441593170166,1.5709839251794024,1.5822383887018772,2.1565843241314426,2.135936935239165,0.626183837143555,0.75,0.9166666666666666,4.434283159592257,6.690565896061307,True
D2,24,24,Theta,h1,1,ARIMA,7.909605979919434,6.131441593170166,0.7004454414072401,0.594812998382199,0.9648857218195538,0.9695633107944823,0.24527819091083936,1.0,1.0,1.8506695871433743,2.911321949224217,True
D2,24,24,Theta,h1_6,1,ARIMA,7.909605979919434,6.131441593170166,1.5194451433169323,1.8005859238119617,2.0395804640526367,2.002100030803407,0.6320176364908852,0.6666666666666666,0.8333333333333334,2.5922935878751585,3.9934944739936826,True
D2,24,24,Theta,h1_12,1,ARIMA,7.909605979919434,6.131441593170166,1.2903929643972514,1.5441016825432206,1.7535177078625592,1.7449666217101103,0.5480482799689302,0.75,0.9166666666666666,3.497194807562638,5.236560346768599,True
D2,24,25,Theta,h1,1,ARIMA,7.909605979919434,6.131441593170166,0.08954552970753131,0.07230117548955883,0.16144913453481965,0.16131891054236386,0.16710152394988215,1.0,1.0,2.1506619058114307,3.3832491144587316,True
D2,24,25,Theta,h1_6,1,ARIMA,7.909605979919434,6.131441593170166,2.668739077205135,2.3927471134471947,4.9711269014627035,5.128864424148202,0.9134400539402157,0.16666666666666666,0.6666666666666666,3.8475320231579837,6.101156897394262,True
D2,24,25,Theta,h1_12,1,ARIMA,7.909605979919434,6.131441593170166,2.730899966760474,2.371446322553906,5.087286411672755,5.242243890769633,0.9400849205635837,0.5,0.8333333333333334,5.610020433116557,8.486541752797066,True
D2,24,26,Theta,h1,1,ARIMA,7.909605979919434,6.131441593170166,2.181026747854805,1.7350398401480647,3.49023314752731,3.430369205972597,0.8024854004759074,0.0,0.0,2.160258279306879,3.3983393970048534,True
D2,24,26,Theta,h1_6,1,ARIMA,7.909605979919434,6.131441593170166,2.2224891607500292,1.8074131679937848,3.6667747128266113,3.7104403179551957,0.7195521107165475,0.5,0.8333333333333334,3.864695729023653,6.128371028019834,True
D2,24,26,Theta,h1_12,1,ARIMA,7.909605979919434,6.131441593170166,1.9476144143134448,1.6634227171638558,3.217977349191832,3.256376961429028,0.7272051530800853,0.75,0.9166666666666666,5.635047968130732,8.524402604195789,True
D2,24,27,Theta,h1,1,ARIMA,7.909605979919434,6.131441593170166,0.322851742378099,0.25330227218327867,0.5665322715915044,0.5649320105154441,0.18666934611175326,1.0,1.0,2.2382946574991185,3.5211102045292235,True
D2,24,27,Theta,h1_6,1,ARIMA,7.909605979919434,6.131441593170166,3.285067775935831,2.8417559462880346,5.589444027662105,5.406658034812054,1.2948531963243362,0.16666666666666666,0.3333333333333333,4.004305367039748,6.34976148636764,True
D2,24,27,Theta,h1_12,1,ARIMA,7.909605979919434,6.131441593170166,3.165677974851396,2.6605755939623426,5.406570520733977,5.244800682694841,1.2316351132028995,0.3333333333333333,0.6666666666666666,5.83861178016135,8.832346990095745,True
D2,24,28,Theta,h1,1,ARIMA,7.909605979919434,6.131441593170166,0.7337339909129139,0.5739816414722241,1.2893051860743192,1.2810468841178317,0.24269383797743224,1.0,1.0,2.2445998117134014,3.5310256110891407,True
D2,24,28,Theta,h1_6,1,ARIMA,7.909605979919434,6.131441593170166,0.6132419365362124,0.5353068415217251,1.081295648749726,1.0789214677863939,0.3618637490456074,1.0,1.0,4.015584351323791,6.367641791217187,True
D2,24,28,Theta,h1_12,1,ARIMA,7.909605979919434,6.131441593170166,0.571089016929537,0.5388507084090128,1.0111170880179063,1.0137679398954507,0.4761474610222484,1.0,1.0,5.855053387399181,8.85722055055923,True
D2,24,29,Theta,h1,1,ARIMA,7.909605979919434,6.131441593170166,2.0630324154885886,1.722344396840772,3.4630153200441667,3.5240342429018128,0.8108246626109884,0.0,0.0,2.029858500251849,3.193206132042231,True
D2,24,29,Theta,h1_6,1,ARIMA,7.909605979919434,6.131441593170166,3.0161306431320702,2.6225139747535855,5.121287391765922,5.268598299997964,1.1070017593475612,0.16666666666666666,0.3333333333333333,3.631404396540459,5.7584374472428035,True
D2,24,29,Theta,h1_12,1,ARIMA,7.909605979919434,6.131441593170166,4.528121083041015,4.04656213448992,7.830758690226744,8.203950199495056,1.7328229910490747,0.08333333333333333,0.25,5.294888878818234,8.009825232865264,True
D2,24,30,Theta,h1,1,ARIMA,7.909605979919434,6.131441593170166,0.5791335995810009,0.45402462359373275,0.9487090675798884,0.9442300694361104,0.20082210554511923,1.0,1.0,1.9443740596644918,3.058738893886064,True
D2,24,30,Theta,h1_6,1,ARIMA,7.909605979919434,6.131441593170166,0.607572859977629,0.5944829166389657,1.0032471500769147,1.0055807274357205,0.30778925486139586,1.0,1.0,3.207206319854453,5.070668687850994,True
D2,24,30,Theta,h1_12,1,ARIMA,7.909605979919434,6.131441593170166,1.003959492153225,1.0436536484332817,1.6784644007774376,1.700781101891655,0.4580593545311649,0.9166666666666666,1.0,4.6165810889124455,6.965499805479602,True
D2,24,31,Theta,h1,1,ARIMA,7.909605979919434,6.131441593170166,0.5908177364513303,0.4725242365807968,1.386088205507285,1.395761447910538,0.2324475857218035,1.0,1.0,2.1943638887698427,3.4519934859607155,True
D2,24,31,Theta,h1_6,1,ARIMA,7.909605979919434,6.131441593170166,0.7164373028267916,0.7056705359475703,1.6556323592948303,1.6402549488206772,0.38383207784778517,1.0,1.0,3.925709565140263,6.2251263248118525,True
D2,24,31,Theta,h1_12,1,ARIMA,7.909605979919434,6.131441593170166,2.181091754354844,2.2199126650620853,4.899349803975103,4.718725333702045,0.8662700507291354,0.75,0.9166666666666666,5.724011022530067,8.658983152568887,True
D2,24,32,Theta,h1,1,ARIMA,7.909605979919434,6.131441593170166,0.8412789674093226,0.63803617590258,1.8606082123000098,1.8780800682921164,0.2914984003948273,1.0,1.0,2.1097798622202872,3.3189384558594983,True
D2,24,32,Theta,h1_6,1,ARIMA,7.909605979919434,6.131441593170166,1.01803286844405,0.9135449718235269,2.206021071135152,2.1800554725533337,0.42577047167811755,0.8333333333333334,1.0,3.4698076166758205,5.481720585909594,True
D2,24,32,Theta,h1_12,1,ARIMA,7.909605979919434,6.131441593170166,1.6793822974641444,1.420614809551867,3.6092848126430703,3.5341491689040714,0.644057445965948,0.9166666666666666,1.0,4.99396609571955,7.529030814715372,True
D2,24,33,Theta,h1,1,ARIMA,7.909605979919434,6.131441593170166,0.29498218826553446,0.249691726729901,0.6188504839861114,0.6207713071053456,0.17584014259948458,1.0,1.0,2.074776620264993,3.2638648061341646,True
D2,24,33,Theta,h1_6,1,ARIMA,7.909605979919434,6.131441593170166,1.892127173659233,1.772139288264094,4.058918355107653,4.163036960706649,0.6506130077704362,0.5,0.6666666666666666,3.7117654470644834,5.885864676358917,True
D2,24,33,Theta,h1_12,1,ARIMA,7.909605979919434,6.131441593170166,1.668318530375389,1.5947744114641644,3.5741149005765136,3.6580373083484865,0.649102712806827,0.75,0.8333333333333334,5.412061654162312,8.187079532780311,True
D2,24,34,Theta,h1,1,ARIMA,7.909605979919434,6.131441593170166,0.2705229171999381,0.21625621063192135,0.40287969500772236,0.4020697662836615,0.16461657042660277,1.0,1.0,1.98432635009306,3.1215722348650394,True
D2,24,34,Theta,h1_6,1,ARIMA,7.909605979919434,6.131441593170166,2.3354900956613576,2.3400143380934213,3.3961321892163068,3.309194702250689,0.9771832120026986,0.3333333333333333,0.6666666666666666,3.549948300533354,5.629272437183544,True
D2,24,34,Theta,h1_12,1,ARIMA,7.909605979919434,6.131441593170166,2.053436242337694,1.9743992032533308,3.0410335763653698,3.015763843842055,0.8316558473464113,0.6666666666666666,0.8333333333333334,5.176118088108861,7.8301627082681815,True
D2,24,35,Theta,h1,1,ARIMA,7.909605979919434,6.131441593170166,1.6964274944080937,1.3780976243269396,2.7628329554277844,2.725186776252157,0.5675520865091437,0.0,0.0,2.10500303642897,3.311427829946244,True
D2,24,35,Theta,h1_6,1,ARIMA,7.909605979919434,6.131441593170166,1.3809030137158658,1.2453619232715338,2.254257509956897,2.22344915930302,0.5570978640641676,0.6666666666666666,0.6666666666666666,3.765843010250651,5.971627348494778,True
D2,24,35,Theta,h1_12,1,ARIMA,7.909605979919434,6.131441593170166,1.2129348119144265,1.1573290277777462,2.010807847964195,2.0075506585870166,0.580932904446266,0.8333333333333334,0.8333333333333334,5.4909149218044355,8.306374326414504,True
D2,24,36,Theta,h1,1,ARIMA,7.909605979919434,6.131441593170166,1.4678497261883097,1.2448855213873944,3.1451856080111793,3.195436817459086,0.5499137450193046,0.0,0.0,1.6924834466687702,2.6624772470661195,True
D2,24,36,Theta,h1_6,1,ARIMA,7.909605979919434,6.131441593170166,1.3087564671755652,1.189616300627441,2.809761895612207,2.8560457254759046,0.46173798891733114,0.5,0.5,1.9783143033760322,2.9627525408759587,True
D2,24,36,Theta,h1_12,1,ARIMA,7.909605979919434,6.131441593170166,1.3781727218659847,1.3196318441333643,2.911860377821318,2.906906058954708,0.516778653558285,0.5,0.5833333333333334,2.3727272307992706,3.537848193187452,True
D2,24,37,Theta,h1,1,ARIMA,7.909605979919434,6.131441593170166,2.002093801884466,1.4798071360702494,3.1535237259306563,3.1045720183372225,0.6992043980930569,0.0,0.0,2.2638627771424815,3.561329563983136,True
D2,24,37,Theta,h1_6,1,ARIMA,7.909605979919434,6.131441593170166,2.7081723079488356,2.146983573147683,4.233578452454404,4.133810203787308,1.0009747367037272,0.16666666666666666,0.6666666666666666,4.050039818993173,6.4222847336918205,True
D2,24,37,Theta,h1_12,1,ARIMA,7.909605979919434,6.131441593170166,2.2796303563560114,1.9184518680002112,3.570791959995006,3.490543031149582,0.9413678938639845,0.5833333333333334,0.8333333333333334,5.905295808317544,8.93322516680235,True
D2,24,38,Theta,h1,1,ARIMA,7.909605979919434,6.131441593170166,1.9774235327736658,1.6886927117069892,3.3056523486738945,3.361207262075187,0.7696403781999008,0.0,0.0,2.0149539420779394,3.1697592814465674,True
D2,24,38,Theta,h1_6,1,ARIMA,7.909605979919434,6.131441593170166,3.422278984569645,3.034619123548346,5.786078565760466,5.973333327078025,1.2681932849022208,0.0,0.16666666666666666,3.3141047599439815,5.235844877313906,True
D2,24,38,Theta,h1_12,1,ARIMA,7.909605979919434,6.131441593170166,2.404107799511038,2.399009253331251,4.043647088358588,4.159635704992136,0.9435099090170703,0.4166666666666667,0.5833333333333334,4.769904735590636,7.191364146464532,True
D2,24,39,Theta,h1,1,ARIMA,7.909605979919434,6.131441593170166,1.5075191281012417,1.1412864803644363,2.2482613127517923,2.2232688658570328,0.4926055279401981,0.0,1.0,2.1044352076243884,3.3105265885410993,True
D2,24,39,Theta,h1_6,1,ARIMA,7.909605979919434,6.131441593170166,1.6041706681902035,1.3711661114874096,2.3844250283882777,2.3489841363304964,0.616865782004835,0.3333333333333333,0.6666666666666666,2.202479518444703,3.170692702558502,True
D2,24,39,Theta,h1_12,1,ARIMA,7.909605979919434,6.131441593170166,1.834263655193797,1.5311639618047046,2.746289250072523,2.722664886692926,0.6958285679188674,0.25,0.5833333333333334,2.3692910016306983,3.4810171662494858,True
D2,24,40,Theta,h1,1,ARIMA,7.909605979919434,6.131441593170166,1.9156798074548127,1.6514489500429648,3.840467010706595,3.9156567638404924,0.7470576402008373,0.0,0.0,1.9387145307523213,3.049829818708466,True
D2,24,40,Theta,h1_6,1,ARIMA,7.909605979919434,6.131441593170166,0.7093202017795162,0.8468322638060567,1.4096862823009182,1.4279081326953187,0.3984170557412155,0.8333333333333334,0.8333333333333334,3.4683523494399147,5.499877101634136,True
D2,24,40,Theta,h1_12,1,ARIMA,7.909605979919434,6.131441593170166,1.342336860121796,1.4803441981971708,2.578657363384993,2.5446534876140805,0.6412444120121558,0.75,0.9166666666666666,5.057141744137737,7.650182012954098,True
D2,24,41,Theta,h1,1,ARIMA,7.909605979919434,6.131441593170166,1.639184155519217,1.3675010699202677,3.0396467553925595,3.08655696978527,0.6080163364549475,0.0,0.0,1.9460223742922413,3.0613264036462753,True
D2,24,41,Theta,h1_6,1,ARIMA,7.909605979919434,6.131441593170166,1.9527322219207819,1.7681845979890871,3.621828709798553,3.7013485885779316,0.7006775937653592,0.3333333333333333,0.5,3.3649395688677926,5.359518942787192,True
D2,24,41,Theta,h1_12,1,ARIMA,7.909605979919434,6.131441593170166,2.676806976840504,2.460387382557712,4.954751794359643,5.109955648457484,0.8664699911187418,0.4166666666666667,0.5833333333333334,4.891864384040328,7.422198459680647,True
D2,24,42,Theta,h1,1,ARIMA,7.909605979919434,6.131441593170166,0.22393726431877348,0.2010724363774566,0.477772031848324,0.4789160954283122,0.1486435345848272,1.0,1.0,1.8067685678406429,2.842266541066283,True
D2,24,42,Theta,h1_6,1,ARIMA,7.909605979919434,6.131441593170166,0.39052279868826334,0.5963972195326908,0.82135893191172,0.8122434649712631,0.28705323941139577,1.0,1.0,3.1051748094491756,4.945247058691075,True
D2,24,42,Theta,h1_12,1,ARIMA,7.909605979919434,6.131441593170166,0.4391249835635369,0.6283149918194871,0.9231242681022293,0.9127882528717454,0.38183617798713004,1.0,1.0,4.508924387919935,6.84380193543563,True
D2,24,43,Theta,h1,1,ARIMA,7.909605979919434,6.131441593170166,0.21896338176859073,0.17002262080859187,0.23286597516663657,0.23313742403461485,0.17583430719597576,1.0,1.0,2.171129366927299,3.415448402742367,True
D2,24,43,Theta,h1_6,1,ARIMA,7.909605979919434,6.131441593170166,3.2060248735566153,3.0855113461316432,3.500255458686668,3.598175147572233,1.2058801368997576,0.5,0.5,3.8841373543426685,6.159207932475175,True
D2,24,43,Theta,h1_12,1,ARIMA,7.909605979919434,6.131441593170166,2.6268484918340027,2.7016239975219483,2.8637571578142484,2.938299355889425,1.0747850969570167,0.5833333333333334,0.6666666666666666,5.663398700227988,8.567290726915216,True
D2,24,44,Theta,h1,1,ARIMA,7.909605979919434,6.131441593170166,0.04590601999571369,0.03680603605508803,0.09854989793542834,0.09850136143984634,0.15233056781757637,1.0,1.0,1.9868817207826246,3.1255997584292907,True
D2,24,44,Theta,h1_6,1,ARIMA,7.909605979919434,6.131441593170166,0.4076029890561222,0.4316412713047999,0.8757350579872888,0.8728573781875024,0.30841338439915644,1.0,1.0,3.5545247797915804,5.636523127018553,True
D2,24,44,Theta,h1_12,1,ARIMA,7.909605979919434,6.131441593170166,0.4913182966185646,0.5188138511297582,1.0587167234384658,1.052095461582304,0.4284094598292084,1.0,1.0,5.182789864421756,7.8402543368889726,True
D2,24,45,Theta,h1,1,ARIMA,7.909605979919434,6.131441593170166,0.11486144474877882,0.10131299483193175,0.15975598056554952,0.15962847254975768,0.14928565435202226,1.0,1.0,1.8956709621601775,2.982118102125806,True
D2,24,45,Theta,h1_6,1,ARIMA,7.909605979919434,6.131441593170166,1.2961335023076035,1.5417121017751354,1.7853415770548682,1.765677208402673,0.5321049553466015,0.8333333333333334,0.8333333333333334,3.391349630309035,5.377770510827681,True
D2,24,45,Theta,h1_12,1,ARIMA,7.909605979919434,6.131441593170166,4.601519622439552,5.200965466783147,6.105268719885382,5.823415477104521,2.0072548305565725,0.4166666666666667,0.4166666666666667,4.944868026118843,7.480336183879915,True
D2,24,46,Theta,h1,1,ARIMA,7.909605979919434,6.131441593170166,1.8972070096752547,1.572650761377559,3.88737817721541,3.813260253743189,0.6931248256178933,0.0,0.0,1.9161281589815893,3.0143052667376,True
D2,24,46,Theta,h1_6,1,ARIMA,7.909605979919434,6.131441593170166,1.9540459353193358,1.7526776563211597,3.993351616667113,3.9026574495803907,0.7567853728943167,0.3333333333333333,0.6666666666666666,3.4279503995837435,5.435815982740051,True
D2,24,46,Theta,h1_12,1,ARIMA,7.909605979919434,6.131441593170166,2.6405688642759877,2.3454729802582315,5.365057962237,5.205905814124953,1.0006671752486458,0.25,0.8333333333333334,4.99823815854356,7.561071611006626,True
D2,24,47,Theta,h1,1,ARIMA,7.909605979919434,6.131441593170166,0.3384419220608789,0.25931994627033367,0.4913100691185409,0.4901060988121269,0.18433866353422118,1.0,1.0,2.1958962364098715,3.4544075596211132,True
D2,24,47,Theta,h1_6,1,ARIMA,7.909605979919434,6.131441593170166,0.9723966129419197,0.8289157196452062,1.409643830650225,1.401923904827655,0.4155421984435039,0.8333333333333334,1.0,3.928448630568094,6.2294712473711,True
D2,24,47,Theta,h1_12,1,ARIMA,7.909605979919434,6.131441593170166,1.0367003871367322,0.948955918231423,1.5100235961329145,1.5060726024982927,0.5333594618124861,0.9166666666666666,1.0,5.728006495852571,8.665025272004959,True
D2,24,48,Theta,h1,1,ARIMA,7.909605979919434,6.131441593170166,0.6455396192292624,0.5359786773994617,1.0438173021290476,1.0492936564973787,0.23628862741862855,1.0,1.0,2.079216645617331,3.270853307907682,True
D2,24,48,Theta,h1_6,1,ARIMA,7.909605979919434,6.131441593170166,0.9760508232803841,0.8291912685577758,1.5615565565089042,1.56236908728006,0.3851597369395693,1.0,1.0,3.719709085521775,5.898466083838857,True
D2,24,48,Theta,h1_12,1,ARIMA,7.909605979919434,6.131441593170166,1.5457205686362896,1.3770339010709625,2.481438814904792,2.5114789991224313,0.5304849015400893,1.0,1.0,5.423648847660431,8.204607797566629,True
D2,24,49,Theta,h1,1,ARIMA,7.909605979919434,6.131441593170166,1.1745341514236796,1.0225279982819608,2.395763463128119,2.3674047540669716,0.3736288185210698,0.0,1.0,1.868122849267601,2.9387744109973477,True
D2,24,49,Theta,h1_6,1,ARIMA,7.909605979919434,6.131441593170166,3.13030724496996,3.022654402583991,6.242212983478623,6.015232149903985,1.2240061772039432,0.0,0.3333333333333333,3.3420623386233816,5.299620399615622,True
D2,24,49,Theta,h1_12,1,ARIMA,7.909605979919434,6.131441593170166,3.535120708412624,3.267942246735889,7.066418280185823,6.798202486315062,1.3383778785670384,0.0,0.5833333333333334,4.8730056207857055,7.371628301777017,True
D2,24,50,Theta,h1,1,ARIMA,7.909605979919434,6.131441593170166,0.7768292008068809,0.6527888034330062,1.5459466953488137,1.5579895392467464,0.26694180700583114,1.0,1.0,1.8669238516063704,2.936899496704937,True
D2,24,50,Theta,h1_6,1,ARIMA,7.909605979919434,6.131441593170166,1.2021041692514136,1.239015698480014,2.3808894591811236,2.3849808149559113,0.48174490887216387,0.5,1.0,3.31618617886024,5.266446924065719,True
D2,24,50,Theta,h1_12,1,ARIMA,7.909605979919434,6.131441593170166,1.090639899799911,1.1093205020667578,2.1684615378207215,2.1763188100640263,0.516947811394205,0.75,1.0,4.832213269439048,7.317647743019506,True
D2,24,51,Theta,h1,1,ARIMA,7.909605979919434,6.131441593170166,0.9113514539991272,0.6770568702256875,1.9943423991683524,2.014429712093212,0.31709806437996013,1.0,1.0,2.333676595551287,3.6711487112863694,True
D2,24,51,Theta,h1_6,1,ARIMA,7.909605979919434,6.131441593170166,1.5515171233251213,1.334669421272498,3.412646323186489,3.4767790663209586,0.6019693630795871,0.6666666666666666,0.8333333333333334,4.174939633335385,6.62033692479305,True
D2,24,51,Theta,h1_12,1,ARIMA,7.909605979919434,6.131441593170166,1.1129362119031856,1.078337684932433,2.438213680484283,2.480083768474608,0.612543409522002,0.8333333333333334,0.9166666666666666,6.087408900863441,9.208709504131981,True
D2,24,52,Theta,h1,1,ARIMA,7.909605979919434,6.131441593170166,0.5987119915263318,0.49842828017131025,0.9193226022633215,0.9235678864269057,0.21954267035671554,1.0,1.0,1.9427993017083653,3.0562581630789922,True
D2,24,52,Theta,h1_6,1,ARIMA,7.909605979919434,6.131441593170166,1.001584671349099,1.0502525923300479,1.5283870413551437,1.5226644713246058,0.400575875926227,0.8333333333333334,1.0,3.475662924295825,5.511475574303835,True
D2,24,52,Theta,h1_12,1,ARIMA,7.909605979919434,6.131441593170166,1.572810692182956,1.5988284698202953,2.3784372327064265,2.343644121301513,0.6341297656272763,0.75,1.0,5.067808737062406,7.666308356374413,True
D2,24,53,Theta,h1,1,ARIMA,7.909605979919434,6.131441593170166,1.755030464707698,1.3518646003025285,3.0732764559021875,3.121238601437441,0.6425050556225929,0.0,0.0,2.1615541679185744,3.400391777436846,True
D2,24,53,Theta,h1_6,1,ARIMA,7.909605979919434,6.131441593170166,2.421598182632371,2.020684321380491,4.261619123737246,4.371891255164809,0.9130437577655457,0.0,0.3333333333333333,2.359010146422773,3.5020568456753067,True
D2,24,53,Theta,h1_12,1,ARIMA,7.909605979919434,6.131441593170166,2.891830702899405,2.3769891029615846,5.087431572193327,5.240443707912002,1.0875281420466112,0.0,0.25,2.654708672914418,3.927522922019582,True
D2,24,54,Theta,h1,1,ARIMA,7.909605979919434,6.131441593170166,2.390168581455628,1.9339912017929275,4.153667247933208,4.241761578647046,0.9658485711371718,0.0,0.0,2.108454605673895,3.316853816554465,True
D2,24,54,Theta,h1_6,1,ARIMA,7.909605979919434,6.131441593170166,2.8175472891007307,2.320958933152661,4.891944061545702,5.019624956510849,0.96581755754252,0.3333333333333333,0.6666666666666666,3.772020360142646,5.981412601586812,True
D2,24,54,Theta,h1_12,1,ARIMA,7.909605979919434,6.131441593170166,3.078295006484895,2.688775713105943,5.334818092154019,5.507488417256263,1.0095289359310886,0.4166666666666667,0.8333333333333334,5.499916990027395,8.319984029511087,True
D2,24,55,Theta,h1,1,ARIMA,7.909605979919434,6.131441593170166,0.49306920257238757,0.40762100019687886,0.9895428159854639,0.9944631352416679,0.1976457181203736,1.0,1.0,1.8911886489413683,2.975069292861568,True
D2,24,55,Theta,h1_6,1,ARIMA,7.909605979919434,6.131441593170166,2.4399411797952446,2.157061686305981,5.0011285182247205,5.148806177797304,0.924659041763973,0.16666666666666666,0.3333333333333333,2.4799735040019573,3.815420634965136,True
D2,24,55,Theta,h1_12,1,ARIMA,7.909605979919434,6.131441593170166,2.1849482568001393,2.0105213157537034,4.466510998709522,4.594754736080273,0.7985987527393971,0.4166666666666667,0.5833333333333334,3.2540461204526925,4.849544221773702,True
D2,24,56,Theta,h1,1,ARIMA,7.909605979919434,6.131441593170166,1.6758423872473964,1.4653711981879491,3.4037267007371046,3.3467692612583484,0.572749954414173,0.0,0.0,1.9888240006765558,3.1286518998417856,True
D2,24,56,Theta,h1_6,1,ARIMA,7.909605979919434,6.131441593170166,2.2393146684057066,2.137500478620499,4.4924765121583325,4.376808334921361,0.8675486470120798,0.16666666666666666,0.5,3.557993151394079,5.642030192142365,True
D2,24,56,Theta,h1_12,1,ARIMA,7.909605979919434,6.131441593170166,2.587504548001329,2.428572114379491,5.15641581891258,5.009059651916273,1.017061547845466,0.3333333333333333,0.75,5.187850728647061,7.847908997719547,True
D2,24,57,Theta,h1,1,ARIMA,7.909605979919434,6.131441593170166,1.47240260289332,1.1773216649581228,1.8913991551926284,1.909456880849203,0.5266817604642743,0.0,1.0,2.0174719404212436,3.17373294370004,True
D2,24,57,Theta,h1_6,1,ARIMA,7.909605979919434,6.131441593170166,1.3610273624640676,1.1918454856215825,1.7457438333891542,1.764292943473059,0.4505366855458652,0.6666666666666666,1.0,2.913410458766995,4.514533381873818,True
D2,24,57,Theta,h1_12,1,ARIMA,7.909605979919434,6.131441593170166,1.2364894766742298,1.1497096032766092,1.581225845184504,1.5979743872638503,0.4619660669645559,0.8333333333333334,1.0,3.991135958084649,5.9766544285884375,True
D2,24,58,Theta,h1,1,ARIMA,7.909605979919434,6.131441593170166,0.24608100317866674,0.18393777855578824,0.3619736670111598,0.36131972588045774,0.1808221765423461,1.0,1.0,2.2173092232154956,3.488092861114964,True
D2,24,58,Theta,h1_6,1,ARIMA,7.909605979919434,6.131441593170166,2.226205695299453,2.0119365212649205,3.363269885098668,3.4492888528474714,0.757144627883362,0.6666666666666666,0.8333333333333334,3.9667645398388887,6.290224175577685,True
D2,24,58,Theta,h1_12,1,ARIMA,7.909605979919434,6.131441593170166,1.7799278925314217,1.6397697561378504,2.678639607801373,2.735161851180169,0.7230352390279937,0.8333333333333334,0.9166666666666666,5.783873509045994,8.749533151387876,True
D2,24,59,Theta,h1,1,ARIMA,7.909605979919434,6.131441593170166,1.4546769525937422,1.1228250629256968,2.950045032277541,2.9942103085085905,0.5153138100198409,0.0,1.0,2.2140985855051367,3.4830443342610184,True
D2,24,59,Theta,h1_6,1,ARIMA,7.909605979919434,6.131441593170166,2.559904235565498,2.0655856340369683,5.257677238016939,5.414214484721415,0.8140842329448127,0.0,1.0,3.9610164507832506,6.2811132014292115,True
D2,24,59,Theta,h1_12,1,ARIMA,7.909605979919434,6.131441593170166,3.127169043875815,2.506062956808538,6.452996862345277,6.686866323858687,0.9750845192662927,0.25,1.0,5.7754917004839355,8.736859249161888,True
D2,24,60,Theta,h1,1,ARIMA,7.909605979919434,6.131441593170166,0.6373134991494448,0.5014183224927531,1.3066088613990372,1.3152011286450855,0.23469858822232134,1.0,1.0,2.104305809371549,3.3103221896218025,True
D2,24,60,Theta,h1_6,1,ARIMA,7.909605979919434,6.131441593170166,0.7867764388098525,0.736919692771706,1.6171118515109641,1.626105882483389,0.3900478173126245,0.8333333333333334,1.0,3.7645953160173606,5.9696462150777405,True
D2,24,60,Theta,h1_12,1,ARIMA,7.909605979919434,6.131441593170166,0.8731969430312772,0.7907192180508927,1.7996809865566399,1.802104477723364,0.49078822682386763,0.9166666666666666,1.0,5.4890909819638445,8.303616034077212,True
D2,24,61,Theta,h1,1,ARIMA,7.909605979919434,6.131441593170166,2.0033559905873686,1.6207522944684656,2.3643112271879407,2.3925954283548303,0.7754971846203276,0.0,0.0,2.080364960016123,3.272649902503468,True
D2,24,61,Theta,h1_6,1,ARIMA,7.909605979919434,6.131441593170166,1.1553412296252628,1.1952294359772677,1.3620100323366044,1.3773927539319233,0.4911292693896873,0.6666666666666666,0.8333333333333334,3.721756517864731,5.901707178219675,True
D2,24,61,Theta,h1_12,1,ARIMA,7.909605979919434,6.131441593170166,1.908849196754514,1.9982362325777043,2.2517593688646533,2.281993859769932,0.7359265858944495,0.75,0.8333333333333334,5.426625651096172,8.209116391732064,True
D2,24,62,Theta,h1,1,ARIMA,7.909605979919434,6.131441593170166,0.024536828553574006,0.019303056333006254,0.041380755144645946,0.04138931875097014,0.13861158106984345,1.0,1.0,1.8206444544547953,2.864094602965775,True
D2,24,62,Theta,h1_6,1,ARIMA,7.909605979919434,6.131441593170166,1.4309867322131193,1.3249601426377524,2.411661906339661,2.4194821878093147,0.595842347442495,0.3333333333333333,0.5,1.9054721258513436,2.7431201152660853,True
D2,24,62,Theta,h1_12,1,ARIMA,7.909605979919434,6.131441593170166,1.6641702483310448,1.6000976130127793,2.827050579389741,2.872117865247239,0.6352447222346894,0.4166666666666667,0.5,2.0497874757210774,3.0115943751533667,True
D2,24,63,Theta,h1,1,ARIMA,7.909605979919434,6.131441593170166,2.264210528353164,1.8492884592160894,2.8996677039032566,2.942326550263944,0.9274756742208269,0.0,0.0,1.8821171966249604,2.960796243140491,True
D2,24,63,Theta,h1_6,1,ARIMA,7.909605979919434,6.131441593170166,2.0371933765845243,1.8243127946322222,2.605968542868127,2.64732832924128,0.7841454512123958,0.3333333333333333,0.5,3.3670990110577534,5.339320162152625,True
D2,24,63,Theta,h1_12,1,ARIMA,7.909605979919434,6.131441593170166,3.155970270639546,3.1007686431794363,4.068842207313044,4.194328157903559,1.1480116390674993,0.4166666666666667,0.5,4.909509254429499,7.426852211635603,True
D2,24,64,Theta,h1,1,ARIMA,7.909605979919434,6.131441593170166,2.365811491889389,1.8424287600062932,3.3600249495283374,3.304508789632828,0.9221358715644172,0.0,0.0,1.955804006169342,3.0767189074405312,True
D2,24,64,Theta,h1_6,1,ARIMA,7.909605979919434,6.131441593170166,1.16403974431719,1.1867701602850131,1.6624042000759145,1.6393388484188605,0.5062138033527108,0.5,0.8333333333333334,2.7900243536294282,4.301697745738849,True
D2,24,64,Theta,h1_12,1,ARIMA,7.909605979919434,6.131441593170166,1.600969221489861,1.6793158467310285,2.2803613212440816,2.23740060546189,0.6851884093289152,0.5,0.8333333333333334,3.779524458572567,5.670658740536883,True
D2,24,65,Theta,h1,1,ARIMA,7.909605979919434,6.131441593170166,0.6501436007202946,0.5949208379407621,1.1930828405885499,1.2002427859508404,0.22998609425021205,1.0,1.0,1.8025026551188783,2.8355551260766125,True
D2,24,65,Theta,h1_6,1,ARIMA,7.909605979919434,6.131441593170166,2.391819102842746,2.503289247529221,4.491372885768347,4.628711716852452,0.8524189842946374,0.3333333333333333,0.3333333333333333,2.821696615975017,4.480184957541093,True
D2,24,65,Theta,h1_12,1,ARIMA,7.909605979919434,6.131441593170166,2.5571294887760203,2.5182982332208446,4.793714302571556,4.931497287372494,0.843861766967169,0.4166666666666667,0.6666666666666666,4.030847529453777,6.079952330618266,True
D2,24,66,Theta,h1,1,ARIMA,7.909605979919434,6.131441593170166,0.25395159397142875,0.21012653431669956,0.5330384915773988,0.5344629381692275,0.1621359651856675,1.0,1.0,1.9623216525053588,3.086966866269818,True
D2,24,66,Theta,h1_6,1,ARIMA,7.909605979919434,6.131441593170166,1.4534224838835157,1.4782717266421774,2.9968126177642307,2.939433973923746,0.5600275884896749,0.6666666666666666,1.0,3.510587709296399,5.5668578557006345,True
D2,24,66,Theta,h1_12,1,ARIMA,7.909605979919434,6.131441593170166,1.1558023151614658,1.2983681851479192,2.3919249227637978,2.3449638591511013,0.5841290600042618,0.8333333333333334,1.0,5.118728984209026,7.743348751754672,True
D2,24,67,Theta,h1,1,ARIMA,7.909605979919434,6.131441593170166,0.9429204520114846,0.707088398594238,1.5914908294858907,1.5789265935158316,0.300174841841714,1.0,1.0,2.3257104095198806,3.658621071416021,True
D2,24,67,Theta,h1_6,1,ARIMA,7.909605979919434,6.131441593170166,1.1285604238933797,0.9275767519496755,1.9296044386583908,1.9422344797691369,0.45027075442606435,0.8333333333333334,1.0,4.160691632865575,6.5977440498535405,True
D2,24,67,Theta,h1_12,1,ARIMA,7.909605979919434,6.131441593170166,1.5080795922394175,1.3302446100292296,2.571315487199376,2.587383593367888,0.6277790110216406,0.9166666666666666,1.0,6.066636106342017,9.177287428986997,True
D2,24,68,Theta,h1,1,ARIMA,7.909605979919434,6.131441593170166,2.60196211440797,2.119700776725037,4.278598289588062,4.3721312561603725,1.125359161158061,0.0,0.0,1.615321164676775,2.5411023218687654,True
D2,24,68,Theta,h1_6,1,ARIMA,7.909605979919434,6.131441593170166,2.456067676608254,2.009813426704088,4.03044776315974,4.114146289179149,0.9323240579996892,0.0,0.0,2.2027522430113846,3.400995362182927,True
D2,24,68,Theta,h1_12,1,ARIMA,7.909605979919434,6.131441593170166,1.5492483667073038,1.4732668216747562,2.529397544148099,2.570098780076728,0.6288473820153639,0.5,0.5,2.937240471182918,4.404151960356507,True
D2,24,69,Theta,h1,1,ARIMA,7.909605979919434,6.131441593170166,0.8039128059963978,0.6999554200735807,1.807506874530856,1.7913177785349992,0.2557930580177492,1.0,1.0,1.9749362975185834,3.1068151933189276,True
D2,24,69,Theta,h1_6,1,ARIMA,7.909605979919434,6.131441593170166,1.9629038287857632,1.864221191909305,4.346786654850213,4.238319952444891,0.7404719132031835,0.6666666666666666,0.6666666666666666,3.533156725697562,5.602649050998998,True
D2,24,69,Theta,h1_12,1,ARIMA,7.909605979919434,6.131441593170166,1.7522713671509742,1.642764121808822,3.900365978992638,3.8150276426023164,0.7258738399017469,0.8333333333333334,0.8333333333333334,5.15163960696155,7.793129848622884,True
D2,24,70,Theta,h1,1,ARIMA,7.909605979919434,6.131441593170166,0.5003381940770486,0.40244037208901,0.761863396597259,0.7589722307889,0.1972980696696775,1.0,1.0,2.123502006327041,3.340523019605117,True
D2,24,70,Theta,h1_6,1,ARIMA,7.909605979919434,6.131441593170166,3.9799958077351185,4.000656988640105,6.373680943472924,6.7113089419958065,1.5907070183943508,0.3333333333333333,0.5,3.7989435574966177,6.024110536613533,True
D2,24,70,Theta,h1_12,1,ARIMA,7.909605979919434,6.131441593170166,4.819217583613641,4.342475555400125,7.695840240177635,8.089499399865696,1.811283285884675,0.25,0.5,5.539175392692098,8.3793742586398,True
D2,24,71,Theta,h1,1,ARIMA,7.909605979919434,6.131441593170166,0.9391548738519842,0.7274245147944006,1.8877036719603149,1.9056905673685232,0.322907446671469,1.0,1.0,2.263843245061009,3.5612921153356294,True
D2,24,71,Theta,h1_6,1,ARIMA,7.909605979919434,6.131441593170166,2.476868362175549,2.0895863154669523,4.811884400127762,4.685555491134049,0.9253630596262842,0.3333333333333333,0.8333333333333334,4.050008894311129,6.422228657954829,True
D2,24,71,Theta,h1_12,1,ARIMA,7.909605979919434,6.131441593170166,3.5962734392760733,3.0306074365535562,6.918133179646197,6.651675581335025,1.3341307260480373,0.25,0.8333333333333334,5.9052477518730555,8.933148746815956,True
D2,24,72,Theta,h1,1,ARIMA,7.909605979919434,6.131441593170166,0.9117346568817254,0.7549403403091093,1.6682483834710757,1.6544482305403976,0.2872557248463324,1.0,1.0,2.066899375153548,3.251478064532625,True
D2,24,72,Theta,h1_6,1,ARIMA,7.909605979919434,6.131441593170166,2.476386701754745,2.3204271915840318,4.426560038115032,4.310245469548898,0.9646543836484427,0.3333333333333333,0.5,3.697675973303677,5.863524159981075,True
D2,24,72,Theta,h1_12,1,ARIMA,7.909605979919434,6.131441593170166,3.1511618999205853,2.835133015947843,5.8322127816239835,5.920568942559401,1.0819279209477568,0.5,0.6666666666666666,5.39151834617257,8.156004817281445,True
D2,24,73,Theta,h1,1,ARIMA,7.909605979919434,6.131441593170166,1.5462920814961618,1.2469457819328045,2.425430813317807,2.4552054682969766,0.5514974242599056,0.0,1.0,2.1896871477153064,3.4446379745285642,True
D2,24,73,Theta,h1_6,1,ARIMA,7.909605979919434,6.131441593170166,1.4427136458357446,1.4040235354865327,2.270887104917667,2.308837362069611,0.6051942485909474,0.6666666666666666,0.8333333333333334,3.917346440758348,6.211862771706624,True
D2,24,73,Theta,h1_12,1,ARIMA,7.909605979919434,6.131441593170166,1.4638740912609793,1.365943135557313,2.267843271611632,2.2722398119002913,0.6628427547703332,0.8333333333333334,0.9166666666666666,5.711814560700064,8.640533860820183,True
D2,24,74,Theta,h1,1,ARIMA,7.909605979919434,6.131441593170166,0.3119265773502021,0.2601542614500214,0.591010446371715,0.5927620893066818,0.17513528802759595,1.0,1.0,2.016974520937604,3.1729482853762185,True
D2,24,74,Theta,h1_6,1,ARIMA,7.909605979919434,6.131441593170166,2.0220542966058566,2.0731330360876914,3.9164988720985137,4.037035763967704,0.6922700474065386,0.5,0.8333333333333334,3.608365765022748,5.7219067992614105,True
D2,24,74,Theta,h1_12,1,ARIMA,7.909605979919434,6.131441593170166,2.4969151264649727,2.310055498077651,4.819236741050803,4.967334652701771,0.8154083553201644,0.6666666666666666,0.9166666666666666,5.261298494827296,7.959018597572974,True
D2,24,75,Theta,h1,1,ARIMA,7.909605979919434,6.131441593170166,0.39927008542897524,0.3439205992477751,0.7187301381586737,0.7213223186072212,0.18029474621960273,1.0,1.0,1.8630497093334004,2.9307971604773617,True
D2,24,75,Theta,h1_6,1,ARIMA,7.909605979919434,6.131441593170166,0.9787839358863125,1.0009866631247675,1.7736849327326523,1.7962771161177096,0.3571334073390376,0.6666666666666666,0.8333333333333334,2.484180586801557,3.8477221167290523,True
D2,24,75,Theta,h1_12,1,ARIMA,7.909605979919434,6.131441593170166,1.3671192804591843,1.3746277024553861,2.4816267149438285,2.5245910191957015,0.47842079325593073,0.5833333333333334,0.9166666666666666,3.297852159279023,4.941563891702146,True
D2,24,76,Theta,h1,1,ARIMA,7.909605979919434,6.131441593170166,1.5987852818771908,1.2842854718270567,3.031180350857589,2.9859259505061395,0.5316309419574485,0.0,1.0,2.025051713592188,3.1856555994719282,True
D2,24,76,Theta,h1_6,1,ARIMA,7.909605979919434,6.131441593170166,1.145220151880755,1.0189963735329541,2.173776490746653,2.145227316834119,0.4356681656526984,0.3333333333333333,0.8333333333333334,2.327408478705313,3.509775604653714,True
D2,24,76,Theta,h1_12,1,ARIMA,7.909605979919434,6.131441593170166,1.0974043174216443,1.0067425827302208,2.0838241721276565,2.060274586832969,0.4231992544257568,0.5833333333333334,0.8333333333333334,2.7551493743755655,4.125746722734037,True
D2,24,77,Theta,h1,1,ARIMA,7.909605979919434,6.131441593170166,1.2626311296826087,1.108372577010927,2.670201460126713,2.706333741669696,0.446843480206115,0.0,1.0,1.9410978255064049,3.0535802896673396,True
D2,24,77,Theta,h1_6,1,ARIMA,7.909605979919434,6.131441593170166,1.3965701414717584,1.5331270913574957,2.9734546894191767,3.0444875497407637,0.49066141913064537,0.5,1.0,3.472616914358102,5.506646393919287,True
D2,24,77,Theta,h1_12,1,ARIMA,7.909605979919434,6.131441593170166,1.4974370072986163,1.5579305544975979,3.1791720970363895,3.2523225916825127,0.5768876314742526,0.75,1.0,5.063365630361403,7.659598208172174,True
D2,24,78,Theta,h1,1,ARIMA,7.909605979919434,6.131441593170166,1.7846222217647754,1.3348340760412338,2.369896333141049,2.3983151242342466,0.6575504170442383,0.0,0.0,2.1592714430150917,3.396789695634828,True
D2,24,78,Theta,h1_6,1,ARIMA,7.909605979919434,6.131441593170166,1.5702001181113654,1.207363131618903,2.04926227150463,2.0366799450124384,0.5883651073630364,0.6666666666666666,0.8333333333333334,3.8629273352774,6.1255708589965465,True
D2,24,78,Theta,h1_12,1,ARIMA,7.909605979919434,6.131441593170166,1.8097325888665745,1.4724414052601429,2.3954972498433422,2.412542417614712,0.6735503952687261,0.8333333333333334,0.9166666666666666,5.632469536980472,8.520505141944879,True
D2,24,79,Theta,h1,1,ARIMA,7.909605979919434,6.131441593170166,0.926192339881916,0.7437433290875002,1.4022284991729546,1.412129137780496,0.31573724134603787,1.0,1.0,2.13354717440182,3.356333712011747,True
D2,24,79,Theta,h1_6,1,ARIMA,7.909605979919434,6.131441593170166,0.6755909678987553,0.601005194442342,1.0211883424539412,1.0251722765896853,0.3592839428951786,1.0,1.0,3.8169149573357575,6.052610284579289,True
D2,24,79,Theta,h1_12,1,ARIMA,7.909605979919434,6.131441593170166,0.6466037344187391,0.6055751163171607,0.9798644370035109,0.9842880809714929,0.46501704314191133,1.0,1.0,5.565378931696732,8.419013465057242,True
D2,24,80,Theta,h1,1,ARIMA,7.909605979919434,6.131441593170166,0.9897933882830463,0.7901759141504203,1.2181045996333788,1.2255689555429525,0.33531794381414554,0.0,1.0,2.1793373506602163,3.4283590885815527,True
D2,24,80,Theta,h1_6,1,ARIMA,7.909605979919434,6.131441593170166,1.6796436646686435,1.5169176251632028,2.0734317352188882,2.093119080190267,0.5564851252335852,0.5,1.0,3.898831464003873,6.182505986476439,True
D2,24,80,Theta,h1_12,1,ARIMA,7.909605979919434,6.131441593170166,1.4389372376748943,1.413170263541564,1.7774153987672372,1.7954618519830194,0.6300467658956549,0.6666666666666666,1.0,5.684818196987217,8.599699305358545,True
D2,24,81,Theta,h1,1,ARIMA,7.909605979919434,6.131441593170166,0.836201787835591,0.7488528946760493,1.5549661478471846,1.5429698186712661,0.26471414388112374,1.0,1.0,1.972038956474907,3.1022607758416147,True
D2,24,81,Theta,h1_6,1,ARIMA,7.909605979919434,6.131441593170166,1.7621391413212408,1.9151014661134091,3.2247915999035417,3.1510708239441585,0.6782979232698201,0.6666666666666666,0.8333333333333334,3.5279730980573434,5.594426751282016,True
D2,24,81,Theta,h1_12,1,ARIMA,7.909605979919434,6.131441593170166,1.396721046073511,1.5242678870752915,2.568385856874063,2.5211694127383484,0.6507604881839608,0.8333333333333334,0.9166666666666666,5.144080758030531,7.7816973132254095,True
D2,24,82,Theta,h1,1,ARIMA,7.909605979919434,6.131441593170166,0.948020166223336,0.7694706728869499,1.8822441180474114,1.8646950614902014,0.2985730164488484,1.0,1.0,2.142139709940124,3.369837038686967,True
D2,24,82,Theta,h1_6,1,ARIMA,7.909605979919434,6.131441593170166,1.1324009881153612,1.1380479937846804,2.297334256946575,2.3293124254505577,0.43301935607606784,0.8333333333333334,1.0,3.8322785659681897,6.076975081340605,True
D2,24,82,Theta,h1_12,1,ARIMA,7.909605979919434,6.131441593170166,1.1797901725242064,1.1400992174696352,2.3833355160526755,2.408983016887732,0.5373640892464475,0.9166666666666666,1.0,5.5877826262490995,8.452907437791831,True
D2,24,83,Theta,h1,1,ARIMA,7.909605979919434,6.131441593170166,0.6175496130746104,0.46689181277565145,1.145758776943145,1.1392323496253411,0.2102381412575648,1.0,1.0,2.0005461404803726,3.1470950775648587,True
D2,24,83,Theta,h1_6,1,ARIMA,7.909605979919434,6.131441593170166,1.3290257628236146,1.2972496939198097,2.530596409599461,2.5821884938324313,0.49742497558124843,0.6666666666666666,0.8333333333333334,3.2435674509469092,5.1180893879948135,True
D2,24,83,Theta,h1_12,1,ARIMA,7.909605979919434,6.131441593170166,0.8840537173478957,0.9706179182959593,1.6738916429834394,1.6978988907551285,0.4899080950562701,0.8333333333333334,0.9166666666666666,4.655705769761335,7.015690984481227,True
D2,24,84,Theta,h1,1,ARIMA,7.909605979919434,6.131441593170166,0.7516745205466514,0.5800444090803508,0.9531334069031354,0.9486126349402756,0.2486075143207122,1.0,1.0,2.299108181736241,3.616775574383041,True
D2,24,84,Theta,h1_6,1,ARIMA,7.909605979919434,6.131441593170166,4.594023630084324,3.849459815402421,5.651121387106238,5.469815466696726,1.9237951897179215,0.16666666666666666,0.16666666666666666,4.113092258978066,6.522272249680299,True
D2,24,84,Theta,h1_12,1,ARIMA,7.909605979919434,6.131441593170166,3.14797304981737,2.931412183896318,3.8984669531689353,3.801222657960753,1.3825129362507822,0.5833333333333334,0.5833333333333334,5.997234285705034,9.072301045085034,True
D2,24,85,Theta,h1,1,ARIMA,7.909605979919434,6.131441593170166,0.4214763829709606,0.31745512503210527,0.5747462688518211,0.5730993353285135,0.19939016510639246,1.0,1.0,2.334362438137027,3.6722272992342844,True
D2,24,85,Theta,h1_6,1,ARIMA,7.909605979919434,6.131441593170166,1.4476371524642728,1.4723013670550271,2.009626505238553,2.0465136987696853,0.5305788051781068,0.8333333333333334,1.0,4.176162400879,6.622281486914297,True
D2,24,85,Theta,h1_12,1,ARIMA,7.909605979919434,6.131441593170166,4.720180403189994,4.50001085396988,6.768909962296554,7.164665636554658,1.7993028185878008,0.4166666666666667,0.5833333333333334,6.089194431142585,9.211413616979243,True
D2,24,86,Theta,h1,1,ARIMA,7.909605979919434,6.131441593170166,4.061494653213742,3.2496224660171573,6.327594981289171,6.534327882878159,1.7929935613683896,0.0,0.0,2.1867953343542146,3.440089337717411,True
D2,24,86,Theta,h1_6,1,ARIMA,7.909605979919434,6.131441593170166,4.30938095233758,3.50540542795688,6.7234668401763935,6.966286779139826,1.6296863685768086,0.0,0.0,3.912170687665371,6.203658438506077,True
D2,24,86,Theta,h1_12,1,ARIMA,7.909605979919434,6.131441593170166,3.8297635879608456,3.213686207371249,5.955096774399127,6.158108287713163,1.3937661058392554,0.3333333333333333,0.3333333333333333,5.704272353284007,8.629121880820179,True
D2,24,87,Theta,h1,1,ARIMA,7.909605979919434,6.131441593170166,1.3466675224822926,1.1338302730527288,3.2143396703900105,3.1634969024367185,0.4310429094162633,0.0,1.0,2.0821782613252995,3.2755167283185687,True
D2,24,87,Theta,h1_6,1,ARIMA,7.909605979919434,6.131441593170166,1.3927014031029574,1.335646673338019,3.412897049804026,3.451389309629005,0.4884821540461236,0.6666666666666666,1.0,3.7250146976175267,5.906876388290993,True
D2,24,87,Theta,h1_12,1,ARIMA,7.909605979919434,6.131441593170166,2.3307824159904436,2.170574256490914,5.835216549678232,6.034039979569978,0.7527684913059531,0.75,1.0,5.431380186891652,8.21630399214155,True
D2,24,88,Theta,h1,1,ARIMA,7.909605979919434,6.131441593170166,0.7936505110165541,0.6151278680628623,1.3983405518349592,1.3886316520816226,0.2564023415805855,1.0,1.0,2.1853278597234627,3.4377797735614535,True
D2,24,88,Theta,h1_6,1,ARIMA,7.909605979919434,6.131441593170166,1.8450762370268947,1.8057058975659768,3.362208317739948,3.4529472371704397,0.6336031450533921,0.6666666666666666,1.0,3.909541387090433,6.199486211865876,True
D2,24,88,Theta,h1_12,1,ARIMA,7.909605979919434,6.131441593170166,2.6632436202216843,2.458408345494208,4.897534231716496,5.074526125733724,0.9526628144709107,0.5,0.8333333333333334,5.700434462833306,8.623318006385714,True
D2,24,89,Theta,h1,1,ARIMA,7.909605979919434,6.131441593170166,2.0989364970157145,1.7791571250949605,3.51508594727178,3.5779703131085987,0.8252543073069373,0.0,0.0,2.0622497272075844,3.244169138463408,True
D2,24,89,Theta,h1_6,1,ARIMA,7.909605979919434,6.131441593170166,1.9524481896617465,1.80422939767373,3.280150485312684,3.344511798765119,0.6840635174838511,0.3333333333333333,0.8333333333333334,3.6893561706119735,5.850335867208733,True
D2,24,89,Theta,h1_12,1,ARIMA,7.909605979919434,6.131441593170166,1.361841265363424,1.41742601426732,2.2714015295224517,2.2971091058525914,0.6435144785989755,0.6666666666666666,0.9166666666666666,5.3793885801226375,8.137654314271812,True
D2,24,90,Theta,h1,1,ARIMA,7.909605979919434,6.131441593170166,0.6189483248515409,0.48979199322399136,1.472609309754502,1.4618456720242659,0.2184815511986542,1.0,1.0,2.149881179932283,3.3820188093379513,True
D2,24,90,Theta,h1_6,1,ARIMA,7.909605979919434,6.131441593170166,2.7660789888609045,2.426797296086939,6.376250845323632,6.138331998581905,1.0566031815002195,0.16666666666666666,0.6666666666666666,3.846126041936867,6.098929776500309,True
D2,24,90,Theta,h1_12,1,ARIMA,7.909605979919434,6.131441593170166,2.09852906451795,1.9621039534440619,4.877017951192611,4.730809988038034,0.9064834854472547,0.5833333333333334,0.8333333333333334,5.607971066225532,8.483444893221835,True
D2,24,91,Theta,h1,1,ARIMA,7.909605979919434,6.131441593170166,2.7455026830575924,2.166561621143799,5.040985969692421,4.917052018504768,1.1675338379944693,0.0,0.0,1.5391602011464778,2.421281051916075,True
D2,24,91,Theta,h1_6,1,ARIMA,7.909605979919434,6.131441593170166,1.3442225936917138,1.2447270618693547,2.4907747341798436,2.45436766325519,0.5315732227005214,0.5,0.5,1.6108675109237571,2.319007563590076,True
D2,24,91,Theta,h1_12,1,ARIMA,7.909605979919434,6.131441593170166,1.0448069821644608,1.0177820566003537,1.9376045631796461,1.9142723146176277,0.42693501521618826,0.5833333333333334,0.6666666666666666,1.7328709215353149,2.5459735867605957,True
D2,24,92,Theta,h1,1,ARIMA,7.909605979919434,6.131441593170166,1.5395519534678224,1.244771149922496,2.8638982121630194,2.8234675932016664,0.507424332032907,0.0,1.0,2.0513805475252727,3.2270659987578214,True
D2,24,92,Theta,h1_6,1,ARIMA,7.909605979919434,6.131441593170166,0.8058788815580537,0.8303904219722594,1.504274334478617,1.4862491255602102,0.41168579558478646,0.8333333333333334,1.0,3.6699107127433273,5.81949615711785,True
D2,24,92,Theta,h1_12,1,ARIMA,7.909605979919434,6.131441593170166,1.1847141183247785,1.2577835027728363,2.201781865087135,2.16151134014481,0.5990829552431989,0.8333333333333334,1.0,5.3510352520343485,8.094763171638917,True
D2,24,93,Theta,h1,1,ARIMA,7.909605979919434,6.131441593170166,2.0961009252797083,1.5695523703080498,3.57191986514225,3.6368729589882944,0.8519257202034928,0.0,0.0,1.8038963469505835,2.8377423227531957,True
D2,24,93,Theta,h1_6,1,ARIMA,7.909605979919434,6.131441593170166,2.329854973123645,1.8558624148179652,3.9800951954809727,4.072501203853173,0.9182809284248777,0.0,0.16666666666666666,1.9091567410783883,2.744654261815336,True
D2,24,93,Theta,h1_12,1,ARIMA,7.909605979919434,6.131441593170166,2.4679805306122717,2.040638231108669,4.2219850047107235,4.334696595853604,0.9614823201475597,0.08333333333333333,0.3333333333333333,2.059536678858309,3.0171518465135296,True
D2,24,94,Theta,h1,1,ARIMA,7.909605979919434,6.131441593170166,0.6388239912290326,0.5540162008211231,1.0881172193613873,1.094069599211798,0.23069501470208326,1.0,1.0,1.9431204832413773,3.05676161483442,True
D2,24,94,Theta,h1_6,1,ARIMA,7.909605979919434,6.131441593170166,2.384050585867242,2.5275377804387906,4.167341098277713,4.303424194949829,0.9040790189433987,0.5,0.6666666666666666,3.476237903381753,5.512385198130272,True
D2,24,94,Theta,h1_12,1,ARIMA,7.909605979919434,6.131441593170166,2.5896955241697603,2.6848387950486288,4.532028808484522,4.683836799314428,0.9866892895629311,0.5,0.75,5.068643881778858,7.667580428259638,True
D2,24,95,Theta,h1,1,ARIMA,7.909605979919434,6.131441593170166,0.17300936749845988,0.14840808524016305,0.3722869595485808,0.37159525920242514,0.16207871955808442,1.0,1.0,2.0225222752645764,3.1816736510578916,True
D2,24,95,Theta,h1_6,1,ARIMA,7.909605979919434,6.131441593170166,1.304329632499876,1.272683946575883,2.7725704717925623,2.7239657671170416,0.496800080919061,0.6666666666666666,1.0,3.6182951467741247,5.7376458072291205,True
D2,24,95,Theta,h1_12,1,ARIMA,7.909605979919434,6.131441593170166,1.2860818692970468,1.28027828370211,2.7451879255716976,2.701238646204253,0.585400126497903,0.75,1.0,5.275772722636264,7.980913816581638,True
D2,24,96,Theta,h1,1,ARIMA,7.909605979919434,6.131441593170166,0.15608606636447647,0.12607235439733658,0.21885734768703852,0.21861811678106333,0.1585106037003161,1.0,1.0,1.9876633936601258,3.1268298059432422,True
D2,24,96,Theta,h1_6,1,ARIMA,7.909605979919434,6.131441593170166,2.0016451976778953,1.8599341668571356,2.803584161136707,2.793648869812159,0.7349103353548205,0.5,0.6666666666666666,3.4657331640383044,5.509964114388885,True
D2,24,96,Theta,h1_12,1,ARIMA,7.909605979919434,6.131441593170166,1.5739551025829206,1.6040193064498183,2.2206343004816556,2.226254268585631,0.6906489606388313,0.6666666666666666,0.8333333333333334,5.040339902264723,7.64026043244478,True
D2,24,97,Theta,h1,1,ARIMA,7.909605979919434,6.131441593170166,0.2635425976961416,0.22863347629478184,0.4777607585048431,0.4789047680309734,0.15815856246704305,1.0,1.0,1.8710001568438883,2.943307492098032,True
D2,24,97,Theta,h1_6,1,ARIMA,7.909605979919434,6.131441593170166,1.9313428538491841,2.0066762116400745,3.5795650601757316,3.6751173963268013,0.6735018306071187,0.6666666666666666,0.6666666666666666,3.347214144787311,5.307782356655664,True
D2,24,97,Theta,h1_12,1,ARIMA,7.909605979919434,6.131441593170166,1.5891940648168883,1.6872851829175177,2.930310347710317,2.9949450232130745,0.6263454819543822,0.8333333333333334,0.8333333333333334,4.880514255665651,7.38298496885619,True
D2,24,98,Theta,h1,1,ARIMA,7.909605979919434,6.131441593170166,1.583248381798402,1.3430000046017452,3.724776493022651,3.656675007470405,0.5225383072850106,0.0,1.0,2.093606564239831,3.293491635441409,True
D2,24,98,Theta,h1_6,1,ARIMA,7.909605979919434,6.131441593170166,3.475860749895575,3.220653644137026,7.9501043291210785,7.594316516776566,1.4172024730554902,0.16666666666666666,0.3333333333333333,3.7454547221402175,5.939286692430618,True
D2,24,98,Theta,h1_12,1,ARIMA,7.909605979919434,6.131441593170166,3.1320591178725086,2.864469980815254,7.217582161014989,6.930636457589336,1.2381700651720102,0.4166666666666667,0.6666666666666666,5.461183903288044,8.261389564223006,True
D2,24,99,Theta,h1,1,ARIMA,7.909605979919434,6.131441593170166,0.6027029830133587,0.49076790679822824,0.9688713970447973,0.9735878039234628,0.23331808081694305,1.0,1.0,2.176174633687733,3.4233898305324955,True
D2,24,99,Theta,h1_6,1,ARIMA,7.909605979919434,6.131441593170166,0.760936743450499,0.6698770969406846,1.2083355736810082,1.2014597449966893,0.37634452756071757,1.0,1.0,3.893174678343138,6.173534079387281,True
D2,24,99,Theta,h1_12,1,ARIMA,7.909605979919434,6.131441593170166,2.0870933777915837,2.1585587213755066,3.408716830939341,3.4991137205198246,0.7099721347413369,0.9166666666666666,1.0,5.676568421243494,8.587218244846975,True
D2,24,100,Theta,h1,1,ARIMA,7.909605979919434,6.131441593170166,1.3440336905025083,1.1124290678681634,2.323770414182046,2.2970809701944535,0.4280119300971752,0.0,1.0,2.127265782937982,3.3464471143528547,True
D2,24,100,Theta,h1_6,1,ARIMA,7.909605979919434,6.131441593170166,2.04641379426845,1.8789760003893137,3.63732556774305,3.705306418869145,0.6654119147792033,0.5,1.0,3.805674565545748,6.034788829387884,True
D2,24,100,Theta,h1_12,1,ARIMA,7.909605979919434,6.131441593170166,2.629092398924827,2.6185315867143357,4.732263937014222,4.896874175786545,0.9068977372965967,0.5,0.9166666666666666,5.548994033687942,8.394228005452323,True
D2,24,101,Theta,h1,1,ARIMA,7.909605979919434,6.131441593170166,1.4784292457894583,1.2036663486734802,2.939471964676062,2.983318875659512,0.5336081768929066,0.0,0.0,1.8911083627961467,2.9749335340763374,True
D2,24,101,Theta,h1_6,1,ARIMA,7.909605979919434,6.131441593170166,1.059445670171467,1.007714099252373,2.0675014131475105,2.0594218425644515,0.4115582722738395,0.5,0.8333333333333334,2.5681124386786083,3.9689120307851358,True
D2,24,101,Theta,h1_12,1,ARIMA,7.909605979919434,6.131441593170166,0.8947876208779371,0.8581528823906759,1.7433709364478978,1.7329007873970297,0.4002860051872524,0.75,0.9166666666666666,3.423272386792154,5.131651978008922,True
D2,24,102,Theta,h1,1,ARIMA,7.909605979919434,6.131441593170166,0.9858904245222452,0.8068657220315965,1.096372261957321,1.1024155511142817,0.3433331154809453,0.0,1.0,1.7604661292322168,2.769408942934722,True
D2,24,102,Theta,h1_6,1,ARIMA,7.909605979919434,6.131441593170166,1.79748374661324,2.1027546307251455,2.0234149676088626,2.066287976326842,0.6795243727460943,0.6666666666666666,0.8333333333333334,3.149459255632157,4.994205470466996,True
D2,24,102,Theta,h1_12,1,ARIMA,7.909605979919434,6.131441593170166,4.204875996829839,4.138328651229542,4.787670295052999,4.960437518254283,1.63178869739094,0.3333333333333333,0.4166666666666667,4.592175244561104,6.946799332590032,True
D2,24,103,Theta,h1,1,ARIMA,7.909605979919434,6.131441593170166,0.7216225748014715,0.5813632052616043,1.0221896904154015,1.0169918972523646,0.23127726748031555,1.0,1.0,1.8742021904997344,2.9483467982267113,True
D2,24,103,Theta,h1_6,1,ARIMA,7.909605979919434,6.131441593170166,1.7310804038839651,1.684023783049949,2.4375660445196785,2.4147909469767015,0.6838777328484473,0.6666666666666666,0.6666666666666666,3.3529458127892897,5.31687724483849,True
D2,24,103,Theta,h1_12,1,ARIMA,7.909605979919434,6.131441593170166,1.4800996351223599,1.5177564365165928,2.103585936765304,2.1066493160751705,0.6375438436349425,0.8333333333333334,0.8333333333333334,4.8888742648171455,7.39563026895564,True
D2,24,104,Theta,h1,1,ARIMA,7.909605979919434,6.131441593170166,0.6301167874092436,0.5199454811040533,1.1301388425052092,1.1237886564481154,0.20814269696437981,1.0,1.0,1.9224339785827975,3.0242153357764954,True
D2,24,104,Theta,h1_6,1,ARIMA,7.909605979919434,6.131441593170166,0.713318699595574,0.6322801612309135,1.289716239886173,1.2973010399140705,0.3278129653329718,1.0,1.0,3.4392282524672124,5.453696459057072,True
D2,24,104,Theta,h1_12,1,ARIMA,7.909605979919434,6.131441593170166,2.0429419866956504,2.0672393729696963,3.746024362133348,3.85484301521399,0.696540784927366,0.8333333333333334,1.0,5.014683332949995,7.585945392530517,True
D2,24,105,Theta,h1,1,ARIMA,7.909605979919434,6.131441593170166,0.3946302980039611,0.31682021033569,0.7838210900434347,0.7869050539290916,0.1809179503445166,1.0,1.0,1.8859296344256629,2.9667913691146475,True
D2,24,105,Theta,h1_6,1,ARIMA,7.909605979919434,6.131441593170166,0.8103223581015557,0.6693848329083937,1.6134576423319416,1.6177598182445778,0.2696417947298019,0.8333333333333334,1.0,1.973742967909276,2.8415756298261865,True
D2,24,105,Theta,h1_12,1,ARIMA,7.909605979919434,6.131441593170166,1.1529413561183124,1.0471257332844492,2.2853908982445095,2.2693246357991037,0.3991119097677497,0.5833333333333334,0.75,2.123390361554,3.119875548640594,True
D2,24,106,Theta,h1,1,ARIMA,7.909605979919434,6.131441593170166,0.2666665109477084,0.20879326965934902,0.5221084463872404,0.5234749999820565,0.1815387858833189,1.0,1.0,2.2116452040479904,3.4791849043431813,True
D2,24,106,Theta,h1_6,1,ARIMA,7.909605979919434,6.131441593170166,0.6560462880783883,0.6682916822232764,1.290261553903176,1.3040768820942397,0.35097924806639996,1.0,1.0,3.956627885267124,6.274150932688403,True
D2,24,106,Theta,h1_12,1,ARIMA,7.909605979919434,6.131441593170166,0.9095115285579067,0.9259539765602911,1.7687229365448123,1.7768912340975958,0.515949350476044,1.0,1.0,5.769089334450149,8.727175243290867,True
D2,24,107,Theta,h1,1,ARIMA,7.909605979919434,6.131441593170166,0.23032009281275678,0.184555345892939,0.48357487698503737,0.4824084738929407,0.17822262236643885,1.0,1.0,2.1944403434801947,3.4521158840573616,True
D2,24,107,Theta,h1_6,1,ARIMA,7.909605979919434,6.131441593170166,2.0715210165653986,1.950732835271256,4.241457842416234,4.121744560006356,0.7893017489919751,0.3333333333333333,0.8333333333333334,3.9258471182463355,6.225345945329886,True
D2,24,107,Theta,h1_12,1,ARIMA,7.909605979919434,6.131441593170166,2.518116664933106,2.271757638247682,5.146781958694374,4.985474303614859,0.9886164753525164,0.3333333333333333,0.9166666666666666,5.7242120373124985,8.659286266911916,True
D2,24,108,Theta,h1,1,ARIMA,7.909605979919434,6.131441593170166,0.9477494628180323,0.8213345273084671,1.7826853486890781,1.7987180906219469,0.3238527370011706,0.0,1.0,1.964693384339387,3.090701893577727,True
D2,24,108,Theta,h1_6,1,ARIMA,7.909605979919434,6.131441593170166,0.9326533216309957,1.0605305070032678,1.7154908307633439,1.6974182706726504,0.4312130948413167,0.6666666666666666,1.0,3.5148345876868192,5.573591065331411,True
D2,24,108,Theta,h1_12,1,ARIMA,7.909605979919434,6.131441593170166,1.2524842694696419,1.3853960179128861,2.2817308634308904,2.243903488283852,0.6180086277263891,0.75,1.0,5.124922122402188,7.752713948252097,True
D2,24,109,Theta,h1,1,ARIMA,7.909605979919434,6.131441593170166,1.139833386178441,0.9370338959512771,1.3865591558877446,1.3770126086860124,0.36805617295617765,0.0,1.0,1.6901223186928194,2.6587681087694426,True
D2,24,109,Theta,h1_6,1,ARIMA,7.909605979919434,6.131441593170166,3.447182320210982,3.155085746918258,4.318803497953644,4.435661666655428,1.4669088919123607,0.0,0.16666666666666666,1.7688688531355528,2.546466442109445,True
D2,24,109,Theta,h1_12,1,ARIMA,7.909605979919434,6.131441593170166,3.4489115262101966,3.1867512136971734,4.309658061196108,4.4298363811045185,1.4072644535068572,0.08333333333333333,0.16666666666666666,1.9028402814696785,2.7956959932532013,True
D2,24,110,Theta,h1,1,ARIMA,7.909605979919434,6.131441593170166,2.349002556434644,1.8090266713400895,3.3291751743472964,3.274665498930639,0.883875498469321,0.0,0.0,2.1797341798629057,3.428980789714075,True
D2,24,110,Theta,h1_6,1,ARIMA,7.909605979919434,6.131441593170166,2.1174712646507188,1.7571289922350513,3.0833805705192714,3.1046490940616653,0.7391428575025158,0.3333333333333333,0.5,3.2096838443533904,4.981039303470465,True
D2,24,110,Theta,h1_12,1,ARIMA,7.909605979919434,6.131441593170166,2.860871856506384,2.476428834681863,4.258882674604516,4.361247078896969,1.0118459518832854,0.3333333333333333,0.5,4.434608602637395,6.614286032668524,True
D2,24,111,Theta,h1,1,ARIMA,7.909605979919434,6.131441593170166,0.017993567759495423,0.013120348042482608,0.03813581377507438,0.03812854345990987,0.17446721913724986,1.0,1.0,2.3011003544536197,3.6199036784572534,True
D2,24,111,Theta,h1_6,1,ARIMA,7.909605979919434,6.131441593170166,1.193835081692334,1.1176889327823818,2.478352113292444,2.4300783761201985,0.5179359053775602,0.8333333333333334,1.0,4.116662346053343,6.527925302942776,True
D2,24,111,Theta,h1_12,1,ARIMA,7.909605979919434,6.131441593170166,0.9922748524614196,0.8978958572726221,2.074430847170381,2.0489585056839883,0.5761437989114122,0.9166666666666666,1.0,6.002436949551923,9.080165989360488,True
D2,24,112,Theta,h1,1,ARIMA,7.909605979919434,6.131441593170166,0.23367956006738771,0.20082302122975995,0.5805453497118535,0.5822354200395609,0.16419079718349475,1.0,1.0,2.0058302525849894,3.155413095720611,True
D2,24,112,Theta,h1_6,1,ARIMA,7.909605979919434,6.131441593170166,0.24329520939211835,0.259081495418704,0.6005082781820942,0.5991420660905656,0.1983353083040483,1.0,1.0,2.4129410579272648,3.6813270879557507,True
D2,24,112,Theta,h1_12,1,ARIMA,7.909605979919434,6.131441593170166,1.0147380854478607,1.262373355031529,2.442646835020773,2.383494154000056,0.43586916828786976,0.75,0.8333333333333334,3.0198037997063114,4.5071133925311715,True
D2,24,113,Theta,h1,1,ARIMA,7.909605979919434,6.131441593170166,2.4461542858091097,2.1194986287278033,4.284676764982502,4.378478592437453,1.01147858631741,0.0,0.0,1.9462210948583023,3.061633910257158,True
D2,24,113,Theta,h1_6,1,ARIMA,7.909605979919434,6.131441593170166,4.329364368868855,3.8722728501662504,7.717639705259143,8.05074924203779,1.698734225877469,0.0,0.0,3.4817804694427164,5.521171377231785,True
D2,24,113,Theta,h1_12,1,ARIMA,7.909605979919434,6.131441593170166,3.0841046483305337,3.0698076952126145,5.46719566457741,5.674720073916143,1.237657524641123,0.3333333333333333,0.4166666666666667,5.076723275487445,7.679804096655985,True
D2,24,114,Theta,h1,1,ARIMA,7.909605979919434,6.131441593170166,0.7354619670239025,0.5893735038433576,1.2547589317328804,1.246935911869298,0.23932640064309427,1.0,1.0,2.129826699918527,3.3504800357387206,True
D2,24,114,Theta,h1_6,1,ARIMA,7.909605979919434,6.131441593170166,1.3422990501608811,1.3065913676393082,2.34002918535088,2.368170758517925,0.4791280559202276,0.8333333333333334,1.0,3.8102556796205564,6.042056759902851,True
D2,24,114,Theta,h1_12,1,ARIMA,7.909605979919434,6.131441593170166,1.5085714402160566,1.4238985957286008,2.6482983971947385,2.6903135434454035,0.6076156815117842,0.9166666666666666,1.0,5.555675292611467,8.40433486744756,True
D2,24,115,Theta,h1,1,ARIMA,7.909605979919434,6.131441593170166,4.5445607665979,3.7271549006629665,9.154496979930453,9.593620845200377,2.08365102218395,0.0,0.0,1.7349593667298864,2.7292941102107005,True
D2,24,115,Theta,h1_6,1,ARIMA,7.909605979919434,6.131441593170166,2.9276723318107583,2.6353545986742613,5.83525823369456,6.050347103071907,1.2209286065371028,0.16666666666666666,0.3333333333333333,2.06472644616864,3.121650760212923,True
D2,24,115,Theta,h1_12,1,ARIMA,7.909605979919434,6.131441593170166,2.98613435187384,2.5856130108833195,5.933417951707484,6.137936209779421,1.191352487552203,0.08333333333333333,0.25,2.5236932117173105,3.770495826026865,True
D2,24,116,Theta,h1,1,ARIMA,7.909605979919434,6.131441593170166,0.3210492604206429,0.25328546200294305,0.4967270258767956,0.4954963936271003,0.1730213253001734,1.0,1.0,2.0585875898938517,3.238398375700324,True
D2,24,116,Theta,h1_6,1,ARIMA,7.909605979919434,6.131441593170166,1.5964587100997614,1.3784571626981104,2.441347662362409,2.4062860171410927,0.5971421092031663,0.6666666666666666,0.8333333333333334,3.682798241129397,5.839934588550763,True
D2,24,116,Theta,h1_12,1,ARIMA,7.909605979919434,6.131441593170166,2.1291417467620937,1.896991295056153,3.2383410687966845,3.1732200435545095,0.7910212316262842,0.6666666666666666,0.9166666666666666,5.369827305544814,8.123191681003188,True
D2,24,117,Theta,h1,1,ARIMA,7.909605979919434,6.131441593170166,3.065411110856567,2.3276045111686394,5.359980452231499,5.220082744873729,1.2327766567087608,0.0,0.0,2.2495140255480885,3.5387562423886636,True
D2,24,117,Theta,h1_6,1,ARIMA,7.909605979919434,6.131441593170166,1.8903881448136102,1.6728947318239429,3.3286680171948717,3.2559400070786255,0.7366368040936336,0.5,0.6666666666666666,3.417208413366426,5.413398886396558,True
D2,24,117,Theta,h1_12,1,ARIMA,7.909605979919434,6.131441593170166,2.7642127270841677,2.2921480058645796,4.852852122399911,4.71708362962348,1.0192826776762007,0.3333333333333333,0.8333333333333334,4.832925212552084,7.272268519933655,True
D2,24,118,Theta,h1,1,ARIMA,7.909605979919434,6.131441593170166,0.34568178666935157,0.27597419043597776,0.593322996202184,0.5915680415877226,0.1671979099254684,1.0,1.0,1.963178006589401,3.0883164685151705,True
D2,24,118,Theta,h1_6,1,ARIMA,7.909605979919434,6.131441593170166,1.7283707090420102,1.5069233662755122,3.036765207405376,3.0924691990453805,0.5725432660354324,0.5,0.8333333333333334,3.5121203413457125,5.569282821251799,True
D2,24,118,Theta,h1_12,1,ARIMA,7.909605979919434,6.131441593170166,1.7052521243707295,1.4799217993484948,2.955304431103828,2.9612639676712185,0.6221925204245395,0.75,0.9166666666666666,5.120963463369053,7.746725799924275,True
D2,24,119,Theta,h1,1,ARIMA,7.909605979919434,6.131441593170166,0.3682295693372888,0.29889582372934187,0.6783893248331186,0.6760960431419716,0.18333151436215525,1.0,1.0,2.160581589411504,3.3988497177187424,True
D2,24,119,Theta,h1_6,1,ARIMA,7.909605979919434,6.131441593170166,2.214447310590195,2.088590912191964,3.9938216792871044,3.889967347983972,0.8327119908288806,0.3333333333333333,0.6666666666666666,3.865272287226488,6.129290772170779,True
D2,24,119,Theta,h1_12,1,ARIMA,7.909605979919434,6.131441593170166,2.50310342350545,2.2297245633252367,4.523442777467474,4.404293939520398,0.9498415284906263,0.5,0.8333333333333334,5.635887363020379,8.52567723619589,True
D2,24,120,Theta,h1,1,ARIMA,7.909605979919434,6.131441593170166,1.7036777759040782,1.4093012787551755,3.86041494920117,3.787311970460891,0.5790209206978022,0.0,0.0,2.046172683182283,3.218875328002816,True
D2,24,120,Theta,h1_6,1,ARIMA,7.909605979919434,6.131441593170166,1.44811576054466,1.3443547207577677,3.2790277016534475,3.213195330680258,0.5764027427871566,0.5,0.6666666666666666,3.299991727911967,5.211804855243436,True
D2,24,120,Theta,h1_12,1,ARIMA,7.909605979919434,6.131441593170166,1.767649084318369,1.5936337031255803,3.993326478186497,3.901328430127684,0.7077567218573771,0.6666666666666666,0.8333333333333334,4.728722538249701,7.129470690623996,True
D2,24,121,Theta,h1,1,ARIMA,7.909605979919434,6.131441593170166,1.394611602961659,1.1035055548162906,2.3033461348834345,2.330182215886111,0.4916368018757082,0.0,1.0,2.228102926365349,3.505068131917759,True
D2,24,121,Theta,h1_6,1,ARIMA,7.909605979919434,6.131441593170166,0.9698659341311916,0.8001943636326113,1.5902743800954366,1.5990427146142208,0.4189314624410847,0.8333333333333334,1.0,3.986065032567922,6.320833180933616,True
D2,24,121,Theta,h1_12,1,ARIMA,7.909605979919434,6.131441593170166,1.750403969197361,1.7345184565336653,2.796165362434676,2.7488371465437087,0.7430164462105469,0.75,1.0,5.812011831675693,8.792109892381129,True
D2,24,122,Theta,h1,1,ARIMA,7.909605979919434,6.131441593170166,0.19117946874594763,0.15319153977003488,0.22329033570544685,0.2230413208484047,0.17006120329187627,1.0,1.0,2.1150208947328255,3.3271837870108754,True
D2,24,122,Theta,h1_6,1,ARIMA,7.909605979919434,6.131441593170166,0.989714934412987,0.940361718834073,1.1575437437076448,1.159398351269375,0.40600263824392485,0.8333333333333334,1.0,3.783765034036953,6.000045445426791,True
D2,24,122,Theta,h1_12,1,ARIMA,7.909605979919434,6.131441593170166,1.1534806130243807,1.1194952577018515,1.354827517334402,1.3646176895904951,0.5171875376805607,0.9166666666666666,1.0,5.5170480321502575,8.345903093608523,True
D2,24,123,Theta,h1,1,ARIMA,7.909605979919434,6.131441593170166,0.08665761303853635,0.06496550132361918,0.16432059896905113,0.164185703503342,0.17982501815845015,1.0,1.0,2.3215720515684204,3.6521142725417506,True
D2,24,123,Theta,h1_6,1,ARIMA,7.909605979919434,6.131441593170166,1.1550299618252118,1.1418577369080305,2.161773064400731,2.122119312104223,0.5099335230696501,0.8333333333333334,1.0,4.153286363024444,6.586006111105311,True
D2,24,123,Theta,h1_12,1,ARIMA,7.909605979919434,6.131441593170166,1.2413086684632524,1.1702322882377028,2.3326107580136357,2.2915964648086273,0.6384742772792109,0.9166666666666666,1.0,6.055839889016962,9.16095731449093,True
D2,24,124,Theta,h1,1,ARIMA,7.909605979919434,6.131441593170166,0.049003646669621745,0.039679718089867484,0.09599618191301076,0.09604228037410142,0.1663785079613754,1.0,1.0,2.1709530991296395,3.415165706653242,True
D2,24,124,Theta,h1_6,1,ARIMA,7.909605979919434,6.131441593170166,2.7280052938924073,2.5508130935580056,5.132381966585956,4.964398147306422,1.075748914285395,0.16666666666666666,0.5,3.8838212406881203,6.158704694710774,True
D2,24,124,Theta,h1_12,1,ARIMA,7.909605979919434,6.131441593170166,2.410267566000587,2.3238526363616883,4.5288920021783845,4.389623600926173,1.028780603537348,0.4166666666666667,0.75,5.662933221076414,8.566590513258863,True
D2,24,125,Theta,h1,1,ARIMA,7.909605979919434,6.131441593170166,2.58976881103056,2.2056420921167166,4.6957185815990785,4.808618170064002,1.0765827726055752,0.0,0.0,2.007876068949822,3.1586218196764064,True
D2,24,125,Theta,h1_6,1,ARIMA,7.909605979919434,6.131441593170166,1.4698291394664709,1.4737611071672565,2.646303695462602,2.694445680429032,0.6241947282836853,0.5,0.6666666666666666,3.5920761782440724,5.696075857044059,True
D2,24,125,Theta,h1_12,1,ARIMA,7.909605979919434,6.131441593170166,1.564605397297236,1.5387677158274369,2.8071301128542783,2.8585575821598628,0.6370983162503855,0.75,0.8333333333333334,5.237545311791105,7.923085626059652,True
D2,24,126,Theta,h1,1,ARIMA,7.909605979919434,6.131441593170166,1.4306246370733868,1.1452438721466562,2.514860799049927,2.483630869485036,0.4688699494013488,0.0,1.0,1.9658474531803585,3.0925181329960165,True
D2,24,126,Theta,h1_6,1,ARIMA,7.909605979919434,6.131441593170166,1.078768034274012,0.99685082546039,1.8998901106096175,1.8788052369352912,0.47043277449110854,0.5,0.8333333333333334,3.5168990008608034,5.576867514781428,True
D2,24,126,Theta,h1_12,1,ARIMA,7.909605979919434,6.131441593170166,0.9391017894997374,0.8567754141841355,1.6661050491020684,1.6580752187591945,0.5067894695622132,0.75,0.9166666666666666,5.127934429689988,7.757269932199675,True
D2,24,127,Theta,h1,1,ARIMA,7.909605979919434,6.131441593170166,1.288947539618342,1.049267761239779,1.8009260230433346,1.784854072312522,0.40572104977980344,0.0,1.0,2.146800591054043,3.377177346031918,True
D2,24,127,Theta,h1_6,1,ARIMA,7.909605979919434,6.131441593170166,0.8428333812863191,0.8781305503657647,1.1806366412738083,1.173099344383735,0.44098679314251077,0.6666666666666666,1.0,3.8406211872109,6.090202483916397,True
D2,24,127,Theta,h1_12,1,ARIMA,7.909605979919434,6.131441593170166,0.9959776823259493,1.1395806406719236,1.4146749047281153,1.4253075508518107,0.5577284063654971,0.8333333333333334,1.0,5.599950286435094,8.471311022130342,True
D2,24,128,Theta,h1,1,ARIMA,7.909605979919434,6.131441593170166,0.9821115621262505,0.7601442752445075,2.0296645360187657,2.05047340174664,0.33976830264006924,0.0,1.0,1.8525192339712655,2.9142298354725087,True
D2,24,128,Theta,h1_6,1,ARIMA,7.909605979919434,6.131441593170166,0.7803938900534995,0.8325971925835772,1.6188947959138869,1.6416008439160652,0.4099906946568804,0.6666666666666666,0.8333333333333334,3.314147551056123,5.255352192244562,True
D2,24,128,Theta,h1_12,1,ARIMA,7.909605979919434,6.131441593170166,0.6647884980821096,0.6963025432900696,1.3721372667583343,1.383153329188299,0.45902462985042447,0.8333333333333334,0.9166666666666666,4.832303619127929,7.31005525669598,True
D2,24,129,Theta,h1,1,ARIMA,7.909605979919434,6.131441593170166,0.18853542589715355,0.1561650146545421,0.4420576100150623,0.4410826902157832,0.15861816270496137,1.0,1.0,1.965173954711439,3.0914558119887436,True
D2,24,129,Theta,h1_6,1,ARIMA,7.909605979919434,6.131441593170166,0.7044698047571029,0.8216770538251434,1.676851250975915,1.6958995449172176,0.30249448819753005,0.8333333333333334,0.8333333333333334,2.0567304312218404,2.960875371653764,True
D2,24,129,Theta,h1_12,1,ARIMA,7.909605979919434,6.131441593170166,0.7534456881702437,0.7745871274918465,1.7806040785530597,1.7854021248969145,0.30221633309835605,0.8333333333333334,0.9166666666666666,2.2125036335993564,3.2506613928397314,True
D2,24,130,Theta,h1,1,ARIMA,7.909605979919434,6.131441593170166,0.9743599473208546,0.761796841618929,2.0234524849908864,2.04413352024687,0.3305989831361505,0.0,1.0,2.1229495723031873,3.339648586424444,True
D2,24,130,Theta,h1_6,1,ARIMA,7.909605979919434,6.131441593170166,2.075283991609269,1.8720649213427918,4.17108432810179,4.065993340613323,0.7899430064995032,0.16666666666666666,0.8333333333333334,3.7979492985293724,6.022530136487114,True
D2,24,130,Theta,h1_12,1,ARIMA,7.909605979919434,6.131441593170166,3.1033243985158876,2.785674176284168,6.173386440524414,5.939067413066714,1.1768448651441417,0.25,0.75,5.537724630655139,8.377176111716818,True
D2,24,131,Theta,h1,1,ARIMA,7.909605979919434,6.131441593170166,1.5890560794587685,1.394902346773405,2.3380528469442883,2.3657086056466525,0.5834672992917528,0.0,0.0,1.9412803428604877,3.053860870330373,True
D2,24,131,Theta,h1_6,1,ARIMA,7.909605979919434,6.131441593170166,1.6668524162997562,1.5112070414714878,2.427354188469864,2.4433968539082014,0.5649296594586942,0.3333333333333333,0.8333333333333334,3.4729480554169307,5.507160390893736,True
D2,24,131,Theta,h1_12,1,ARIMA,7.909605979919434,6.131441593170166,2.7805796054863343,2.9429461649170534,4.096633071508907,4.215263532894001,0.893208155099927,0.5,0.8333333333333334,5.063841904832544,7.660311015935731,True
D2,24,132,Theta,h1,1,ARIMA,7.909605979919434,6.131441593170166,0.24583818134017632,0.18455498568787165,0.36227666700025885,0.36293407974401115,0.174485803127232,1.0,1.0,2.133430319266303,3.3561452325087013,True
D2,24,132,Theta,h1_6,1,ARIMA,7.909605979919434,6.131441593170166,1.3433144924010165,1.3594960726751513,1.9441671536128806,1.9131986548949154,0.5571891246620096,0.6666666666666666,1.0,3.336923890357914,5.29805542762251,True
D2,24,132,Theta,h1_12,1,ARIMA,7.909605979919434,6.131441593170166,1.0213378242478006,1.101238992711375,1.4833773559274044,1.4646620180131928,0.5506775800872031,0.8333333333333334,1.0,4.766446352456918,7.188447524726753,True
D2,24,133,Theta,h1,1,ARIMA,7.909605979919434,6.131441593170166,1.4748201188987067,1.2246091544630824,1.9222018682277786,1.9408554480689701,0.5288936659773088,0.0,1.0,1.9616762145657036,3.0859534894098175,True
D2,24,133,Theta,h1_6,1,ARIMA,7.909605979919434,6.131441593170166,1.2589275324306306,1.2717207853691603,1.637740446616711,1.6509237875976999,0.5351729308264785,0.5,0.8333333333333334,3.1612122591817435,4.993693523362217,True
D2,24,133,Theta,h1_12,1,ARIMA,7.909605979919434,6.131441593170166,2.1139365361078717,2.189304152967833,2.689143177716875,2.652715090332894,0.8690056126106088,0.5,0.75,4.528522916223219,6.829079295748437,True
D2,24,134,Theta,h1,1,ARIMA,7.909605979919434,6.131441593170166,3.6654384788735292,3.060800915459563,8.351694203032176,8.016919886328079,1.5916407219431148,0.0,0.0,1.8081166578989791,2.8443890376620415,True
D2,24,134,Theta,h1_6,1,ARIMA,7.909605979919434,6.131441593170166,2.7644610580047764,2.4183749227335127,6.35717262224315,6.144159896144977,1.1692474783398483,0.0,0.16666666666666666,1.8923567011323663,2.724242668517511,True
D2,24,134,Theta,h1_12,1,ARIMA,7.909605979919434,6.131441593170166,2.19522571017825,2.025944990103046,5.079494162128956,4.928023122970782,0.8917262388439258,0.16666666666666666,0.25,2.035680865284741,2.9908690884377105,True
D2,24,135,Theta,h1,1,ARIMA,7.909605979919434,6.131441593170166,1.2206761163389557,0.9766819727735804,2.301650083412055,2.275463479870826,0.38257826233245995,0.0,1.0,2.070254853681636,3.2567643594449853,True
D2,24,135,Theta,h1_6,1,ARIMA,7.909605979919434,6.131441593170166,2.835858595556614,2.46209030639879,5.2587653450060206,5.102545850245747,1.0410958002935204,0.0,0.6666666666666666,3.7036837130229197,5.873049332580057,True
D2,24,135,Theta,h1_12,1,ARIMA,7.909605979919434,6.131441593170166,3.390189273180734,2.89649665168756,6.2769216097877445,6.0617198961564975,1.1930694194207994,0.25,0.8333333333333334,5.400277104714705,8.169254313319406,True
D2,24,136,Theta,h1,1,ARIMA,7.909605979919434,6.131441593170166,1.0443691444065102,0.9022587098635071,1.6013165332143178,1.588597297627763,0.3236301643888356,0.0,1.0,1.8541334459332453,2.916771861951929,True
D2,24,136,Theta,h1_6,1,ARIMA,7.909605979919434,6.131441593170166,3.203302562605242,3.242542145433366,5.117999669935038,5.295329570219076,1.2404577825261183,0.16666666666666666,0.5,2.97963404433002,4.710463827148451,True
D2,24,136,Theta,h1_12,1,ARIMA,7.909605979919434,6.131441593170166,2.167988371524035,2.4343376653084015,3.4285849412400675,3.5100240023367637,0.892998172285061,0.5833333333333334,0.75,4.265487938135414,6.435765597150964,True
D2,24,137,Theta,h1,1,ARIMA,7.909605979919434,6.131441593170166,0.8272934121066873,0.6704219199374383,1.0770645473315708,1.0712952765212467,0.2620541106746633,1.0,1.0,1.9607404571309144,3.084488420425893,True
D2,24,137,Theta,h1_6,1,ARIMA,7.909605979919434,6.131441593170166,2.3106475987877824,2.2828138631757313,3.077616324480462,3.1490422931707127,0.7519552909379813,0.6666666666666666,0.8333333333333334,3.5077600654808583,5.562373907771582,True
D2,24,137,Theta,h1_12,1,ARIMA,7.909605979919434,6.131441593170166,3.9677395892357668,3.6293374645859675,5.3199795767249345,5.507307394878403,1.2734415114849718,0.3333333333333333,0.75,5.11460868698222,7.737113763452726,True
D2,24,138,Theta,h1,1,ARIMA,7.909605979919434,6.131441593170166,0.19401235249479154,0.1453568455095533,0.32418666810972635,0.32471300624766297,0.17440222489424761,1.0,1.0,2.1705221909270063,3.4144851940074257,True
D2,24,138,Theta,h1_6,1,ARIMA,7.909605979919434,6.131441593170166,1.172744079723228,1.0590394498739724,1.9826695041992641,2.0116672804944677,0.4304458369151682,0.8333333333333334,1.0,3.883050125660735,6.157480196506371,True
D2,24,138,Theta,h1_12,1,ARIMA,7.909605979919434,6.131441593170166,0.8899668291732725,0.8322992349908382,1.4953168838165385,1.50870459116327,0.5126530808677177,0.9166666666666666,1.0,5.66180942478714,8.564891315960896,True
D2,24,139,Theta,h1,1,ARIMA,7.909605979919434,6.131441593170166,2.541667325945171,1.9237486715757885,3.3628504971513733,3.4203613159095925,1.0261367177347087,0.0,0.0,2.250656647502892,3.5405441682525116,True
D2,24,139,Theta,h1_6,1,ARIMA,7.909605979919434,6.131441593170166,2.0350710826674603,1.9432959443040616,2.6914638916243545,2.7511445957630705,0.7536508421143043,0.6666666666666666,0.6666666666666666,3.6207124380033537,5.722478691274685,True
D2,24,139,Theta,h1_12,1,ARIMA,7.909605979919434,6.131441593170166,4.133914469337151,3.645353331376016,5.518612244704172,5.735518814943714,1.4704057687506826,0.3333333333333333,0.5,5.184545217375726,7.821375159009221,True
D2,24,140,Theta,h1,1,ARIMA,7.909605979919434,6.131441593170166,1.7595368852734758,1.4142471965890229,3.3151871602916287,3.2611308644424764,0.5981654021000193,0.0,0.0,2.112062296409471,3.322530384949971,True
D2,24,140,Theta,h1_6,1,ARIMA,7.909605979919434,6.131441593170166,2.1253125358819034,1.7337715306671637,3.983519068639347,3.9035588215100807,0.7861538386777728,0.3333333333333333,0.6666666666666666,3.778476667450528,5.991657642891851,True
D2,24,140,Theta,h1_12,1,ARIMA,7.909605979919434,6.131441593170166,1.5729128936133723,1.394417424174722,2.9606424717593103,2.916697732171217,0.7086799765648883,0.6666666666666666,0.8333333333333334,5.509333614824591,8.334235318974535,True
D2,24,141,Theta,h1,1,ARIMA,7.909605979919434,6.131441593170166,1.032856864820105,0.935785602734447,2.349779887409281,2.3777154268492464,0.3596960985766198,0.0,1.0,1.8439856077968062,2.900808535865683,True
D2,24,141,Theta,h1_6,1,ARIMA,7.909605979919434,6.131441593170166,1.6349021200108598,1.5290548652937441,3.7387560246660527,3.815015694451778,0.5256466909625622,0.3333333333333333,1.0,3.2988818303491882,5.231147701478735,True
D2,24,141,Theta,h1_12,1,ARIMA,7.909605979919434,6.131441593170166,1.0924696121169553,1.1787435981008476,2.4896640487327732,2.5347523389165563,0.5109923903439759,0.6666666666666666,1.0,4.810045242906706,7.27638684085673,True
D2,24,142,Theta,h1,1,ARIMA,7.909605979919434,6.131441593170166,1.4549782275519914,1.1988689256645189,2.8678907229884585,2.82734809611098,0.4707890871053995,0.0,1.0,2.1355338251867546,3.3594509723026,True
D2,24,142,Theta,h1_6,1,ARIMA,7.909605979919434,6.131441593170166,1.7303941038278,1.5530370085177714,3.3965605159724888,3.3298879100760925,0.6644340474861823,0.3333333333333333,0.8333333333333334,3.820462214008485,6.058238562809823,True
D2,24,142,Theta,h1_12,1,ARIMA,7.909605979919434,6.131441593170166,1.5912913651712497,1.444114994966452,3.1347921997525017,3.0766796008372492,0.6883047014268172,0.6666666666666666,0.9166666666666666,5.570551919183056,8.426843098554988,True
D2,24,143,Theta,h1,1,ARIMA,7.909605979919434,6.131441593170166,0.8632036542227787,0.6668117233368576,1.7098579951753863,1.7246021187818639,0.29884903616871045,0.0,1.0,1.6186725421446697,2.546367696462924,True
D2,24,143,Theta,h1_6,1,ARIMA,7.909605979919434,6.131441593170166,1.5030466086497196,1.337053400456082,3.0065514584778628,3.0682313923687827,0.5777285087514493,0.3333333333333333,0.5,1.694090249087666,2.4388136477886615,True
D2,24,143,Theta,h1_12,1,ARIMA,7.909605979919434,6.131441593170166,1.2001805854446443,1.1237785675283094,2.391977282269296,2.435202268537494,0.4398172935150733,0.5,0.6666666666666666,1.8223974198312807,2.677504765732719,True
D2,24,144,Theta,h1,1,ARIMA,7.909605979919434,6.131441593170166,1.7340072571453082,1.4691402605072479,3.075981893340232,3.12402917928903,0.668302442935761,0.0,0.0,1.827606795122209,2.875044197601854,True
D2,24,144,Theta,h1_6,1,ARIMA,7.909605979919434,6.131441593170166,1.3651384215993578,1.246629114913884,2.3734758439020647,2.357125629005565,0.5031844875855532,0.16666666666666666,0.6666666666666666,2.201969843806016,3.35630727752696,True
D2,24,144,Theta,h1_12,1,ARIMA,7.909605979919434,6.131441593170166,1.3097928424605914,1.29271581499986,2.27479712268218,2.250470466983606,0.5018806546541521,0.4166666666666667,0.75,2.758480456136094,4.115061697040291,True
D2,24,145,Theta,h1,1,ARIMA,7.909605979919434,6.131441593170166,0.6013886835658273,0.44653430425831087,1.0308445585450547,1.0255586010283588,0.21958041144636245,1.0,1.0,2.224923269625372,3.5000586796570645,True
D2,24,145,Theta,h1_6,1,ARIMA,7.909605979919434,6.131441593170166,1.6969498689061109,1.3935276617731467,2.979598226243521,3.0252115735265432,0.5518360944015268,0.6666666666666666,1.0,3.9187463443060206,6.228524796011487,True
D2,24,145,Theta,h1_12,1,ARIMA,7.909605979919434,6.131441593170166,2.441410253138949,1.9892580785670122,4.350762795939804,4.464123028210606,0.7945813847092175,0.6666666666666666,1.0,5.706203670673913,8.647631913239383,True
D2,24,146,Theta,h1,1,ARIMA,7.909605979919434,6.131441593170166,0.9451862773784468,0.7795826469907234,1.7993612531344627,1.7833170947229784,0.29283061411303707,1.0,1.0,1.8408783622322789,2.895924899353923,True
D2,24,146,Theta,h1_6,1,ARIMA,7.909605979919434,6.131441593170166,0.7490011308113985,0.7055340980104596,1.4347592239644527,1.427682649359464,0.3237584740454395,1.0,1.0,3.047414602568909,4.821657500638733,True
D2,24,146,Theta,h1_12,1,ARIMA,7.909605979919434,6.131441593170166,1.1567579558072576,1.1855150601185913,2.2004568897136796,2.167327196284467,0.5012065023641318,0.9166666666666666,1.0,4.385960466153049,6.6257165256143455,True
D2,24,147,Theta,h1,1,ARIMA,7.909605979919434,6.131441593170166,1.5263819164762378,1.28427317337339,2.7323803492832757,2.6955539559844524,0.5196645353363641,0.0,0.0,1.8264907749780186,2.87329367175011,True
D2,24,147,Theta,h1_6,1,ARIMA,7.909605979919434,6.131441593170166,1.515373432587161,1.3519359177410177,2.7520269157084187,2.760817087031473,0.5238454088354564,0.5,0.6666666666666666,2.6998410661990317,4.1926227219822,True
D2,24,147,Theta,h1_12,1,ARIMA,7.909605979919434,6.131441593170166,1.3598555569212334,1.2761019887871112,2.448345960494511,2.4419404837635756,0.5236808647872945,0.6666666666666666,0.8333333333333334,3.7360702388889715,5.568426060621324,True
D2,24,148,Theta,h1,1,ARIMA,7.909605979919434,6.131441593170166,1.3643136656526313,1.0848050519752417,2.3327315863203517,2.360260861639867,0.4830412662420287,0.0,1.0,2.0880718843934893,3.284787279403492,True
D2,24,148,Theta,h1_6,1,ARIMA,7.909605979919434,6.131441593170166,2.6384129825969302,2.3326159787068317,4.568487470744232,4.7024866572526,0.8940468619295455,0.16666666666666666,0.6666666666666666,3.422989304886903,5.403223096559657,True
D2,24,148,Theta,h1_12,1,ARIMA,7.909605979919434,6.131441593170166,3.4068358334201014,2.9766676835128645,5.921569993655015,6.143627629544739,1.145737480865619,0.25,0.6666666666666666,4.925123118003638,7.420797827604158,True
D2,24,149,Theta,h1,1,ARIMA,7.909605979919434,6.131441593170166,0.7343022926748183,0.5466577434347869,1.2886519928625595,1.2804020297261998,0.23902525346014036,1.0,1.0,2.1311307533040953,3.3525258422549085,True
D2,24,149,Theta,h1_6,1,ARIMA,7.909605979919434,6.131441593170166,0.3501967715265558,0.3400532448128165,0.6185595140523237,0.619047917630464,0.3087285358563469,1.0,1.0,3.647460145716735,5.804643518768085,True
D2,24,149,Theta,h1_12,1,ARIMA,7.909605979919434,6.131441593170166,0.6217158762026581,0.6495774960806394,1.1006962267145801,1.107253173707587,0.44712208968024514,1.0,1.0,5.288791814459523,8.028139853601779,True
D2,24,150,Theta,h1,1,ARIMA,7.909605979919434,6.131441593170166,2.731014152143275,2.1871301215304464,3.929008205826033,3.853309777155858,1.075230988584264,0.0,0.0,2.1771147463221814,3.424862701544217,True
D2,24,150,Theta,h1_6,1,ARIMA,7.909605979919434,6.131441593170166,3.3911204548517313,3.013548761088137,5.1007265921272795,5.242622090506615,1.227147899289815,0.16666666666666666,0.3333333333333333,3.8948528681467796,6.176196346061313,True
D2,24,150,Theta,h1_12,1,ARIMA,7.909605979919434,6.131441593170166,3.616260297794442,3.2151276074995794,5.4604285343812515,5.640367003343369,1.3036993037399935,0.3333333333333333,0.5,5.6790180762122136,8.590921076035485,True
D2,24,151,Theta,h1,1,ARIMA,7.909605979919434,6.131441593170166,0.2172676001481164,0.17940413548785844,0.461780692174257,0.46071694123415946,0.17417384906768218,1.0,1.0,2.150349729532354,3.382763816557866,True
D2,24,151,Theta,h1_6,1,ARIMA,7.909605979919434,6.131441593170166,1.626671748184519,1.6560064400983292,3.545977405177777,3.642637406464843,0.5642726237845527,0.6666666666666666,1.0,3.8469705792082363,6.1002725756505765,True
D2,24,151,Theta,h1_12,1,ARIMA,7.909605979919434,6.131441593170166,1.2262397529430573,1.325009872006398,2.6332232920139966,2.6698452503428225,0.5977710544853178,0.8333333333333334,1.0,5.609204482220231,8.485311441539928,True
D2,24,152,Theta,h1,1,ARIMA,7.909605979919434,6.131441593170166,0.05610896268709189,0.04709779198160459,0.11482609425704057,0.11476020692535373,0.15318541772425956,1.0,1.0,1.9907009365921062,3.131617574356882,True
D2,24,152,Theta,h1_6,1,ARIMA,7.909605979919434,6.131441593170166,1.9838785686943403,1.915633662126119,4.164929118244381,4.283797221110405,0.632196940607668,0.3333333333333333,1.0,3.5613618686309194,5.647372619870096,True
D2,24,152,Theta,h1_12,1,ARIMA,7.909605979919434,6.131441593170166,1.2937479268641052,1.4437792937753342,2.70501498074094,2.7721998252009734,0.5883012213042311,0.6666666666666666,1.0,5.192763666701516,7.8553432053944245,True
D2,24,153,Theta,h1,1,ARIMA,7.909605979919434,6.131441593170166,0.49673295366506875,0.4321272940268609,1.2023179446592984,1.1951332936333225,0.1828331158236101,1.0,1.0,1.8650351355968973,2.933921827925124,True
D2,24,153,Theta,h1_6,1,ARIMA,7.909605979919434,6.131441593170166,1.176595922616015,1.1928586478464693,2.813733418513165,2.761691943151343,0.48565295318117513,0.6666666666666666,0.8333333333333334,3.336537621225644,5.290857595167722,True
D2,24,153,Theta,h1_12,1,ARIMA,7.909605979919434,6.131441593170166,1.0595663016535624,1.1230667405216508,2.537162245661054,2.4907143772932905,0.5441720479642081,0.8333333333333334,0.9166666666666666,4.86495126427414,7.3594423716898225,True
D2,24,154,Theta,h1,1,ARIMA,7.909605979919434,6.131441593170166,0.1324737036503557,0.11402541485843597,0.24522396293397897,0.2455250060088434,0.14457692917955475,1.0,1.0,1.820226672081434,2.8634372093430467,True
D2,24,154,Theta,h1_6,1,ARIMA,7.909605979919434,6.131441593170166,1.2803311500718053,1.3854066659843003,2.3291620182013717,2.2874779975516892,0.5589322206846715,0.5,0.8333333333333334,3.256381337879744,5.163758828805374,True
D2,24,154,Theta,h1_12,1,ARIMA,7.909605979919434,6.131441593170166,1.8361406559599014,1.9112774023992836,3.3320634644766525,3.253615215061858,0.7700273417696162,0.5833333333333334,0.9166666666666666,4.748078606375788,7.18264376321129,True
D2,24,155,Theta,h1,1,ARIMA,7.909605979919434,6.131441593170166,2.3270226528464657,1.8593632412966523,3.3287169316764897,3.385056404518493,0.9321644406858199,0.0,0.0,2.1278615636596507,3.3473800345012186,True
D2,24,155,Theta,h1_6,1,ARIMA,7.909605979919434,6.131441593170166,4.71755029465275,4.084317341187781,6.879900824208956,7.17271202404415,1.837603502860328,0.0,0.0,3.806736980119873,6.036464639888897,True
D2,24,155,Theta,h1_12,1,ARIMA,7.909605979919434,6.131441593170166,4.397916739157084,3.757264162973751,6.37111346081673,6.61491939197144,1.594981280285681,0.25,0.3333333333333333,5.550539594319899,8.396560949604597,True
D2,24,156,Theta,h1,1,ARIMA,7.909605979919434,6.131441593170166,0.456498171382704,0.383005383248299,0.743125711966308,0.7403747543839407,0.18747301360604832,1.0,1.0,2.0765561343161782,3.2666626593203776,True
D2,24,156,Theta,h1_6,1,ARIMA,7.909605979919434,6.131441593170166,1.3869541293269891,1.3709437500910782,2.255115189030152,2.2526444547383715,0.5437016454212412,0.6666666666666666,1.0,3.714945385270279,5.890909544525808,True
D2,24,156,Theta,h1_12,1,ARIMA,7.909605979919434,6.131441593170166,1.2051294563582469,1.2330079400506742,1.9580855270476663,1.9591736013792629,0.5882135287705821,0.8333333333333334,1.0,5.416698373980981,8.194097579028648,True
D2,24,157,Theta,h1,1,ARIMA,7.909605979919434,6.131441593170166,0.3744976225610665,0.317329537658162,0.7720755318685286,0.7750675854599187,0.18339339369486835,1.0,1.0,1.9814308870500374,3.1170281586993496,True
D2,24,157,Theta,h1_6,1,ARIMA,7.909605979919434,6.131441593170166,1.44595513780143,1.3382035423734158,2.9530567414744633,2.935775883362274,0.5297192828176983,0.6666666666666666,1.0,3.5447735850926296,5.621065404119233,True
D2,24,157,Theta,h1_12,1,ARIMA,7.909605979919434,6.131441593170166,1.7459017101771088,1.6098590468854104,3.5341016992602734,3.4790290373125763,0.691171380883266,0.75,1.0,5.16857161034811,7.818752936911597,True
D2,24,158,Theta,h1,1,ARIMA,7.909605979919434,6.131441593170166,0.5607678521844125,0.4362907369791045,1.1274003180429741,1.133791502545797,0.2321274224285321,1.0,1.0,2.271153983777448,3.572791859334366,True
D2,24,158,Theta,h1_6,1,ARIMA,7.909605979919434,6.131441593170166,1.027304556655203,0.8582088789408584,2.0402647667493405,2.0294389457240727,0.4377107068037142,1.0,1.0,4.063080085126598,6.442960161705045,True
D2,24,158,Theta,h1_12,1,ARIMA,7.909605979919434,6.131441593170166,0.8561805754080095,0.7811266061080306,1.7062941168481849,1.7044709943427359,0.5305302661810615,1.0,1.0,5.924308450222909,8.961987203601424,True
D2,24,159,Theta,h1,1,ARIMA,7.909605979919434,6.131441593170166,2.256895909738945,1.9142286344309805,3.7406723224526615,3.671993696508904,0.8550952984196738,0.0,0.0,2.0501940957205105,3.225198339125503,True
D2,24,159,Theta,h1_6,1,ARIMA,7.909605979919434,6.131441593170166,1.3298955873721592,1.3444650306103836,2.211348284001097,2.178589416100909,0.5903238193383202,0.5,0.6666666666666666,3.6677884098456657,5.81613151669086,True
D2,24,159,Theta,h1_12,1,ARIMA,7.909605979919434,6.131441593170166,1.6444603349647495,1.641986652694293,2.774680819094616,2.778939713704615,0.6803829916085683,0.75,0.8333333333333334,5.3479405959401465,8.090078208974075,True
D2,24,160,Theta,h1,1,ARIMA,7.909605979919434,6.131441593170166,0.21664681688895296,0.1755689648190453,0.36116591064541065,0.3605148822167255,0.17361447349465597,1.0,1.0,2.1433931267174944,3.371802480103146,True
D2,24,160,Theta,h1_6,1,ARIMA,7.909605979919434,6.131441593170166,0.5414592051596715,0.5457394352508533,0.8976966674816879,0.8916304946691279,0.33950446722378824,1.0,1.0,3.8345143726570483,6.08051931654086,True
D2,24,160,Theta,h1_12,1,ARIMA,7.909605979919434,6.131441593170166,0.8076591412769876,0.7742358880211374,1.3450765866692738,1.342812636186875,0.4812163059025303,1.0,1.0,5.591043726316799,8.457836725525926,True
D2,24,161,Theta,h1,1,ARIMA,7.909605979919434,6.131441593170166,0.13725165044934626,0.10296421011466335,0.22917724745851964,0.22891493698272042,0.1586149380287668,1.0,1.0,2.0029229397457855,3.1508357104670237,True
D2,24,161,Theta,h1_6,1,ARIMA,7.909605979919434,6.131441593170166,2.2158163266364532,1.9853472859231467,3.806013454741328,3.9133329144001423,0.7725998077587033,0.3333333333333333,0.6666666666666666,3.2646089735886124,5.150671895059137,True
D2,24,161,Theta,h1_12,1,ARIMA,7.909605979919434,6.131441593170166,1.7771229971083382,1.6279330289918954,3.037819263094595,3.1074067410457396,0.6730467639432023,0.6666666666666666,0.8333333333333334,4.6925948792168874,7.070004469822455,True
D2,24,162,Theta,h1,1,ARIMA,7.909605979919434,6.131441593170166,0.6308593738603552,0.46553277589918146,1.0276007565452847,1.0329078409392385,0.24016215777973432,1.0,1.0,2.211410335900707,3.4788147952230206,True
D2,24,162,Theta,h1_6,1,ARIMA,7.909605979919434,6.131441593170166,2.1542881225116632,2.0520218355281483,3.388078130079967,3.2984169340623426,0.8664479604832643,0.5,0.8333333333333334,3.9562044585105682,6.27348381469349,True
D2,24,162,Theta,h1_12,1,ARIMA,7.909605979919434,6.131441593170166,1.5107176775095803,1.525975500707258,2.393160740701544,2.3483152407859698,0.7509447338924319,0.75,0.9166666666666666,5.7684736722383,8.726246985971878,True
D2,24,163,Theta,h1,1,ARIMA,7.909605979919434,6.131441593170166,2.6654192496961517,2.136894930908577,3.601950479940571,3.668010439760177,1.1207916764286892,0.0,0.0,1.9491685048350444,3.066273233946395,True
D2,24,163,Theta,h1_6,1,ARIMA,7.909605979919434,6.131441593170166,0.9752944279919096,1.0739238340113433,1.3138778580863426,1.33045754290418,0.4755705294169123,0.8333333333333334,0.8333333333333334,3.4870541951510923,5.529534371073409,True
D2,24,163,Theta,h1_12,1,ARIMA,7.909605979919434,6.131441593170166,2.41176679426663,2.486482749003178,3.319519376278162,3.414594242099886,0.9200847251799923,0.5833333333333334,0.6666666666666666,5.084413580714891,7.691432869121298,True
D2,24,164,Theta,h1,1,ARIMA,7.909605979919434,6.131441593170166,0.651795418237045,0.539125138563528,1.219193117076799,1.2118059894688349,0.212924092282336,1.0,1.0,1.937591160024918,3.0480588698635156,True
D2,24,164,Theta,h1_6,1,ARIMA,7.909605979919434,6.131441593170166,3.3126314476309333,2.953435037877938,6.026989291119351,5.824127185877578,1.3528045602080532,0.16666666666666666,0.16666666666666666,3.177841268235088,5.016866267259307,True
D2,24,164,Theta,h1_12,1,ARIMA,7.909605979919434,6.131441593170166,2.74974280329495,2.673556947378848,5.0131596853247276,4.847659708131541,1.1631185554177712,0.3333333333333333,0.5,4.57276052194987,6.890231439342097,True
D2,24,165,Theta,h1,1,ARIMA,7.909605979919434,6.131441593170166,1.1477520609177605,0.9857811732276334,2.00047477741895,2.0206864386872825,0.40098433085123025,0.0,1.0,1.9930686945713516,3.1353318814405364,True
D2,24,165,Theta,h1_6,1,ARIMA,7.909605979919434,6.131441593170166,3.7875016092843796,3.5490429237472925,6.782711239716578,7.070655416584022,1.4539251038391303,0.0,0.16666666666666666,3.3798628955658794,5.37168683612201,True
D2,24,165,Theta,h1_12,1,ARIMA,7.909605979919434,6.131441593170166,4.370917709064429,3.9599488614804503,7.833070684852987,8.192260925361973,1.6096148639668078,0.08333333333333333,0.25,4.885961225764432,7.416159872030488,True
D2,24,166,Theta,h1,1,ARIMA,7.909605979919434,6.131441593170166,0.5510526710861774,0.3948487553338225,0.7727385403205991,0.7757357448563732,0.24263034830918764,1.0,1.0,2.4696929796913145,3.8851250234955854,True
D2,24,166,Theta,h1_6,1,ARIMA,7.909605979919434,6.131441593170166,1.1176840778355785,0.9531659820730338,1.5510212301704638,1.5372915272916297,0.49234681062462077,1.0,1.0,4.418278150554853,7.006207382825235,True
D2,24,166,Theta,h1_12,1,ARIMA,7.909605979919434,6.131441593170166,1.360669961172137,1.1426346260502447,1.888824683091141,1.8664280529327777,0.6514918880236347,1.0,1.0,6.442216301279828,9.745447150031872,True
D2,24,167,Theta,h1,1,ARIMA,7.909605979919434,6.131441593170166,0.8657165594542019,0.7035442465035616,1.5790396857789772,1.5666705112201955,0.2760554599214215,1.0,1.0,2.163119729361341,3.4028537949132387,True
D2,24,167,Theta,h1_6,1,ARIMA,7.909605979919434,6.131441593170166,1.6541933602163457,1.5221985711346877,3.080826389344765,3.132783669234549,0.5267249720006196,0.8333333333333334,1.0,3.869820417761241,6.136505473674091,True
D2,24,167,Theta,h1_12,1,ARIMA,7.909605979919434,6.131441593170166,1.8619283820547117,1.6986767897176989,3.4523621670182423,3.5050173709442545,0.65814288910982,0.9166666666666666,1.0,5.642520467415618,8.535713857335686,True
D2,24,168,Theta,h1,1,ARIMA,7.909605979919434,6.131441593170166,1.4768293479322976,1.1811615653709744,2.9771438645079655,2.9334769499912556,0.4861053098203015,0.0,1.0,1.9823178673342912,3.1184240961771215,True
D2,24,168,Theta,h1_6,1,ARIMA,7.909605979919434,6.131441593170166,0.7947252850237314,0.7764136212325473,1.6131367765365283,1.5984345007963596,0.39591350061724734,0.6666666666666666,1.0,3.4001126089333464,5.413696090345226,True
D2,24,168,Theta,h1_12,1,ARIMA,7.909605979919434,6.131441593170166,1.1303936270758765,1.1852314658978156,2.2891043376722156,2.253902290516031,0.5460168912234026,0.75,1.0,4.93415979810244,7.48998239658453,True
D2,24,169,Theta,h1,1,ARIMA,7.909605979919434,6.131441593170166,0.6363253159034138,0.5230550769375644,1.6232765598501568,1.6102074993988116,0.2071706391641817,1.0,1.0,1.8490949138612047,2.9088478292121818,True
D2,24,169,Theta,h1_6,1,ARIMA,7.909605979919434,6.131441593170166,0.9866108437115054,0.9831858450227047,2.497866633234146,2.467828877360601,0.3884827957519819,0.6666666666666666,0.8333333333333334,2.3044017590446964,3.5088527561757967,True
D2,24,169,Theta,h1_12,1,ARIMA,7.909605979919434,6.131441593170166,0.6937675003550062,0.7564446143667953,1.7535541408033717,1.7348318829475222,0.3459557225123671,0.8333333333333334,0.9166666666666666,2.9322300136608366,4.363715807905166,True
D2,24,170,Theta,h1,1,ARIMA,7.909605979919434,6.131441593170166,1.042159248951514,0.7965148795820576,1.7812693180025727,1.797276485298723,0.3557123803597009,0.0,1.0,2.1780066750455416,3.426263539881973,True
D2,24,170,Theta,h1_6,1,ARIMA,7.909605979919434,6.131441593170166,2.564543361942203,2.0549017937907257,4.457333953521383,4.56979127337071,1.0214177912996147,0.0,0.16666666666666666,2.29316712853524,3.3015683357777332,True
D2,24,170,Theta,h1_12,1,ARIMA,7.909605979919434,6.131441593170166,2.0229103537831317,1.7187327657830525,3.509053052385988,3.587204240558888,0.7853464670266191,0.16666666666666666,0.5,2.472473832380074,3.628747122181294,True
D2,24,171,Theta,h1,1,ARIMA,7.909605979919434,6.131441593170166,0.8222368438919017,0.7058246600143269,1.2415749186602243,1.2493306063902678,0.2836196029132764,1.0,1.0,2.0152830443367478,3.170285749322708,True
D2,24,171,Theta,h1_6,1,ARIMA,7.909605979919434,6.131441593170166,1.7553730368494702,1.8411134624257575,2.6222174734361325,2.609307136277758,0.6660299085129617,0.6666666666666666,0.6666666666666666,3.605333845149158,5.717103847073989,True
D2,24,171,Theta,h1_12,1,ARIMA,7.909605979919434,6.131441593170166,1.7497111827893483,1.7862895951444282,2.601719278663338,2.573523846685358,0.7204422089636965,0.8333333333333334,0.8333333333333334,5.256879875429521,7.952335146784452,True
D2,24,172,Theta,h1,1,ARIMA,7.909605979919434,6.131441593170166,1.6198968259990008,1.356254249005754,2.9124899170660323,2.955529668866853,0.602359422959833,0.0,0.0,1.9093383058950377,3.0036174125453536,True
D2,24,172,Theta,h1_6,1,ARIMA,7.909605979919434,6.131441593170166,1.4021475109042723,1.3350843626366649,2.5249882104339356,2.563801048010078,0.5617272630931397,0.5,0.6666666666666666,3.415803938249512,5.41655384548586,True
D2,24,172,Theta,h1_12,1,ARIMA,7.909605979919434,6.131441593170166,1.4044911043758654,1.3543205759952854,2.5357680778488643,2.5759755573327063,0.598073731205363,0.75,0.8333333333333334,4.980525204255504,7.534279186227379,True
D2,24,173,Theta,h1,1,ARIMA,7.909605979919434,6.131441593170166,0.5504238101206568,0.4743028703743008,1.0521666618823862,1.0466603562167602,0.2005112982737377,1.0,1.0,2.0277751897760523,3.189936217975724,True
D2,24,173,Theta,h1_6,1,ARIMA,7.909605979919434,6.131441593170166,0.41177670110855985,0.4457843565961425,0.7858704772082824,0.7810759590600866,0.31634612415751084,1.0,1.0,3.6276897609834573,5.752545544384436,True
D2,24,173,Theta,h1_12,1,ARIMA,7.909605979919434,6.131441593170166,0.5549610066704542,0.6189403360271784,1.0548225906504822,1.0456797123746477,0.4499543855487381,1.0,1.0,5.289472243528173,8.001635610402353,True
D2,24,174,Theta,h1,1,ARIMA,7.909605979919434,6.131441593170166,1.6693512608227896,1.3868312513757277,2.619421252420124,2.6541833741099423,0.6045994046266208,0.0,0.0,2.1161800212658655,3.329005052415926,True
D2,24,174,Theta,h1_6,1,ARIMA,7.909605979919434,6.131441593170166,1.9607030869438715,1.7206935587358392,3.084035941174917,3.1382610341567077,0.6272351186077211,0.5,0.8333333333333334,3.785836303507181,6.0033264940148525,True
D2,24,174,Theta,h1_12,1,ARIMA,7.909605979919434,6.131441593170166,2.072245162492347,1.7905139784909783,3.2549573950199417,3.313467327149961,0.6780966518519335,0.75,0.9166666666666666,5.520068683956247,8.35046272478645,True
D2,24,175,Theta,h1,1,ARIMA,7.909605979919434,6.131441593170166,1.9876086240500623,1.703290500108915,3.533119865064232,3.596656965935066,0.7915220578446437,0.0,0.0,1.8605471064517396,2.9268612254455215,True
D2,24,175,Theta,h1_6,1,ARIMA,7.909605979919434,6.131441593170166,2.496479154147906,2.3556835172152994,4.477530197784939,4.602071413981138,0.95520437703606,0.16666666666666666,0.5,3.32850973965309,5.27812415765926,True
D2,24,175,Theta,h1_12,1,ARIMA,7.909605979919434,6.131441593170166,2.4193266740654775,2.216523078494235,4.240450295314905,4.261234314787331,0.906976819662838,0.5,0.75,4.853245437084045,7.3417319998521045,True
D2,24,176,Theta,h1,1,ARIMA,7.909605979919434,6.131441593170166,1.5732766928718662,1.2535035028200299,2.4347169816913468,2.4647214778779913,0.5623341726479592,0.0,1.0,2.1746939531261607,3.4210548119066226,True
D2,24,176,Theta,h1_6,1,ARIMA,7.909605979919434,6.131441593170166,1.6256287314821114,1.4975714606662385,2.5169069406969755,2.549393144242183,0.6037931946779821,0.6666666666666666,0.8333333333333334,3.890524249346772,6.169331475207893,True
D2,24,176,Theta,h1_12,1,ARIMA,7.909605979919434,6.131441593170166,1.5238524299762672,1.4307842431297462,2.332660757322684,2.335816079562182,0.663204168997603,0.8333333333333334,0.9166666666666666,5.672706384545727,8.581375597826058,True
D2,24,177,Theta,h1,1,ARIMA,7.909605979919434,6.131441593170166,1.0188579549770715,0.7911032691217706,1.6805412909888562,1.6947820470352026,0.3480601465188664,0.0,1.0,2.1160429768294953,3.3287883163980987,True
D2,24,177,Theta,h1_6,1,ARIMA,7.909605979919434,6.131441593170166,3.0993786158965317,2.7861997949743995,5.242642994598427,5.435870984824506,1.0951569946527797,0.16666666666666666,0.5,3.7855940555276235,6.002939980679809,True
D2,24,177,Theta,h1_12,1,ARIMA,7.909605979919434,6.131441593170166,2.7388999626868853,2.4868433901204288,4.611563350414338,4.761357257213289,0.9948191167018469,0.4166666666666667,0.75,5.519708696462125,8.3499267894759,True
D2,24,178,Theta,h1,1,ARIMA,7.909605979919434,6.131441593170166,0.18254590587684807,0.15049341712852635,0.31994629806707076,0.3204589463348823,0.1576674117671289,1.0,1.0,1.9569792800573609,3.078559652170039,True
D2,24,178,Theta,h1_6,1,ARIMA,7.909605979919434,6.131441593170166,2.3804332828712953,2.4431943157965508,4.058751556681247,3.9359834889834833,1.0191302385252126,0.3333333333333333,0.3333333333333333,2.68562183011583,4.150017369319497,True
D2,24,178,Theta,h1_12,1,ARIMA,7.909605979919434,6.131441593170166,1.7080510326422211,1.9390955745837632,2.9300623112493733,2.852339249990285,0.7748568081151698,0.5833333333333334,0.5833333333333334,3.588923679623905,5.388388759792593,True
D2,24,179,Theta,h1,1,ARIMA,7.909605979919434,6.131441593170166,0.5722187469602225,0.4891627184587117,0.8779874614540465,0.8818587661513175,0.21971023652222627,1.0,1.0,2.036512614654692,3.2036846268319907,True
D2,24,179,Theta,h1_6,1,ARIMA,7.909605979919434,6.131441593170166,2.1027192082802895,2.0403758657338815,3.275309819944123,3.346516388813626,0.740684607688352,0.3333333333333333,0.6666666666666666,3.2690586894504268,5.1696562153187715,True
D2,24,179,Theta,h1_12,1,ARIMA,7.909605979919434,6.131441593170166,1.2720256455133516,1.481410513966415,1.9743728425078437,2.01079345478276,0.6041077762797392,0.6666666666666666,0.8333333333333334,4.678825119773464,7.0604580225458715,True
D2,24,180,Theta,h1,1,ARIMA,7.909605979919434,6.131441593170166,0.7216574991343464,0.5742307114397027,0.9350262039769053,0.9306751755940491,0.23507238349709073,1.0,1.0,2.104356594060056,3.3104064495918406,True
D2,24,180,Theta,h1_6,1,ARIMA,7.909605979919434,6.131441593170166,1.843057550961846,1.7850320503920982,2.4028798803914833,2.4161512058476853,0.6399066457860633,0.5,0.8333333333333334,3.7646880958491793,5.969792955946459,True
D2,24,180,Theta,h1_12,1,ARIMA,7.909605979919434,6.131441593170166,2.676282445222775,2.392086009773473,3.5235424837290537,3.588902664823658,0.8475551628221467,0.5833333333333334,0.9166666666666666,5.48922283574852,8.303818669877204,True
D2,24,181,Theta,h1,1,ARIMA,7.909605979919434,6.131441593170166,1.119708325775143,0.811895148977016,1.7326725003979717,1.7177906572318409,0.35062828126983536,1.0,1.0,2.4074296526877594,3.7871749883928203,True
D2,24,181,Theta,h1_6,1,ARIMA,7.909605979919434,6.131441593170166,0.4751495568407708,0.498329847214328,0.7416626833857042,0.7422344965846368,0.38352657717663385,1.0,1.0,4.306883531219612,6.829567659208635,True
D2,24,181,Theta,h1_12,1,ARIMA,7.909605979919434,6.131441593170166,1.1037590871548886,1.031091379093747,1.6954640163646724,1.6753247538002942,0.6157337725078177,1.0,1.0,6.2797947087314085,9.499744578076543,True
D2,24,182,Theta,h1,1,ARIMA,7.909605979919434,6.131441593170166,0.2527774444338683,0.19617466138063336,0.3876249899359667,0.388377714474289,0.174807455763035,1.0,1.0,2.1325879091850446,3.354816075035692,True
D2,24,182,Theta,h1_6,1,ARIMA,7.909605979919434,6.131441593170166,0.5521342378757231,0.6789381560152798,0.8545202961841301,0.8636539866103301,0.34195704137989774,1.0,1.0,3.815197768468043,6.049884025004284,True
D2,24,182,Theta,h1_12,1,ARIMA,7.909605979919434,6.131441593170166,1.7995679037368828,1.8974445297650242,2.830253624566531,2.9069051770285794,0.7200788970265573,0.75,1.0,5.5628756638516865,8.415227086958769,True
D2,24,183,Theta,h1,1,ARIMA,7.909605979919434,6.131441593170166,3.6814846595042736,3.041426066037316,4.904346360131714,4.786961767528377,1.5894534399148428,0.0,0.0,1.8846952490967899,2.964852088977199,True
D2,24,183,Theta,h1_6,1,ARIMA,7.909605979919434,6.131441593170166,3.68178369242332,3.200014957416761,4.910747519049614,4.781781103466367,1.547389183015686,0.0,0.16666666666666666,2.8705701686510743,4.5462855044186306,True
D2,24,183,Theta,h1_12,1,ARIMA,7.909605979919434,6.131441593170166,4.525312429894766,3.882172739685939,6.04213024021989,5.852215535596319,1.8679905752530266,0.0,0.08333333333333333,4.0637179445750675,6.111985295242731,True
D2,24,184,Theta,h1,1,ARIMA,7.909605979919434,6.131441593170166,3.4468782492278205,2.8576499764638106,6.264539573074915,6.074276835020911,1.452420970335698,0.0,0.0,2.0326753170877847,3.1976397892310446,True
D2,24,184,Theta,h1_6,1,ARIMA,7.909605979919434,6.131441593170166,3.6289105155916612,3.0313653699314864,6.568764156467813,6.357126467721636,1.450119426158735,0.0,0.0,3.636445833328545,5.766439693757158,True
D2,24,184,Theta,h1_12,1,ARIMA,7.909605979919434,6.131441593170166,2.810010033183371,2.4933045591238248,5.109414168036784,4.973683925445785,1.1507867836790775,0.4166666666666667,0.5,5.302245766449728,8.020959022169833,True
D2,24,185,Theta,h1,1,ARIMA,7.909605979919434,6.131441593170166,0.40489340265303886,0.3325030578396579,0.7127473645374612,0.710216340413057,0.17650246260588345,1.0,1.0,2.032369035240204,3.1971574375825647,True
D2,24,185,Theta,h1_6,1,ARIMA,7.909605979919434,6.131441593170166,2.015650836885429,1.9803191731007141,3.639678270730997,3.736762531728589,0.6752764714937829,0.5,1.0,3.6358996839660365,5.765560520606413,True
D2,24,185,Theta,h1_12,1,ARIMA,7.909605979919434,6.131441593170166,1.906768096675461,1.8184611585174204,3.3834034088462834,3.4229308073322544,0.717203775113964,0.75,1.0,5.301439546212376,8.019739715303428,True
D2,24,186,Theta,h1,1,ARIMA,7.909605979919434,6.131441593170166,1.5857699970529475,1.1676649068413216,2.0965165482197605,2.118726271668263,0.5684491886736507,0.0,1.0,2.119382483299875,3.334030560242677,True
D2,24,186,Theta,h1_6,1,ARIMA,7.909605979919434,6.131441593170166,3.7895981163159522,3.233136112850652,4.838278463293003,4.694517567185824,1.6204047725092368,0.16666666666666666,0.3333333333333333,3.1730524708422165,4.985350994654693,True
D2,24,186,Theta,h1_12,1,ARIMA,7.909605979919434,6.131441593170166,4.3768797416514404,3.493818459242046,5.614112264350676,5.439382002700825,1.7719087319645053,0.08333333333333333,0.25,4.444031900414634,6.644317834193075,True
D2,24,187,Theta,h1,1,ARIMA,7.909605979919434,6.131441593170166,1.4561052822393312,1.1765520328987853,2.006101931563912,2.02642803756559,0.5209639171838302,0.0,1.0,1.990307513972659,3.1309864655864765,True
D2,24,187,Theta,h1_6,1,ARIMA,7.909605979919434,6.131441593170166,2.298559193591556,2.0097221966768806,3.0886156098701827,3.0443884426059586,0.8830343770607972,0.16666666666666666,0.6666666666666666,2.9160369541350226,4.523876551594173,True
D2,24,187,Theta,h1_12,1,ARIMA,7.909605979919434,6.131441593170166,2.191864924339163,1.9531738187168428,2.9410016909873247,2.8947966186185727,0.8771089277647891,0.3333333333333333,0.8333333333333334,4.022210882462869,6.004191848116571,True
D2,24,188,Theta,h1,1,ARIMA,7.909605979919434,6.131441593170166,3.1314442052867344,2.4967770120061563,6.778265562085586,6.556071590657964,1.2784727435161114,0.0,0.0,2.1544091997295225,3.389145238900692,True
D2,24,188,Theta,h1_6,1,ARIMA,7.909605979919434,6.131441593170166,3.4008614447682914,2.7506768038230733,7.330311478760613,7.064639780248967,1.352133309460682,0.0,0.3333333333333333,3.8542284761384873,6.111777815917021,True
D2,24,188,Theta,h1_12,1,ARIMA,7.909605979919434,6.131441593170166,3.377125300408586,2.718707360310852,7.2806268502336735,7.020608502474938,1.3165592201221898,0.16666666666666666,0.6666666666666666,5.619784650169335,8.501318420244143,True
D2,24,189,Theta,h1,1,ARIMA,7.909605979919434,6.131441593170166,1.9957858340903676,1.752076960619205,2.949879036940408,2.9940393058610844,0.7830918708917873,0.0,0.0,1.975675781849209,3.1079796785110556,True
D2,24,189,Theta,h1_6,1,ARIMA,7.909605979919434,6.131441593170166,1.8793409092301887,1.756828285232466,2.771019103670713,2.8062793252615177,0.706371976419156,0.5,0.6666666666666666,3.534486280263718,5.604747956626753,True
D2,24,189,Theta,h1_12,1,ARIMA,7.909605979919434,6.131441593170166,1.6530888103291854,1.5625448642388475,2.412273348278482,2.4180174469106666,0.7031304232920413,0.75,0.8333333333333334,5.153575947839313,7.79605875080635,True
D2,24,190,Theta,h1,1,ARIMA,7.909605979919434,6.131441593170166,0.8859406564551099,0.7280374701117348,1.359836704487765,1.3691457779006841,0.3045609350841001,1.0,1.0,2.133749603364396,3.3566474893975182,True
D2,24,190,Theta,h1_6,1,ARIMA,7.909605979919434,6.131441593170166,4.018431291427809,3.5492793390857402,6.337511162927381,6.57968641503921,1.511026302911936,0.16666666666666666,0.3333333333333333,3.8172734604431295,6.053178043559512,True
D2,24,190,Theta,h1_12,1,ARIMA,7.909605979919434,6.131441593170166,2.3808724615408376,2.5635963072940475,3.7353558701642537,3.8604782288133808,1.042829969596515,0.5833333333333334,0.6666666666666666,5.565905090073348,8.419805369598265,True
D2,24,191,Theta,h1,1,ARIMA,7.909605979919434,6.131441593170166,0.18632896170536745,0.16219398793706682,0.42313355021293053,0.42403065820195107,0.14888635419805366,1.0,1.0,1.8377048121790438,2.8909295654351874,True
D2,24,191,Theta,h1_6,1,ARIMA,7.909605979919434,6.131441593170166,0.5472805427533616,0.6964931865956295,1.2558947743680442,1.2719582774703289,0.33222706681390063,0.8333333333333334,1.0,3.2876478448525486,5.21333011377951,True
D2,24,191,Theta,h1_12,1,ARIMA,7.909605979919434,6.131441593170166,0.9310801205508207,1.0057257484053836,2.145803354602177,2.1816619037838865,0.44690461622067906,0.9166666666666666,1.0,4.793661493573914,7.251604752929687,True
D2,24,192,Theta,h1,1,ARIMA,7.909605979919434,6.131441593170166,0.06310516143042942,0.0484042639210171,0.09041626612787254,0.09037540909267283,0.17368364793189942,1.0,1.0,2.257459854116122,3.551250270402403,True
D2,24,192,Theta,h1_6,1,ARIMA,7.909605979919434,6.131441593170166,1.0890823852001628,1.015423679356841,1.578470513421516,1.597176618841377,0.443924319975573,0.8333333333333334,1.0,4.038586410509055,6.404118457558523,True
D2,24,192,Theta,h1_12,1,ARIMA,7.909605979919434,6.131441593170166,1.5255156122650801,1.4810290516227238,2.2232110173780337,2.2638819407163715,0.6333578631938268,0.8333333333333334,1.0,5.888597629560005,8.907960110122964,True
D2,24,193,Theta,h1,1,ARIMA,7.909605979919434,6.131441593170166,5.639724448821896,3.8870384141360987,5.78382176393875,5.956065881297251,2.5611928850514727,0.0,0.0,2.3791885849774768,3.7427346728662063,True
D2,24,193,Theta,h1_6,1,ARIMA,7.909605979919434,6.131441593170166,5.363043402813873,3.939732578448107,5.4944871288992205,5.673071980365471,2.2607523552955326,0.0,0.16666666666666666,3.1032676511044532,4.709244031444657,True
D2,24,193,Theta,h1_12,1,ARIMA,7.909605979919434,6.131441593170166,6.168726970774721,4.490044074315234,6.306056243286267,6.537517803206278,2.492624027781762,0.0,0.08333333333333333,3.9943292423085524,5.924208777135111,True
D2,24,194,Theta,h1,1,ARIMA,7.909605979919434,6.131441593170166,0.6303456642153442,0.5315674002671533,1.3009166344969811,1.2925093996060253,0.21330884120875934,1.0,1.0,2.0180391343909165,3.1746083626814947,True
D2,24,194,Theta,h1_6,1,ARIMA,7.909605979919434,6.131441593170166,2.4257753659260564,2.201496948689685,4.908293058378282,4.773393916847665,0.9041983686682401,0.16666666666666666,0.5,3.610260879275076,5.724913071199489,True
D2,24,194,Theta,h1_12,1,ARIMA,7.909605979919434,6.131441593170166,2.2279635430649116,2.0440960056959394,4.525777575325547,4.408582173297854,0.8694655518431311,0.5,0.75,5.264060885795011,7.9631961606164445,True
D2,24,195,Theta,h1,1,ARIMA,7.909605979919434,6.131441593170166,0.140434312517251,0.11476599245176697,0.32266144220190973,0.3231828354007362,0.16363307615112324,1.0,1.0,2.067149198818413,3.2518733843695324,True
D2,24,195,Theta,h1_6,1,ARIMA,7.909605979919434,6.131441593170166,0.6182031337973963,0.6499021999461974,1.409734681461199,1.402108737991443,0.35865795217027274,0.8333333333333334,1.0,3.698120659459237,5.864232965207959,True
D2,24,195,Theta,h1_12,1,ARIMA,7.909605979919434,6.131441593170166,0.634833693465809,0.6540036323355068,1.458730904378211,1.462244798010317,0.45730933042248495,0.9166666666666666,1.0,5.392168769081013,8.156991281546858,True
D2,24,196,Theta,h1,1,ARIMA,7.909605979919434,6.131441593170166,0.19849608771981095,0.15004332380929788,0.32132137789706794,0.32183844576132936,0.17303892899918674,1.0,1.0,2.1491307866737897,3.380840841739424,True
D2,24,196,Theta,h1_6,1,ARIMA,7.909605979919434,6.131441593170166,1.6079104628596421,1.4619561004513446,2.6196307773321066,2.6439017611816107,0.5988902917815453,0.6666666666666666,0.8333333333333334,3.5288884117943127,5.572642950516676,True
D2,24,196,Theta,h1_12,1,ARIMA,7.909605979919434,6.131441593170166,1.7801183391580782,1.6432234702660349,2.923906299056793,2.9765788673207463,0.7017277183537876,0.6666666666666666,0.8333333333333334,5.078380073417082,7.6537017195824495,True
D2,24,197,Theta,h1,1,ARIMA,7.909605979919434,6.131441593170166,0.27207854553267175,0.22805989127855122,0.4995714618602356,0.49832671283815283,0.17343868597790998,1.0,1.0,2.1002066481190207,3.3038739254207563,True
D2,24,197,Theta,h1_6,1,ARIMA,7.909605979919434,6.131441593170166,0.598958235754478,0.665786888733888,1.098576272539962,1.098255778741003,0.3432463521630957,1.0,1.0,3.7572616537894246,5.958015318991754,True
D2,24,197,Theta,h1_12,1,ARIMA,7.909605979919434,6.131441593170166,1.044665156161977,1.135721597294427,1.9149635144345545,1.919825330036919,0.5359206221524926,1.0,1.0,5.4784000242573505,8.287436735305413,True
D2,24,198,Theta,h1,1,ARIMA,7.909605979919434,6.131441593170166,1.032302275966033,0.7771227630060666,2.228039946441141,2.2531403803024075,0.35066185984467674,1.0,1.0,2.332442675616392,3.669211481205159,True
D2,24,198,Theta,h1_6,1,ARIMA,7.909605979919434,6.131441593170166,1.4180183662784707,1.1166926113513973,3.0601431576813445,3.096379649088783,0.487236036647047,1.0,1.0,4.172731414627569,6.616837282140068,True
D2,24,198,Theta,h1_12,1,ARIMA,7.909605979919434,6.131441593170166,1.0724867674982335,0.9021823994958076,2.3108210856831195,2.334914156361511,0.5584099868982961,1.0,1.0,6.0841900937377495,9.203840465648266,True
D2,24,199,Theta,h1,1,ARIMA,7.909605979919434,6.131441593170166,1.2451548375323962,1.0350547163397237,1.9327125744874,1.9142144428674235,0.3967527518288854,0.0,1.0,1.9656359766123155,3.0921814778212404,True
D2,24,199,Theta,h1_6,1,ARIMA,7.909605979919434,6.131441593170166,2.551822210944239,2.2751095535717125,3.9164794641184537,3.8307759367602716,1.0170316884354216,0.0,0.5,2.750209119535346,4.236370040085672,True
D2,24,199,Theta,h1_12,1,ARIMA,7.909605979919434,6.131441593170166,2.5483032271812123,2.3866216898636976,3.9099362366666606,3.8161472905519447,1.0373337828820346,0.16666666666666666,0.5833333333333334,3.708844754862072,5.552864920238254,True
D2,24,0,AutoETS,h1,1,ARIMA,7.909605979919434,6.131441593170166,0.8620510923912643,0.6960520417914002,1.4015474385522353,1.4114384281202659,0.28973110940884783,1.0,1.0,2.290285760457058,3.487458710372426,True
D2,24,0,AutoETS,h1_6,1,ARIMA,7.909605979919434,6.131441593170166,0.820661754592913,0.8057730149017706,1.3379293908671601,1.3511810846897931,0.40379568438528063,1.0,1.0,4.1358636724444,6.297752899839315,True
D2,24,0,AutoETS,h1_12,1,ARIMA,7.909605979919434,6.131441593170166,1.6180720658090468,1.6167180235029082,2.636201917363024,2.662709701111763,0.645040969595225,0.8333333333333334,1.0,5.586341064297545,8.506420526278662,True
D2,24,1,AutoETS,h1,1,ARIMA,7.909605979919434,6.131441593170166,2.454775293417665,1.94435106879468,3.9474398861368525,3.871036467376785,0.958012474376845,0.0,0.0,2.27896468358836,3.4702199060196266,True
D2,24,1,AutoETS,h1_6,1,ARIMA,7.909605979919434,6.131441593170166,2.3308585250335145,1.9553971838543764,3.8805237456228956,3.9413627219842784,0.8255388436486868,0.5,0.6666666666666666,4.1139501689746325,6.264384819807596,True
D2,24,1,AutoETS,h1_12,1,ARIMA,7.909605979919434,6.131441593170166,1.9813099818274558,1.6847551727089758,3.2727970306012466,3.297971306496899,0.7505845479314842,0.75,0.8333333333333334,5.5543384632886985,8.457689598649523,True
D2,24,2,AutoETS,h1,1,ARIMA,7.909605979919434,6.131441593170166,1.9196934696215093,1.504777804614416,4.136003693426903,4.052204039066413,0.6889037999721492,0.0,0.0,2.2922282496175006,3.490416573037149,True
D2,24,2,AutoETS,h1_6,1,ARIMA,7.909605979919434,6.131441593170166,2.592751795077087,2.1240080359820768,5.532208978332015,5.371187944470212,0.8792695849473805,0.3333333333333333,0.6666666666666666,4.140643127610346,6.305030660910485,True
D2,24,2,AutoETS,h1_12,1,ARIMA,7.909605979919434,6.131441593170166,2.7569725461589076,2.2966601674633464,5.865088957330983,5.678659330287374,0.9438375205542472,0.5,0.8333333333333334,5.594879863821451,8.519422707617743,True
D2,24,3,AutoETS,h1,1,ARIMA,7.909605979919434,6.131441593170166,0.7461782252970558,0.5771822936399059,1.0731278913989672,1.0789169708686817,0.2562338280536275,1.0,1.0,2.230588467597975,3.3965565847243724,True
D2,24,3,AutoETS,h1_6,1,ARIMA,7.909605979919434,6.131441593170166,3.2495430026628296,3.2092709554482712,4.48245442045038,4.330071715614422,1.2679505914758264,0.5,0.6666666666666666,4.0276932200640445,6.133039835263691,True
D2,24,3,AutoETS,h1_12,1,ARIMA,7.909605979919434,6.131441593170166,3.9635343493222797,3.4922270057263405,5.4708180037786125,5.28695045158272,1.4606235323486836,0.3333333333333333,0.6666666666666666,5.439633170341184,8.283025816547594,True
D2,24,4,AutoETS,h1,1,ARIMA,7.909605979919434,6.131441593170166,0.36022886653259556,0.2823787747422859,0.6533246138748836,0.6511973974337101,0.19029829091581862,1.0,1.0,2.302796493200823,3.5065090248064235,True
D2,24,4,AutoETS,h1_6,1,ARIMA,7.909605979919434,6.131441593170166,1.2346938986795093,1.2157621233823648,2.283657878080422,2.322553682314114,0.48814495525384166,0.8333333333333334,1.0,4.156970966044549,6.329893349816851,True
D2,24,4,AutoETS,h1_12,1,ARIMA,7.909605979919434,6.131441593170166,2.132999099478859,1.9158671293672527,3.981075193794699,4.087067962481825,0.7478559162433982,0.8333333333333334,1.0,5.612421827955788,8.546134167241512,True
D2,24,5,AutoETS,h1,1,ARIMA,7.909605979919434,6.131441593170166,1.6649529495253594,1.324581878375118,3.6613664645175215,3.595543453407414,0.5776741607398853,0.0,0.0,2.155675558098139,3.2824853700029215,True
D2,24,5,AutoETS,h1_6,1,ARIMA,7.909605979919434,6.131441593170166,0.7002448295042875,0.6752118119628686,1.5514973413864446,1.5348938508972025,0.28641476791923615,0.8333333333333334,0.8333333333333334,2.3671549812641963,3.60450883498653,True
D2,24,5,AutoETS,h1_12,1,ARIMA,7.909605979919434,6.131441593170166,0.8249286069578343,0.762311588575141,1.8255653462114458,1.8038744074284678,0.3191664648205482,0.8333333333333334,0.9166666666666666,2.5936030602631823,3.949325337445383,True
D2,24,6,AutoETS,h1,1,ARIMA,7.909605979919434,6.131441593170166,0.5830694982050514,0.46337501040949486,1.0780251662417244,1.0838673476297873,0.2256600821470214,1.0,1.0,2.2713586707914897,3.458638095558408,True
D2,24,6,AutoETS,h1_6,1,ARIMA,7.909605979919434,6.131441593170166,0.9069751797141734,0.8841850265986351,1.6891351093115574,1.7110063222112626,0.4005546086048869,1.0,1.0,4.100219917752992,6.243477522977992,True
D2,24,6,AutoETS,h1_12,1,ARIMA,7.909605979919434,6.131441593170166,1.7878575493014273,2.0448286858663067,3.4026434087444026,3.529009975350699,0.7652086847164391,0.75,0.9166666666666666,5.535800936255412,8.42946217775856,True
D2,24,7,AutoETS,h1,1,ARIMA,7.909605979919434,6.131441593170166,1.1369313765972513,0.893850276900517,2.6104812471215975,2.6450049259097557,0.36703446190223304,1.0,1.0,2.3334613774034056,3.5532029873508564,True
D2,24,7,AutoETS,h1_6,1,ARIMA,7.909605979919434,6.131441593170166,1.5742874400207632,1.3347430275444088,3.6439312573647054,3.723522109851197,0.5815452882346482,0.6666666666666666,0.8333333333333334,4.215405685829854,6.418872933073202,True
D2,24,7,AutoETS,h1_12,1,ARIMA,7.909605979919434,6.131441593170166,1.4734395647694383,1.325780260915098,3.4142405592132516,3.4929483462543978,0.6253724307731198,0.8333333333333334,0.9166666666666666,5.696358263738487,8.673945665327043,True
D2,24,8,AutoETS,h1,1,ARIMA,7.909605979919434,6.131441593170166,0.08750178735043805,0.07386679700139617,0.23885187460684923,0.2391374667679806,0.16157561278557755,1.0,1.0,2.1382911385427845,3.2560138063011843,True
D2,24,8,AutoETS,h1_6,1,ARIMA,7.909605979919434,6.131441593170166,0.4828109320807252,0.4930010867360164,1.3290314857100924,1.3420030596145611,0.3171442410045476,1.0,1.0,3.860008561814968,5.877703434844439,True
D2,24,8,AutoETS,h1_12,1,ARIMA,7.909605979919434,6.131441593170166,0.6040755352143926,0.6206035016784384,1.6403836993833985,1.6343437909213216,0.42341176953667764,1.0,1.0,5.211486076132093,7.935622193522462,True
D2,24,9,AutoETS,h1,1,ARIMA,7.909605979919434,6.131441593170166,1.4004792354904163,1.1437417502290221,2.8304482933542476,2.7909500937064067,0.46783035842225723,0.0,1.0,2.2853707608387968,3.479974553361916,True
D2,24,9,AutoETS,h1_6,1,ARIMA,7.909605979919434,6.131441593170166,1.3850881890861706,1.2946695983182817,2.796262888248512,2.755140074761446,0.5150779771352586,0.5,0.6666666666666666,2.2853707894059307,3.479974596861602,True
D2,24,9,AutoETS,h1_12,1,ARIMA,7.909605979919434,6.131441593170166,0.993264646817572,0.9956041911048514,2.0131525651487343,1.9911979483248754,0.37944174912670486,0.75,0.8333333333333334,2.2853708236864883,3.479974649061218,True
D2,24,10,AutoETS,h1,1,ARIMA,7.909605979919434,6.131441593170166,1.3659019499522844,1.065311109548488,2.183200859308387,2.159626368589934,0.4534075066119912,0.0,1.0,2.314417700272131,3.5242048427369257,True
D2,24,10,AutoETS,h1_6,1,ARIMA,7.909605979919434,6.131441593170166,0.7876285793894344,0.7207050961403253,1.2618159072801254,1.2510374016093209,0.405026305248456,0.8333333333333334,1.0,4.177949380997168,6.361837553994109,True
D2,24,10,AutoETS,h1_12,1,ARIMA,7.909605979919434,6.131441593170166,0.7177835822280221,0.6788140756276627,1.1512595381089277,1.1427698235468404,0.4847140163857303,0.9166666666666666,1.0,5.64074526705549,8.589262769838347,True
D2,24,11,AutoETS,h1,1,ARIMA,7.909605979919434,6.131441593170166,2.5222524801425883,2.0226906786316317,5.625650626905722,5.471740135293818,1.023421599730009,0.0,0.0,2.011026019113697,3.0622249538607957,True
D2,24,11,AutoETS,h1_6,1,ARIMA,7.909605979919434,6.131441593170166,3.9595761838116235,3.2903702444628893,8.665394608166665,8.282863097494184,1.5504487020121442,0.0,0.0,3.6322920867969484,5.530955523291948,True
D2,24,11,AutoETS,h1_12,1,ARIMA,7.909605979919434,6.131441593170166,4.1905228459751935,3.479382599868216,9.14672804977736,8.72203891579828,1.5520224299114211,0.08333333333333333,0.25,4.907348450866251,7.472506442336168,True
D2,24,12,AutoETS,h1,1,ARIMA,7.909605979919434,6.131441593170166,0.019073874642481014,0.01700455061616982,0.04041963894430897,0.04042780933159143,0.14945384413403742,1.0,1.0,2.0247658464584286,3.0831468324227234,True
D2,24,12,AutoETS,h1_6,1,ARIMA,7.909605979919434,6.131441593170166,0.5455450574756194,0.6818336580151482,1.1683569581286624,1.1812493747611574,0.32822285437491894,1.0,1.0,3.6550745415922696,5.56564677090454,True
D2,24,12,AutoETS,h1_12,1,ARIMA,7.909605979919434,6.131441593170166,1.10802678610726,1.2480822170047283,2.3173111808381925,2.2889897892309063,0.48961914492626357,1.0,1.0,4.934799955929765,7.514307335525787,True
D2,24,13,AutoETS,h1,1,ARIMA,7.909605979919434,6.131441593170166,0.5304828888006213,0.3935627410915952,0.9044048946604022,0.9003335642487342,0.23242060214835938,1.0,1.0,2.5458156913609145,3.8765586640453025,True
D2,24,13,AutoETS,h1_6,1,ARIMA,7.909605979919434,6.131441593170166,0.9582292826485667,0.7703999016638666,1.6556894117639414,1.6706545121281016,0.3867181233692892,1.0,1.0,3.8541143096517767,5.868728152631809,True
D2,24,13,AutoETS,h1_12,1,ARIMA,7.909605979919434,6.131441593170166,1.6305710853214435,1.3578069854414205,2.8419915557376014,2.893566926810667,0.5839308464587143,1.0,1.0,4.968469589240371,7.565576682779943,True
D2,24,14,AutoETS,h1,1,ARIMA,7.909605979919434,6.131441593170166,0.7764137783721317,0.6347746159578861,1.3110778860589258,1.3197292250718125,0.2638104736607929,1.0,1.0,2.1931348145003207,3.339525243489189,True
D2,24,14,AutoETS,h1_6,1,ARIMA,7.909605979919434,6.131441593170166,1.943875015307848,1.6730344038910923,3.3211904083828014,3.383659429205404,0.6457815947671164,0.3333333333333333,1.0,3.559123259788709,5.419540053884898,True
D2,24,14,AutoETS,h1_12,1,ARIMA,7.909605979919434,6.131441593170166,2.2024946694526855,2.050406679607704,3.713791511937683,3.7374623617614273,0.7808882076907092,0.5,1.0,4.682194870419239,7.12966109576039,True
D2,24,15,AutoETS,h1,1,ARIMA,7.909605979919434,6.131441593170166,1.887473430424108,1.4114612657150463,3.287079815832951,3.233928903706883,0.6642696045911438,0.0,0.0,2.3643443819113545,3.6002290855492816,True
D2,24,15,AutoETS,h1_6,1,ARIMA,7.909605979919434,6.131441593170166,4.448188208731347,3.504826851765212,7.546949222186107,7.245604852201233,1.719373591819348,0.0,0.0,4.270030579351599,6.502051226369474,True
D2,24,15,AutoETS,h1_12,1,ARIMA,7.909605979919434,6.131441593170166,3.409515505267369,2.8274380298496435,5.8219073558466015,5.623414713650882,1.3000868894792539,0.4166666666666667,0.5,5.7682649131371955,8.783439194522796,True
D2,24,16,AutoETS,h1,1,ARIMA,7.909605979919434,6.131441593170166,1.1506859166355434,0.9517385245306118,2.6898251384933536,2.6541294183419986,0.3787242928560895,0.0,1.0,2.0462479840391197,3.115858063971518,True
D2,24,16,AutoETS,h1_6,1,ARIMA,7.909605979919434,6.131441593170166,1.3848791425214082,1.315726421094962,3.212015929181393,3.1457664823525238,0.52740092176034,0.3333333333333333,0.5,2.151867349397016,3.2766865431338195,True
D2,24,16,AutoETS,h1_12,1,ARIMA,7.909605979919434,6.131441593170166,1.024240340803792,1.0354348152941453,2.4007812733252263,2.3764740273359086,0.39652660041966026,0.5,0.75,2.2704870971864417,3.4573109349860656,True
D2,24,17,AutoETS,h1,1,ARIMA,7.909605979919434,6.131441593170166,0.21106127289766188,0.17748905924294767,0.46585925657878147,0.4669469142905472,0.15222809021694236,1.0,1.0,1.917087191983392,2.9191826372319833,True
D2,24,17,AutoETS,h1_6,1,ARIMA,7.909605979919434,6.131441593170166,0.926763726449763,0.8936700348049427,2.0321609196067727,2.0383034765268744,0.33841474073400046,0.5,0.8333333333333334,1.9303449956512317,2.939370529799851,True
D2,24,17,AutoETS,h1_12,1,ARIMA,7.909605979919434,6.131441593170166,1.9185082659368058,2.0301257888394395,4.266281322415743,4.407696125567973,0.7891236261716154,0.3333333333333333,0.5833333333333334,1.9462555539266715,2.96359781881443,True
D2,24,18,AutoETS,h1,1,ARIMA,7.909605979919434,6.131441593170166,0.8103566043013041,0.5542907198001316,1.4399618035840671,1.4296684636865802,0.27982198816704995,1.0,1.0,2.493037322986169,3.796192107310043,True
D2,24,18,AutoETS,h1_6,1,ARIMA,7.909605979919434,6.131441593170166,1.2013718595516163,0.9927292899767316,2.119350093380362,2.089611205270738,0.47780405222459255,1.0,1.0,4.502731888930198,6.856389633836584,True
D2,24,18,AutoETS,h1_12,1,ARIMA,7.909605979919434,6.131441593170166,1.8704736864930906,1.4830506420118106,3.2755280676380116,3.2067729662670157,0.6906553307384135,1.0,1.0,6.0830740445876925,9.26280463727118,True
D2,24,19,AutoETS,h1,1,ARIMA,7.909605979919434,6.131441593170166,1.5226977869902218,1.2830569038602013,2.4799534963981884,2.4495792828619973,0.5197998181250332,0.0,1.0,2.15324786246905,3.2787886748507287,True
D2,24,19,AutoETS,h1_6,1,ARIMA,7.909605979919434,6.131441593170166,1.5910342625542915,1.5018530591978883,2.5820823669717123,2.5419339318116396,0.5808732447631351,0.5,0.8333333333333334,3.6563504499370105,5.5675896191496514,True
D2,24,19,AutoETS,h1_12,1,ARIMA,7.909605979919434,6.131441593170166,2.4438146167410073,2.3008483149163093,4.091592026471371,4.159292180349836,0.840249842257657,0.3333333333333333,0.9166666666666666,4.868306116808928,7.413055988452933,True
D2,24,20,AutoETS,h1,1,ARIMA,7.909605979919434,6.131441593170166,1.1051454276792225,0.9485055824210009,1.9804231265078232,1.9610050279649238,0.3591003739697858,0.0,1.0,2.1031952987033384,3.202572749093784,True
D2,24,20,AutoETS,h1_6,1,ARIMA,7.909605979919434,6.131441593170166,1.1383373183138423,1.1167022114948757,2.0333437213024146,2.007188397094724,0.4303982668446866,0.8333333333333334,1.0,3.796654119652038,5.781232503148219,True
D2,24,20,AutoETS,h1_12,1,ARIMA,7.909605979919434,6.131441593170166,1.6850442561551973,1.587938738350082,2.995005892606754,2.9423125653475806,0.6015504069598626,0.9166666666666666,1.0,5.125949790938473,7.805374576390242,True
D2,24,21,AutoETS,h1,1,ARIMA,7.909605979919434,6.131441593170166,1.1806585006560162,0.8086831755650463,1.8411629309432638,1.8582698184705573,0.3858093029617291,1.0,1.0,2.635435199257778,4.013023876740791,True
D2,24,21,AutoETS,h1_6,1,ARIMA,7.909605979919434,6.131441593170166,1.6277892930912425,1.2118493643872084,2.55329387141035,2.592641804037739,0.6120662096889828,0.6666666666666666,1.0,4.7574449755126285,7.2442457641871,True
D2,24,21,AutoETS,h1_12,1,ARIMA,7.909605979919434,6.131441593170166,1.4259145979285635,1.0944650696408675,2.2236183758165806,2.244890856267855,0.654520961171125,0.8333333333333334,1.0,6.423135558070078,9.780622329601377,True
D2,24,22,AutoETS,h1,1,ARIMA,7.909605979919434,6.131441593170166,2.3555803914303057,2.0692029996874,4.006333728112232,3.927656220175635,0.9348996370966528,0.0,0.0,2.0548998642919027,3.1290324353402044,True
D2,24,22,AutoETS,h1_6,1,ARIMA,7.909605979919434,6.131441593170166,3.215959520240553,2.8941064280632407,5.422836492778724,5.273347004629242,1.1974271462006303,0.0,0.3333333333333333,3.7094719829614484,5.648478718777745,True
D2,24,22,AutoETS,h1_12,1,ARIMA,7.909605979919434,6.131441593170166,2.474013416829997,2.3336152724238457,4.1979656948255615,4.107546744003429,0.9318342847139262,0.5,0.6666666666666666,5.008243188951871,7.626140647832523,True
D2,24,23,AutoETS,h1,1,ARIMA,7.909605979919434,6.131441593170166,2.147853206532603,1.7579500514747601,3.0110525247957116,3.057077631398303,0.825015035890507,0.0,0.0,2.105838732186312,3.2065979520988526,True
D2,24,23,AutoETS,h1_6,1,ARIMA,7.909605979919434,6.131441593170166,1.1995381946145345,1.2012769117258342,1.6525029101619515,1.6489456085684029,0.4616715439116322,0.6666666666666666,0.6666666666666666,2.7423241687980946,4.175785604688538,True
D2,24,23,AutoETS,h1_12,1,ARIMA,7.909605979919434,6.131441593170166,1.4660380064180387,1.4927826129431394,2.0113737855445617,1.9992579718244985,0.5522474010401881,0.6666666666666666,0.75,3.3344713894455666,5.077458670174368,True
D2,24,24,AutoETS,h1,1,ARIMA,7.909605979919434,6.131441593170166,0.36612057758440403,0.31090683963176535,0.5055066989705645,0.5067876216590846,0.17970039920214229,1.0,1.0,2.098082896221744,3.194788003245371,True
D2,24,24,AutoETS,h1_6,1,ARIMA,7.909605979919434,6.131441593170166,1.837524086980576,2.0746307434909435,2.476063739004301,2.424358112299459,0.6999160637465265,0.6666666666666666,0.8333333333333334,3.2796678218666133,4.994008306725162,True
D2,24,24,AutoETS,h1_12,1,ARIMA,7.909605979919434,6.131441593170166,1.3778283486736245,1.60872064840054,1.8739142006438239,1.8518474305806578,0.5859200453530289,0.8333333333333334,0.9166666666666666,4.268800207594441,6.500177717493172,True
D2,24,25,AutoETS,h1,1,ARIMA,7.909605979919434,6.131441593170166,0.05693080570327122,0.04596727706406091,0.10261514648323002,0.10256252414103792,0.16701083471133782,1.0,1.0,2.235625744546988,3.404226935593107,True
D2,24,25,AutoETS,h1_6,1,ARIMA,7.909605979919434,6.131441593170166,2.758155653573857,2.479513810481658,5.132392481775678,5.301622374046053,0.9847689279112842,0.16666666666666666,0.8333333333333334,4.03571541752087,6.14525537748125,True
D2,24,25,AutoETS,h1_12,1,ARIMA,7.909605979919434,6.131441593170166,2.9069604429023,2.514602897310108,5.405196839287533,5.579035839502525,1.011040802884991,0.4166666666666667,0.9166666666666666,5.44871193128971,8.296850206715837,True
D2,24,26,AutoETS,h1,1,ARIMA,7.909605979919434,6.131441593170166,2.1297064134616024,1.694213736172262,3.406707817639528,3.3496513995927293,0.7966348763711688,0.0,0.0,2.269177582658956,3.455316914011,True
D2,24,26,AutoETS,h1_6,1,ARIMA,7.909605979919434,6.131441593170166,2.323219918021773,1.9033771627223226,3.8309102114642917,3.884512386441835,0.7794264550206795,0.16666666666666666,0.8333333333333334,4.09628265275016,6.23748217979145,True
D2,24,26,AutoETS,h1_12,1,ARIMA,7.909605979919434,6.131441593170166,1.996164062305279,1.7572590276230646,3.296809436183259,3.348122984138207,0.7608875666618717,0.5,0.9166666666666666,5.530485144486633,8.42136772743859,True
D2,24,27,AutoETS,h1,1,ARIMA,7.909605979919434,6.131441593170166,0.3092311422061022,0.24261585325100535,0.5425663388367999,0.5410984298665847,0.18580010942673536,1.0,1.0,2.3007453849184714,3.503385765880094,True
D2,24,27,AutoETS,h1_6,1,ARIMA,7.909605979919434,6.131441593170166,3.234152735216276,2.7988297389770014,5.499920457323095,5.322711642967973,1.1876081183512788,0.16666666666666666,0.3333333333333333,4.153268338563957,6.324255293343111,True
D2,24,27,AutoETS,h1_12,1,ARIMA,7.909605979919434,6.131441593170166,3.0700096054747656,2.587895693974588,5.2382138796908775,5.085357924426068,1.0844950458095723,0.5,0.6666666666666666,5.607422825686439,8.538522097905698,True
D2,24,28,AutoETS,h1,1,ARIMA,7.909605979919434,6.131441593170166,0.7581131244194586,0.5930528242728828,1.3324291917494895,1.3236111013993486,0.2612380587085779,1.0,1.0,2.3075341338722586,3.513723114205849,True
D2,24,28,AutoETS,h1_6,1,ARIMA,7.909605979919434,6.131441593170166,0.6443922583789544,0.5625722003692695,1.1363608354418546,1.132686002257152,0.35823544540493596,1.0,1.0,4.165523278320871,6.342916107263468,True
D2,24,28,AutoETS,h1_12,1,ARIMA,7.909605979919434,6.131441593170166,0.5414436680037468,0.5175903232264726,0.9587386379721272,0.9595844945921387,0.4512694065149785,1.0,1.0,5.6239685008797,8.563716490705055,True
D2,24,29,AutoETS,h1,1,ARIMA,7.909605979919434,6.131441593170166,2.1128609109188474,1.7639442424190523,3.545175018908126,3.6091503675202046,0.7812401997439103,0.0,0.0,2.3281613840431605,3.5451325935475047,True
D2,24,29,AutoETS,h1_6,1,ARIMA,7.909605979919434,6.131441593170166,3.1315094681755817,2.7197948807560612,5.311560782027766,5.469817623587912,1.1220869197205297,0.16666666666666666,0.3333333333333333,4.2043770034999275,6.402079363065696,True
D2,24,29,AutoETS,h1_12,1,ARIMA,7.909605979919434,6.131441593170166,4.722160303620425,4.220569334579353,8.150541603129245,8.555660963173285,1.722720465595463,0.08333333333333333,0.25,5.679073153464516,8.647625321627803,True
D2,24,30,AutoETS,h1,1,ARIMA,7.909605979919434,6.131441593170166,1.0752633082115524,0.8429765068511106,1.7686322720941976,1.7531290688526018,0.3476514728743001,1.0,1.0,2.230821803248637,3.3969118890542296,True
D2,24,30,AutoETS,h1_6,1,ARIMA,7.909605979919434,6.131441593170166,0.7686814272558048,0.683701304047518,1.2695266673646595,1.2636104814779023,0.28698010393609213,0.8333333333333334,1.0,2.230821831133909,3.396911931515627,True
D2,24,30,AutoETS,h1_12,1,ARIMA,7.909605979919434,6.131441593170166,1.002363250422954,0.9856603124910154,1.6755926881167056,1.6886121573459842,0.37943086750348487,0.75,0.9166666666666666,2.230821864596235,3.396911982469304,True
D2,24,31,AutoETS,h1,1,ARIMA,7.909605979919434,6.131441593170166,1.663290198480594,1.330266311857935,3.8536819338815613,3.929395128979718,0.5630322629958728,0.0,1.0,2.4937417399626365,3.7972647355221056,True
D2,24,31,AutoETS,h1_6,1,ARIMA,7.909605979919434,6.131441593170166,0.9689594858548728,0.90403404174958,2.2339047319603496,2.2663916854325477,0.36344238052319283,0.5,1.0,2.4937417711344114,3.7972647829879116,True
D2,24,31,AutoETS,h1_12,1,ARIMA,7.909605979919434,6.131441593170166,1.6934150293823658,1.6504887880238557,3.77490989012658,3.707440664069562,0.6597500524069442,0.3333333333333333,0.6666666666666666,2.4937418085405363,3.7972648399468807,True
D2,24,32,AutoETS,h1,1,ARIMA,7.909605979919434,6.131441593170166,1.0835414610044345,0.8217709903530661,2.3900034134560966,2.418909422337232,0.3506075645042444,1.0,1.0,2.260735042332379,3.4424613082573816,True
D2,24,32,AutoETS,h1_6,1,ARIMA,7.909605979919434,6.131441593170166,0.9044429705828596,0.810923641406244,1.9576058510005534,1.9446209041932,0.33966205355752965,0.6666666666666666,0.8333333333333334,2.2607350705915708,3.442461351288145,True
D2,24,32,AutoETS,h1_12,1,ARIMA,7.909605979919434,6.131441593170166,1.4370475478973823,1.2134470517460305,3.079223583611693,3.028531806344252,0.5295867918805508,0.3333333333333333,0.5833333333333334,2.2607351045025954,3.442461402925063,True
D2,24,33,AutoETS,h1,1,ARIMA,7.909605979919434,6.131441593170166,0.3139545473144361,0.26575114075389483,0.658522014451406,0.660697433475582,0.17373799249720412,1.0,1.0,2.132583242172778,3.2473222913570057,True
D2,24,33,AutoETS,h1_6,1,ARIMA,7.909605979919434,6.131441593170166,1.9449445821573788,1.814696621268505,4.1693544218415,4.278424930182311,0.6849881279490222,0.5,0.6666666666666666,3.8497047596520995,5.862013652711895,True
D2,24,33,AutoETS,h1_12,1,ARIMA,7.909605979919434,6.131441593170166,1.7617499982126257,1.6623327738075733,3.769607680583941,3.8606382176430385,0.6742460626122523,0.75,0.8333333333333334,5.197574676547594,7.914439058870852,True
D2,24,34,AutoETS,h1,1,ARIMA,7.909605979919434,6.131441593170166,0.24232491225599948,0.19371470561018805,0.3608096978760589,0.3601599518589724,0.17673848697192324,1.0,1.0,2.2278208078282957,3.3923422201512583,True
D2,24,34,AutoETS,h1_6,1,ARIMA,7.909605979919434,6.131441593170166,2.296640462181956,2.28718039013497,3.3382179414158726,3.255693235789155,0.9048334089652321,0.5,0.6666666666666666,4.022786297557305,6.125567977414017,True
D2,24,34,AutoETS,h1_12,1,ARIMA,7.909605979919434,6.131441593170166,2.0567569602537517,1.9838740949547966,3.045992120921677,3.0274428746401365,0.8226865824685183,0.75,0.8333333333333334,5.433154267896006,8.273160276990826,True
D2,24,35,AutoETS,h1,1,ARIMA,7.909605979919434,6.131441593170166,1.614828877133653,1.3118107591441128,2.6281936068450817,2.594104561722054,0.5533163253172195,0.0,1.0,2.222054078678981,3.3835611194915223,True
D2,24,35,AutoETS,h1_6,1,ARIMA,7.909605979919434,6.131441593170166,1.1993726070609902,1.0888078493798614,1.954088759696781,1.9307944648251103,0.4913723197269262,0.6666666666666666,1.0,4.011216065910435,6.107949780665574,True
D2,24,35,AutoETS,h1_12,1,ARIMA,7.909605979919434,6.131441593170166,1.3569382050292902,1.315297262373126,2.2498603632737137,2.2632371993160714,0.5868251882634752,0.8333333333333334,1.0,5.415634794866976,8.246483064971649,True
D2,24,36,AutoETS,h1,1,ARIMA,7.909605979919434,6.131441593170166,1.6085686014759704,1.3642294074174917,3.441517799719206,3.501774903015903,0.5557446550635241,0.0,0.0,2.1026922045569756,3.201806678722491,True
D2,24,36,AutoETS,h1_6,1,ARIMA,7.909605979919434,6.131441593170166,1.540258281151771,1.3628845702371957,3.2978423310812586,3.3583517546306227,0.5449392216700502,0.5,0.6666666666666666,3.1856883613399756,4.850904116903739,True
D2,24,36,AutoETS,h1_12,1,ARIMA,7.909605979919434,6.131441593170166,1.3550041096067922,1.2814401499351418,2.862092100757235,2.876206215250127,0.5325497359701099,0.6666666666666666,0.8333333333333334,4.106767192518397,6.253447174278292,True
D2,24,37,AutoETS,h1,1,ARIMA,7.909605979919434,6.131441593170166,1.9752790404484246,1.4599875475536044,3.1106305426802647,3.062991370140637,0.6989666852762053,0.0,0.0,2.442226543235594,3.7188216326376513,True
D2,24,37,AutoETS,h1_6,1,ARIMA,7.909605979919434,6.131441593170166,2.62249944720396,2.0796698603954598,4.096503821960874,4.002973075418558,0.891351518622965,0.16666666666666666,0.8333333333333334,4.408667836132708,6.713156633865401,True
D2,24,37,AutoETS,h1_12,1,ARIMA,7.909605979919434,6.131441593170166,2.1732571359810615,1.8254919622348393,3.400426700953979,3.327983155012303,0.8321661557653746,0.5833333333333334,0.9166666666666666,5.95224354411636,9.063586715940664,True
D2,24,38,AutoETS,h1,1,ARIMA,7.909605979919434,6.131441593170166,1.8474681475234265,1.5777125861638632,3.0917647303800697,3.1403102324761774,0.6742570276992526,0.0,0.0,2.110622788360003,3.21388271920605,True
D2,24,38,AutoETS,h1_6,1,ARIMA,7.909605979919434,6.131441593170166,3.1296947355682563,2.775553860640484,5.305668395802239,5.462781103001974,1.1502695129820089,0.0,0.3333333333333333,3.6455230269998933,5.551102510385806,True
D2,24,38,AutoETS,h1_12,1,ARIMA,7.909605979919434,6.131441593170166,2.0780153591493757,2.116555138551375,3.509283365150537,3.598982113134639,0.8560936248185518,0.5,0.6666666666666666,4.872712181709504,7.419765181550703,True
D2,24,39,AutoETS,h1,1,ARIMA,7.909605979919434,6.131441593170166,1.2485816114354782,0.9452545484830849,1.8585024621141761,1.841391310691002,0.41280660214337156,0.0,1.0,2.164927021102105,3.2965727366511683,True
D2,24,39,AutoETS,h1_6,1,ARIMA,7.909605979919434,6.131441593170166,1.2934829944473945,1.1761751424091333,1.916592946483141,1.8906373438373674,0.5003208066982405,0.5,0.6666666666666666,2.164927048173635,3.2965727778734917,True
D2,24,39,AutoETS,h1_12,1,ARIMA,7.909605979919434,6.131441593170166,1.6202385184216517,1.422260580769563,2.4239841634502226,2.4151735995129298,0.6251983223570937,0.4166666666666667,0.5,2.164927080659766,3.296572827340697,True
D2,24,40,AutoETS,h1,1,ARIMA,7.909605979919434,6.131441593170166,1.8232126846299557,1.5717358725712713,3.658484100447459,3.7266536154474053,0.6720348612586017,0.0,0.0,2.0268198431055104,3.0862744895132233,True
D2,24,40,AutoETS,h1_6,1,ARIMA,7.909605979919434,6.131441593170166,0.7249953948374596,0.8085118225923298,1.440551593475853,1.452970278564316,0.3887347987428663,0.8333333333333334,0.8333333333333334,3.660307265222527,5.573614731898052,True
D2,24,40,AutoETS,h1_12,1,ARIMA,7.909605979919434,6.131441593170166,1.6729347370638725,1.837773892637638,3.2254002347761657,3.159147698845799,0.6521583999572118,0.6666666666666666,0.9166666666666666,4.944360330232786,7.528865086882914,True
D2,24,41,AutoETS,h1,1,ARIMA,7.909605979919434,6.131441593170166,1.45133436468072,1.210786042453098,2.6960002132633463,2.7328388843382982,0.4890493210965818,0.0,1.0,2.2424617511941225,3.414636244045919,True
D2,24,41,AutoETS,h1_6,1,ARIMA,7.909605979919434,6.131441593170166,1.4220898219025335,1.4142558854074843,2.6557394218446344,2.7069613561113575,0.5829322936307457,0.3333333333333333,1.0,4.049842419358877,6.166766813504657,True
D2,24,41,AutoETS,h1_12,1,ARIMA,7.909605979919434,6.131441593170166,1.6853495109140626,1.6885952611139514,3.1596545339514748,3.234033618382121,0.689076854168222,0.5,1.0,5.470709399407017,8.330346141204172,True
D2,24,42,AutoETS,h1,1,ARIMA,7.909605979919434,6.131441593170166,0.3322259204292361,0.2983044177647807,0.7079889377458707,0.7105040829004547,0.1690880520875732,1.0,1.0,2.010340586529579,3.0611812335193695,True
D2,24,42,AutoETS,h1_6,1,ARIMA,7.909605979919434,6.131441593170166,0.37627991986929704,0.5704380470976302,0.7910830330424492,0.7833862266984607,0.3015206931137858,1.0,1.0,3.6290342957959405,5.52599482720799,True
D2,24,42,AutoETS,h1_12,1,ARIMA,7.909605979919434,6.131441593170166,0.41580028735892394,0.6021125063014231,0.8735603168522686,0.8644531280816818,0.39521555324895535,1.0,1.0,4.8996424229312305,7.460772337051853,True
D2,24,43,AutoETS,h1,1,ARIMA,7.909605979919434,6.131441593170166,0.243139497720768,0.188795104874013,0.2585438626154111,0.2588785198777979,0.17992603234288376,1.0,1.0,2.270695821814159,3.457628763675214,True
D2,24,43,AutoETS,h1_6,1,ARIMA,7.909605979919434,6.131441593170166,3.2833740304334293,3.146294032627237,3.582386382585908,3.684121911927185,1.2901945882645487,0.5,0.5,4.099646008789924,6.2426036216305025,True
D2,24,43,AutoETS,h1_12,1,ARIMA,7.909605979919434,6.131441593170166,2.7142776329517737,2.774262346477458,2.956603300794483,3.035168539760403,1.1460934266946878,0.5833333333333334,0.6666666666666666,5.536044505226438,8.429833064546688,True
D2,24,44,AutoETS,h1,1,ARIMA,7.909605979919434,6.131441593170166,0.031632437585255746,0.02536191633214889,0.06785125568364506,0.06787428246011278,0.16676408970612908,1.0,1.0,2.2514359089974922,3.4283013531515185,True
D2,24,44,AutoETS,h1_6,1,ARIMA,7.909605979919434,6.131441593170166,0.4527826858321862,0.40881367263885665,0.9730264367093073,0.9752499977505211,0.3295201797696602,1.0,1.0,4.064255670549389,6.188714126489353,True
D2,24,44,AutoETS,h1_12,1,ARIMA,7.909605979919434,6.131441593170166,0.5482714004923452,0.48714388552671206,1.1805741696177363,1.1856555473519368,0.43666317552202993,1.0,1.0,5.4872447813820076,8.355524860337681,True
D2,24,45,AutoETS,h1,1,ARIMA,7.909605979919434,6.131441593170166,0.06672986846422985,0.058858765303175256,0.09278072807838605,0.09273770671863768,0.15365140938307856,1.0,1.0,2.0459149729962496,3.1153509821557153,True
D2,24,45,AutoETS,h1_6,1,ARIMA,7.909605979919434,6.131441593170166,1.2619527559138808,1.4953206727694088,1.737768837649185,1.7211873329720548,0.48882756513343334,0.8333333333333334,1.0,3.643183025389243,5.5475393484693925,True
D2,24,45,AutoETS,h1_12,1,ARIMA,7.909605979919434,6.131441593170166,4.467865334176161,5.052894344665376,5.919537966066865,5.654932948842411,1.7995610490907348,0.4166666666666667,0.5833333333333334,4.903975302477132,7.4673700895132455,True
D2,24,46,AutoETS,h1,1,ARIMA,7.909605979919434,6.131441593170166,1.8710024150034723,1.55092900115213,3.832656010347461,3.7605907565202887,0.678097897349184,0.0,0.0,2.1776804751458196,3.315992647109514,True
D2,24,46,AutoETS,h1_6,1,ARIMA,7.909605979919434,6.131441593170166,1.8680278062700297,1.6832139387229306,3.8135976122959705,3.7300434857129847,0.663318542839291,0.5,0.6666666666666666,3.931113554858878,5.98597626770371,True
D2,24,46,AutoETS,h1_12,1,ARIMA,7.909605979919434,6.131441593170166,2.4827744939736553,2.2097185731161617,5.035116828890996,4.8941674261483135,0.8517900482737462,0.5833333333333334,0.8333333333333334,5.307486557803967,8.081803828053388,True
D2,24,47,AutoETS,h1,1,ARIMA,7.909605979919434,6.131441593170166,0.2796874925165038,0.21430130490399968,0.40584423950769877,0.40502235955022237,0.18679335764273386,1.0,1.0,2.336692692125046,3.558123367535076,True
D2,24,47,AutoETS,h1_6,1,ARIMA,7.909605979919434,6.131441593170166,0.9457125523327805,0.7884832788768292,1.3708156026209335,1.36674744461072,0.4041143799210503,1.0,1.0,4.21943192746594,6.425003762555827,True
D2,24,47,AutoETS,h1_12,1,ARIMA,7.909605979919434,6.131441593170166,0.9697015033625436,0.9257259055228718,1.41218953328847,1.4148269980125778,0.5181227553487586,1.0,1.0,5.698833125606705,8.677714181347321,True
D2,24,48,AutoETS,h1,1,ARIMA,7.909605979919434,6.131441593170166,0.5163522455496188,0.4287169763063576,0.8357983314414442,0.839305783307733,0.20903832842086179,1.0,1.0,2.174088139801379,3.310522534425831,True
D2,24,48,AutoETS,h1_6,1,ARIMA,7.909605979919434,6.131441593170166,0.9114509805128881,0.8528408384755302,1.4585972046242857,1.448283983765558,0.3975984684379138,1.0,1.0,3.9246287292256836,5.9761017088036095,True
D2,24,48,AutoETS,h1_12,1,ARIMA,7.909605979919434,6.131441593170166,0.8997282968890116,0.8193802077302094,1.450846996547783,1.4516442932459217,0.4745023730686781,1.0,1.0,5.298731246008073,8.068471959641247,True
D2,24,49,AutoETS,h1,1,ARIMA,7.909605979919434,6.131441593170166,1.0984519438989648,0.9562922168269723,2.2388370829096975,2.214052567946547,0.3574962014537779,0.0,1.0,2.0734722953318667,3.1573130051806104,True
D2,24,49,AutoETS,h1_6,1,ARIMA,7.909605979919434,6.131441593170166,2.8966228242985874,2.8010932922138467,5.75984439366718,5.565637917676363,1.0328147792886226,0.0,0.8333333333333334,3.742998634938708,5.699530345822036,True
D2,24,49,AutoETS,h1_12,1,ARIMA,7.909605979919434,6.131441593170166,3.1123136319652653,2.8826377526698765,6.191336170394403,5.983964947124343,1.0645030714054222,0.16666666666666666,0.9166666666666666,5.053508290611813,7.695066620209152,True
D2,24,50,AutoETS,h1,1,ARIMA,7.909605979919434,6.131441593170166,0.8330504910991705,0.7000329451043581,1.6569042490877754,1.6707455763104422,0.2785550107600335,1.0,1.0,2.148129377436612,3.270994666994378,True
D2,24,50,AutoETS,h1_6,1,ARIMA,7.909605979919434,6.131441593170166,1.2027333250524135,1.2268469358499134,2.3820115963647064,2.393085659898119,0.4884749203574718,0.6666666666666666,1.0,3.8777683914653194,5.904746642149928,True
D2,24,50,AutoETS,h1_12,1,ARIMA,7.909605979919434,6.131441593170166,1.1757883356509176,1.1777037526350105,2.3371055793016944,2.356283850773777,0.5393161366589684,0.8333333333333334,1.0,5.235464029407348,7.972133847854192,True
D2,24,51,AutoETS,h1,1,ARIMA,7.909605979919434,6.131441593170166,0.8293278884161719,0.6161203145701781,1.8164775931005204,1.8331267615387608,0.2832949984142611,1.0,1.0,2.4111801079415054,3.6715466754852493,True
D2,24,51,AutoETS,h1_6,1,ARIMA,7.909605979919434,6.131441593170166,1.5504293560313092,1.3106798671176014,3.4100294645490905,3.458898993214092,0.582620015535929,0.6666666666666666,1.0,4.3557388544423485,6.6325607355656455,True
D2,24,51,AutoETS,h1_12,1,ARIMA,7.909605979919434,6.131441593170166,1.1542274392163538,1.0418045823523951,2.5277385907033043,2.5524924774994218,0.5882079377894921,0.8333333333333334,1.0,5.885885019366647,8.96254141445843,True
D2,24,52,AutoETS,h1,1,ARIMA,7.909605979919434,6.131441593170166,0.6402851188067888,0.533037946630329,0.982844460625752,0.9876982292929042,0.2269805364575993,1.0,1.0,2.1261217376254846,3.237483243887637,True
D2,24,52,AutoETS,h1_6,1,ARIMA,7.909605979919434,6.131441593170166,1.0335120648882103,1.0403735840111665,1.577174831954357,1.5761357872070625,0.4110203477410094,1.0,1.0,3.8390981005450313,5.845862704943907,True
D2,24,52,AutoETS,h1_12,1,ARIMA,7.909605979919434,6.131441593170166,1.374040018041333,1.4193252546585264,2.073790516774846,2.0499257618910143,0.5718896962300717,0.9166666666666666,1.0,5.184984575507362,7.895267888925458,True
D2,24,53,AutoETS,h1,1,ARIMA,7.909605979919434,6.131441593170166,0.8681649287192877,0.6687299496850866,1.5321620124542765,1.5439902283315274,0.29331201382555266,1.0,1.0,2.3760529735257743,3.618057965472001,True
D2,24,53,AutoETS,h1_6,1,ARIMA,7.909605979919434,6.131441593170166,1.3238418826787095,1.2267873764298722,2.358295226448574,2.399672517243005,0.4992939670192147,1.0,1.0,4.291153097176359,6.534214858543587,True
D2,24,53,AutoETS,h1_12,1,ARIMA,7.909605979919434,6.131441593170166,1.5410054861874471,1.4107816562646456,2.7515523296626463,2.806628001893684,0.6332919153419896,1.0,1.0,5.796760542483069,8.82682999425862,True
D2,24,54,AutoETS,h1,1,ARIMA,7.909605979919434,6.131441593170166,2.2523009049703315,1.822436361936479,3.9187733988714832,3.997091885642997,0.8624609679685133,0.0,0.0,2.230862694006747,3.3969741541361884,True
D2,24,54,AutoETS,h1_6,1,ARIMA,7.909605979919434,6.131441593170166,2.3423246497620513,1.969797692629312,4.085407596959664,4.177998154516497,0.8497090829696504,0.3333333333333333,0.6666666666666666,4.0271172357605485,6.132162773758549,True
D2,24,54,AutoETS,h1_12,1,ARIMA,7.909605979919434,6.131441593170166,2.305032528464983,2.0612946912613883,4.029540043752608,4.131137507208641,0.8628304005224922,0.5,0.8333333333333334,5.437103328923576,8.27917358219325,True
D2,24,55,AutoETS,h1,1,ARIMA,7.909605979919434,6.131441593170166,0.8579108648496128,0.709236113278498,1.7154648632320948,1.7303062612006963,0.2862230763743177,1.0,1.0,2.182862663104986,3.3238836565412044,True
D2,24,55,AutoETS,h1_6,1,ARIMA,7.909605979919434,6.131441593170166,2.7116972391240055,2.3573484573712045,5.541051442656044,5.716826700212154,0.9458077415310367,0.16666666666666666,0.5,3.8533869726661147,5.867620623715644,True
D2,24,55,AutoETS,h1_12,1,ARIMA,7.909605979919434,6.131441593170166,2.3450015925907453,2.135190127934859,4.784443398083668,4.928708275587721,0.8571515815411902,0.5,0.75,5.176761278315602,7.882746128578113,True
D2,24,56,AutoETS,h1,1,ARIMA,7.909605979919434,6.131441593170166,1.7344017266371687,1.5165759952378863,3.5247600175975937,3.463716176147638,0.6231870202817995,0.0,0.0,2.06440306199471,3.1435031228750177,True
D2,24,56,AutoETS,h1_6,1,ARIMA,7.909605979919434,6.131441593170166,2.4211843782377507,2.2829344216504572,4.867613777031264,4.735249876942879,0.8736170296764924,0.16666666666666666,0.5,3.7266270016753262,5.674600969753264,True
D2,24,56,AutoETS,h1_12,1,ARIMA,7.909605979919434,6.131441593170166,2.9173467023640987,2.723263530546349,5.835158635919078,5.649088545600485,1.0084048753139232,0.25,0.75,5.031404573112406,7.661408897903999,True
D2,24,57,AutoETS,h1,1,ARIMA,7.909605979919434,6.131441593170166,1.1179371140942866,0.8938938181022253,1.4393415489581853,1.4497751570591988,0.35964931023783164,1.0,1.0,2.2373821855014975,3.406901499357927,True
D2,24,57,AutoETS,h1_6,1,ARIMA,7.909605979919434,6.131441593170166,0.8180777896124255,0.8127674267247689,1.054269277283385,1.062954871209265,0.36905314574459824,1.0,1.0,3.48157702502153,5.301459028117427,True
D2,24,57,AutoETS,h1_12,1,ARIMA,7.909605979919434,6.131441593170166,0.9084694650326255,0.8169356888761008,1.1641365604143794,1.1671198768672075,0.4294851529927695,1.0,1.0,4.5254711339970966,6.891015085230055,True
D2,24,58,AutoETS,h1,1,ARIMA,7.909605979919434,6.131441593170166,0.20721001517909096,0.15488294258488827,0.3047091460180571,0.30424561391208266,0.18850481457815946,1.0,1.0,2.4149846613827686,3.6773399364253865,True
D2,24,58,AutoETS,h1_6,1,ARIMA,7.909605979919434,6.131441593170166,2.2774124081751803,2.0577073563738186,3.4386769605485625,3.5286370629273844,0.7996870424857327,0.6666666666666666,0.8333333333333334,4.35949123183573,6.638274547113138,True
D2,24,58,AutoETS,h1_12,1,ARIMA,7.909605979919434,6.131441593170166,1.8569660861764539,1.6961217058932279,2.7921453830746294,2.8525552130515486,0.7454645773806844,0.8333333333333334,0.9166666666666666,5.885849082948468,8.962486693437691,True
D2,24,59,AutoETS,h1,1,ARIMA,7.909605979919434,6.131441593170166,1.4443082423621116,1.1148217411589427,2.929325553198879,2.972868044849205,0.4802718087573851,0.0,1.0,2.4223482709347333,3.688552635170308,True
D2,24,59,AutoETS,h1_6,1,ARIMA,7.909605979919434,6.131441593170166,2.5057717093822025,2.019144000910296,5.149652547250139,5.299313052745635,0.8299561062164428,0.16666666666666666,1.0,4.3754628069835535,6.662594747600489,True
D2,24,59,AutoETS,h1_12,1,ARIMA,7.909605979919434,6.131441593170166,3.020519938550521,2.4159624685134014,6.240403307365544,6.458000842924978,0.9921578826786609,0.4166666666666667,1.0,5.911798739279385,9.002000694950048,True
D2,24,60,AutoETS,h1,1,ARIMA,7.909605979919434,6.131441593170166,0.7393710777450853,0.581714032414784,1.5142613088021297,1.5258137121458408,0.25488818865959273,1.0,1.0,2.2554279815826326,3.434380152814789,True
D2,24,60,AutoETS,h1_6,1,ARIMA,7.909605979919434,6.131441593170166,0.8360593454343729,0.7999889606149851,1.717544002085111,1.7363702178152713,0.4090210100783319,0.8333333333333334,1.0,4.073698016854784,6.203092154523084,True
D2,24,60,AutoETS,h1_12,1,ARIMA,7.909605979919434,6.131441593170166,0.8291516844266653,0.8468184944843482,1.707699067704811,1.7309095227813036,0.49979547644175987,0.9166666666666666,1.0,5.503653384139337,8.380510530509977,True
D2,24,61,AutoETS,h1,1,ARIMA,7.909605979919434,6.131441593170166,1.9616329117994389,1.58699754693705,2.3156407978782587,2.342765818423337,0.7245856671760873,0.0,0.0,2.167760723061297,3.3008876648364742,True
D2,24,61,AutoETS,h1_6,1,ARIMA,7.909605979919434,6.131441593170166,1.0930377340625745,1.1467779262134772,1.289353966621745,1.3035119369582773,0.4925964083462348,0.6666666666666666,0.8333333333333334,3.9138607354382136,5.959705093858993,True
D2,24,61,AutoETS,h1_12,1,ARIMA,7.909605979919434,6.131441593170166,1.8816768462467166,1.9641075850531187,2.2200816430671413,2.246312292139073,0.7411893035452028,0.75,0.8333333333333334,5.28526310671216,8.047963785285459,True
D2,24,62,AutoETS,h1,1,ARIMA,7.909605979919434,6.131441593170166,0.6239288623235945,0.4908431401769962,1.0469490177507181,1.052458369029111,0.21806360432880545,1.0,1.0,2.0166764564594795,3.070828974930649,True
D2,24,62,AutoETS,h1_6,1,ARIMA,7.909605979919434,6.131441593170166,1.388119568780619,1.3964872961999595,2.3422521273127064,2.3797862304064097,0.5575483320693315,0.5,0.6666666666666666,2.016676775766529,3.070829461145156,True
D2,24,62,AutoETS,h1_12,1,ARIMA,7.909605979919434,6.131441593170166,2.232925761430746,2.1341866413746704,3.76676404631592,3.8714799322245557,0.934537863235996,0.3333333333333333,0.4166666666666667,2.016678434480913,3.07083198689894,True
D2,24,63,AutoETS,h1,1,ARIMA,7.909605979919434,6.131441593170166,2.1723178052438716,1.7742353004201383,2.7836229456579895,2.822912566628253,0.8249177093989473,0.0,0.0,2.210149688628061,3.3654340938201033,True
D2,24,63,AutoETS,h1_6,1,ARIMA,7.909605979919434,6.131441593170166,1.8994659154338525,1.6617581948898612,2.4321745601659743,2.464800830392887,0.7073219501145777,0.5,0.6666666666666666,3.9897264536254613,6.075227167252128,True
D2,24,63,AutoETS,h1_12,1,ARIMA,7.909605979919434,6.131441593170166,2.651185385212733,2.6241782645083536,3.4346560358649443,3.524234321272199,0.9848061382937309,0.5,0.75,5.386621176526208,8.202303514214737,True
D2,24,64,AutoETS,h1,1,ARIMA,7.909605979919434,6.131441593170166,2.0622022408867138,1.605986246404093,2.922525381628507,2.88043466454227,0.7612388324450284,0.0,0.0,2.2830857738536774,3.476495163190644,True
D2,24,64,AutoETS,h1_6,1,ARIMA,7.909605979919434,6.131441593170166,1.019321751254105,0.9478146471074488,1.4531078232306234,1.4405814142349311,0.42787695861826175,0.8333333333333334,0.8333333333333334,3.5140012821162037,5.35083201894003,True
D2,24,64,AutoETS,h1_12,1,ARIMA,7.909605979919434,6.131441593170166,1.5356763116098269,1.4420828984061664,2.186101816524975,2.1649496704334803,0.5954271980250906,0.8333333333333334,0.8333333333333334,4.552450168210541,6.932096538684286,True
D2,24,65,AutoETS,h1,1,ARIMA,7.909605979919434,6.131441593170166,0.39671375802901315,0.3630171566524225,0.7297088841585577,0.7323810088021174,0.17695911134187348,1.0,1.0,1.9594812338452707,2.9837367959800996,True
D2,24,65,AutoETS,h1_6,1,ARIMA,7.909605979919434,6.131441593170166,2.1345169221319207,2.299016721744499,4.0212151798297615,4.137518469552683,0.7526477252667191,0.3333333333333333,0.8333333333333334,3.538415581388568,5.388008105053428,True
D2,24,65,AutoETS,h1_12,1,ARIMA,7.909605979919434,6.131441593170166,2.295180502441747,2.296338824831535,4.315084968294645,4.4300648884856875,0.7856396438659792,0.5833333333333334,0.9166666666666666,4.779246067441852,7.277442673174131,True
D2,24,66,AutoETS,h1,1,ARIMA,7.909605979919434,6.131441593170166,0.33260902044669816,0.2752098526178183,0.697562762585351,0.70000424706738,0.1788356872775309,1.0,1.0,2.1815348249048467,3.3218617337850875,True
D2,24,66,AutoETS,h1_6,1,ARIMA,7.909605979919434,6.131441593170166,1.2573054491368099,1.3046770953446079,2.5853002157884193,2.5453311539816585,0.49638948405056665,0.8333333333333334,1.0,3.9215581776265243,5.971426125474644,True
D2,24,66,AutoETS,h1_12,1,ARIMA,7.909605979919434,6.131441593170166,1.036585891300217,1.0739011919450538,2.1405237449541428,2.1160986300907774,0.5209381071243214,0.9166666666666666,1.0,5.289734306728935,8.054772160778828,True
D2,24,67,AutoETS,h1,1,ARIMA,7.909605979919434,6.131441593170166,0.9758916818192367,0.7318132563854891,1.6475991528246574,1.6341371380037857,0.32398830770906206,1.0,1.0,2.4103210976105243,3.670238645232964,True
D2,24,67,AutoETS,h1_6,1,ARIMA,7.909605979919434,6.131441593170166,1.0911136967287156,0.9066930909639108,1.8659083820178046,1.874953051842249,0.4546862232413521,1.0,1.0,4.352986563723814,6.628369773719068,True
D2,24,67,AutoETS,h1_12,1,ARIMA,7.909605979919434,6.131441593170166,1.41772023061726,1.2733379611364926,2.4179538570119434,2.424298398935916,0.6140482777429658,0.9166666666666666,1.0,5.880199379474625,8.95388378984764,True
D2,24,68,AutoETS,h1,1,ARIMA,7.909605979919434,6.131441593170166,2.5639654170783124,2.088746587040001,4.2174350596086905,4.308284612465616,1.0254720962452666,0.0,0.0,2.1701280831588465,3.304492486005684,True
D2,24,68,AutoETS,h1_6,1,ARIMA,7.909605979919434,6.131441593170166,2.356227015731686,1.9284289357689337,3.8698289812517404,3.9469529790791373,0.8325458453451987,0.0,0.6666666666666666,3.2102319399496646,4.888277058954869,True
D2,24,68,AutoETS,h1_12,1,ARIMA,7.909605979919434,6.131441593170166,1.5530745245432667,1.4431859696864169,2.535449087979048,2.5705791501922564,0.6268306988373352,0.5,0.8333333333333334,4.106081154235278,6.252402531628278,True
D2,24,69,AutoETS,h1,1,ARIMA,7.909605979919434,6.131441593170166,0.7647623397618117,0.6658676672291148,1.718725029099577,1.7040807975081511,0.25664340105259853,1.0,1.0,2.014068430057678,3.066857686915456,True
D2,24,69,AutoETS,h1_6,1,ARIMA,7.909605979919434,6.131441593170166,1.8435767328660888,1.7701226686970637,4.075979365297744,3.978456099584609,0.6610154151593303,0.6666666666666666,0.6666666666666666,3.637743999149611,5.539257246836997,True
D2,24,69,AutoETS,h1_12,1,ARIMA,7.909605979919434,6.131441593170166,1.536732315609194,1.4882893158092465,3.4104024419769665,3.3407885666036865,0.6145425697889889,0.8333333333333334,0.8333333333333334,4.914643310452489,7.483614454290053,True
D2,24,70,AutoETS,h1,1,ARIMA,7.909605979919434,6.131441593170166,0.544315468289707,0.4378129077201342,0.8291050551037795,0.8256821688034593,0.21766568344775325,1.0,1.0,2.2442153015107036,3.41730640618517,True
D2,24,70,AutoETS,h1_6,1,ARIMA,7.909605979919434,6.131441593170166,3.860621226521326,3.8884336203465657,6.191780778205075,6.51104996297886,1.5788676034864062,0.3333333333333333,0.5,4.051221146756933,6.168866226144162,True
D2,24,70,AutoETS,h1_12,1,ARIMA,7.909605979919434,6.131441593170166,4.584445778611319,4.149542328356146,7.338330392556023,7.698782303505149,1.757286549404572,0.25,0.5,5.469646571905122,8.32872775493417,True
D2,24,71,AutoETS,h1,1,ARIMA,7.909605979919434,6.131441593170166,0.9819103788287006,0.760540887107855,1.9727946483377996,1.9924481031123538,0.3212380241573044,1.0,1.0,2.208859492104563,3.363469488711999,True
D2,24,71,AutoETS,h1_6,1,ARIMA,7.909605979919434,6.131441593170166,2.323084385945471,1.9574318336215943,4.505489509936067,4.396154334323069,0.7985808173716178,0.3333333333333333,0.8333333333333334,3.989409425040794,6.074744422208641,True
D2,24,71,AutoETS,h1_12,1,ARIMA,7.909605979919434,6.131441593170166,3.2850271780551474,2.761513766867155,6.29735793317409,6.077740127431302,1.1193948850886986,0.25,0.8333333333333334,5.389486555974473,8.206666678273965,True
D2,24,72,AutoETS,h1,1,ARIMA,7.909605979919434,6.131441593170166,1.0101800908377618,0.8364557558433126,1.8500453710556621,1.833088883041638,0.32845768675994,1.0,1.0,2.180020022364702,3.319555117115528,True
D2,24,72,AutoETS,h1_6,1,ARIMA,7.909605979919434,6.131441593170166,2.61365882399034,2.518449210915023,4.679456483454732,4.537808492221032,1.0098467323246352,0.3333333333333333,0.5,3.9353368676402285,5.992407180911251,True
D2,24,72,AutoETS,h1_12,1,ARIMA,7.909605979919434,6.131441593170166,2.8052018961093506,2.5771987470406703,5.199092092450853,5.224690040122079,1.027061959323904,0.5,0.6666666666666666,5.313188549238108,8.090486351447105,True
D2,24,73,AutoETS,h1,1,ARIMA,7.909605979919434,6.131441593170166,1.5230354460547877,1.2281913927636439,2.3893875161497102,2.418278538906895,0.5146622248851953,0.0,1.0,2.3100360168326204,3.5175327757219463,True
D2,24,73,AutoETS,h1_6,1,ARIMA,7.909605979919434,6.131441593170166,1.4093169046609662,1.3745072670475331,2.2191441035598833,2.254966129938418,0.5955156267362011,0.6666666666666666,0.8333333333333334,4.171436904871018,6.351920891198422,True
D2,24,73,AutoETS,h1_12,1,ARIMA,7.909605979919434,6.131441593170166,1.506815653374245,1.4146823285090302,2.3342781891745603,2.333955824269197,0.6463052936813494,0.8333333333333334,0.9166666666666666,5.634238919429378,8.579355439018256,True
D2,24,74,AutoETS,h1,1,ARIMA,7.909605979919434,6.131441593170166,0.25243751795048425,0.21053895632289638,0.4785656293015467,0.47971350126964446,0.17264732054083798,1.0,1.0,2.164333207634162,3.295668526361421,True
D2,24,74,AutoETS,h1_6,1,ARIMA,7.909605979919434,6.131441593170166,1.8035585578316116,1.88012273604712,3.504630724399576,3.6041546950581855,0.658056516945738,0.5,0.8333333333333334,3.9070192835301696,5.949287493810888,True
D2,24,74,AutoETS,h1_12,1,ARIMA,7.909605979919434,6.131441593170166,2.087611372441292,1.9580883106389813,4.049519811519401,4.15664816632546,0.7395335524868215,0.6666666666666666,0.9166666666666666,5.274956329558811,8.032269473082188,True
D2,24,75,AutoETS,h1,1,ARIMA,7.909605979919434,6.131441593170166,0.5428755939203908,0.46761855293390153,0.9759743984148186,0.980760383541398,0.21048709304446195,1.0,1.0,2.121551460761769,3.2305240023238095,True
D2,24,75,AutoETS,h1_6,1,ARIMA,7.909605979919434,6.131441593170166,1.015894898019954,1.0181702267268444,1.8401811908253463,1.8635464485014095,0.3928618181000155,0.8333333333333334,1.0,3.2228807435864453,4.9075376163842,True
D2,24,75,AutoETS,h1_12,1,ARIMA,7.909605979919434,6.131441593170166,1.2764367869634974,1.2857809781514549,2.3199181450205475,2.3575534816571615,0.49510243758525807,0.9166666666666666,1.0,4.1590395420994035,6.333043207229891,True
D2,24,76,AutoETS,h1,1,ARIMA,7.909605979919434,6.131441593170166,0.09654096552248138,0.07755022570079145,0.1804646846750216,0.18030199396258792,0.17005358860725486,1.0,1.0,2.247117006583013,3.421724883915788,True
D2,24,76,AutoETS,h1_6,1,ARIMA,7.909605979919434,6.131441593170166,0.427020938312046,0.4803336502825413,0.8048973911270428,0.8109738707571637,0.3296053088232006,1.0,1.0,4.056459257798531,6.176842390644387,True
D2,24,76,AutoETS,h1_12,1,ARIMA,7.909605979919434,6.131441593170166,0.7875188368239238,0.8587461613148528,1.4902218951898618,1.5077228543792294,0.4758760340441182,1.0,1.0,5.476718665741537,8.339496557533485,True
D2,24,77,AutoETS,h1,1,ARIMA,7.909605979919434,6.131441593170166,1.2276088647590948,1.0776290628415972,2.5970984429865656,2.6312667367115448,0.40830033475477046,0.0,1.0,2.056318967853371,3.131193329479179,True
D2,24,77,AutoETS,h1_6,1,ARIMA,7.909605979919434,6.131441593170166,1.2995655714569647,1.4153964786140514,2.771399741340331,2.831565259893551,0.49223516455711575,0.5,1.0,3.712033725746904,5.652379529910189,True
D2,24,77,AutoETS,h1_12,1,ARIMA,7.909605979919434,6.131441593170166,1.2606746778587803,1.3675256067196364,2.686666241680151,2.7430883120168583,0.5523642409709464,0.75,1.0,5.011701856631804,7.631407222394935,True
D2,24,78,AutoETS,h1,1,ARIMA,7.909605979919434,6.131441593170166,1.7980178533553415,1.3448535329879818,2.3874727653797208,2.4163172231941905,0.6183634083256203,0.0,1.0,2.4063429752614245,3.664181087841288,True
D2,24,78,AutoETS,h1_6,1,ARIMA,7.909605979919434,6.131441593170166,1.5029911184481728,1.158675627967814,1.961024439700892,1.9503082134857204,0.5402552806023898,0.8333333333333334,1.0,4.345022808416095,6.616243222397533,True
D2,24,78,AutoETS,h1_12,1,ARIMA,7.909605979919434,6.131441593170166,1.8563554517488265,1.5376819993411386,2.45678044538982,2.478984963232342,0.6921887208395392,0.9166666666666666,1.0,5.868165909271625,8.93556021154138,True
D2,24,79,AutoETS,h1,1,ARIMA,7.909605979919434,6.131441593170166,0.9756632462185435,0.7834690480202116,1.476573066704466,1.4875554885525921,0.320360310941264,1.0,1.0,2.2479296266503463,3.4229622748916384,True
D2,24,79,AutoETS,h1_6,1,ARIMA,7.909605979919434,6.131441593170166,0.7955972891567518,0.692094965691098,1.2017471206895483,1.2083883080758593,0.37759545607004447,1.0,1.0,4.0579261863944165,6.179076108810711,True
D2,24,79,AutoETS,h1_12,1,ARIMA,7.909605979919434,6.131441593170166,0.8247204806239969,0.7543649556413021,1.2480268905228875,1.2572509726468069,0.4760038408982675,1.0,1.0,5.478699199678111,8.342512351652948,True
D2,24,80,AutoETS,h1,1,ARIMA,7.909605979919434,6.131441593170166,0.9987772643276698,0.7973479588924937,1.2290928010100421,1.2366928524198912,0.3270697123276549,1.0,1.0,2.2610884775646087,3.4429994903482144,True
D2,24,80,AutoETS,h1_6,1,ARIMA,7.909605979919434,6.131441593170166,1.6862056570048973,1.5214868421110004,2.081456837153104,2.1014019687726244,0.5802497105605647,0.8333333333333334,1.0,4.081680331130426,6.215246965913937,True
D2,24,80,AutoETS,h1_12,1,ARIMA,7.909605979919434,6.131441593170166,1.4441581196024538,1.4172122789909696,1.7838002223492595,1.8020788685672848,0.6273798884941453,0.8333333333333334,1.0,5.510770215210759,8.391347455289758,True
D2,24,81,AutoETS,h1,1,ARIMA,7.909605979919434,6.131441593170166,0.8320313484713417,0.7451180956892252,1.5471509797102168,1.535274472687504,0.27393174956618016,1.0,1.0,1.950402472200647,2.969912404751899,True
D2,24,81,AutoETS,h1_6,1,ARIMA,7.909605979919434,6.131441593170166,1.7566585500124432,1.9090610185191863,3.2145264294349856,3.1412903255593547,0.6348038828103943,0.6666666666666666,0.8333333333333334,3.5220638168753853,5.3631089834826415,True
D2,24,81,AutoETS,h1_12,1,ARIMA,7.909605979919434,6.131441593170166,1.386598791569128,1.5164738495275678,2.5494190971477404,2.5027038487226356,0.5787825833112424,0.8333333333333334,0.9166666666666666,4.757229883655684,7.243918240005186,True
D2,24,82,AutoETS,h1,1,ARIMA,7.909605979919434,6.131441593170166,0.9723605355493609,0.7892267930950523,1.931037241163984,1.9125710119121189,0.31891688452296657,1.0,1.0,2.2239660976397047,3.386472584643222,True
D2,24,82,AutoETS,h1_6,1,ARIMA,7.909605979919434,6.131441593170166,1.143755035845599,1.1116460852646426,2.32011825270587,2.3482517974495414,0.45537428088901977,1.0,1.0,4.014667611598369,6.113205510444564,True
D2,24,82,AutoETS,h1_12,1,ARIMA,7.909605979919434,6.131441593170166,1.1247100672730412,1.088141853534262,2.273202304567577,2.2924159964775175,0.5307182131944279,1.0,1.0,5.42029480585031,8.253578946269453,True
D2,24,83,AutoETS,h1,1,ARIMA,7.909605979919434,6.131441593170166,0.7513017881198161,0.5680137212788919,1.395644976105077,1.3859733424430956,0.2597468836902813,1.0,1.0,2.3257964236000603,3.541531426374676,True
D2,24,83,AutoETS,h1_6,1,ARIMA,7.909605979919434,6.131441593170166,1.3360799443234994,1.2632802231727658,2.543802172032294,2.5908221183109306,0.5151424516649454,0.8333333333333334,0.8333333333333334,3.5866303408944575,5.461425573698813,True
D2,24,83,AutoETS,h1_12,1,ARIMA,7.909605979919434,6.131441593170166,0.8840537173478951,0.9497943384242054,1.6738936757847502,1.6953683061548108,0.4843292932783926,0.9166666666666666,0.9166666666666666,4.649285524020972,7.079549450859627,True
D2,24,84,AutoETS,h1,1,ARIMA,7.909605979919434,6.131441593170166,0.8136487624968023,0.6278680502542398,1.0321231223562184,1.0268240779887967,0.27736075524108494,1.0,1.0,2.339248061173211,3.5620144732648,True
D2,24,84,AutoETS,h1_6,1,ARIMA,7.909605979919434,6.131441593170166,4.743516516549125,3.966794012250629,5.841320862716501,5.648560813504835,1.8971298340337022,0.16666666666666666,0.16666666666666666,4.222772746694892,6.430090887193674,True
D2,24,84,AutoETS,h1_12,1,ARIMA,7.909605979919434,6.131441593170166,3.347226743655503,3.0507241162980105,4.1519095802182795,4.0436272368499395,1.3348808185080703,0.5833333333333334,0.5833333333333334,5.701262320963059,8.681413160160771,True
D2,24,85,AutoETS,h1,1,ARIMA,7.909605979919434,6.131441593170166,0.4760372300067131,0.358550240244731,0.6493897469619982,0.6472880358927985,0.2149051027462764,1.0,1.0,2.3965880181271837,3.649327041759163,True
D2,24,85,AutoETS,h1_6,1,ARIMA,7.909605979919434,6.131441593170166,1.319627626407058,1.343396871788544,1.83483125875521,1.864945937615539,0.5261869615287882,0.8333333333333334,1.0,4.3262819091222875,6.587706122961807,True
D2,24,85,AutoETS,h1_12,1,ARIMA,7.909605979919434,6.131441593170166,4.4134740078238845,4.22684065811005,6.351651558938467,6.702059817804653,1.7119401432526178,0.4166666666666667,0.5833333333333334,5.841012414804526,8.89421310436754,True
D2,24,86,AutoETS,h1,1,ARIMA,7.909605979919434,6.131441593170166,4.033067841635684,3.2268780299341993,6.284699171821593,6.48859346159341,1.7498633578971654,0.0,0.0,2.256083178667477,3.4353778330257185,True
D2,24,86,AutoETS,h1_6,1,ARIMA,7.909605979919434,6.131441593170166,4.179336745143083,3.3999738449917243,6.527478742098379,6.75616496262581,1.6089203763322262,0.0,0.16666666666666666,4.0726448465562815,6.2014884734478075,True
D2,24,86,AutoETS,h1_12,1,ARIMA,7.909605979919434,6.131441593170166,3.577778506026618,3.0396603955426875,5.575642048546926,5.757828006378813,1.3442007888794667,0.3333333333333333,0.5,5.498571200287563,8.372771799104669,True
D2,24,87,AutoETS,h1,1,ARIMA,7.909605979919434,6.131441593170166,1.2218006242426385,1.0286982586819167,2.9119573814157635,2.8701683419692476,0.3995113516149986,0.0,1.0,2.2506404792640144,3.427090138201648,True
D2,24,87,AutoETS,h1_6,1,ARIMA,7.909605979919434,6.131441593170166,1.6713719258580875,1.5996307308719895,4.08333860033644,4.165636556694327,0.5836690392229671,0.6666666666666666,1.0,4.063211165444768,6.187123640058342,True
D2,24,87,AutoETS,h1_12,1,ARIMA,7.909605979919434,6.131441593170166,2.9975303338123553,2.8147501281034604,7.430020716416312,7.779065097639074,1.0164405625809794,0.3333333333333333,1.0,5.486756576992397,8.354781462862837,True
D2,24,88,AutoETS,h1,1,ARIMA,7.909605979919434,6.131441593170166,0.749017771436976,0.58053475489492,1.319182998794808,1.3105387962981208,0.25918282126188613,1.0,1.0,2.32900306003885,3.5464142285002933,True
D2,24,88,AutoETS,h1_6,1,ARIMA,7.909605979919434,6.131441593170166,1.9149189318205158,1.8658351465107528,3.486054686152624,3.5834063567171643,0.6909763297027787,0.6666666666666666,1.0,4.204278636430115,6.401929577785466,True
D2,24,88,AutoETS,h1_12,1,ARIMA,7.909605979919434,6.131441593170166,2.7886301470339125,2.5531817093361138,5.119916209333676,5.310741418384666,1.0044908637936825,0.5,0.8333333333333334,5.6762929985919195,8.643391930540096,True
D2,24,89,AutoETS,h1,1,ARIMA,7.909605979919434,6.131441593170166,2.1356067417139935,1.8102405462592883,3.575399698387228,3.640480563938682,0.8160918735310944,0.0,0.0,2.1295266668150945,3.242667989898592,True
D2,24,89,AutoETS,h1_6,1,ARIMA,7.909605979919434,6.131441593170166,2.0112398856706846,1.8953025281436566,3.376836814086352,3.4488499363420266,0.739904959305394,0.3333333333333333,0.8333333333333334,3.8441870792774098,5.853611783034323,True
D2,24,89,AutoETS,h1_12,1,ARIMA,7.909605979919434,6.131441593170166,1.3130011868769977,1.4425402483123722,2.1905676093576965,2.2232913898130438,0.6385251089626935,0.6666666666666666,0.9166666666666666,5.190125129743549,7.903095501949419,True
D2,24,90,AutoETS,h1,1,ARIMA,7.909605979919434,6.131441593170166,0.6153037037645521,0.48690789748438235,1.463874514696117,1.4532377263392027,0.23158477165137906,1.0,1.0,2.281122861867978,3.4735062023280268,True
D2,24,90,AutoETS,h1_6,1,ARIMA,7.909605979919434,6.131441593170166,2.735577290827284,2.3999196203474216,6.303231651349773,6.070672265381946,0.9580519180884473,0.16666666666666666,0.6666666666666666,4.117846077481695,6.270317188725206,True
D2,24,90,AutoETS,h1_12,1,ARIMA,7.909605979919434,6.131441593170166,2.0710327119764362,1.9384880379298892,4.811154858322557,4.671053825845636,0.8189460023502354,0.5833333333333334,0.8333333333333334,5.55959841870416,8.465699025964904,True
D2,24,91,AutoETS,h1,1,ARIMA,7.909605979919434,6.131441593170166,2.47752891724279,1.955095181839085,4.537798893731176,4.437124989390167,1.0307395270414859,0.0,0.0,1.7599300940482463,2.679876739446819,True
D2,24,91,AutoETS,h1_6,1,ARIMA,7.909605979919434,6.131441593170166,1.27428825458732,1.147920820496405,2.3588299316637746,2.3376056910791743,0.4863288814281473,0.16666666666666666,0.6666666666666666,1.7599304174444124,2.679877231887884,True
D2,24,91,AutoETS,h1_12,1,ARIMA,7.909605979919434,6.131441593170166,0.9801664193980218,0.9219519004237204,1.8163613956427156,1.8074141207990513,0.36885076901080877,0.4166666666666667,0.8333333333333334,1.7599321418678038,2.679879857697939,True
D2,24,92,AutoETS,h1,1,ARIMA,7.909605979919434,6.131441593170166,1.5255274887809738,1.2334319749138363,2.8374395642848205,2.797747368907758,0.5182334195982473,0.0,1.0,2.232605645116464,3.3996281766753054,True
D2,24,92,AutoETS,h1_6,1,ARIMA,7.909605979919434,6.131441593170166,0.7246733902075687,0.7804338993011284,1.3509196007390696,1.3350204849297391,0.3985652972588631,0.8333333333333334,1.0,4.030263582899632,6.136953772299216,True
D2,24,92,AutoETS,h1_12,1,ARIMA,7.909605979919434,6.131441593170166,1.0565799515354326,1.136029776465231,1.9596123386159254,1.9272416872073772,0.5286545689446388,0.9166666666666666,1.0,5.441351284347362,8.285642019189078,True
D2,24,93,AutoETS,h1,1,ARIMA,7.909605979919434,6.131441593170166,0.8009178829075105,0.5997242529587837,1.3800562577900561,1.3896452005657998,0.27539297805759116,1.0,1.0,2.4107084899171096,3.6708285343626423,True
D2,24,93,AutoETS,h1_6,1,ARIMA,7.909605979919434,6.131441593170166,0.9847189918334488,0.9131889857878351,1.7071342802213632,1.7299061773763242,0.43107821390111495,1.0,1.0,4.351771956302259,6.626520269475933,True
D2,24,93,AutoETS,h1_12,1,ARIMA,7.909605979919434,6.131441593170166,1.1842192731594048,1.1236066481663356,2.055817050750328,2.08646731156419,0.5708205892995157,1.0,1.0,5.8754271120340835,8.946616973653313,True
D2,24,94,AutoETS,h1,1,ARIMA,7.909605979919434,6.131441593170166,0.640853947205436,0.5557766677311362,1.0915559987030559,1.0975461641999857,0.22454751596830835,1.0,1.0,2.081433725103987,3.1694360153678813,True
D2,24,94,AutoETS,h1_6,1,ARIMA,7.909605979919434,6.131441593170166,2.411353405955551,2.550384519419738,4.213568499685294,4.352064714101576,0.9305199898153974,0.5,0.6666666666666666,3.757370479132753,5.721414607639499,True
D2,24,94,AutoETS,h1_12,1,ARIMA,7.909605979919434,6.131441593170166,2.611267119443553,2.7198010560802324,4.568510863476522,4.7249075477501075,1.0147114032659954,0.5,0.75,5.072912047030008,7.724613063933746,True
D2,24,95,AutoETS,h1,1,ARIMA,7.909605979919434,6.131441593170166,0.12092569524082686,0.10373051555827674,0.26006595235497126,0.2597282200205058,0.16094342278681864,1.0,1.0,2.104328948049808,3.2042989770414585,True
D2,24,95,AutoETS,h1_6,1,ARIMA,7.909605979919434,6.131441593170166,1.1075381870698715,1.0963719072880969,2.3477829537143653,2.3118320851764174,0.4254114314333065,1.0,1.0,3.798700565107755,5.784348661905811,True
D2,24,95,AutoETS,h1_12,1,ARIMA,7.909605979919434,6.131441593170166,1.1355932025873943,1.1530694293516972,2.4204907213133913,2.3971790440553313,0.5131625797985362,1.0,1.0,5.128712743876853,7.809581773787906,True
D2,24,96,AutoETS,h1,1,ARIMA,7.909605979919434,6.131441593170166,0.23226102030357845,0.1875996643801892,0.3258406931560722,0.3253106958429495,0.17896981444746154,1.0,1.0,2.265894891489867,3.4503183019998773,True
D2,24,96,AutoETS,h1_6,1,ARIMA,7.909605979919434,6.131441593170166,2.0529684767930787,1.9011793573895417,2.8757426701130377,2.8688587096970957,0.7493242634689755,0.5,0.6666666666666666,3.795817719957705,5.779958902512996,True
D2,24,96,AutoETS,h1_12,1,ARIMA,7.909605979919434,6.131441593170166,1.6019036304898313,1.6537095789479581,2.259854370031418,2.270544590065995,0.6963209077476501,0.6666666666666666,0.8333333333333334,5.0365355441569815,7.669221918432278,True
D2,24,97,AutoETS,h1,1,ARIMA,7.909605979919434,6.131441593170166,1.161072277412071,1.0072754588246497,2.1323744800217472,2.1098792170301306,0.3773796201568128,0.0,1.0,2.2064554822120424,3.359808860250593,True
D2,24,97,AutoETS,h1_6,1,ARIMA,7.909605979919434,6.131441593170166,1.1098380280870594,1.163932344280561,2.080667390367254,2.1023323318034097,0.4179590411207757,0.5,0.8333333333333334,2.206455509792731,3.3598089022481976,True
D2,24,97,AutoETS,h1_12,1,ARIMA,7.909605979919434,6.131441593170166,1.1479060971574229,1.2011905014598756,2.127221039463516,2.1247526284550107,0.43751942577299013,0.5,0.75,2.206455542889564,3.3598089526453285,True
D2,24,98,AutoETS,h1,1,ARIMA,7.909605979919434,6.131441593170166,1.5552746855861521,1.3192711477946375,3.6577614980280906,3.592066878397371,0.5404466088641883,0.0,0.0,2.0066782740918185,3.055604565475727,True
D2,24,98,AutoETS,h1_6,1,ARIMA,7.909605979919434,6.131441593170166,3.386209340622568,3.1543491112845436,7.735411489851578,7.3947013559146475,1.3439794437573211,0.16666666666666666,0.16666666666666666,3.624610617260746,5.519258813516682,True
D2,24,98,AutoETS,h1_12,1,ARIMA,7.909605979919434,6.131441593170166,2.9683944529265913,2.741266819233592,6.825021178324096,6.56323635454348,1.0963992363779838,0.5,0.5833333333333334,4.897251299214736,7.457131330599018,True
D2,24,99,AutoETS,h1,1,ARIMA,7.909605979919434,6.131441593170166,0.5520466314604474,0.4495195434777726,0.8878005753006563,0.8917590964951462,0.21740551301524308,1.0,1.0,2.2168367397484103,3.375616585052857,True
D2,24,99,AutoETS,h1_6,1,ARIMA,7.909605979919434,6.131441593170166,0.8790176981365722,0.7773654222923339,1.3971163437527614,1.3870577829083999,0.3742397900687191,1.0,1.0,4.001797810099124,6.093608435654059,True
D2,24,99,AutoETS,h1_12,1,ARIMA,7.909605979919434,6.131441593170166,1.977478588151801,1.9918302721690648,3.2340657318683066,3.3068604233725476,0.7138004081046108,0.75,1.0,5.402918991718861,8.227120486199194,True
D2,24,100,AutoETS,h1,1,ARIMA,7.909605979919434,6.131441593170166,1.357242954683071,1.1233621044009856,2.3468765966309,2.319656854708254,0.4511785880747309,0.0,1.0,2.280540002069391,3.4726186713846774,True
D2,24,100,AutoETS,h1_6,1,ARIMA,7.909605979919434,6.131441593170166,1.9770472768758394,1.8082274035061139,3.516188821508453,3.577191537851718,0.6684178965507304,0.5,1.0,4.118506441557675,6.271322736805081,True
D2,24,100,AutoETS,h1_12,1,ARIMA,7.909605979919434,6.131441593170166,2.4603762429092595,2.47132484012959,4.438067017423356,4.583840524566263,0.8901933120264485,0.5,0.9166666666666666,5.563292641995974,8.471324285231468,True
D2,24,101,AutoETS,h1,1,ARIMA,7.909605979919434,6.131441593170166,1.6978933292181946,1.3823435039840686,3.3684700912445056,3.426174930142286,0.5840397356361676,0.0,1.0,2.2690536447054637,3.455128191493101,True
D2,24,101,AutoETS,h1_6,1,ARIMA,7.909605979919434,6.131441593170166,1.055748275903463,0.9919625393384713,2.0602667782674176,2.0615380909507515,0.3901874659821051,0.3333333333333333,1.0,2.2690536730686386,3.4551282346822023,True
D2,24,101,AutoETS,h1_12,1,ARIMA,7.909605979919434,6.131441593170166,0.7598672028191226,0.7817263594537068,1.4793815625223403,1.4766943758947242,0.3074494765225209,0.5833333333333334,1.0,2.269053707104443,3.4551282865091237,True
D2,24,102,AutoETS,h1,1,ARIMA,7.909605979919434,6.131441593170166,0.9228480580697267,0.7552710181364435,1.0266250473077436,1.0319220323340579,0.30476040271098936,1.0,1.0,2.205605722594823,3.3585149162240295,True
D2,24,102,AutoETS,h1_6,1,ARIMA,7.909605979919434,6.131441593170166,1.6870026089890793,1.9523367612082767,1.901451227542431,1.9377428487930521,0.6561997017238397,0.8333333333333334,0.8333333333333334,3.98152375967195,6.062736779820736,True
D2,24,102,AutoETS,h1_12,1,ARIMA,7.909605979919434,6.131441593170166,3.8646243676170955,3.793441975502093,4.412692495943579,4.557967580155787,1.4385775393669735,0.4166666666666667,0.4166666666666667,5.375546531317282,8.185439955716936,True
D2,24,103,AutoETS,h1,1,ARIMA,7.909605979919434,6.131441593170166,0.7597945488759112,0.6121158202351373,1.0765519424068586,1.0707881471084792,0.2613340382057316,1.0,1.0,2.2906285446492376,3.4879806739358545,True
D2,24,103,AutoETS,h1_6,1,ARIMA,7.909605979919434,6.131441593170166,1.680853604731159,1.6870236426732517,2.366128408269426,2.339546194034484,0.6880537609579451,0.6666666666666666,0.6666666666666666,4.136155852264235,6.298197807228284,True
D2,24,103,AutoETS,h1_12,1,ARIMA,7.909605979919434,6.131441593170166,1.34284348535019,1.4305582155994871,1.9086146797370747,1.905460412345374,0.6504304230551445,0.8333333333333334,0.8333333333333334,5.586200772712845,8.506206901796727,True
D2,24,104,AutoETS,h1,1,ARIMA,7.909605979919434,6.131441593170166,0.7028714719680536,0.5799795418073678,1.261450207457191,1.2535437920743466,0.24907585843351407,1.0,1.0,2.332327740932195,3.5514767790085684,True
D2,24,104,AutoETS,h1_6,1,ARIMA,7.909605979919434,6.131441593170166,0.4787136281572771,0.4839595662173607,0.8675515147453868,0.8705838942852965,0.3517901403049474,1.0,1.0,4.2122322700652814,6.414040716656857,True
D2,24,104,AutoETS,h1_12,1,ARIMA,7.909605979919434,6.131441593170166,1.5377603035904746,1.612855583650191,2.839984239845968,2.9061673071989107,0.6267560524122453,0.9166666666666666,1.0,5.690226223572919,8.664608299109695,True
D2,24,105,AutoETS,h1,1,ARIMA,7.909605979919434,6.131441593170166,0.20009340412815663,0.1606405658747228,0.39979001986074303,0.39899245385548715,0.14877677317587712,1.0,1.0,1.8783096190524213,2.8601353398073073,True
D2,24,105,AutoETS,h1_6,1,ARIMA,7.909605979919434,6.131441593170166,0.7140426685476726,0.8308754425931466,1.4248991452655175,1.4046733050866058,0.3199715854348763,0.6666666666666666,0.6666666666666666,1.8783099182933924,2.8601357954668383,True
D2,24,105,AutoETS,h1_12,1,ARIMA,7.909605979919434,6.131441593170166,1.5205024945890473,1.5838195540889488,3.034649438947622,2.9605258861866184,0.647304642631181,0.4166666666666667,0.5,1.8783114729042665,2.8601381627003635,True
D2,24,106,AutoETS,h1,1,ARIMA,7.909605979919434,6.131441593170166,0.2051714332141711,0.1606441477380783,0.4019487295079424,0.4027581701819603,0.18036562648905408,1.0,1.0,2.305474735701648,3.5105872321197666,True
D2,24,106,AutoETS,h1_6,1,ARIMA,7.909605979919434,6.131441593170166,0.5686557318245375,0.5552772253965151,1.1199902418562646,1.1283979488688476,0.35083756301764196,1.0,1.0,4.16180568606813,6.337255263666008,True
D2,24,106,AutoETS,h1_12,1,ARIMA,7.909605979919434,6.131441593170166,0.936665384990811,0.9492998357100548,1.8221301588058143,1.8139591367025445,0.5007434950570512,1.0,1.0,5.6189492943283055,8.556073655950968,True
D2,24,107,AutoETS,h1,1,ARIMA,7.909605979919434,6.131441593170166,0.20445533890859924,0.16382993481428756,0.4291532965418342,0.4282344055077528,0.16335486384647677,1.0,1.0,2.0739140444356154,3.1579856643684945,True
D2,24,107,AutoETS,h1_6,1,ARIMA,7.909605979919434,6.131441593170166,1.9720290797387292,1.8648660288954997,4.032064188032618,3.922845953474452,0.6919327189477334,0.6666666666666666,0.8333333333333334,3.745657715854884,5.7035793754509285,True
D2,24,107,AutoETS,h1_12,1,ARIMA,7.909605979919434,6.131441593170166,2.330272108599423,2.127835118947774,4.750974267099553,4.609889327938546,0.834359479516325,0.5833333333333334,0.9166666666666666,5.060145597105489,7.705173364417431,True
D2,24,108,AutoETS,h1,1,ARIMA,7.909605979919434,6.131441593170166,0.8887818138039267,0.7702322391726509,1.6726967998093767,1.6868043610928993,0.29080938418862307,1.0,1.0,2.0011360013182315,3.047165248516579,True
D2,24,108,AutoETS,h1_6,1,ARIMA,7.909605979919434,6.131441593170166,0.988830526581659,1.159802963086629,1.8200385148849763,1.7957976172323749,0.4332249648451348,0.8333333333333334,1.0,3.613734865962099,5.5026981143003795,True
D2,24,108,AutoETS,h1_12,1,ARIMA,7.909605979919434,6.131441593170166,1.5075396327181243,1.637523371897386,2.7555671149357477,2.7004449201920115,0.6023681452698394,0.8333333333333334,1.0,4.88114065219796,7.432599362912512,True
D2,24,109,AutoETS,h1,1,ARIMA,7.909605979919434,6.131441593170166,0.1817838618787188,0.14944082388074423,0.21936899911365795,0.2196098771083416,0.17102615538621913,1.0,1.0,2.195770675276101,3.3435389153988178,True
D2,24,109,AutoETS,h1_6,1,ARIMA,7.909605979919434,6.131441593170166,4.164371975484565,3.876663379866662,5.187226755405269,5.367042059921862,1.6702796252716126,0.16666666666666666,0.16666666666666666,3.963758942686125,6.035685978211149,True
D2,24,109,AutoETS,h1_12,1,ARIMA,7.909605979919434,6.131441593170166,4.086693655644597,3.735954469919557,5.081447272096198,5.24773516144447,1.5362795269682918,0.25,0.5,5.351558692386002,8.148913248321605,True
D2,24,110,AutoETS,h1,1,ARIMA,7.909605979919434,6.131441593170166,1.9197951706412375,1.478483136464192,2.712621147869257,2.67632191080054,0.6845427481824603,0.0,0.0,2.329553773870834,3.547252810210686,True
D2,24,110,AutoETS,h1_6,1,ARIMA,7.909605979919434,6.131441593170166,2.268806156331125,2.0295172679314053,3.3020187000358754,3.358041736296831,0.8263149277579502,0.3333333333333333,0.5,3.710820824899952,5.650532624298428,True
D2,24,110,AutoETS,h1_12,1,ARIMA,7.909605979919434,6.131441593170166,3.579925188337765,3.1627107898678037,5.297395209029405,5.482005647941165,1.3114631872909375,0.3333333333333333,0.5,4.85652418231057,7.395115428021236,True
D2,24,111,AutoETS,h1,1,ARIMA,7.909605979919434,6.131441593170166,0.03681368693698982,0.026843391582828956,0.07803899588624577,0.07800855733881949,0.18347913459483775,1.0,1.0,2.475576962694638,3.7696049073037083,True
D2,24,111,AutoETS,h1_6,1,ARIMA,7.909605979919434,6.131441593170166,1.2255927897823642,1.1454718760364282,2.5456334178787854,2.4947132030629096,0.49434547069317686,0.8333333333333334,1.0,4.4688714736690756,6.804829779525805,True
D2,24,111,AutoETS,h1_12,1,ARIMA,7.909605979919434,6.131441593170166,1.026806939243929,0.9235256486134891,2.1475781496934396,2.1190663166012853,0.5486069389186051,0.9166666666666666,1.0,6.033525855730135,9.18735673212419,True
D2,24,112,AutoETS,h1,1,ARIMA,7.909605979919434,6.131441593170166,0.15020431752844177,0.1290848238464551,0.3735497075163886,0.3742487099971778,0.16006077500275417,1.0,1.0,2.070091627749156,3.1521652027483618,True
D2,24,112,AutoETS,h1_6,1,ARIMA,7.909605979919434,6.131441593170166,0.29355235333728885,0.3199886293963107,0.7250026219700914,0.7213827699511778,0.1996431334206896,1.0,1.0,2.410983132128931,3.6712467369251183,True
D2,24,112,AutoETS,h1_12,1,ARIMA,7.909605979919434,6.131441593170166,1.1538675892317927,1.3875858453271408,2.7868851147751106,2.7144902647807347,0.4728678023098666,0.75,0.75,2.7562957522450984,4.197060382374026,True
D2,24,113,AutoETS,h1,1,ARIMA,7.909605979919434,6.131441593170166,2.4259139453224328,2.1019611519809898,4.249977213734326,4.342249521344643,0.9667090572147905,0.0,0.0,2.0833037352752966,3.172283512991571,True
D2,24,113,AutoETS,h1_6,1,ARIMA,7.909605979919434,6.131441593170166,4.2239635631910994,3.776530306928409,7.537363957862612,7.854544274718803,1.6705223251944834,0.0,0.16666666666666666,3.760746191233816,5.7265548642720185,True
D2,24,113,AutoETS,h1_12,1,ARIMA,7.909605979919434,6.131441593170166,2.8832869288713936,2.95208071727645,5.123769818163526,5.316258873262527,1.2001160045294719,0.4166666666666667,0.5833333333333334,5.077469673348699,7.731553042288489,True
D2,24,114,AutoETS,h1,1,ARIMA,7.909605979919434,6.131441593170166,0.6504260796451128,0.5212287171052045,1.1088763069718985,1.1027621727439951,0.23723124889502492,1.0,1.0,2.2774589680958113,3.467927126358459,True
D2,24,114,AutoETS,h1_6,1,ARIMA,7.909605979919434,6.131441593170166,1.4458919265120547,1.4507739563279936,2.518281668351792,2.560297173471727,0.5362875653807906,0.8333333333333334,1.0,4.1128694738501625,6.262739226192099,True
D2,24,114,AutoETS,h1_12,1,ARIMA,7.909605979919434,6.131441593170166,1.7786334474950556,1.7187408662185732,3.113628580785701,3.181746832104949,0.6853110747256991,0.75,1.0,5.555558975850922,8.459548094755005,True
D2,24,115,AutoETS,h1,1,ARIMA,7.909605979919434,6.131441593170166,3.68472413833493,3.0219724930792844,7.487296177649179,7.778495682610531,1.5858211472794081,0.0,0.0,2.170384508033067,3.304882948705383,True
D2,24,115,AutoETS,h1_6,1,ARIMA,7.909605979919434,6.131441593170166,2.028872634642423,1.9988744239104093,4.09152335949015,4.2171283238679935,0.8626599611649781,0.5,0.5,3.919792902461763,5.968738109701314,True
D2,24,115,AutoETS,h1_12,1,ARIMA,7.909605979919434,6.131441593170166,2.04057897201907,1.8734673660270036,4.099735568673348,4.208723922755354,0.8041168748283744,0.75,0.75,5.295230133291427,8.063140753269332,True
D2,24,116,AutoETS,h1,1,ARIMA,7.909605979919434,6.131441593170166,1.9160952316732809,1.5116654228081128,3.001617978267204,2.9572355217272692,0.6735473198747658,0.0,0.0,2.4069260776879626,3.6650689882385064,True
D2,24,116,AutoETS,h1_6,1,ARIMA,7.909605979919434,6.131441593170166,3.1584752821059205,2.5533582083363795,4.894286757606412,4.772024202572381,1.2947373415348318,0.0,0.0,2.406926107774535,3.665069034051877,True
D2,24,116,AutoETS,h1_12,1,ARIMA,7.909605979919434,6.131441593170166,3.6515230396724694,3.0098388301492722,5.62929801015254,5.462431746644323,1.5422592931286787,0.0,0.08333333333333333,2.4069261438784273,3.6650690890279107,True
D2,24,117,AutoETS,h1,1,ARIMA,7.909605979919434,6.131441593170166,2.686183433949503,2.0396522530187577,4.681366450318746,4.5742966558267835,1.0629010876413776,0.0,0.0,2.370465486463589,3.609549799914434,True
D2,24,117,AutoETS,h1_6,1,ARIMA,7.909605979919434,6.131441593170166,1.3785033729931673,1.345413306139658,2.4111549073199243,2.3645560553370855,0.5782081213781508,0.6666666666666666,0.8333333333333334,3.957312540710278,6.025869927694931,True
D2,24,117,AutoETS,h1_12,1,ARIMA,7.909605979919434,6.131441593170166,2.0931394413676703,1.797387167676584,3.64826649878208,3.5654874326630193,0.7583384999779996,0.6666666666666666,0.9166666666666666,5.2451408075462895,7.986868849394897,True
D2,24,118,AutoETS,h1,1,ARIMA,7.909605979919434,6.131441593170166,0.28862799774331716,0.23042544063959894,0.49515429179485443,0.4939314304566395,0.1851232510728916,1.0,1.0,2.307127751325308,3.513104308300701,True
D2,24,118,AutoETS,h1_6,1,ARIMA,7.909605979919434,6.131441593170166,1.896974797749005,1.6589940020744542,3.3272396611850166,3.3949171664122924,0.6492585091675119,0.6666666666666666,0.8333333333333334,4.166502768021015,6.344407593586041,True
D2,24,118,AutoETS,h1_12,1,ARIMA,7.909605979919434,6.131441593170166,1.6007975408323496,1.4191964775729826,2.774409348282183,2.7975952838241867,0.6417681490993337,0.8333333333333334,0.9166666666666666,5.628094457227299,8.569999157545801,True
D2,24,119,AutoETS,h1,1,ARIMA,7.909605979919434,6.131441593170166,1.4747562879279348,1.1970752274825776,2.671588800869744,2.707758892533484,0.49413920584890314,0.0,1.0,2.362045476203475,3.596728501092248,True
D2,24,119,AutoETS,h1_6,1,ARIMA,7.909605979919434,6.131441593170166,1.0633828083558565,1.041235192766806,1.8911547469238486,1.882101302832217,0.40815944624794837,0.5,0.8333333333333334,2.4915367736658025,3.7939071942708087,True
D2,24,119,AutoETS,h1_12,1,ARIMA,7.909605979919434,6.131441593170166,0.9963687413880985,0.9373467071223915,1.7697850161017195,1.7589488155785968,0.3730461793772517,0.6666666666666666,0.9166666666666666,2.636444965887851,4.014561466281063,True
D2,24,120,AutoETS,h1,1,ARIMA,7.909605979919434,6.131441593170166,0.06752364268702193,0.05585631117042018,0.1499939200950499,0.15010649540343635,0.1572473110572808,1.0,1.0,2.0943775839163608,3.1891458585413557,True
D2,24,120,AutoETS,h1_6,1,ARIMA,7.909605979919434,6.131441593170166,0.7135553100768928,0.6759781592477117,1.5956316002416173,1.6077859351376012,0.2692302459342658,0.6666666666666666,1.0,2.094377610116087,3.1891458984361476,True
D2,24,120,AutoETS,h1_12,1,ARIMA,7.909605979919434,6.131441593170166,0.6598955580472484,0.6297705652674948,1.4697839493237934,1.475122967154994,0.2548504287708427,0.75,1.0,2.0943776415557287,3.1891459463098477,True
D2,24,121,AutoETS,h1,1,ARIMA,7.909605979919434,6.131441593170166,1.3546545113265906,1.071888958138073,2.2380913366557795,2.2634200405759097,0.4501462951451742,0.0,1.0,2.281304051401874,3.4737821028419082,True
D2,24,121,AutoETS,h1_6,1,ARIMA,7.909605979919434,6.131441593170166,0.9289576749492069,0.7711503213303816,1.5235474577496946,1.5295314049655202,0.41358570416269563,0.8333333333333334,1.0,4.118173157896317,6.270815239868282,True
D2,24,121,AutoETS,h1_12,1,ARIMA,7.909605979919434,6.131441593170166,1.8906334514724168,1.889073587389042,3.024457845228049,2.9642394958363716,0.7144658285915244,0.75,1.0,5.560040017472476,8.466371456234363,True
D2,24,122,AutoETS,h1,1,ARIMA,7.909605979919434,6.131441593170166,0.21448992383192453,0.17187013810899346,0.2505501661832167,0.2502366819719506,0.17701967946654196,1.0,1.0,2.2527572504455096,3.430313383188041,True
D2,24,122,AutoETS,h1_6,1,ARIMA,7.909605979919434,6.131441593170166,0.9680703221935893,0.9039631668665373,1.1322897260069198,1.1324773549483362,0.41458051670342866,1.0,1.0,4.066640934749611,6.192346210552942,True
D2,24,122,AutoETS,h1_12,1,ARIMA,7.909605979919434,6.131441593170166,1.0792779406190116,0.9939390307202527,1.2682528131905368,1.2743898422656592,0.5136456932402483,1.0,1.0,5.490465181277057,8.360428620322045,True
D2,24,123,AutoETS,h1,1,ARIMA,7.909605979919434,6.131441593170166,0.05767943975543961,0.043241137026371466,0.10934200102729044,0.10928225532492045,0.16946819319199963,1.0,1.0,2.2685877096714386,3.454418703960607,True
D2,24,123,AutoETS,h1_6,1,ARIMA,7.909605979919434,6.131441593170166,0.9862390946210847,0.9753795189362965,1.840803048097626,1.8120515490429385,0.42755027622424224,1.0,1.0,4.097198895502797,6.238877358866344,True
D2,24,123,AutoETS,h1_12,1,ARIMA,7.909605979919434,6.131441593170166,1.0543517914193241,0.9569903346442947,1.9764113783028614,1.9539683162250905,0.5179650609409792,1.0,1.0,5.534964796253731,8.428188972561944,True
D2,24,124,AutoETS,h1,1,ARIMA,7.909605979919434,6.131441593170166,0.033126016368628934,0.026823126038135685,0.06494478424768116,0.06492370196859659,0.1652226931538081,1.0,1.0,2.2292721342414388,3.3945521805974597,True
D2,24,124,AutoETS,h1_6,1,ARIMA,7.909605979919434,6.131441593170166,2.9942278519388954,2.7984662100776667,5.651927538863838,5.448931240373136,1.1096880947597554,0.16666666666666666,0.5,4.024245983010373,6.127790666318438,True
D2,24,124,AutoETS,h1_12,1,ARIMA,7.909605979919434,6.131441593170166,2.925170331169748,2.7025623442503246,5.531138926397853,5.341292440931247,1.0711102876138152,0.3333333333333333,0.75,5.433226784742659,8.273270699678198,True
D2,24,125,AutoETS,h1,1,ARIMA,7.909605979919434,6.131441593170166,2.5274914212446915,2.152601978376136,4.585387339514427,4.692983065172413,1.013223944047607,0.0,0.0,2.1194613206237216,3.2273413088991876,True
D2,24,125,AutoETS,h1_6,1,ARIMA,7.909605979919434,6.131441593170166,1.369723267128232,1.4040760503613285,2.4691091514494956,2.510746452074686,0.5941161273156166,0.6666666666666666,0.6666666666666666,3.826017279208573,5.825944306508092,True
D2,24,125,AutoETS,h1_12,1,ARIMA,7.909605979919434,6.131441593170166,1.3995521595906,1.3449005255747941,2.5158098782697906,2.5509013176248194,0.603204944019143,0.8333333333333334,0.8333333333333334,5.16559366600495,7.865741007427172,True
D2,24,126,AutoETS,h1,1,ARIMA,7.909605979919434,6.131441593170166,1.4224621767936863,1.138709658087481,2.5003328242443406,2.4694604590249725,0.47714689054100845,0.0,1.0,2.262528779165641,3.4451926631176653,True
D2,24,126,AutoETS,h1_6,1,ARIMA,7.909605979919434,6.131441593170166,1.0491416904243425,0.9822534492984397,1.8471270161991749,1.8274340033420229,0.47096885510025716,0.6666666666666666,1.0,4.086011088414687,6.221841486769927,True
D2,24,126,AutoETS,h1_12,1,ARIMA,7.909605979919434,6.131441593170166,0.9619260831163199,0.874773602063461,1.706849825791826,1.7019359238578557,0.5188851501421562,0.8333333333333334,1.0,5.5194497787166075,8.404563980438422,True
D2,24,127,AutoETS,h1,1,ARIMA,7.909605979919434,6.131441593170166,3.6216230068089557,2.948182255372555,5.143982709240155,5.014997409435064,1.520587942991299,0.0,0.0,2.455345972685865,3.7387988203325144,True
D2,24,127,AutoETS,h1_6,1,ARIMA,7.909605979919434,6.131441593170166,2.603410729745161,2.284050182501847,3.7137530087613726,3.6359818217546462,1.0210255650002853,0.0,0.3333333333333333,2.4553460033776937,3.738798867067499,True
D2,24,127,AutoETS,h1_12,1,ARIMA,7.909605979919434,6.131441593170166,2.1530322262120296,1.9409640505666228,3.0821913807693613,3.0280876439594855,0.8262840475287038,0.16666666666666666,0.4166666666666667,2.455346040207882,3.7387989231494796,True
D2,24,128,AutoETS,h1,1,ARIMA,7.909605979919434,6.131441593170166,0.9939386532633079,0.7692983224702274,2.0538557929369934,2.0751662540984306,0.3272882138441579,1.0,1.0,2.3322747364377086,3.551396068125595,True
D2,24,128,AutoETS,h1_6,1,ARIMA,7.909605979919434,6.131441593170166,0.7597699768372502,0.8367013840314752,1.5766661361549763,1.6003924827790788,0.4389739806395856,0.8333333333333334,1.0,4.210184613723578,6.410922714061721,True
D2,24,128,AutoETS,h1_12,1,ARIMA,7.909605979919434,6.131441593170166,0.624520794310765,0.6959470663614187,1.2896605681603592,1.302585968699334,0.49655042031201113,0.9166666666666666,1.0,5.684266793970334,8.655533770055193,True
D2,24,129,AutoETS,h1,1,ARIMA,7.909605979919434,6.131441593170166,0.3164977541994109,0.2621569722904097,0.7432048562681955,0.7404533137750082,0.16769207685568946,1.0,1.0,2.0320034988922577,3.0941677340319416,True
D2,24,129,AutoETS,h1_6,1,ARIMA,7.909605979919434,6.131441593170166,0.6978137510188177,0.8262167436793088,1.661156509248927,1.6788223912648936,0.3049622251724806,0.6666666666666666,0.8333333333333334,2.130143104000125,3.2436066497232536,True
D2,24,129,AutoETS,h1_12,1,ARIMA,7.909605979919434,6.131441593170166,0.7147759833942828,0.756969869922092,1.6893607254489365,1.6948479733653279,0.2918162707540646,0.8333333333333334,0.9166666666666666,2.240791866046121,3.412093480341381,True
D2,24,130,AutoETS,h1,1,ARIMA,7.909605979919434,6.131441593170166,1.0390844466473728,0.8124012607536488,2.1564165429668067,2.179920627484113,0.3372505546342906,1.0,1.0,2.214820455630755,3.3725463534991653,True
D2,24,130,AutoETS,h1_6,1,ARIMA,7.909605979919434,6.131441593170166,1.9261270182840324,1.7121848781531277,3.8640833621380004,3.7786307792537466,0.6786838954014023,0.6666666666666666,0.8333333333333334,4.000318307519158,6.091355570859361,True
D2,24,130,AutoETS,h1_12,1,ARIMA,7.909605979919434,6.131441593170166,2.7461263871501504,2.4912614385504837,5.437046904359874,5.252100500483536,0.9864977928662684,0.5,0.8333333333333334,5.4044578282217834,8.229463699809745,True
D2,24,131,AutoETS,h1,1,ARIMA,7.909605979919434,6.131441593170166,1.4712856217674075,1.291521295633781,2.166648838537386,2.190377735419409,0.5022538315678816,0.0,1.0,2.08041301482273,3.167881761736042,True
D2,24,131,AutoETS,h1_6,1,ARIMA,7.909605979919434,6.131441593170166,1.4783592863719108,1.4691864678692461,2.1532631997829172,2.153722282773375,0.5369195734469172,0.6666666666666666,1.0,3.7564291326875545,5.719981202727116,True
D2,24,131,AutoETS,h1_12,1,ARIMA,7.909605979919434,6.131441593170166,2.2181562045709025,2.3259882401036496,3.2852363591091507,3.343730667715492,0.7861489668148268,0.6666666666666666,1.0,5.073115442207529,7.724922777374635,True
D2,24,132,AutoETS,h1,1,ARIMA,7.909605979919434,6.131441593170166,0.24536854649151427,0.1842024226632802,0.36158584611252126,0.36224075175612214,0.18488425998876812,1.0,1.0,2.3366587235530734,3.5580716429886285,True
D2,24,132,AutoETS,h1_6,1,ARIMA,7.909605979919434,6.131441593170166,1.3355778290501934,1.349689346528336,1.9327899941166162,1.9023646186041239,0.5216425708986182,0.6666666666666666,1.0,3.9291072942081393,5.982921299060724,True
D2,24,132,AutoETS,h1_12,1,ARIMA,7.909605979919434,6.131441593170166,1.028136585862644,1.0961592783471064,1.4933870560672782,1.475248108390936,0.5358595314931852,0.8333333333333334,1.0,5.218553486684886,7.946383864802817,True
D2,24,133,AutoETS,h1,1,ARIMA,7.909605979919434,6.131441593170166,2.7295028749171544,2.266428403657018,3.528636779248514,3.5920112950850807,1.1304511830362467,0.0,0.0,1.9822242731642188,3.018368024948392,True
D2,24,133,AutoETS,h1_6,1,ARIMA,7.909605979919434,6.131441593170166,2.0138191923807898,1.9541632424855049,2.6035536309402283,2.6507062617630353,0.8252635869807334,0.16666666666666666,0.5,1.9822242979420197,3.018368062677996,True
D2,24,133,AutoETS,h1_12,1,ARIMA,7.909605979919434,6.131441593170166,2.0800566735004145,2.038706062929571,2.6456221617302838,2.650826088843926,0.8646661084215055,0.25,0.4166666666666667,1.9822243276753837,3.0183681079535134,True
D2,24,134,AutoETS,h1,1,ARIMA,7.909605979919434,6.131441593170166,3.152660585498059,2.6326090212244666,7.141610820696749,6.8953898662867665,1.3152831343579974,0.0,0.0,2.208508117411289,3.362934444240343,True
D2,24,134,AutoETS,h1_6,1,ARIMA,7.909605979919434,6.131441593170166,2.147229233911579,1.9545677874204492,4.897671752377972,4.759972099793464,0.8371989153466932,0.16666666666666666,0.3333333333333333,2.644528024303647,4.02686968255928,True
D2,24,134,AutoETS,h1_12,1,ARIMA,7.909605979919434,6.131441593170166,1.6170066737288322,1.550411694025284,3.7091644475186003,3.624742981922264,0.6244065990411682,0.5833333333333334,0.6666666666666666,3.07603733222664,4.6839365519016,True
D2,24,135,AutoETS,h1,1,ARIMA,7.909605979919434,6.131441593170166,1.1722631071742435,0.937945970105886,2.209356357146795,2.1852167446145065,0.3793047606974499,0.0,1.0,2.278671841958248,3.4697739908804204,True
D2,24,135,AutoETS,h1_6,1,ARIMA,7.909605979919434,6.131441593170166,2.6533795113016563,2.3075780393904677,4.910576222923103,4.773711633421204,0.9158428986847097,0.16666666666666666,0.8333333333333334,4.115448304861997,6.2666660578696485,True
D2,24,135,AutoETS,h1_12,1,ARIMA,7.909605979919434,6.131441593170166,3.046830898817482,2.6058148423005414,5.62058685855503,5.447165640834926,1.0359693473895581,0.3333333333333333,0.9166666666666666,5.55967860429553,8.46582112598574,True
D2,24,136,AutoETS,h1,1,ARIMA,7.909605979919434,6.131441593170166,0.9548504702130408,0.8249211095340848,1.4630547302061836,1.4524298086966532,0.31094146497312175,1.0,1.0,2.082213515632851,3.1706234162237537,True
D2,24,136,AutoETS,h1_6,1,ARIMA,7.909605979919434,6.131441593170166,3.268684813086951,3.3309359356610364,5.21884649181353,5.408412714519314,1.2719147018218895,0.5,0.5,3.503019340195138,5.334109621381318,True
D2,24,136,AutoETS,h1_12,1,ARIMA,7.909605979919434,6.131441593170166,2.1597862117354443,2.4728877264003044,3.4157794625301476,3.5061068801561506,0.9034971139803588,0.75,0.75,4.652123237907904,7.083870488078386,True
D2,24,137,AutoETS,h1,1,ARIMA,7.909605979919434,6.131441593170166,0.9291041924847842,0.7529273259427871,1.2104155831988261,1.2031341217506002,0.306338460270289,1.0,1.0,2.198327575401082,3.34743235252636,True
D2,24,137,AutoETS,h1_6,1,ARIMA,7.909605979919434,6.131441593170166,1.9925777939910423,1.9869612069230593,2.6622181667715403,2.715630670153078,0.7034997638532331,0.6666666666666666,0.8333333333333334,3.9692460495805255,6.044041293108547,True
D2,24,137,AutoETS,h1_12,1,ARIMA,7.909605979919434,6.131441593170166,3.3324661795890664,3.056907357375246,4.492808078470487,4.62611483221177,1.1643170320816816,0.3333333333333333,0.8333333333333334,5.360378050666201,8.162342641450286,True
D2,24,138,AutoETS,h1,1,ARIMA,7.909605979919434,6.131441593170166,0.17167047099066496,0.12861798648110429,0.28690785699808646,0.2873200288668606,0.18611428198441624,1.0,1.0,2.409306997194526,3.668694456560091,True
D2,24,138,AutoETS,h1_6,1,ARIMA,7.909605979919434,6.131441593170166,1.1198859806361348,1.0112614219164247,1.8945399349838137,1.9209327748552825,0.45793074156612396,1.0,1.0,4.349242004318179,6.622667866760057,True
D2,24,138,AutoETS,h1_12,1,ARIMA,7.909605979919434,6.131441593170166,0.8862431822559181,0.8172109739752378,1.489097164743621,1.4996280406885285,0.5188759090864375,1.0,1.0,5.872011365844101,8.941415756404204,True
D2,24,139,AutoETS,h1,1,ARIMA,7.909605979919434,6.131441593170166,2.421457391497583,1.832763632210826,3.206351955297849,3.258592934432029,0.9274006328479077,0.0,0.0,2.397008765250423,3.6499677208591654,True
D2,24,139,AutoETS,h1_6,1,ARIMA,7.909605979919434,6.131441593170166,1.7495039807068535,1.6519907602501458,2.3208976023065957,2.3637131077567286,0.6724358602602316,0.6666666666666666,0.6666666666666666,3.9556972915078954,6.0234103591129085,True
D2,24,139,AutoETS,h1_12,1,ARIMA,7.909605979919434,6.131441593170166,3.405988245098039,3.0115225865063713,4.577765645207359,4.726896815491022,1.2553590233898473,0.4166666666666667,0.5833333333333334,5.228259298015304,7.961163075698643,True
D2,24,140,AutoETS,h1,1,ARIMA,7.909605979919434,6.131441593170166,1.800011127893301,1.4467788159249,3.392739312869316,3.33614594535789,0.6399226063564165,0.0,0.0,2.200350797069247,3.35051314801113,True
D2,24,140,AutoETS,h1_6,1,ARIMA,7.909605979919434,6.131441593170166,2.2316910451797454,1.81645310650902,4.187157415399806,4.099282982925008,0.7641540874680235,0.5,0.6666666666666666,3.9738848308829753,6.051104847595082,True
D2,24,140,AutoETS,h1_12,1,ARIMA,7.909605979919434,6.131441593170166,1.6617750032836234,1.4743367332531807,3.1306681132286935,3.077541622740209,0.675352451456059,0.75,0.8333333333333334,5.368256367953553,8.17433909478428,True
D2,24,141,AutoETS,h1,1,ARIMA,7.909605979919434,6.131441593170166,0.9796023718515408,0.887536140976176,2.2299752115977585,2.2551195146824194,0.3158454166111177,1.0,1.0,1.992393509485222,3.033852901289091,True
D2,24,141,AutoETS,h1_6,1,ARIMA,7.909605979919434,6.131441593170166,1.4591585815435508,1.3714092460661278,3.344198195663205,3.405719682762166,0.4989282272133007,0.5,1.0,3.596636522732183,5.476662164088551,True
D2,24,141,AutoETS,h1_12,1,ARIMA,7.909605979919434,6.131441593170166,0.9582207637529768,1.0342769210165128,2.188825233153428,2.2216449749541196,0.48850689178737333,0.75,1.0,4.855901446579593,7.394167177289053,True
D2,24,142,AutoETS,h1,1,ARIMA,7.909605979919434,6.131441593170166,1.4204443371832551,1.170413786431926,2.798868785975916,2.760241023760055,0.47877557982673524,0.0,1.0,2.1907124795767574,3.3358367111782843,True
D2,24,142,AutoETS,h1_6,1,ARIMA,7.909605979919434,6.131441593170166,1.5973286273366782,1.4653194989517917,3.1302727831830057,3.0710430674104323,0.6029459708807124,0.3333333333333333,1.0,3.9546387183758074,6.021798451047201,True
D2,24,142,AutoETS,h1_12,1,ARIMA,7.909605979919434,6.131441593170166,1.3399879853332683,1.2732647903102778,2.6310683088426856,2.586125197273242,0.5968774437154869,0.6666666666666666,1.0,5.339248420541803,8.130168179251477,True
D2,24,143,AutoETS,h1,1,ARIMA,7.909605979919434,6.131441593170166,0.6704089475071244,0.5178807381557976,1.330505390324176,1.3394158906360618,0.22831757458596927,1.0,1.0,1.9176437666792816,2.920030143383682,True
D2,24,143,AutoETS,h1_6,1,ARIMA,7.909605979919434,6.131441593170166,1.233913328534463,1.1619123253145933,2.4775493460971494,2.5243572016128355,0.48829054827567636,0.5,0.5,1.9994151995770002,3.0445449532133027,True
D2,24,143,AutoETS,h1_12,1,ARIMA,7.909605979919434,6.131441593170166,0.9072847422997596,0.9292744682785511,1.8168597342028334,1.846123777906953,0.3752088380196833,0.6666666666666666,0.75,2.0922065020868863,3.185839913768936,True
D2,24,144,AutoETS,h1,1,ARIMA,7.909605979919434,6.131441593170166,1.8512393311469824,1.5684653117888478,3.2805305638166034,3.335237303373087,0.6876959063720973,0.0,0.0,2.0128798059321835,3.0650477478976375,True
D2,24,144,AutoETS,h1_6,1,ARIMA,7.909605979919434,6.131441593170166,1.2181009264908016,1.1006111604489957,2.1163734907254006,2.1096781999892653,0.4207934976378479,0.5,0.8333333333333334,2.395730764264146,3.6480216861117074,True
D2,24,144,AutoETS,h1_12,1,ARIMA,7.909605979919434,6.131441593170166,1.0831105172481639,1.0822507292205419,1.8776779491116045,1.8676949274137595,0.4112696379922224,0.6666666666666666,0.9166666666666666,2.7765004384027208,4.2278264160049925,True
D2,24,145,AutoETS,h1,1,ARIMA,7.909605979919434,6.131441593170166,0.494335600033418,0.3670468189095467,0.8465673901177871,0.8429991123258209,0.21844183271559436,1.0,1.0,2.405197448405488,3.662436773799489,True
D2,24,145,AutoETS,h1_6,1,ARIMA,7.909605979919434,6.131441593170166,1.901822793934233,1.5960150285846815,3.3331404378005893,3.3989325312218597,0.6479654234632921,0.6666666666666666,1.0,4.343764543944778,6.614327240791127,True
D2,24,145,AutoETS,h1_12,1,ARIMA,7.909605979919434,6.131441593170166,2.9292431326647215,2.40230324791276,5.194190402303531,5.362326541064614,0.9850709014319644,0.5,1.0,5.867792936635319,8.934992279499149,True
D2,24,146,AutoETS,h1,1,ARIMA,7.909605979919434,6.131441593170166,0.8719243941520001,0.7191567878599622,1.658735106098514,1.6450912530278496,0.28789039556753737,1.0,1.0,2.081482396999673,3.169510128925905,True
D2,24,146,AutoETS,h1_6,1,ARIMA,7.909605979919434,6.131441593170166,0.8082961256380483,0.6960722923703062,1.548669807164688,1.5470286567133444,0.3283005410259198,1.0,1.0,3.349118252840157,5.099761708601731,True
D2,24,146,AutoETS,h1_12,1,ARIMA,7.909605979919434,6.131441593170166,0.9719152394764131,0.9829211267921695,1.844322386796139,1.825148689510052,0.43216383069326575,1.0,1.0,4.396719281545784,6.694962358072414,True
D2,24,147,AutoETS,h1,1,ARIMA,7.909605979919434,6.131441593170166,1.644361301791494,1.383539128987733,2.946687193488066,2.9039027285808445,0.5674198533673117,0.0,0.0,2.1553243207379524,3.2819505346507754,True
D2,24,147,AutoETS,h1_6,1,ARIMA,7.909605979919434,6.131441593170166,1.3672139644001495,1.2757326330831658,2.483450848726135,2.481461185250313,0.5113954463822539,0.5,0.6666666666666666,3.2161166184408096,4.897237763167421,True
D2,24,147,AutoETS,h1_12,1,ARIMA,7.909605979919434,6.131441593170166,1.3900409500323607,1.3878103036080185,2.5024837768025767,2.4785261063652952,0.5452787651310087,0.6666666666666666,0.8333333333333334,4.1263167379945,6.283215613584687,True
D2,24,148,AutoETS,h1,1,ARIMA,7.909605979919434,6.131441593170166,1.1424730502767249,0.9084131955043466,1.9571357189014642,1.9764768864618527,0.3677497429934683,1.0,1.0,2.2959187245108414,3.496036124550941,True
D2,24,148,AutoETS,h1_6,1,ARIMA,7.909605979919434,6.131441593170166,2.2491689670481376,2.0182679358630953,3.9109597406923777,4.0117974489281885,0.7723185051190296,0.5,0.8333333333333334,3.928293186482751,5.9816816428016155,True
D2,24,148,AutoETS,h1_12,1,ARIMA,7.909605979919434,6.131441593170166,2.816707737663841,2.5129670522038143,4.927215044422348,5.08680564228024,0.9859327350046686,0.4166666666666667,0.8333333333333334,5.240447283038658,7.979721936459793,True
D2,24,149,AutoETS,h1,1,ARIMA,7.909605979919434,6.131441593170166,0.8090221546436167,0.6022835960857885,1.4207118908301442,1.4106909636980816,0.2774376342275627,1.0,1.0,2.4012994900606164,3.656501283557541,True
D2,24,149,AutoETS,h1_6,1,ARIMA,7.909605979919434,6.131441593170166,0.36938572212770854,0.33346823423701133,0.6524451348328002,0.6516123121272247,0.31119895036778344,1.0,1.0,3.8309586144536967,5.833468565244277,True
D2,24,149,AutoETS,h1_12,1,ARIMA,7.909605979919434,6.131441593170166,0.6432801735660992,0.6418053875947558,1.13868414973755,1.1399423922801666,0.4250274038301717,1.0,1.0,5.015930574066516,7.637846365363906,True
D2,24,150,AutoETS,h1,1,ARIMA,7.909605979919434,6.131441593170166,5.585685326233829,4.473290853073439,8.204390582892282,7.881092766510006,2.502123067842084,0.0,0.0,2.459542521023068,3.7451889788466888,True
D2,24,150,AutoETS,h1_6,1,ARIMA,7.909605979919434,6.131441593170166,2.3085173029973522,2.2584888083846133,3.4910333142022694,3.451922296953681,0.9265120225422633,0.3333333333333333,0.3333333333333333,2.459542551767354,3.7451890256615528,True
D2,24,150,AutoETS,h1_12,1,ARIMA,7.909605979919434,6.131441593170166,2.0165139695156786,1.9538878219489655,3.081954037264653,3.079138176573236,0.7920666891808023,0.3333333333333333,0.4166666666666667,2.4595425886604914,3.7451890818393894,True
D2,24,151,AutoETS,h1,1,ARIMA,7.909605979919434,6.131441593170166,0.27168699159249043,0.2243397994764033,0.5777778381331562,0.576113510041401,0.17312012122129516,1.0,1.0,2.156192695173901,3.2832728237916338,True
D2,24,151,AutoETS,h1_6,1,ARIMA,7.909605979919434,6.131441593170166,1.51823367011855,1.5419055047503862,3.315477483578015,3.3979543984722036,0.5610673495550818,0.6666666666666666,1.0,3.894474987320304,5.930186071692339,True
D2,24,151,AutoETS,h1_12,1,ARIMA,7.909605979919434,6.131441593170166,1.3419118812973452,1.3634657403385948,2.87886061848119,2.899192313335039,0.5785434170947272,0.8333333333333334,1.0,5.261540983090396,8.011841687300292,True
D2,24,152,AutoETS,h1,1,ARIMA,7.909605979919434,6.131441593170166,0.08417178973727243,0.07065369334795105,0.1723056984309103,0.17215737994295477,0.16228484294671006,1.0,1.0,2.1504924685853406,3.274592987759562,True
D2,24,152,AutoETS,h1_6,1,ARIMA,7.909605979919434,6.131441593170166,1.8842028774453652,1.8139149120066629,3.961188824945433,4.0679068847335875,0.6456758899982735,0.5,1.0,3.8820342053678387,5.911242272567771,True
D2,24,152,AutoETS,h1_12,1,ARIMA,7.909605979919434,6.131441593170166,1.1493819789455633,1.3479604654085413,2.4102479777997803,2.46874868093027,0.5835977343710811,0.75,1.0,5.2412234025798,7.98090374743762,True
D2,24,153,AutoETS,h1,1,ARIMA,7.909605979919434,6.131441593170166,0.9255278719426786,0.8051526517378983,2.2022881510203396,2.2268085211236484,0.3042301229481101,1.0,1.0,2.147534891076951,3.2700894320804763,True
D2,24,153,AutoETS,h1_6,1,ARIMA,7.909605979919434,6.131441593170166,0.7102144277920106,0.6694836275756092,1.677004331898057,1.682809184788667,0.2589144402459419,0.8333333333333334,1.0,2.147534917945271,3.27008947299334,True
D2,24,153,AutoETS,h1_12,1,ARIMA,7.909605979919434,6.131441593170166,0.7450753363490754,0.7944324202462639,1.7712448979604618,1.7896281310153064,0.29282679780176574,0.6666666666666666,0.9166666666666666,2.147534950187333,3.270089522088899,True
D2,24,154,AutoETS,h1,1,ARIMA,7.909605979919434,6.131441593170166,0.17215731150166608,0.14818268323426428,0.31856584815259714,0.31907407867508036,0.1632637661338615,1.0,1.0,2.097153879671971,3.19337337328324,True
D2,24,154,AutoETS,h1_6,1,ARIMA,7.909605979919434,6.131441593170166,1.2266461555640547,1.2855697790690888,2.229943082430355,2.195027944881588,0.48661540715195956,0.6666666666666666,1.0,3.785748247777864,5.764625938797827,True
D2,24,154,AutoETS,h1_12,1,ARIMA,7.909605979919434,6.131441593170166,1.5831250161380508,1.6658428426194176,2.8630008887459524,2.8041681041049964,0.6252416135377734,0.6666666666666666,1.0,5.11122552323021,7.78295367304288,True
D2,24,155,AutoETS,h1,1,ARIMA,7.909605979919434,6.131441593170166,2.226338237876548,1.778913272347048,3.1869867578304496,3.2385935313220435,0.8461402808662277,0.0,0.0,2.259114253914359,3.439993305013543,True
D2,24,155,AutoETS,h1_6,1,ARIMA,7.909605979919434,6.131441593170166,4.393526412633954,3.80669855179379,6.425354627297268,6.680561297539467,1.723991882738324,0.0,0.16666666666666666,4.078116494543566,6.209820248793405,True
D2,24,155,AutoETS,h1_12,1,ARIMA,7.909605979919434,6.131441593170166,3.8058854966796356,3.334752203344121,5.542104778571222,5.73579136590979,1.4341690145346746,0.3333333333333333,0.5,5.505958597709766,8.384020720061107,True
D2,24,156,AutoETS,h1,1,ARIMA,7.909605979919434,6.131441593170166,0.5229726156799615,0.43877793965782824,0.8517992214031166,0.8481867971360921,0.2103771836372425,1.0,1.0,2.178250709283595,3.316860952735437,True
D2,24,156,AutoETS,h1_6,1,ARIMA,7.909605979919434,6.131441593170166,1.4670526633057137,1.459364000090052,2.3856365568274405,2.3730576313912137,0.5432083653411027,0.6666666666666666,1.0,3.9334470963046533,5.989529592612604,True
D2,24,156,AutoETS,h1_12,1,ARIMA,7.909605979919434,6.131441593170166,1.415901014393886,1.3556468650159335,2.301215400567683,2.2875515348739985,0.5849329070134237,0.8333333333333334,1.0,5.312771063037024,8.089850637811036,True
D2,24,157,AutoETS,h1,1,ARIMA,7.909605979919434,6.131441593170166,0.37981675574255314,0.3218366906320053,0.7829986842361384,0.7860761672595064,0.17792042789761162,1.0,1.0,2.0262612600418564,3.08542392518432,True
D2,24,157,AutoETS,h1_6,1,ARIMA,7.909605979919434,6.131441593170166,1.4241122816163234,1.3141618609147714,2.908183758861108,2.893830582416393,0.4903227134348401,0.8333333333333334,1.0,3.65942860440503,5.572276779501735,True
D2,24,157,AutoETS,h1_12,1,ARIMA,7.909605979919434,6.131441593170166,1.6704326229693534,1.538558968431471,3.379000398605176,3.330738983543858,0.5954161475935219,0.9166666666666666,1.0,4.943386477370495,7.527382183873231,True
D2,24,158,AutoETS,h1,1,ARIMA,7.909605979919434,6.131441593170166,0.5128504662454264,0.39900987013911776,1.031561299235532,1.0369094776754346,0.2112360467749136,1.0,1.0,2.2232580443457266,3.3853944193460697,True
D2,24,158,AutoETS,h1_6,1,ARIMA,7.909605979919434,6.131441593170166,1.0520704301859116,0.8969125361423499,2.0897164833282758,2.0748665189740234,0.40687599196029056,1.0,1.0,4.015465053613021,6.114419789530621,True
D2,24,158,AutoETS,h1_12,1,ARIMA,7.909605979919434,6.131441593170166,0.8744258324338926,0.7870774641759403,1.7428011888086212,1.736322378335307,0.47891615591851444,1.0,1.0,5.42476904847407,8.260391954794397,True
D2,24,159,AutoETS,h1,1,ARIMA,7.909605979919434,6.131441593170166,2.2577974559233276,1.9149932977519426,3.742194541319917,3.6734605217585217,0.8702346757700987,0.0,0.0,2.1883465902044192,3.3322341295084548,True
D2,24,159,AutoETS,h1_6,1,ARIMA,7.909605979919434,6.131441593170166,1.3494677083872273,1.3569691049012298,2.244386821500313,2.2106861545741463,0.5815978591271913,0.5,0.8333333333333334,3.9517778851142813,6.017442209547078,True
D2,24,159,AutoETS,h1_12,1,ARIMA,7.909605979919434,6.131441593170166,1.642050694613044,1.6258554829090845,2.7706777578112307,2.770269211665906,0.6643978586541103,0.6666666666666666,0.9166666666666666,5.33769323588746,8.127800072021072,True
D2,24,160,AutoETS,h1,1,ARIMA,7.909605979919434,6.131441593170166,0.21425613873015908,0.17363157706702453,0.3571733598188193,0.3565366328834919,0.17515614380831004,1.0,1.0,2.2275074363369134,3.3918650438285227,True
D2,24,160,AutoETS,h1_6,1,ARIMA,7.909605979919434,6.131441593170166,0.5498049474966354,0.5606055164514253,0.9116293920343436,0.9051839690021148,0.33856804666984336,1.0,1.0,4.021060378909182,6.122939890505964,True
D2,24,160,AutoETS,h1_12,1,ARIMA,7.909605979919434,6.131441593170166,0.8097021136362921,0.776340864979931,1.3484898493217543,1.3450390738661633,0.4634923971287066,1.0,1.0,5.428925827594104,8.2667215560169,True
D2,24,161,AutoETS,h1,1,ARIMA,7.909605979919434,6.131441593170166,0.34287833869453127,0.2572223881718617,0.5735089271361854,0.5718690670606238,0.19634692319875666,1.0,1.0,2.4191459575383294,3.683676415817937,True
D2,24,161,AutoETS,h1_6,1,ARIMA,7.909605979919434,6.131441593170166,2.090407313026925,1.871367977665981,3.5961317503196764,3.6912679517786198,0.7268739422039769,0.6666666666666666,1.0,4.368881988650017,6.652574018914617,True
D2,24,161,AutoETS,h1_12,1,ARIMA,7.909605979919434,6.131441593170166,1.6883201872504614,1.5332455074325657,2.889176347970186,2.949567875980871,0.6920905171909575,0.8333333333333334,1.0,5.901602696096489,8.98647499932575,True
D2,24,162,AutoETS,h1,1,ARIMA,7.909605979919434,6.131441593170166,0.5966553185753459,0.440292430009728,0.9721569173463689,0.9769054442725834,0.23383254346253274,1.0,1.0,2.3758057001150164,3.6176814378678572,True
D2,24,162,AutoETS,h1_6,1,ARIMA,7.909605979919434,6.131441593170166,2.262692311327015,2.1422275620059046,3.5634844714922833,3.4652268487942277,0.8358964026339236,0.5,0.8333333333333334,4.290428831206089,6.5331120059169665,True
D2,24,162,AutoETS,h1_12,1,ARIMA,7.909605979919434,6.131441593170166,1.5734799204464573,1.6006584019434815,2.4946495258151202,2.44164777766232,0.713479218803948,0.75,0.9166666666666666,5.795327485688978,8.824647853285082,True
D2,24,163,AutoETS,h1,1,ARIMA,7.909605979919434,6.131441593170166,2.7509101946620884,2.2054339297760612,3.715333678358368,3.785658602868388,1.1093171145900182,0.0,0.0,2.2515774500582117,3.4285168802327175,True
D2,24,163,AutoETS,h1_6,1,ARIMA,7.909605979919434,6.131441593170166,1.2607958931949936,1.246182025355877,1.6933193180311241,1.715556045541597,0.5472308968025653,0.8333333333333334,0.8333333333333334,4.0645111781817915,6.1891031924887,True
D2,24,163,AutoETS,h1_12,1,ARIMA,7.909605979919434,6.131441593170166,2.971889103291902,2.9648212392057616,4.065236974862892,4.199484120336177,1.1016861628343193,0.5,0.6666666666666666,5.487589748095758,8.356050147265371,True
D2,24,164,AutoETS,h1,1,ARIMA,7.909605979919434,6.131441593170166,0.6503650581848622,0.5379420325769677,1.2165013333139725,1.209146690508096,0.22622220624932934,1.0,1.0,2.0758364926143673,3.1609130102752814,True
D2,24,164,AutoETS,h1_6,1,ARIMA,7.909605979919434,6.131441593170166,3.2355734824263425,2.880807035711946,5.882015949657374,5.689156731362259,1.2272817513129,0.16666666666666666,0.16666666666666666,3.510181337715339,5.345015321912986,True
D2,24,164,AutoETS,h1_12,1,ARIMA,7.909605979919434,6.131441593170166,2.645198193260145,2.559033084431557,4.816209273258723,4.6657306348004415,1.0212772957668168,0.5,0.5,4.669068295662663,7.109673027781032,True
D2,24,165,AutoETS,h1,1,ARIMA,7.909605979919434,6.131441593170166,1.1665950602266908,1.001965046555669,2.03298334799185,2.0538606707050437,0.38307324863711073,0.0,1.0,2.100939837319017,3.1991383180780137,True
D2,24,165,AutoETS,h1_6,1,ARIMA,7.909605979919434,6.131441593170166,3.6872331267689344,3.44408439698014,6.610330424412934,6.8817712813385725,1.4161836860113146,0.0,0.3333333333333333,3.7236179275871635,5.67001899931965,True
D2,24,165,AutoETS,h1_12,1,ARIMA,7.909605979919434,6.131441593170166,4.1277154483597425,3.7417902317534493,7.415565148756914,7.737193858169286,1.52267417719626,0.08333333333333333,0.4166666666666667,5.006957031993733,7.624182193842196,True
D2,24,166,AutoETS,h1,1,ARIMA,7.909605979919434,6.131441593170166,0.6199296429255882,0.4442015450559886,0.8689047708802813,0.8726962204275749,0.2437484638237949,1.0,1.0,2.4825280931601066,3.7801895168346746,True
D2,24,166,AutoETS,h1_6,1,ARIMA,7.909605979919434,6.131441593170166,1.08243131568458,0.8547641243572822,1.5017758693626129,1.4932457201295082,0.450730960688529,1.0,1.0,4.482824801291864,6.826076758744273,True
D2,24,166,AutoETS,h1_12,1,ARIMA,7.909605979919434,6.131441593170166,1.149696239087007,0.9145704652851546,1.5933328490927503,1.5825510514281538,0.5544413061755213,1.0,1.0,6.054663826522968,9.219543894806613,True
D2,24,167,AutoETS,h1,1,ARIMA,7.909605979919434,6.131441593170166,0.9251942557135625,0.7518801487588462,1.6884409831941438,1.6743061476040015,0.3058516954406136,1.0,1.0,2.225631464716724,3.389008468601013,True
D2,24,167,AutoETS,h1_6,1,ARIMA,7.909605979919434,6.131441593170166,1.5181693157758342,1.3847538860758635,2.8312760617428596,2.8703793837909495,0.5323070914288837,0.8333333333333334,1.0,4.019435247397347,6.120465273956216,True
D2,24,167,AutoETS,h1_12,1,ARIMA,7.909605979919434,6.131441593170166,1.7437809754122602,1.5788383366309995,3.2354865962965498,3.26443171113343,0.644731214121482,0.9166666666666666,1.0,5.429614371305331,8.26777001372669,True
D2,24,168,AutoETS,h1,1,ARIMA,7.909605979919434,6.131441593170166,1.3983463358975587,1.1183912002778296,2.8167015607566124,2.7775834426661645,0.46795656068417907,0.0,1.0,2.2569328465414142,3.4366716373531268,True
D2,24,168,AutoETS,h1_6,1,ARIMA,7.909605979919434,6.131441593170166,0.7942857389244644,0.766638711604118,1.6122191612580525,1.6021413090572496,0.4116132860748187,0.8333333333333334,1.0,4.074178653253118,6.20382402808351,True
D2,24,168,AutoETS,h1_12,1,ARIMA,7.909605979919434,6.131441593170166,1.099178787021508,1.0642677459170793,2.2248809691189853,2.2054382954857528,0.5304152186362077,0.9166666666666666,1.0,5.500642027881865,8.375925084976728,True
D2,24,169,AutoETS,h1,1,ARIMA,7.909605979919434,6.131441593170166,0.6000835988812331,0.49326463231495327,1.5301160106838225,1.5184986154651998,0.22695454288714043,1.0,1.0,2.244112254002101,3.4171494939178695,True
D2,24,169,AutoETS,h1_6,1,ARIMA,7.909605979919434,6.131441593170166,0.9459126690973356,0.9715809458164962,2.3936884912690113,2.358794481673859,0.3992450547744511,0.6666666666666666,0.8333333333333334,3.0599492305574616,4.659438914415375,True
D2,24,169,AutoETS,h1_12,1,ARIMA,7.909605979919434,6.131441593170166,0.8464376366538552,0.8654365847211677,2.14318440354564,2.11283375470124,0.39915828409919907,0.8333333333333334,0.9166666666666666,3.7974427121290724,5.782433306886528,True
D2,24,170,AutoETS,h1,1,ARIMA,7.909605979919434,6.131441593170166,0.9237208400748118,0.7059932485748698,1.5804328538458479,1.593021168806113,0.30801393454319637,1.0,1.0,2.34278341954546,3.567397826103342,True
D2,24,170,AutoETS,h1_6,1,ARIMA,7.909605979919434,6.131441593170166,2.5144854164637915,2.027719527681337,4.372452682175115,4.48204682515758,0.9817578110405655,0.16666666666666666,0.16666666666666666,2.5041896366869625,3.8131739329966727,True
D2,24,170,AutoETS,h1_12,1,ARIMA,7.909605979919434,6.131441593170166,2.029061723596596,1.7257403567936391,3.5195777151484977,3.5985021002880404,0.7780433936671528,0.3333333333333333,0.5,2.682087238652464,4.084061763782096,True
D2,24,171,AutoETS,h1,1,ARIMA,7.909605979919434,6.131441593170166,0.8389953154393267,0.7202104693710724,1.2667198821161554,1.2747939161118536,0.2785186946526947,1.0,1.0,2.0712440609778664,3.1539200332463784,True
D2,24,171,AutoETS,h1_6,1,ARIMA,7.909605979919434,6.131441593170166,1.7471299583249666,1.8165679050074226,2.6098352698376512,2.6007406276664065,0.6414251002121419,0.6666666666666666,0.6666666666666666,3.739919486708589,5.694841672250796,True
D2,24,171,AutoETS,h1_12,1,ARIMA,7.909605979919434,6.131441593170166,1.6515303584301182,1.6884899255899695,2.4541467155037795,2.4322611501604046,0.6512034456589156,0.8333333333333334,0.8333333333333334,5.050894142762024,7.691086010956657,True
D2,24,172,AutoETS,h1,1,ARIMA,7.909605979919434,6.131441593170166,1.6656726388594176,1.3945799248742436,2.993560550689669,3.0390484281199455,0.5724502670642894,0.0,1.0,2.2410580218296383,3.4124987604691186,True
D2,24,172,AutoETS,h1_6,1,ARIMA,7.909605979919434,6.131441593170166,1.3989378150144762,1.3837687530439517,2.519158176369955,2.5629641754094634,0.5801459386694441,0.5,1.0,4.04718607871561,6.1627219565378955,True
D2,24,172,AutoETS,h1_12,1,ARIMA,7.909605979919434,6.131441593170166,1.53818881186567,1.4973109168750334,2.773217964892948,2.8249999769387424,0.6447044992865328,0.75,1.0,5.4669225883431345,8.324579896896465,True
D2,24,173,AutoETS,h1,1,ARIMA,7.909605979919434,6.131441593170166,0.5846904367711666,0.5038305889786588,1.1180354540598125,1.1118201821489042,0.2147564992211566,1.0,1.0,2.073824363546275,3.157849105689202,True
D2,24,173,AutoETS,h1_6,1,ARIMA,7.909605979919434,6.131441593170166,0.46323106475107767,0.49347129063744,0.884745369082683,0.8788194277009298,0.31561565233532163,1.0,1.0,3.74518961861307,5.702866595486328,True
D2,24,173,AutoETS,h1_12,1,ARIMA,7.909605979919434,6.131441593170166,0.6562614437623522,0.7161753974057393,1.2493286251085844,1.237007594913943,0.4245693057378866,1.0,1.0,5.059011937698745,7.7034471211508,True
D2,24,174,AutoETS,h1,1,ARIMA,7.909605979919434,6.131441593170166,1.6380444381114045,1.3608227766248664,2.570928401328694,2.6044071225283485,0.5660243079984681,0.0,0.0,2.140409969224917,3.259240187325684,True
D2,24,174,AutoETS,h1_6,1,ARIMA,7.909605979919434,6.131441593170166,1.8331173755642018,1.612889355782723,2.886633975160262,2.934339673169482,0.6306670251944729,0.5,0.8333333333333334,3.8649438879039235,5.885218543332052,True
D2,24,174,AutoETS,h1_12,1,ARIMA,7.909605979919434,6.131441593170166,1.8291247847107388,1.5921012306121238,2.879238709519974,2.9256306729306156,0.6610464146696821,0.75,0.9166666666666666,5.219966164682544,7.948534974621928,True
D2,24,175,AutoETS,h1,1,ARIMA,7.909605979919434,6.131441593170166,1.9862909940202407,1.7021613508964908,3.530819030343963,3.5942726619187013,0.7412373507415534,0.0,0.0,2.1311903539007204,3.245201315703725,True
D2,24,175,AutoETS,h1_6,1,ARIMA,7.909605979919434,6.131441593170166,2.4942660489473285,2.3525578215239613,4.473669251051903,4.597827921766879,0.95516173636846,0.16666666666666666,0.5,3.8485832555165684,5.860305918492126,True
D2,24,175,AutoETS,h1_12,1,ARIMA,7.909605979919434,6.131441593170166,2.4256858309016556,2.220540391705321,4.251553550188007,4.2716497476324315,0.8874566790910731,0.5,0.75,5.198339816936253,7.915604151698631,True
D2,24,176,AutoETS,h1,1,ARIMA,7.909605979919434,6.131441593170166,1.68607747057708,1.3433771853165297,2.6070058462634065,2.6414370554944613,0.5764875742055586,0.0,1.0,2.357048981954009,3.5891202507627367,True
D2,24,176,AutoETS,h1_6,1,ARIMA,7.909605979919434,6.131441593170166,1.667822069396452,1.5538354861188133,2.5813364298905697,2.618888931208807,0.6527475308730335,0.3333333333333333,0.6666666666666666,2.3570490114306426,3.5891202956473265,True
D2,24,176,AutoETS,h1_12,1,ARIMA,7.909605979919434,6.131441593170166,1.5128878377031463,1.427302144090916,2.3158860997178,2.324055739516222,0.585506758595516,0.4166666666666667,0.6666666666666666,2.3570490468025174,3.589120349508708,True
D2,24,177,AutoETS,h1,1,ARIMA,7.909605979919434,6.131441593170166,0.9721573144650775,0.7548420521399094,1.6041293877811769,1.6170995725173947,0.3207791548938515,1.0,1.0,2.3113781226177617,3.5195764239825498,True
D2,24,177,AutoETS,h1_6,1,ARIMA,7.909605979919434,6.131441593170166,3.0035444530888094,2.7099413121379237,5.086086799262845,5.269113621855239,1.1011811156344133,0.3333333333333333,0.5,4.174022929522241,6.355858676758133,True
D2,24,177,AutoETS,h1_12,1,ARIMA,7.909605979919434,6.131441593170166,2.661908248202876,2.403761424596651,4.485833278736908,4.6239774014797375,1.001715080817966,0.5,0.75,5.637997753090206,8.58507908163859,True
D2,24,178,AutoETS,h1,1,ARIMA,7.909605979919434,6.131441593170166,0.3628573826281497,0.2991447393997632,0.6349729829210169,0.6369953571311388,0.18398539752044238,1.0,1.0,2.1834496927213256,3.324777536939913,True
D2,24,178,AutoETS,h1_6,1,ARIMA,7.909605979919434,6.131441593170166,2.0851626230556795,2.110389066412513,3.5414395566021177,3.4511005917678785,0.779971847776349,0.5,0.8333333333333334,3.564133576164508,5.4271693514110675,True
D2,24,178,AutoETS,h1_12,1,ARIMA,7.909605979919434,6.131441593170166,1.540251608911539,1.6719415521457597,2.6349636858464325,2.586351576340067,0.6638515024348065,0.6666666666666666,0.9166666666666666,4.696205234472939,7.150994925362858,True
D2,24,179,AutoETS,h1,1,ARIMA,7.909605979919434,6.131441593170166,0.6581775427829831,0.5626448237959943,1.0092133517550863,1.0143317374176402,0.23431721213052273,1.0,1.0,2.2031043713530183,3.354706064365235,True
D2,24,179,AutoETS,h1_6,1,ARIMA,7.909605979919434,6.131441593170166,2.110593247270165,2.032493563821124,3.287369200612858,3.35800394662887,0.7408525569700449,0.3333333333333333,0.6666666666666666,3.7567706264057557,5.720501201262955,True
D2,24,179,AutoETS,h1_12,1,ARIMA,7.909605979919434,6.131441593170166,1.284540581524397,1.478358309823993,1.9934965948039742,2.0289048212990966,0.6141512541161372,0.6666666666666666,0.8333333333333334,5.007070538258832,7.624355031843348,True
D2,24,180,AutoETS,h1,1,ARIMA,7.909605979919434,6.131441593170166,0.8094270907404061,0.64406992892331,1.0493428286365727,1.043865962328437,0.2746359770475389,1.0,1.0,2.2685387228076404,3.454344110795079,True
D2,24,180,AutoETS,h1_6,1,ARIMA,7.909605979919434,6.131441593170166,1.8361189378498042,1.7470441859857577,2.3941092220023537,2.397014292284183,0.6556556640470266,0.5,1.0,4.095129393284482,6.235726091167793,True
D2,24,180,AutoETS,h1_12,1,ARIMA,7.909605979919434,6.131441593170166,2.3212696218608673,2.0664616488481897,3.0633747957725377,3.1040905460022126,0.8101740121569961,0.5833333333333334,1.0,5.528928102435746,8.418996791917566,True
D2,24,181,AutoETS,h1,1,ARIMA,7.909605979919434,6.131441593170166,1.1496699482795676,0.8336201780822367,1.7794485819817722,1.7637560162711945,0.37356823105809817,1.0,1.0,2.469918566646261,3.76098876737639,True
D2,24,181,AutoETS,h1_6,1,ARIMA,7.909605979919434,6.131441593170166,0.5050117584236218,0.4938262464973039,0.7882457188547807,0.7879173256224916,0.3853868711207027,1.0,1.0,4.460390176245904,6.791915157654428,True
D2,24,181,AutoETS,h1_12,1,ARIMA,7.909605979919434,6.131441593170166,1.2717838298239348,1.1772859253999572,1.9571858441600574,1.9294221297877971,0.5857561826748091,1.0,1.0,6.024911278717683,9.174239163060557,True
D2,24,182,AutoETS,h1,1,ARIMA,7.909605979919434,6.131441593170166,2.7344373152936554,2.122132833472178,4.2914509406318855,4.201302522325325,1.0688210644895955,0.0,0.0,2.5244998289411713,3.844100622630431,True
D2,24,182,AutoETS,h1_6,1,ARIMA,7.909605979919434,6.131441593170166,2.530747864125098,2.05475198495091,3.970751801796012,3.8865218055364985,0.9915087871936764,0.16666666666666666,0.16666666666666666,2.524499860515574,3.8441006707093357,True
D2,24,182,AutoETS,h1_12,1,ARIMA,7.909605979919434,6.131441593170166,1.9321961114192971,1.6407068799136684,3.0535501281730135,3.0104512211099377,0.7201629307441137,0.3333333333333333,0.5,2.524499898404976,3.844100728404201,True
D2,24,183,AutoETS,h1,1,ARIMA,7.909605979919434,6.131441593170166,3.476754601646478,2.8722901352756565,4.625304671616501,4.520755318155013,1.4970518576178964,0.0,0.0,2.041658693171906,3.108869869447667,True
D2,24,183,AutoETS,h1_6,1,ARIMA,7.909605979919434,6.131441593170166,3.1524172461095175,2.8322161383567788,4.187112249303369,4.08676133147232,1.2590129016928122,0.3333333333333333,0.5,3.3878689741560266,5.158768118596295,True
D2,24,183,AutoETS,h1_12,1,ARIMA,7.909605979919434,6.131441593170166,3.606382317433743,3.130018491553519,4.7819474570307285,4.659579283943833,1.3460564124821082,0.25,0.5,4.48404831401967,6.827939823255041,True
D2,24,184,AutoETS,h1,1,ARIMA,7.909605979919434,6.131441593170166,3.4799683552905787,2.885083478309317,6.32658168317704,6.132590024577412,1.482626210060074,0.0,0.0,2.177296868487748,3.3154085224539385,True
D2,24,184,AutoETS,h1_6,1,ARIMA,7.909605979919434,6.131441593170166,3.7626000773401187,3.1458893478989944,6.8190455824214915,6.590871623744954,1.4167216001103673,0.0,0.0,3.9304210743271972,5.9849218153276595,True
D2,24,184,AutoETS,h1_12,1,ARIMA,7.909605979919434,6.131441593170166,2.9125496684404353,2.617457074317058,5.30140430102102,5.14571354593132,1.1152152959677089,0.4166666666666667,0.5,5.306551623958347,8.080380187720023,True
D2,24,185,AutoETS,h1,1,ARIMA,7.909605979919434,6.131441593170166,0.46342731074064913,0.3805717675269676,0.816207062300182,0.8128896310116704,0.20157812071378045,1.0,1.0,2.198141689446082,3.3471493006888564,True
D2,24,185,AutoETS,h1_6,1,ARIMA,7.909605979919434,6.131441593170166,1.8238721696960136,1.8023129765772001,3.301582964172149,3.381821851091291,0.6587663786154239,0.5,1.0,3.9680498078136335,6.042219754573182,True
D2,24,185,AutoETS,h1_12,1,ARIMA,7.909605979919434,6.131441593170166,1.9479311325934154,1.850991983848395,3.4550160216996852,3.4692344750358157,0.7212033819049919,0.75,1.0,5.357355039931818,8.15773944943852,True
D2,24,186,AutoETS,h1,1,ARIMA,7.909605979919434,6.131441593170166,1.9170559159614917,1.4116037771435013,2.528965134186583,2.5613529963066015,0.6959258346106264,0.0,0.0,2.2216634139476317,3.382966247382699,True
D2,24,186,AutoETS,h1_6,1,ARIMA,7.909605979919434,6.131441593170166,3.962119383377613,3.391715660144657,5.0656757348011485,4.909773792190386,1.7888528997154796,0.16666666666666666,0.16666666666666666,2.221663765710955,3.382966783018932,True
D2,24,186,AutoETS,h1_12,1,ARIMA,7.909605979919434,6.131441593170166,4.96234631263335,3.965018144910516,6.397064627372163,6.170951042487303,2.253768461865634,0.08333333333333333,0.08333333333333333,2.221665593026908,3.38296956550531,True
D2,24,187,AutoETS,h1,1,ARIMA,7.909605979919434,6.131441593170166,1.3227486788532512,1.0687981604775048,1.8240498296110828,1.8408387375388284,0.44081221178450103,0.0,1.0,2.189837974101102,3.3345050861946492,True
D2,24,187,AutoETS,h1_6,1,ARIMA,7.909605979919434,6.131441593170166,2.3474742235952903,2.0794598210921804,3.15534576411935,3.1053091510526767,0.8428676688530498,0.16666666666666666,0.6666666666666666,3.267358718322899,4.975265016646887,True
D2,24,187,AutoETS,h1_12,1,ARIMA,7.909605979919434,6.131441593170166,2.2917547515197385,2.042603624093295,3.077313233331666,3.02527474909345,0.8123593352969849,0.4166666666666667,0.8333333333333334,4.191173548379544,6.381974227994081,True
D2,24,188,AutoETS,h1,1,ARIMA,7.909605979919434,6.131441593170166,0.21073087440384017,0.1680208774095936,0.4421669440068573,0.441191542426675,0.18641470528376458,1.0,1.0,2.3837972345037275,3.6298502888882593,True
D2,24,188,AutoETS,h1_6,1,ARIMA,7.909605979919434,6.131441593170166,0.6024534094935655,0.6040288321002069,1.2551273147009698,1.2436466324893285,0.26384234047828226,0.8333333333333334,1.0,2.383797264327555,3.6298503343015374,True
D2,24,188,AutoETS,h1_12,1,ARIMA,7.909605979919434,6.131441593170166,0.5428764431427947,0.5397957783999605,1.131973172429015,1.1225409866537848,0.24693044541898754,0.9166666666666666,1.0,2.3837973001162034,3.629850388797545,True
D2,24,189,AutoETS,h1,1,ARIMA,7.909605979919434,6.131441593170166,1.9851623865724584,1.7427507607231327,2.9344073896338023,2.9781022153731813,0.7531799772964981,0.0,0.0,2.0253793685793173,3.0840810534275684,True
D2,24,189,AutoETS,h1_6,1,ARIMA,7.909605979919434,6.131441593170166,1.8765317579445027,1.7513011254898774,2.7669298776326396,2.8016340164089923,0.6929338227338215,0.5,0.6666666666666666,3.6570135818178993,5.568599381815107,True
D2,24,189,AutoETS,h1_12,1,ARIMA,7.909605979919434,6.131441593170166,1.6632179404843763,1.5674425750003211,2.4270261689714845,2.432157610061589,0.6522368156096152,0.75,0.8333333333333334,4.938778160838618,7.520365018632666,True
D2,24,190,AutoETS,h1,1,ARIMA,7.909605979919434,6.131441593170166,0.8467994026009391,0.6958724495481531,1.3001490646258846,1.308656305986611,0.2834395996305985,1.0,1.0,2.1966684183146166,3.344905924631229,True
D2,24,190,AutoETS,h1_6,1,ARIMA,7.909605979919434,6.131441593170166,3.850859186419908,3.4138575361603474,6.082599613764689,6.3070963900153725,1.499514902846342,0.16666666666666666,0.3333333333333333,3.9653902826073626,6.038170048415893,True
D2,24,190,AutoETS,h1_12,1,ARIMA,7.909605979919434,6.131441593170166,2.2659016434523633,2.4544625836780782,3.560655274287114,3.6729353957996,1.0159421068920682,0.5833333333333334,0.6666666666666666,5.353764353963213,8.15227184828864,True
D2,24,191,AutoETS,h1,1,ARIMA,7.909605979919434,6.131441593170166,0.393711759583624,0.3427147331264722,0.9000056464169234,0.8959737392948898,0.19092398809862723,1.0,1.0,2.21520361224604,3.37312979286664,True
D2,24,191,AutoETS,h1_6,1,ARIMA,7.909605979919434,6.131441593170166,0.6690297065003874,0.6345583308697181,1.534438789702539,1.5328843675275308,0.25112248943191956,0.8333333333333334,1.0,2.2152036399613517,3.3731298350692316,True
D2,24,191,AutoETS,h1_12,1,ARIMA,7.909605979919434,6.131441593170166,0.7223034152422861,0.7368994897410717,1.6698009895498516,1.6815919088401532,0.2763275835524641,0.8333333333333334,0.9166666666666666,2.2152036732197584,3.3731298857123972,True
D2,24,192,AutoETS,h1,1,ARIMA,7.909605979919434,6.131441593170166,0.0781048744646582,0.05990966303561674,0.11191968918069439,0.11185709412465895,0.17681706761301025,1.0,1.0,2.3533764383258573,3.5835280035041714,True
D2,24,192,AutoETS,h1_6,1,ARIMA,7.909605979919434,6.131441593170166,1.0477853151065992,0.981774635008852,1.5192936457608135,1.5367865083789436,0.4478700001139843,0.8333333333333334,1.0,4.248277064507729,6.468926763853353,True
D2,24,192,AutoETS,h1_12,1,ARIMA,7.909605979919434,6.131441593170166,1.4675266694226718,1.4246579107748005,2.140155639391886,2.1777614722655656,0.6265694286344032,0.8333333333333334,1.0,5.735696285301307,8.733846367814358,True
D2,24,193,AutoETS,h1,1,ARIMA,7.909605979919434,6.131441593170166,5.116329961082078,3.526301910419726,5.261174464063694,5.403313334754418,2.257262238215561,0.0,0.0,2.5456938626456433,3.8763731533018353,True
D2,24,193,AutoETS,h1_6,1,ARIMA,7.909605979919434,6.131441593170166,4.445861921392168,3.402194510767917,4.580668727734802,4.714943585821159,1.8690402433566908,0.16666666666666666,0.16666666666666666,3.5999505846146453,5.481708544840814,True
D2,24,193,AutoETS,h1_12,1,ARIMA,7.909605979919434,6.131441593170166,4.779001096934758,3.5544294275327615,4.926009236276843,5.072603562045593,1.9006489417761374,0.08333333333333333,0.16666666666666666,4.531165758166017,6.89968639035848,True
D2,24,194,AutoETS,h1,1,ARIMA,7.909605979919434,6.131441593170166,0.584449685664509,0.4928635471497472,1.2056248515505534,1.1984007429613988,0.21849449240423666,1.0,1.0,2.140615611382376,3.259553322282753,True
D2,24,194,AutoETS,h1_6,1,ARIMA,7.909605979919434,6.131441593170166,2.271703360786109,2.0735265153691236,4.588130418867836,4.468757591733302,0.7979306218785365,0.5,0.6666666666666666,3.8642046625707662,5.884092911818481,True
D2,24,194,AutoETS,h1_12,1,ARIMA,7.909605979919434,6.131441593170166,1.9440803060180243,1.8421860252044875,3.934675684138921,3.8399959067984644,0.7427370611748622,0.6666666666666666,0.8333333333333334,5.217151327986515,7.944248772907129,True
D2,24,195,AutoETS,h1,1,ARIMA,7.909605979919434,6.131441593170166,0.13945775625603238,0.11396792931110841,0.32042130425445337,0.3209354770751831,0.1696338701891141,1.0,1.0,2.2088580127209223,3.363467236028309,True
D2,24,195,AutoETS,h1_6,1,ARIMA,7.909605979919434,6.131441593170166,0.6213079131913463,0.6500061416397063,1.4168565699752536,1.4089269635426727,0.35940653483206997,1.0,1.0,3.9873947411795614,6.071676627393767,True
D2,24,195,AutoETS,h1_12,1,ARIMA,7.909605979919434,6.131441593170166,0.6280007085524308,0.649369651409553,1.4430634734435623,1.4459748987302998,0.45160013995040876,1.0,1.0,5.383473078082706,8.197509848931805,True
D2,24,196,AutoETS,h1,1,ARIMA,7.909605979919434,6.131441593170166,0.275362472622386,0.20814667492555322,0.44547394738084717,0.4464683975780967,0.19388357423869582,1.0,1.0,2.436713706696985,3.7104271387551395,True
D2,24,196,AutoETS,h1_6,1,ARIMA,7.909605979919434,6.131441593170166,1.6319748693860068,1.4723407670289272,2.6584890238145187,2.684847868208305,0.612310434415845,0.8333333333333334,0.8333333333333334,4.400494108135246,6.7007103534085735,True
D2,24,196,AutoETS,h1_12,1,ARIMA,7.909605979919434,6.131441593170166,1.7951857049919528,1.650881602026894,2.9482304778295245,3.002168887965519,0.7325420553065014,0.8333333333333334,0.9166666666666666,5.944117648526185,9.051213270737973,True
D2,24,197,AutoETS,h1,1,ARIMA,7.909605979919434,6.131441593170166,0.3298109843796385,0.2764519969512266,0.6058968379355436,0.6040668270335366,0.1768263104526062,1.0,1.0,2.154256325728977,3.2803242797261847,True
D2,24,197,AutoETS,h1_6,1,ARIMA,7.909605979919434,6.131441593170166,0.5909618720338531,0.6763381296989824,1.0838879368828027,1.0790736333905802,0.342578763295616,1.0,1.0,3.8904296965871152,5.9240262358120255,True
D2,24,197,AutoETS,h1_12,1,ARIMA,7.909605979919434,6.131441593170166,1.2158402131361665,1.2599818396847338,2.2288312060725146,2.2187464859170536,0.5258341725144713,0.9166666666666666,1.0,5.25517850474798,8.002153428787794,True
D2,24,198,AutoETS,h1,1,ARIMA,7.909605979919434,6.131441593170166,1.0227361758897875,0.7699213508852926,2.2076211299398527,2.2322610633953204,0.3367263442746828,1.0,1.0,2.3978236453248196,3.651208553187785,True
D2,24,198,AutoETS,h1_6,1,ARIMA,7.909605979919434,6.131441593170166,1.4066371124073949,1.1078966988783576,3.035856609494085,3.0703661843881083,0.5027021475810338,1.0,1.0,4.3285124433447235,6.591102596946447,True
D2,24,198,AutoETS,h1_12,1,ARIMA,7.909605979919434,6.131441593170166,1.0440924106383243,0.8858340873794049,2.250245286970263,2.272418477769837,0.5399714847469043,1.0,1.0,5.844023910208326,8.898798761781364,True
D2,24,199,AutoETS,h1,1,ARIMA,7.909605979919434,6.131441593170166,1.1620808009670407,0.9659981052577205,1.8026039769335427,1.7865021971070143,0.3833210558726421,0.0,1.0,2.0413255653491835,3.108362609809096,True
D2,24,199,AutoETS,h1_6,1,ARIMA,7.909605979919434,6.131441593170166,2.3689817153881445,2.1254574978094727,3.629942188570342,3.5553064618114574,0.8873565956784191,0.16666666666666666,0.5,2.793262339581165,4.253350059943426,True
D2,24,199,AutoETS,h1_12,1,ARIMA,7.909605979919434,6.131441593170166,2.25732325531807,2.152593114278959,3.4533540277974653,3.3773408632363355,0.852382932239933,0.3333333333333333,0.5833333333333334,3.47064218044176,5.28480834651485,True
D2,24,0,AutoARIMA,h1,1,ARIMA,7.909605979919434,6.131441593170166,0.2868051567277679,0.23157712657483362,0.4684868304113245,0.469586806584423,0.13629390712709546,1.0,1.0,1.5644192436298014,2.3821689031425577,True
D2,24,0,AutoARIMA,h1_6,1,ARIMA,7.909605979919434,6.131441593170166,1.3843893529436408,1.442595552521289,2.2866093761694266,2.2444117873627314,0.5720323842956316,0.5,0.5,1.9336904689667171,2.94446474129775,True
D2,24,0,AutoARIMA,h1_12,1,ARIMA,7.909605979919434,6.131441593170166,1.839359940880168,1.8431325164266519,3.010119106120012,2.9630104623287106,0.7552886097634773,0.4166666666666667,0.4166666666666667,2.2417951091736916,3.41362113642879,True
D2,24,1,AutoARIMA,h1,1,ARIMA,7.909605979919434,6.131441593170166,2.8171031082994227,2.2313396481601484,4.543322572453348,4.4424061517275995,1.1652140585468955,0.0,0.0,2.058681035341287,3.1347900914979117,True
D2,24,1,AutoARIMA,h1_6,1,ARIMA,7.909605979919434,6.131441593170166,1.6266445089415398,1.483579927189313,2.7160258702278157,2.731202350321361,0.6238030140664486,0.5,0.6666666666666666,2.6919096824523354,4.099018573005843,True
D2,24,1,AutoARIMA,h1_12,1,ARIMA,7.909605979919434,6.131441593170166,1.7255832819735213,1.669634342629667,2.8514083264227716,2.8257726310646056,0.6890407917396449,0.5,0.5833333333333334,2.842000317584922,4.327564242666737,True
D2,24,2,AutoARIMA,h1,1,ARIMA,7.909605979919434,6.131441593170166,1.9197672855413064,1.5048356662259157,4.136166019777229,4.0523598541343295,0.7060560079788987,0.0,0.0,2.147429588263064,3.2699290856198555,True
D2,24,2,AutoARIMA,h1_6,1,ARIMA,7.909605979919434,6.131441593170166,2.592825610996884,2.1240634011121147,5.532371239136681,5.371341617565354,0.8907754833931155,0.0,0.6666666666666666,3.876762541891759,5.903215017181029,True
D2,24,2,AutoARIMA,h1_12,1,ARIMA,7.909605979919434,6.131441593170166,2.7570463620787047,2.296714613639457,5.865251196346518,5.678812504062295,0.9464347131774039,0.3333333333333333,0.8333333333333334,5.234181490621087,7.970180903318293,True
D2,24,3,AutoARIMA,h1,1,ARIMA,7.909605979919434,6.131441593170166,1.6387043451988688,1.2675673190316228,2.3416992669211725,2.369441868351832,0.5890819148294035,0.0,0.0,1.9481297426027508,2.966451679121374,True
D2,24,3,AutoARIMA,h1_6,1,ARIMA,7.909605979919434,6.131441593170166,2.3264784092646313,2.075758091877062,3.1874086362733784,3.169200150677614,0.9370324742118419,0.3333333333333333,0.3333333333333333,2.555846748590584,3.8918331326351474,True
D2,24,3,AutoARIMA,h1_12,1,ARIMA,7.909605979919434,6.131441593170166,2.0616131470810743,1.9027912897165962,2.8053697375277937,2.7747042584284327,0.8136603756715423,0.4166666666666667,0.5,2.6466201916837777,4.030055462901338,True
D2,24,4,AutoARIMA,h1,1,ARIMA,7.909605979919434,6.131441593170166,0.2653572251992756,0.20801011546364814,0.48084815844596107,0.479694856504131,0.13821438839667297,1.0,1.0,1.6615646980032102,2.5300940078945495,True
D2,24,4,AutoARIMA,h1_6,1,ARIMA,7.909605979919434,6.131441593170166,0.9161566866849337,0.8065636598775451,1.700134054670566,1.6918756052201585,0.33429683768016366,0.8333333333333334,1.0,2.684602818732018,4.087892282144279,True
D2,24,4,AutoARIMA,h1_12,1,ARIMA,7.909605979919434,6.131441593170166,1.06979017474118,0.9447001650047416,2.017623501378471,2.030658478068921,0.38442782459488734,0.75,1.0,2.8141529441010253,4.285160553618764,True
D2,24,5,AutoARIMA,h1,1,ARIMA,7.909605979919434,6.131441593170166,0.3942601863406423,0.31366045409300486,0.8550633423200173,0.8514232383205805,0.16636593171044853,1.0,1.0,1.779439539141233,2.7095841171892663,True
D2,24,5,AutoARIMA,h1_6,1,ARIMA,7.909605979919434,6.131441593170166,0.4715930027976172,0.40808999470727225,1.0460067970529037,1.0404579841787884,0.20170068965887297,1.0,1.0,2.1038430587032053,3.203559104723612,True
D2,24,5,AutoARIMA,h1_12,1,ARIMA,7.909605979919434,6.131441593170166,0.6937329940952817,0.6453788471455414,1.5350496870679062,1.5196501535585116,0.26447865295398515,0.8333333333333334,0.9166666666666666,2.136283410659402,3.2529566034770467,True
D2,24,6,AutoARIMA,h1,1,ARIMA,7.909605979919434,6.131441593170166,1.0026498485598205,0.796822480756995,1.881357474715813,1.8638248704578277,0.32881621211520423,0.0,1.0,1.8182627339195256,2.7687008838092533,True
D2,24,6,AutoARIMA,h1_6,1,ARIMA,7.909605979919434,6.131441593170166,1.0512344474032684,0.9732637937330628,1.9786505905852032,1.9525507040608385,0.3891645522733862,0.5,0.8333333333333334,2.265145974770522,3.4491779132408347,True
D2,24,6,AutoARIMA,h1_12,1,ARIMA,7.909605979919434,6.131441593170166,1.7448026461849115,1.6178980988133482,3.3354366536284976,3.343316923101792,0.67067745206891,0.25,0.5833333333333334,2.309834298855622,3.517225616183992,True
D2,24,7,AutoARIMA,h1,1,ARIMA,7.909605979919434,6.131441593170166,0.03636839470441411,0.028592666493435604,0.0846447700920179,0.0846089615615224,0.13160765166446453,1.0,1.0,1.7681535696482906,2.6923987714596085,True
D2,24,7,AutoARIMA,h1_6,1,ARIMA,7.909605979919434,6.131441593170166,0.48816901100035454,0.5164793500179949,1.1518902250192091,1.1619677115907063,0.2311286648283864,0.8333333333333334,1.0,2.193805019741044,3.340545776885001,True
D2,24,7,AutoARIMA,h1_12,1,ARIMA,7.909605979919434,6.131441593170166,0.6914490691259992,0.6960491481376301,1.6209391704810907,1.6247870152663242,0.2853114718323602,0.75,1.0,2.2363701647503196,3.40536047742754,True
D2,24,8,AutoARIMA,h1,1,ARIMA,7.909605979919434,6.131441593170166,0.38510795587906926,0.32509840155167335,1.0469688378964281,1.0524783983244523,0.17378625293463126,1.0,1.0,1.9375854567526838,2.9503957082170285,True
D2,24,8,AutoARIMA,h1_6,1,ARIMA,7.909605979919434,6.131441593170166,1.1558793912402294,1.0873875106228512,3.143437246251362,3.2062170343035463,0.40073200627321387,0.6666666666666666,1.0,2.6014131950440667,3.961217968068617,True
D2,24,8,AutoARIMA,h1_12,1,ARIMA,7.909605979919434,6.131441593170166,0.8524092746152823,0.8973746923714113,2.309074614410698,2.351490950903186,0.34689624983273615,0.8333333333333334,1.0,2.7749034154869565,4.225394600912567,True
D2,24,9,AutoARIMA,h1,1,ARIMA,7.909605979919434,6.131441593170166,1.2733960746813133,1.0399556225342825,2.5703051723386823,2.537691958504945,0.4550805521991413,0.0,0.0,1.5365181244303479,2.339683374541161,True
D2,24,9,AutoARIMA,h1_6,1,ARIMA,7.909605979919434,6.131441593170166,1.3543661788832195,1.261250527879365,2.7333764813038735,2.6960572963322136,0.5086726475171276,0.5,0.5,2.0317257397490867,3.0937447852628686,True
D2,24,9,AutoARIMA,h1_12,1,ARIMA,7.909605979919434,6.131441593170166,0.9683621583146624,0.9706537542904075,1.9621607544481459,1.9428160297089392,0.37092892544597234,0.75,0.75,2.081246501280961,3.16915092633504,True
D2,24,10,AutoARIMA,h1,1,ARIMA,7.909605979919434,6.131441593170166,1.933131732215698,1.5077119632357483,3.1039079291244858,3.056472877132065,0.7459081846857349,0.0,0.0,1.8668055365686502,2.842617869561656,True
D2,24,10,AutoARIMA,h1_6,1,ARIMA,7.909605979919434,6.131441593170166,0.8068489349918337,0.7903036926963871,1.2937084311578668,1.2809673085416626,0.3332259314442564,0.6666666666666666,0.8333333333333334,2.3106601381234837,3.5184831362707056,True
D2,24,10,AutoARIMA,h1_12,1,ARIMA,7.909605979919434,6.131441593170166,0.7273937600292217,0.7028875383977978,1.1672088495089663,1.1589939078875178,0.30014695641424727,0.75,0.9166666666666666,2.355045598278967,3.5860696629416102,True
D2,24,11,AutoARIMA,h1,1,ARIMA,7.909605979919434,6.131441593170166,1.9537406449505035,1.5667793062420663,4.330183967767387,4.238418312637024,0.7234899204677703,0.0,0.0,2.143645914690347,3.2641676188255144,True
D2,24,11,AutoARIMA,h1_6,1,ARIMA,7.909605979919434,6.131441593170166,2.3659739275804648,1.9510027401171677,5.088715672333824,4.956338122693346,0.8304903197216054,0.0,0.6666666666666666,3.2253667293049517,4.911323070888422,True
D2,24,11,AutoARIMA,h1_12,1,ARIMA,7.909605979919434,6.131441593170166,1.9890302656067331,1.6847046558851644,4.241505549795566,4.146785765764129,0.693704564072793,0.3333333333333333,0.8333333333333334,3.6610835504618096,5.57479679518736,True
D2,24,12,AutoARIMA,h1,1,ARIMA,7.909605979919434,6.131441593170166,0.6075309917448709,0.5416199746332054,1.2794476239487602,1.2876852531363563,0.20507724774971364,1.0,1.0,1.654584650945071,2.519465366555561,True
D2,24,12,AutoARIMA,h1_6,1,ARIMA,7.909605979919434,6.131441593170166,1.6902769455578173,1.663120439003554,3.5555515723825133,3.63484068435431,0.6444184615607745,0.16666666666666666,0.5,1.9268160759650026,2.933996981262622,True
D2,24,12,AutoARIMA,h1_12,1,ARIMA,7.909605979919434,6.131441593170166,1.1009456471488939,1.2743260892099644,2.298373004123588,2.33269373466834,0.4455122241071961,0.5,0.6666666666666666,1.954039218466996,2.9754501427333278,True
D2,24,13,AutoARIMA,h1,1,ARIMA,7.909605979919434,6.131441593170166,1.2301501402540327,0.9126425590223871,2.0662366839349606,2.0878061926560227,0.39969614639874396,0.0,1.0,2.341764313661366,3.5658460155154925,True
D2,24,13,AutoARIMA,h1_6,1,ARIMA,7.909605979919434,6.131441593170166,8.106754845710904,6.722816121748669,12.992642579798458,14.133469623043485,3.1596151354912743,0.0,0.16666666666666666,7.648000264422947,11.645745522065193,True
D2,24,13,AutoARIMA,h1_12,1,ARIMA,7.909605979919434,6.131441593170166,14.989833347229018,12.585268171393917,22.75641842251723,26.592594114310604,5.4933275495942535,0.0,0.08333333333333333,16.977122410744997,25.851365122488488,True
D2,24,14,AutoARIMA,h1,1,ARIMA,7.909605979919434,6.131441593170166,0.616654081326862,0.5041594682590861,1.04270888464054,1.0481735841849156,0.21249245661375765,1.0,1.0,1.8769513630646733,2.8580670993470223,True
D2,24,14,AutoARIMA,h1_6,1,ARIMA,7.909605979919434,6.131441593170166,1.8450496427240326,1.6025836901143515,3.155292825497475,3.212678590823428,0.704046913936864,0.16666666666666666,0.3333333333333333,2.050438622158988,3.1222392228930187,True
D2,24,14,AutoARIMA,h1_12,1,ARIMA,7.909605979919434,6.131441593170166,2.1675217344426985,2.0284087908820525,3.655077073631494,3.673223297786815,0.876151164657933,0.25,0.3333333333333333,2.0677873480684195,3.1486564352476183,True
D2,24,15,AutoARIMA,h1,1,ARIMA,7.909605979919434,6.131441593170166,1.5436298627766196,1.1543334728800227,2.6802432691122604,2.6447997356639443,0.5460119019519233,0.0,0.0,1.9103361496826468,2.908902705494939,True
D2,24,15,AutoARIMA,h1_6,1,ARIMA,7.909605979919434,6.131441593170166,3.417372763212128,2.6835397615533267,5.74318486938589,5.568240098399707,1.4365755976145838,0.0,0.0,2.3021084733668515,3.505461364813797,True
D2,24,15,AutoARIMA,h1_12,1,ARIMA,7.909605979919434,6.131441593170166,2.359120190113521,2.0767908980080403,3.9822595635463864,3.8767126077659473,0.970920625622301,0.3333333333333333,0.4166666666666667,2.595812471195345,3.95268964662164,True
D2,24,16,AutoARIMA,h1,1,ARIMA,7.909605979919434,6.131441593170166,0.4203300689943778,0.34765726589427387,0.964840582934357,0.9695177332087284,0.1616897668546928,1.0,1.0,1.619959741857307,2.466741403948421,True
D2,24,16,AutoARIMA,h1_6,1,ARIMA,7.909605979919434,6.131441593170166,1.0101001502388864,0.99407729656317,2.3280018723104576,2.2932143590229894,0.37882902786833633,0.5,0.6666666666666666,1.9098401535228207,2.908147443353528,True
D2,24,16,AutoARIMA,h1_12,1,ARIMA,7.909605979919434,6.131441593170166,1.0587263895666654,0.9846104698677599,2.481680884515512,2.484370564385513,0.3808915210649481,0.5833333333333334,0.6666666666666666,1.938828194689372,2.9522880472940387,True
D2,24,17,AutoARIMA,h1,1,ARIMA,7.909605979919434,6.131441593170166,0.36907638684799743,0.31036968455221975,0.8132156762461454,0.8165357747071839,0.1747401914889245,1.0,1.0,2.001685132720479,3.0480014206331725,True
D2,24,17,AutoARIMA,h1_6,1,ARIMA,7.909605979919434,6.131441593170166,0.9867205143887404,0.9827882790859591,2.1639843780373065,2.1637606500362523,0.4088081166586952,0.8333333333333334,1.0,3.6136495397127537,5.502568186508558,True
D2,24,17,AutoARIMA,h1_12,1,ARIMA,7.909605979919434,6.131441593170166,1.493627309182638,1.558320794671977,3.345558740469662,3.418881990594095,0.5811630701087287,0.8333333333333334,1.0,4.878941469839453,7.429250628966606,True
D2,24,18,AutoARIMA,h1,1,ARIMA,7.909605979919434,6.131441593170166,0.81031541507002,0.5542625460201744,1.4398880855136715,1.4295957957466907,0.27910583387809673,1.0,1.0,2.4609324017730456,3.7473053748928002,True
D2,24,18,AutoARIMA,h1_6,1,ARIMA,7.909605979919434,6.131441593170166,1.2013444000640936,0.9927101459540859,2.1193009566254015,2.089563597826273,0.47529263403853617,1.0,1.0,4.442730325345942,6.765024189763739,True
D2,24,18,AutoARIMA,h1_12,1,ARIMA,7.909605979919434,6.131441593170166,1.8704393621336872,1.4830277347713443,3.2754666587094854,3.2067138954291523,0.6872975786895938,1.0,1.0,5.998318593276375,9.133746009727599,True
D2,24,19,AutoARIMA,h1,1,ARIMA,7.909605979919434,6.131441593170166,1.9136807328345669,1.6125072860983989,3.126685901517339,3.0785574900121806,0.7333340498349054,0.0,0.0,1.8909055264469625,2.8793153511912983,True
D2,24,19,AutoARIMA,h1_6,1,ARIMA,7.909605979919434,6.131441593170166,2.1745955986234544,2.019500491822692,3.550784337166894,3.476327353888863,0.8603796046530757,0.16666666666666666,0.16666666666666666,2.2781409984087904,3.4689656660013286,True
D2,24,19,AutoARIMA,h1_12,1,ARIMA,7.909605979919434,6.131441593170166,2.271031048276628,2.0811576427439706,3.8044030359614434,3.815993238689431,0.8969327000778277,0.16666666666666666,0.16666666666666666,2.346854735765137,3.5735972914530842,True
D2,24,20,AutoARIMA,h1,1,ARIMA,7.909605979919434,6.131441593170166,0.47759939203986473,0.4099059527957224,0.8510737653460205,0.8474674786556816,0.18608256054389716,1.0,1.0,1.8824476015317502,2.8664363190519313,True
D2,24,20,AutoARIMA,h1_6,1,ARIMA,7.909605979919434,6.131441593170166,0.5572002563369493,0.6321790771831555,0.9926427051996053,0.9992825815055539,0.2555874101059623,0.8333333333333334,1.0,2.3409251681983285,3.5645682338495965,True
D2,24,20,AutoARIMA,h1_12,1,ARIMA,7.909605979919434,6.131441593170166,0.5279982955824822,0.5704848150472863,0.9308416003205475,0.9317487390256002,0.24645470319732402,0.9166666666666666,1.0,2.431674374422161,3.702753658205349,True
D2,24,21,AutoARIMA,h1,1,ARIMA,7.909605979919434,6.131441593170166,1.4359568870060193,0.9835478884989205,2.2348360778005794,2.260090739418355,0.49460845634562517,0.0,1.0,1.8990848826056541,2.891770201748986,True
D2,24,21,AutoARIMA,h1_6,1,ARIMA,7.909605979919434,6.131441593170166,2.1270879692521873,1.533320446799439,3.321502754949911,3.384073232254376,0.7647990298368046,0.0,0.6666666666666666,2.783845430276384,4.239010765281273,True
D2,24,21,AutoARIMA,h1_12,1,ARIMA,7.909605979919434,6.131441593170166,1.7352499749109551,1.3334605359219385,2.699333728036905,2.7411361947503714,0.6367268000932464,0.16666666666666666,0.8333333333333334,2.888555014920886,4.398453905230353,True
D2,24,22,AutoARIMA,h1,1,ARIMA,7.909605979919434,6.131441593170166,1.997346429344785,1.7545209826210368,3.386737758605955,3.330342770555256,0.7868625995091952,0.0,0.0,1.7919576900396113,2.7286457273787486,True
D2,24,22,AutoARIMA,h1_6,1,ARIMA,7.909605979919434,6.131441593170166,2.504464167517926,2.2862351528350326,4.196851512891336,4.104286264414504,0.9955544179803189,0.0,0.0,2.1715413870974807,3.306644548956205,True
D2,24,22,AutoARIMA,h1_12,1,ARIMA,7.909605979919434,6.131441593170166,1.8022894806042777,1.8394166042411144,3.041085939156796,2.998935862632745,0.7176095483313327,0.25,0.4166666666666667,2.240245591910327,3.411261659035062,True
D2,24,23,AutoARIMA,h1,1,ARIMA,7.909605979919434,6.131441593170166,2.0541841131208516,1.6812848552295239,2.8816308088643257,2.923756746455379,0.808122061480728,0.0,0.0,1.8525273923059768,2.820876286290004,True
D2,24,23,AutoARIMA,h1_6,1,ARIMA,7.909605979919434,6.131441593170166,1.135981221330632,1.1504227208741757,1.564756572152493,1.5615902975374094,0.4450596321754577,0.6666666666666666,0.6666666666666666,2.078575702385747,3.1650840535318365,True
D2,24,23,AutoARIMA,h1_12,1,ARIMA,7.909605979919434,6.131441593170166,1.4188740701808116,1.4605271117572565,1.9462718805817545,1.9358486548665386,0.5555956253828459,0.5,0.6666666666666666,2.110391059398183,3.2135298614097465,True
D2,24,24,AutoARIMA,h1,1,ARIMA,7.909605979919434,6.131441593170166,0.21345850528995333,0.18126735653616782,0.2959084765439214,0.2954713142116674,0.14454280469933534,1.0,1.0,1.8104080713923583,2.756740449997734,True
D2,24,24,AutoARIMA,h1_6,1,ARIMA,7.909605979919434,6.131441593170166,2.461227492242536,2.5925782353753024,3.3396202740630376,3.257245264023805,1.029038429805597,0.16666666666666666,0.3333333333333333,2.1018780583098304,3.20056696380562,True
D2,24,24,AutoARIMA,h1_12,1,ARIMA,7.909605979919434,6.131441593170166,1.739652236276679,1.9695932280676947,2.3752443973493826,2.3303667231211267,0.7067895964501217,0.25,0.5833333333333334,2.1476149495712002,3.2702113385682705,True
D2,24,25,AutoARIMA,h1,1,ARIMA,7.909605979919434,6.131441593170166,1.6921005119458883,1.3662419158137207,3.095550841086948,3.0483689359685435,0.6357185820858824,0.0,0.0,1.7794455683461567,2.70959329796645,True
D2,24,25,AutoARIMA,h1_6,1,ARIMA,7.909605979919434,6.131441593170166,1.0587033558904209,0.9885343927273851,1.998554764692106,2.0095342745401177,0.4005254196951054,0.3333333333333333,0.8333333333333334,2.21405694432594,3.3713837413062153,True
D2,24,25,AutoARIMA,h1_12,1,ARIMA,7.909605979919434,6.131441593170166,0.9626959890240047,0.9110929162617064,1.8244165652007043,1.8383479927316828,0.36203908781150834,0.5833333333333334,0.8333333333333334,2.2575180819239176,3.4375627856401922,True
D2,24,26,AutoARIMA,h1,1,ARIMA,7.909605979919434,6.131441593170166,1.7202220414893352,1.3684627108862617,2.742708354885939,2.7056049286714994,0.6527434695679574,0.0,0.0,1.754368532046802,2.6714080504386333,True
D2,24,26,AutoARIMA,h1_6,1,ARIMA,7.909605979919434,6.131441593170166,1.7614482968468288,1.445494913412444,2.9123240614752826,2.9415451852988603,0.5998376088538215,0.5,0.8333333333333334,3.1506832387151484,4.797601196406505,True
D2,24,26,AutoARIMA,h1_12,1,ARIMA,7.909605979919434,6.131441593170166,1.649248632248006,1.365762887885498,2.7290270038086453,2.744664014574629,0.5623861511386661,0.5833333333333334,0.9166666666666666,3.415970070557603,5.201558156026878,True
D2,24,27,AutoARIMA,h1,1,ARIMA,7.909605979919434,6.131441593170166,0.5078118397464231,0.3984178369361208,0.8925441226546068,0.8885786444216324,0.19120391500634787,1.0,1.0,1.8839670019798849,2.8687499370374696,True
D2,24,27,AutoARIMA,h1_6,1,ARIMA,7.909605979919434,6.131441593170166,1.9316980539613575,1.655507281808139,3.2449461487007483,3.183797929921592,0.6782843359752986,0.3333333333333333,0.6666666666666666,3.006430636401701,4.57794520276686,True
D2,24,27,AutoARIMA,h1_12,1,ARIMA,7.909605979919434,6.131441593170166,1.4067431109281652,1.321231027026217,2.361862541352463,2.323026230126205,0.5284781873490626,0.6666666666666666,0.8333333333333334,3.1686433131648313,4.824949320016187,True
D2,24,28,AutoARIMA,h1,1,ARIMA,7.909605979919434,6.131441593170166,0.01838850845513623,0.014384867537856356,0.03211017040864558,0.0321050159209846,0.13737370408473307,1.0,1.0,1.8604577887998528,2.8329520415546265,True
D2,24,28,AutoARIMA,h1_6,1,ARIMA,7.909605979919434,6.131441593170166,0.46150117685658737,0.4795748169319106,0.8145120523593917,0.8177467062102208,0.23458592089217972,1.0,1.0,2.460068590875054,3.74599003473204,True
D2,24,28,AutoARIMA,h1_12,1,ARIMA,7.909605979919434,6.131441593170166,0.5830881719966418,0.5828691086610205,1.0324827568132118,1.039967000431143,0.2638119592232162,0.9166666666666666,1.0,2.5200296710825736,3.8372938340497806,True
D2,24,29,AutoARIMA,h1,1,ARIMA,7.909605979919434,6.131441593170166,1.996152101688175,1.6665086606360093,3.3526316559052383,3.409790513991301,0.8020273623202316,0.0,0.0,1.6586088225645592,2.525593043987216,True
D2,24,29,AutoARIMA,h1_6,1,ARIMA,7.909605979919434,6.131441593170166,2.3180695729948324,2.197461571909211,4.087809418425984,4.0125501703174065,0.8791592624465017,0.16666666666666666,0.5,2.980802564695696,4.5389208838612,True
D2,24,29,AutoARIMA,h1_12,1,ARIMA,7.909605979919434,6.131441593170166,2.166253319824515,2.0733044285962396,3.866966290727389,3.8748688636535666,0.8146526327334451,0.3333333333333333,0.5833333333333334,3.3260543846996415,5.06464194790188,True
D2,24,30,AutoARIMA,h1,1,ARIMA,7.909605979919434,6.131441593170166,0.7470452378268732,0.5856626746526687,1.2254593163828311,1.2179962918668912,0.24926663830735088,1.0,1.0,1.9022091433507073,2.8965275689460936,True
D2,24,30,AutoARIMA,h1_6,1,ARIMA,7.909605979919434,6.131441593170166,0.7063725845275134,0.6293118684496515,1.1663818022582755,1.1625353948095911,0.26340875062419505,0.8333333333333334,1.0,2.0554335004001265,3.1298450124980075,True
D2,24,30,AutoARIMA,h1_12,1,ARIMA,7.909605979919434,6.131441593170166,0.9864204910538316,0.981391605346795,1.6492485838220192,1.6641188850038762,0.3729783575307684,0.6666666666666666,0.9166666666666666,2.0707559361050687,3.153176756853199,True
D2,24,31,AutoARIMA,h1,1,ARIMA,7.909605979919434,6.131441593170166,0.31754665458714687,0.25396747809032316,0.7473762093589695,0.7501795410676786,0.14467338634512342,1.0,1.0,1.6219784177048326,2.4698152774315747,True
D2,24,31,AutoARIMA,h1_6,1,ARIMA,7.909605979919434,6.131441593170166,0.7423426823483403,0.7280032617375229,1.7109001369324848,1.7310642748849001,0.28951994439311907,0.6666666666666666,1.0,2.144729208313216,3.2658171692205995,True
D2,24,31,AutoARIMA,h1_12,1,ARIMA,7.909605979919434,6.131441593170166,1.5824328404867243,1.6086239897635017,3.5186909997386877,3.444792444270987,0.632943750210553,0.4166666666666667,0.6666666666666666,2.1970042873740545,3.3454173583995024,True
D2,24,32,AutoARIMA,h1,1,ARIMA,7.909605979919434,6.131441593170166,1.652477070456805,1.253258659309821,3.6221957636900384,3.6890072967017113,0.6223842195076531,0.0,0.0,1.7246458985169577,2.626148869689836,True
D2,24,32,AutoARIMA,h1_6,1,ARIMA,7.909605979919434,6.131441593170166,1.0070732236982944,0.9032586882614915,2.1799892340484193,2.1727974500904743,0.38729518104474114,0.5,0.6666666666666666,2.1539169845914743,3.279807558963111,True
D2,24,32,AutoARIMA,h1_12,1,ARIMA,7.909605979919434,6.131441593170166,1.4961703259951393,1.2527387395539793,3.2074286504969103,3.1589384427805594,0.5579614091884672,0.25,0.5,2.196844093198926,3.3451734278904386,True
D2,24,33,AutoARIMA,h1,1,ARIMA,7.909605979919434,6.131441593170166,0.20807274466845746,0.17612603393846074,0.4369193127736623,0.437875894949169,0.12591307679935698,1.0,1.0,1.5602971326534587,2.375892091716757,True
D2,24,33,AutoARIMA,h1_6,1,ARIMA,7.909605979919434,6.131441593170166,1.006593854663456,1.0915766399799853,2.1837418808826374,2.223889642697145,0.3974878149571097,0.6666666666666666,0.8333333333333334,2.57469675364593,3.920536369347292,True
D2,24,33,AutoARIMA,h1_12,1,ARIMA,7.909605979919434,6.131441593170166,0.9026396438915287,0.9490121932254898,1.953743385082778,1.9818761745817575,0.3608405093941097,0.8333333333333334,0.9166666666666666,2.7661200865243485,4.21202007026422,True
D2,24,34,AutoARIMA,h1,1,ARIMA,7.909605979919434,6.131441593170166,0.18146723889741864,0.14506503864435755,0.27007329800306873,0.26970909188333697,0.14232073399399628,1.0,1.0,1.8043392920380505,2.7474994121386573,True
D2,24,34,AutoARIMA,h1_6,1,ARIMA,7.909605979919434,6.131441593170166,2.030922293855727,1.999517690480275,2.943591515401318,2.8837570482568506,0.8301828526114206,0.3333333333333333,0.5,2.148592807255686,3.2717003397916598,True
D2,24,34,AutoARIMA,h1_12,1,ARIMA,7.909605979919434,6.131441593170166,2.0373636743845003,1.966025668213367,3.0170756555304767,3.0211825385914093,0.8466784811247388,0.3333333333333333,0.4166666666666667,2.1830181587774495,3.3241204325569593,True
D2,24,35,AutoARIMA,h1,1,ARIMA,7.909605979919434,6.131441593170166,1.4625678951647554,1.1881211241784655,2.3774374698948333,2.3495084230903904,0.5014624783892944,0.0,1.0,2.0030776625652305,3.0501218505028405,True
D2,24,35,AutoARIMA,h1_6,1,ARIMA,7.909605979919434,6.131441593170166,0.9798396167661163,0.8971926065680076,1.5932251006128388,1.5790290531607747,0.3715563228247323,0.6666666666666666,1.0,2.672248506249933,4.069080151614457,True
D2,24,35,AutoARIMA,h1_12,1,ARIMA,7.909605979919434,6.131441593170166,1.5284212348360642,1.4895973091896952,2.5309785844611117,2.563503407004804,0.57578184513321,0.5,0.8333333333333334,2.843035158423283,4.329140013148254,True
D2,24,36,AutoARIMA,h1,1,ARIMA,7.909605979919434,6.131441593170166,2.0818503180249466,1.76562033045099,4.431662593694117,4.532085973085767,0.8446669101890565,0.0,0.0,1.6603817421608533,2.528292700071896,True
D2,24,36,AutoARIMA,h1_6,1,ARIMA,7.909605979919434,6.131441593170166,2.472896618299972,2.137967158544419,5.238596330724387,5.385569091594724,0.9875457329111162,0.0,0.0,2.1057626654748143,3.206482123969398,True
D2,24,36,AutoARIMA,h1_12,1,ARIMA,7.909605979919434,6.131441593170166,1.75913244490556,1.6796386452391048,3.702222606989699,3.7830251147759233,0.6872085791131974,0.25,0.4166666666666667,2.1503007578062108,3.2743010663591483,True
D2,24,37,AutoARIMA,h1,1,ARIMA,7.909605979919434,6.131441593170166,1.3725477235899648,1.014490886517721,2.1512516205803567,2.128358447780538,0.4679321853628642,0.0,1.0,1.9591097860516093,2.983171185842801,True
D2,24,37,AutoARIMA,h1_6,1,ARIMA,7.909605979919434,6.131441593170166,1.741889579324988,1.4693955725323704,2.698418394357029,2.65231535207018,0.6387450242640912,0.5,0.6666666666666666,2.8169522919871866,4.289423170248317,True
D2,24,37,AutoARIMA,h1_12,1,ARIMA,7.909605979919434,6.131441593170166,1.5651504686271929,1.2778219453977926,2.435225637247719,2.4056323570861373,0.5504450876105634,0.5833333333333334,0.8333333333333334,2.930953216619473,4.4630143982355355,True
D2,24,38,AutoARIMA,h1,1,ARIMA,7.909605979919434,6.131441593170166,1.7899363913977828,1.5285812515504815,2.9969272265635416,3.04251825555042,0.6619780356390649,0.0,0.0,1.9711406281554014,3.001490762295838,True
D2,24,38,AutoARIMA,h1_6,1,ARIMA,7.909605979919434,6.131441593170166,3.072162979442613,2.728275069475883,5.210879968277408,5.362787086764243,1.1318965743198541,0.0,0.3333333333333333,3.558507433165595,5.418602323773681,True
D2,24,38,AutoARIMA,h1_12,1,ARIMA,7.909605979919434,6.131441593170166,2.0396608550656135,2.0787995300744324,3.446084230851575,3.532360084476207,0.8432665786306157,0.5,0.6666666666666666,4.8044917736498665,7.315884757360642,True
D2,24,39,AutoARIMA,h1,1,ARIMA,7.909605979919434,6.131441593170166,1.058345295901979,0.801233732464527,1.573110174009958,1.5608333598186337,0.3477072588555497,0.0,1.0,1.900639562136946,2.8941375398195537,True
D2,24,39,AutoARIMA,h1_6,1,ARIMA,7.909605979919434,6.131441593170166,1.2601811324588268,1.1571885755187172,1.8666303093886258,1.8415256240757387,0.4910015672360498,0.5,0.6666666666666666,2.002114163903573,3.0486547140179105,True
D2,24,39,AutoARIMA,h1_12,1,ARIMA,7.909605979919434,6.131441593170166,1.6032684255474376,1.4143702982063686,2.398523274069671,2.3901805040382804,0.6259522365755888,0.3333333333333333,0.5,2.012261624080236,3.064106431437746,True
D2,24,40,AutoARIMA,h1,1,ARIMA,7.909605979919434,6.131441593170166,1.8229889376308503,1.5715429871290856,3.6580433384155002,3.726196275735923,0.6806911505390117,0.0,0.0,1.9526395348666261,2.9733188197132336,True
D2,24,40,AutoARIMA,h1_6,1,ARIMA,7.909605979919434,6.131441593170166,0.7249953948374596,0.8084635281333228,1.440551620264944,1.4529638722937495,0.3820628199103505,0.8333333333333334,0.8333333333333334,3.525107341335816,5.367743412108546,True
D2,24,40,AutoARIMA,h1_12,1,ARIMA,7.909605979919434,6.131441593170166,1.6730466105634252,1.8378818390208203,3.2256205381551606,3.159354224180709,0.6487827887841633,0.6666666666666666,0.9166666666666666,4.759396893436966,7.247217984197669,True
D2,24,41,AutoARIMA,h1,1,ARIMA,7.909605979919434,6.131441593170166,1.4512666206241356,1.2107295264908446,2.695876068098429,2.732711323387134,0.496575358639209,0.0,1.0,2.0177235781110987,3.0724234456241484,True
D2,24,41,AutoARIMA,h1_6,1,ARIMA,7.909605979919434,6.131441593170166,1.4220446591981442,1.4142094457845835,2.655656674519301,2.7068752165081658,0.5777287093439498,0.3333333333333333,1.0,3.6426038042252555,5.546657358139433,True
D2,24,41,AutoARIMA,h1_12,1,ARIMA,7.909605979919434,6.131441593170166,1.6852930575335756,1.6885486094127362,3.159551105812618,3.2339261297174633,0.6762492913656175,0.5,1.0,4.918033850078949,7.488777289058234,True
D2,24,42,AutoARIMA,h1,1,ARIMA,7.909605979919434,6.131441593170166,0.053962351900382836,0.04845259498134374,0.11533826343742969,0.11540481639300511,0.13422923128600264,1.0,1.0,1.7905870199966698,2.7265585838166237,True
D2,24,42,AutoARIMA,h1_6,1,ARIMA,7.909605979919434,6.131441593170166,0.80107035955401,0.9500695874662285,1.7005329430382423,1.676018692689982,0.3205951565961874,0.8333333333333334,0.8333333333333334,2.2249959574360227,3.388040770403759,True
D2,24,42,AutoARIMA,h1_12,1,ARIMA,7.909605979919434,6.131441593170166,1.0077743495109983,1.0878641786375172,2.1416246801049863,2.1093490984369594,0.37365885633435536,0.75,0.8333333333333334,2.3107517545261413,3.5186226421904414,True
D2,24,43,AutoARIMA,h1,1,ARIMA,7.909605979919434,6.131441593170166,0.7202172766267193,0.5592406727309084,0.7639097476653035,0.7668387255519855,0.24207008745731956,1.0,1.0,1.913856388618736,2.9142630357000945,True
D2,24,43,AutoARIMA,h1_6,1,ARIMA,7.909605979919434,6.131441593170166,4.203155541467631,3.8042890249803993,4.553544787108851,4.700807594542424,1.781977753992762,0.16666666666666666,0.3333333333333333,2.8811598511178165,4.387193158268151,True
D2,24,43,AutoARIMA,h1_12,1,ARIMA,7.909605979919434,6.131441593170166,3.633721077050396,3.3805405804957136,3.9276900372769883,4.0432087808658,1.520910304614292,0.3333333333333333,0.4166666666666667,3.0298861508476067,4.613661330235739,True
D2,24,44,AutoARIMA,h1,1,ARIMA,7.909605979919434,6.131441593170166,0.031708385838948014,0.025422809307928094,0.06801410851216667,0.06803724597531985,0.15563116778304892,1.0,1.0,2.099475080087181,3.196907906286216,True
D2,24,44,AutoARIMA,h1_6,1,ARIMA,7.909605979919434,6.131441593170166,0.4528080019167503,0.4088277520282325,0.973080719214067,0.9753058703008426,0.31003539866253504,1.0,1.0,3.7901900917275198,5.771389613287631,True
D2,24,44,AutoARIMA,h1_12,1,ARIMA,7.909605979919434,6.131441593170166,0.5482967165769094,0.4871664296892595,1.1806284498212938,1.1857117625539657,0.41052071058646644,1.0,1.0,5.117296354802,7.792197835849895,True
D2,24,45,AutoARIMA,h1,1,ARIMA,7.909605979919434,6.131441593170166,0.167296493142674,0.14756308160875922,0.23223001312371758,0.23249998049132137,0.15110319437813596,1.0,1.0,1.9349134817525833,2.946327044538092,True
D2,24,45,AutoARIMA,h1_6,1,ARIMA,7.909605979919434,6.131441593170166,1.175988735029873,1.3317057159763568,1.6190559498711583,1.6244379134703975,0.45326822127751276,0.6666666666666666,0.8333333333333334,3.0265665952428704,4.608606584095247,True
D2,24,45,AutoARIMA,h1_12,1,ARIMA,7.909605979919434,6.131441593170166,3.574260492043936,4.012224787814486,4.693458103294158,4.53869669539402,1.4844839810323534,0.3333333333333333,0.5,3.5361903092374636,5.384619643718033,True
D2,24,46,AutoARIMA,h1,1,ARIMA,7.909605979919434,6.131441593170166,0.8146440185600272,0.6752824175256427,1.6508961700845644,1.6373804445600864,0.26276394365844885,0.0,1.0,1.6081434843517688,2.4487485792655157,True
D2,24,46,AutoARIMA,h1_6,1,ARIMA,7.909605979919434,6.131441593170166,1.1657730946222866,1.2750620485943542,2.331496283592016,2.3752903787368176,0.4693758500707003,0.5,0.8333333333333334,2.820851067588698,4.295359904941444,True
D2,24,46,AutoARIMA,h1_12,1,ARIMA,7.909605979919434,6.131441593170166,1.0209463200343247,1.1383884548851753,2.0278010269365057,2.0364272720098406,0.43347382440828397,0.5833333333333334,0.9166666666666666,3.1038008268552284,4.72621251713029,True
D2,24,47,AutoARIMA,h1,1,ARIMA,7.909605979919434,6.131441593170166,0.6063242615472307,0.4645759425114738,0.8819048332357218,0.8780331249525384,0.20671385848384943,1.0,1.0,1.744415452928349,2.656252320500468,True
D2,24,47,AutoARIMA,h1_6,1,ARIMA,7.909605979919434,6.131441593170166,1.0796204029745233,0.9492611792420913,1.56607932177407,1.552123192230495,0.38833899752558054,0.6666666666666666,0.6666666666666666,2.190243662113768,3.335122834520151,True
D2,24,47,AutoARIMA,h1_12,1,ARIMA,7.909605979919434,6.131441593170166,1.0854461333749452,0.9847813409168125,1.5811131585187728,1.57357651996177,0.40349175811487953,0.6666666666666666,0.6666666666666666,2.2348264830323097,3.4030098859221196,True
D2,24,48,AutoARIMA,h1,1,ARIMA,7.909605979919434,6.131441593170166,0.516368185005285,0.42873021051865373,0.8358240241649942,0.8393316921276107,0.20074511041964485,1.0,1.0,2.0274299991609257,3.087203584950518,True
D2,24,48,AutoARIMA,h1_6,1,ARIMA,7.909605979919434,6.131441593170166,0.9114509805128881,0.8528350080794966,1.4585972059668528,1.4482843558757044,0.3850722634736641,1.0,1.0,3.660126841882682,5.5733399980814395,True
D2,24,48,AutoARIMA,h1_12,1,ARIMA,7.909605979919434,6.131441593170166,0.8997362666168447,0.8193831277379119,1.450859843047048,1.451657512807223,0.4528828168319436,1.0,1.0,4.941692446233568,7.524802652643493,True
D2,24,49,AutoARIMA,h1,1,ARIMA,7.909605979919434,6.131441593170166,0.768621335556092,0.6691477082469899,1.5373336311440189,1.549242141377646,0.2511034319443654,1.0,1.0,1.7128465487742457,2.608181790756971,True
D2,24,49,AutoARIMA,h1_6,1,ARIMA,7.909605979919434,6.131441593170166,1.2702317037178743,1.314930382334862,2.4507486877686486,2.4462673807265927,0.4666587530133184,0.6666666666666666,0.8333333333333334,2.7622669035269314,4.2061527602372255,True
D2,24,49,AutoARIMA,h1_12,1,ARIMA,7.909605979919434,6.131441593170166,0.9952437653999802,1.0939408119594785,1.9205652859514903,1.91035023914013,0.40053450297700544,0.75,0.9166666666666666,2.9694383392028527,4.521616376333839,True
D2,24,50,AutoARIMA,h1,1,ARIMA,7.909605979919434,6.131441593170166,0.9036905499478973,0.7593935348484109,1.7961427201436924,1.812419540965449,0.2952646901996158,0.0,1.0,1.6714806153129578,2.5451931508880947,True
D2,24,50,AutoARIMA,h1_6,1,ARIMA,7.909605979919434,6.131441593170166,1.4675853852663712,1.4236292197556388,2.9128237875959027,2.886484915292378,0.5281604474614311,0.5,0.8333333333333334,2.3828971627802598,3.628479733726043,True
D2,24,50,AutoARIMA,h1_12,1,ARIMA,7.909605979919434,6.131441593170166,1.1804042930448244,1.2198678021973126,2.348531646216485,2.3310068755015108,0.4484834848705398,0.5833333333333334,0.8333333333333334,2.4959225174802686,3.8005854440906774,True
D2,24,51,AutoARIMA,h1,1,ARIMA,7.909605979919434,6.131441593170166,0.9701746890945724,0.7207575471440238,2.167693768046019,2.1444512005296836,0.31943761861667586,0.0,1.0,1.721532752784676,2.621408427519639,True
D2,24,51,AutoARIMA,h1_6,1,ARIMA,7.909605979919434,6.131441593170166,0.8308999467451135,0.8415616219554769,1.8473128842925564,1.8710058353388428,0.36051334478583924,0.6666666666666666,0.8333333333333334,2.61073908403935,3.975418664492667,True
D2,24,51,AutoARIMA,h1_12,1,ARIMA,7.909605979919434,6.131441593170166,0.8056294384938761,0.8027945564297736,1.7710743789454764,1.7843458506519023,0.3540411406912394,0.75,0.9166666666666666,2.8196760781093495,4.29357072764091,True
D2,24,52,AutoARIMA,h1,1,ARIMA,7.909605979919434,6.131441593170166,1.1316175410293867,0.9420726372108382,1.7305191573485132,1.745623330422567,0.3865203776118918,0.0,1.0,1.5935935852865062,2.4265931901405766,True
D2,24,52,AutoARIMA,h1_6,1,ARIMA,7.909605979919434,6.131441593170166,1.804486961172706,1.642993973042316,2.7428125765060996,2.786029594754981,0.6933569202220295,0.16666666666666666,0.5,1.994040703713595,3.0363611131282315,True
D2,24,52,AutoARIMA,h1_12,1,ARIMA,7.909605979919434,6.131441593170166,1.5230780398876653,1.472708506127768,2.2976499793042837,2.306595373381465,0.5913693269850707,0.3333333333333333,0.5833333333333334,2.3729970165471133,3.61340460563029,True
D2,24,53,AutoARIMA,h1,1,ARIMA,7.909605979919434,6.131441593170166,0.8678972576696219,0.6685237680695275,1.5316932368269298,1.5435141880407721,0.2890510225499413,1.0,1.0,2.1853204042748877,3.327626102570769,True
D2,24,53,AutoARIMA,h1_6,1,ARIMA,7.909605979919434,6.131441593170166,1.3235742116290437,1.2266159997516601,2.3578265182880505,2.399192465496282,0.4850403238396323,1.0,1.0,3.9451669715406665,6.007375654305858,True
D2,24,53,AutoARIMA,h1_12,1,ARIMA,7.909605979919434,6.131441593170166,1.5407378151377815,1.4106081832854103,2.751083652663475,2.8061460423313758,0.6117323847669547,0.9166666666666666,1.0,5.326537211580485,8.110812596128666,True
D2,24,54,AutoARIMA,h1,1,ARIMA,7.909605979919434,6.131441593170166,2.252284295528012,1.822422922501469,3.918745066373084,3.997062409356336,0.8802415547364881,0.0,0.0,2.080365322207535,3.1678091393458163,True
D2,24,54,AutoARIMA,h1_6,1,ARIMA,7.909605979919434,6.131441593170166,2.3423080403197316,1.9697847616230422,4.085379266391244,4.177968626954892,0.8552992018947619,0.3333333333333333,0.6666666666666666,3.75569117547093,5.718857502197065,True
D2,24,54,AutoARIMA,h1_12,1,ARIMA,7.909605979919434,6.131441593170166,2.3050186872630496,2.0612830943365803,4.0295164382655955,4.131112716824905,0.8594816356040507,0.5,0.8333333333333334,5.07071790513801,7.72127200519551,True
D2,24,55,AutoARIMA,h1,1,ARIMA,7.909605979919434,6.131441593170166,0.36066832848940655,0.298165012195433,0.7300813988852057,0.7274259979344185,0.16268923938488433,1.0,1.0,1.813416632943394,2.7613216399819804,True
D2,24,55,AutoARIMA,h1_6,1,ARIMA,7.909605979919434,6.131441593170166,1.0714112526143134,0.9567845248138958,2.232139585109021,2.2608511810639045,0.36972933693247184,0.5,1.0,2.100226648498563,3.198052332823699,True
D2,24,55,AutoARIMA,h1_12,1,ARIMA,7.909605979919434,6.131441593170166,0.9903402439000096,0.9512737197308695,2.057066678223091,2.076933624965426,0.36253474518169343,0.5833333333333334,0.9166666666666666,2.1289076500540802,3.241725402107871,True
D2,24,56,AutoARIMA,h1,1,ARIMA,7.909605979919434,6.131441593170166,1.602347812838368,1.4011069013891517,3.252028062577524,3.199995683758969,0.5985554483402006,0.0,0.0,1.7141903101449985,2.610227960007122,True
D2,24,56,AutoARIMA,h1_6,1,ARIMA,7.909605979919434,6.131441593170166,1.522907325279597,1.542559372181668,3.0305546376317385,2.9712302493651546,0.5755421313349961,0.5,0.6666666666666666,2.85500448400692,4.347365917305998,True
D2,24,56,AutoARIMA,h1_12,1,ARIMA,7.909605979919434,6.131441593170166,1.6496973044933796,1.650852077917225,3.2527128351506756,3.185619965329531,0.6121495645449045,0.5,0.6666666666666666,3.07634696428375,4.684408034121511,True
D2,24,57,AutoARIMA,h1,1,ARIMA,7.909605979919434,6.131441593170166,0.7040319169918376,0.5629384429691501,0.908861197743485,0.9130101954423939,0.24177613308493576,1.0,1.0,2.105287838944992,3.2057590971986913,True
D2,24,57,AutoARIMA,h1_6,1,ARIMA,7.909605979919434,6.131441593170166,0.5913156108382234,0.5806441031064361,0.7638509948710087,0.7678690960958104,0.3364387324091376,1.0,1.0,3.800683886694368,5.787368700829388,True
D2,24,57,AutoARIMA,h1_12,1,ARIMA,7.909605979919434,6.131441593170166,0.7950883756455244,0.7805854064807282,1.018919252658524,1.0162138414862676,0.4522849367915621,1.0,1.0,5.131464472345522,7.813771879486642,True
D2,24,58,AutoARIMA,h1,1,ARIMA,7.909605979919434,6.131441593170166,0.08587289508317561,0.0641872771799677,0.12616635859397288,0.12608681901986069,0.1589015538811449,1.0,1.0,2.103039663085217,3.202335759980251,True
D2,24,58,AutoARIMA,h1_6,1,ARIMA,7.909605979919434,6.131441593170166,0.5539520081544151,0.7007384695155148,0.8583539480129709,0.8690929766177352,0.3384223676186609,0.8333333333333334,1.0,3.471908738272617,5.286736956566779,True
D2,24,58,AutoARIMA,h1_12,1,ARIMA,7.909605979919434,6.131441593170166,1.2116697824597786,1.1941543054755261,1.8519084956381926,1.8333784600806358,0.49700910778920415,0.75,0.9166666666666666,3.7474520358386876,5.706311618284874,True
D2,24,59,AutoARIMA,h1,1,ARIMA,7.909605979919434,6.131441593170166,1.0876425521662396,0.8395213211422795,2.213948923516144,2.2387311051172256,0.3647551924186891,0.0,1.0,1.7323754916390972,2.6379188581021475,True
D2,24,59,AutoARIMA,h1_6,1,ARIMA,7.909605979919434,6.131441593170166,1.1386766297210442,0.9872199621709589,2.375916790639405,2.4124030266981844,0.408481497724714,0.5,0.8333333333333334,2.2907063843314837,3.4880992017993058,True
D2,24,59,AutoARIMA,h1_12,1,ARIMA,7.909605979919434,6.131441593170166,1.5523819199428344,1.3092374410863612,3.261480247632261,3.326766777950079,0.5608527683525169,0.25,0.6666666666666666,2.3465394736007226,3.5731172361690215,True
D2,24,60,AutoARIMA,h1,1,ARIMA,7.909605979919434,6.131441593170166,0.7394659281813482,0.5817886577705974,1.514454095289679,1.5260094516068625,0.252370058765377,1.0,1.0,2.1395080818868735,3.257866867494972,True
D2,24,60,AutoARIMA,h1_6,1,ARIMA,7.909605979919434,6.131441593170166,0.8360909622464606,0.8000320524559545,1.7176082501247063,1.736437831406537,0.3994917120091046,0.8333333333333334,1.0,3.8624618172661602,5.881439050390654,True
D2,24,60,AutoARIMA,h1_12,1,ARIMA,7.909605979919434,6.131441593170166,0.8291674928327092,0.8468620428864769,1.7077311786878189,1.7309449928899954,0.4834813602284906,0.9166666666666666,1.0,5.214873475923531,7.94078024720822,True
D2,24,61,AutoARIMA,h1,1,ARIMA,7.909605979919434,6.131441593170166,0.6570124185871243,0.5315352787634866,0.7815993178136961,0.7846657890408263,0.21765733581882563,1.0,1.0,1.6015214847578703,2.4386651431447715,True
D2,24,61,AutoARIMA,h1_6,1,ARIMA,7.909605979919434,6.131441593170166,0.9178704194141764,0.9604786550864325,1.0878030221342312,1.0800429189780663,0.37176922003633517,0.6666666666666666,0.6666666666666666,2.094059350308536,3.1886612785877615,True
D2,24,61,AutoARIMA,h1_12,1,ARIMA,7.909605979919434,6.131441593170166,2.3079786215021927,2.8365359556868674,2.704835813721565,2.7844148730492053,0.995345943154941,0.5833333333333334,0.5833333333333334,2.562276168293898,3.901623323944077,True
D2,24,62,AutoARIMA,h1,1,ARIMA,7.909605979919434,6.131441593170166,0.10776989397026442,0.08478228267226952,0.1819542627097609,0.18178887640488545,0.16280698915687794,1.0,1.0,2.1397288666121557,3.2582030603083822,True
D2,24,62,AutoARIMA,h1_6,1,ARIMA,7.909605979919434,6.131441593170166,1.572611414168751,1.4113603510873225,2.649979158765924,2.644136410955555,0.5710864262485057,0.6666666666666666,0.8333333333333334,3.8628604007435805,5.882045980514457,True
D2,24,62,AutoARIMA,h1_12,1,ARIMA,7.909605979919434,6.131441593170166,1.4618606832088994,1.3925592984750546,2.488020491783615,2.5075898750618064,0.6106701875016323,0.8333333333333334,0.9166666666666666,5.21541162037717,7.94159968930347,True
D2,24,63,AutoARIMA,h1,1,ARIMA,7.909605979919434,6.131441593170166,2.172325604296179,1.774241670277201,2.7836328003223674,2.8229227014449516,0.8425416007565925,0.0,0.0,2.0610812397377742,3.1384449252630633,True
D2,24,63,AutoARIMA,h1_6,1,ARIMA,7.909605979919434,6.131441593170166,1.8994711148020578,1.661763246002975,2.4321811296329607,2.464807644387294,0.7089004740493466,0.5,0.5,3.720877550389974,5.665846178403135,True
D2,24,63,AutoARIMA,h1_12,1,ARIMA,7.909605979919434,6.131441593170166,2.6511918844229894,2.624183237030998,3.434664245402861,3.524242882452825,0.9870218630978557,0.5,0.6666666666666666,5.023714553745944,7.649699169150695,True
D2,24,64,AutoARIMA,h1,1,ARIMA,7.909605979919434,6.131441593170166,1.537222272752139,1.1971463219070357,2.1704567653804205,2.147155227431913,0.525168882877967,0.0,1.0,2.161560443928406,3.291446389934438,True
D2,24,64,AutoARIMA,h1_6,1,ARIMA,7.909605979919434,6.131441593170166,1.019321751254105,0.8273941997331186,1.4531350451106129,1.4514582002346739,0.41684971230869944,0.8333333333333334,1.0,3.9022730276500255,5.942060285880485,True
D2,24,64,AutoARIMA,h1_12,1,ARIMA,7.909605979919434,6.131441593170166,1.5356763116098269,1.3557428465981594,2.18615296032184,2.181295636050442,0.593732959940115,0.8333333333333334,1.0,5.268624279141093,8.022627547709792,True
D2,24,65,AutoARIMA,h1,1,ARIMA,7.909605979919434,6.131441593170166,1.0872507610665039,0.9949004083233218,2.027543214285377,2.0071948428683455,0.3708897821937495,0.0,1.0,1.5452930264971658,2.353045073405969,True
D2,24,65,AutoARIMA,h1_6,1,ARIMA,7.909605979919434,6.131441593170166,2.027065286391454,2.1657359180837017,3.8289223230256395,3.925369522660365,0.7933771069566393,0.16666666666666666,0.5,2.5676667140109948,3.9098316034257588,True
D2,24,65,AutoARIMA,h1_12,1,ARIMA,7.909605979919434,6.131441593170166,2.1684604338459916,2.164396752201145,4.085052900118552,4.183901922802908,0.8145815122383713,0.08333333333333333,0.4166666666666667,2.6917325617664667,4.098748868198959,True
D2,24,66,AutoARIMA,h1,1,ARIMA,7.909605979919434,6.131441593170166,0.33172950791014283,0.2744821197522579,0.6957246254062639,0.6981532374041096,0.17036582687966542,1.0,1.0,2.0343922879083465,3.097805185395116,True
D2,24,66,AutoARIMA,h1_6,1,ARIMA,7.909605979919434,6.131441593170166,1.2575986199823284,1.305027876686301,2.5859125570848724,2.545897081361433,0.48972710329381897,0.6666666666666666,1.0,3.672695887391492,5.592479106396034,True
D2,24,66,AutoARIMA,h1_12,1,ARIMA,7.909605979919434,6.131441593170166,1.036585891300217,1.0741444561367124,2.1405235136783234,2.116059733180673,0.5036819948796856,0.8333333333333334,1.0,4.958662447528741,7.550643174317115,True
D2,24,67,AutoARIMA,h1,1,ARIMA,7.909605979919434,6.131441593170166,1.0482964075611887,0.7861089729184338,1.7709225389033478,1.7553793347620714,0.33810515996947527,1.0,1.0,2.1371781340161387,3.254319014586485,True
D2,24,67,AutoARIMA,h1_6,1,ARIMA,7.909605979919434,6.131441593170166,1.0291468172682998,0.8798664539471853,1.7602811632624542,1.7645309060323922,0.37824148306297534,0.6666666666666666,1.0,2.687297321254036,4.091995248880035,True
D2,24,67,AutoARIMA,h1_12,1,ARIMA,7.909605979919434,6.131441593170166,1.3483075908646844,1.2525025126199234,2.2995912843234008,2.2981403261220765,0.5123161302163026,0.5833333333333334,0.8333333333333334,2.8005233058345906,4.264406461918859,True
D2,24,68,AutoARIMA,h1,1,ARIMA,7.909605979919434,6.131441593170166,2.3412424283660016,1.907304247986027,3.8581480106937587,3.9340385252445835,0.9442088932028874,0.0,0.0,1.915490870877406,2.916751890797754,True
D2,24,68,AutoARIMA,h1_6,1,ARIMA,7.909605979919434,6.131441593170166,2.0764776137295313,1.7025673249495574,3.4182959399765305,3.478560127347922,0.7692224177987129,0.0,0.16666666666666666,2.2806791213317843,3.472830510750669,True
D2,24,68,AutoARIMA,h1_12,1,ARIMA,7.909605979919434,6.131441593170166,1.5024933608210953,1.3467612145779284,2.453927416493711,2.477272736340373,0.5545583572253737,0.25,0.5833333333333334,2.342953966390028,3.567657520805572,True
D2,24,69,AutoARIMA,h1,1,ARIMA,7.909605979919434,6.131441593170166,0.009386941753786201,0.008173076370308618,0.020914254828010945,0.02091644208701046,0.1271566793173916,1.0,1.0,1.7278749404899212,2.6310657891193845,True
D2,24,69,AutoARIMA,h1_6,1,ARIMA,7.909605979919434,6.131441593170166,0.6332774005873371,0.7731951934910686,1.3719252104227244,1.3549850770429166,0.2956547453598119,0.8333333333333334,1.0,2.6330712183375424,4.009424201104792,True
D2,24,69,AutoARIMA,h1_12,1,ARIMA,7.909605979919434,6.131441593170166,0.5189463959680521,0.6114759560644506,1.1311418699657017,1.122224153585921,0.26924511202047907,0.9166666666666666,1.0,2.7739066415787392,4.2238767956201055,True
D2,24,70,AutoARIMA,h1,1,ARIMA,7.909605979919434,6.131441593170166,3.3311109835814063,2.67933481707345,5.1839979855315494,5.0530236630802925,1.4713920610788336,0.0,0.0,1.6426591864649163,2.501306250477271,True
D2,24,70,AutoARIMA,h1_6,1,ARIMA,7.909605979919434,6.131441593170166,2.9927448886723633,2.681693974928003,4.846035663956068,4.930259024868324,1.2977541883775994,0.16666666666666666,0.16666666666666666,2.172075224959283,3.3074574333277433,True
D2,24,70,AutoARIMA,h1_12,1,ARIMA,7.909605979919434,6.131441593170166,2.8371924221249083,2.5427906828774174,4.617643163040571,4.72109832747425,1.2155448965450208,0.16666666666666666,0.16666666666666666,2.22501682880872,3.38807255161279,True
D2,24,71,AutoARIMA,h1,1,ARIMA,7.909605979919434,6.131441593170166,2.2701875872559483,1.7583788894995367,4.50284865625138,4.6065619118243655,0.9019689303433369,0.0,0.0,1.972280242803076,3.003226073713348,True
D2,24,71,AutoARIMA,h1_6,1,ARIMA,7.909605979919434,6.131441593170166,1.094897493121902,0.9578538442026046,2.1075217042607073,2.1207655762377504,0.40045724655156856,0.6666666666666666,0.8333333333333334,2.4063290722524555,3.6641599174831705,True
D2,24,71,AutoARIMA,h1_12,1,ARIMA,7.909605979919434,6.131441593170166,1.519591321781445,1.3466259814106554,2.8609973483769497,2.8296614680773104,0.5725185917229169,0.4166666666666667,0.5833333333333334,2.449733955197393,3.7302533018601527,True
D2,24,72,AutoARIMA,h1,1,ARIMA,7.909605979919434,6.131441593170166,1.0102984678325029,0.8365537751168151,1.8502641725133833,1.8333036918218109,0.325261507501659,1.0,1.0,2.032912196274727,3.095551423637976,True
D2,24,72,AutoARIMA,h1_6,1,ARIMA,7.909605979919434,6.131441593170166,2.613737741986834,2.518529833569728,4.679602203194172,4.537944442553848,1.021693958236832,0.3333333333333333,0.5,3.6700238725160474,5.588410381998182,True
D2,24,72,AutoARIMA,h1_12,1,ARIMA,7.909605979919434,6.131441593170166,2.8051821666102277,2.577190953425717,5.199055643850797,5.22464213746754,1.0318634537418814,0.5,0.6666666666666666,4.9550548469464015,7.545149816985181,True
D2,24,73,AutoARIMA,h1,1,ARIMA,7.909605979919434,6.131441593170166,0.1050560395155393,0.08471826694845098,0.16666916775881407,0.16680817665870945,0.1352155091505254,1.0,1.0,1.7653138364006056,2.6880746593244718,True
D2,24,73,AutoARIMA,h1_6,1,ARIMA,7.909605979919434,6.131441593170166,1.1483426192246426,1.1134596137101382,1.819967653428435,1.8060530237874597,0.4340871492389033,0.5,0.8333333333333334,2.0606656196703765,3.1378120532218268,True
D2,24,73,AutoARIMA,h1_12,1,ARIMA,7.909605979919434,6.131441593170166,2.270518537815461,2.1706472957639016,3.5425493549895193,3.4622950667859906,0.9407178842503766,0.25,0.5,2.0902007979973534,3.1827857926115626,True
D2,24,74,AutoARIMA,h1,1,ARIMA,7.909605979919434,6.131441593170166,0.7276961463098996,0.6069160733640705,1.39248775953266,1.3828596836197018,0.2366573321500013,1.0,1.0,1.57262109089862,2.3946580013121563,True
D2,24,74,AutoARIMA,h1_6,1,ARIMA,7.909605979919434,6.131441593170166,0.8941962913168775,0.9268482285895077,1.7472545948387634,1.7275253427388344,0.35885662323339507,0.6666666666666666,1.0,2.617401161732557,3.9855631282454023,True
D2,24,74,AutoARIMA,h1_12,1,ARIMA,7.909605979919434,6.131441593170166,0.7963080423876964,0.8147408891071624,1.5668572937446206,1.5506365043950265,0.3293714755156922,0.8333333333333334,1.0,2.7445007403342014,4.179099908734535,True
D2,24,75,AutoARIMA,h1,1,ARIMA,7.909605979919434,6.131441593170166,0.14913487753424892,0.12846080465862084,0.2697908819789488,0.26942743665013297,0.14356064928285633,1.0,1.0,1.84576617281367,2.8105808575630533,True
D2,24,75,AutoARIMA,h1_6,1,ARIMA,7.909605979919434,6.131441593170166,0.6078923772398667,0.6319222922117596,1.110280819723373,1.1047625096796667,0.24679733806527104,0.8333333333333334,1.0,2.131397875628042,3.245517312715126,True
D2,24,75,AutoARIMA,h1_12,1,ARIMA,7.909605979919434,6.131441593170166,0.6794165896741436,0.689502562607333,1.2448524914358805,1.2385779405723267,0.26392217056995426,0.8333333333333334,1.0,2.175442132357191,3.3125842828827694,True
D2,24,76,AutoARIMA,h1,1,ARIMA,7.909605979919434,6.131441593170166,1.150534479181208,0.9242108575790833,2.172099700377591,2.14876306235794,0.3840593021342608,0.0,1.0,1.8857402762169704,2.871450133139957,True
D2,24,76,AutoARIMA,h1_6,1,ARIMA,7.909605979919434,6.131441593170166,2.0208208724323735,1.6977459047634953,3.8776888966121326,3.797275606454843,0.762823588215684,0.0,0.3333333333333333,2.208476351734623,3.362886074081606,True
D2,24,76,AutoARIMA,h1_12,1,ARIMA,7.909605979919434,6.131441593170166,1.9064715070682423,1.7025291279852683,3.6579933645153946,3.577593302939196,0.7395806895478207,0.16666666666666666,0.4166666666666667,2.2407499592863878,3.4120296681757707,True
D2,24,77,AutoARIMA,h1,1,ARIMA,7.909605979919434,6.131441593170166,0.6300032965278674,0.5530343430337409,1.3412980077355912,1.3503541443533846,0.21502068902363786,1.0,1.0,1.8231989033650768,2.776217276490893,True
D2,24,77,AutoARIMA,h1_6,1,ARIMA,7.909605979919434,6.131441593170166,0.8625149993999908,0.8472357700858147,1.8446083141449865,1.8410771158257133,0.31176380605434423,0.8333333333333334,1.0,2.2345674738801544,3.4026154880965875,True
D2,24,77,AutoARIMA,h1_12,1,ARIMA,7.909605979919434,6.131441593170166,0.888742849064704,0.8589286504298806,1.9051025812013973,1.8967508837825737,0.3176427979128225,0.8333333333333334,1.0,2.3119784269923023,3.520490518090799,True
D2,24,78,AutoARIMA,h1,1,ARIMA,7.909605979919434,6.131441593170166,0.419419901175495,0.313711198611697,0.5620652762159333,0.5636493147548662,0.15024260553376842,1.0,1.0,1.4202734850077583,2.1626756022850477,True
D2,24,78,AutoARIMA,h1_6,1,ARIMA,7.909605979919434,6.131441593170166,1.741558035042564,1.5818675773320898,2.282953748864464,2.2456547637171465,0.6804127315162759,0.5,0.6666666666666666,2.2484725792569256,3.4237890384465683,True
D2,24,78,AutoARIMA,h1_12,1,ARIMA,7.909605979919434,6.131441593170166,1.8093620548667573,1.5469781757069754,2.396751243226908,2.3945381517081703,0.6676454738919487,0.5,0.75,2.64978826844949,4.034879549529519,True
D2,24,79,AutoARIMA,h1,1,ARIMA,7.909605979919434,6.131441593170166,0.6600253141234895,0.5300080806874441,1.0114036639139001,1.006314711980164,0.21997109050928193,1.0,1.0,1.6688025186701616,2.5411151656753534,True
D2,24,79,AutoARIMA,h1_6,1,ARIMA,7.909605979919434,6.131441593170166,1.5193310801462931,1.366528748768471,2.3240045326213723,2.290830999616428,0.5351490014614936,0.6666666666666666,0.8333333333333334,2.7084334581493765,4.12417961905425,True
D2,24,79,AutoARIMA,h1_12,1,ARIMA,7.909605979919434,6.131441593170166,1.4297668466766456,1.2784258961803643,2.189290676521978,2.1601508203636346,0.5035623528315007,0.5833333333333334,0.8333333333333334,2.822893982317508,4.298470687398612,True
D2,24,80,AutoARIMA,h1,1,ARIMA,7.909605979919434,6.131441593170166,0.16988135635906143,0.13562038062407003,0.21012725997210593,0.21034825948913768,0.16075422024998642,1.0,1.0,2.064637595643999,3.143860251418616,True
D2,24,80,AutoARIMA,h1_6,1,ARIMA,7.909605979919434,6.131441593170166,1.0820365771790226,1.3074608809911517,1.335070782320364,1.3161998314456471,0.4728385332941711,0.8333333333333334,0.8333333333333334,2.696347166851514,4.105775609130866,True
D2,24,80,AutoARIMA,h1_12,1,ARIMA,7.909605979919434,6.131441593170166,1.7657876955041703,1.7830911897124437,2.1922745351030226,2.1560035303064513,0.7051838587358225,0.5833333333333334,0.5833333333333334,2.8453981981509284,4.332738255613634,True
D2,24,81,AutoARIMA,h1,1,ARIMA,7.909605979919434,6.131441593170166,0.4699021114892624,0.42081655591043515,0.8633263346433245,0.8670691528112185,0.1671181937507136,1.0,1.0,1.5698664578235841,2.390463472717838,True
D2,24,81,AutoARIMA,h1_6,1,ARIMA,7.909605979919434,6.131441593170166,1.0425919296525628,1.1696614145466435,1.890852026742942,1.8790367115968307,0.4009604177665936,0.6666666666666666,0.8333333333333334,2.075821976725077,3.1608909066734365,True
D2,24,81,AutoARIMA,h1_12,1,ARIMA,7.909605979919434,6.131441593170166,0.7199336418551734,0.90022643228985,1.3107100522670265,1.3074972262555913,0.3070752148054133,0.75,0.9166666666666666,2.1264175286152267,3.2379336500689964,True
D2,24,82,AutoARIMA,h1,1,ARIMA,7.909605979919434,6.131441593170166,1.029076755326005,0.8352611174164373,2.0448231109486725,2.0241281904320814,0.339475402913588,0.0,1.0,1.8068936653600667,2.7513890016585543,True
D2,24,82,AutoARIMA,h1_6,1,ARIMA,7.909605979919434,6.131441593170166,1.1195957786137072,1.2311662870109945,2.271695611100366,2.3124292255169543,0.47221839649772873,0.5,0.6666666666666666,2.3576766779299443,3.590076054547803,True
D2,24,82,AutoARIMA,h1_12,1,ARIMA,7.909605979919434,6.131441593170166,1.2115705102778571,1.205064332505299,2.4466593793478153,2.4801615626410314,0.4697272808277472,0.5,0.6666666666666666,2.4231853896514064,3.6898273306735803,True
D2,24,83,AutoARIMA,h1,1,ARIMA,7.909605979919434,6.131441593170166,0.5815963743926368,0.43970974929769363,1.0786938560571109,1.0729071642262582,0.21750259497379118,1.0,1.0,2.1314874263006787,3.245653673111142,True
D2,24,83,AutoARIMA,h1_6,1,ARIMA,7.909605979919434,6.131441593170166,1.2486914654894563,1.1573722861825146,2.3803221721017427,2.4167529253501496,0.4667956733818018,0.6666666666666666,0.8333333333333334,2.7015731340200646,4.113733281940414,True
D2,24,83,AutoARIMA,h1_12,1,ARIMA,7.909605979919434,6.131441593170166,0.8924330099907128,0.9218344075368872,1.690205785112408,1.7030541922929898,0.38094490975504997,0.75,0.9166666666666666,2.822281865387557,4.297538606102912,True
D2,24,84,AutoARIMA,h1,1,ARIMA,7.909605979919434,6.131441593170166,1.0170856632086047,0.784854130842283,1.2918521385293162,1.283561281596497,0.32718726465750714,0.0,1.0,2.033790825887599,3.0968893285184618,True
D2,24,84,AutoARIMA,h1_6,1,ARIMA,7.909605979919434,6.131441593170166,3.7534753414425506,3.122883370608629,4.591745412572958,4.473123387124427,1.4909193084028425,0.0,0.3333333333333333,3.3967110939927836,5.172232171150462,True
D2,24,84,AutoARIMA,h1_12,1,ARIMA,7.909605979919434,6.131441593170166,2.6084525068613855,2.4636125557305175,3.218290799464856,3.1730480751708567,1.0531610027465372,0.4166666666666667,0.5833333333333334,3.6976134815068584,5.630421568485055,True
D2,24,85,AutoARIMA,h1,1,ARIMA,7.909605979919434,6.131441593170166,1.131594030996542,0.8523142437149129,1.550605859133929,1.5386764554978964,0.36518380587761545,0.0,1.0,2.2282393340775126,3.392979517487071,True
D2,24,85,AutoARIMA,h1_6,1,ARIMA,7.909605979919434,6.131441593170166,1.0952777740009618,0.9095390753327395,1.521580091164927,1.5116632333994673,0.40859448042289304,0.6666666666666666,1.0,3.1598238086167814,4.811519704162875,True
D2,24,85,AutoARIMA,h1_12,1,ARIMA,7.909605979919434,6.131441593170166,2.8224383333439507,2.6689614076966315,4.133353878378276,4.264932125229938,1.1362392210490364,0.4166666666666667,0.5833333333333334,3.4590980615674716,5.267229912147922,True
D2,24,86,AutoARIMA,h1,1,ARIMA,7.909605979919434,6.131441593170166,3.417419260743269,2.7342944786899457,5.351006357411255,5.498108423038326,1.4797422206649993,0.0,0.0,1.9371074026489479,2.949667766762351,True
D2,24,86,AutoARIMA,h1_6,1,ARIMA,7.909605979919434,6.131441593170166,2.077048045601736,1.8845217611933516,3.2948024113603402,3.3661870065136283,0.8154358318729702,0.5,0.5,2.6516431608986153,4.037704027129737,True
D2,24,86,AutoARIMA,h1_12,1,ARIMA,7.909605979919434,6.131441593170166,1.6485255665525145,1.5668405215897043,2.6128293352859626,2.6564215227852297,0.6385063845020966,0.5,0.6666666666666666,2.74821428911651,4.184754595267912,True
D2,24,87,AutoARIMA,h1,1,ARIMA,7.909605979919434,6.131441593170166,1.2797467014285415,1.077486111229902,3.052169758221077,3.006291202753821,0.44695679946975647,0.0,0.0,1.6321103513729658,2.4852433523617337,True
D2,24,87,AutoARIMA,h1_6,1,ARIMA,7.909605979919434,6.131441593170166,1.1918301905351951,1.214475566518847,2.9198363008557595,2.884325552672044,0.4597737309392436,0.3333333333333333,0.6666666666666666,2.0785551219084817,3.1650527152744194,True
D2,24,87,AutoARIMA,h1_12,1,ARIMA,7.909605979919434,6.131441593170166,1.649303914036856,1.530716110132119,4.161075846723648,4.220022570576484,0.6289873366159012,0.16666666666666666,0.4166666666666667,2.123199598962033,3.233033651565688,True
D2,24,88,AutoARIMA,h1,1,ARIMA,7.909605979919434,6.131441593170166,0.15465398970102823,0.11986633619168056,0.27096105493155404,0.27059445214050093,0.14878292061404083,1.0,1.0,1.9128378599368079,2.91271210402824,True
D2,24,88,AutoARIMA,h1_6,1,ARIMA,7.909605979919434,6.131441593170166,0.5519633372285347,0.5016043570538816,1.0191183499165102,1.0208771821248046,0.2724916721642313,1.0,1.0,3.020136726980374,4.598815709757306,True
D2,24,88,AutoARIMA,h1_12,1,ARIMA,7.909605979919434,6.131441593170166,1.1522190695818086,1.1124875578778803,2.1620303983102915,2.1919647027463474,0.4466803742591526,0.6666666666666666,0.9166666666666666,3.2094514561051146,4.887088602374917,True
D2,24,89,AutoARIMA,h1,1,ARIMA,7.909605979919434,6.131441593170166,0.9115438799167352,0.7726673918417373,1.5418916795454225,1.5538711848000657,0.293604185607616,0.0,1.0,1.81177349755767,2.758819608614478,True
D2,24,89,AutoARIMA,h1_6,1,ARIMA,7.909605979919434,6.131441593170166,1.4851451657233143,1.39665537659169,2.5055786162197173,2.541211206689044,0.5320295357185199,0.5,0.6666666666666666,2.3956937383656816,3.647965306120034,True
D2,24,89,AutoARIMA,h1_12,1,ARIMA,7.909605979919434,6.131441593170166,1.1937598063448078,1.2264467790272922,1.9929081722757775,2.0011382366899424,0.4532653825849562,0.6666666666666666,0.75,2.4540857624464825,3.7368798758705895,True
D2,24,90,AutoARIMA,h1,1,ARIMA,7.909605979919434,6.131441593170166,0.49767871983286244,0.39382779205448104,1.1823774709633383,1.175428470253555,0.17307595398048153,1.0,1.0,1.5868510251594972,2.416326174359787,True
D2,24,90,AutoARIMA,h1_6,1,ARIMA,7.909605979919434,6.131441593170166,0.7569626715309552,0.8087941918701169,1.6946616433569563,1.6693580613254926,0.3239010215566122,0.6666666666666666,1.0,2.491043488042679,3.793156059511661,True
D2,24,90,AutoARIMA,h1_12,1,ARIMA,7.909605979919434,6.131441593170166,1.3711502708421923,1.5019628347877256,3.170615695141573,3.2462016819035244,0.5786216421563218,0.5,0.75,2.5902148568130836,3.9441660600143433,True
D2,24,91,AutoARIMA,h1,1,ARIMA,7.909605979919434,6.131441593170166,2.473309677666994,1.9517656485657282,4.52989597527915,4.429568551510595,0.9845197451672864,0.0,0.0,2.1331103716209316,3.248124960708217,True
D2,24,91,AutoARIMA,h1_6,1,ARIMA,7.909605979919434,6.131441593170166,1.234180047142912,1.1299731525093786,2.284135560304865,2.25671647131043,0.5260870210868251,0.6666666666666666,0.8333333333333334,3.8509120073685787,5.863851950201709,True
D2,24,91,AutoARIMA,h1_12,1,ARIMA,7.909605979919434,6.131441593170166,1.0248849777913576,0.96972839325302,1.8999918197972654,1.8802360909722295,0.5342442765578115,0.8333333333333334,0.9166666666666666,5.1992795878447895,7.917035157513418,True
D2,24,92,AutoARIMA,h1,1,ARIMA,7.909605979919434,6.131441593170166,0.7610040608190477,0.6152932336889883,1.4054540910353324,1.395646505580794,0.25190951006850215,1.0,1.0,1.8459648665908974,2.810883412098402,True
D2,24,92,AutoARIMA,h1_6,1,ARIMA,7.909605979919434,6.131441593170166,1.7940673190224636,1.5722734981069109,3.2933467884898877,3.355193583935704,0.6463996352212277,0.3333333333333333,0.5,2.5440812174736114,3.8739175499229512,True
D2,24,92,AutoARIMA,h1_12,1,ARIMA,7.909605979919434,6.131441593170166,1.7382011390862646,1.5457437517902424,3.184443191198099,3.2443921052594686,0.6292650370334991,0.3333333333333333,0.5833333333333334,2.6266650317116467,3.9996693872145275,True
D2,24,93,AutoARIMA,h1,1,ARIMA,7.909605979919434,6.131441593170166,0.8534774603215259,0.6390806638632582,1.469955681688535,1.4808395240487573,0.27698829182684354,1.0,1.0,1.818253468548932,2.7686867752652677,True
D2,24,93,AutoARIMA,h1_6,1,ARIMA,7.909605979919434,6.131441593170166,1.410720927238331,1.2254191175686344,2.4321976592805052,2.4730839917366993,0.5159223992371333,0.5,0.8333333333333334,2.404262152656681,3.6610125823897253,True
D2,24,93,AutoARIMA,h1_12,1,ARIMA,7.909605979919434,6.131441593170166,1.5874526422685462,1.4104363760928615,2.7421891063527934,2.7955276894600134,0.6004082728968717,0.5,0.75,2.462863021067456,3.750245163102171,True
D2,24,94,AutoARIMA,h1,1,ARIMA,7.909605979919434,6.131441593170166,0.5953158282259144,0.516284012452118,1.024780287582227,1.0195561821942505,0.2003850448691058,1.0,1.0,1.5954008783109108,2.429345187253342,True
D2,24,94,AutoARIMA,h1_6,1,ARIMA,7.909605979919434,6.131441593170166,1.4472057631150639,1.5798595300933274,2.56274385400177,2.6077826578732006,0.5656190108616379,0.6666666666666666,0.6666666666666666,2.323370358038607,3.5378372133553593,True
D2,24,94,AutoARIMA,h1_12,1,ARIMA,7.909605979919434,6.131441593170166,1.8575671708371597,1.8420664873148702,3.2772029605454325,3.3222504472959984,0.7089021395582608,0.4166666666666667,0.4166666666666667,2.405631050602109,3.6630970275475447,True
D2,24,95,AutoARIMA,h1,1,ARIMA,7.909605979919434,6.131441593170166,0.12098941190463065,0.10378517195179887,0.2602031613521802,0.259865072784862,0.15054089681634883,1.0,1.0,1.9623432854821403,2.9880948927219553,True
D2,24,95,AutoARIMA,h1_6,1,ARIMA,7.909605979919434,6.131441593170166,1.1076019037336753,1.0964192695938608,2.3479201378516725,2.3119661222668073,0.41534164107290217,1.0,1.0,3.542625558048337,5.394418711112322,True
D2,24,95,AutoARIMA,h1_12,1,ARIMA,7.909605979919434,6.131441593170166,1.1356356803632637,1.1530961436244895,2.420582177594396,2.3972672276634963,0.4953708769519844,0.9166666666666666,1.0,4.783048980629448,7.283233436470949,True
D2,24,96,AutoARIMA,h1,1,ARIMA,7.909605979919434,6.131441593170166,0.4470117979116493,0.36105612191232744,0.6280622367341275,0.6260961001487777,0.18932621471187147,1.0,1.0,2.0299138581667164,3.0909858010715907,True
D2,24,96,AutoARIMA,h1_6,1,ARIMA,7.909605979919434,6.131441593170166,2.0845518739034374,1.9704698913204028,2.918729417770187,2.8772390655316196,0.8007178454189491,0.3333333333333333,0.6666666666666666,2.721293126070138,4.143761263265239,True
D2,24,96,AutoARIMA,h1_12,1,ARIMA,7.909605979919434,6.131441593170166,1.7637219096883516,1.6824061536060384,2.490389713291173,2.46735910886229,0.6652946279236919,0.4166666666666667,0.75,2.9009780304784436,4.417370651150583,True
D2,24,97,AutoARIMA,h1,1,ARIMA,7.909605979919434,6.131441593170166,0.21285564148663014,0.18466056602414876,0.38754687271780386,0.3867973621773672,0.11200962173691884,1.0,1.0,1.3529962777483455,2.0602314066666128,True
D2,24,97,AutoARIMA,h1_6,1,ARIMA,7.909605979919434,6.131441593170166,0.9688539456567951,1.0998881290966789,1.821573778834625,1.8459065197733309,0.3768021343603768,0.6666666666666666,0.8333333333333334,2.1199326304888606,3.2280589807822455,True
D2,24,97,AutoARIMA,h1_12,1,ARIMA,7.909605979919434,6.131441593170166,1.0790609927641972,1.1730015770797573,2.000730546242398,1.9994000750680179,0.41689820931714877,0.5833333333333334,0.75,2.2198212567951674,3.380161162044353,True
D2,24,98,AutoARIMA,h1,1,ARIMA,7.909605979919434,6.131441593170166,0.47949392610322517,0.4067336195421654,1.1136068148695457,1.107440548162065,0.16958116072434862,1.0,1.0,1.585146487215452,2.4137306442286706,True
D2,24,98,AutoARIMA,h1_6,1,ARIMA,7.909605979919434,6.131441593170166,1.4370869308719083,1.404566677457036,3.1958718751453694,3.1430443068908507,0.5215405903413189,0.6666666666666666,0.6666666666666666,2.569478648590013,3.912590668315965,True
D2,24,98,AutoARIMA,h1_12,1,ARIMA,7.909605979919434,6.131441593170166,1.0854669208010685,1.110241981817463,2.4273748227856244,2.3940070983687227,0.413804006184256,0.8333333333333334,0.8333333333333334,2.7675744694924895,4.214234684980876,True
D2,24,99,AutoARIMA,h1,1,ARIMA,7.909605979919434,6.131441593170166,0.43917039088249815,0.35760688023073245,0.7119476576928668,0.7094222999689769,0.1730842326699119,1.0,1.0,1.7658848916726144,2.688944215306015,True
D2,24,99,AutoARIMA,h1_6,1,ARIMA,7.909605979919434,6.131441593170166,1.4458362398802274,1.2441975485964258,2.311861068118755,2.2824522144915664,0.48920114542857474,0.16666666666666666,1.0,2.4800181184583368,3.77636753388055,True
D2,24,99,AutoARIMA,h1_12,1,ARIMA,7.909605979919434,6.131441593170166,2.028948815899709,1.8782266686308855,3.3189426932568287,3.3630075037093565,0.771634826135395,0.16666666666666666,0.6666666666666666,2.5873282109925952,3.9397705132732996,True
D2,24,100,AutoARIMA,h1,1,ARIMA,7.909605979919434,6.131441593170166,2.323728348458813,1.9233022050871276,4.051932686242908,3.971472000192515,0.9375247092629363,0.0,0.0,1.8979541186653859,2.890048367460451,True
D2,24,100,AutoARIMA,h1_6,1,ARIMA,7.909605979919434,6.131441593170166,1.6022828934259992,1.651638855236643,2.858146533014046,2.8071859583863694,0.6441594797656897,0.5,0.6666666666666666,2.32366942879247,3.5382926136916715,True
D2,24,100,AutoARIMA,h1_12,1,ARIMA,7.909605979919434,6.131441593170166,1.6681780604200902,1.7133218576518756,3.034097582391099,3.0295125306569455,0.6715323856674414,0.4166666666666667,0.5,2.366240959805179,3.6031170383147937,True
D2,24,101,AutoARIMA,h1,1,ARIMA,7.909605979919434,6.131441593170166,1.5312515743042567,1.246671760987201,3.0428975458799186,3.089908927339893,0.5667541321648819,0.0,0.0,1.6824916504336844,2.561959849177456,True
D2,24,101,AutoARIMA,h1_6,1,ARIMA,7.909605979919434,6.131441593170166,1.0307725439635254,0.9636791594214031,2.011440041877943,2.0127637304964496,0.39091301824438646,0.3333333333333333,0.8333333333333334,2.2869363098444238,3.4823584425736818,True
D2,24,101,AutoARIMA,h1_12,1,ARIMA,7.909605979919434,6.131441593170166,0.7321966074204933,0.7553475921784314,1.4253604748978277,1.4230829500321183,0.31014368115204544,0.6666666666666666,0.9166666666666666,2.3625930687603987,3.59756232998178,True
D2,24,102,AutoARIMA,h1,1,ARIMA,7.909605979919434,6.131441593170166,1.089126762259791,0.8913557019691419,1.225314949837319,1.2178536782439855,0.36488766204335793,0.0,1.0,1.7456092331436786,2.6580701107876292,True
D2,24,102,AutoARIMA,h1_6,1,ARIMA,7.909605979919434,6.131441593170166,3.953971902884839,3.7408615292439085,4.534221864615657,4.401165268616613,1.7646042737509529,0.16666666666666666,0.3333333333333333,2.216654327952986,3.375338823379688,True
D2,24,102,AutoARIMA,h1_12,1,ARIMA,7.909605979919434,6.131441593170166,3.9054922444635434,3.597574421942257,4.501504885985236,4.496153014238761,1.703041206864748,0.16666666666666666,0.25,2.6859899370570273,4.090004471796938,True
D2,24,103,AutoARIMA,h1,1,ARIMA,7.909605979919434,6.131441593170166,1.123545898903724,0.905166035340428,1.5960638207226228,1.5834275634885278,0.3683638821155102,0.0,1.0,2.040473868371604,3.1070657157296204,True
D2,24,103,AutoARIMA,h1_6,1,ARIMA,7.909605979919434,6.131441593170166,1.8914871795029726,1.9426056662511697,2.6683280586120914,2.615583290189595,0.7672714412262845,0.5,0.6666666666666666,2.690350500755894,4.096644379408602,True
D2,24,103,AutoARIMA,h1_12,1,ARIMA,7.909605979919434,6.131441593170166,1.4355144353635854,1.5055030718659816,2.0417626473581336,2.0124112973671426,0.5661384234403943,0.75,0.8333333333333334,2.8491598933915885,4.338466255612288,True
D2,24,104,AutoARIMA,h1,1,ARIMA,7.909605979919434,6.131441593170166,0.7027633711629702,0.5798903416364949,1.2612549744224617,1.2533509985145923,0.2399904279212262,1.0,1.0,2.039988915982826,3.106327270134078,True
D2,24,104,AutoARIMA,h1_6,1,ARIMA,7.909605979919434,6.131441593170166,0.4787496617589715,0.4839936042238747,0.8676165920934396,0.8706506743522792,0.31761930939943783,1.0,1.0,3.682799500659479,5.607864057351085,True
D2,24,104,AutoARIMA,h1_12,1,ARIMA,7.909605979919434,6.131441593170166,1.5378323707938633,1.6129199444241578,2.840114337551467,2.9063031418894822,0.5992237428805968,0.8333333333333334,1.0,4.9723037642161145,7.571415048955516,True
D2,24,105,AutoARIMA,h1,1,ARIMA,7.909605979919434,6.131441593170166,0.6994360888992548,0.5615268009634933,1.4044914566134725,1.3946972547193943,0.2403115616686234,1.0,1.0,2.096725201864501,3.1927206179898193,True
D2,24,105,AutoARIMA,h1_6,1,ARIMA,7.909605979919434,6.131441593170166,0.7206653266158676,0.7969414357057284,1.4376118591134204,1.4184691389042083,0.362643920075538,1.0,1.0,3.7852257264478686,5.7638302863097834,True
D2,24,105,AutoARIMA,h1_12,1,ARIMA,7.909605979919434,6.131441593170166,1.2558043294672137,1.2392829230886293,2.4946016897003833,2.4516929126709854,0.5238110548801583,1.0,1.0,5.110593754738505,7.781991667965882,True
D2,24,106,AutoARIMA,h1,1,ARIMA,7.909605979919434,6.131441593170166,0.7853392917991893,0.6149012035443194,1.5298540017193611,1.5416464718402678,0.26153784868816726,1.0,1.0,1.9766487974928766,3.0098781493485145,True
D2,24,106,AutoARIMA,h1_6,1,ARIMA,7.909605979919434,6.131441593170166,1.988502043787974,1.736725042407667,3.839924131991637,3.9343790397796554,0.6967820764544953,0.3333333333333333,0.6666666666666666,3.248745929536839,4.946922993351359,True
D2,24,106,AutoARIMA,h1_12,1,ARIMA,7.909605979919434,6.131441593170166,1.7711273683013966,1.6494165934584415,3.4128617325264434,3.497815838987296,0.6577269426259593,0.5,0.75,3.4762994151854207,5.293422718102902,True
D2,24,107,AutoARIMA,h1,1,ARIMA,7.909605979919434,6.131441593170166,1.4851649930094977,1.1900617772665765,3.0630564641944478,3.1106976773380723,0.5286747716859216,0.0,0.0,1.8096996326300185,2.755661697741084,True
D2,24,107,AutoARIMA,h1_6,1,ARIMA,7.909605979919434,6.131441593170166,1.1034184970749734,1.1236087464873947,2.227456100390055,2.268252678462147,0.4466589850452051,0.5,0.6666666666666666,2.2937618225998886,3.4927517717917045,True
D2,24,107,AutoARIMA,h1_12,1,ARIMA,7.909605979919434,6.131441593170166,1.0301223679465754,1.0940782598689351,2.071002504803706,2.1073389743616553,0.4264889344919056,0.5833333333333334,0.75,2.3421680415968753,3.5664607791967673,True
D2,24,108,AutoARIMA,h1,1,ARIMA,7.909605979919434,6.131441593170166,0.9639576963757301,0.8353808363488688,1.8128961489818043,1.8294794300486874,0.31837523550608215,0.0,1.0,1.6812016650292632,2.5599955655441367,True
D2,24,108,AutoARIMA,h1_6,1,ARIMA,7.909605979919434,6.131441593170166,1.001431612641185,0.9500523389835669,1.8366362521319761,1.8484467157412496,0.36675824180307043,0.6666666666666666,1.0,2.975459771534997,4.530785318043304,True
D2,24,108,AutoARIMA,h1_12,1,ARIMA,7.909605979919434,6.131441593170166,1.0114517435517727,0.9635796993235551,1.837475213056657,1.841042602912068,0.37955933578746526,0.8333333333333334,1.0,3.216799231851493,4.898277190703499,True
D2,24,109,AutoARIMA,h1,1,ARIMA,7.909605979919434,6.131441593170166,0.18203794225967018,0.14964969820582946,0.21967527568678133,0.21991682713492647,0.16018888450459062,1.0,1.0,2.047708830590384,3.1180825209007312,True
D2,24,109,AutoARIMA,h1_6,1,ARIMA,7.909605979919434,6.131441593170166,4.164626055865517,3.876847836096328,5.187532766875861,5.367364775370476,1.6972247038613555,0.16666666666666666,0.16666666666666666,3.696736290922946,5.629085854839485,True
D2,24,109,AutoARIMA,h1_12,1,ARIMA,7.909605979919434,6.131441593170166,4.086947736025548,3.7361423029991916,5.081753303171322,5.248057511483005,1.557014436119758,0.25,0.4166666666666667,4.991120415699785,7.600067497593062,True
D2,24,110,AutoARIMA,h1,1,ARIMA,7.909605979919434,6.131441593170166,1.507050415122561,1.1606178922805783,2.1232321145415787,2.1009283221221797,0.5126203175288122,0.0,1.0,2.185814546008262,3.3283785409441697,True
D2,24,110,AutoARIMA,h1_6,1,ARIMA,7.909605979919434,6.131441593170166,2.3273767669053114,2.17430518946892,3.3853387721172212,3.4615078078133457,0.8555160834137632,0.3333333333333333,0.6666666666666666,3.946059047431208,6.0087340340716064,True
D2,24,110,AutoARIMA,h1_12,1,ARIMA,7.909605979919434,6.131441593170166,3.8155828713841964,3.399249724323587,5.633319344149656,5.8518307770302815,1.3888432462813092,0.25,0.5833333333333334,5.327741641066182,8.112646602248535,True
D2,24,111,AutoARIMA,h1,1,ARIMA,7.909605979919434,6.131441593170166,0.35168902681816594,0.25644066236621277,0.7480196791778733,0.7452324365374149,0.1768394126613615,1.0,1.0,2.090026333626591,3.1825201326227432,True
D2,24,111,AutoARIMA,h1_6,1,ARIMA,7.909605979919434,6.131441593170166,1.1150184298086618,1.0217010309458332,2.3121839488202998,2.27127096547956,0.4300029426531621,0.6666666666666666,0.8333333333333334,2.9013736289640617,4.41797303597447,True
D2,24,111,AutoARIMA,h1_12,1,ARIMA,7.909605979919434,6.131441593170166,0.9360769506759937,0.8354348521713411,1.9558655205272162,1.9360097014204343,0.37031747361956524,0.8333333333333334,0.9166666666666666,3.016671806680942,4.593539614220394,True
D2,24,112,AutoARIMA,h1,1,ARIMA,7.909605979919434,6.131441593170166,1.2007035106379065,1.0318784686942566,3.0370999316129894,2.9916699289301767,0.43448296453907975,0.0,0.0,1.4032812045163763,2.136801155684575,True
D2,24,112,AutoARIMA,h1_6,1,ARIMA,7.909605979919434,6.131441593170166,1.3735713443516575,1.2077150944577058,3.4496200891590063,3.388604871583831,0.4830086309067211,0.0,0.5,1.8555476163869202,2.825475235015201,True
D2,24,112,AutoARIMA,h1_12,1,ARIMA,7.909605979919434,6.131441593170166,2.2722586907272637,2.1950885529738895,5.6042515663603485,5.416234371441356,0.9192315112375316,0.0,0.25,1.9007742575739746,2.894342642948264,True
D2,24,113,AutoARIMA,h1,1,ARIMA,7.909605979919434,6.131441593170166,1.3719123208750814,1.1887092730406892,2.425860620484013,2.455645893842644,0.48448659610783285,0.0,0.0,1.7044704526795642,2.5954273608126126,True
D2,24,113,AutoARIMA,h1_6,1,ARIMA,7.909605979919434,6.131441593170166,2.068821833681489,1.915212840688537,3.770074229051835,3.853841448410584,0.7922054818881508,0.0,0.3333333333333333,2.0992734688487507,3.196600909280979,True
D2,24,113,AutoARIMA,h1_12,1,ARIMA,7.909605979919434,6.131441593170166,1.7764719040149697,1.6759862879878726,3.1987033467494457,3.227879077003643,0.6659968609191472,0.08333333333333333,0.5,2.1387537704656694,3.256718264127816,True
D2,24,114,AutoARIMA,h1,1,ARIMA,7.909605979919434,6.131441593170166,0.6502727457425136,0.5211058406772112,1.1086134472627436,1.1025022034209973,0.2271996241869477,1.0,1.0,2.1005672528866706,3.1985709771608453,True
D2,24,114,AutoARIMA,h1_6,1,ARIMA,7.909605979919434,6.131441593170166,1.4458919265120547,1.450817904418515,2.518281614811052,2.560303903677115,0.5302889065989068,0.6666666666666666,1.0,3.792161795303497,5.774391961260547,True
D2,24,114,AutoARIMA,h1_12,1,ARIMA,7.909605979919434,6.131441593170166,1.7786845587959221,1.7188196005585925,3.1137161163379607,3.1818428186145655,0.6751179537530064,0.6666666666666666,1.0,5.119958435404267,7.796251433153942,True
D2,24,115,AutoARIMA,h1,1,ARIMA,7.909605979919434,6.131441593170166,3.065471200253893,2.5141012726342544,6.2684229793311745,6.471245499294531,1.3094852456653627,0.0,0.0,1.8887400387051807,2.876017924635329,True
D2,24,115,AutoARIMA,h1_6,1,ARIMA,7.909605979919434,6.131441593170166,1.8883664589205338,1.8554889128447085,3.8153252947004606,3.923640158064047,0.7854423516231019,0.3333333333333333,0.5,2.193572812557406,3.3401921908918486,True
D2,24,115,AutoARIMA,h1_12,1,ARIMA,7.909605979919434,6.131441593170166,1.9479474725330959,1.7811347133459379,3.917805062772989,4.01630712509344,0.7695454746999261,0.25,0.4166666666666667,2.224056089942628,3.386609617517501,True
D2,24,116,AutoARIMA,h1,1,ARIMA,7.909605979919434,6.131441593170166,0.5930630349585063,0.46788534759282785,0.919521353480174,0.915313103760036,0.20040651898474166,1.0,1.0,1.6248879401968483,2.474245658885696,True
D2,24,116,AutoARIMA,h1_6,1,ARIMA,7.909605979919434,6.131441593170166,2.9282628131251998,2.476725855263371,4.531844823846862,4.417058394456911,1.2261578554489465,0.16666666666666666,0.16666666666666666,2.1485764468478115,3.2716754275087085,True
D2,24,116,AutoARIMA,h1_12,1,ARIMA,7.909605979919434,6.131441593170166,3.530592543465154,2.972606530937673,5.438825127283028,5.276255882529495,1.513160892612326,0.08333333333333333,0.16666666666666666,2.2009452975129076,3.3514184043710102,True
D2,24,117,AutoARIMA,h1,1,ARIMA,7.909605979919434,6.131441593170166,0.12145942163552338,0.0922256387476134,0.20661933936610774,0.20683301787366848,0.15124853331906662,1.0,1.0,1.9716423577274884,3.002254754805693,True
D2,24,117,AutoARIMA,h1_6,1,ARIMA,7.909605979919434,6.131441593170166,1.2899858504845598,1.1800098946657265,2.237508632342859,2.254690291541171,0.4890506962586985,0.5,0.8333333333333334,2.539260963185188,3.866577663305045,True
D2,24,117,AutoARIMA,h1_12,1,ARIMA,7.909605979919434,6.131441593170166,1.3049018055450938,1.1173607175910114,2.2516192001365716,2.246301848141691,0.46826121526678993,0.5,0.9166666666666666,2.6376857739769295,4.016450866744915,True
D2,24,118,AutoARIMA,h1,1,ARIMA,7.909605979919434,6.131441593170166,0.7998147113172963,0.6385300758286843,1.3781610417020072,1.3687293940643477,0.26434394797992355,1.0,1.0,1.9213033007260722,2.925602580722188,True
D2,24,118,AutoARIMA,h1_6,1,ARIMA,7.909605979919434,6.131441593170166,1.0519633214045345,0.9111862657736947,1.8593368721556727,1.8769107979019164,0.38088837128621517,0.8333333333333334,1.0,3.0983701618319333,4.7179431472701605,True
D2,24,118,AutoARIMA,h1_12,1,ARIMA,7.909605979919434,6.131441593170166,1.5335670112585704,1.4247615396261906,2.65691751891023,2.62942976509159,0.5621184562919983,0.5833333333333334,0.75,3.244229619377092,4.940045927843946,True
D2,24,119,AutoARIMA,h1,1,ARIMA,7.909605979919434,6.131441593170166,0.25497697323104146,0.20696749743119805,0.46706281823868395,0.4681561097987753,0.14189460626451683,1.0,1.0,1.7428025292141334,2.6537962929804912,True
D2,24,119,AutoARIMA,h1_6,1,ARIMA,7.909605979919434,6.131441593170166,0.791780520861916,0.7257881218158155,1.4020748706812365,1.3998977261171897,0.29214613483510116,0.8333333333333334,1.0,2.3910112499018537,3.6408351979643823,True
D2,24,119,AutoARIMA,h1_12,1,ARIMA,7.909605979919434,6.131441593170166,0.7545393725433456,0.6976391905186148,1.3367834894503863,1.3376055471533124,0.28873657692774485,0.8333333333333334,1.0,2.477038884018979,3.7718310008089233,True
D2,24,120,AutoARIMA,h1,1,ARIMA,7.909605979919434,6.131441593170166,0.14044363211324604,0.1161765406167762,0.31269731938228623,0.31220918450687707,0.11648463492359215,1.0,1.0,1.482915449993656,2.2580616323589853,True
D2,24,120,AutoARIMA,h1_6,1,ARIMA,7.909605979919434,6.131441593170166,0.7217964180061642,0.6694073957027121,1.6140656530276525,1.6252944505995288,0.2591817507199248,0.6666666666666666,1.0,1.960847348117483,2.9858170023893966,True
D2,24,120,AutoARIMA,h1_12,1,ARIMA,7.909605979919434,6.131441593170166,0.6679283356536501,0.6292708446765147,1.4876869061174687,1.492211411700093,0.25007354591183784,0.75,1.0,2.0086405379298657,3.058592539392438,True
D2,24,121,AutoARIMA,h1,1,ARIMA,7.909605979919434,6.131441593170166,2.0610532568545947,1.630836652212896,3.3854122741742807,3.4437040642123224,0.8186563448854712,0.0,0.0,1.7924624957588875,2.7294144039924246,True
D2,24,121,AutoARIMA,h1_6,1,ARIMA,7.909605979919434,6.131441593170166,1.2516393444822433,1.2069948108275648,2.046428850486113,2.078072147217438,0.5079540942134887,0.3333333333333333,0.5,2.2359486599838303,3.4047186446507136,True
D2,24,121,AutoARIMA,h1_12,1,ARIMA,7.909605979919434,6.131441593170166,1.5735963878299766,1.605503360563501,2.510725233043136,2.491287134101801,0.6618734070467029,0.3333333333333333,0.4166666666666667,2.280297276406324,3.472249068716543,True
D2,24,122,AutoARIMA,h1,1,ARIMA,7.909605979919434,6.131441593170166,0.19087218115683885,0.15294531113870444,0.22243515845685244,0.2226828208996146,0.1491199097736783,1.0,1.0,1.8899814975714322,2.8779083160491115,True
D2,24,122,AutoARIMA,h1_6,1,ARIMA,7.909605979919434,6.131441593170166,0.7968957921671792,0.7467210923200029,0.9321918297081707,0.9331795538322412,0.32631394869436764,1.0,1.0,3.10261439453251,4.724405915609385,True
D2,24,122,AutoARIMA,h1_12,1,ARIMA,7.909605979919434,6.131441593170166,0.9576929782753129,0.8568753595828605,1.1260559090277833,1.1306447330670308,0.3673035370846097,1.0,1.0,3.3117475254204134,5.042856639765719,True
D2,24,123,AutoARIMA,h1,1,ARIMA,7.909605979919434,6.131441593170166,0.058090257048838294,0.04354911863909128,0.11012120966909654,0.1100606096317487,0.1677891685031413,1.0,1.0,2.245366830363163,3.419059859573443,True
D2,24,123,AutoARIMA,h1_6,1,ARIMA,7.909605979919434,6.131441593170166,0.9865129728166838,0.9756040272002908,1.8413224066002125,1.812556899991798,0.4254938180172155,1.0,1.0,4.053569005631013,6.172441352454824,True
D2,24,123,AutoARIMA,h1_12,1,ARIMA,7.909605979919434,6.131441593170166,1.0545572000660233,0.9571679123121493,1.9768008934396115,1.95434269371012,0.5145307779337142,1.0,1.0,5.472895394278079,8.333674794329271,True
D2,24,124,AutoARIMA,h1,1,ARIMA,7.909605979919434,6.131441593170166,0.03313589476926908,0.026831124874532947,0.06496415750947379,0.06494306265271721,0.15419847026188904,1.0,1.0,2.078844533103539,3.165493406829382,True
D2,24,124,AutoARIMA,h1_6,1,ARIMA,7.909605979919434,6.131441593170166,2.9942377303395356,2.798473140057158,5.651946891663704,5.448949557999373,1.1290518954398572,0.16666666666666666,0.5,3.7529456893023827,5.71467690175933,True
D2,24,124,AutoARIMA,h1_12,1,ARIMA,7.909605979919434,6.131441593170166,2.9251802095703883,2.7025693546471325,5.531158280540197,5.3413107794106285,1.077841536368639,0.3333333333333333,0.75,5.067011107847518,7.71562759927835,True
D2,24,125,AutoARIMA,h1,1,ARIMA,7.909605979919434,6.131441593170166,1.8767592301118428,1.5983894535574423,3.4250431761787623,3.4847197542547907,0.7293637831591835,0.0,0.0,1.7683132973236617,2.692641991621221,True
D2,24,125,AutoARIMA,h1_6,1,ARIMA,7.909605979919434,6.131441593170166,1.249677090572505,1.1937489744944936,2.2579020267192513,2.253082443997839,0.4610016493737591,0.5,0.6666666666666666,2.193303158265286,3.33978158352308,True
D2,24,125,AutoARIMA,h1_12,1,ARIMA,7.909605979919434,6.131441593170166,1.1137133074834402,1.1637738668742414,2.004822670290784,1.9904442754484324,0.43543986939611734,0.5833333333333334,0.6666666666666666,2.2358021443594485,3.4044955427132657,True
D2,24,126,AutoARIMA,h1,1,ARIMA,7.909605979919434,6.131441593170166,1.818448249931732,1.4557044951430524,3.2075402795200603,3.1569106885580736,0.7237723036750113,0.0,0.0,1.5689573302922053,2.3890791281164305,True
D2,24,126,AutoARIMA,h1_6,1,ARIMA,7.909605979919434,6.131441593170166,1.428679506112618,1.3225360595211744,2.526120606577687,2.4844364319342973,0.5520558951573654,0.5,0.6666666666666666,2.5385937493162887,3.8655616849241192,True
D2,24,126,AutoARIMA,h1_12,1,ARIMA,7.909605979919434,6.131441593170166,1.084185319772474,1.052892244969002,1.9257471218580828,1.901297794465946,0.42652792949961943,0.6666666666666666,0.8333333333333334,2.6523510029044837,4.038781870694745,True
D2,24,127,AutoARIMA,h1,1,ARIMA,7.909605979919434,6.131441593170166,2.0392986663715624,1.6600911056446432,2.8643363651576816,2.823893461492265,0.8197872074670428,0.0,0.0,1.690871219336256,2.5747195672279277,True
D2,24,127,AutoARIMA,h1_6,1,ARIMA,7.909605979919434,6.131441593170166,2.852962364265888,2.388206118423232,4.088534527154883,4.002212259369529,1.190118114695932,0.0,0.0,1.9996760597138383,3.044942169566003,True
D2,24,127,AutoARIMA,h1_12,1,ARIMA,7.909605979919434,6.131441593170166,2.2703634531493364,2.0062709831328993,3.2590751650652083,3.201797864498266,0.9088965007383998,0.08333333333333333,0.3333333333333333,2.223246324877786,3.3853765739045603,True
D2,24,128,AutoARIMA,h1,1,ARIMA,7.909605979919434,6.131441593170166,1.1130989482081601,0.861527168491218,2.2972580681458443,2.323951651553404,0.37575906690449645,0.0,1.0,1.6995185743589616,2.5878870479485854,True
D2,24,128,AutoARIMA,h1_6,1,ARIMA,7.909605979919434,6.131441593170166,1.111206500463757,1.050869540274709,2.288534587877631,2.3290733485054274,0.4429132303321174,0.6666666666666666,0.8333333333333334,2.8940915023899754,4.406884412803819,True
D2,24,128,AutoARIMA,h1_12,1,ARIMA,7.909605979919434,6.131441593170166,0.8868562158832297,0.88296556971194,1.8209656349957966,1.8491879083123497,0.38766788407656505,0.75,0.9166666666666666,3.1420588096662287,4.784468625472368,True
D2,24,129,AutoARIMA,h1,1,ARIMA,7.909605979919434,6.131441593170166,0.15205401884183764,0.12594724820401035,0.35636751213059265,0.3557336525468963,0.12573768396438936,1.0,1.0,1.6003677630156206,2.436908350604372,True
D2,24,129,AutoARIMA,h1_6,1,ARIMA,7.909605979919434,6.131441593170166,0.9649454085075906,1.049585358435811,2.2859243667880595,2.3305190393625357,0.3766381819339406,0.6666666666666666,0.8333333333333334,1.861211098011874,2.834099118840093,True
D2,24,129,AutoARIMA,h1_12,1,ARIMA,7.909605979919434,6.131441593170166,0.7432457763649313,0.8691498197288008,1.7556231271791858,1.7846547379924895,0.31020027093030744,0.75,0.8333333333333334,1.887295431511499,2.8738181956636653,True
D2,24,130,AutoARIMA,h1,1,ARIMA,7.909605979919434,6.131441593170166,1.003201443172942,0.7843463732454073,2.082723870346269,2.104640798493908,0.33184843336401965,0.0,1.0,1.7344153515437486,2.6410249889244364,True
D2,24,130,AutoARIMA,h1_6,1,ARIMA,7.909605979919434,6.131441593170166,1.8828503735064184,1.63264336350744,3.7753596262177536,3.6992148048929243,0.7145659628403276,0.16666666666666666,0.5,2.38790774236779,3.636109432049383,True
D2,24,130,AutoARIMA,h1_12,1,ARIMA,7.909605979919434,6.131441593170166,2.823339719865249,2.53909849181469,5.59593521869281,5.403972782822352,1.1499925086580152,0.16666666666666666,0.3333333333333333,2.5359859761878623,3.8615907825727844,True
D2,24,131,AutoARIMA,h1,1,ARIMA,7.909605979919434,6.131441593170166,1.4714428496192427,1.2916593131036096,2.1668778673004843,2.19061180851912,0.5090514311982822,0.0,0.0,1.9176708298595522,2.92007135296783,True
D2,24,131,AutoARIMA,h1_6,1,ARIMA,7.909605979919434,6.131441593170166,1.478464104939801,1.469227442981921,2.1534159035463225,2.153879919941587,0.5327804850371812,0.6666666666666666,0.8333333333333334,3.4619782094421145,5.271615564351672,True
D2,24,131,AutoARIMA,h1_12,1,ARIMA,7.909605979919434,6.131441593170166,2.2182610231387927,2.3260601383911963,3.2853889986877225,3.3438910306682397,0.7854930408068768,0.6666666666666666,0.8333333333333334,4.674163575660492,7.117431700919989,True
D2,24,132,AutoARIMA,h1,1,ARIMA,7.909605979919434,6.131441593170166,1.1370302902487306,0.8535883555580022,1.6646410549436594,1.6786124912853335,0.374454279835565,0.0,1.0,2.0152853113231455,3.0687106535810322,True
D2,24,132,AutoARIMA,h1_6,1,ARIMA,7.909605979919434,6.131441593170166,1.4373106423144102,1.15049710550908,2.0805277535482625,2.083117942118019,0.5075217552916355,0.16666666666666666,0.6666666666666666,2.301516909115023,3.5045605794452586,True
D2,24,132,AutoARIMA,h1_12,1,ARIMA,7.909605979919434,6.131441593170166,1.454610018572475,1.1489171045931876,2.11457294819717,2.1268400128046854,0.5072529948640517,0.25,0.6666666666666666,2.330140068894211,3.5481455720316815,True
D2,24,133,AutoARIMA,h1,1,ARIMA,7.909605979919434,6.131441593170166,2.182926489181776,1.8125815670104526,2.832041367947633,2.872719672705731,0.8843626176208482,0.0,0.0,1.7521103029942622,2.667969405045403,True
D2,24,133,AutoARIMA,h1_6,1,ARIMA,7.909605979919434,6.131441593170166,1.8595388114383073,1.799326805172019,2.4071392380194805,2.4470782944382234,0.7569069909562339,0.16666666666666666,0.5,1.8627018596071199,2.8363691279368513,True
D2,24,133,AutoARIMA,h1_12,1,ARIMA,7.909605979919434,6.131441593170166,2.011784472886335,1.9729340777772937,2.558679152254108,2.559828927826728,0.8365010061100991,0.25,0.4166666666666667,1.8759162187789402,2.856490866800804,True
D2,24,134,AutoARIMA,h1,1,ARIMA,7.909605979919434,6.131441593170166,1.998338560659339,1.6686998107096838,4.468345697885935,4.370696777180543,0.8343978644852224,0.0,0.0,1.393997205917539,2.122664246509474,True
D2,24,134,AutoARIMA,h1_6,1,ARIMA,7.909605979919434,6.131441593170166,1.76676433949608,1.627410008756416,4.011709911927275,3.9165107648878505,0.7134937323582281,0.16666666666666666,0.3333333333333333,1.8432714586110108,2.806782112041335,True
D2,24,134,AutoARIMA,h1_12,1,ARIMA,7.909605979919434,6.131441593170166,1.3891586484659402,1.310075661968683,3.178085741346222,3.121247290089923,0.5287143935276019,0.25,0.6666666666666666,1.8881988838803583,2.8751938985945213,True
D2,24,135,AutoARIMA,h1,1,ARIMA,7.909605979919434,6.131441593170166,1.1331144432802558,0.9066225143819335,2.1347855780375786,2.1122396839641526,0.38067005167342716,0.0,1.0,1.7850057790211256,2.718059929285874,True
D2,24,135,AutoARIMA,h1_6,1,ARIMA,7.909605979919434,6.131441593170166,3.0629916792422964,2.6935154435716666,5.695903511112322,5.50833018292588,1.2575026404519367,0.0,0.16666666666666666,2.3534282797373076,3.5836069433400137,True
D2,24,135,AutoARIMA,h1_12,1,ARIMA,7.909605979919434,6.131441593170166,3.9713795944896493,3.414273487279501,7.401867661880714,7.1005171060421715,1.6648497699093292,0.0,0.08333333333333333,2.7320641579384355,4.160162504349359,True
D2,24,136,AutoARIMA,h1,1,ARIMA,7.909605979919434,6.131441593170166,0.9247068988595277,0.7988792641331899,1.4165405845454722,1.4065782089538699,0.2983252014425429,1.0,1.0,1.8889110022468802,2.8762782538496694,True
D2,24,136,AutoARIMA,h1_6,1,ARIMA,7.909605979919434,6.131441593170166,3.1454850560964944,3.2012773424924634,5.028669999941715,5.202795403169595,1.3040646458493081,0.16666666666666666,0.5,2.5095008322197216,3.821261384546612,True
D2,24,136,AutoARIMA,h1_12,1,ARIMA,7.909605979919434,6.131441593170166,2.1494097619995385,2.4143986265699495,3.3999285698830977,3.478819517268219,0.8699192632769847,0.4166666666666667,0.6666666666666666,2.665468488535259,4.0587560985011875,True
D2,24,137,AutoARIMA,h1,1,ARIMA,7.909605979919434,6.131441593170166,0.9291102470404851,0.7529322324327917,1.2104235186723133,1.2031419620365602,0.30368298484789563,1.0,1.0,2.077274261746332,3.1631023268091814,True
D2,24,137,AutoARIMA,h1_6,1,ARIMA,7.909605979919434,6.131441593170166,1.9925737576205753,1.9869578393116225,2.6622128783225034,2.715625164137813,0.7071780866219022,0.6666666666666666,0.8333333333333334,3.7501108726399184,5.7103602761956065,True
D2,24,137,AutoARIMA,h1_12,1,ARIMA,7.909605979919434,6.131441593170166,3.3324611341259827,3.0569032242505974,4.492801470450938,4.626107851957687,1.1747325426276907,0.3333333333333333,0.8333333333333334,5.0631837016693915,7.709799540070845,True
D2,24,138,AutoARIMA,h1,1,ARIMA,7.909605979919434,6.131441593170166,0.699766003178567,0.5242747562663321,1.164360267674441,1.171178637030981,0.2409257524312943,1.0,1.0,2.120531153085271,3.22897036174539,True
D2,24,138,AutoARIMA,h1_6,1,ARIMA,7.909605979919434,6.131441593170166,1.9387057474910168,1.6097772959177437,3.249783413381228,3.31632736597668,0.7259181613557679,0.3333333333333333,0.5,2.5600708373474563,3.8982652274343597,True
D2,24,138,AutoARIMA,h1_12,1,ARIMA,7.909605979919434,6.131441593170166,1.3293146892244376,1.2342809704900028,2.2216083843803425,2.2604024144395622,0.5156022122533961,0.5833333333333334,0.75,2.6040248057736752,3.9651947140032564,True
D2,24,139,AutoARIMA,h1,1,ARIMA,7.909605979919434,6.131441593170166,2.5614483941501125,1.938720656025978,3.3885791673896133,3.446981007552514,1.0178391209607758,0.0,0.0,2.22405724744568,3.3866113800679,True
D2,24,139,AutoARIMA,h1_6,1,ARIMA,7.909605979919434,6.131441593170166,1.8428313158085399,1.7314434289995744,2.4423753833192356,2.4896542024677197,0.7102861033184088,0.6666666666666666,0.6666666666666666,4.015098737134481,6.113861992937769,True
D2,24,139,AutoARIMA,h1_12,1,ARIMA,7.909605979919434,6.131441593170166,3.522647413975147,3.100853020375043,4.7295280290870565,4.887556539828131,1.2943449953614528,0.4166666666666667,0.5833333333333334,5.420955053561332,8.254584317158342,True
D2,24,140,AutoARIMA,h1,1,ARIMA,7.909605979919434,6.131441593170166,1.4430331796176936,1.159853849009863,2.7107720577756456,2.6745219607797006,0.5132980027503797,0.0,0.0,1.7615684558638396,2.6823715020145196,True
D2,24,140,AutoARIMA,h1_6,1,ARIMA,7.909605979919434,6.131441593170166,1.4886623594034039,1.22059368754852,2.7735431057633324,2.7341532815644203,0.5233352356383159,0.16666666666666666,0.5,2.0236505533040834,3.0814485557740614,True
D2,24,140,AutoARIMA,h1_12,1,ARIMA,7.909605979919434,6.131441593170166,1.283558880539335,1.1076280873903908,2.4105065251793705,2.3970476132858543,0.4583332448676549,0.3333333333333333,0.5833333333333334,2.0498587630481078,3.121356261150016,True
D2,24,141,AutoARIMA,h1,1,ARIMA,7.909605979919434,6.131441593170166,0.5276870569194433,0.4780933035678029,1.2074420695553871,1.2147759273542407,0.17801520136753507,1.0,1.0,1.4321196129126714,2.1807139111543847,True
D2,24,141,AutoARIMA,h1_6,1,ARIMA,7.909605979919434,6.131441593170166,0.89442039222036,0.8601982631560496,2.0642025424541655,2.0886147025413786,0.30548408566613994,0.8333333333333334,1.0,2.271697159826302,3.4591535188096003,True
D2,24,141,AutoARIMA,h1_12,1,ARIMA,7.909605979919434,6.131441593170166,0.7794676275820965,0.7601744439721279,1.7835390908016562,1.792017936030171,0.28697978538579405,0.9166666666666666,1.0,2.467478979976699,3.7572739655261733,True
D2,24,142,AutoARIMA,h1,1,ARIMA,7.909605979919434,6.131441593170166,1.090462679711638,0.8985164152612233,2.141704359681564,2.1190128642338095,0.35912100565501853,0.0,1.0,1.9326686918005722,2.9429088631014024,True
D2,24,142,AutoARIMA,h1_6,1,ARIMA,7.909605979919434,6.131441593170166,1.0747616977242744,1.033564356464978,2.092140124116966,2.064550690388699,0.4026503171208011,0.3333333333333333,1.0,2.4102855130273753,3.6701844599576545,True
D2,24,142,AutoARIMA,h1_12,1,ARIMA,7.909605979919434,6.131441593170166,0.8534763366732763,0.8266306506384605,1.664372330987706,1.6492745889417009,0.3294970604747983,0.6666666666666666,1.0,2.5057809440946457,3.8155970449836656,True
D2,24,143,AutoARIMA,h1,1,ARIMA,7.909605979919434,6.131441593170166,0.4089631146422417,0.3159177998398769,0.8137465346692041,0.8170709780540554,0.16976283705884446,1.0,1.0,1.796170722806386,2.7350609870259164,True
D2,24,143,AutoARIMA,h1_6,1,ARIMA,7.909605979919434,6.131441593170166,1.0292951573937303,1.0029035284283887,2.0733047861595617,2.10814174980634,0.41480636772042284,0.5,0.6666666666666666,1.796170722806386,2.7350609870259164,True
D2,24,143,AutoARIMA,h1_12,1,ARIMA,7.909605979919434,6.131441593170166,0.8044570237467347,0.8015061640485122,1.6137260201034491,1.6339888809415888,0.31933328549182377,0.6666666666666666,0.8333333333333334,1.796170722806386,2.7350609870259164,True
D2,24,144,AutoARIMA,h1,1,ARIMA,7.909605979919434,6.131441593170166,1.0755930786905552,0.9112978560589817,1.919218909970179,1.9378143597867512,0.3515185603898615,0.0,1.0,1.986821618943721,3.0253684848299236,True
D2,24,144,AutoARIMA,h1_6,1,ARIMA,7.909605979919434,6.131441593170166,1.620393981630219,1.4780566332956246,2.8231553147115447,2.78405046737336,0.5437515869718702,0.5,1.0,3.5868163835685127,5.461708864175195,True
D2,24,144,AutoARIMA,h1_12,1,ARIMA,7.909605979919434,6.131441593170166,1.5032564355636633,1.4516332313806033,2.6157323897588887,2.5763585023547906,0.5758247711152545,0.75,1.0,4.842712887947355,7.374084725363898,True
D2,24,145,AutoARIMA,h1,1,ARIMA,7.909605979919434,6.131441593170166,0.4942500521525224,0.3669832991518253,0.8464202662940259,0.842853226033894,0.21061428656638656,1.0,1.0,2.2670706837703514,3.452108701739952,True
D2,24,145,AutoARIMA,h1_6,1,ARIMA,7.909605979919434,6.131441593170166,1.9018513098945313,1.5960551339987366,3.333189432848297,3.398986574143823,0.6457445310652905,0.6666666666666666,1.0,4.092751052094181,6.232104548894088,True
D2,24,145,AutoARIMA,h1_12,1,ARIMA,7.909605979919434,6.131441593170166,2.9293001645853183,2.402355410366876,5.1942883673864575,5.362432514849988,0.987019067979447,0.5,1.0,5.525796736608448,8.414228605685818,True
D2,24,146,AutoARIMA,h1,1,ARIMA,7.909605979919434,6.131441593170166,0.39380968021426777,0.324811309960529,0.7457855994261121,0.7430149501761139,0.17434087618829192,1.0,1.0,1.9217515099475877,2.926285076845871,True
D2,24,146,AutoARIMA,h1_6,1,ARIMA,7.909605979919434,6.131441593170166,1.2054383037339587,1.1569046049380647,2.3026946793230687,2.338276683766282,0.4468745928552111,0.3333333333333333,0.8333333333333334,2.3115931888259236,3.519903909108592,True
D2,24,146,AutoARIMA,h1_12,1,ARIMA,7.909605979919434,6.131441593170166,0.9785920716106691,0.9780159762737265,1.8552036265966145,1.873466251709601,0.375611214957202,0.5833333333333334,0.9166666666666666,2.3803944219051116,3.6246687658479106,True
D2,24,147,AutoARIMA,h1,1,ARIMA,7.909605979919434,6.131441593170166,2.0114364896780703,1.6923902830305202,3.6163782984723127,3.552148730561569,0.7692400573472823,0.0,0.0,2.000649997055035,3.0464252012132294,True
D2,24,147,AutoARIMA,h1_6,1,ARIMA,7.909605979919434,6.131441593170166,1.2937532948802433,1.2962769039150515,2.349536878775147,2.3316423515191684,0.5497911358232433,0.6666666666666666,0.6666666666666666,3.6117808054848743,5.499722631786557,True
D2,24,147,AutoARIMA,h1_12,1,ARIMA,7.909605979919434,6.131441593170166,1.427523326376799,1.5127655855561897,2.570926321191603,2.530455446275864,0.6119458409986764,0.8333333333333334,0.8333333333333334,4.876418412520163,7.425408724878981,True
D2,24,148,AutoARIMA,h1,1,ARIMA,7.909605979919434,6.131441593170166,0.9239380587652068,0.734649735683208,1.5857383233163442,1.5984116362565786,0.30311932222041893,1.0,1.0,2.1170484839791706,3.2236672397860717,True
D2,24,148,AutoARIMA,h1_6,1,ARIMA,7.909605979919434,6.131441593170166,2.0306339755366194,1.8660357362162667,3.539702036307964,3.6261864979771095,0.7007650213009939,0.5,1.0,3.8219154224738148,5.819698336574857,True
D2,24,148,AutoARIMA,h1_12,1,ARIMA,7.909605979919434,6.131441593170166,2.5981727461523234,2.3594194389923744,4.556057801285934,4.697209230622915,0.9167565147137681,0.5,0.9166666666666666,5.160130069062728,7.857421491550553,True
D2,24,149,AutoARIMA,h1,1,ARIMA,7.909605979919434,6.131441593170166,1.4330652805172759,1.0668579415551909,2.5304500924770434,2.4988342161108315,0.4843497239960125,0.0,1.0,2.1708941612281296,3.3056590066563754,True
D2,24,149,AutoARIMA,h1_6,1,ARIMA,7.909605979919434,6.131441593170166,1.4937295589831594,1.1793935488362104,2.6739048826203953,2.6343091489147237,0.5101517289877886,0.3333333333333333,1.0,2.7612523254909336,4.204607844283909,True
D2,24,149,AutoARIMA,h1_12,1,ARIMA,7.909605979919434,6.131441593170166,1.7755130836095,1.500211322984186,3.1806485264086417,3.1171603479133525,0.6504454449400716,0.3333333333333333,0.75,2.887842467228473,4.397368896233057,True
D2,24,150,AutoARIMA,h1,1,ARIMA,7.909605979919434,6.131441593170166,2.446292814084729,1.9591113050693194,3.5121969407105706,3.4515837315969646,1.0163511278256687,0.0,0.0,1.74952700350135,2.6640357691325742,True
D2,24,150,AutoARIMA,h1_6,1,ARIMA,7.909605979919434,6.131441593170166,1.5973506195238305,1.467797331427769,2.425171431963709,2.441852424528494,0.616715452393901,0.5,0.5,2.512141446190569,3.8252822942306244,True
D2,24,150,AutoARIMA,h1_12,1,ARIMA,7.909605979919434,6.131441593170166,1.660930627778918,1.5603664389057463,2.54900015381595,2.5775672262443523,0.6443958920145234,0.4166666666666667,0.5,2.605508685918349,3.967454244593313,True
D2,24,151,AutoARIMA,h1,1,ARIMA,7.909605979919434,6.131441593170166,0.8771891871444151,0.7243204586033872,1.8775456491925069,1.860083689005377,0.28222025593997124,1.0,1.0,1.7565401289651958,2.6747147795460684,True
D2,24,151,AutoARIMA,h1_6,1,ARIMA,7.909605979919434,6.131441593170166,1.577260878671342,1.495232838787444,3.4434173305225357,3.5042692644395883,0.5771898422405971,0.5,0.6666666666666666,2.5567552783899603,3.8932165670594427,True
D2,24,151,AutoARIMA,h1_12,1,ARIMA,7.909605979919434,6.131441593170166,1.4353192551187597,1.3787542405966715,3.0792648296415437,3.085186398097689,0.5249591297498027,0.6666666666666666,0.75,2.6766845349053408,4.075834971052657,True
D2,24,152,AutoARIMA,h1,1,ARIMA,7.909605979919434,6.131441593170166,0.005335613458341394,0.00447870715694098,0.01091238665054474,0.010912982083944792,0.12223424105400624,1.0,1.0,1.6637817067690868,2.533469886426855,True
D2,24,152,AutoARIMA,h1_6,1,ARIMA,7.909605979919434,6.131441593170166,1.4122904093828728,1.38810205973015,2.989226219105685,3.0522798363534016,0.5137619563018282,0.6666666666666666,0.6666666666666666,2.542756885912214,3.871900966787807,True
D2,24,152,AutoARIMA,h1_12,1,ARIMA,7.909605979919434,6.131441593170166,1.0608832374113901,1.0756486861862573,2.229287437741016,2.2584432399664793,0.39647144684104035,0.8333333333333334,0.8333333333333334,2.657340497953181,4.046379463217203,True
D2,24,153,AutoARIMA,h1,1,ARIMA,7.909605979919434,6.131441593170166,0.3437382516713018,0.29903125905433414,0.8304640412210901,0.8270299480567199,0.13746540620634118,1.0,1.0,1.4173814495851824,2.158271848701409,True
D2,24,153,AutoARIMA,h1_6,1,ARIMA,7.909605979919434,6.131441593170166,0.615249650249083,0.5980838661307496,1.4530735952091152,1.4545907711122608,0.22692808592811128,0.8333333333333334,1.0,1.8703524011574304,2.848018743119974,True
D2,24,153,AutoARIMA,h1_12,1,ARIMA,7.909605979919434,6.131441593170166,0.6975929475776117,0.7693624977033245,1.6592773651983066,1.6757867516415854,0.2779432131951537,0.6666666666666666,0.8333333333333334,1.9156494963146553,2.916993432561831,True
D2,24,154,AutoARIMA,h1,1,ARIMA,7.909605979919434,6.131441593170166,0.17206511707173258,0.1481033278012151,0.3183955199792889,0.3189032067409557,0.15288975874523775,1.0,1.0,1.9556755241842092,2.977941774443586,True
D2,24,154,AutoARIMA,h1_6,1,ARIMA,7.909605979919434,6.131441593170166,1.2266768870406992,1.285624788683848,2.2299998283270934,2.1950809822776765,0.4811110591580252,0.5,1.0,3.530588224028459,5.376089249303628,True
D2,24,154,AutoARIMA,h1_12,1,ARIMA,7.909605979919434,6.131441593170166,1.58318647909134,1.6659038336997574,2.8631143898089433,2.804276880115418,0.6169751239650518,0.5833333333333334,1.0,4.766796865561154,7.258486052875642,True
D2,24,155,AutoARIMA,h1,1,ARIMA,7.909605979919434,6.131441593170166,2.2262321152996747,1.7788284771181455,3.1868372647657797,3.2384391577030027,0.864097318008565,0.0,0.0,2.1067454297337136,3.2079785965205865,True
D2,24,155,AutoARIMA,h1_6,1,ARIMA,7.909605979919434,6.131441593170166,4.3934202900570805,3.806620353186721,6.425205279065237,6.680401777114349,1.753386596023989,0.0,0.16666666666666666,3.803315280711676,5.791375571126766,True
D2,24,155,AutoARIMA,h1_12,1,ARIMA,7.909605979919434,6.131441593170166,3.8057793741027623,3.3346748772316284,5.541955386810566,5.735633258207846,1.4497182996086695,0.25,0.4166666666666667,5.135017228984878,7.8191817249747855,True
D2,24,156,AutoARIMA,h1,1,ARIMA,7.909605979919434,6.131441593170166,0.2342294006245667,0.19652022062323327,0.3791663916806447,0.37988659282388915,0.1464812138055641,1.0,1.0,1.8211117861943347,2.7730391861921513,True
D2,24,156,AutoARIMA,h1_6,1,ARIMA,7.909605979919434,6.131441593170166,1.5010176463314706,1.4745524233291603,2.439942684096275,2.456188252228907,0.583618372897135,0.6666666666666666,1.0,4.537945304480242,6.910009725661922,True
D2,24,156,AutoARIMA,h1_12,1,ARIMA,7.909605979919434,6.131441593170166,1.2490032615598836,1.28153298760749,2.0291332526083647,2.0413443429506484,0.641423139751871,0.8333333333333334,1.0,6.4529178134267395,9.825972297562311,True
D2,24,157,AutoARIMA,h1,1,ARIMA,7.909605979919434,6.131441593170166,1.3505512346833228,1.1443859001156544,2.7566019174922314,2.795127182243264,0.46437789271069674,0.0,1.0,1.810326560126959,2.7566163313495835,True
D2,24,157,AutoARIMA,h1_6,1,ARIMA,7.909605979919434,6.131441593170166,1.6451437148106525,1.8741604165526293,3.3469543371635604,3.452278331346907,0.7073931930552727,0.5,0.6666666666666666,2.3121646688873234,3.5207741119244815,True
D2,24,157,AutoARIMA,h1_12,1,ARIMA,7.909605979919434,6.131441593170166,1.1105677317911662,1.397526768321647,2.2424255764022054,2.2972133889749555,0.4841622962193596,0.6666666666666666,0.8333333333333334,2.36234847976336,3.597189889981971,True
D2,24,158,AutoARIMA,h1,1,ARIMA,7.909605979919434,6.131441593170166,1.4986437208795187,1.1659804871207402,2.984820242816954,3.030040879586721,0.5192792454004527,0.0,0.0,1.9462038422337573,2.9635190765033084,True
D2,24,158,AutoARIMA,h1_6,1,ARIMA,7.909605979919434,6.131441593170166,1.4757567031142458,1.3972852749594367,2.910298358085758,2.9749242775812603,0.5850241475636296,0.5,0.5,2.224325964376711,3.387020560100351,True
D2,24,158,AutoARIMA,h1_12,1,ARIMA,7.909605979919434,6.131441593170166,1.7433790905171953,1.5548168656694952,3.4348489244507974,3.5148000211995982,0.6757436868605596,0.3333333333333333,0.4166666666666667,2.252138176591006,3.429370708460055,True
D2,24,159,AutoARIMA,h1,1,ARIMA,7.909605979919434,6.131441593170166,2.777638485717894,2.3559062261199815,4.623726231232744,4.5192474170935135,1.1645915530853908,0.0,0.0,1.8970084794851059,2.888608425924297,True
D2,24,159,AutoARIMA,h1_6,1,ARIMA,7.909605979919434,6.131441593170166,2.29825285587744,2.068793017158742,3.8644123082958433,3.782610268101483,0.8956855236475535,0.16666666666666666,0.5,2.372540176884436,3.612708967780923,True
D2,24,159,AutoARIMA,h1_12,1,ARIMA,7.909605979919434,6.131441593170166,2.2816622014492833,2.097295942093384,3.8644285902984805,3.794162275870599,0.8925187856452753,0.25,0.4166666666666667,2.4685744879385525,3.7589421149116364,True
D2,24,160,AutoARIMA,h1,1,ARIMA,7.909605979919434,6.131441593170166,0.6038920255022375,0.48938959409798116,0.9998929216008833,1.0049169684184744,0.20119031351731315,1.0,1.0,1.5235563950065065,2.3199463194709335,True
D2,24,160,AutoARIMA,h1_6,1,ARIMA,7.909605979919434,6.131441593170166,1.0832203652013805,1.1494745386888958,1.8084245533427423,1.7863616075050368,0.41110288785375615,0.8333333333333334,0.8333333333333334,1.9581790089600222,2.9817538750724415,True
D2,24,160,AutoARIMA,h1_12,1,ARIMA,7.909605979919434,6.131441593170166,1.9486235367193643,1.9028274419314155,3.3021310333043536,3.2279101169074296,0.7488405550787154,0.4166666666666667,0.6666666666666666,2.395022960746643,3.6469439011536124,True
D2,24,161,AutoARIMA,h1,1,ARIMA,7.909605979919434,6.131441593170166,0.444033272557086,0.33310736172416755,0.7433326423234177,0.7405801553049421,0.16395530374066256,1.0,1.0,1.5901716187678065,2.4213825010867347,True
D2,24,161,AutoARIMA,h1_6,1,ARIMA,7.909605979919434,6.131441593170166,1.7943716058694839,1.6481234020608644,3.098172367025753,3.1718751613341407,0.7187744811591553,0.5,0.5,2.102671330132753,3.201774892866836,True
D2,24,161,AutoARIMA,h1_12,1,ARIMA,7.909605979919434,6.131441593170166,1.4777233611115006,1.3520369421734235,2.5349213097888468,2.5779459751558513,0.5677759450317972,0.5,0.6666666666666666,2.1539213012692473,3.2798141320448457,True
D2,24,162,AutoARIMA,h1,1,ARIMA,7.909605979919434,6.131441593170166,0.8982742509052873,0.6628673883115863,1.460010447330165,1.4707469770898172,0.298686482939699,1.0,1.0,2.2398712031718033,3.410691570668889,True
D2,24,162,AutoARIMA,h1_6,1,ARIMA,7.909605979919434,6.131441593170166,1.6388169576380907,1.661595935499965,2.5598238742096586,2.503943207497783,0.6737421835136118,0.6666666666666666,0.6666666666666666,3.0495816651922634,4.6436520389247855,True
D2,24,162,AutoARIMA,h1_12,1,ARIMA,7.909605979919434,6.131441593170166,1.2766145409071799,1.339687889661302,2.0168071227110795,1.9987795939022506,0.5436320243992765,0.6666666666666666,0.8333333333333334,3.2725549952443065,4.983177479591,True
D2,24,163,AutoARIMA,h1,1,ARIMA,7.909605979919434,6.131441593170166,2.750873609223484,2.205404598841234,3.715285184564382,3.785608255902987,1.1272450809822703,0.0,0.0,2.0997487185396513,3.1973245804065535,True
D2,24,163,AutoARIMA,h1_6,1,ARIMA,7.909605979919434,6.131441593170166,1.260759307756389,1.2461582347944506,1.693270812807389,1.7155067027937652,0.5367218445437201,0.8333333333333334,0.8333333333333334,3.790684092233229,5.772141836611158,True
D2,24,163,AutoARIMA,h1_12,1,ARIMA,7.909605979919434,6.131441593170166,2.9718525178532977,2.964797668277641,4.0651884956812605,4.199433572621855,1.1111539035618057,0.5,0.6666666666666666,5.117963325831409,7.793213444454829,True
D2,24,164,AutoARIMA,h1,1,ARIMA,7.909605979919434,6.131441593170166,0.43657059367528805,0.36110438217648433,0.8083832972862082,0.8116639752893725,0.1635167808214331,1.0,1.0,1.6044073063704527,2.443059434849816,True
D2,24,164,AutoARIMA,h1_6,1,ARIMA,7.909605979919434,6.131441593170166,0.7832117256569266,0.8072589299900597,1.3896833591648272,1.3763720856521398,0.2975785313190339,0.5,1.0,1.9432633957216525,2.959041606495827,True
D2,24,164,AutoARIMA,h1_12,1,ARIMA,7.909605979919434,6.131441593170166,1.1777141186134876,1.203056046470206,2.1240735569983658,2.1161177236080335,0.4432053346546525,0.5,0.8333333333333334,2.1941937008646346,3.3411376285191543,True
D2,24,165,AutoARIMA,h1,1,ARIMA,7.909605979919434,6.131441593170166,0.489835752185075,0.4207100809662083,0.8586826854144661,0.8623852618771186,0.19106645575702005,1.0,1.0,1.9345018079009875,2.9457001814695536,True
D2,24,165,AutoARIMA,h1_6,1,ARIMA,7.909605979919434,6.131441593170166,2.029655246221797,1.9564120967558591,3.7069258125788567,3.796349068040076,0.7647987328113943,0.3333333333333333,0.3333333333333333,2.601960123717387,3.9620507860508374,True
D2,24,165,AutoARIMA,h1_12,1,ARIMA,7.909605979919434,6.131441593170166,2.012974738900958,1.920334337121261,3.696993517824449,3.783611457540597,0.7531096117656384,0.25,0.4166666666666667,2.777575927092991,4.229464081690889,True
D2,24,166,AutoARIMA,h1,1,ARIMA,7.909605979919434,6.131441593170166,0.7827430377509043,0.5608631087713684,1.0958566299921888,1.101894220427215,0.2678028730853619,1.0,1.0,2.294922545733734,3.49451922547516,True
D2,24,166,AutoARIMA,h1_6,1,ARIMA,7.909605979919434,6.131441593170166,1.0227326093042393,0.7706217588017079,1.4188163467707389,1.418592901063948,0.36616950197614007,1.0,1.0,3.1672507685366256,4.822828867635506,True
D2,24,166,AutoARIMA,h1_12,1,ARIMA,7.909605979919434,6.131441593170166,0.9469697055199713,0.7742830065900123,1.311565623961855,1.3115849472721175,0.3771332333064419,0.9166666666666666,1.0,3.4200704950581695,5.207801945071739,True
D2,24,167,AutoARIMA,h1,1,ARIMA,7.909605979919434,6.131441593170166,0.9252482548760331,0.7519240324060484,1.6885403614130088,1.674403868843765,0.30247972799981665,1.0,1.0,2.0713298686024153,3.154050694036747,True
D2,24,167,AutoARIMA,h1_6,1,ARIMA,7.909605979919434,6.131441593170166,1.5181513160550104,1.3847330887599127,2.831242952229825,2.87034340263941,0.5294527731502955,0.6666666666666666,1.0,3.7393794378117162,5.6940193302260775,True
D2,24,167,AutoARIMA,h1_12,1,ARIMA,7.909605979919434,6.131441593170166,1.7437629756914366,1.578822031953145,3.2354534815259726,3.2643953383519873,0.6331856263667504,0.8333333333333334,1.0,5.048694736472627,7.687736936027211,True
D2,24,168,AutoARIMA,h1,1,ARIMA,7.909605979919434,6.131441593170166,1.24879188953314,0.9987782170829126,2.5116695107592775,2.48051829983638,0.41517151427146765,0.0,1.0,2.096987121126114,3.1931194470905853,True
D2,24,168,AutoARIMA,h1_6,1,ARIMA,7.909605979919434,6.131441593170166,0.9700335819511807,0.8505799696842348,1.9686397363401549,1.9713178393032584,0.36808244549980046,0.8333333333333334,1.0,3.017735577638761,4.595159437107451,True
D2,24,168,AutoARIMA,h1_12,1,ARIMA,7.909605979919434,6.131441593170166,1.166905651010812,1.045504372059107,2.3625598817610856,2.369521247039974,0.4310623110313819,0.75,1.0,3.330584097970952,5.071539422564764,True
D2,24,169,AutoARIMA,h1,1,ARIMA,7.909605979919434,6.131441593170166,0.7789204549162266,0.640267310276699,1.9906597903739214,1.971041425816253,0.2512587485862408,1.0,1.0,1.5895885914010033,2.420494714984286,True
D2,24,169,AutoARIMA,h1_6,1,ARIMA,7.909605979919434,6.131441593170166,0.9849660524437109,1.0771587655121948,2.4944676000698798,2.4461983892010206,0.41826798873805976,0.6666666666666666,0.6666666666666666,2.316393642863543,3.5272136455337546,True
D2,24,169,AutoARIMA,h1_12,1,ARIMA,7.909605979919434,6.131441593170166,0.9264177465091844,0.961732676550089,2.349143042256803,2.308896021534539,0.3862865949516011,0.8333333333333334,0.8333333333333334,2.821032406365631,4.295636032710327,True
D2,24,170,AutoARIMA,h1,1,ARIMA,7.909605979919434,6.131441593170166,1.0081126878680082,0.7704933358219318,1.723578083861478,1.7385608104129189,0.331978518157491,0.0,1.0,1.7873786149590285,2.7216730886141947,True
D2,24,170,AutoARIMA,h1_6,1,ARIMA,7.909605979919434,6.131441593170166,3.023496488136608,2.4366325509383167,5.231652005930179,5.388999771332202,1.2751456170323197,0.0,0.16666666666666666,2.056964079891676,3.1321756530110307,True
D2,24,170,AutoARIMA,h1_12,1,ARIMA,7.909605979919434,6.131441593170166,2.558417498406317,2.124661027352098,4.413105693201288,4.531937622272907,1.0540843063288994,0.08333333333333333,0.16666666666666666,2.083922626384941,3.1732259094507143,True
D2,24,171,AutoARIMA,h1,1,ARIMA,7.909605979919434,6.131441593170166,0.4641584529364521,0.39844296040779004,0.7027776805267293,0.7052558709525588,0.1768866729865992,1.0,1.0,1.7594811111825477,2.6791930652814373,True
D2,24,171,AutoARIMA,h1_6,1,ARIMA,7.909605979919434,6.131441593170166,1.937989910609305,1.93858742398669,2.8930246677471008,2.9136014592189188,0.7709105014197556,0.3333333333333333,0.3333333333333333,2.3265479302544834,3.5426757588737345,True
D2,24,171,AutoARIMA,h1_12,1,ARIMA,7.909605979919434,6.131441593170166,1.4780710881376988,1.5597620385969078,2.1948169922932133,2.1989747966251025,0.5799072079034869,0.5,0.5833333333333334,2.383254612161677,3.629024028232964,True
D2,24,172,AutoARIMA,h1,1,ARIMA,7.909605979919434,6.131441593170166,0.9352490919820814,0.7830347800683041,1.6919426131351678,1.706378082091218,0.3024270278149358,0.0,1.0,1.8235529479593977,2.776756386468212,True
D2,24,172,AutoARIMA,h1_6,1,ARIMA,7.909605979919434,6.131441593170166,1.2304296870379539,1.2258513232812456,2.224007657708862,2.198040183678717,0.45570233767697715,0.5,0.6666666666666666,2.5363194806213603,3.8620986156832404,True
D2,24,172,AutoARIMA,h1_12,1,ARIMA,7.909605979919434,6.131441593170166,1.1531378290268426,1.1621643019728107,2.089355647468287,2.0669741550824297,0.4330496864051044,0.6666666666666666,0.75,2.62023909355279,3.9898844973150562,True
D2,24,173,AutoARIMA,h1,1,ARIMA,7.909605979919434,6.131441593170166,0.6109842443311603,0.5264880906518526,1.1686078209491837,1.16181926554794,0.20744732802399657,1.0,1.0,1.7188590835022355,2.6173371839269297,True
D2,24,173,AutoARIMA,h1_6,1,ARIMA,7.909605979919434,6.131441593170166,0.3771495258037181,0.3654112088464926,0.7194035562618657,0.7170073354294519,0.1936909443879629,1.0,1.0,2.1517098366147662,3.2764466956292204,True
D2,24,173,AutoARIMA,h1_12,1,ARIMA,7.909605979919434,6.131441593170166,0.5078170072977544,0.5330519856165363,0.9645115079293849,0.95840973321381,0.22697103130997814,0.9166666666666666,1.0,2.194994911926019,3.342357646799449,True
D2,24,174,AutoARIMA,h1,1,ARIMA,7.909605979919434,6.131441593170166,1.5005563508213862,1.2466030910377284,2.3576831772947853,2.3858080751094835,0.5161920495644032,0.0,1.0,2.0043785645379844,3.052102756988194,True
D2,24,174,AutoARIMA,h1_6,1,ARIMA,7.909605979919434,6.131441593170166,1.4835389059782378,1.3315449008813374,2.3433774253318895,2.376008411188491,0.5182501447406892,0.5,0.8333333333333334,2.8123470138225226,4.282410631583344,True
D2,24,174,AutoARIMA,h1_12,1,ARIMA,7.909605979919434,6.131441593170166,1.3544796532161854,1.2210984302945052,2.140852315564384,2.168283659956183,0.4761073316070707,0.5833333333333334,0.9166666666666666,3.061635192405741,4.662006158396308,True
D2,24,175,AutoARIMA,h1,1,ARIMA,7.909605979919434,6.131441593170166,1.7400856396496955,1.4911745217486132,3.0999493734424655,3.148754267536333,0.6636569305445942,0.0,0.0,1.746063487547411,2.6587618120174232,True
D2,24,175,AutoARIMA,h1_6,1,ARIMA,7.909605979919434,6.131441593170166,2.1711093637763077,1.9936144961860334,3.9070389728514963,3.989778324723661,0.8007806223244617,0.3333333333333333,0.5,2.837483995448393,4.320687158922066,True
D2,24,175,AutoARIMA,h1_12,1,ARIMA,7.909605979919434,6.131441593170166,2.608165578842469,2.348450134518363,4.572525021268376,4.544909446441787,0.9771686574711315,0.16666666666666666,0.25,2.9798760301066687,4.537510033224683,True
D2,24,176,AutoARIMA,h1,1,ARIMA,7.909605979919434,6.131441593170166,1.3798828275277222,1.0994175186246653,2.1386315205549455,2.161747426483729,0.4750122529344777,0.0,1.0,1.833310181157944,2.7916138983538037,True
D2,24,176,AutoARIMA,h1_6,1,ARIMA,7.909605979919434,6.131441593170166,1.610984203134354,1.509345274014303,2.4944189440933666,2.528921558384921,0.6379189889592576,0.3333333333333333,0.6666666666666666,2.0717276521919787,3.154656406157146,True
D2,24,176,AutoARIMA,h1_12,1,ARIMA,7.909605979919434,6.131441593170166,1.490274330325969,1.4099909278194815,2.281287578657637,2.287393459237326,0.5843439725680081,0.4166666666666667,0.6666666666666666,2.0955693992953823,3.1909606569374795,True
D2,24,177,AutoARIMA,h1,1,ARIMA,7.909605979919434,6.131441593170166,0.438381719868505,0.340386223631147,0.7318785240417199,0.7292100581363938,0.1742081676266025,1.0,1.0,1.7880780568799868,2.7227381412210496,True
D2,24,177,AutoARIMA,h1_6,1,ARIMA,7.909605979919434,6.131441593170166,3.0152347734879554,2.82416925360699,5.105869932809042,5.3002451778762785,1.24758678381797,0.3333333333333333,0.3333333333333333,2.672569801498108,4.069569393582068,True
D2,24,177,AutoARIMA,h1_12,1,ARIMA,7.909605979919434,6.131441593170166,2.7277545341324227,2.5246177750152006,4.593589275053933,4.744235639336501,1.0977683152960633,0.3333333333333333,0.4166666666666667,2.82887244902344,4.30757420458771,True
D2,24,178,AutoARIMA,h1,1,ARIMA,7.909605979919434,6.131441593170166,0.5062567527720068,0.417365200841317,0.8848008867711498,0.8887326439284013,0.19987579654550197,1.0,1.0,2.041854279273043,3.1091676918695725,True
D2,24,178,AutoARIMA,h1_6,1,ARIMA,7.909605979919434,6.131441593170166,2.037362833007727,2.0241884264134797,3.458273103159911,3.37635201479466,0.7418386259432925,0.5,0.8333333333333334,3.6861670478750246,5.612991881167748,True
D2,24,178,AutoARIMA,h1_12,1,ARIMA,7.909605979919434,6.131441593170166,1.540251608911539,1.6225857282852982,2.635022252343268,2.59282117657228,0.6590342979082409,0.75,0.9166666666666666,4.976850432502841,7.578338341320814,True
D2,24,179,AutoARIMA,h1,1,ARIMA,7.909605979919434,6.131441593170166,0.004862300992730654,0.004156550941757167,0.007493117150728591,0.007493397895270022,0.13985442738563217,1.0,1.0,1.9045592892911587,2.9001061778132216,True
D2,24,179,AutoARIMA,h1_6,1,ARIMA,7.909605979919434,6.131441593170166,0.8368116275179728,0.8891408653292907,1.3217725951252235,1.3319286691615666,0.3299317678796816,0.6666666666666666,1.0,2.4168741238827542,3.6802170544546216,True
D2,24,179,AutoARIMA,h1_12,1,ARIMA,7.909605979919434,6.131441593170166,1.636506949995805,1.6420099750329749,2.5502515555218808,2.518277022909414,0.6257109398186692,0.4166666666666667,0.5833333333333334,2.5258207244121915,3.846111973569881,True
D2,24,180,AutoARIMA,h1,1,ARIMA,7.909605979919434,6.131441593170166,0.8095745855135019,0.6441872921165008,1.049535044563659,1.0440561768332608,0.2713193377117428,1.0,1.0,2.1155745614617265,3.221422871851417,True
D2,24,180,AutoARIMA,h1_6,1,ARIMA,7.909605979919434,6.131441593170166,1.8361681027741696,1.7470631406218333,2.394173297708292,2.3970737583967656,0.6541942104383767,0.5,1.0,3.8192545447264936,5.815646570879347,True
D2,24,180,AutoARIMA,h1_12,1,ARIMA,7.909605979919434,6.131441593170166,2.321220456936502,2.066406248579881,3.0633107599336267,3.104020505608985,0.807806543151688,0.5,1.0,5.156537505189302,7.8519510308817315,True
D2,24,181,AutoARIMA,h1,1,ARIMA,7.909605979919434,6.131441593170166,1.2939374544535396,0.9382278564582759,2.0049830250579745,1.9850827390819996,0.44189728656676963,0.0,1.0,1.824137975214484,2.7776472178359626,True
D2,24,181,AutoARIMA,h1_6,1,ARIMA,7.909605979919434,6.131441593170166,0.6951617948897153,0.6455348518215107,1.0835368096060454,1.086600138099703,0.30218331646125784,0.6666666666666666,1.0,2.412043189188589,3.6728609045936436,True
D2,24,181,AutoARIMA,h1_12,1,ARIMA,7.909605979919434,6.131441593170166,1.121242146886808,1.0046695545542268,1.7228057865611854,1.706966833626471,0.4342872017381696,0.5,0.8333333333333334,2.470833710585999,3.762382273269411,True
D2,24,182,AutoARIMA,h1,1,ARIMA,7.909605979919434,6.131441593170166,0.7982664393729993,0.6195159096819324,1.234057346942826,1.226489554713114,0.2571976059450902,1.0,1.0,1.6153273120671527,2.4596875210222184,True
D2,24,182,AutoARIMA,h1_6,1,ARIMA,7.909605979919434,6.131441593170166,2.141459055276652,1.8272545591484566,3.35449416431116,3.287998948207152,0.8472748018586597,0.3333333333333333,0.3333333333333333,2.1359345040354025,3.252425317178219,True
D2,24,182,AutoARIMA,h1_12,1,ARIMA,7.909605979919434,6.131441593170166,1.7508704395674082,1.5032986928979553,2.7667688058582227,2.733918447079411,0.6549224218597686,0.25,0.5833333333333334,2.1879952232322273,3.331699096793819,True
D2,24,183,AutoARIMA,h1,1,ARIMA,7.909605979919434,6.131441593170166,3.4055983810197086,2.8135050514871778,4.528498506884063,4.428232290310039,1.4619457585746938,0.0,0.0,2.0376653889424077,3.1027891943376646,True
D2,24,183,AutoARIMA,h1_6,1,ARIMA,7.909605979919434,6.131441593170166,3.081261025482748,2.778256836833458,4.090304309960329,3.993817746910038,1.2265385508101958,0.3333333333333333,0.5,3.6786048287388478,5.601476756089666,True
D2,24,183,AutoARIMA,h1_12,1,ARIMA,7.909605979919434,6.131441593170166,3.5352260968069738,3.0741153407873028,4.685150365217363,4.567190781813793,1.294674786564959,0.25,0.5833333333333334,4.966640359793237,7.562791282687595,True
D2,24,184,AutoARIMA,h1,1,ARIMA,7.909605979919434,6.131441593170166,1.4371193969235787,1.1914503251498263,2.5650510370128816,2.53257017820334,0.517246003402326,0.0,0.0,1.7031517693017773,2.5934193782667205,True
D2,24,184,AutoARIMA,h1_6,1,ARIMA,7.909605979919434,6.131441593170166,2.1564969693578755,1.8556381671532347,3.851250314800244,3.7732061214075676,0.7693364298745207,0.16666666666666666,0.5,2.7753828101532716,4.226124583665643,True
D2,24,184,AutoARIMA,h1_12,1,ARIMA,7.909605979919434,6.131441593170166,1.8688963910286078,1.6630378812501216,3.37207839621105,3.335298012947329,0.6651409432088362,0.3333333333333333,0.5833333333333334,2.9018859490184736,4.418753154799432,True
D2,24,185,AutoARIMA,h1,1,ARIMA,7.909605979919434,6.131441593170166,1.8922261935610794,1.5539176271106208,3.375132785146321,3.319120424336192,0.7618030179317264,0.0,0.0,1.5592979742326216,2.374370655484673,True
D2,24,185,AutoARIMA,h1_6,1,ARIMA,7.909605979919434,6.131441593170166,1.1698216291428833,1.2098825192007037,2.130975846853253,2.0959999127045488,0.48443727270109366,0.5,0.6666666666666666,1.9885650302534095,3.028023208123726,True
D2,24,185,AutoARIMA,h1_12,1,ARIMA,7.909605979919434,6.131441593170166,1.3975990749036644,1.4146432317582767,2.472328537179931,2.4289127256632326,0.5544493533310676,0.4166666666666667,0.6666666666666666,2.421515350573438,3.6872843325771654,True
D2,24,186,AutoARIMA,h1,1,ARIMA,7.909605979919434,6.131441593170166,1.5863381539190022,1.1680832631195373,2.0972598208985427,2.1194853785253582,0.5400826656779958,0.0,1.0,2.2861492410516964,3.4811599589764564,True
D2,24,186,AutoARIMA,h1_6,1,ARIMA,7.909605979919434,6.131441593170166,3.3985153368699623,2.8971550274294,4.325206630156773,4.211562306873997,1.3166372101828254,0.16666666666666666,0.3333333333333333,4.1271936417958,6.284550890541299,True
D2,24,186,AutoARIMA,h1_12,1,ARIMA,7.909605979919434,6.131441593170166,3.516857459552099,2.8435252349769082,4.480937201593525,4.367506696697194,1.276706081697902,0.4166666666666667,0.5833333333333334,5.5722991374022,8.485038635377935,True
D2,24,187,AutoARIMA,h1,1,ARIMA,7.909605979919434,6.131441593170166,1.173290352615017,0.9480338862769379,1.6196181473765174,1.632841042295936,0.39217782207826546,0.0,1.0,1.9074924249137566,2.9045725153997375,True
D2,24,187,AutoARIMA,h1_6,1,ARIMA,7.909605979919434,6.131441593170166,1.2570050668443098,1.294854628134252,1.6862662926676097,1.6979252859751386,0.4998209967400209,0.3333333333333333,0.8333333333333334,2.3937237936278737,3.644965636361153,True
D2,24,187,AutoARIMA,h1_12,1,ARIMA,7.909605979919434,6.131441593170166,1.1319261669745595,1.1028727698924645,1.5106617316586808,1.5164992769282675,0.42488483075816846,0.5,0.9166666666666666,2.4423469304992853,3.719004948457294,True
D2,24,188,AutoARIMA,h1,1,ARIMA,7.909605979919434,6.131441593170166,1.1646140551946937,0.9285752548170104,2.4683583071062327,2.438265739639376,0.3944169989176369,0.0,1.0,1.7404562466176556,2.6502235668956637,True
D2,24,188,AutoARIMA,h1_6,1,ARIMA,7.909605979919434,6.131441593170166,0.7678202996457887,0.7151291794214121,1.6062560162254584,1.5896079396719405,0.2934114673756286,0.6666666666666666,1.0,2.0971413656136115,3.193354317904847,True
D2,24,188,AutoARIMA,h1_12,1,ARIMA,7.909605979919434,6.131441593170166,0.6319462482393204,0.6071533293263873,1.320968715847131,1.3088170465721527,0.2570099245277481,0.8333333333333334,1.0,2.1328098775132074,3.247667393005765,True
D2,24,189,AutoARIMA,h1,1,ARIMA,7.909605979919434,6.131441593170166,2.0222935047693693,1.7753477336064918,2.9884733645484043,3.033805600702998,0.8201511551762618,0.0,0.0,1.6158587184954787,2.46049670300692,True
D2,24,189,AutoARIMA,h1_6,1,ARIMA,7.909605979919434,6.131441593170166,1.8296982705807099,1.8840501445048277,2.6996263639317566,2.750136209737902,0.7704010414336778,0.3333333333333333,0.3333333333333333,1.9738836378453968,3.0056675917557945,True
D2,24,189,AutoARIMA,h1_12,1,ARIMA,7.909605979919434,6.131441593170166,1.1753188339573637,1.3882503092397473,1.72150277181503,1.745033001747068,0.507649898772015,0.6666666666666666,0.6666666666666666,2.248200775755099,3.4233751584380854,True
D2,24,190,AutoARIMA,h1,1,ARIMA,7.909605979919434,6.131441593170166,1.183280451635747,0.9723817280138677,1.8120906099499192,1.82865908977684,0.40025156194463757,0.0,1.0,1.7828481690580231,2.714774498363101,True
D2,24,190,AutoARIMA,h1_6,1,ARIMA,7.909605979919434,6.131441593170166,3.5490479501568033,3.153026434667522,5.619598895758423,5.811756209368737,1.4615765332837016,0.0,0.3333333333333333,2.7001511434628416,4.111567991721848,True
D2,24,190,AutoARIMA,h1_12,1,ARIMA,7.909605979919434,6.131441593170166,2.208580238109297,2.307247644308717,3.4729886719905783,3.563638512279154,0.9033176131700666,0.3333333333333333,0.6666666666666666,2.8414253281091315,4.32668869600337,True
D2,24,191,AutoARIMA,h1,1,ARIMA,7.909605979919434,6.131441593170166,1.0918717417128503,0.9504428645087906,2.454291393739961,2.4847833051455988,0.4207099120295576,0.0,0.0,1.0594351927994383,1.6132207408328707,True
D2,24,191,AutoARIMA,h1_6,1,ARIMA,7.909605979919434,6.131441593170166,1.3267956129240859,1.3009887982804804,3.0403071608350474,3.0365022736945595,0.5216585047301703,0.3333333333333333,0.3333333333333333,1.6295484266058833,2.4813422641226475,True
D2,24,191,AutoARIMA,h1_12,1,ARIMA,7.909605979919434,6.131441593170166,1.1043940449736205,1.1704066468876637,2.5416128767471924,2.5587572204829945,0.44325104249261915,0.5,0.5833333333333334,1.8813142969184824,2.864710616035619,True
D2,24,192,AutoARIMA,h1,1,ARIMA,7.909605979919434,6.131441593170166,1.2820850983194347,0.9834121973790311,1.8531379763621398,1.8361250114220666,0.4348472960368071,0.0,1.0,1.896767726053022,2.8882418264072247,True
D2,24,192,AutoARIMA,h1_6,1,ARIMA,7.909605979919434,6.131441593170166,2.522427635893237,2.059951478211118,3.750682073966792,3.672421156647655,0.9400065752457956,0.16666666666666666,0.3333333333333333,2.8954224687456898,4.408911098857841,True
D2,24,192,AutoARIMA,h1_12,1,ARIMA,7.909605979919434,6.131441593170166,1.7900828825972206,1.6086517168197074,2.653546705637102,2.6144516265764097,0.6836136847359637,0.5,0.6666666666666666,3.333240736028478,5.075584732409499,True
D2,24,193,AutoARIMA,h1,1,ARIMA,7.909605979919434,6.131441593170166,4.659835075815496,3.211674277280926,4.803029252005632,4.921212899565433,2.04121780597908,0.0,0.0,2.4424540967569106,3.7191681324167383,True
D2,24,193,AutoARIMA,h1_6,1,ARIMA,7.909605979919434,6.131441593170166,3.9893670361255853,3.1218191645032247,4.122507987471353,4.235991660342467,1.656553214475016,0.16666666666666666,0.5,4.409371373268667,6.714227922328731,True
D2,24,193,AutoARIMA,h1_12,1,ARIMA,7.909605979919434,6.131441593170166,4.322506211668176,3.2650136353840016,4.4678740119653515,4.5920157484270305,1.6235313857533615,0.16666666666666666,0.6666666666666666,5.953279257587743,9.065163815195966,True
D2,24,194,AutoARIMA,h1,1,ARIMA,7.909605979919434,6.131441593170166,0.23316723081201046,0.1966287796466683,0.47924974206235443,0.47810408576344904,0.1226428284732287,1.0,1.0,1.4811286000394286,2.255340764271457,True
D2,24,194,AutoARIMA,h1_6,1,ARIMA,7.909605979919434,6.131441593170166,1.4963707914277933,1.425048727949222,2.99356961420495,2.937848668894888,0.5271536888312985,0.5,0.8333333333333334,2.7936634472494033,4.253960833697317,True
D2,24,194,AutoARIMA,h1_12,1,ARIMA,7.909605979919434,6.131441593170166,1.3251966348204396,1.2924575211107512,2.660499205429108,2.615203149413166,0.48486531597325605,0.6666666666666666,0.9166666666666666,3.091794531631724,4.707930318646834,True
D2,24,195,AutoARIMA,h1,1,ARIMA,7.909605979919434,6.131441593170166,0.21016755219092814,0.17175352145785225,0.48483308453534196,0.48366061120534726,0.13442452287140227,1.0,1.0,1.6748437153233726,2.550314202866708,True
D2,24,195,AutoARIMA,h1_6,1,ARIMA,7.909605979919434,6.131441593170166,1.1620220389808285,1.164109609259491,2.672495196374023,2.6201780829494274,0.448009600635629,0.5,0.8333333333333334,2.3562664465402663,3.587928670222033,True
D2,24,195,AutoARIMA,h1_12,1,ARIMA,7.909605979919434,6.131441593170166,0.937134434381447,0.9557833254384769,2.162250859907556,2.1280538552600574,0.3685873007572745,0.6666666666666666,0.9166666666666666,2.4689221778971073,3.7594715485724537,True
D2,24,196,AutoARIMA,h1,1,ARIMA,7.909605979919434,6.131441593170166,1.7705077370074833,1.3383279677817423,2.912477354824046,2.870673497057676,0.6615367933011773,0.0,0.0,1.8926885840614032,2.8820304446158462,True
D2,24,196,AutoARIMA,h1_6,1,ARIMA,7.909605979919434,6.131441593170166,2.058793820582103,1.778294791696541,3.363345913318926,3.30118568049846,0.7935992022180992,0.3333333333333333,0.5,2.5026871160354656,3.8108860181765976,True
D2,24,196,AutoARIMA,h1_12,1,ARIMA,7.909605979919434,6.131441593170166,1.665713705356666,1.4912188788591116,2.743915692801411,2.716127752736864,0.6340540940060675,0.5,0.5833333333333334,2.563686969232872,3.903771575532673,True
D2,24,197,AutoARIMA,h1,1,ARIMA,7.909605979919434,6.131441593170166,1.2578818170544634,1.0543734342488214,2.3307278108765845,2.3038792338602887,0.43313634744073715,0.0,1.0,1.6675940522744674,2.5392750124810726,True
D2,24,197,AutoARIMA,h1_6,1,ARIMA,7.909605979919434,6.131441593170166,1.5696097889435294,1.4204172246149662,2.910148923253577,2.8656532156459247,0.5764306974471579,0.16666666666666666,0.6666666666666666,2.04587290615321,3.1152869262284124,True
D2,24,197,AutoARIMA,h1_12,1,ARIMA,7.909605979919434,6.131441593170166,1.5741615976479526,1.4742843314331258,2.9018570639951076,2.8816442830925726,0.582154404676382,0.25,0.75,2.3790936159021405,3.6226880054974346,True
D2,24,198,AutoARIMA,h1,1,ARIMA,7.909605979919434,6.131441593170166,0.40835722491201404,0.307413537977665,0.88734087302946,0.8912952867186799,0.16833589086224546,1.0,1.0,1.7727297344813615,2.6993669787387025,True
D2,24,198,AutoARIMA,h1_6,1,ARIMA,7.909605979919434,6.131441593170166,1.1691755535867052,0.9774129655400189,2.52667815269247,2.5429491270177587,0.40951626044528,0.5,1.0,2.344066479853377,3.5693515647694953,True
D2,24,198,AutoARIMA,h1_12,1,ARIMA,7.909605979919434,6.131441593170166,0.8745893160783829,0.7769249240589894,1.8869837610489202,1.8961221846194074,0.3295080839308588,0.75,1.0,2.4012001543905788,3.6563500233725748,True
D2,24,199,AutoARIMA,h1,1,ARIMA,7.909605979919434,6.131441593170166,0.7005318795941115,0.5823282406846461,1.0827794788550393,1.076948987537642,0.23704901106266735,1.0,1.0,1.9342246446874563,2.945278140133086,True
D2,24,199,AutoARIMA,h1_6,1,ARIMA,7.909605979919434,6.131441593170166,1.0055293230232158,0.9947664806961699,1.5211240852479542,1.5059569987115116,0.3789232720424368,0.5,0.8333333333333334,2.312197419561825,3.520823981956871,True
D2,24,199,AutoARIMA,h1_12,1,ARIMA,7.909605979919434,6.131441593170166,1.1807910030617854,1.142911783783729,1.7863050006351053,1.7801244084000845,0.43728413616039313,0.5,0.75,2.3775213455610245,3.6202938815890344,True
D2,24,0,Combination,h1,1,ARIMA,7.909605979919434,6.131441593170166,0.6761208270961395,0.5459250459186905,1.1009206609672453,1.1070143357382511,0.23525879616405695,1.0,1.0,1.9872010137669096,3.061341227545645,True
D2,24,0,Combination,h1_6,1,ARIMA,7.909605979919434,6.131441593170166,0.7554376780061045,0.6646798505745612,1.2330255089022226,1.233238636765433,0.3261443031068846,1.0,1.0,3.2795941165037403,5.073070544793958,True
D2,24,0,Combination,h1_12,1,ARIMA,7.909605979919434,6.131441593170166,1.558002868539242,1.5358989433931016,2.5391529893019973,2.545184536925264,0.5781785793906435,0.8333333333333334,0.9166666666666666,4.441328882715785,6.744626241528244,True
D2,24,1,Combination,h1,1,ARIMA,7.909605979919434,6.131441593170166,2.558052504156865,2.0261537313933093,4.116935055202956,4.033898563183442,1.0156530698912942,0.0,0.0,2.139410783919883,3.2926717091880042,True
D2,24,1,Combination,h1_6,1,ARIMA,7.909605979919434,6.131441593170166,2.145076966709955,1.8180032152232828,3.575221707768016,3.6219526997784883,0.7586008623938948,0.5,0.6666666666666666,3.509338902225231,5.421916396891069,True
D2,24,1,Combination,h1_12,1,ARIMA,7.909605979919434,6.131441593170166,1.8827248893103539,1.6250639467030645,3.1107457773811844,3.1230012018444233,0.6919620114065372,0.75,0.8333333333333334,4.607850830519545,6.998419613461609,True
D2,24,2,Combination,h1,1,ARIMA,7.909605979919434,6.131441593170166,1.84773321987807,1.4483707852949268,3.9778807929557845,3.900306030724443,0.656523781858059,0.0,0.0,2.1730444435964396,3.343869564792807,True
D2,24,2,Combination,h1_6,1,ARIMA,7.909605979919434,6.131441593170166,2.4605625786668064,2.0185462015039546,5.242111116994216,5.096955112601984,0.8572097488996275,0.16666666666666666,0.6666666666666666,3.814605936927346,5.8747439475575245,True
D2,24,2,Combination,h1_12,1,ARIMA,7.909605979919434,6.131441593170166,2.552508569748421,2.138139631612506,5.416885372605035,5.255773434102915,0.912061066007528,0.4166666666666667,0.8333333333333334,5.253716932886577,7.976359455346853,True
D2,24,3,Combination,h1,1,ARIMA,7.909605979919434,6.131441593170166,1.0436404505567802,0.8072746812572045,1.497724213791046,1.509024728163949,0.34185305411673556,0.0,1.0,2.14852461063017,3.309681768618126,True
D2,24,3,Combination,h1_6,1,ARIMA,7.909605979919434,6.131441593170166,2.8124629735883255,2.7224137495886804,3.8627523495364495,3.76205467117015,1.1091089045198304,0.3333333333333333,0.6666666666666666,3.5463128256995384,5.485217199475967,True
D2,24,3,Combination,h1_12,1,ARIMA,7.909605979919434,6.131441593170166,3.2729886899384435,2.893842712921163,4.490900694179159,4.36993000586851,1.246538609936641,0.3333333333333333,0.6666666666666666,4.666452913718393,7.086040554223911,True
D2,24,4,Combination,h1,1,ARIMA,7.909605979919434,6.131441593170166,0.3478109187804731,0.2726445052352064,0.630731931382146,0.6287490708032338,0.17207514921526743,1.0,1.0,2.0551576098708013,3.166404494553379,True
D2,24,4,Combination,h1_6,1,ARIMA,7.909605979919434,6.131441593170166,0.898978626488749,0.9444564970854554,1.669437749722193,1.6881226756679086,0.39820455888550715,0.8333333333333334,1.0,3.593118113989433,5.554017858445537,True
D2,24,4,Combination,h1_12,1,ARIMA,7.909605979919434,6.131441593170166,1.6047354083599843,1.4807168213536797,3.0142751211047436,3.075627177413901,0.5863981455898765,0.8333333333333334,1.0,4.722729151259792,7.172300990587014,True
D2,24,5,Combination,h1,1,ARIMA,7.909605979919434,6.131441593170166,1.4204388759355004,1.1300545129158492,3.115284660795384,3.0675039212316704,0.47872203914757583,0.0,1.0,1.9766383784662418,3.0433768079809145,True
D2,24,5,Combination,h1_6,1,ARIMA,7.909605979919434,6.131441593170166,0.7526173588121149,0.6893469154209938,1.6695097519749686,1.6513973292186168,0.28812076181053065,0.6666666666666666,1.0,2.186245454420763,3.271192976553415,True
D2,24,5,Combination,h1_12,1,ARIMA,7.909605979919434,6.131441593170166,0.9820541189786239,0.8766350169650903,2.1787063488463416,2.1494183449046402,0.35027643452470103,0.5833333333333334,0.9166666666666666,2.325248652297828,3.5006499593896314,True
D2,24,6,Combination,h1,1,ARIMA,7.909605979919434,6.131441593170166,0.06350744757311613,0.050470422944202974,0.11798429264571977,0.11805393519591044,0.15877852871539916,1.0,1.0,2.0973295420771554,3.2306402811534505,True
D2,24,6,Combination,h1_6,1,ARIMA,7.909605979919434,6.131441593170166,0.5884645584799023,0.5649924056526975,1.1012117226428804,1.1077704800894388,0.30436623419249326,1.0,1.0,3.4351300742856528,5.313493908205905,True
D2,24,6,Combination,h1_12,1,ARIMA,7.909605979919434,6.131441593170166,1.5253182664472307,1.7868927639882566,2.91818638575508,3.0084981153012484,0.6512699732038647,0.75,0.9166666666666666,4.53017282609561,6.879082837375418,True
D2,24,7,Combination,h1,1,ARIMA,7.909605979919434,6.131441593170166,0.7447571807997728,0.5855247079853833,1.7177532070231458,1.7326343984962234,0.2569058524595859,1.0,1.0,2.0977696395940124,3.2311326399783584,True
D2,24,7,Combination,h1_6,1,ARIMA,7.909605979919434,6.131441593170166,1.1164729669176232,1.0081551140384741,2.6011721074309437,2.647058452353662,0.4388640342312683,0.6666666666666666,0.8333333333333334,3.4433801238079615,5.325656248663685,True
D2,24,7,Combination,h1_12,1,ARIMA,7.909605979919434,6.131441593170166,1.1116036279218753,1.026926735071071,2.590285043143639,2.635706596413216,0.4804630031176281,0.8333333333333334,0.9166666666666666,4.549923446862977,6.909249399655343,True
D2,24,8,Combination,h1,1,ARIMA,7.909605979919434,6.131441593170166,0.20922609648908438,0.17662338181571277,0.5701730283944837,0.5718031620973767,0.16256347588586265,1.0,1.0,2.0400219541184246,3.1407205662352697,True
D2,24,8,Combination,h1_6,1,ARIMA,7.909605979919434,6.131441593170166,0.7509104486533036,0.7419434169103692,2.056194553522372,2.085668807005147,0.3192443336480792,1.0,1.0,3.3728231802872197,5.2126740672521406,True
D2,24,8,Combination,h1_12,1,ARIMA,7.909605979919434,6.131441593170166,0.648233298766431,0.6298108598460024,1.7607068366827965,1.775142242789531,0.37707098246350407,1.0,1.0,4.439556105073116,6.742469728719634,True
D2,24,9,Combination,h1,1,ARIMA,7.909605979919434,6.131441593170166,1.5144616295642843,1.23682875901119,3.064342788417757,3.0181003186863182,0.5286939831143093,0.0,0.0,1.8586270051808345,2.8596325231575888,True
D2,24,9,Combination,h1_6,1,ARIMA,7.909605979919434,6.131441593170166,1.4245377495144769,1.358879471336627,2.877166821485207,2.827953928044049,0.555547955679137,0.5,0.5,2.4368636270081057,3.778331492363424,True
D2,24,9,Combination,h1_12,1,ARIMA,7.909605979919434,6.131441593170166,1.0427348880225977,1.0538538349878035,2.114691567212522,2.086383411375152,0.4370896711901122,0.75,0.75,2.900946079412008,4.410241500935347,True
D2,24,10,Combination,h1,1,ARIMA,7.909605979919434,6.131441593170166,1.5264751642115106,1.190547352934947,2.4429894150926623,2.4135085360585284,0.5184476361948586,0.0,1.0,2.0306692535890507,3.124237816283267,True
D2,24,10,Combination,h1_6,1,ARIMA,7.909605979919434,6.131441593170166,0.7641725426686441,0.7097397166795933,1.224031467651727,1.213810259578421,0.35766276805561475,0.8333333333333334,1.0,3.2472155797666624,5.017405113427211,True
D2,24,10,Combination,h1_12,1,ARIMA,7.909605979919434,6.131441593170166,0.7038210430563024,0.6547103349948991,1.128770930062568,1.122131410705682,0.3967794422961452,0.9166666666666666,1.0,4.234590185413995,6.440423086069965,True
D2,24,11,Combination,h1,1,ARIMA,7.909605979919434,6.131441593170166,2.3433195920841094,1.8791975558669898,5.216148738614335,5.083565567988697,0.922397313383357,0.0,0.0,2.0266577341063514,3.118374057486878,True
D2,24,11,Combination,h1_6,1,ARIMA,7.909605979919434,6.131441593170166,3.481206398076446,2.8857975170074472,7.576632738837179,7.283999986422342,1.3603792255005585,0.0,0.0,3.408480127498829,5.2646197296184205,True
D2,24,11,Combination,h1_12,1,ARIMA,7.909605979919434,6.131441593170166,3.512324094967484,2.9321638493488598,7.606911243600707,7.307772707828788,1.3335263234317205,0.08333333333333333,0.25,4.488963720670475,6.823826568335334,True
D2,24,12,Combination,h1,1,ARIMA,7.909605979919434,6.131441593170166,0.20915360437518243,0.18646253678479305,0.4423286499168605,0.4433090914765039,0.15097607728692414,1.0,1.0,1.882692567846873,2.899884932161328,True
D2,24,12,Combination,h1_6,1,ARIMA,7.909605979919434,6.131441593170166,0.8063700479202897,0.9408756875161511,1.7179151147109692,1.7437770107545165,0.34562628801776624,0.8333333333333334,1.0,3.0346460011512444,4.694891033793631,True
D2,24,12,Combination,h1_12,1,ARIMA,7.909605979919434,6.131441593170166,1.0431465196392757,1.1466722514169767,2.1801497036764514,2.1704194118400286,0.4451999913700241,0.8333333333333334,1.0,4.008093738027067,6.086127336308988,True
D2,24,13,Combination,h1,1,ARIMA,7.909605979919434,6.131441593170166,0.006375203554418134,0.004729733303116379,0.010819386174446362,0.010819971501696727,0.17225753941534794,1.0,1.0,2.325629180365766,3.5763792290372525,True
D2,24,13,Combination,h1_6,1,ARIMA,7.909605979919434,6.131441593170166,3.2237055767433827,2.717732451858247,5.4290318567418945,5.62616195416186,1.1337340193569712,0.16666666666666666,0.6666666666666666,4.854634647819227,7.421566590572085,True
D2,24,13,Combination,h1_12,1,ARIMA,7.909605979919434,6.131441593170166,6.085882421062898,5.142429523478724,10.094911703232151,10.802661349844593,2.0977806196184137,0.08333333333333333,0.75,8.723094890936638,13.240586340049092,True
D2,24,14,Combination,h1,1,ARIMA,7.909605979919434,6.131441593170166,0.6842097506375577,0.5593911311133759,1.1562792832994466,1.1630030650521141,0.23583114112501297,1.0,1.0,1.9403609182441837,2.9840376263283725,True
D2,24,14,Combination,h1_6,1,ARIMA,7.909605979919434,6.131441593170166,1.880745127867299,1.6274578448366868,3.2152510297296577,3.2744081670077274,0.6422984253771474,0.16666666666666666,0.5,2.6821778802553577,4.100884833659509,True
D2,24,14,Combination,h1_12,1,ARIMA,7.909605979919434,6.131441593170166,2.174932526385012,2.0318239062309513,3.6675384987846087,3.688258399918603,0.798867832729821,0.25,0.5833333333333334,3.3435393342260844,5.064399189995892,True
D2,24,15,Combination,h1,1,ARIMA,7.909605979919434,6.131441593170166,1.7659817637031339,1.320609241564812,3.0722490503656235,3.0257694635603802,0.6098681474386066,0.0,0.0,2.210151214248747,3.4050159805408264,True
D2,24,15,Combination,h1_6,1,ARIMA,7.909605979919434,6.131441593170166,4.094575321207675,3.223305306739652,6.9241314033652746,6.670124198752056,1.6416275989071156,0.0,0.0,3.5955371975063275,5.563516164688348,True
D2,24,15,Combination,h1_12,1,ARIMA,7.909605979919434,6.131441593170166,3.045619280717615,2.5640569379198683,5.1805089283920855,5.018097735033022,1.211145923701502,0.4166666666666667,0.5,4.836377581884208,7.3440164292643155,True
D2,24,16,Combination,h1,1,ARIMA,7.909605979919434,6.131441593170166,0.7013267049667994,0.5800710982460282,1.630844856982517,1.6176541422908597,0.23184401494772033,1.0,1.0,1.8425962691685143,2.83702985101188,True
D2,24,16,Combination,h1_6,1,ARIMA,7.909605979919434,6.131441593170166,1.2811700960971855,1.2545375794222928,2.9673051431001047,2.9072247145686836,0.5018095212863599,0.5,0.5,2.0033403027249306,2.996543117842533,True
D2,24,16,Combination,h1_12,1,ARIMA,7.909605979919434,6.131441593170166,0.9539021940114237,0.9877498154791171,2.2346079444381055,2.2126310294546268,0.38041534207121486,0.5833333333333334,0.75,2.1017299668879565,3.162968171269814,True
D2,24,17,Combination,h1,1,ARIMA,7.909605979919434,6.131441593170166,0.15303343893614768,0.12869135458431524,0.3379953504719762,0.3385675217127748,0.15062292807129152,1.0,1.0,1.9215837310002002,2.957041861691979,True
D2,24,17,Combination,h1_6,1,ARIMA,7.909605979919434,6.131441593170166,0.8969337394402044,0.9315249093475,1.9666884664191049,1.9635092836901937,0.35905596541205764,0.6666666666666666,1.0,2.5125989480621915,3.7929225309556096,True
D2,24,17,Combination,h1_12,1,ARIMA,7.909605979919434,6.131441593170166,1.6071512753804549,1.7196777272895298,3.5928536610493937,3.685998306063259,0.6050497758161687,0.5,0.8333333333333334,3.0058995287183676,4.551597301826798,True
D2,24,18,Combination,h1,1,ARIMA,7.909605979919434,6.131441593170166,0.8386549870235956,0.5736470511301426,1.4906213448245447,1.4795937745147385,0.28338554749142614,1.0,1.0,2.513354813631474,3.870577543631015,True
D2,24,18,Combination,h1_6,1,ARIMA,7.909605979919434,6.131441593170166,1.26918885620625,1.0543308815220929,2.240832450906879,2.206444328259589,0.5096859453461313,1.0,1.0,4.523990001084306,6.985941177626481,True
D2,24,18,Combination,h1_12,1,ARIMA,7.909605979919434,6.131441593170166,2.0320096405828423,1.6105564597022048,3.565094242199638,3.483349447086364,0.7597131192960881,0.9166666666666666,1.0,6.275743109174114,9.533766287754165,True
D2,24,19,Combination,h1,1,ARIMA,7.909605979919434,6.131441593170166,1.643328525087677,1.3847028789552487,2.6790513935033533,2.6436391675249644,0.572916870505826,0.0,0.0,2.018616815240161,3.107581824553599,True
D2,24,19,Combination,h1_6,1,ARIMA,7.909605979919434,6.131441593170166,1.7228844854965988,1.6589837046587075,2.799805656829406,2.749910122011019,0.6552496634802464,0.16666666666666666,0.6666666666666666,2.9805511473559223,4.585846303914459,True
D2,24,19,Combination,h1_12,1,ARIMA,7.909605979919434,6.131441593170166,2.361863854955246,2.2089705796099164,3.9561860954287313,4.005298523090909,0.837560975252344,0.16666666666666666,0.75,3.807297519332944,5.757907546313268,True
D2,24,20,Combination,h1,1,ARIMA,7.909605979919434,6.131441593170166,0.88027818183915,0.7555103144309379,1.5742886118914567,1.561993469239097,0.2835086959199358,1.0,1.0,1.9258716933283202,2.9626654948846776,True
D2,24,20,Combination,h1_6,1,ARIMA,7.909605979919434,6.131441593170166,0.8640334994691177,0.831551851801102,1.5389630451013727,1.5268376605625278,0.3433830772717895,1.0,1.0,3.0757722072396496,4.755606870484708,True
D2,24,20,Combination,h1_12,1,ARIMA,7.909605979919434,6.131441593170166,1.2940694316948096,1.2265029419558806,2.2906611975053366,2.2605477884155194,0.48565968705581647,0.9166666666666666,1.0,4.015684997392336,6.106991093091033,True
D2,24,21,Combination,h1,1,ARIMA,7.909605979919434,6.131441593170166,1.26755910165779,0.8682050897659589,1.9753405198553984,1.9950449858528458,0.4233071250161668,0.0,1.0,2.3391890439712624,3.603641977774923,True
D2,24,21,Combination,h1_6,1,ARIMA,7.909605979919434,6.131441593170166,1.7997835965929576,1.320583893040885,2.8186333423076375,2.8652461065764365,0.636650949885891,0.5,0.8333333333333334,3.994484112954114,6.175780418942561,True
D2,24,21,Combination,h1_12,1,ARIMA,7.909605979919434,6.131441593170166,1.5130863089166475,1.1696427762196675,2.358092020195913,2.386104496834622,0.6190898151024984,0.75,0.9166666666666666,5.262910672712723,7.992400964014218,True
D2,24,22,Combination,h1,1,ARIMA,7.909605979919434,6.131441593170166,2.23225824695897,1.9608736248138785,3.7926119882992633,3.7220308933642956,0.8774906267788507,0.0,0.0,1.9353347469462026,2.9798844940008684,True
D2,24,22,Combination,h1_6,1,ARIMA,7.909605979919434,6.131441593170166,2.9971961777209764,2.705118513122607,5.044192700339364,4.913895923589377,1.1601531884090799,0.0,0.3333333333333333,3.080461134499197,4.768514773084618,True
D2,24,22,Combination,h1_12,1,ARIMA,7.909605979919434,6.131441593170166,2.279571563226452,2.170492376650309,3.861372811122913,3.7865157537720213,0.8715285122344059,0.5,0.6666666666666666,4.041659098362082,6.14661413404868,True
D2,24,23,Combination,h1,1,ARIMA,7.909605979919434,6.131441593170166,2.0521372543233536,1.6796095659139043,2.8788007843762635,2.9208434159608045,0.7983927015657426,0.0,0.0,1.9790762181345596,3.0468184774547287,True
D2,24,23,Combination,h1_6,1,ARIMA,7.909605979919434,6.131441593170166,1.2115365987652722,1.203910445015588,1.6690737329168914,1.6638691484074148,0.46968055985971296,0.6666666666666666,0.6666666666666666,2.641456322627463,4.089580995730951,True
D2,24,23,Combination,h1_12,1,ARIMA,7.909605979919434,6.131441593170166,1.4852986672594186,1.507313930477179,2.0379773912550676,2.0236811873100686,0.5650121815670365,0.6666666666666666,0.75,3.2930485361453337,4.993851475881809,True
D2,24,24,Combination,h1,1,ARIMA,7.909605979919434,6.131441593170166,0.28436917123390376,0.24148416049260465,0.3928533518869738,0.393626539413976,0.15875538304427794,1.0,1.0,1.9197201849191656,2.9542834674891143,True
D2,24,24,Combination,h1_6,1,ARIMA,7.909605979919434,6.131441593170166,1.9156812958144667,2.140831828255333,2.5837488370578687,2.5284043230187088,0.7607251827724676,0.5,0.6666666666666666,2.657946489350536,4.062689914841491,True
D2,24,24,Combination,h1_12,1,ARIMA,7.909605979919434,6.131441593170166,1.4220115516769314,1.6517321710817234,1.9347927919809031,1.9104295286338047,0.5785434052456195,0.6666666666666666,0.8333333333333334,3.304536654909431,5.002316467610014,True
D2,24,25,Combination,h1,1,ARIMA,7.909605979919434,6.131441593170166,0.6128589491188944,0.494836789455778,1.1102122920101656,1.1040834568839772,0.21630394973875214,1.0,1.0,2.0552444062348636,3.1656897826727604,True
D2,24,25,Combination,h1_6,1,ARIMA,7.909605979919434,6.131441593170166,2.1498156939588617,1.8842742559129886,4.027458544549932,4.124001442578763,0.7228842742183557,0.16666666666666666,0.8333333333333334,3.3657681283349303,5.2059320053939055,True
D2,24,25,Combination,h1_12,1,ARIMA,7.909605979919434,6.131441593170166,2.1573800830723076,1.8741925819800775,4.043490745796509,4.140052537965203,0.7405781016032313,0.5,0.9166666666666666,4.4387501487767285,6.740318248384363,True
D2,24,26,Combination,h1,1,ARIMA,7.909605979919434,6.131441593170166,2.010318400935239,1.5992387624021893,3.212665413206378,3.1618751780789287,0.7506212488050114,0.0,0.0,2.06126813133754,3.1750214538181654,True
D2,24,26,Combination,h1_6,1,ARIMA,7.909605979919434,6.131441593170166,2.102385791872875,1.7149183425872123,3.4708388297907447,3.5121659632319604,0.6995748568053612,0.5,0.8333333333333334,3.703887206829653,5.721151468072596,True
D2,24,26,Combination,h1_12,1,ARIMA,7.909605979919434,6.131441593170166,1.855298692500177,1.576918691428406,3.0671971134306433,3.101631821745899,0.6737906636444145,0.6666666666666666,0.9166666666666666,4.860501061058323,7.38244282922042,True
D2,24,27,Combination,h1,1,ARIMA,7.909605979919434,6.131441593170166,0.3799649081102165,0.2981119874568082,0.6670873256681268,0.6648696949345684,0.182253830809706,1.0,1.0,2.141002348132489,3.297748635815607,True
D2,24,27,Combination,h1_6,1,ARIMA,7.909605979919434,6.131441593170166,2.8169728550378212,2.427087560827252,4.770355024230998,4.637722535900539,1.048277761044733,0.16666666666666666,0.5,3.721334780668468,5.7506539941592045,True
D2,24,27,Combination,h1_12,1,ARIMA,7.909605979919434,6.131441593170166,2.532333735454119,2.164077063009561,4.298087694447866,4.1919280661828076,0.9345398418359393,0.4166666666666667,0.75,4.8715593063375415,7.398606136005874,True
D2,24,28,Combination,h1,1,ARIMA,7.909605979919434,6.131441593170166,0.5034118745958254,0.39380644442764595,0.8828005602375079,0.8789210004793694,0.20262589919675306,1.0,1.0,2.137530578128515,3.292566922283208,True
D2,24,28,Combination,h1_6,1,ARIMA,7.909605979919434,6.131441593170166,0.5730451239239163,0.5034044577341028,1.0103715532815416,1.0097847254179193,0.31347140054676137,1.0,1.0,3.54705874017324,5.485515977737565,True
D2,24,28,Combination,h1_12,1,ARIMA,7.909605979919434,6.131441593170166,0.5605793677441567,0.5297107159126005,0.9925749692236154,0.9962915561832512,0.38577315033481985,1.0,1.0,4.666350519787152,7.086076958438022,True
D2,24,29,Combination,h1,1,ARIMA,7.909605979919434,6.131441593170166,2.0573484760318674,1.7175990999652757,3.4536389915107657,3.5143250414711016,0.7980307415583765,0.0,0.0,2.0055429022865336,3.0879772565256505,True
D2,24,29,Combination,h1_6,1,ARIMA,7.909605979919434,6.131441593170166,1.743826849205829,1.627340986810807,2.9899185363630134,3.0466981872799876,0.6648578571241001,0.3333333333333333,0.6666666666666666,3.605527988245362,5.566479231389902,True
D2,24,29,Combination,h1_12,1,ARIMA,7.909605979919434,6.131441593170166,3.2556319651923946,3.089899355457544,5.702057037615435,5.923382421022613,1.2113394126866446,0.16666666666666666,0.5,4.766672138994131,7.240697500798316,True
D2,24,30,Combination,h1,1,ARIMA,7.909605979919434,6.131441593170166,0.8004807152064698,0.6275546016991662,1.313691089285158,1.305118476718525,0.2632563824108475,1.0,1.0,2.0258016687546148,3.1173927839621376,True
D2,24,30,Combination,h1_6,1,ARIMA,7.909605979919434,6.131441593170166,0.6942089572536472,0.6189202613827778,1.146187966637148,1.1439088679077347,0.27966736386363195,0.8333333333333334,1.0,2.497820550462834,3.8658085439548824,True
D2,24,30,Combination,h1_12,1,ARIMA,7.909605979919434,6.131441593170166,0.9975810778766696,0.9959778682914133,1.667723233525901,1.684504048080504,0.3881090786341343,0.8333333333333334,0.9166666666666666,2.972719629871251,4.505196181600702,True
D2,24,31,Combination,h1,1,ARIMA,7.909605979919434,6.131441593170166,0.8572181965063549,0.6855860088430167,2.0048121927784575,2.0251120393193065,0.2882723210199511,1.0,1.0,2.10336134881245,3.239691166304807,True
D2,24,31,Combination,h1_6,1,ARIMA,7.909605979919434,6.131441593170166,0.7687274064930004,0.6550730185016826,1.7755441199842343,1.785697597438599,0.30192857345956525,1.0,1.0,2.854726848195965,4.42940275900679,True
D2,24,31,Combination,h1_12,1,ARIMA,7.909605979919434,6.131441593170166,1.7987203328161445,1.7926147836001853,4.014406882560614,3.910216461210477,0.688611202178619,0.6666666666666666,0.75,3.4715857061482214,5.267221783638425,True
D2,24,32,Combination,h1,1,ARIMA,7.909605979919434,6.131441593170166,1.1924324996235207,0.904355275188489,2.627033132187254,2.661998929110353,0.4030739294379977,0.0,1.0,2.031720267689879,3.129182877935574,True
D2,24,32,Combination,h1_6,1,ARIMA,7.909605979919434,6.131441593170166,0.9765163542417343,0.865938353417741,2.114764312342005,2.0991579422790023,0.37733252467570016,0.5,1.0,2.628153223952957,4.067996498720284,True
D2,24,32,Combination,h1_12,1,ARIMA,7.909605979919434,6.131441593170166,1.5375333904522217,1.2916712787618685,3.298413434639954,3.240539806009627,0.5503873111650969,0.4166666666666667,0.9166666666666666,3.1505150978070264,4.772221881843626,True
D2,24,33,Combination,h1,1,ARIMA,7.909605979919434,6.131441593170166,0.2723364934161449,0.23052296714075407,0.5714772678852603,0.5731148785100368,0.157481666610469,1.0,1.0,1.9225523316970767,2.9623597297359714,True
D2,24,33,Combination,h1_6,1,ARIMA,7.909605979919434,6.131441593170166,1.614555203493357,1.5410327168396896,3.47597225708904,3.5551171778620376,0.5713762935607282,0.6666666666666666,0.6666666666666666,3.3787223201208367,5.2228048994727025,True
D2,24,33,Combination,h1_12,1,ARIMA,7.909605979919434,6.131441593170166,1.4020141268885082,1.3787484743014713,3.0146504676735684,3.0776845790846554,0.552306384820774,0.8333333333333334,0.8333333333333334,4.458585472411419,6.771179553971794,True
D2,24,34,Combination,h1,1,ARIMA,7.909605979919434,6.131441593170166,0.23143835611777583,0.185011984962148,0.34457223244116486,0.343979603341976,0.16122526379750662,1.0,1.0,2.0054954833197955,3.087137955718315,True
D2,24,34,Combination,h1_6,1,ARIMA,7.909605979919434,6.131441593170166,2.22101761723301,2.205260959310434,3.2256217018129663,3.149548328765559,0.8963540264411787,0.3333333333333333,0.6666666666666666,3.240442468448782,5.0088469181297395,True
D2,24,34,Combination,h1_12,1,ARIMA,7.909605979919434,6.131441593170166,2.0397609398680765,1.9620289958992556,3.0206983022166565,3.007476087653778,0.7928836670594593,0.5,0.8333333333333334,4.264096838260771,6.475814472605323,True
D2,24,35,Combination,h1,1,ARIMA,7.909605979919434,6.131441593170166,1.591274755568834,1.2926765025498392,2.5893620859313673,2.5562665870215335,0.5402747010722865,0.0,1.0,2.1100449258910663,3.2483702666468774,True
D2,24,35,Combination,h1_6,1,ARIMA,7.909605979919434,6.131441593170166,1.1775076486369642,1.0647915946075113,1.9180458251369663,1.895872737376576,0.4685345327923823,0.6666666666666666,1.0,3.483102527470341,5.382885760258265,True
D2,24,35,Combination,h1_12,1,ARIMA,7.909605979919434,6.131441593170166,1.3321467075742053,1.2875910076192338,2.208981556739746,2.2219106765732657,0.539028172000141,0.8333333333333334,1.0,4.583194958364898,6.960665801511468,True
D2,24,36,Combination,h1,1,ARIMA,7.909605979919434,6.131441593170166,1.7194228818964044,1.4582450864186216,3.6743322795336706,3.743099231186909,0.6501084367572951,0.0,0.0,1.818519131128864,2.797525541953507,True
D2,24,36,Combination,h1_6,1,ARIMA,7.909605979919434,6.131441593170166,1.7739704555424365,1.5568283494269692,3.7879596063933345,3.8666555239004183,0.6345917576111161,0.16666666666666666,0.5,2.423255110063607,3.673379593916368,True
D2,24,36,Combination,h1_12,1,ARIMA,7.909605979919434,6.131441593170166,1.4399085971110508,1.3548829413211347,3.0401083387475927,3.0681591994387216,0.536619673194447,0.5,0.75,2.876598393707959,4.355198811274966,True
D2,24,37,Combination,h1,1,ARIMA,7.909605979919434,6.131441593170166,1.7833068553076243,1.3180951900471962,2.8040779647838443,2.7653072787528084,0.6176256129354724,0.0,0.0,2.2217330354765554,3.421107460821193,True
D2,24,37,Combination,h1_6,1,ARIMA,7.909605979919434,6.131441593170166,2.3575204448259273,1.8948746332295665,3.673730864297938,3.596366210425348,0.8379785249627704,0.16666666666666666,0.6666666666666666,3.758553315704351,5.808288179268515,True
D2,24,37,Combination,h1_12,1,ARIMA,7.909605979919434,6.131441593170166,1.9948251580783063,1.6580897832187484,3.11575894295953,3.056784066863699,0.763814107532195,0.5833333333333334,0.8333333333333334,4.9294975230177895,7.486608760326182,True
D2,24,38,Combination,h1,1,ARIMA,7.909605979919434,6.131441593170166,1.871609357231625,1.5983288498071113,3.1315328148053956,3.181345250033928,0.7019584805127392,0.0,0.0,2.032239119531123,3.128377587649491,True
D2,24,38,Combination,h1_6,1,ARIMA,7.909605979919434,6.131441593170166,3.208045566526839,2.8459727183855565,5.434574204876089,5.599633838948082,1.1816211751080763,0.0,0.3333333333333333,3.5060450733698256,5.401849903824466,True
D2,24,38,Combination,h1_12,1,ARIMA,7.909605979919434,6.131441593170166,2.1519330949552504,2.190968437516382,3.630864963898925,3.727647281020057,0.8778021734081899,0.5,0.6666666666666666,4.815702896983337,7.309004695125293,True
D2,24,39,Combination,h1,1,ARIMA,7.909605979919434,6.131441593170166,1.2714820118128995,0.962591587104016,1.8929121202848436,1.8751645121222227,0.4177064629797069,0.0,1.0,2.056667263621143,3.1670789550039466,True
D2,24,39,Combination,h1_6,1,ARIMA,7.909605979919434,6.131441593170166,1.3859449316988082,1.2328248424416641,2.0556022769576288,2.0270490347478676,0.5322973235513512,0.3333333333333333,0.6666666666666666,2.1231735768406357,3.1719733981499716,True
D2,24,39,Combination,h1_12,1,ARIMA,7.909605979919434,6.131441593170166,1.6859235330542959,1.4502529966402933,2.522746251651491,2.509339663414713,0.6464969446548607,0.25,0.5833333333333334,2.1821599021235647,3.280565475009308,True
D2,24,40,Combination,h1,1,ARIMA,7.909605979919434,6.131441593170166,1.853960476571873,1.598242603247774,3.7190357472694338,3.7895022183412737,0.6999278839994837,0.0,0.0,1.9727246362414834,3.0364743759782997,True
D2,24,40,Combination,h1_6,1,ARIMA,7.909605979919434,6.131441593170166,0.705691773578783,0.8128782811551498,1.4025807579089182,1.4170415336708064,0.38895608274780913,0.8333333333333334,0.8333333333333334,3.551255651999419,5.480411748546911,True
D2,24,40,Combination,h1_12,1,ARIMA,7.909605979919434,6.131441593170166,1.5494605620443194,1.7133246007047447,2.9828004830020376,2.9283335281824403,0.6460352081050893,0.6666666666666666,0.9166666666666666,4.920299655935831,7.475421694678229,True
D2,24,41,Combination,h1,1,ARIMA,7.909605979919434,6.131441593170166,1.5139283802746932,1.263005546288072,2.8106408889702923,2.850702392503572,0.5262644764958827,0.0,1.0,2.068735901199164,3.182795364438783,True
D2,24,41,Combination,h1_6,1,ARIMA,7.909605979919434,6.131441593170166,1.5795504190299567,1.5221968167753945,2.9436107173968256,3.0028842948867855,0.6139925332518733,0.3333333333333333,1.0,3.6857952641506446,5.69098103814376,True
D2,24,41,Combination,h1_12,1,ARIMA,7.909605979919434,6.131441593170166,2.0061139407741173,1.9290838252999778,3.744965239237065,3.8415497527628415,0.7360182457129275,0.5,1.0,5.0935358778421,7.747107296647685,True
D2,24,42,Combination,h1,1,ARIMA,7.909605979919434,6.131441593170166,0.20337517888279527,0.18260981637452503,0.43399784617833775,0.43494166490725256,0.14955557500847758,1.0,1.0,1.8692320581222905,2.876668786134092,True
D2,24,42,Combination,h1_6,1,ARIMA,7.909605979919434,6.131441593170166,0.4953266297942576,0.6859591116062452,1.044748711925711,1.0324193980200012,0.28473530194574936,1.0,1.0,2.9864016875603805,4.619760885434278,True
D2,24,42,Combination,h1_12,1,ARIMA,7.909605979919434,6.131441593170166,0.594501157821902,0.750543670300374,1.2543125313424233,1.2393093897726755,0.3536932374751628,1.0,1.0,3.9064395217924375,5.941065638225977,True
D2,24,43,Combination,h1,1,ARIMA,7.909605979919434,6.131441593170166,0.39410671870535935,0.30601946613783776,0.41873966917508104,0.4196182231547994,0.18877227239145994,1.0,1.0,2.118560525786758,3.2624467340392163,True
D2,24,43,Combination,h1_6,1,ARIMA,7.909605979919434,6.131441593170166,3.564184815152555,3.3416700533871793,3.8799673786698943,3.994368218013943,1.406449882410795,0.3333333333333333,0.5,3.621647738083472,5.596334904124605,True
D2,24,43,Combination,h1_12,1,ARIMA,7.909605979919434,6.131441593170166,2.973706512322523,2.944545557392567,3.231596525900461,3.3198574914312724,1.2163674562902511,0.4166666666666667,0.5833333333333334,4.743109785434009,7.203595040565881,True
D2,24,44,Combination,h1,1,ARIMA,7.909605979919434,6.131441593170166,0.005811601142836809,0.00465956319500176,0.012469278202243552,0.01247005566520999,0.15654171880611406,1.0,1.0,2.1125975699557706,3.2502696726223483,True
D2,24,44,Combination,h1_6,1,ARIMA,7.909605979919434,6.131441593170166,0.4326305567132744,0.40317012405686653,0.9297656994822143,0.9301931530307518,0.3120700237991308,1.0,1.0,3.8029901806894975,5.865542288931845,True
D2,24,44,Combination,h1_12,1,ARIMA,7.909605979919434,6.131441593170166,0.50887729864326,0.45796066503344723,1.095967864667293,1.0969964815606583,0.41818561934280324,1.0,1.0,5.262443666868591,7.995992344358849,True
D2,24,45,Combination,h1,1,ARIMA,7.909605979919434,6.131441593170166,0.004764940023441294,0.004202892842112758,0.006622285525087337,0.00662206625901967,0.14515058629172073,1.0,1.0,1.9588331389696736,3.014598709606538,True
D2,24,45,Combination,h1_6,1,ARIMA,7.909605979919434,6.131441593170166,1.192377707544368,1.407511097931363,1.6412635205675863,1.6315379763655702,0.47123665326930897,0.6666666666666666,1.0,3.3536997503137207,5.177972147797439,True
D2,24,45,Combination,h1_12,1,ARIMA,7.909605979919434,6.131441593170166,4.188391504450174,4.746226070459828,5.532965114235512,5.302900286155583,1.753584463349631,0.3333333333333333,0.5833333333333334,4.461677879277811,6.777441972370397,True
D2,24,46,Combination,h1,1,ARIMA,7.909605979919434,6.131441593170166,1.5276178144129204,1.266287393351779,3.11828252168921,3.070410484941193,0.5294870269835931,0.0,0.0,1.9006507061597164,2.926348831037541,True
D2,24,46,Combination,h1_6,1,ARIMA,7.909605979919434,6.131441593170166,1.178554838478539,1.124320868537638,2.3852889829635338,2.350332312656687,0.46895305770828244,0.6666666666666666,0.8333333333333334,3.393305007343773,5.239050718461734,True
D2,24,46,Combination,h1_12,1,ARIMA,7.909605979919434,6.131441593170166,1.7997950893853756,1.6837016313770043,3.6200849335913277,3.5401874451702247,0.6676945847032817,0.6666666666666666,0.9166666666666666,4.469841847734252,6.789695985396768,True
D2,24,47,Combination,h1,1,ARIMA,7.909605979919434,6.131441593170166,0.40815122537487114,0.3127323978952691,0.5928057617768799,0.5910538611049625,0.18423998721791707,1.0,1.0,2.092334793821089,3.2229277492188824,True
D2,24,47,Combination,h1_6,1,ARIMA,7.909605979919434,6.131441593170166,0.9992431894164083,0.8458321553626568,1.4487360005647356,1.4402648472229573,0.38804519460272163,0.8333333333333334,1.0,3.446041406715931,5.329865948149026,True
D2,24,47,Combination,h1_12,1,ARIMA,7.909605979919434,6.131441593170166,1.020390113143044,0.9406665430455755,1.486069846898195,1.4832502147941287,0.4618962076077947,0.9166666666666666,1.0,4.553888701497192,6.915249779758131,True
D2,24,48,Combination,h1,1,ARIMA,7.909605979919434,6.131441593170166,0.559420016594728,0.46447528807482924,0.9051948619038288,0.909310377310917,0.21477367442190168,1.0,1.0,2.093578261526551,3.222859809094668,True
D2,24,48,Combination,h1_6,1,ARIMA,7.909605979919434,6.131441593170166,0.9329842614353857,0.8217624140981891,1.4931838309939818,1.4863124756404393,0.3864001156513035,1.0,1.0,3.768154885543379,5.815969263574635,True
D2,24,48,Combination,h1_12,1,ARIMA,7.909605979919434,6.131441593170166,1.1150617107140481,0.9701323809953669,1.796742938419758,1.8049269350585244,0.4829854104028553,1.0,1.0,5.22135751330069,7.932627469950457,True
D2,24,49,Combination,h1,1,ARIMA,7.909605979919434,6.131441593170166,0.5014549199221767,0.43655750228730805,1.0158722992241007,1.010738393545276,0.18837143462199588,1.0,1.0,1.8848138977912403,2.9014230689783123,True
D2,24,49,Combination,h1_6,1,ARIMA,7.909605979919434,6.131441593170166,1.9101973803458598,2.0725044580704237,3.749450617162955,3.645739225379257,0.7087963066513843,0.6666666666666666,0.8333333333333334,3.2824426256963415,5.068434501891632,True
D2,24,49,Combination,h1_12,1,ARIMA,7.909605979919434,6.131441593170166,2.286464429934484,2.2391497639633307,4.505802434230787,4.382519262164985,0.8136033251341156,0.6666666666666666,0.9166666666666666,4.298650750200122,6.529437099440005,True
D2,24,50,Combination,h1,1,ARIMA,7.909605979919434,6.131441593170166,0.8378567472846448,0.7040717611285877,1.6663840526300842,1.680384885507536,0.2777371603480704,1.0,1.0,1.8955112814519801,2.917695771529134,True
D2,24,50,Combination,h1_6,1,ARIMA,7.909605979919434,6.131441593170166,1.2460800077628447,1.2613318222389682,2.4683700264724227,2.4661233807958944,0.4756494992063425,0.6666666666666666,1.0,3.192283911035271,4.933224433313894,True
D2,24,50,Combination,h1_12,1,ARIMA,7.909605979919434,6.131441593170166,1.1211249172558344,1.1277972033645243,2.229057488727854,2.2325688403426414,0.48018303925938555,0.8333333333333334,1.0,4.187866605442221,6.363455678321455,True
D2,24,51,Combination,h1,1,ARIMA,7.909605979919434,6.131441593170166,0.2568348844402422,0.19080654588394727,0.5660948923736334,0.567701757700763,0.1738712183110692,1.0,1.0,2.1554631520924894,3.321367938097079,True
D2,24,51,Combination,h1_6,1,ARIMA,7.909605979919434,6.131441593170166,1.2031516210233386,1.0938217369270649,2.6551047635695295,2.6972889426768867,0.47810246283472996,0.8333333333333334,0.8333333333333334,3.713805857272361,5.742772108283789,True
D2,24,51,Combination,h1_12,1,ARIMA,7.909605979919434,6.131441593170166,0.9562631945141258,0.9173209445252621,2.0975655676938803,2.1228230409343185,0.49259680810315953,0.9166666666666666,0.9166666666666666,4.9309899994464805,7.4882738820771095,True
D2,24,52,Combination,h1,1,ARIMA,7.909605979919434,6.131441593170166,0.7902048837874993,0.6578462880041565,1.2115787991743365,1.2189631487141206,0.264462247394146,1.0,1.0,1.8875048748734489,2.906778199035729,True
D2,24,52,Combination,h1_6,1,ARIMA,7.909605979919434,6.131441593170166,1.26858889698144,1.1537485252863868,1.9351425760390708,1.9443831516716863,0.42643957135776334,0.8333333333333334,1.0,3.102933909518145,4.797899797458657,True
D2,24,52,Combination,h1_12,1,ARIMA,7.909605979919434,6.131441593170166,1.464602758549863,1.425618698040463,2.2116804940518597,2.1946566565759373,0.5552081952882898,0.75,1.0,4.208596776372292,6.39166028364339,True
D2,24,53,Combination,h1,1,ARIMA,7.909605979919434,6.131441593170166,1.1636975503655385,0.8963727726857162,2.0483845174853736,2.069581005936585,0.3850544083140625,0.0,1.0,2.240975848573084,3.4486919484932104,True
D2,24,53,Combination,h1_6,1,ARIMA,7.909605979919434,6.131441593170166,1.6896714256467091,1.4841117862276945,2.996758470342381,3.0569187459680336,0.5775957686602308,0.5,1.0,3.531776738379933,5.347882452841583,True
D2,24,53,Combination,h1_12,1,ARIMA,7.909605979919434,6.131441593170166,1.9911913347415457,1.7199547604528653,3.5365086442075233,3.6177392507123547,0.6940429620818973,0.5833333333333334,1.0,4.592668808992657,6.9550551708022885,True
D2,24,54,Combination,h1,1,ARIMA,7.909605979919434,6.131441593170166,2.2982512606513157,1.8596168287436186,3.9971244928308294,4.078638624548779,0.9028503646140571,0.0,0.0,2.1398942072960563,3.2938790366788258,True
D2,24,54,Combination,h1_6,1,ARIMA,7.909605979919434,6.131441593170166,2.5007266597275053,2.0836864824319976,4.35515420704461,4.458530579327413,0.8902752808023111,0.3333333333333333,0.6666666666666666,3.851609590458038,5.944144292514144,True
D2,24,54,Combination,h1_12,1,ARIMA,7.909605979919434,6.131441593170166,2.5082535844830205,2.257917526471906,4.375163363083342,4.497868480866132,0.9057212095484191,0.4166666666666667,0.8333333333333334,5.335912741362993,8.10680987229995,True
D2,24,55,Combination,h1,1,ARIMA,7.909605979919434,6.131441593170166,0.3301039129775381,0.2728973670933203,0.6635721637016571,0.6657811328359957,0.16885776220268772,1.0,1.0,1.9624893149965874,3.020091529794906,True
D2,24,55,Combination,h1_6,1,ARIMA,7.909605979919434,6.131441593170166,2.0342756317901443,1.813323078979806,4.189761761568097,4.294669575476189,0.7259469255962014,0.16666666666666666,0.3333333333333333,2.8111957083888788,4.293697863834825,True
D2,24,55,Combination,h1_12,1,ARIMA,7.909605979919434,6.131441593170166,1.7196711449606588,1.6430745667983273,3.5374392810689335,3.6236782517708073,0.6380841194574097,0.5,0.5833333333333334,3.5199050162741257,5.324671917486563,True
D2,24,56,Combination,h1,1,ARIMA,7.909605979919434,6.131441593170166,1.6708639755743062,1.4610180316049917,3.3934437141147784,3.336827040388309,0.5981641410120584,0.0,0.0,1.9224724576054237,2.960794327574637,True
D2,24,56,Combination,h1_6,1,ARIMA,7.909605979919434,6.131441593170166,2.037709605505879,1.9715155510515328,4.078635401555733,3.980541054949785,0.7604596131774728,0.16666666666666666,0.6666666666666666,3.379874879025442,5.221332359733872,True
D2,24,56,Combination,h1_12,1,ARIMA,7.909605979919434,6.131441593170166,2.3731365923853653,2.254361102209292,4.717534739761927,4.590978504885421,0.8707714782845456,0.3333333333333333,0.8333333333333334,4.431867422014403,6.731241976581684,True
D2,24,57,Combination,h1,1,ARIMA,7.909605979919434,6.131441593170166,1.0981238779931517,0.8780513086765023,1.4140124052565715,1.4240807444502699,0.3630962538128249,0.0,1.0,2.120047321622574,3.262131180085553,True
D2,24,57,Combination,h1_6,1,ARIMA,7.909605979919434,6.131441593170166,0.8610925815288251,0.8399819606493424,1.1092223354131026,1.118494789432357,0.36876182026440446,0.8333333333333334,1.0,3.398557123494303,5.201120370273549,True
D2,24,57,Combination,h1_12,1,ARIMA,7.909605979919434,6.131441593170166,0.9488252693960876,0.8384122059803139,1.215647203235827,1.2204972781255996,0.4324957260253661,0.9166666666666666,1.0,4.549357188142427,6.893813797768382,True
D2,24,58,Combination,h1,1,ARIMA,7.909605979919434,6.131441593170166,0.17972130448030804,0.13433599944021246,0.2642326868991501,0.2638840529374626,0.17607618166721625,1.0,1.0,2.2451111825611636,3.455922852506855,True
D2,24,58,Combination,h1_6,1,ARIMA,7.909605979919434,6.131441593170166,1.6630687294790711,1.556569265382122,2.5289708985713153,2.5810459445645852,0.5931085619575148,0.8333333333333334,0.8333333333333334,3.932721503315745,6.071745226419196,True
D2,24,58,Combination,h1_12,1,ARIMA,7.909605979919434,6.131441593170166,1.2347755521344657,1.1938576270514296,1.8701834582160226,1.8979837749019839,0.5553127242497908,0.9166666666666666,0.9166666666666666,5.139058209277719,7.806110487703477,True
D2,24,59,Combination,h1,1,ARIMA,7.909605979919434,6.131441593170166,1.3288759157073666,1.0257227084089748,2.6983660237580427,2.7352698194916782,0.45344693706530464,0.0,1.0,2.122940782692991,3.269838609177829,True
D2,24,59,Combination,h1_6,1,ARIMA,7.909605979919434,6.131441593170166,2.068117524889581,1.6793183010418484,4.271138667450275,4.375310188055078,0.6733031780695127,0.3333333333333333,1.0,3.5423952140327644,5.477269050276338,True
D2,24,59,Combination,h1_12,1,ARIMA,7.909605979919434,6.131441593170166,2.566690300789723,2.070312466821426,5.329743686062629,5.49054464824458,0.8276203597302925,0.25,1.0,4.677943304454681,7.103992393426989,True
D2,24,60,Combination,h1,1,ARIMA,7.909605979919434,6.131441593170166,0.7053835016919594,0.5549736708927114,1.445156375800208,1.4556747641325962,0.24731664266291592,1.0,1.0,2.1664139576136896,3.334189736643859,True
D2,24,60,Combination,h1_6,1,ARIMA,7.909605979919434,6.131441593170166,0.8196422488302275,0.7676283781574256,1.6841550968215588,1.6996379772350638,0.39703067975921214,0.8333333333333334,1.0,3.9002517167127704,6.018059139997159,True
D2,24,60,Combination,h1_12,1,ARIMA,7.909605979919434,6.131441593170166,0.8438387067635496,0.7888423648562312,1.7378498821392938,1.754652997798219,0.4866203084178012,0.9166666666666666,1.0,5.402539280675572,8.208302270598468,True
D2,24,61,Combination,h1,1,ARIMA,7.909605979919434,6.131441593170166,1.5406671069913025,1.2464283733896608,1.823235166255676,1.8400090119396548,0.5464293782133373,0.0,0.0,1.94988238927843,3.004067570161571,True
D2,24,61,Combination,h1_6,1,ARIMA,7.909605979919434,6.131441593170166,0.911483834074286,0.9009573185947427,1.0770771202918235,1.0844803233298497,0.39027089173860524,0.8333333333333334,0.8333333333333334,3.2432255345371623,5.016691183555474,True
D2,24,61,Combination,h1_12,1,ARIMA,7.909605979919434,6.131441593170166,1.8566447038615006,2.125207374277182,2.19000199206701,2.2336093118249356,0.7395271341699753,0.6666666666666666,0.8333333333333334,4.42472164203408,6.719567833653865,True
D2,24,62,Combination,h1,1,ARIMA,7.909605979919434,6.131441593170166,0.1802319323023042,0.14178797127924656,0.30355816562553056,0.30401960379173665,0.15730272292968225,1.0,1.0,1.9923499258421433,3.0643755460682716,True
D2,24,62,Combination,h1_6,1,ARIMA,7.909605979919434,6.131441593170166,1.431133313196929,1.3284324650967443,2.4123574396632406,2.4265152208131178,0.5467956083096194,0.5,0.8333333333333334,2.5950031007871526,3.8986651856418977,True
D2,24,62,Combination,h1_12,1,ARIMA,7.909605979919434,6.131441593170166,1.733927539634149,1.6591040826486778,2.943466219966499,2.996186890242359,0.6480215156767785,0.5,0.75,3.093959176859721,4.674675350451923,True
D2,24,63,Combination,h1,1,ARIMA,7.909605979919434,6.131441593170166,2.202951312631068,1.7992551433044734,2.822322995135975,2.862720606112378,0.8649783281254547,0.0,0.0,2.0511160416635987,3.1548917540745562,True
D2,24,63,Combination,h1_6,1,ARIMA,7.909605979919434,6.131441593170166,1.9453768022734796,1.712131972243945,2.4901574070473376,2.5256456013404884,0.7305246735106563,0.3333333333333333,0.5,3.6925676716910636,5.693464502602633,True
D2,24,63,Combination,h1_12,1,ARIMA,7.909605979919434,6.131441593170166,2.8194491800917563,2.779959588614154,3.64678726218403,3.7476017872095277,1.0344791289045852,0.4166666666666667,0.5833333333333334,5.10661499490055,7.759618298333679,True
D2,24,64,Combination,h1,1,ARIMA,7.909605979919434,6.131441593170166,1.9884120018427571,1.5485204427724817,2.8164781841438167,2.7773662272023505,0.732162642954503,0.0,0.0,2.1334834079838214,3.281553486855201,True
D2,24,64,Combination,h1_6,1,ARIMA,7.909605979919434,6.131441593170166,1.0307211776619511,0.9456205908651619,1.469511054299636,1.4573408411166575,0.4266504178891893,0.8333333333333334,0.8333333333333334,3.402099554465223,5.198196683519784,True
D2,24,64,Combination,h1_12,1,ARIMA,7.909605979919434,6.131441593170166,1.524276885201982,1.4459866358012698,2.169661121209816,2.1465409037998664,0.5976951374708056,0.8333333333333334,0.8333333333333334,4.533532968641401,6.875127608976986,True
D2,24,65,Combination,h1,1,ARIMA,7.909605979919434,6.131441593170166,0.013464467439067901,0.012320804576714703,0.02486010577870759,0.02485701603846729,0.13166282863749706,1.0,1.0,1.7690923051537741,2.7241123318208964,True
D2,24,65,Combination,h1_6,1,ARIMA,7.909605979919434,6.131441593170166,2.048879496740925,2.2988294903757014,3.863764808564116,3.9801312005470137,0.7725443755234019,0.3333333333333333,0.5,2.975926303791527,4.592674888673426,True
D2,24,65,Combination,h1_12,1,ARIMA,7.909605979919434,6.131441593170166,2.2724630048306973,2.314354633354123,4.273164848410712,4.389953681649622,0.7900444951082282,0.4166666666666667,0.75,3.833942052887366,5.81871462399712,True
D2,24,66,Combination,h1,1,ARIMA,7.909605979919434,6.131441593170166,0.3060967074427495,0.2532728355622527,0.642138457717644,0.6442068075468909,0.17044582644762063,1.0,1.0,2.0594162551061888,3.1688779284833406,True
D2,24,66,Combination,h1_6,1,ARIMA,7.909605979919434,6.131441593170166,1.3227755176675529,1.3599082799799238,2.722276639958885,2.6768874030889496,0.5138463044736581,0.6666666666666666,1.0,3.701613924771473,5.7102543625237745,True
D2,24,66,Combination,h1_12,1,ARIMA,7.909605979919434,6.131441593170166,1.0476559439595523,1.1315010898574425,2.1636862273650825,2.132070537083354,0.5322489871429977,0.8333333333333334,1.0,5.122375246155569,7.78292136228354,True
D2,24,67,Combination,h1,1,ARIMA,7.909605979919434,6.131441593170166,0.98903618046397,0.741670209299387,1.6699763259228728,1.656147688760563,0.3207561031734165,1.0,1.0,2.2910698803821865,3.5277262437451595,True
D2,24,67,Combination,h1_6,1,ARIMA,7.909605979919434,6.131441593170166,1.082940312630129,0.9006980108906818,1.8519943044728915,1.8605728125479213,0.4223406535363614,0.8333333333333334,1.0,3.733658505947808,5.772703024150885,True
D2,24,67,Combination,h1_12,1,ARIMA,7.909605979919434,6.131441593170166,1.4247024712404526,1.2791942703157004,2.4298275979349646,2.4366074394752912,0.5681523397390403,0.8333333333333334,1.0,4.915786263883745,7.465192560251168,True
D2,24,68,Combination,h1,1,ARIMA,7.909605979919434,6.131441593170166,2.5023899866174193,2.038583870583681,4.118235965017002,4.204818131290176,1.0316800502020709,0.0,0.0,1.9003133729043513,2.9207822328907342,True
D2,24,68,Combination,h1_6,1,ARIMA,7.909605979919434,6.131441593170166,2.296257435356491,1.8800531888889547,3.7732110694616683,3.846553131868736,0.8344432694317427,0.0,0.16666666666666666,2.5645544347642804,3.920700977296157,True
D2,24,68,Combination,h1_12,1,ARIMA,7.909605979919434,6.131441593170166,1.5228804246473324,1.4126806398974392,2.4868015913143378,2.519861753432499,0.590121251687938,0.5,0.5833333333333334,3.128758530602742,4.741404004263449,True
D2,24,69,Combination,h1,1,ARIMA,7.909605979919434,6.131441593170166,0.5197627346681389,0.4525500036441271,1.1649064557658562,1.1581607113187085,0.19249598777396887,1.0,1.0,1.905626556022065,2.9349128897845893,True
D2,24,69,Combination,h1_6,1,ARIMA,7.909605979919434,6.131441593170166,1.4379762930527717,1.4346153046386516,3.1613043494504875,3.0978032435233036,0.5383688534426981,0.6666666666666666,0.8333333333333334,3.2679906477282414,5.050443499646927,True
D2,24,69,Combination,h1_12,1,ARIMA,7.909605979919434,6.131441593170166,1.1730218687888514,1.1878914416246495,2.5896918225725383,2.5457370385480673,0.50928236864719,0.8333333333333334,0.9166666666666666,4.280063186330927,6.5002070328443455,True
D2,24,70,Combination,h1,1,ARIMA,7.909605979919434,6.131441593170166,1.4585882153160539,1.173196032294198,2.2373102629774806,2.2125593542242172,0.4921885787990754,0.0,1.0,2.003458831434217,3.0863785587558557,True
D2,24,70,Combination,h1_6,1,ARIMA,7.909605979919434,6.131441593170166,3.5239432601845264,3.421351744563353,5.676005616652566,5.915850157034677,1.415263817091362,0.3333333333333333,0.5,3.340746643070945,5.16681139869515,True
D2,24,70,Combination,h1_12,1,ARIMA,7.909605979919434,6.131441593170166,4.036696571054084,3.6160885133571523,6.497710176622802,6.768948767158537,1.5517661240223022,0.25,0.4166666666666667,4.41127959780198,6.698724855062253,True
D2,24,71,Combination,h1,1,ARIMA,7.909605979919434,6.131441593170166,1.39708427997888,1.0821147638005995,2.7952785160629756,2.8349001941017526,0.4792989395458665,0.0,1.0,2.148327659989559,3.309329225920323,True
D2,24,71,Combination,h1_6,1,ARIMA,7.909605979919434,6.131441593170166,1.787112652044871,1.5230968129460676,3.4478389719580096,3.39107114484642,0.6467268202669751,0.3333333333333333,0.8333333333333334,3.48191579720146,5.387044332548883,True
D2,24,71,Combination,h1_12,1,ARIMA,7.909605979919434,6.131441593170166,2.6998769929395254,2.320447058401822,5.1424071901569555,4.992877565873586,0.9694711683904289,0.25,0.75,4.581489421014974,6.956689575650026,True
D2,24,72,Combination,h1,1,ARIMA,7.909605979919434,6.131441593170166,0.9774044051839916,0.8093166237564081,1.789482857482378,1.7736136018012734,0.31365830636931025,1.0,1.0,2.0932771979309925,3.222194868428707,True
D2,24,72,Combination,h1_6,1,ARIMA,7.909605979919434,6.131441593170166,2.5679277559106364,2.4505240740528413,4.595114679693952,4.461999468107921,0.9987316914033035,0.3333333333333333,0.5,3.76767890448665,5.814780574296838,True
D2,24,72,Combination,h1_12,1,ARIMA,7.909605979919434,6.131441593170166,2.9205153208800536,2.654077480948507,5.411439717294247,5.45663370671634,1.0469101304507449,0.5,0.6666666666666666,5.219920580785692,7.930546995237913,True
D2,24,73,Combination,h1,1,ARIMA,7.909605979919434,6.131441593170166,1.0581278556888236,0.8532851472149616,1.6661013320848006,1.6800973946208508,0.3492303210390142,0.0,1.0,2.088345666982844,3.2167484698583277,True
D2,24,73,Combination,h1_6,1,ARIMA,7.909605979919434,6.131441593170166,1.0492641932545888,1.0893834576471497,1.6586862676773868,1.6765090941729728,0.4588760240885306,0.6666666666666666,0.8333333333333334,3.3831496550999165,5.233865238708959,True
D2,24,73,Combination,h1_12,1,ARIMA,7.909605979919434,6.131441593170166,1.5474756138210095,1.518407646246322,2.397739676026395,2.3764312976573,0.6126770636555073,0.75,0.9166666666666666,4.478751426042266,6.800891697483336,True
D2,24,74,Combination,h1,1,ARIMA,7.909605979919434,6.131441593170166,0.05444401700306639,0.04540761853038031,0.10351491331859432,0.1034613643477829,0.14500093542029324,1.0,1.0,1.9179762731567882,2.954424937683263,True
D2,24,74,Combination,h1_6,1,ARIMA,7.909605979919434,6.131441593170166,1.1951758044762566,1.3543875739375066,2.346553031716945,2.398275617809725,0.47059238336305687,0.6666666666666666,1.0,3.377595403428491,5.218919140439236,True
D2,24,74,Combination,h1_12,1,ARIMA,7.909605979919434,6.131441593170166,1.3889521035017647,1.3783734505551493,2.719113130096217,2.7725577134968216,0.5272830081577842,0.8333333333333334,1.0,4.426918521573436,6.723462659796567,True
D2,24,75,Combination,h1,1,ARIMA,7.909605979919434,6.131441593170166,0.2643369339383647,0.2276927825076787,0.476414192995892,0.4775517551661483,0.1584213944840304,1.0,1.0,1.9434557809696131,2.9906340067880697,True
D2,24,75,Combination,h1_6,1,ARIMA,7.909605979919434,6.131441593170166,0.6005571627205292,0.6987488303927433,1.0943245437161029,1.1053513622570939,0.2817609508454348,0.8333333333333334,1.0,2.6128197353386797,4.000259015276124,True
D2,24,75,Combination,h1_12,1,ARIMA,7.909605979919434,6.131441593170166,0.8718865809703725,0.9443107809767196,1.5933294522937038,1.6134311638145853,0.3626516558028534,0.9166666666666666,1.0,3.2107779445785387,4.862397127271603,True
D2,24,76,Combination,h1,1,ARIMA,7.909605979919434,6.131441593170166,0.9486202421936171,0.7620155183689693,1.7874978943306863,1.7716636689422045,0.3048473769388916,1.0,1.0,2.0526363321307235,3.1596102055092294,True
D2,24,76,Combination,h1_6,1,ARIMA,7.909605979919434,6.131441593170166,0.953413356767546,0.8609770547796359,1.8062080406966279,1.785857968820898,0.36847334664042586,0.8333333333333334,1.0,2.864114696079489,4.349834689793232,True
D2,24,76,Combination,h1_12,1,ARIMA,7.909605979919434,6.131441593170166,1.0064393065830952,0.9328231410150479,1.9095204589244341,1.8904103485655503,0.4043464725699272,0.8333333333333334,1.0,3.49087266646783,5.292424316147762,True
D2,24,77,Combination,h1,1,ARIMA,7.909605979919434,6.131441593170166,1.0400810969898548,0.9130119942954198,2.2047428407882195,2.2293182075782036,0.34629201410022376,0.0,1.0,1.9402052322416152,2.9869969652124726,True
D2,24,77,Combination,h1_6,1,ARIMA,7.909605979919434,6.131441593170166,1.162335818237997,1.1762053683808633,2.4836862587386515,2.5217348841999434,0.4071200084269045,0.6666666666666666,1.0,3.139739371328384,4.853880470642022,True
D2,24,77,Combination,h1_12,1,ARIMA,7.909605979919434,6.131441593170166,1.0186008808507052,1.106244485974944,2.179193383770176,2.2142741139855677,0.444048264969217,0.8333333333333334,1.0,4.129015304661835,6.270498649552635,True
D2,24,78,Combination,h1,1,ARIMA,7.909605979919434,6.131441593170166,1.3340199920985374,0.9977996025469709,1.776833370175154,1.7927605540611014,0.4595389367690734,0.0,1.0,1.9952959677614317,3.0745487952537105,True
D2,24,78,Combination,h1_6,1,ARIMA,7.909605979919434,6.131441593170166,1.6049164238673685,1.2493052484422673,2.0957652911111535,2.0775476407384366,0.5745803657699827,0.5,0.8333333333333334,3.485474240983473,5.388534373280213,True
D2,24,78,Combination,h1_12,1,ARIMA,7.909605979919434,6.131441593170166,1.8251500318273854,1.4654524631557746,2.415982474575014,2.4286885108517406,0.6430249266886,0.6666666666666666,0.9166666666666666,4.716807904900527,7.163648301005258,True
D2,24,79,Combination,h1,1,ARIMA,7.909605979919434,6.131441593170166,0.4139434239923233,0.3324014321400892,0.6291379865580987,0.631123304784308,0.18626370954896362,1.0,1.0,2.016759773240776,3.1068037175262466,True
D2,24,79,Combination,h1_6,1,ARIMA,7.909605979919434,6.131441593170166,0.5231680335833633,0.5694731541235474,0.790864943348313,0.786830383482111,0.3258231940720737,0.8333333333333334,1.0,3.52775820062652,5.451955337481415,True
D2,24,79,Combination,h1_12,1,ARIMA,7.909605979919434,6.131441593170166,0.5547732376101966,0.5396540898191264,0.8411462884521033,0.8386169314475068,0.3890269535165101,0.9166666666666666,1.0,4.622324037897452,7.019998834702934,True
D2,24,80,Combination,h1,1,ARIMA,7.909605979919434,6.131441593170166,0.7194840029899259,0.5743814178889947,0.8869193730748306,0.8908700224839938,0.25141248446118936,1.0,1.0,2.1683544746229413,3.338406276782798,True
D2,24,80,Combination,h1_6,1,ARIMA,7.909605979919434,6.131441593170166,1.2635203243631883,1.2478945565884028,1.5622181763399867,1.5660992877469744,0.4821995184696949,0.8333333333333334,1.0,3.558952987328606,5.50117618717375,True
D2,24,80,Combination,h1_12,1,ARIMA,7.909605979919434,6.131441593170166,1.2958826549115265,1.2426099842471965,1.602395221481696,1.604096318822262,0.5365732120116942,0.8333333333333334,1.0,4.680328870116301,7.107928338753982,True
D2,24,81,Combination,h1,1,ARIMA,7.909605979919434,6.131441593170166,0.39944367493922345,0.35771814481827974,0.7397847020843953,0.7370583795158505,0.16821110840438014,1.0,1.0,1.8307692954997,2.8208788844371147,True
D2,24,81,Combination,h1_6,1,ARIMA,7.909605979919434,6.131441593170166,1.4505200459202987,1.5951063428528065,2.6435562213150487,2.5949922306376614,0.5390446543035149,0.6666666666666666,0.8333333333333334,3.041952963885931,4.706142213812697,True
D2,24,81,Combination,h1_12,1,ARIMA,7.909605979919434,6.131441593170166,1.0258701395997407,1.2069136491105834,1.876365278101545,1.8482714963898115,0.4777625317808525,0.8333333333333334,0.9166666666666666,4.009242723433811,6.087849734433197,True
D2,24,82,Combination,h1,1,ARIMA,7.909605979919434,6.131441593170166,0.9831524856995697,0.7979861944661485,1.9526785178659054,1.9337980879448053,0.3143354745304688,1.0,1.0,2.057666490979965,3.169232874996243,True
D2,24,82,Combination,h1_6,1,ARIMA,7.909605979919434,6.131441593170166,1.1319172675248914,1.1573660034540143,2.296356260925862,2.3299978161390222,0.43962952150617085,0.6666666666666666,1.0,3.4015409518321627,5.2600855487776546,True
D2,24,82,Combination,h1_12,1,ARIMA,7.909605979919434,6.131441593170166,1.1685076308763063,1.1407322363088073,2.36079854010375,2.3868119621384993,0.48665171631440546,0.8333333333333334,1.0,4.477087607250269,6.798771238244955,True
D2,24,83,Combination,h1,1,ARIMA,7.909605979919434,6.131441593170166,0.6501492585290236,0.49153842778408097,1.2066067978177708,1.1993709520982363,0.22817295435777293,1.0,1.0,2.1526099967936987,3.3114267256835666,True
D2,24,83,Combination,h1_6,1,ARIMA,7.909605979919434,6.131441593170166,1.3045990575455255,1.2364057617444504,2.484968137203667,2.529921179164508,0.4909878732252053,0.6666666666666666,0.8333333333333334,3.1772569752871433,4.89774941454468,True
D2,24,83,Combination,h1_12,1,ARIMA,7.909605979919434,6.131441593170166,0.8697050187600299,0.9380212396384522,1.6470856505626605,1.6665510550435574,0.4472611899967354,0.8333333333333334,0.9166666666666666,4.042424386389954,6.130926347147922,True
D2,24,84,Combination,h1,1,ARIMA,7.909605979919434,6.131441593170166,0.8608029820840117,0.6642555300589519,1.0922654832072831,1.0863326648418465,0.2837134985110482,1.0,1.0,2.2240490229323697,3.425226458722128,True
D2,24,84,Combination,h1_6,1,ARIMA,7.909605979919434,6.131441593170166,4.363671829358665,3.6422358490422333,5.359192874612132,5.197166555775329,1.7685577598457534,0.16666666666666666,0.16666666666666666,3.9108586998885846,6.0415317693414865,True
D2,24,84,Combination,h1_12,1,ARIMA,7.909605979919434,6.131441593170166,2.9606488911946216,2.7674534979957484,3.661269952408671,3.5794998056210545,1.2281897690925054,0.5833333333333334,0.5833333333333334,5.132036696058319,7.7947119245769585,True
D2,24,85,Combination,h1,1,ARIMA,7.909605979919434,6.131441593170166,0.6763692146580654,0.5094398696639115,0.9239366090333363,0.9196879422397273,0.24167074567381475,1.0,1.0,2.319729930113901,3.5715112861601725,True
D2,24,85,Combination,h1_6,1,ARIMA,7.909605979919434,6.131441593170166,1.027213017201074,1.0673477225008092,1.4327899933758341,1.448872086046013,0.43674206457043835,0.8333333333333334,1.0,3.8874227062060225,6.007169104679657,True
D2,24,85,Combination,h1_12,1,ARIMA,7.909605979919434,6.131441593170166,3.8552136645744306,3.766878600069855,5.585125170317171,5.864468091255307,1.5220209299293999,0.4166666666666667,0.5833333333333334,5.129768302504862,7.790952211164903,True
D2,24,86,Combination,h1,1,ARIMA,7.909605979919434,6.131441593170166,3.837327251864229,3.0702649915470985,5.988811657534613,6.17367658916996,1.6741997133101847,0.0,0.0,2.1266619718902042,3.2750449791684937,True
D2,24,86,Combination,h1_6,1,ARIMA,7.909605979919434,6.131441593170166,3.521921914360802,2.8936899147228137,5.5295700709762725,5.69621291609309,1.3361535520794685,0.0,0.5,3.5454862317067546,5.480950313027875,True
D2,24,86,Combination,h1_12,1,ARIMA,7.909605979919434,6.131441593170166,2.8944842590842152,2.5375394700496057,4.538375723134957,4.666293406556369,1.096895921752825,0.3333333333333333,0.6666666666666666,4.650352614229359,7.062216091730923,True
D2,24,87,Combination,h1,1,ARIMA,7.909605979919434,6.131441593170166,1.282738282717828,1.0800048809881857,3.0594137609750307,3.013318815719938,0.4244620192319074,0.0,1.0,1.98830969732076,3.0626167396273205,True
D2,24,87,Combination,h1_6,1,ARIMA,7.909605979919434,6.131441593170166,1.3729987441308376,1.2905363086911275,3.3654366548020946,3.389476722171582,0.4855036374106284,0.5,1.0,3.288926994990261,5.086350914541252,True
D2,24,87,Combination,h1_12,1,ARIMA,7.909605979919434,6.131441593170166,2.3030543400959305,2.1359333047547553,5.768142174768146,5.955555673848409,0.7710613632278204,0.3333333333333333,0.9166666666666666,4.347112120948696,6.601373035523358,True
D2,24,88,Combination,h1,1,ARIMA,7.909605979919434,6.131441593170166,0.5657740907181938,0.438509653049827,0.9948457300576913,0.9899216335067617,0.21335205824185585,1.0,1.0,2.1423895932330352,3.2989687020300007,True
D2,24,88,Combination,h1_6,1,ARIMA,7.909605979919434,6.131441593170166,1.2978275481467465,1.3293852590368698,2.384460788817508,2.4342809810957924,0.4951574705190661,0.6666666666666666,1.0,3.71131891683364,5.733410499802884,True
D2,24,88,Combination,h1_12,1,ARIMA,7.909605979919434,6.131441593170166,2.0435683842235792,1.9864138041564017,3.7900259515472996,3.907063456841018,0.7717784052168579,0.5,0.9166666666666666,4.8620596391767785,7.384599513100244,True
D2,24,89,Combination,h1,1,ARIMA,7.909605979919434,6.131441593170166,1.7153623728821505,1.4540216877319978,2.8819713853403965,2.92410735394912,0.6276550879118641,0.0,0.0,2.0011832971934385,3.081885578992162,True
D2,24,89,Combination,h1_6,1,ARIMA,7.909605979919434,6.131441593170166,1.8162777470185834,1.6877885196009286,3.0554944721089883,3.111524313932066,0.6370587513722009,0.5,0.8333333333333334,3.3097456627516877,5.117304318787696,True
D2,24,89,Combination,h1_12,1,ARIMA,7.909605979919434,6.131441593170166,1.2773858978235964,1.340568655336088,2.131952603669284,2.1537243131477335,0.5593399280624042,0.75,0.9166666666666666,4.341199824104221,6.5925432306972755,True
D2,24,90,Combination,h1,1,ARIMA,7.909605979919434,6.131441593170166,0.5773102494829851,0.4568425609209516,1.372863480138168,1.3635039562056745,0.20759156718038027,1.0,1.0,2.005951688986586,3.09061706200859,True
D2,24,90,Combination,h1_6,1,ARIMA,7.909605979919434,6.131441593170166,2.071359247588279,1.8463851051870388,4.728126288268638,4.5922023529243745,0.7389089263753829,0.3333333333333333,0.6666666666666666,3.485005202487081,5.387467674912395,True
D2,24,90,Combination,h1_12,1,ARIMA,7.909605979919434,6.131441593170166,1.7277488455152854,1.5715462291031503,3.9959859202140007,3.934837830042417,0.6602513086142928,0.6666666666666666,0.8333333333333334,4.5859281139142585,6.964436659733696,True
D2,24,91,Combination,h1,1,ARIMA,7.909605979919434,6.131441593170166,2.565447092655797,2.024474150516208,4.702614591456152,4.594581853135185,1.0609310367344147,0.0,0.0,1.8107335556052186,2.7830942506903655,True
D2,24,91,Combination,h1_6,1,ARIMA,7.909605979919434,6.131441593170166,1.2842302984739815,1.1686148825678622,2.3779000803516577,2.3495632752149302,0.4923717352810561,0.5,0.6666666666666666,2.4072366452455807,3.6209122485598892,True
D2,24,91,Combination,h1_12,1,ARIMA,7.909605979919434,6.131441593170166,0.9846922573377871,0.9518963999777006,1.8250499725634952,1.8079727393127274,0.4125008326024431,0.75,0.8333333333333334,2.8973608837493017,4.380962867323984,True
D2,24,92,Combination,h1,1,ARIMA,7.909605979919434,6.131441593170166,1.2753611676892838,1.0311654528417757,2.366631025987565,2.3389538225634112,0.41985655491927837,0.0,1.0,2.0433170197442165,3.1458591958438533,True
D2,24,92,Combination,h1_6,1,ARIMA,7.909605979919434,6.131441593170166,0.7005466923033276,0.6365462303750817,1.3026641037790685,1.300354240587193,0.3339134054298443,0.8333333333333334,1.0,3.414751837705523,5.276789159780007,True
D2,24,92,Combination,h1_12,1,ARIMA,7.909605979919434,6.131441593170166,0.8329516095168799,0.8634514088290159,1.5388677947204907,1.528824941698477,0.42984382303766233,0.9166666666666666,1.0,4.473017189364449,6.79335819268084,True
D2,24,93,Combination,h1,1,ARIMA,7.909605979919434,6.131441593170166,1.2501654228362538,0.9361190957100349,2.145846246105255,2.1691192278676272,0.42511772486824106,0.0,1.0,2.0109527684722113,3.0924192107936936,True
D2,24,93,Combination,h1_6,1,ARIMA,7.909605979919434,6.131441593170166,1.5556519648381861,1.3162351025710342,2.6782687745331133,2.7253182795022646,0.5389962957110686,0.5,0.8333333333333334,2.8883969500124462,4.344062371226996,True
D2,24,93,Combination,h1_12,1,ARIMA,7.909605979919434,6.131441593170166,1.7118998555205531,1.4970252895347524,2.9531610866751654,3.013926949042665,0.6213488650118232,0.5833333333333334,0.75,3.4659422706532856,5.2380046610896684,True
D2,24,94,Combination,h1,1,ARIMA,7.909605979919434,6.131441593170166,0.22812070340285134,0.19783628536671383,0.3899248351741436,0.39068652707251106,0.15132493668057242,1.0,1.0,1.873318362218753,2.885180939151878,True
D2,24,94,Combination,h1_6,1,ARIMA,7.909605979919434,6.131441593170166,1.9268261704933314,2.172998468031433,3.3898428614976455,3.491192232359227,0.768501428347879,0.5,0.6666666666666666,3.1856595801843666,4.923879006375044,True
D2,24,94,Combination,h1_12,1,ARIMA,7.909605979919434,6.131441593170166,2.2758213975738473,2.363286178993193,3.998390087260771,4.112049119812356,0.8649933402288202,0.5,0.75,4.182395659803654,6.351763506580311,True
D2,24,95,Combination,h1,1,ARIMA,7.909605979919434,6.131441593170166,0.13830815821464132,0.11864125758341476,0.2975047386980954,0.297062850669269,0.1578543463870837,1.0,1.0,2.029731502932175,3.124689173607097,True
D2,24,95,Combination,h1_6,1,ARIMA,7.909605979919434,6.131441593170166,1.173156574434474,1.1547158203000485,2.489177595010342,2.4492546581867547,0.44459810259050325,0.8333333333333334,1.0,3.653207089976737,5.638804393415748,True
D2,24,95,Combination,h1_12,1,ARIMA,7.909605979919434,6.131441593170166,1.1857702507492354,1.184823671998937,2.5286017162051566,2.4985616393076944,0.5251190188061596,0.9166666666666666,1.0,5.062511482380853,7.691243008946829,True
D2,24,96,Combination,h1,1,ARIMA,7.909605979919434,6.131441593170166,0.27845296152657145,0.2249093802299538,0.390770322611982,0.3900083042576016,0.17036196227694228,1.0,1.0,2.094490714438903,3.2227113030049,True
D2,24,96,Combination,h1_6,1,ARIMA,7.909605979919434,6.131441593170166,2.046388516124804,1.8848804889697177,2.8662408224733866,2.8465822150136244,0.7535878895338289,0.5,0.6666666666666666,3.327614670022047,5.1445614267223725,True
D2,24,96,Combination,h1_12,1,ARIMA,7.909605979919434,6.131441593170166,1.592185375373036,1.597134394802108,2.2461876887775043,2.244128105730631,0.6593317514435255,0.6666666666666666,0.8333333333333334,4.325951158966719,6.575617667342543,True
D2,24,97,Combination,h1,1,ARIMA,7.909605979919434,6.131441593170166,0.37012844040085063,0.3211008495180034,0.6748601266254901,0.6725906037255035,0.16225746827958606,1.0,1.0,1.8101506389347537,2.7877825863384125,True
D2,24,97,Combination,h1_6,1,ARIMA,7.909605979919434,6.131441593170166,1.2333165941540931,1.3571281569630034,2.309308739695572,2.3523401466530327,0.4645482312814827,0.6666666666666666,0.8333333333333334,2.5578674283562997,3.9652167465620325,True
D2,24,97,Combination,h1_12,1,ARIMA,7.909605979919434,6.131441593170166,1.1771961660816712,1.2263596266523353,2.1814088805991343,2.1994156252351487,0.4462129689106312,0.8333333333333334,0.9166666666666666,3.1022636851167937,4.707651694515289,True
D2,24,98,Combination,h1,1,ARIMA,7.909605979919434,6.131441593170166,1.2060056644959347,1.0230015906461896,2.8247341342658947,2.7853941446766326,0.3977110144566432,0.0,1.0,1.8951437751823692,2.920942281715267,True
D2,24,98,Combination,h1_6,1,ARIMA,7.909605979919434,6.131441593170166,2.6333868464793166,2.5394402500956117,5.9519551540048425,5.73395842504257,1.054239258042115,0.16666666666666666,0.5,3.3131813293303276,5.1237120580877535,True
D2,24,98,Combination,h1_12,1,ARIMA,7.909605979919434,6.131441593170166,2.287569926888547,2.184844765632024,5.2098490536845565,5.045628222622003,0.8834675392628392,0.5,0.75,4.375336557331757,6.6442518599342995,True
D2,24,99,Combination,h1,1,ARIMA,7.909605979919434,6.131441593170166,0.23852640786377519,0.1942268566817609,0.384567315449126,0.38530820014988687,0.1652321746149904,1.0,1.0,2.0529654217029134,3.1626502102971283,True
D2,24,99,Combination,h1_6,1,ARIMA,7.909605979919434,6.131441593170166,0.9798001837243785,0.86792530029471,1.558785618100441,1.544831880802334,0.3794152646841884,1.0,1.0,3.4583302023002043,5.347836682973963,True
D2,24,99,Combination,h1_12,1,ARIMA,7.909605979919434,6.131441593170166,2.0067752388986695,1.9895518139157193,3.2811377758880425,3.3502481992022983,0.6936345651843271,0.6666666666666666,1.0,4.555605207984986,6.9180364147731535,True
D2,24,100,Combination,h1,1,ARIMA,7.909605979919434,6.131441593170166,1.6750016645481307,1.386364459118759,2.904307951843617,2.8627366083650743,0.5783235584912029,0.0,0.0,2.101919967890925,3.236371384399343,True
D2,24,100,Combination,h1_6,1,ARIMA,7.909605979919434,6.131441593170166,1.6369815967409715,1.5244688098223018,2.9169504140415095,2.9357093947809805,0.5835880609087573,0.5,0.8333333333333334,3.4159501452986305,5.281468059961547,True
D2,24,100,Combination,h1_12,1,ARIMA,7.909605979919434,6.131441593170166,1.981672404529722,2.083488558139729,3.595982171593547,3.688160105250668,0.7506230791150716,0.5833333333333334,0.8333333333333334,4.492842545163031,6.82288977633286,True
D2,24,101,Combination,h1,1,ARIMA,7.909605979919434,6.131441593170166,1.569191383103965,1.2775605378815793,3.1171163386031417,3.166467577713887,0.5603684309524906,0.0,0.0,1.9475512193117699,2.997340524915634,True
D2,24,101,Combination,h1_6,1,ARIMA,7.909605979919434,6.131441593170166,1.0486554966794839,0.9827026789506267,2.046399904136835,2.044574554670548,0.39495358482986515,0.3333333333333333,0.8333333333333334,2.3747008071972204,3.6354662360136754,True
D2,24,101,Combination,h1_12,1,ARIMA,7.909605979919434,6.131441593170166,0.7876585326086395,0.7919571998265985,1.533638755444406,1.5286837499238497,0.3371488731674416,0.6666666666666666,0.9166666666666666,2.684973054218997,4.061447531499942,True
D2,24,102,Combination,h1,1,ARIMA,7.909605979919434,6.131441593170166,0.2732039067773853,0.22359367939962593,0.30502871189298353,0.3054946350681087,0.15594286308383784,1.0,1.0,1.9038936949902519,2.928664656648777,True
D2,24,102,Combination,h1_6,1,ARIMA,7.909605979919434,6.131441593170166,1.6261013372107294,1.6352243621597764,1.8368957106629058,1.8384048260648866,0.6164107519937086,0.5,0.6666666666666666,3.115879114419038,4.810760357889141,True
D2,24,102,Combination,h1_12,1,ARIMA,7.909605979919434,6.131441593170166,3.5577739301676736,3.4431921059751813,4.07325600509954,4.181476289443627,1.368477661244279,0.25,0.4166666666666667,4.217903904311804,6.407414586701304,True
D2,24,103,Combination,h1,1,ARIMA,7.909605979919434,6.131441593170166,0.8683210075270454,0.6995483536123979,1.231269613235511,1.2237358692831377,0.28316547131467024,1.0,1.0,2.068434867840195,3.1811310626307256,True
D2,24,103,Combination,h1_6,1,ARIMA,7.909605979919434,6.131441593170166,1.673656422404157,1.7377738323870298,2.3557672470716513,2.321676971481715,0.7042550079189582,0.6666666666666666,0.6666666666666666,3.393150721936479,5.237239810491794,True
D2,24,103,Combination,h1_12,1,ARIMA,7.909605979919434,6.131441593170166,1.3266414236191921,1.4073933907350058,1.88549966524456,1.8753087372840358,0.5983532692873934,0.8333333333333334,0.8333333333333334,4.441411643640528,6.746767808788223,True
D2,24,104,Combination,h1,1,ARIMA,7.909605979919434,6.131441593170166,0.6785838768467558,0.5599384548493053,1.2175956563367616,1.210227815679018,0.2310269399523809,1.0,1.0,2.098250211832616,3.2273397949730547,True
D2,24,104,Combination,h1_6,1,ARIMA,7.909605979919434,6.131441593170166,0.5431634614973821,0.5240027364756128,0.9837977944048837,0.9880140657171539,0.33045069991615306,1.0,1.0,3.778086674397323,5.8252004110216715,True
D2,24,104,Combination,h1_12,1,ARIMA,7.909605979919434,6.131441593170166,1.6992962861900514,1.7619065085666392,3.130933892353569,3.210022252867432,0.6369820812451932,0.8333333333333334,1.0,5.225737773579676,7.940656246865244,True
D2,24,105,Combination,h1,1,ARIMA,7.909605979919434,6.131441593170166,0.16829973167448345,0.13511571883417534,0.33615895100425147,0.33559488488192996,0.15384950492940644,1.0,1.0,1.9536548184475284,3.006549108970589,True
D2,24,105,Combination,h1_6,1,ARIMA,7.909605979919434,6.131441593170166,0.6788039223341646,0.6931587653691659,1.353003466367267,1.3411233727325613,0.2801097213353623,0.8333333333333334,1.0,2.5457595375501776,3.8218472372009327,True
D2,24,105,Combination,h1_12,1,ARIMA,7.909605979919434,6.131441593170166,1.274979629014424,1.2561023506283937,2.5335473241544295,2.490925787545951,0.46032297580338377,0.6666666666666666,0.9166666666666666,3.03743186306559,4.58733512643561,True
D2,24,106,Combination,h1,1,ARIMA,7.909605979919434,6.131441593170166,0.41905907865369973,0.32811287364725683,0.8192568352260692,0.8226265473347814,0.19559522599218304,1.0,1.0,2.1645895790808334,3.3332167619371593,True
D2,24,106,Combination,h1_6,1,ARIMA,7.909605979919434,6.131441593170166,0.9628159748213739,0.9433086976392159,1.883786362475574,1.9121807838009974,0.39880911222654913,0.8333333333333334,1.0,3.789059833624032,5.85277639656859,True
D2,24,106,Combination,h1_12,1,ARIMA,7.909605979919434,6.131441593170166,1.0439403526084143,1.02539357620792,2.0287789600941006,2.050480845506309,0.4819169982729802,0.9166666666666666,1.0,4.95477934798796,7.525557205781579,True
D2,24,107,Combination,h1,1,ARIMA,7.909605979919434,6.131441593170166,0.3501298537627211,0.2805588321864558,0.7306724004452746,0.7333515993124747,0.17624273799697326,1.0,1.0,2.0260180068486098,3.121921082055644,True
D2,24,107,Combination,h1_6,1,ARIMA,7.909605979919434,6.131441593170166,1.2541950300228346,1.2190267002731634,2.537035225507403,2.4929270024538956,0.47827332973193615,0.6666666666666666,1.0,3.321755552233701,5.140559030857504,True
D2,24,107,Combination,h1_12,1,ARIMA,7.909605979919434,6.131441593170166,1.5412213160232537,1.4591560606011715,3.1078420111265967,3.0438884382187528,0.604798524688639,0.6666666666666666,1.0,4.375508558671619,6.643640136842038,True
D2,24,108,Combination,h1,1,ARIMA,7.909605979919434,6.131441593170166,0.9334963243325708,0.808982534276669,1.756111071174727,1.7716672939211926,0.30687222308917395,0.0,1.0,1.8823436835622964,2.899287569212809,True
D2,24,108,Combination,h1_6,1,ARIMA,7.909605979919434,6.131441593170166,0.8409692090845176,0.9234751996821747,1.545796163467118,1.536230138018795,0.37522703885019926,0.6666666666666666,1.0,3.368009741727976,5.202358165891699,True
D2,24,108,Combination,h1_12,1,ARIMA,7.909605979919434,6.131441593170166,1.1162848318012693,1.2173659628713145,2.0302368557203696,2.0035855346221303,0.5019735978532633,0.75,1.0,4.407620668817217,6.69453016728937,True
D2,24,109,Combination,h1,1,ARIMA,7.909605979919434,6.131441593170166,0.2586705273466878,0.21264779128823752,0.31298433214708477,0.31249530148091925,0.16050786880810725,1.0,1.0,1.9778672748530977,3.0401298483563304,True
D2,24,109,Combination,h1_6,1,ARIMA,7.909605979919434,6.131441593170166,3.8849688056160905,3.626752118765826,4.850166305890549,5.007853200177783,1.5993739844360728,0.16666666666666666,0.16666666666666666,3.1431213622482033,4.737079425053354,True
D2,24,109,Combination,h1_12,1,ARIMA,7.909605979919434,6.131441593170166,3.8539719835079818,3.545862021287813,4.800719879657268,4.950791534441595,1.4886627030115038,0.25,0.3333333333333333,4.081839796518485,6.181558913055954,True
D2,24,110,Combination,h1,1,ARIMA,7.909605979919434,6.131441593170166,1.9252827140661475,1.48270923336162,2.720480375169496,2.683971910617786,0.6878595637879925,0.0,0.0,2.2317008332473307,3.4348707136229963,True
D2,24,110,Combination,h1_6,1,ARIMA,7.909605979919434,6.131441593170166,2.2183611924376536,1.963002672091272,3.2297349938037665,3.2801952871978535,0.7978127219493318,0.3333333333333333,0.5,3.6221879055615163,5.546768653946839,True
D2,24,110,Combination,h1_12,1,ARIMA,7.909605979919434,6.131441593170166,3.409031536980417,3.0017490729996292,5.052458711978369,5.2177590385264265,1.2322405766406679,0.3333333333333333,0.5,4.872958142004714,7.374016020979433,True
D2,24,111,Combination,h1,1,ARIMA,7.909605979919434,6.131441593170166,0.13549876050488374,0.09880146733050811,0.2875359703215871,0.2871231791120481,0.1768872431281279,1.0,1.0,2.288901216924952,3.5240095727945686,True
D2,24,111,Combination,h1_6,1,ARIMA,7.909605979919434,6.131441593170166,1.1781487670944515,1.093400735488282,2.445215598960304,2.3986875148875524,0.47787059033857826,0.8333333333333334,1.0,3.8289691495621576,5.9169093728143505,True
D2,24,111,Combination,h1_12,1,ARIMA,7.909605979919434,6.131441593170166,0.985052914127114,0.8835440985241203,2.059175674558503,2.034678174568569,0.49129833506475024,0.9166666666666666,1.0,5.017544870654333,7.6203541119016895,True
D2,24,112,Combination,h1,1,ARIMA,7.909605979919434,6.131441593170166,0.2722732110140199,0.23399020787267558,0.6807041988289715,0.6783952662977984,0.1503831370795054,1.0,1.0,1.8264010282835073,2.814793151384516,True
D2,24,112,Combination,h1_6,1,ARIMA,7.909605979919434,6.131441593170166,0.5388298882563717,0.5316577826663952,1.337194263500424,1.325574248954292,0.2273759874110338,1.0,1.0,2.226490602147707,3.3926830199653564,True
D2,24,112,Combination,h1_12,1,ARIMA,7.909605979919434,6.131441593170166,1.431299914750315,1.5853475514168478,3.478390541808977,3.3826717699469335,0.5555388338695657,0.6666666666666666,0.75,2.558957936508463,3.8661721392844854,True
D2,24,113,Combination,h1,1,ARIMA,7.909605979919434,6.131441593170166,2.081326850668872,1.8033896845831587,3.657331822020102,3.7254580025415756,0.8208914132133448,0.0,0.0,1.9113317609377156,2.9431149280204343,True
D2,24,113,Combination,h1_6,1,ARIMA,7.909605979919434,6.131441593170166,3.54071658858048,3.180584611779365,6.3596504136012895,6.58637832172239,1.3856624432487117,0.0,0.16666666666666666,3.1139333765084274,4.814775716928257,True
D2,24,113,Combination,h1_12,1,ARIMA,7.909605979919434,6.131441593170166,2.3112078999099928,2.452088874665207,4.137367871242044,4.27008266673179,0.9748220326298354,0.4166666666666667,0.5833333333333334,4.097648906433935,6.2226918010240935,True
D2,24,114,Combination,h1,1,ARIMA,7.909605979919434,6.131441593170166,0.678720264137179,0.5439026872085932,1.1573926815927065,1.150733429344768,0.23375197276019585,1.0,1.0,2.169284306967,3.3389927130859975,True
D2,24,114,Combination,h1_6,1,ARIMA,7.909605979919434,6.131441593170166,1.4113609677283314,1.4002852897619227,2.459044335387167,2.4962572785555914,0.5141530631156608,0.8333333333333334,1.0,3.9050956495914066,6.026395982451832,True
D2,24,114,Combination,h1_12,1,ARIMA,7.909605979919434,6.131441593170166,1.6886298155023454,1.6144155215268163,2.9591436191093483,3.0179677313883073,0.6496091222956789,0.8333333333333334,1.0,5.410397567955552,8.220044798452166,True
D2,24,115,Combination,h1,1,ARIMA,7.909605979919434,6.131441593170166,3.7649187017289076,3.0877428887921683,7.644022034514962,7.94778734236848,1.6596524717095744,0.0,0.0,1.9313613044893756,2.9700649945171325,True
D2,24,115,Combination,h1_6,1,ARIMA,7.909605979919434,6.131441593170166,2.281637141791238,2.1553424137545147,4.585001978108498,4.730371861667982,0.9343023059388676,0.3333333333333333,0.5,2.7260307203959315,4.143527020268695,True
D2,24,115,Combination,h1_12,1,ARIMA,7.909605979919434,6.131441593170166,2.324886932142003,2.074681704871345,4.6546840626521835,4.787655752542741,0.8663206631831216,0.3333333333333333,0.6666666666666666,3.3476598116504523,5.073415398937899,True
D2,24,116,Combination,h1,1,ARIMA,7.909605979919434,6.131441593170166,0.9434025090174736,0.7442787441346256,1.466692638830825,1.4560150063714639,0.30284283307732973,1.0,1.0,2.0301338692595574,3.125904340941515,True
D2,24,116,Combination,h1_6,1,ARIMA,7.909605979919434,6.131441593170166,2.561065601776959,2.1270038889957315,3.949453160297087,3.8651228713901262,0.9808500295538563,0.16666666666666666,0.3333333333333333,2.746100265250582,4.25889301670378,True
D2,24,116,Combination,h1_12,1,ARIMA,7.909605979919434,6.131441593170166,3.1037524432999053,2.6172922258699334,4.762714889216501,4.637302557576108,1.2036130198088795,0.16666666666666666,0.25,3.3258995823120507,5.046559724800706,True
D2,24,117,Combination,h1,1,ARIMA,7.909605979919434,6.131441593170166,1.8767117077235103,1.4250103751465906,3.247745308923797,3.1958487942756046,0.6672995228988684,0.0,0.0,2.1972072899130444,3.383520265702925,True
D2,24,117,Combination,h1_6,1,ARIMA,7.909605979919434,6.131441593170166,1.0674019084838589,1.1386836087698755,1.85801614561212,1.8254390584714846,0.4762218910983937,0.6666666666666666,0.8333333333333334,3.3045939724206272,5.1019488257988455,True
D2,24,117,Combination,h1_12,1,ARIMA,7.909605979919434,6.131441593170166,1.8279727175256835,1.6206768912506393,3.176598856993789,3.109812773718991,0.681428704469121,0.5,0.9166666666666666,4.23858393135843,6.425196078691158,True
D2,24,118,Combination,h1,1,ARIMA,7.909605979919434,6.131441593170166,0.4780414985766468,0.3816432356347471,0.8214362764049253,0.8180762887028891,0.19450502003022319,1.0,1.0,2.0638696862135912,3.1756744525126894,True
D2,24,118,Combination,h1_6,1,ARIMA,7.909605979919434,6.131441593170166,1.5591029427318508,1.348625792834814,2.7440263821901696,2.788099054453198,0.5224095505390808,0.6666666666666666,1.0,3.5923310903995502,5.543877854036004,True
D2,24,118,Combination,h1_12,1,ARIMA,7.909605979919434,6.131441593170166,1.6132055588205514,1.39676244500442,2.7960696976352737,2.7960963388623337,0.5755780716286234,0.8333333333333334,1.0,4.664429179991145,7.085590295104675,True
D2,24,119,Combination,h1,1,ARIMA,7.909605979919434,6.131441593170166,0.45383456394056787,0.3683823003948156,0.8298156714830945,0.8332729863967724,0.19700927073129598,1.0,1.0,2.0884765316097123,3.2164581705971576,True
D2,24,119,Combination,h1_6,1,ARIMA,7.909605979919434,6.131441593170166,1.102712711447156,1.130180228172586,1.9599680662158034,1.932083543807412,0.43488596804798724,0.6666666666666666,1.0,2.9159401035980514,4.521344388135319,True
D2,24,119,Combination,h1_12,1,ARIMA,7.909605979919434,6.131441593170166,1.1312137006304066,1.1257629980780952,2.011139323822812,1.9824300404112025,0.46652863509099013,0.8333333333333334,1.0,3.5831237376424045,5.437356567761959,True
D2,24,120,Combination,h1,1,ARIMA,7.909605979919434,6.131441593170166,0.5921992551101029,0.48987383606717894,1.3251944572149457,1.3164715531881153,0.2027378434505743,1.0,1.0,1.874488572364102,2.888694272967721,True
D2,24,120,Combination,h1_6,1,ARIMA,7.909605979919434,6.131441593170166,0.6994989919802109,0.6526223498980889,1.5646704337485526,1.555493270213068,0.2811732825978221,0.8333333333333334,1.0,2.4517388953818444,3.7955892520229924,True
D2,24,120,Combination,h1_12,1,ARIMA,7.909605979919434,6.131441593170166,0.8562890383050054,0.7816987375467037,1.9090177222768223,1.8912613440982902,0.34276900410099603,0.9166666666666666,1.0,2.9439135725784307,4.459069725442093,True
D2,24,121,Combination,h1,1,ARIMA,7.909605979919434,6.131441593170166,1.6034397903809512,1.2687437217224222,2.6436885490823956,2.6791021068914525,0.5610225526777332,0.0,1.0,2.100623157842031,3.236088212917364,True
D2,24,121,Combination,h1_6,1,ARIMA,7.909605979919434,6.131441593170166,1.0349912359179767,0.8905804148587193,1.6962956965632006,1.7111224541181813,0.40427523931500214,0.8333333333333334,1.0,3.446728950149357,5.3321223551508705,True
D2,24,121,Combination,h1_12,1,ARIMA,7.909605979919434,6.131441593170166,1.7306297285318,1.7175071620497688,2.764198779097797,2.7225747747535225,0.669089674216568,0.75,0.9166666666666666,4.550783041851497,6.910243472444012,True
D2,24,122,Combination,h1,1,ARIMA,7.909605979919434,6.131441593170166,0.07159907047367371,0.05737212224677138,0.08356662963150052,0.08353172730690883,0.15833092413452043,1.0,1.0,2.085919880916593,3.2118018287493344,True
D2,24,122,Combination,h1_6,1,ARIMA,7.909605979919434,6.131441593170166,0.8928802929623786,0.8603753213862264,1.0444176037148796,1.0454402946201313,0.3793860833862375,1.0,1.0,3.6510067877730172,5.638932523863041,True
D2,24,122,Combination,h1_12,1,ARIMA,7.909605979919434,6.131441593170166,1.0508104823251305,0.9841495261955803,1.234987760932591,1.2417616922761334,0.4601454860975414,1.0,1.0,4.773086912949243,7.249729451232097,True
D2,24,123,Combination,h1,1,ARIMA,7.909605979919434,6.131441593170166,0.06747576994760475,0.05058525232969398,0.1279246274020342,0.12784285615333704,0.1723607932845301,1.0,1.0,2.2785088638676765,3.508530945358603,True
D2,24,123,Combination,h1_6,1,ARIMA,7.909605979919434,6.131441593170166,1.0425940097543254,1.030636177616449,1.947764205706709,1.9155759203796512,0.45145481086799827,1.0,1.0,4.101351421386086,6.3324416074754915,True
D2,24,123,Combination,h1_12,1,ARIMA,7.909605979919434,6.131441593170166,1.1167392199828654,1.0194381295362545,2.094900646415076,2.06663582491461,0.5505516789879223,1.0,1.0,5.687900026516258,8.640940360460718,True
D2,24,124,Combination,h1,1,ARIMA,7.909605979919434,6.131441593170166,0.005752754822763598,0.004658177607604302,0.01127546372698897,0.011274828082413613,0.16011827391570524,1.0,1.0,2.159689922158196,3.325070431360028,True
D2,24,124,Combination,h1_6,1,ARIMA,7.909605979919434,6.131441593170166,2.9000454424269893,2.7157822022581763,5.4676837179049365,5.276754950740301,1.104527143182227,0.16666666666666666,0.5,3.887004304333625,6.000390754262851,True
D2,24,124,Combination,h1_12,1,ARIMA,7.909605979919434,6.131441593170166,2.7508169440985966,2.572608266570991,5.190292436802252,5.018739924846346,1.0581126670746215,0.3333333333333333,0.75,5.387723704555531,8.185162937405138,True
D2,24,125,Combination,h1,1,ARIMA,7.909605979919434,6.131441593170166,2.3313398207957006,1.985544508016767,4.237067139941562,4.32877366316374,0.9397234999374549,0.0,0.0,1.965216895632412,3.0262017067322793,True
D2,24,125,Combination,h1_6,1,ARIMA,7.909605979919434,6.131441593170166,1.2444275080369112,1.2455812569821132,2.246402369883463,2.27395685990394,0.5166030448172606,0.6666666666666666,0.6666666666666666,3.203798871905979,4.95393391569174,True
D2,24,125,Combination,h1_12,1,ARIMA,7.909605979919434,6.131441593170166,1.2999657926143462,1.2124647163305968,2.3388517276103205,2.3605670589460823,0.5161140859285163,0.8333333333333334,0.8333333333333334,4.212980374051836,6.397774058733362,True
D2,24,126,Combination,h1,1,ARIMA,7.909605979919434,6.131441593170166,1.5571783545996043,1.246552675125732,2.7403747468974666,2.7033340056893653,0.5402582102176128,0.0,0.0,1.9324445208794017,2.9755966414100294,True
D2,24,126,Combination,h1_6,1,ARIMA,7.909605979919434,6.131441593170166,1.1855297436036567,1.089612196070408,2.090322490761287,2.0635585574038684,0.48389454060099973,0.5,0.6666666666666666,3.3805012795305944,5.221423562158491,True
D2,24,126,Combination,h1_12,1,ARIMA,7.909605979919434,6.131441593170166,0.9796825695921388,0.9045997731656072,1.7384332116715215,1.7261790258392578,0.4697768613354712,0.75,0.8333333333333334,4.433245070437028,6.733538594444281,True
D2,24,127,Combination,h1,1,ARIMA,7.909605979919434,6.131441593170166,2.316623070932953,1.8858470407523258,3.260207320605942,3.2079149810799503,0.8995382087204649,0.0,0.0,2.0976725943587113,3.2302319111974533,True
D2,24,127,Combination,h1_6,1,ARIMA,7.909605979919434,6.131441593170166,1.9136399416500334,1.6937645861826478,2.714716378910965,2.672219067533063,0.7161691389724334,0.3333333333333333,0.6666666666666666,2.765214416767475,4.2913145068499725,True
D2,24,127,Combination,h1_12,1,ARIMA,7.909605979919434,6.131441593170166,1.6208043723667227,1.463847256461644,2.310916728052329,2.2865005601892694,0.6053905563382977,0.5833333333333334,0.8333333333333334,3.4261808838402517,5.1984955063948,True
D2,24,128,Combination,h1,1,ARIMA,7.909605979919434,6.131441593170166,1.029716387865904,0.7969899220686492,2.1269999682889646,2.14986376913282,0.34122746427936934,0.0,1.0,1.9614375149226546,3.017837650515563,True
D2,24,128,Combination,h1_6,1,ARIMA,7.909605979919434,6.131441593170166,0.7814478932012136,0.8769301169726998,1.620941259276704,1.6489987726497946,0.416796553599375,0.6666666666666666,0.8333333333333334,3.472807889056561,5.357719773036699,True
D2,24,128,Combination,h1_12,1,ARIMA,7.909605979919434,6.131441593170166,0.6144058652939813,0.7195301258200736,1.2690000188987625,1.2857621737941307,0.43166292593462957,0.8333333333333334,0.9166666666666666,4.552876407588165,6.916685884074512,True
D2,24,129,Combination,h1,1,ARIMA,7.909605979919434,6.131441593170166,0.2190290663128048,0.18142307838299077,0.513739479033378,0.5124232188459055,0.15028789466050171,1.0,1.0,1.8658484055397644,2.874177298875017,True
D2,24,129,Combination,h1_6,1,ARIMA,7.909605979919434,6.131441593170166,0.7890763214278405,0.8824920383144305,1.8756118024921113,1.9017469918482237,0.31976134438062814,0.8333333333333334,0.8333333333333334,2.016028211077942,3.012860380072371,True
D2,24,129,Combination,h1_12,1,ARIMA,7.909605979919434,6.131441593170166,0.7263212964156835,0.7693245565531696,1.7163817625728317,1.7294565527968875,0.2909794461053095,0.8333333333333334,0.9166666666666666,2.1135303103856553,3.1788576896149263,True
D2,24,130,Combination,h1,1,ARIMA,7.909605979919434,6.131441593170166,1.0055486123803898,0.7861814918726617,2.0875459132892202,2.109564982074964,0.3307020725571157,0.0,1.0,2.0240617931592304,3.117739976282677,True
D2,24,130,Combination,h1_6,1,ARIMA,7.909605979919434,6.131441593170166,1.9614204611332389,1.7375218754900952,3.936556329555898,3.847946308253329,0.7150166533575064,0.3333333333333333,0.8333333333333334,3.39539178280544,5.2499983797986145,True
D2,24,130,Combination,h1_12,1,ARIMA,7.909605979919434,6.131441593170166,2.890930168510427,2.6037401466148222,5.734723181730518,5.531713565457532,1.0832886884262607,0.3333333333333333,0.6666666666666666,4.492722811688262,6.82274353136645,True
D2,24,131,Combination,h1,1,ARIMA,7.909605979919434,6.131441593170166,1.510594850281806,1.3260276518369318,2.2238928271586156,2.2488993831950603,0.5279399070403571,0.0,1.0,1.9797880625142503,3.0472713283447517,True
D2,24,131,Combination,h1_6,1,ARIMA,7.909605979919434,6.131441593170166,1.541225269203821,1.4687698177308794,2.2448022214239662,2.250333018874385,0.5431374740757855,0.6666666666666666,1.0,3.5637851325155334,5.4995857193241715,True
D2,24,131,Combination,h1_12,1,ARIMA,7.909605979919434,6.131441593170166,2.40566561106534,2.517242853426428,3.557386101131043,3.634295077092573,0.8201461265439122,0.6666666666666666,0.9166666666666666,4.937040307566852,7.500888498076786,True
D2,24,132,Combination,h1,1,ARIMA,7.909605979919434,6.131441593170166,0.5427456726934672,0.4074485879697131,0.7980651428067531,0.8012624409284793,0.21593430190773427,1.0,1.0,2.161791451380844,3.3276425096927875,True
D2,24,132,Combination,h1_6,1,ARIMA,7.909605979919434,6.131441593170166,1.3204739329397914,1.2219701119099657,1.910757969437328,1.8911568658705553,0.49559740243676137,0.6666666666666666,1.0,3.1891826978936924,4.928512435376164,True
D2,24,132,Combination,h1_12,1,ARIMA,7.909605979919434,6.131441593170166,1.1217780655928915,1.0315205030806411,1.630741603760337,1.6213686498337518,0.4770200412385353,0.8333333333333334,1.0,4.105046636012008,6.227658987187086,True
D2,24,133,Combination,h1,1,ARIMA,7.909605979919434,6.131441593170166,2.1290831609992087,1.7678730417101811,2.7631522798393067,2.801862138619922,0.8463156306023862,0.0,0.0,1.898670263574717,2.92409697313453,True
D2,24,133,Combination,h1_6,1,ARIMA,7.909605979919434,6.131441593170166,1.6843673295135178,1.6355412575729722,2.1838108280108197,2.215604892582104,0.6686308106989433,0.5,0.5,2.3353794722436283,3.616143571325684,True
D2,24,133,Combination,h1_12,1,ARIMA,7.909605979919434,6.131441593170166,2.055395302880012,2.0146884685342727,2.61409945683805,2.604141091325743,0.8177352228282702,0.5,0.5,2.795554487559182,4.234646090167583,True
D2,24,134,Combination,h1,1,ARIMA,7.909605979919434,6.131441593170166,2.9388125416769757,2.454036582464571,6.6411028940501495,6.4276688432651286,1.247107240262112,0.0,0.0,1.803540660409267,2.776662576137282,True
D2,24,134,Combination,h1_6,1,ARIMA,7.909605979919434,6.131441593170166,2.226151543804145,1.992757486604991,5.083671047754947,4.940214253608763,0.8984553257416059,0.16666666666666666,0.16666666666666666,2.1267187280156725,3.1859648210393767,True
D2,24,134,Combination,h1_12,1,ARIMA,7.909605979919434,6.131441593170166,1.6913958656640498,1.6112978255164192,3.8843784491528504,3.7910029576063153,0.6596606167311574,0.25,0.5833333333333334,2.333305693797245,3.5166665129779457,True
D2,24,135,Combination,h1,1,ARIMA,7.909605979919434,6.131441593170166,1.1753512222644849,0.9404168190871333,2.2152409719608523,2.1909733028164946,0.380851024901113,0.0,1.0,2.0446441582203314,3.1481994265370905,True
D2,24,135,Combination,h1_6,1,ARIMA,7.909605979919434,6.131441593170166,2.850743262033523,2.4858504016600884,5.287455200371277,5.128195888864279,1.054268179793506,0.0,0.5,3.390853432540739,5.241107444596572,True
D2,24,135,Combination,h1_12,1,ARIMA,7.909605979919434,6.131441593170166,3.4694665888292877,2.9687825377129293,6.429435047756006,6.20313421434453,1.2498323583415785,0.08333333333333333,0.5,4.564006622316223,6.9317459812181665,True
D2,24,136,Combination,h1,1,ARIMA,7.909605979919434,6.131441593170166,0.9746421711596837,0.8420196945102527,1.493606727123565,1.482535105092748,0.30995505077246865,1.0,1.0,1.9417526546043378,2.987891177341787,True
D2,24,136,Combination,h1_6,1,ARIMA,7.909605979919434,6.131441593170166,3.2058241439295605,3.2580758262195415,5.12188822846964,5.302179229302658,1.2712181662871058,0.3333333333333333,0.5,2.9973847389149624,4.621944944358795,True
D2,24,136,Combination,h1_12,1,ARIMA,7.909605979919434,6.131441593170166,2.1590614484196724,2.4390206607249767,3.414754797881899,3.498316799920378,0.8810543747759315,0.6666666666666666,0.75,3.8610265548595284,5.859464061243512,True
D2,24,137,Combination,h1,1,ARIMA,7.909605979919434,6.131441593170166,0.8951692838773261,0.7254271594376782,1.1659482337449343,1.159190453436145,0.2906918519309489,1.0,1.0,2.0787807647594354,3.198341033253833,True
D2,24,137,Combination,h1_6,1,ARIMA,7.909605979919434,6.131441593170166,2.0985997167998023,2.084883407783184,2.800972767867525,2.8600993758205377,0.7208777138043726,0.6666666666666666,0.8333333333333334,3.742372329233764,5.77225849235858,True
D2,24,137,Combination,h1_12,1,ARIMA,7.909605979919434,6.131441593170166,3.5442223009836065,3.2466865857447327,4.769587073168943,4.919843359682622,1.2022957178583409,0.3333333333333333,0.8333333333333334,5.179390146439269,7.869751981657952,True
D2,24,138,Combination,h1,1,ARIMA,7.909605979919434,6.131441593170166,0.35514960888801067,0.26608319608566533,0.5926425455408089,0.594403890715173,0.1887775002254402,1.0,1.0,2.2334534470689458,3.437383337437644,True
D2,24,138,Combination,h1_6,1,ARIMA,7.909605979919434,6.131441593170166,1.3720999166695185,1.2186685895428135,2.3140964263577852,2.3525203830519774,0.48963568707851945,0.8333333333333334,1.0,3.5974543224421236,5.559471096900264,True
D2,24,138,Combination,h1_12,1,ARIMA,7.909605979919434,6.131441593170166,0.9802448648061401,0.9306944904259372,1.6453874692192973,1.6650873352334343,0.4758283303676956,0.9166666666666666,1.0,4.71261519880164,7.157167262122788,True
D2,24,139,Combination,h1,1,ARIMA,7.909605979919434,6.131441593170166,2.5081910371976224,1.8984109866041976,3.319293500812747,3.3753117526313785,0.9904588238477985,0.0,0.0,2.2905742200663317,3.525707756393182,True
D2,24,139,Combination,h1_6,1,ARIMA,7.909605979919434,6.131441593170166,1.8690955530600175,1.7730874131223615,2.4764626188015932,2.526145733509634,0.7105897402594973,0.6666666666666666,0.6666666666666666,3.8638361555485785,5.953250347775121,True
D2,24,139,Combination,h1_12,1,ARIMA,7.909605979919434,6.131441593170166,3.6841634228029783,3.2503715021215074,4.938964474333785,5.112311605844519,1.337411067004348,0.4166666666666667,0.5833333333333334,5.277919856317456,8.012374183955403,True
D2,24,140,Combination,h1,1,ARIMA,7.909605979919434,6.131441593170166,1.6675270642614977,1.3402932871746014,3.139108223133312,3.09059959019337,0.5837953370689396,0.0,0.0,2.0246605164475144,3.1184716783252044,True
D2,24,140,Combination,h1_6,1,ARIMA,7.909605979919434,6.131441593170166,1.9485553134883502,1.5890442793970272,3.6460533721945327,3.578998361999834,0.6872208824156077,0.3333333333333333,0.6666666666666666,3.2586706838791994,5.041403682086999,True
D2,24,140,Combination,h1_12,1,ARIMA,7.909605979919434,6.131441593170166,1.4889279001951312,1.3065454483566432,2.800287823923562,2.764452084790174,0.5915880133399123,0.6666666666666666,0.8333333333333334,4.309149581942087,6.543310224969611,True
D2,24,141,Combination,h1,1,ARIMA,7.909605979919434,6.131441593170166,0.8467154311970296,0.7671383490928085,1.9303900069852429,1.949203622961969,0.2770972648647572,1.0,1.0,1.7561662433982312,2.705125116103057,True
D2,24,141,Combination,h1_6,1,ARIMA,7.909605979919434,6.131441593170166,1.3294936979249241,1.2513291026765563,3.0518089386393994,3.1031166932517755,0.4383266522814182,0.6666666666666666,1.0,3.0557385043025564,4.72232112812563,True
D2,24,141,Combination,h1_12,1,ARIMA,7.909605979919434,6.131441593170166,0.8909436569704406,0.9556716545455796,2.0371286597227947,2.065079592305092,0.4184176283925236,0.8333333333333334,1.0,4.044475223154334,6.142609327890653,True
D2,24,142,Combination,h1,1,ARIMA,7.909605979919434,6.131441593170166,1.3219617481489592,1.0892663757858874,2.6022920430722114,2.5688673280349437,0.4362285575290503,0.0,1.0,2.0863049988546996,3.2127321821940957,True
D2,24,142,Combination,h1_6,1,ARIMA,7.909605979919434,6.131441593170166,1.4110078789095715,1.3335333128738402,2.7587650463784223,2.7098415348721416,0.5499371038009249,0.3333333333333333,0.8333333333333334,3.3951288151372205,5.250073824604894,True
D2,24,142,Combination,h1_12,1,ARIMA,7.909605979919434,6.131441593170166,1.1464792733171227,1.1425998979154635,2.245210576546704,2.209131852788939,0.5253340195040649,0.6666666666666666,0.9166666666666666,4.471860427939834,6.790869440930044,True
D2,24,143,Combination,h1,1,ARIMA,7.909605979919434,6.131441593170166,0.647525238790715,0.5002034204441774,1.2853818601868814,1.2936963291573271,0.22182570804445487,1.0,1.0,1.77749567721011,2.7338196089575098,True
D2,24,143,Combination,h1_6,1,ARIMA,7.909605979919434,6.131441593170166,1.2364758109512557,1.1631115436161832,2.4825942606164433,2.5294977365023215,0.48895414507766716,0.5,0.5,1.8298920571570148,2.7394731960092953,True
D2,24,143,Combination,h1_12,1,ARIMA,7.909605979919434,6.131441593170166,0.9308559753437784,0.9394925175342927,1.863288684800678,1.8933128846617309,0.37157061017520226,0.5833333333333334,0.75,1.9035915482415167,2.866135222175858,True
D2,24,144,Combination,h1,1,ARIMA,7.909605979919434,6.131441593170166,1.553613222327618,1.3163011427850282,2.7603948496338693,2.799026947482961,0.552983741613151,0.0,0.0,1.9424360733327017,2.988486810109805,True
D2,24,144,Combination,h1_6,1,ARIMA,7.909605979919434,6.131441593170166,1.3532963417999242,1.2543891656289117,2.3528517725894984,2.332908573510692,0.47998807877364885,0.16666666666666666,0.8333333333333334,2.728172330546233,4.155345942604616,True
D2,24,144,Combination,h1_12,1,ARIMA,7.909605979919434,6.131441593170166,1.2615794276796992,1.2542621531212435,2.190073255872145,2.1664066095496226,0.484547333558805,0.5,0.9166666666666666,3.459231260828727,5.238990946136392,True
D2,24,145,Combination,h1,1,ARIMA,7.909605979919434,6.131441593170166,0.5299914452505865,0.3935214741065589,0.907906492455328,0.9038036464626866,0.21621217690944713,1.0,1.0,2.2990638006004094,3.538201385065502,True
D2,24,145,Combination,h1_6,1,ARIMA,7.909605979919434,6.131441593170166,1.8335413242449579,1.5271375955667337,3.2156274205853244,3.274376892964074,0.6139403441071453,0.6666666666666666,1.0,4.118420646781662,6.3583188618988995,True
D2,24,145,Combination,h1_12,1,ARIMA,7.909605979919434,6.131441593170166,2.766651183462996,2.2632567494707923,4.91428924873301,5.062960694708401,0.9192811537339755,0.5,1.0,5.699931114639228,8.665617599474784,True
D2,24,146,Combination,h1,1,ARIMA,7.909605979919434,6.131441593170166,0.7369734505815742,0.607850248270407,1.4002092081638295,1.3904744326423186,0.24409854022784747,1.0,1.0,1.9480374230598516,2.9972400350418917,True
D2,24,146,Combination,h1_6,1,ARIMA,7.909605979919434,6.131441593170166,0.9209118533944685,0.7658590100853846,1.7640686467089697,1.7709959966130302,0.3205023136878662,1.0,1.0,2.9027086814116645,4.480441039449685,True
D2,24,146,Combination,h1_12,1,ARIMA,7.909605979919434,6.131441593170166,0.9310854189716531,0.9122504173915688,1.7660823304824227,1.756088796859933,0.3932406161132704,0.9166666666666666,1.0,3.7210247232013156,5.648449216511556,True
D2,24,147,Combination,h1,1,ARIMA,7.909605979919434,6.131441593170166,1.727393235981934,1.4534008617972145,3.09778464289701,3.0505351383756216,0.61877481535032,0.0,0.0,1.9941550309236793,3.0672231358713637,True
D2,24,147,Combination,h1_6,1,ARIMA,7.909605979919434,6.131441593170166,1.3758143218084258,1.2907752893884752,2.4991046129031207,2.494875972469941,0.5203912559302748,0.5,0.6666666666666666,3.1759128300415727,4.863194372312057,True
D2,24,147,Combination,h1_12,1,ARIMA,7.909605979919434,6.131441593170166,1.3760880004919442,1.3691206932101876,2.477158461809325,2.453788939142222,0.5554049333679293,0.6666666666666666,0.8333333333333334,4.246268463134544,6.4256834663616615,True
D2,24,148,Combination,h1,1,ARIMA,7.909605979919434,6.131441593170166,1.1435749248981877,0.9092893277209322,1.9590048177229935,1.9783831281194326,0.3794489069592654,0.0,1.0,2.1670130309611806,3.334830214580174,True
D2,24,148,Combination,h1_6,1,ARIMA,7.909605979919434,6.131441593170166,2.3060719750605667,2.0713311304367887,4.0073529345091945,4.113490201385973,0.7831877384961026,0.3333333333333333,0.8333333333333334,3.7243993046144985,5.734867691978707,True
D2,24,148,Combination,h1_12,1,ARIMA,7.909605979919434,6.131441593170166,2.940572105745424,2.6139768082852375,5.136834331743708,5.309214167482635,1.0093355076836839,0.3333333333333333,0.8333333333333334,5.108566823368344,7.752647085204835,True
D2,24,149,Combination,h1,1,ARIMA,7.909605979919434,6.131441593170166,0.9921299092785703,0.7385997603585888,1.7450703836225652,1.7299757365117043,0.3207294557500088,1.0,1.0,2.234441468197624,3.438228710822944,True
D2,24,149,Combination,h1_6,1,ARIMA,7.909605979919434,6.131441593170166,0.5463116461747156,0.4833770821835732,0.9669775407426856,0.9605558026387564,0.3097249476141528,1.0,1.0,3.4132236952204553,5.280906642765425,True
D2,24,149,Combination,h1_12,1,ARIMA,7.909605979919434,6.131441593170166,0.8131061102457241,0.74627246415502,1.4407085858462878,1.4301915861004646,0.40953279295623557,1.0,1.0,4.397521618584839,6.6877850383995785,True
D2,24,150,Combination,h1,1,ARIMA,7.909605979919434,6.131441593170166,3.5876640974872744,2.8731774265577323,5.193441305738142,5.061995425087605,1.5312350614173376,0.0,0.0,2.128728090282206,3.2780291498411693,True
D2,24,150,Combination,h1_6,1,ARIMA,7.909605979919434,6.131441593170166,2.257105439671626,2.0738187136950357,3.416957023952791,3.4488199912871713,0.8660805514280524,0.3333333333333333,0.5,2.9555122887015703,4.582222555317829,True
D2,24,150,Combination,h1_12,1,ARIMA,7.909605979919434,6.131441593170166,2.1739779584573746,2.0771580718713705,3.3220183241910144,3.3786228677076293,0.8482604843368239,0.4166666666666667,0.5833333333333334,3.581356450263683,5.434521467489393,True
D2,24,151,Combination,h1,1,ARIMA,7.909605979919434,6.131441593170166,0.4553812596283384,0.37602146452254787,0.9703229505538051,0.9656380467603077,0.1881225816162876,1.0,1.0,2.021027517890479,3.1135838066318517,True
D2,24,151,Combination,h1_6,1,ARIMA,7.909605979919434,6.131441593170166,1.5740554323248028,1.5528863678962241,3.434726829775446,3.51495368979221,0.552188882555347,0.6666666666666666,0.8333333333333334,3.4327336149728316,5.307891738134117,True
D2,24,151,Combination,h1_12,1,ARIMA,7.909605979919434,6.131441593170166,1.3230096033310288,1.3416014805363403,2.838767805694177,2.8603927620771468,0.5479467257787936,0.8333333333333334,0.9166666666666666,4.515810000071987,6.857662699964292,True
D2,24,152,Combination,h1,1,ARIMA,7.909605979919434,6.131441593170166,0.04498171298867205,0.03775759272420298,0.09204387581739627,0.0920015349281166,0.1457038852617201,1.0,1.0,1.9349917039821825,2.9798934828477615,True
D2,24,152,Combination,h1_6,1,ARIMA,7.909605979919434,6.131441593170166,1.7595311059010452,1.7053989729744259,3.7055501541663087,3.800115427167585,0.5927061908551065,0.5,1.0,3.3287176533036593,5.14350528640856,True
D2,24,152,Combination,h1_12,1,ARIMA,7.909605979919434,6.131441593170166,1.0810682253064174,1.2644167013612582,2.2701560543101342,2.321334004918552,0.5113392422096674,0.75,1.0,4.363775855744834,6.627542138683083,True
D2,24,153,Combination,h1,1,ARIMA,7.909605979919434,6.131441593170166,0.028352222202110536,0.024664699552241282,0.06819183458281536,0.06821509314455418,0.1355304772647018,1.0,1.0,1.8099838254196712,2.7874277029023404,True
D2,24,153,Combination,h1_6,1,ARIMA,7.909605979919434,6.131441593170166,0.47257567189890715,0.6178555996324179,1.112624018413501,1.1005077838509063,0.2615900511147849,0.8333333333333334,1.0,2.4514749801094458,3.802988603760346,True
D2,24,153,Combination,h1_12,1,ARIMA,7.909605979919434,6.131441593170166,0.6213751032286273,0.6585557011031864,1.4774831771279586,1.4750630824350874,0.2947260808804261,0.9166666666666666,1.0,2.9760452369253727,4.515508442113518,True
D2,24,154,Combination,h1,1,ARIMA,7.909605979919434,6.131441593170166,0.15889871074126238,0.13677047529798117,0.2940677479264347,0.29450076380831336,0.15357681801955206,1.0,1.0,1.957685358645877,3.0115841190232966,True
D2,24,154,Combination,h1_6,1,ARIMA,7.909605979919434,6.131441593170166,1.2445513975588554,1.3176586272755257,2.263014761687078,2.225862308236989,0.5074682251103925,0.5,1.0,3.5242392698953595,5.434824672302277,True
D2,24,154,Combination,h1_12,1,ARIMA,7.909605979919434,6.131441593170166,1.6674840503964325,1.7457501020283055,3.0189869484447875,2.9540200664274274,0.6669839303928069,0.5833333333333334,1.0,4.875366998389051,7.40802782970994,True
D2,24,155,Combination,h1,1,ARIMA,7.909605979919434,6.131441593170166,2.2598643353408927,1.8057016635872793,3.2342030337389382,3.287363031181175,0.8808006798535377,0.0,0.0,2.1645737491025714,3.3317839786784496,True
D2,24,155,Combination,h1_6,1,ARIMA,7.909605979919434,6.131441593170166,4.501498999114594,3.899074687250047,6.577112843054346,6.844558366232656,1.7714511785573455,0.0,0.16666666666666666,3.896056251791704,6.012553486603026,True
D2,24,155,Combination,h1_12,1,ARIMA,7.909605979919434,6.131441593170166,4.003193869979826,3.4721737136076434,5.819388545264319,6.028781338696358,1.4908726407135229,0.3333333333333333,0.4166666666666667,5.397171807004848,8.19992113154683,True
D2,24,156,Combination,h1,1,ARIMA,7.909605979919434,6.131441593170166,0.24841379547937492,0.20842103409430526,0.40370489957008415,0.4028916528987286,0.16368455321830733,1.0,1.0,2.0253062099313754,3.118854266082658,True
D2,24,156,Combination,h1_6,1,ARIMA,7.909605979919434,6.131441593170166,1.410945496080074,1.4102531528742919,2.294089226553438,2.2944209336704113,0.5460859616518507,0.6666666666666666,1.0,4.062112595351727,6.263482954266786,True
D2,24,156,Combination,h1_12,1,ARIMA,7.909605979919434,6.131441593170166,1.2504199495513053,1.260469733882312,2.031444631429677,2.031645996266768,0.5944516236002345,0.8333333333333334,1.0,5.727462416814914,8.703306838134,True
D2,24,157,Combination,h1,1,ARIMA,7.909605979919434,6.131441593170166,0.7016218709956427,0.5945173761352699,1.4416234742541312,1.4520903116542196,0.24106397214013156,1.0,1.0,1.939339569072958,2.986356138411077,True
D2,24,157,Combination,h1_6,1,ARIMA,7.909605979919434,6.131441593170166,1.3686247208175,1.3105296943262907,2.7953407290959214,2.819513570075853,0.5118882485383967,0.6666666666666666,0.8333333333333334,3.1721222861283325,4.904705431848486,True
D2,24,157,Combination,h1_12,1,ARIMA,7.909605979919434,6.131441593170166,1.3141101105366435,1.2712087667813805,2.652566939048285,2.6441942002949883,0.5315718717586857,0.8333333333333334,0.9166666666666666,4.158102189160657,6.3144416702556025,True
D2,24,158,Combination,h1,1,ARIMA,7.909605979919434,6.131441593170166,0.8574206797697884,0.6670936980796561,1.7186832401513135,1.733580619935989,0.28942321874826443,1.0,1.0,2.146871956785654,3.307235118394581,True
D2,24,158,Combination,h1_6,1,ARIMA,7.909605979919434,6.131441593170166,0.9871789415064858,0.8448190986709367,1.961263116868674,1.9729665640948888,0.3965035639834621,0.8333333333333334,1.0,3.4342903677054446,5.3148001704453405,True
D2,24,158,Combination,h1_12,1,ARIMA,7.909605979919434,6.131441593170166,0.9581692846757732,0.8618814689411736,1.908338049243716,1.9261549565916074,0.4412947872576521,0.9166666666666666,1.0,4.533738558429329,6.883916622285291,True
D2,24,159,Combination,h1,1,ARIMA,7.909605979919434,6.131441593170166,2.4307772837933888,2.061709386100968,4.034684423244707,3.9549005451203127,0.9633071757583878,0.0,0.0,2.045183055136673,3.1486802981860795,True
D2,24,159,Combination,h1_6,1,ARIMA,7.909605979919434,6.131441593170166,1.5558552787118651,1.5574628115714204,2.593891627947697,2.5480862363083125,0.6439624475844747,0.5,0.5,3.33070215728146,5.148760898006287,True
D2,24,159,Combination,h1_12,1,ARIMA,7.909605979919434,6.131441593170166,1.745204967249824,1.7109870083555199,2.9453984371387203,2.9257194412046093,0.6804685843459974,0.6666666666666666,0.75,4.3847361065887185,6.658940131968928,True
D2,24,160,Combination,h1,1,ARIMA,7.909605979919434,6.131441593170166,0.057663023294372354,0.046729684070634846,0.09590913622778507,0.09595515110608104,0.148700945239515,1.0,1.0,1.9648189860202936,3.0278712811342037,True
D2,24,160,Combination,h1_6,1,ARIMA,7.909605979919434,6.131441593170166,0.5759488848377012,0.6901280489106091,0.9563665311874954,0.9466383031411967,0.31606821146647635,1.0,1.0,3.271251253508748,5.061737694039752,True
D2,24,160,Combination,h1_12,1,ARIMA,7.909605979919434,6.131441593170166,0.8448048554715651,0.9589611813467745,1.4078614098506663,1.3894352760470698,0.4448782172316939,0.9166666666666666,1.0,4.471664171552516,6.79050072756548,True
D2,24,161,Combination,h1,1,ARIMA,7.909605979919434,6.131441593170166,0.30805442056697946,0.2310979866702246,0.5151113433873665,0.5137880531160816,0.16539111466180556,1.0,1.0,2.00408017201731,3.0852982091239043,True
D2,24,161,Combination,h1_6,1,ARIMA,7.909605979919434,6.131441593170166,2.0335317485109545,1.8327831470561966,3.500733064007202,3.592158675837635,0.7279639227759035,0.5,0.6666666666666666,3.2453874307904598,5.001673602280202,True
D2,24,161,Combination,h1_12,1,ARIMA,7.909605979919434,6.131441593170166,1.6477221818234336,1.4993748744417756,2.8210736781218566,2.878306864060822,0.6244423342549305,0.75,0.8333333333333334,4.249372958860875,6.445431200397684,True
D2,24,162,Combination,h1,1,ARIMA,7.909605979919434,6.131441593170166,0.7085963144469901,0.5228975314068275,1.1534954036593295,1.1601867541005364,0.2508024895752873,1.0,1.0,2.2756957463958303,3.502395934586592,True
D2,24,162,Combination,h1_6,1,ARIMA,7.909605979919434,6.131441593170166,2.015850260502432,1.9470848815684774,3.164666511984919,3.0847749767694497,0.7865469906407677,0.5,0.8333333333333334,3.765404984969637,5.816749286511745,True
D2,24,162,Combination,h1_12,1,ARIMA,7.909605979919434,6.131441593170166,1.4460436952454019,1.4588030419794042,2.288793772947689,2.250850324271432,0.6454970414301825,0.75,0.9166666666666666,4.945452051057193,7.511357439615983,True
D2,24,163,Combination,h1,1,ARIMA,7.909605979919434,6.131441593170166,2.722401017860575,2.1825778198419576,3.6775376570057188,3.746425766177184,1.1191179573336596,0.0,0.0,2.100164891144299,3.2307048981952255,True
D2,24,163,Combination,h1_6,1,ARIMA,7.909605979919434,6.131441593170166,1.1588306175815637,1.1845394354458048,1.5580164449400662,1.5781410260858002,0.5162889135794001,0.8333333333333334,0.8333333333333334,3.780749821855372,5.830259800057755,True
D2,24,163,Combination,h1_12,1,ARIMA,7.909605979919434,6.131441593170166,2.7817765091041786,2.8037924287855134,3.8129776344556867,3.9333211095222844,1.0416216121120494,0.5,0.6666666666666666,5.229988884880686,7.9468988202805,True
D2,24,164,Combination,h1,1,ARIMA,7.909605979919434,6.131441593170166,0.28852996091553973,0.2386542629880038,0.5378722210456762,0.5364295682291862,0.15462538884202395,1.0,1.0,1.8726116530032435,2.884010438329543,True
D2,24,164,Combination,h1_6,1,ARIMA,7.909605979919434,6.131441593170166,2.363057099022488,2.1556998330869104,4.255901661016575,4.149076433660217,0.9009735885329017,0.16666666666666666,0.5,2.877095333890691,4.440307731889375,True
D2,24,164,Combination,h1_12,1,ARIMA,7.909605979919434,6.131441593170166,2.091432977509898,2.031408960676053,3.7836293210506917,3.693465235865894,0.8140008836386313,0.5,0.6666666666666666,3.8120075061590546,5.780347365214095,True
D2,24,165,Combination,h1,1,ARIMA,7.909605979919434,6.131441593170166,0.934727624443178,0.8028187669165058,1.6322139076274822,1.6456441237564863,0.3073768291394146,1.0,1.0,2.009503446597121,3.0933901269960296,True
D2,24,165,Combination,h1_6,1,ARIMA,7.909605979919434,6.131441593170166,3.168129994091706,2.9811108300283666,5.7115988126224,5.916258588654228,1.2049439302554634,0.16666666666666666,0.3333333333333333,3.235146982290147,5.0012522071641685,True
D2,24,165,Combination,h1_12,1,ARIMA,7.909605979919434,6.131441593170166,3.489096684802361,3.1896439392472855,6.308943399106952,6.54437726816996,1.2854613674398905,0.16666666666666666,0.4166666666666667,4.223498061617054,6.423268715854524,True
D2,24,166,Combination,h1,1,ARIMA,7.909605979919434,6.131441593170166,0.6512417839208899,0.4666378030537265,0.9125921849318985,0.9167753952370544,0.24888357777515716,1.0,1.0,2.4157145395283885,3.7199445886017997,True
D2,24,166,Combination,h1_6,1,ARIMA,7.909605979919434,6.131441593170166,1.0742826676081298,0.8376586690072257,1.4904157048421143,1.483043382828358,0.4302950724884253,1.0,1.0,4.0227845734611165,6.2183710030683335,True
D2,24,166,Combination,h1_12,1,ARIMA,7.909605979919434,6.131441593170166,1.1375665517995805,0.9024744750381626,1.5764127077178804,1.5661912222284917,0.5142901117517742,1.0,1.0,5.305650207620325,8.057597663303408,True
D2,24,167,Combination,h1,1,ARIMA,7.909605979919434,6.131441593170166,0.9053863566812659,0.7357828092228188,1.6519938062006991,1.6384601758893207,0.2947956277872831,1.0,1.0,2.1533603542268267,3.3153043191836664,True
D2,24,167,Combination,h1_6,1,ARIMA,7.909605979919434,6.131441593170166,1.5635046640157297,1.429676533624913,2.9146031117524553,2.9578354852216355,0.5286168901635614,0.6666666666666666,1.0,3.876211700990098,5.983663359285464,True
D2,24,167,Combination,h1_12,1,ARIMA,7.909605979919434,6.131441593170166,1.7831574443861367,1.6125032025351551,3.3078825551307327,3.3446148068098918,0.6445560476576697,0.8333333333333334,1.0,5.373609858397856,8.163740269029864,True
D2,24,168,Combination,h1,1,ARIMA,7.909605979919434,6.131441593170166,1.3746558577876677,1.0994436609105742,2.7683210976943617,2.7305262308312717,0.45641112825865016,0.0,1.0,2.112079278333942,3.249405060206947,True
D2,24,168,Combination,h1_6,1,ARIMA,7.909605979919434,6.131441593170166,0.8165068997557386,0.7718264187253009,1.6575579281573574,1.6494425455055899,0.3798100375430178,0.6666666666666666,1.0,3.497342279941746,5.404226518512062,True
D2,24,168,Combination,h1_12,1,ARIMA,7.909605979919434,6.131441593170166,1.1139053705973727,1.0573644589545992,2.254934558603835,2.2390262755739037,0.48456917396887517,0.8333333333333334,1.0,4.588461974651752,6.979148968042008,True
D2,24,169,Combination,h1,1,ARIMA,7.909605979919434,6.131441593170166,0.6717764565669597,0.5521956731764072,1.7144882758404973,1.699915846893426,0.224792742126361,1.0,1.0,1.894265253088103,2.915497346038107,True
D2,24,169,Combination,h1_6,1,ARIMA,7.909605979919434,6.131441593170166,0.9724965217508491,1.0057945288620338,2.4620773372121194,2.4242739160784894,0.4001505167719579,0.6666666666666666,0.8333333333333334,2.5602482108218996,3.898501772041642,True
D2,24,169,Combination,h1_12,1,ARIMA,7.909605979919434,6.131441593170166,0.8093170658666309,0.8493818520511884,2.048063971902661,2.019145306476269,0.37381229074337685,0.8333333333333334,0.9166666666666666,3.1835683773851793,4.8139283825006745,True
D2,24,170,Combination,h1,1,ARIMA,7.909605979919434,6.131441593170166,0.991330925631442,0.7576671546596176,1.695129357251924,1.7096194881725806,0.32548240777925364,1.0,1.0,2.1027229031833405,3.2384448181998367,True
D2,24,170,Combination,h1_6,1,ARIMA,7.909605979919434,6.131441593170166,2.7008417555142006,2.172735654743468,4.688058412699125,4.813612623286829,1.0917038725840202,0.16666666666666666,0.16666666666666666,2.2847736150379565,3.415639307261816,True
D2,24,170,Combination,h1_12,1,ARIMA,7.909605979919434,6.131441593170166,2.180102632165951,1.853556813620667,3.775423998632693,3.8663152478340623,0.8626525329428328,0.25,0.4166666666666667,2.412827899139158,3.6286782651380376,True
D2,24,171,Combination,h1,1,ARIMA,7.909605979919434,6.131441593170166,0.7084635374225666,0.608159363264402,1.0706973162840163,1.0764601311515698,0.2432307831541744,1.0,1.0,1.948669405499054,3.0011329492835115,True
D2,24,171,Combination,h1_6,1,ARIMA,7.909605979919434,6.131441593170166,1.7738682554331786,1.8378160310514862,2.649774379043981,2.6488257040039427,0.6738527677414137,0.5,0.6666666666666666,3.2239337540374065,4.9848737593995045,True
D2,24,171,Combination,h1_12,1,ARIMA,7.909605979919434,6.131441593170166,1.5994122458725384,1.6422853677733829,2.376032144484809,2.361208690710606,0.6333378308449558,0.6666666666666666,0.8333333333333334,4.230342876784407,6.42414839532469,True
D2,24,172,Combination,h1,1,ARIMA,7.909605979919434,6.131441593170166,1.4069395189468306,1.177956317982765,2.5344558374559067,2.566985393026001,0.48712638002297165,0.0,1.0,1.991316425228022,3.064290853160887,True
D2,24,172,Combination,h1_6,1,ARIMA,7.909605979919434,6.131441593170166,1.2605336802342075,1.124304236406837,2.273236924664145,2.2907874057249837,0.46393811205219276,0.5,1.0,3.3331031658621564,5.1471248059023305,True
D2,24,172,Combination,h1_12,1,ARIMA,7.909605979919434,6.131441593170166,1.2264684076539034,1.1453408351416732,2.2181528314879695,2.238576852370553,0.49940890136772254,0.75,1.0,4.355895628717139,6.616247860146297,True
D2,24,173,Combination,h1,1,ARIMA,7.909605979919434,6.131441593170166,0.5820328304076513,0.5015405166682622,1.1129253443086464,1.1067666013045157,0.20477586909089393,1.0,1.0,1.940152878941516,2.988374169197298,True
D2,24,173,Combination,h1_6,1,ARIMA,7.909605979919434,6.131441593170166,0.38413243592181223,0.4223343573687317,0.7328354928856832,0.7285938475459289,0.27235483497855917,1.0,1.0,3.174863072070429,4.910619611833333,True
D2,24,173,Combination,h1_12,1,ARIMA,7.909605979919434,6.131441593170166,0.5436535989324215,0.615725264485467,1.0331163406836068,1.0241019777189284,0.3608042652727671,1.0,1.0,4.181159697717643,6.349146792784207,True
D2,24,174,Combination,h1,1,ARIMA,7.909605979919434,6.131441593170166,1.602650683251866,1.3314190396794459,2.5160763728640503,2.548132857249268,0.5613276604456575,0.0,0.0,2.0869895183429223,3.213449332243268,True
D2,24,174,Combination,h1_6,1,ARIMA,7.909605979919434,6.131441593170166,1.7591197894954378,1.5532526208126824,2.7719245477254923,2.8162030395048956,0.5898995911684293,0.5,0.8333333333333334,3.48770906841121,5.390318556310083,True
D2,24,174,Combination,h1_12,1,ARIMA,7.909605979919434,6.131441593170166,1.7519498668064242,1.5296545667744448,2.759601526657306,2.802460553345587,0.6013102889157463,0.75,0.9166666666666666,4.600556680348179,6.987001285934897,True
D2,24,175,Combination,h1,1,ARIMA,7.909605979919434,6.131441593170166,1.9046617525733356,1.6322087909180087,3.3881735591560505,3.4465612984633713,0.7321387797102638,0.0,0.0,1.9126003159666183,2.9436081177222286,True
D2,24,175,Combination,h1_6,1,ARIMA,7.909605979919434,6.131441593170166,2.387284855623849,2.228430102896609,4.286691218700361,4.396559220157228,0.9000062803882483,0.16666666666666666,0.5,3.338192330206018,5.153039078357816,True
D2,24,175,Combination,h1_12,1,ARIMA,7.909605979919434,6.131441593170166,2.4843926946032013,2.2479786965773543,4.354338965109378,4.3592645029538515,0.8901491734244692,0.4166666666666667,0.6666666666666666,4.3438204280423225,6.5982820615918065,True
D2,24,176,Combination,h1,1,ARIMA,7.909605979919434,6.131441593170166,1.54641233032555,1.2320994022537366,2.3936407271082105,2.4226353199520507,0.5379446665959987,0.0,1.0,2.1216843720793745,3.267262987007715,True
D2,24,176,Combination,h1_6,1,ARIMA,7.909605979919434,6.131441593170166,1.6348116680043037,1.519365441689185,2.530926339363618,2.565734544611967,0.6140441191066397,0.3333333333333333,0.6666666666666666,2.773100304323134,4.304369392337456,True
D2,24,176,Combination,h1_12,1,ARIMA,7.909605979919434,6.131441593170166,1.5071872333824592,1.4216188198374269,2.3071745339111964,2.3129748683302327,0.5806335258285668,0.5,0.8333333333333334,3.3751082768812104,5.120485534757416,True
D2,24,177,Combination,h1,1,ARIMA,7.909605979919434,6.131441593170166,0.517544516524548,0.40185303254351096,0.857200740513818,0.8608905204720678,0.2066194214763662,1.0,1.0,2.0718330521090813,3.190367627200572,True
D2,24,177,Combination,h1_6,1,ARIMA,7.909605979919434,6.131441593170166,2.8903277006967203,2.751695389507103,4.899271480473339,5.0882376204356685,1.1214189519302291,0.3333333333333333,0.5,3.5440622621826536,5.4761226836733305,True
D2,24,177,Combination,h1_12,1,ARIMA,7.909605979919434,6.131441593170166,2.634991791610205,2.459029254008706,4.440903871203739,4.5864372788016725,1.0021075756463722,0.5,0.6666666666666666,4.662192966191922,7.080860025234062,True
D2,24,178,Combination,h1,1,ARIMA,7.909605979919434,6.131441593170166,0.3505533470923348,0.2890011191232022,0.6135078986737161,0.615395649131474,0.17792328086493417,1.0,1.0,2.0607610840172375,3.1708349603265056,True
D2,24,178,Combination,h1_6,1,ARIMA,7.909605979919434,6.131441593170166,2.158355658531539,2.190272704393754,3.6691730998184715,3.571539443409978,0.8316566842939253,0.3333333333333333,0.5,3.3119741513851215,5.063392867299437,True
D2,24,178,Combination,h1_12,1,ARIMA,7.909605979919434,6.131441593170166,1.5296221180965777,1.7182823586259335,2.6162482232696864,2.5603105589062105,0.6780136340542049,0.5833333333333334,0.75,4.420659782199894,6.705907342158756,True
D2,24,179,Combination,h1,1,ARIMA,7.909605979919434,6.131441593170166,0.41175286357864843,0.3519880310654903,0.6325543280030458,0.6345613004880806,0.18752375509627608,1.0,1.0,2.048058758432956,3.152832289670155,True
D2,24,179,Combination,h1_6,1,ARIMA,7.909605979919434,6.131441593170166,1.5792394442146094,1.6039702508746054,2.4733752780236165,2.5176820567613003,0.5732836425114888,0.6666666666666666,0.6666666666666666,3.147567813246311,4.85679149034545,True
D2,24,179,Combination,h1_12,1,ARIMA,7.909605979919434,6.131441593170166,1.238542656151725,1.2814531641490794,1.923681902585159,1.9403538849826862,0.5094022421177719,0.8333333333333334,0.8333333333333334,4.070572127481495,6.176975009319701,True
D2,24,180,Combination,h1,1,ARIMA,7.909605979919434,6.131441593170166,0.7802197251294217,0.6208293108265074,1.0112868847096406,1.006199104918587,0.2603425660854574,1.0,1.0,2.162823292776485,3.3287244774127682,True
D2,24,180,Combination,h1_6,1,ARIMA,7.909605979919434,6.131441593170166,1.8384481971952726,1.7563008521543435,2.3971080999652434,2.403413085509544,0.6492985543572154,0.5,1.0,3.893024011286721,6.007055205997866,True
D2,24,180,Combination,h1_12,1,ARIMA,7.909605979919434,6.131441593170166,2.4395908413400478,2.1707387026553087,3.2172558032037264,3.2656712388116174,0.8211534045312879,0.5,1.0,5.391562814457857,8.191588830892167,True
D2,24,181,Combination,h1,1,ARIMA,7.909605979919434,6.131441593170166,1.187771909502759,0.8612477278391828,1.8389647017404254,1.8222098041950254,0.3780989284928775,0.0,1.0,2.233828731516168,3.4419369912017244,True
D2,24,181,Combination,h1_6,1,ARIMA,7.909605979919434,6.131441593170166,0.49240119808171195,0.5322382901783357,0.768563628174209,0.7695144244793752,0.345977115197085,0.8333333333333334,1.0,3.726438965551369,5.764781240485567,True
D2,24,181,Combination,h1_12,1,ARIMA,7.909605979919434,6.131441593170166,1.1325751019703825,1.0639661612728046,1.7402773235831277,1.7192031245934043,0.5217277498186779,0.8333333333333334,1.0,4.925179899345029,7.478788671468834,True
D2,24,182,Combination,h1,1,ARIMA,7.909605979919434,6.131441593170166,1.0933087700776043,0.8484913605911659,1.6940330113346933,1.679804787521397,0.3471677782734646,0.0,1.0,2.090805016731126,3.219534739562772,True
D2,24,182,Combination,h1_6,1,ARIMA,7.909605979919434,6.131441593170166,1.4393461541607568,1.2544675430167755,2.236737317730998,2.2056958594643685,0.5369279673686906,0.3333333333333333,0.8333333333333334,2.825210711006337,4.382136670963943,True
D2,24,182,Combination,h1_12,1,ARIMA,7.909605979919434,6.131441593170166,1.551396430706193,1.325628714250394,2.4488757816648485,2.451442506041193,0.5624564870117974,0.4166666666666667,0.9166666666666666,3.4251235951629617,5.197008970718926,True
D2,24,183,Combination,h1,1,ARIMA,7.909605979919434,6.131441593170166,3.52127921405682,2.9090737509333837,4.6859258593028805,4.57864979199781,1.5161503520358113,0.0,0.0,1.9880064437370417,3.0588370509208436,True
D2,24,183,Combination,h1_6,1,ARIMA,7.909605979919434,6.131441593170166,3.305153988005192,2.9331966918156076,4.395296491616818,4.28745339394957,1.3313826656520207,0.16666666666666666,0.5,3.3123479905153173,5.102176793034858,True
D2,24,183,Combination,h1_12,1,ARIMA,7.909605979919434,6.131441593170166,3.8889736147118255,3.357119746739126,5.167476601985603,5.026328533784646,1.4830578257104676,0.08333333333333333,0.5,4.504802206129324,6.83423880039512,True
D2,24,184,Combination,h1,1,ARIMA,7.909605979919434,6.131441593170166,2.787988667147321,2.311394593307647,5.036880313001253,4.913145679267212,1.1507643945993653,0.0,0.0,1.9710413182924393,3.035489229983909,True
D2,24,184,Combination,h1_6,1,ARIMA,7.909605979919434,6.131441593170166,3.182669187429886,2.6714097151402485,5.737304843274129,5.57373473762472,1.209030545357405,0.0,0.16666666666666666,3.447416572603007,5.32582869758349,True
D2,24,184,Combination,h1_12,1,ARIMA,7.909605979919434,6.131441593170166,2.5304853642174705,2.2276528749450977,4.5886880145723845,4.484898494774809,0.9553623009176875,0.4166666666666667,0.5833333333333334,4.503561113142184,6.8400307882297655,True
D2,24,185,Combination,h1,1,ARIMA,7.909605979919434,6.131441593170166,0.920182302318248,0.7556641508257423,1.6272076449364514,1.6140754652536262,0.29424134054770507,1.0,1.0,1.9299362329729666,2.97289246458536,True
D2,24,185,Combination,h1_6,1,ARIMA,7.909605979919434,6.131441593170166,1.3849609958943943,1.2249290733094111,2.517920690403523,2.5475377967810973,0.45578078259249083,0.6666666666666666,1.0,3.1975048406776945,4.945267827767772,True
D2,24,185,Combination,h1_12,1,ARIMA,7.909605979919434,6.131441593170166,1.6046193801090693,1.468617607986154,2.8445238997063416,2.838368906713642,0.5745753301073249,0.6666666666666666,1.0,4.360103312239213,6.621587832439703,True
D2,24,186,Combination,h1,1,ARIMA,7.909605979919434,6.131441593170166,1.6963880223111472,1.2491173157014532,2.2411237722167474,2.2665215488334076,0.5937767339705946,0.0,0.0,2.2090650460997345,3.3993855888672697,True
D2,24,186,Combination,h1_6,1,ARIMA,7.909605979919434,6.131441593170166,3.715980625548139,3.1732212349208506,4.741392137344494,4.604285570234277,1.573971008560467,0.16666666666666666,0.16666666666666666,3.173969959449658,4.884289556071634,True
D2,24,186,Combination,h1_12,1,ARIMA,7.909605979919434,6.131441593170166,4.284979344625779,3.4236794736541767,5.492443450215562,5.325447088037214,1.726550282931666,0.08333333333333333,0.16666666666666666,4.0793322102812475,6.170775345025434,True
D2,24,187,Combination,h1,1,ARIMA,7.909605979919434,6.131441593170166,1.3173814379025366,1.0644613598844122,1.8167157185904341,1.8333692724667898,0.4513179836821986,0.0,1.0,2.029212637662495,3.123354689060295,True
D2,24,187,Combination,h1_6,1,ARIMA,7.909605979919434,6.131441593170166,1.9513596910848467,1.6672327265236848,2.6171559179333617,2.594189920968491,0.6965339334380928,0.16666666666666666,0.6666666666666666,2.859039822028595,4.381369068200738,True
D2,24,187,Combination,h1_12,1,ARIMA,7.909605979919434,6.131441593170166,1.6970470990423139,1.5641791688305493,2.26921438967133,2.243656725768881,0.6507068600346576,0.4166666666666667,0.8333333333333334,3.5519104537805632,5.368390341522648,True
D2,24,188,Combination,h1,1,ARIMA,7.909605979919434,6.131441593170166,1.5022630449617516,1.197791048077583,3.1954272002558306,3.145176290907995,0.5060561085683724,0.0,1.0,2.092887560283635,3.2230730315615292,True
D2,24,188,Combination,h1_6,1,ARIMA,7.909605979919434,6.131441593170166,1.520186918213932,1.2922027143137162,3.2078344007402184,3.1506851603877424,0.556206133918537,0.3333333333333333,0.8333333333333334,2.778389035359885,4.311660822707794,True
D2,24,188,Combination,h1_12,1,ARIMA,7.909605979919434,6.131441593170166,1.4822202640525926,1.2378685889355239,3.1289465462239505,3.076349033359125,0.5506375849986799,0.5833333333333334,0.9166666666666666,3.378797275932917,5.126278734015814,True
D2,24,189,Combination,h1,1,ARIMA,7.909605979919434,6.131441593170166,2.0010805751440683,1.7567251516496125,2.95758922043304,3.001982373979093,0.7854743344548488,0.0,0.0,1.8723046229746811,2.8841858116485146,True
D2,24,189,Combination,h1_6,1,ARIMA,7.909605979919434,6.131441593170166,1.8419728606816315,1.7779501801613153,2.716818050972096,2.7574200487913094,0.7082467886898084,0.3333333333333333,0.5,3.0551278333090024,4.726338310065884,True
D2,24,189,Combination,h1_12,1,ARIMA,7.909605979919434,6.131441593170166,1.462413921563679,1.462871742933362,2.1353590825906137,2.1482887054769266,0.6098447589706497,0.6666666666666666,0.75,4.113518294811011,6.246599642625699,True
D2,24,190,Combination,h1,1,ARIMA,7.909605979919434,6.131441593170166,0.9720068368972622,0.7987638825579161,1.4909555027467252,1.5021537245547067,0.31860787047508465,1.0,1.0,2.0377553969123543,3.1387759707972798,True
D2,24,190,Combination,h1_6,1,ARIMA,7.909605979919434,6.131441593170166,3.80611280933484,3.3674432481314542,6.01427137656701,6.2328463381411074,1.4889043305009884,0.16666666666666666,0.3333333333333333,3.494271628837784,5.400972027899085,True
D2,24,190,Combination,h1_12,1,ARIMA,7.909605979919434,6.131441593170166,2.235094342822403,2.4228694599301557,3.5136058396154435,3.6225535809533462,0.975987803303551,0.5833333333333334,0.6666666666666666,4.587031590715234,6.966255304630095,True
D2,24,191,Combination,h1,1,ARIMA,7.909605979919434,6.131441593170166,0.2948296479448687,0.25664070643979864,0.6687034194498457,0.670946741350896,0.14828338667394234,1.0,1.0,1.7041145390748447,2.6257600330448994,True
D2,24,191,Combination,h1_6,1,ARIMA,7.909605979919434,6.131441593170166,0.8031898680957434,0.8116166901204627,1.8405030864556426,1.8458245276785499,0.31286456714130223,0.8333333333333334,0.8333333333333334,2.3774666371399302,3.689267404323797,True
D2,24,191,Combination,h1_12,1,ARIMA,7.909605979919434,6.131441593170166,0.8919700058341997,0.910930683622965,2.0573914476627415,2.078332944703046,0.3500439526453043,0.8333333333333334,0.9166666666666666,2.9633931545707197,4.4964817515592355,True
D2,24,192,Combination,h1,1,ARIMA,7.909605979919434,6.131441593170166,0.4744317114048408,0.36390870811188836,0.6817686519714522,0.6794525048797995,0.19957469772727754,1.0,1.0,2.1692013394983336,3.341006700104606,True
D2,24,192,Combination,h1_6,1,ARIMA,7.909605979919434,6.131441593170166,0.496085593932349,0.4478623016848442,0.7232353465604957,0.7236358335489809,0.319216991459667,1.0,1.0,3.7274286479208256,5.7606521067565755,True
D2,24,192,Combination,h1_12,1,ARIMA,7.909605979919434,6.131441593170166,0.9390938450631041,0.9771937388117657,1.3776571086447897,1.393331221076164,0.47197012043074527,1.0,1.0,4.9858448836299285,7.572463736782277,True
D2,24,193,Combination,h1,1,ARIMA,7.909605979919434,6.131441593170166,5.138629828573148,3.541671533945577,5.2834998615574635,5.426864038539024,2.286557643082037,0.0,0.0,2.4557788481266813,3.7794253195282552,True
D2,24,193,Combination,h1_6,1,ARIMA,7.909605979919434,6.131441593170166,4.599424120110542,3.4811045516596444,4.734299148683988,4.874669075509699,1.9081508493191435,0.16666666666666666,0.16666666666666666,3.7041965363292575,5.635060166204727,True
D2,24,193,Combination,h1_12,1,ARIMA,7.909605979919434,6.131441593170166,5.090078093125888,3.763093335963322,5.236792414434617,5.400712371226303,1.9761736777742613,0.08333333333333333,0.16666666666666666,4.826258086020775,7.296352994229843,True
D2,24,194,Combination,h1,1,ARIMA,7.909605979919434,6.131441593170166,0.4826541935639522,0.4070199090211876,0.994593010777615,0.9896714094436196,0.18481538736207537,1.0,1.0,1.8799277819375761,2.896500816411904,True
D2,24,194,Combination,h1_6,1,ARIMA,7.909605979919434,6.131441593170166,2.064616506046653,1.8969098342579838,4.159612902759326,4.060000059158618,0.738958080534028,0.5,0.6666666666666666,3.422709663031744,5.287655605571762,True
D2,24,194,Combination,h1_12,1,ARIMA,7.909605979919434,6.131441593170166,1.8055493120407853,1.7181402169504063,3.647901834747854,3.5656946249742907,0.694627099767969,0.6666666666666666,0.8333333333333334,4.524335581804414,6.871791750723468,True
D2,24,195,Combination,h1,1,ARIMA,7.909605979919434,6.131441593170166,0.02324150552745175,0.018993466768341044,0.05347160054001418,0.053485900423524024,0.14811317298940085,1.0,1.0,1.9836169756208986,3.0552182744215144,True
D2,24,195,Combination,h1_6,1,ARIMA,7.909605979919434,6.131441593170166,0.7771590784130886,0.7755926493929508,1.7759136805771882,1.7566645269161456,0.35874297627197516,0.8333333333333334,1.0,3.3472606157263534,5.174612754274586,True
D2,24,195,Combination,h1_12,1,ARIMA,7.909605979919434,6.131441593170166,0.6886277429908503,0.6786958997634035,1.5829168139698875,1.575552596912128,0.3998130922479083,0.9166666666666666,1.0,4.414854675020273,6.704657559683706,True
D2,24,196,Combination,h1,1,ARIMA,7.909605979919434,6.131441593170166,0.4322163922217564,0.3267126563489594,0.7032530441546683,0.7007888845727406,0.19209631131195606,1.0,1.0,2.159511025810726,3.3244328083701333,True
D2,24,196,Combination,h1_6,1,ARIMA,7.909605979919434,6.131441593170166,1.6281103998710211,1.4262038372938068,2.653247605272041,2.652394544395964,0.5806481960277579,0.5,1.0,3.4773565453216753,5.361413107367281,True
D2,24,196,Combination,h1_12,1,ARIMA,7.909605979919434,6.131441593170166,1.5818942531884517,1.4471942863705636,2.6028446657348363,2.627791962837447,0.6215426071698967,0.6666666666666666,0.9166666666666666,4.5287282303920495,6.869562188617697,True
D2,24,197,Combination,h1,1,ARIMA,7.909605979919434,6.131441593170166,0.6199237823222502,0.5196284408261933,1.1419070024650295,1.1354242579106453,0.21293601606097312,1.0,1.0,1.9740190087074858,3.0411577392093303,True
D2,24,197,Combination,h1_6,1,ARIMA,7.909605979919434,6.131441593170166,0.8812379801657912,0.853684006640442,1.6207483734162826,1.6098276530221247,0.35379073824993074,0.8333333333333334,1.0,3.2311880855099187,4.9991094936773965,True
D2,24,197,Combination,h1_12,1,ARIMA,7.909605979919434,6.131441593170166,1.2523185610456304,1.2410652179504904,2.297677943938263,2.292436324129191,0.4994635841599508,0.8333333333333334,1.0,4.37089071496916,6.637426056530212,True
D2,24,198,Combination,h1,1,ARIMA,7.909605979919434,6.131441593170166,0.8211318922559471,0.6181525506230098,1.7763144037276173,1.7922322434721405,0.27991090874327407,1.0,1.0,2.167665351807522,3.3399290043772134,True
D2,24,198,Combination,h1_6,1,ARIMA,7.909605979919434,6.131441593170166,1.3312770107575265,1.0614530344260766,2.8747613021254432,2.903231653498223,0.4533148346449098,1.0,1.0,3.615103445941889,5.592430481285337,True
D2,24,198,Combination,h1_12,1,ARIMA,7.909605979919434,6.131441593170166,0.9903558321829148,0.8484876038726306,2.135401434971505,2.153502664898642,0.46423798106709285,1.0,1.0,4.776471386112218,7.252996416934067,True
D2,24,199,Combination,h1,1,ARIMA,7.909605979919434,6.131441593170166,1.0359225060311827,0.8611270207606968,1.6053381573959,1.5925552091706934,0.32916758985659783,0.0,1.0,1.9803953955496456,3.048607409254465,True
D2,24,199,Combination,h1_6,1,ARIMA,7.909605979919434,6.131441593170166,1.9103234426325504,1.7549912513548596,2.915186980149885,2.864585652745077,0.7210049843303399,0.3333333333333333,0.5,2.6185562928927757,4.003514693995323,True
D2,24,199,Combination,h1_12,1,ARIMA,7.909605979919434,6.131441593170166,1.8239652951151084,1.7761037878127548,2.778284906268606,2.727845222834278,0.7076878043227942,0.5,0.5833333333333334,3.1856694269549504,4.819322382780714,True
D2,24,0,TimesFM3,h1,1,ARIMA,7.909605979919434,6.131441593170166,0.20028262887225065,0.16171562682575405,0.32846180478942005,0.3279232534710824,0.14257494222494552,1.0,1.0,1.7883704813353682,2.8817312703178195,True
D2,24,0,TimesFM3,h1_6,1,ARIMA,7.909605979919434,6.131441593170166,0.9558893662398792,1.0530512792449431,1.5696750256245036,1.547161243972578,0.386443326075054,0.6666666666666666,1.0,2.570630316602251,4.143170289028906,True
D2,24,0,TimesFM3,h1_12,1,ARIMA,7.909605979919434,6.131441593170166,1.5306706467676048,1.5740266969084329,2.4934968834815354,2.45186690936427,0.5751139419138426,0.5,0.8333333333333334,3.0012745471244693,4.87052552304706,True
D2,24,1,TimesFM3,h1,1,ARIMA,7.909605979919434,6.131441593170166,2.530237783065544,2.004122556960704,4.071258733933182,3.9900363815967475,0.9266390258040355,0.0,0.0,2.685837206502927,4.220512359372527,True
D2,24,1,TimesFM3,h1_6,1,ARIMA,7.909605979919434,6.131441593170166,1.9443862475043885,1.6752400322706176,3.2440981665278055,3.2800932962870406,0.7063525536940294,0.5,0.6666666666666666,3.7479974380630225,5.8813910458936585,True
D2,24,1,TimesFM3,h1_12,1,ARIMA,7.909605979919434,6.131441593170166,1.861505833237943,1.722132794807271,3.0768604654474716,3.06656787760297,0.7028049117127466,0.5,0.8333333333333334,4.271674940535975,6.782154836766318,True
D2,24,2,TimesFM3,h1,1,ARIMA,7.909605979919434,6.131441593170166,1.5552615274744155,1.219112876065384,3.337727027464734,3.2829392521083003,0.5303616241968043,0.0,1.0,2.2861464731785874,3.708933382111323,True
D2,24,2,TimesFM3,h1_6,1,ARIMA,7.909605979919434,6.131441593170166,2.2448165697792697,1.8749775622725153,4.7702692061326415,4.645573256957054,0.7915291633049686,0.0,0.6666666666666666,3.2599322216436963,5.19347924274052,True
D2,24,2,TimesFM3,h1_12,1,ARIMA,7.909605979919434,6.131441593170166,2.546815649747127,2.1619594380925053,5.404665657536131,5.240134849009583,0.9188945692074085,0.16666666666666666,0.6666666666666666,3.7331894139402766,5.969318046199051,True
D2,24,3,TimesFM3,h1,1,ARIMA,7.909605979919434,6.131441593170166,1.2220437361232062,0.945272835136771,1.751507895111869,1.7669823124659045,0.41767591181334474,0.0,1.0,2.1502525499016887,3.4975715031573316,True
D2,24,3,TimesFM3,h1_6,1,ARIMA,7.909605979919434,6.131441593170166,2.2729198308377025,2.1943063424096003,3.1080671707965077,3.0493030521029603,0.8666417816442261,0.3333333333333333,0.6666666666666666,3.463675458773969,5.597235124086049,True
D2,24,3,TimesFM3,h1_12,1,ARIMA,7.909605979919434,6.131441593170166,2.3524869521182863,2.1774964243472583,3.2039196439607607,3.139868523412708,0.8775526283625069,0.5,0.75,4.119377209686933,6.743738619136261,True
D2,24,4,TimesFM3,h1,1,ARIMA,7.909605979919434,6.131441593170166,0.49342526275234777,0.38678971639351073,0.8959768106583668,0.8919808399177772,0.22297279858270416,1.0,1.0,2.4429627627087123,3.9472785265396335,True
D2,24,4,TimesFM3,h1_6,1,ARIMA,7.909605979919434,6.131441593170166,0.9152639606077649,0.9029531153000838,1.698497276969453,1.712844981315716,0.3915042291945683,0.8333333333333334,1.0,3.469440323275339,5.596285903355636,True
D2,24,4,TimesFM3,h1_12,1,ARIMA,7.909605979919434,6.131441593170166,1.311218722200397,1.1865682751595388,2.469685239303912,2.5068921717817294,0.49233407879949537,0.75,1.0,3.838910056553237,6.339606133049325,True
D2,24,5,TimesFM3,h1,1,ARIMA,7.909605979919434,6.131441593170166,0.9465315668278549,0.7530294240973007,2.0651860281449697,2.0440790110744924,0.3134910579646798,1.0,1.0,2.1031644671483574,3.2935906904345034,True
D2,24,5,TimesFM3,h1_6,1,ARIMA,7.909605979919434,6.131441593170166,0.44531581906604506,0.42289144124172695,0.9835550478877803,0.9793505421935065,0.23621646219657513,1.0,1.0,2.5374366176494947,4.0233750536885395,True
D2,24,5,TimesFM3,h1_12,1,ARIMA,7.909605979919434,6.131441593170166,0.5566496854277476,0.543757940640105,1.2273099323117105,1.2174249555460996,0.2677467393414435,1.0,1.0,2.676309590797231,4.271954968570086,True
D2,24,6,TimesFM3,h1,1,ARIMA,7.909605979919434,6.131441593170166,0.08960690886970465,0.0712120981428185,0.16670904330593575,0.16657019951291535,0.15918243395151763,1.0,1.0,2.0925544482062035,3.3787190594079153,True
D2,24,6,TimesFM3,h1_6,1,ARIMA,7.909605979919434,6.131441593170166,0.4445540244150168,0.42457085125291866,0.8313858921670512,0.8277046969275516,0.25597961012489084,1.0,1.0,2.922342194404999,4.667358328389872,True
D2,24,6,TimesFM3,h1_12,1,ARIMA,7.909605979919434,6.131441593170166,1.483879884941959,1.591132541054914,2.841833293725367,2.8854296202899903,0.5915162931787636,0.6666666666666666,0.8333333333333334,3.2817491237461778,5.273911596802617,True
D2,24,7,TimesFM3,h1,1,ARIMA,7.909605979919434,6.131441593170166,0.7591236335092318,0.5968195477591447,1.7505988301057727,1.7660571177267346,0.260193924365554,1.0,1.0,2.156216249687075,3.425781080746616,True
D2,24,7,TimesFM3,h1_6,1,ARIMA,7.909605979919434,6.131441593170166,0.5795162491870588,0.5742000728918165,1.3607210359965185,1.374373429005961,0.2938350373802941,0.8333333333333334,1.0,2.9341172921406895,4.68328595884747,True
D2,24,7,TimesFM3,h1_12,1,ARIMA,7.909605979919434,6.131441593170166,0.6074648538419615,0.6224642568595322,1.4237058651834424,1.4355828229486312,0.315275658279747,0.9166666666666666,1.0,3.2401704957670585,5.182378978561516,True
D2,24,8,TimesFM3,h1,1,ARIMA,7.909605979919434,6.131441593170166,0.4292614654808671,0.3623716782402195,1.166306212561696,1.1731474584066492,0.21226298755042183,1.0,1.0,2.4572575709913362,3.9146956657554335,True
D2,24,8,TimesFM3,h1_6,1,ARIMA,7.909605979919434,6.131441593170166,0.9724483246038967,0.9155553976142509,2.652930536133817,2.697594294127237,0.3797489984972309,1.0,1.0,3.572232040162144,5.689020442790802,True
D2,24,8,TimesFM3,h1_12,1,ARIMA,7.909605979919434,6.131441593170166,0.7750069371474605,0.7690894816481867,2.101780788693709,2.1299780819642855,0.3892408527125424,1.0,1.0,4.154929600838137,6.718968716444673,True
D2,24,9,TimesFM3,h1,1,ARIMA,7.909605979919434,6.131441593170166,1.3480259331803424,1.1009042484160032,2.7229938441110977,2.6864183410837073,0.512187074101176,0.0,0.0,1.4174584553698337,2.2098202798647257,True
D2,24,9,TimesFM3,h1_6,1,ARIMA,7.909605979919434,6.131441593170166,1.9344763407739312,1.8008006512081838,3.91976593893912,3.8668169430422594,0.7979568404215077,0.16666666666666666,0.3333333333333333,1.692385749717743,2.6505000431629404,True
D2,24,9,TimesFM3,h1_12,1,ARIMA,7.909605979919434,6.131441593170166,1.3893730876647363,1.426464501201473,2.826040833873752,2.8017431364325445,0.5719696690457882,0.4166666666666667,0.5833333333333334,1.8982322616949356,3.022468034403399,True
D2,24,10,TimesFM3,h1,1,ARIMA,7.909605979919434,6.131441593170166,1.326006400369013,1.034195280045436,2.1187579341069287,2.0965475503245163,0.4566869333965362,0.0,1.0,1.8729926786723443,3.00966379750699,True
D2,24,10,TimesFM3,h1_6,1,ARIMA,7.909605979919434,6.131441593170166,0.6463590304101008,0.6061879301364761,1.0340440761347298,1.0272460722986863,0.30153329726884526,0.8333333333333334,1.0,2.795814616067532,4.522433569611345,True
D2,24,10,TimesFM3,h1_12,1,ARIMA,7.909605979919434,6.131441593170166,0.6405306421417025,0.5988821290081593,1.0266797920340336,1.021375533542401,0.31683449716065665,0.9166666666666666,1.0,3.206911432233563,5.262868127024473,True
D2,24,11,TimesFM3,h1,1,ARIMA,7.909605979919434,6.131441593170166,2.4769122099843592,1.9863305828292854,5.52173136405768,5.373379571502908,0.8997058833521973,0.0,0.0,2.242807491625272,3.8908509956719346,True
D2,24,11,TimesFM3,h1_6,1,ARIMA,7.909605979919434,6.131441593170166,3.561267813299771,2.937452428235907,7.759058918014537,7.45528105119409,1.248040511454807,0.0,0.6666666666666666,3.837568109726832,6.571328000781764,True
D2,24,11,TimesFM3,h1_12,1,ARIMA,7.909605979919434,6.131441593170166,3.274572228052108,2.743264416760544,7.079165207582318,6.817232371097415,1.132268797827445,0.4166666666666667,0.8333333333333334,5.2706988882053585,8.917501631928648,True
D2,24,12,TimesFM3,h1,1,ARIMA,7.909605979919434,6.131441593170166,0.29595899476842075,0.26385041325802344,0.6253350954557937,0.6272964478763529,0.16248182749869866,1.0,1.0,1.9754807800936252,3.1241118004370496,True
D2,24,12,TimesFM3,h1_6,1,ARIMA,7.909605979919434,6.131441593170166,1.3097850908494564,1.4078452894599889,2.7671003466157464,2.8243234289334853,0.49800484327964245,0.5,0.6666666666666666,2.4370085547969604,3.8775043943510297,True
D2,24,12,TimesFM3,h1_12,1,ARIMA,7.909605979919434,6.131441593170166,0.9516608872144221,1.1325764795971798,1.9890891587139132,2.0102937745985394,0.4003532751862795,0.6666666666666666,0.8333333333333334,2.6391740763336227,4.234651626531574,True
D2,24,13,TimesFM3,h1,1,ARIMA,7.909605979919434,6.131441593170166,1.0341700660906585,0.7672458708060012,1.770729376137767,1.7551895476739854,0.37553430130481813,1.0,1.0,3.5203545888092522,5.418366592801668,True
D2,24,13,TimesFM3,h1_6,1,ARIMA,7.909605979919434,6.131441593170166,0.6505459392213834,0.5782733437680162,1.1315807099760564,1.1226821079116462,0.4011804341464117,1.0,1.0,4.544502922506056,7.251506897382756,True
D2,24,13,TimesFM3,h1_12,1,ARIMA,7.909605979919434,6.131441593170166,0.5362393918726256,0.49888268812772496,0.9424354911795169,0.9388435679373077,0.4245773180499024,1.0,1.0,5.138636062062499,8.411975937480854,True
D2,24,14,TimesFM3,h1,1,ARIMA,7.909605979919434,6.131441593170166,0.8025559988092462,0.6561477785684832,1.3549234379107118,1.3641651344801506,0.26392705584650533,1.0,1.0,1.8521661630634854,2.8926238155617296,True
D2,24,14,TimesFM3,h1_6,1,ARIMA,7.909605979919434,6.131441593170166,1.9887952186727746,1.700321159013232,3.3963560142656646,3.4608136457884147,0.7002296958733096,0.16666666666666666,0.3333333333333333,2.345262847719502,3.704556527190193,True
D2,24,14,TimesFM3,h1_12,1,ARIMA,7.909605979919434,6.131441593170166,2.2490266579887654,2.0376583814973497,3.7920258013289057,3.8122136318376314,0.8400947067973682,0.25,0.4166666666666667,2.57740398396955,4.129990246072211,True
D2,24,15,TimesFM3,h1,1,ARIMA,7.909605979919434,6.131441593170166,2.082174120809216,1.5570593326636275,3.632313843251742,3.56752204470628,0.7924876448803078,0.0,0.0,1.8338688884320429,2.942493892978512,True
D2,24,15,TimesFM3,h1_6,1,ARIMA,7.909605979919434,6.131441593170166,4.83742177349298,3.809579544949506,8.237843253296079,7.88038725219245,2.050595468255788,0.0,0.0,2.5886704181187494,4.188755572745005,True
D2,24,15,TimesFM3,h1_12,1,ARIMA,7.909605979919434,6.131441593170166,3.176634541812379,2.886888675591506,5.41716804523125,5.21126990547058,1.3249487309095032,0.3333333333333333,0.4166666666666667,3.0459800666111345,4.946883093921233,True
D2,24,16,TimesFM3,h1,1,ARIMA,7.909605979919434,6.131441593170166,0.445538394954782,0.3685072081839914,1.0329700440294032,1.0276623220590797,0.18477247898020047,1.0,1.0,1.936668935385455,3.0578709574043184,True
D2,24,16,TimesFM3,h1_6,1,ARIMA,7.909605979919434,6.131441593170166,1.106980889541311,1.1304570951467925,2.5570993750610835,2.5085800678611347,0.42192031070769503,0.5,0.8333333333333334,2.3028191003244536,3.62971882742492,True
D2,24,16,TimesFM3,h1_12,1,ARIMA,7.909605979919434,6.131441593170166,1.0006260445447623,0.98620755433411,2.3457808359456394,2.3356814268433683,0.3782138540903432,0.5833333333333334,0.9166666666666666,2.486921698554828,3.9305638009286303,True
D2,24,17,TimesFM3,h1,1,ARIMA,7.909605979919434,6.131441593170166,0.03218383516432559,0.027064551197490325,0.07117740735976497,0.07120274749458275,0.14189974208197367,1.0,1.0,1.9173143617949004,3.0037216392859043,True
D2,24,17,TimesFM3,h1_6,1,ARIMA,7.909605979919434,6.131441593170166,1.1306237672740553,1.2527159844840743,2.4843630570700075,2.4419773039984687,0.4656032758109834,0.6666666666666666,0.6666666666666666,2.378431934200527,3.776115034658175,True
D2,24,17,TimesFM3,h1_12,1,ARIMA,7.909605979919434,6.131441593170166,1.2750010253746014,1.352905238360849,2.8635127142311836,2.8808497674310147,0.4977678712372608,0.6666666666666666,0.75,2.6141022283890996,4.18052219330518,True
D2,24,18,TimesFM3,h1,1,ARIMA,7.909605979919434,6.131441593170166,0.5801596706382603,0.3968340848093106,1.0288095871070375,1.0235444255180228,0.2145806714334137,1.0,1.0,1.6042363633326233,2.798878349243449,True
D2,24,18,TimesFM3,h1_6,1,ARIMA,7.909605979919434,6.131441593170166,0.8373193678814034,0.6717544488018884,1.4519555517071,1.4645953252195183,0.30891590533031477,0.8333333333333334,1.0,2.2877075114482786,3.8636826427120625,True
D2,24,18,TimesFM3,h1_12,1,ARIMA,7.909605979919434,6.131441593170166,2.081840264145332,1.702668566756676,3.498786284234541,3.587180176796346,0.7060126298880374,0.4166666666666667,0.8333333333333334,2.4397571259355373,4.248617894326233,True
D2,24,19,TimesFM3,h1,1,ARIMA,7.909605979919434,6.131441593170166,1.6399663750800189,1.3818698612573204,2.673496948095474,2.638230442908038,0.6047338495560162,0.0,0.0,1.8037422708555284,2.960208563985299,True
D2,24,19,TimesFM3,h1_6,1,ARIMA,7.909605979919434,6.131441593170166,1.6330310427922266,1.6014159243621222,2.6514597566989524,2.605024355059196,0.6327006409035915,0.3333333333333333,0.6666666666666666,2.48152635111722,4.073793438794828,True
D2,24,19,TimesFM3,h1_12,1,ARIMA,7.909605979919434,6.131441593170166,2.260529614762266,2.1314637951361934,3.788401194694243,3.834230740508783,0.8473802334771283,0.25,0.5833333333333334,2.956967360294567,4.94454503031245,True
D2,24,20,TimesFM3,h1,1,ARIMA,7.909605979919434,6.131441593170166,0.6982991048939408,0.5993243808485815,1.24680853770499,1.239084034936526,0.24397899150894695,1.0,1.0,2.2549130241198223,3.5297751217334703,True
D2,24,20,TimesFM3,h1_6,1,ARIMA,7.909605979919434,6.131441593170166,0.6176963786065979,0.6070933772881514,1.0989555355387823,1.096721863899458,0.29092326397866203,1.0,1.0,3.104190547803599,4.877535300207638,True
D2,24,20,TimesFM3,h1_12,1,ARIMA,7.909605979919434,6.131441593170166,0.784823779135984,0.7672667007755717,1.3831579456568959,1.37372343371331,0.3468409988462935,1.0,1.0,3.5429077262496,5.669100281554625,True
D2,24,21,TimesFM3,h1,1,ARIMA,7.909605979919434,6.131441593170166,1.3770044409975981,0.9431688532241753,2.1440696636745313,2.1673039165719565,0.5112896809333979,0.0,0.0,1.521733675814288,2.597825356909635,True
D2,24,21,TimesFM3,h1_6,1,ARIMA,7.909605979919434,6.131441593170166,1.9218296209848815,1.4029942125593435,3.0064813850288266,3.0590125382562072,0.7190422076276884,0.3333333333333333,0.5,2.6634419243013574,4.458582553110696,True
D2,24,21,TimesFM3,h1_12,1,ARIMA,7.909605979919434,6.131441593170166,1.597494773141534,1.2293686922846814,2.487990213503932,2.520247325286679,0.6082467447206809,0.4166666666666667,0.75,3.208882091614994,5.338893737080306,True
D2,24,22,TimesFM3,h1,1,ARIMA,7.909605979919434,6.131441593170166,2.0443741756459963,1.7958313764709017,3.467861535844706,3.4087560656195093,0.7814213790011733,0.0,0.0,1.9585122361561578,3.080895403792714,True
D2,24,22,TimesFM3,h1_6,1,ARIMA,7.909605979919434,6.131441593170166,2.597341111071021,2.366640270993183,4.356018486744846,4.256733071762295,0.9942986807145657,0.0,0.3333333333333333,2.5830581121691356,4.088732535256749,True
D2,24,22,TimesFM3,h1_12,1,ARIMA,7.909605979919434,6.131441593170166,1.8919950300671537,1.8815320915120288,3.1946362672956674,3.145676696062174,0.7221845108044578,0.3333333333333333,0.6666666666666666,2.9610371583284025,4.750045034088857,True
D2,24,23,TimesFM3,h1,1,ARIMA,7.909605979919434,6.131441593170166,2.208030442954521,1.8072032199612136,3.094109227815271,3.1427289612123177,0.8806971250833859,0.0,0.0,1.9146503472876244,2.9904088684350976,True
D2,24,23,TimesFM3,h1_6,1,ARIMA,7.909605979919434,6.131441593170166,1.1104685185037468,1.1668094419294794,1.529678933431238,1.528651766737743,0.445992720868002,0.6666666666666666,0.6666666666666666,2.283474366988041,3.6218360322426415,True
D2,24,23,TimesFM3,h1_12,1,ARIMA,7.909605979919434,6.131441593170166,1.4080226385933687,1.4821197432432436,1.9313563522510044,1.9222944265350717,0.5479307221161654,0.6666666666666666,0.6666666666666666,2.5477643242402555,4.087268901662094,True
D2,24,24,TimesFM3,h1,1,ARIMA,7.909605979919434,6.131441593170166,0.5813611045006002,0.4936874755242209,0.8015006866155886,0.8047256273297986,0.23964859154647727,1.0,1.0,2.4975441482000957,3.981563158485087,True
D2,24,24,TimesFM3,h1_6,1,ARIMA,7.909605979919434,6.131441593170166,1.8582101984779973,2.0887963640094562,2.5045006175973357,2.4527101397144895,0.7292957586899378,0.6666666666666666,0.6666666666666666,3.0159095718676188,4.798916234494247,True
D2,24,24,TimesFM3,h1_12,1,ARIMA,7.909605979919434,6.131441593170166,1.3726541618475185,1.602792940829197,1.866724297361937,1.8431015738257617,0.54914233735293,0.75,0.8333333333333334,3.221246794125111,5.1565925630899185,True
D2,24,25,TimesFM3,h1,1,ARIMA,7.909605979919434,6.131441593170166,1.407824116643796,1.1367104404692052,2.5688122107837907,2.5362366326271415,0.48961985507210165,0.0,1.0,1.8465654512592797,2.9755693956385536,True
D2,24,25,TimesFM3,h1_6,1,ARIMA,7.909605979919434,6.131441593170166,2.119208951845354,1.8644716064754423,3.9679519687084808,4.053293580742546,0.8118822322586836,0.16666666666666666,0.3333333333333333,2.3413022245233597,3.8824466951231047,True
D2,24,25,TimesFM3,h1_12,1,ARIMA,7.909605979919434,6.131441593170166,1.6636775513894178,1.5779194658392126,3.128164448452036,3.190456545019259,0.6503518331483562,0.4166666666666667,0.5833333333333334,2.818743389103927,4.677886720430852,True
D2,24,26,TimesFM3,h1,1,ARIMA,7.909605979919434,6.131441593170166,1.7737023013916504,1.4110070683469191,2.829183057343801,2.789719915742041,0.6295726282306328,0.0,1.0,1.933019184394226,3.329984455744867,True
D2,24,26,TimesFM3,h1_6,1,ARIMA,7.909605979919434,6.131441593170166,2.6548827932206462,2.285813624583741,4.366465791187101,4.466681017756022,0.9438522252219917,0.16666666666666666,0.8333333333333334,4.445498674593896,7.442938113393416,True
D2,24,26,TimesFM3,h1_12,1,ARIMA,7.909605979919434,6.131441593170166,2.3280252645779815,2.1113147797736347,3.8333897246975,3.9206549426619555,0.912290770494509,0.4166666666666667,0.9166666666666666,5.995918464388357,10.193195653436687,True
D2,24,27,TimesFM3,h1,1,ARIMA,7.909605979919434,6.131441593170166,0.23135733025989463,0.18151779826065434,0.4040155838700827,0.4048333788396928,0.20605341288391868,1.0,1.0,2.6378694612533993,4.2085122162643485,True
D2,24,27,TimesFM3,h1_6,1,ARIMA,7.909605979919434,6.131441593170166,2.254187682071682,1.9725449279254597,3.794510201375368,3.7077952175773468,0.8040632093847601,0.3333333333333333,0.6666666666666666,3.8753988126812797,6.1706116872414825,True
D2,24,27,TimesFM3,h1_12,1,ARIMA,7.909605979919434,6.131441593170166,1.8655596132365588,1.6640239639831322,3.144685916132902,3.082627635806532,0.693407881296693,0.5833333333333334,0.8333333333333334,4.497160468362496,7.271334515696165,True
D2,24,28,TimesFM3,h1,1,ARIMA,7.909605979919434,6.131441593170166,0.4072261068868232,0.31856273823490416,0.7135240875549067,0.7109875538268706,0.1943024046223289,1.0,1.0,2.22948450017941,3.5353324515118194,True
D2,24,28,TimesFM3,h1_6,1,ARIMA,7.909605979919434,6.131441593170166,0.5537251695128128,0.6118491075322227,0.9757751141561726,0.9844930529880421,0.3036032130789515,0.8333333333333334,1.0,3.1527966207033686,5.049777653494845,True
D2,24,28,TimesFM3,h1_12,1,ARIMA,7.909605979919434,6.131441593170166,0.7658402550791286,0.7556504998735745,1.3527164729319132,1.3670471353821438,0.3597413088884295,0.9166666666666666,1.0,3.591687175384299,5.844596561752106,True
D2,24,29,TimesFM3,h1,1,ARIMA,7.909605979919434,6.131441593170166,2.28422738391426,1.9070113519584406,3.8272089790522488,3.901875442699463,0.795205035577536,0.0,1.0,2.9429301409369093,5.166015415356537,True
D2,24,29,TimesFM3,h1_6,1,ARIMA,7.909605979919434,6.131441593170166,1.645992499619385,1.488950528951611,2.822139100799366,2.8685811712209786,0.6845848462112957,0.6666666666666666,1.0,5.549783703694858,9.164840449781805,True
D2,24,29,TimesFM3,h1_12,1,ARIMA,7.909605979919434,6.131441593170166,2.243395560192214,2.025920285548679,3.9634216271131395,4.0583640058798425,0.8895543778884069,0.5833333333333334,1.0,6.842904669614103,11.435740143997224,True
D2,24,30,TimesFM3,h1,1,ARIMA,7.909605979919434,6.131441593170166,0.956393829855116,0.749786144201437,1.571575044033573,1.5593220856564327,0.3153897926025778,1.0,1.0,2.085521356751336,3.2413411075026675,True
D2,24,30,TimesFM3,h1_6,1,ARIMA,7.909605979919434,6.131441593170166,0.7629001582870315,0.70440907371675,1.2599676027868878,1.2564321033581973,0.30648618736017336,0.8333333333333334,1.0,2.4697349633321144,3.8656406799131333,True
D2,24,30,TimesFM3,h1_12,1,ARIMA,7.909605979919434,6.131441593170166,1.0118544221941095,1.0088469050427098,1.6912965556718462,1.7070532519390553,0.39110764585569496,0.8333333333333334,0.9166666666666666,2.6909631822489333,4.2539939508734514,True
D2,24,31,TimesFM3,h1,1,ARIMA,7.909605979919434,6.131441593170166,0.4961058645322045,0.3967755712774663,1.1651838900021025,1.172011937142345,0.19184019737007915,1.0,1.0,1.8952859910613125,3.043828548735319,True
D2,24,31,TimesFM3,h1_6,1,ARIMA,7.909605979919434,6.131441593170166,0.5560846771097574,0.48902839355647504,1.284854578443205,1.2869367568441532,0.24584709175075428,1.0,1.0,2.5929541052201928,4.127024018661432,True
D2,24,31,TimesFM3,h1_12,1,ARIMA,7.909605979919434,6.131441593170166,1.6943387727907588,1.7501799723791949,3.773788808043499,3.6674620993728424,0.6499607183965326,0.5833333333333334,0.75,2.8650287354261605,4.570026830940163,True
D2,24,32,TimesFM3,h1,1,ARIMA,7.909605979919434,6.131441593170166,0.9237286861000044,0.7005670428986294,2.0410965413023194,2.0621416926853966,0.3155372210861478,0.0,1.0,1.762823828524597,2.912114575599568,True
D2,24,32,TimesFM3,h1_6,1,ARIMA,7.909605979919434,6.131441593170166,0.9954591236079422,0.8908411492043907,2.1565041046951583,2.1344577492065397,0.35791668995030784,0.5,1.0,2.077266740139146,3.454488162550819,True
D2,24,32,TimesFM3,h1_12,1,ARIMA,7.909605979919434,6.131441593170166,1.648286204210538,1.396415739252228,3.5410389597365013,3.4697529903112105,0.5813346725386072,0.25,0.8333333333333334,2.265023377487404,3.7615516172650563,True
D2,24,33,TimesFM3,h1,1,ARIMA,7.909605979919434,6.131441593170166,0.186000161943225,0.1574423929821779,0.3906609710552429,0.39142554447173855,0.13366546706796034,1.0,1.0,1.6531353548621155,2.773025158143527,True
D2,24,33,TimesFM3,h1_6,1,ARIMA,7.909605979919434,6.131441593170166,1.7472563228066755,1.6831969740775898,3.7547898420019092,3.8490190480760695,0.6204916876772083,0.5,0.8333333333333334,3.388102390898203,5.508660241764247,True
D2,24,33,TimesFM3,h1_12,1,ARIMA,7.909605979919434,6.131441593170166,1.347578009317217,1.365346818130036,2.8983386845713794,2.9595923260362063,0.5348118050761733,0.75,0.9166666666666666,4.013764981080411,6.628635711728728,True
D2,24,34,TimesFM3,h1,1,ARIMA,7.909605979919434,6.131441593170166,0.0034874099646435962,0.002787837983117829,0.005183094229954874,0.005183228555764974,0.14820625933291345,1.0,1.0,2.032542298425633,3.190507300284488,True
D2,24,34,TimesFM3,h1_6,1,ARIMA,7.909605979919434,6.131441593170166,2.0576234433755074,2.058394165938319,2.982908576616231,2.9184389949018215,0.8287391953182587,0.3333333333333333,0.6666666666666666,2.7640293719780398,4.362624704525089,True
D2,24,34,TimesFM3,h1_12,1,ARIMA,7.909605979919434,6.131441593170166,1.973962873292546,1.9272667922206717,2.92297313138993,2.9196705565554035,0.7786843093626753,0.3333333333333333,0.75,3.0646126750246165,4.862520150059896,True
D2,24,35,TimesFM3,h1,1,ARIMA,7.909605979919434,6.131441593170166,0.8508493237381494,0.6911898301393932,1.3762326103565998,1.3668272491912945,0.2918908088524947,1.0,1.0,2.2312483777497905,3.59430369231262,True
D2,24,35,TimesFM3,h1_6,1,ARIMA,7.909605979919434,6.131441593170166,0.7923049810777006,0.7121456578841195,1.2867730971008395,1.2829586975277525,0.3262928882919859,1.0,1.0,3.0329202141382487,4.955779973511631,True
D2,24,35,TimesFM3,h1_12,1,ARIMA,7.909605979919434,6.131441593170166,1.193393539797198,1.3508747916256068,1.980291870380361,2.012873738901226,0.48495642207788237,0.8333333333333334,1.0,3.390114263835639,5.645979555209573,True
D2,24,36,TimesFM3,h1,1,ARIMA,7.909605979919434,6.131441593170166,1.7085533364917935,1.4490266089022608,3.6515286153874014,3.7194367642768045,0.6301382563228195,0.0,0.0,1.8737490997986905,2.945829226304945,True
D2,24,36,TimesFM3,h1_6,1,ARIMA,7.909605979919434,6.131441593170166,1.829000789957593,1.5751812333626005,3.902568246948864,3.9829340097302817,0.6552865347827342,0.0,0.5,2.36719830871821,3.7404964262321543,True
D2,24,36,TimesFM3,h1_12,1,ARIMA,7.909605979919434,6.131441593170166,1.4498323395908552,1.3453718119083555,3.0606771657007736,3.0930140239736867,0.5323800587937769,0.3333333333333333,0.75,2.6517303180706597,4.234474884538183,True
D2,24,37,TimesFM3,h1,1,ARIMA,7.909605979919434,6.131441593170166,1.8065435535710992,1.3352701255455406,2.8411344700438668,2.8013395581392326,0.6281239712883155,0.0,1.0,2.142878065451878,3.5149595401682143,True
D2,24,37,TimesFM3,h1_6,1,ARIMA,7.909605979919434,6.131441593170166,2.0184403630826306,1.596248910752214,3.136660363580648,3.081806615420937,0.6966809056811335,0.16666666666666666,1.0,3.3784630960479567,5.501519534941198,True
D2,24,37,TimesFM3,h1_12,1,ARIMA,7.909605979919434,6.131441593170166,1.7476035723344705,1.3950205987060378,2.7241215228119753,2.685081360114813,0.6156278323002731,0.5,1.0,3.899452215287391,6.406668148493107,True
D2,24,38,TimesFM3,h1,1,ARIMA,7.909605979919434,6.131441593170166,1.428876046719499,1.22024064447305,2.3996497934936154,2.428791032997473,0.4787842507990867,0.0,1.0,2.283133825102042,3.621111134924667,True
D2,24,38,TimesFM3,h1_6,1,ARIMA,7.909605979919434,6.131441593170166,2.367977644705089,2.1229177574753373,4.042735822298516,4.135419240033863,0.8380567205692074,0.16666666666666666,0.5,3.164459166560746,5.05374553150883,True
D2,24,38,TimesFM3,h1_12,1,ARIMA,7.909605979919434,6.131441593170166,1.7144529089607974,1.648143389121483,2.9075504338051585,2.951090416526034,0.6332974694517952,0.5833333333333334,0.75,3.687455971623398,5.933951918643038,True
D2,24,39,TimesFM3,h1,1,ARIMA,7.909605979919434,6.131441593170166,0.8289727134650221,0.6275843091027854,1.230076971468601,1.2225577706686535,0.2766365063434116,1.0,1.0,1.9304365862808668,3.0181093093403053,True
D2,24,39,TimesFM3,h1_6,1,ARIMA,7.909605979919434,6.131441593170166,0.9761749932249278,0.9563221985312423,1.4410867742909965,1.424122150514804,0.41439624949560305,0.6666666666666666,0.6666666666666666,2.225587250086038,3.535992235495337,True
D2,24,39,TimesFM3,h1_12,1,ARIMA,7.909605979919434,6.131441593170166,1.396365390103112,1.341168129515968,2.088499781734725,2.0935142341484334,0.5562598554886792,0.5,0.6666666666666666,2.367666232551245,3.799411887967038,True
D2,24,40,TimesFM3,h1,1,ARIMA,7.909605979919434,6.131441593170166,2.490197753378017,2.1467232933249365,4.9636493935683275,5.089973615825687,0.9203704956149296,0.0,0.0,2.7047515599355925,4.257272244899684,True
D2,24,40,TimesFM3,h1_6,1,ARIMA,7.909605979919434,6.131441593170166,1.1446011381518875,1.224373358973862,2.2563665871790177,2.296737772354997,0.4843214215774629,0.8333333333333334,0.8333333333333334,3.70257092299903,5.8585844235888285,True
D2,24,40,TimesFM3,h1_12,1,ARIMA,7.909605979919434,6.131441593170166,1.3851473407893924,1.375813379156248,2.664602121641364,2.659681866505913,0.5345975185430767,0.8333333333333334,0.9166666666666666,4.089090858390305,6.5543599231374605,True
D2,24,41,TimesFM3,h1,1,ARIMA,7.909605979919434,6.131441593170166,1.5767656041188078,1.3154279483399192,2.9255930795705276,2.9690238578282377,0.531254361297029,0.0,1.0,2.4479708268531835,3.8393671182755322,True
D2,24,41,TimesFM3,h1_6,1,ARIMA,7.909605979919434,6.131441593170166,1.422614264694929,1.4208146244370121,2.656569581616192,2.708230045935953,0.5735396619439463,0.3333333333333333,1.0,3.6805036971238416,5.855361497237329,True
D2,24,41,TimesFM3,h1_12,1,ARIMA,7.909605979919434,6.131441593170166,1.5677446329724039,1.6075749454822805,2.9435791622142684,3.011019242902635,0.6444875708042279,0.5,1.0,4.636278213414938,7.536090170115539,True
D2,24,42,TimesFM3,h1,1,ARIMA,7.909605979919434,6.131441593170166,0.038397619673485386,0.03447707983005582,0.08208410879085241,0.08211781162776903,0.15733333419727033,1.0,1.0,2.1180216927373667,3.3038555652876958,True
D2,24,42,TimesFM3,h1_6,1,ARIMA,7.909605979919434,6.131441593170166,0.6264849949866707,0.8322700825402974,1.3255921659125556,1.306893036578877,0.30186011772329313,0.8333333333333334,1.0,2.7685285163722875,4.347178718458239,True
D2,24,42,TimesFM3,h1_12,1,ARIMA,7.909605979919434,6.131441593170166,0.8531708684006993,0.9781032654555839,1.808965987408865,1.782986223269167,0.36149645832465344,0.8333333333333334,1.0,3.2338076121966477,5.157211657485667,True
D2,24,43,TimesFM3,h1,1,ARIMA,7.909605979919434,6.131441593170166,0.5074168115524921,0.3940034879150256,0.5388076694122379,0.5402631590803046,0.1889374549992088,1.0,1.0,1.7922060826539665,2.8859893233720175,True
D2,24,43,TimesFM3,h1_6,1,ARIMA,7.909605979919434,6.131441593170166,3.670935692410176,3.400922175547064,3.9928725917246464,4.111205034226536,1.6122661258492026,0.16666666666666666,0.16666666666666666,2.8849256185415393,4.644029877675884,True
D2,24,43,TimesFM3,h1_12,1,ARIMA,7.909605979919434,6.131441593170166,2.983869278405587,2.9690814609347136,3.242241251450089,3.331930892798739,1.3501251848636613,0.3333333333333333,0.3333333333333333,3.502159512279113,5.624030840708107,True
D2,24,44,TimesFM3,h1,1,ARIMA,7.909605979919434,6.131441593170166,0.3193290854903634,0.2560282471687595,0.682850670831657,0.685190083372046,0.18578775174255444,1.0,1.0,2.2980535936905246,3.719540222141448,True
D2,24,44,TimesFM3,h1_6,1,ARIMA,7.909605979919434,6.131441593170166,0.7225211005699348,0.7333760115957195,1.5452162737380322,1.5641293743705442,0.33960796776650665,1.0,1.0,3.383769294989905,5.440994923301573,True
D2,24,44,TimesFM3,h1_12,1,ARIMA,7.909605979919434,6.131441593170166,0.92109933832959,0.9184070186718848,1.9690916182201121,1.9993449441871751,0.4047285367405639,1.0,1.0,3.8398895359933523,6.190963986214678,True
D2,24,45,TimesFM3,h1,1,ARIMA,7.909605979919434,6.131441593170166,0.03797590950937596,0.03349647161653188,0.05276302405089258,0.052776947407619595,0.20628823237992092,1.0,1.0,2.773598809818032,4.414255335680067,True
D2,24,45,TimesFM3,h1_6,1,ARIMA,7.909605979919434,6.131441593170166,1.0924939404745893,1.1972239175020438,1.5061724825325078,1.5170708935146688,0.46911278285602664,0.8333333333333334,1.0,4.414105849114654,7.0331596610331495,True
D2,24,45,TimesFM3,h1_12,1,ARIMA,7.909605979919434,6.131441593170166,2.645064992001081,2.934999002860234,3.4473870330838534,3.3723478092582146,1.0470428613191127,0.5,0.6666666666666666,5.514810631917488,8.853965822376143,True
D2,24,46,TimesFM3,h1,1,ARIMA,7.909605979919434,6.131441593170166,1.4545259217798916,1.2056993710570822,2.966868843345442,2.9235006287014658,0.4715977783490535,0.0,1.0,2.8396645009552413,4.588545651002707,True
D2,24,46,TimesFM3,h1_6,1,ARIMA,7.909605979919434,6.131441593170166,1.1528537211395444,1.0787555613014526,2.333541936072368,2.300013932380078,0.4807991537076919,0.6666666666666666,1.0,4.313430714978102,7.044961999167616,True
D2,24,46,TimesFM3,h1_12,1,ARIMA,7.909605979919434,6.131441593170166,1.4260201636796532,1.3242496319410222,2.856864433315859,2.807268522174372,0.5729501270766076,0.75,1.0,5.075209381261907,8.469383697408373,True
D2,24,47,TimesFM3,h1,1,ARIMA,7.909605979919434,6.131441593170166,0.3727572063596725,0.285612899656332,0.5412597659326488,0.5397989087775705,0.18675922245302978,1.0,1.0,2.185357447317767,3.517824288551681,True
D2,24,47,TimesFM3,h1_6,1,ARIMA,7.909605979919434,6.131441593170166,1.0289288621566282,0.9964993428414401,1.4919626852613785,1.4749809261349647,0.40516911427142394,0.6666666666666666,1.0,2.884029247131008,4.60443801234508,True
D2,24,47,TimesFM3,h1_12,1,ARIMA,7.909605979919434,6.131441593170166,1.1248732149481604,1.0582224075206763,1.6390825014463692,1.627706541423254,0.4347441034552002,0.6666666666666666,1.0,3.0953340128096762,4.950484586833079,True
D2,24,48,TimesFM3,h1,1,ARIMA,7.909605979919434,6.131441593170166,0.5259744274384054,0.4367060821161705,0.8513070693480635,0.8549461779741709,0.20604788311855293,1.0,1.0,2.089330757501161,3.2860149520875854,True
D2,24,48,TimesFM3,h1_6,1,ARIMA,7.909605979919434,6.131441593170166,0.8867686591850583,0.9232123605797129,1.4187100857887354,1.4044137838530746,0.3885250708715435,0.8333333333333334,1.0,3.29178072600755,5.364145902078969,True
D2,24,48,TimesFM3,h1_12,1,ARIMA,7.909605979919434,6.131441593170166,0.6238802882985495,0.6971270418776578,1.004192817599546,0.9981744649753982,0.395941984385323,0.9166666666666666,1.0,4.2319359962033465,7.026736374884649,True
D2,24,49,TimesFM3,h1,1,ARIMA,7.909605979919434,6.131441593170166,0.38665271622943387,0.3366127987654828,0.7823904786517337,0.7793417309023639,0.20221374491552147,1.0,1.0,2.4178327463959923,3.845669551007196,True
D2,24,49,TimesFM3,h1_6,1,ARIMA,7.909605979919434,6.131441593170166,1.7642628049666227,1.8371027457827473,3.456143702319714,3.3746444037750893,0.6325052539340191,0.8333333333333334,0.8333333333333334,3.7652032819595758,6.022089076005168,True
D2,24,49,TimesFM3,h1_12,1,ARIMA,7.909605979919434,6.131441593170166,1.7529762677786938,1.7364043570667025,3.43192700045054,3.3585679975498812,0.6338487318958991,0.8333333333333334,0.9166666666666666,4.408572095171393,7.161713503872147,True
D2,24,50,TimesFM3,h1,1,ARIMA,7.909605979919434,6.131441593170166,0.7390535002401752,0.6210449473238772,1.4713233434958737,1.4822275232726896,0.24361350918902974,1.0,1.0,1.6085774768993604,2.6369464282639514,True
D2,24,50,TimesFM3,h1_6,1,ARIMA,7.909605979919434,6.131441593170166,1.3160399785440868,1.3506819580264267,2.609009811464132,2.591978472677081,0.48586208595923425,0.6666666666666666,0.8333333333333334,2.8795473878207947,4.598945428961051,True
D2,24,50,TimesFM3,h1_12,1,ARIMA,7.909605979919434,6.131441593170166,1.1092634100811039,1.1858822403676315,2.205923227835897,2.192347107042446,0.45391397504246717,0.75,0.9166666666666666,3.3765166607292554,5.423872300578711,True
D2,24,51,TimesFM3,h1,1,ARIMA,7.909605979919434,6.131441593170166,0.15009599122696549,0.11150859704849807,0.33121919046703496,0.3317686311542012,0.20345452248175033,1.0,1.0,2.6455587271582077,4.264820455878245,True
D2,24,51,TimesFM3,h1_6,1,ARIMA,7.909605979919434,6.131441593170166,1.245811335017931,1.1342745453418537,2.7465580584229543,2.7836548555399308,0.4916205214697136,0.8333333333333334,1.0,3.8515646702854553,6.236358282022492,True
D2,24,51,TimesFM3,h1_12,1,ARIMA,7.909605979919434,6.131441593170166,0.9470333752982399,0.9374770019571871,2.0771903335164756,2.1034264814575265,0.4545915659725432,0.9166666666666666,1.0,4.252525571769485,7.013048141715072,True
D2,24,52,TimesFM3,h1,1,ARIMA,7.909605979919434,6.131441593170166,0.9829206309701335,0.818282323676819,1.5048362756070532,1.5162447763175648,0.32293728881794326,0.0,1.0,1.8799949295901839,2.9297608945115,True
D2,24,52,TimesFM3,h1_6,1,ARIMA,7.909605979919434,6.131441593170166,1.572054561382496,1.3878411294342292,2.394040212120619,2.419694343822661,0.5311641593349641,0.3333333333333333,1.0,2.725927966057907,4.294707035746584,True
D2,24,52,TimesFM3,h1_12,1,ARIMA,7.909605979919434,6.131441593170166,1.5034265819802,1.4183168938575106,2.2693820436446566,2.2656809801237876,0.5519532681977625,0.4166666666666667,1.0,3.28827833442995,5.230463584122118,True
D2,24,53,TimesFM3,h1,1,ARIMA,7.909605979919434,6.131441593170166,0.7505037767840758,0.578097935409185,1.325886898326324,1.3347354394860558,0.26845459699436547,1.0,1.0,2.3784709945539846,3.8580917202793015,True
D2,24,53,TimesFM3,h1_6,1,ARIMA,7.909605979919434,6.131441593170166,0.9795664093186395,0.9693340918461579,1.753358901453983,1.779348175616743,0.412403665041982,0.6666666666666666,1.0,3.09809252442757,4.9896691172381376,True
D2,24,53,TimesFM3,h1_12,1,ARIMA,7.909605979919434,6.131441593170166,1.090326665354602,1.060054505422788,1.9588768762085242,1.989619680179551,0.4642911660839141,0.6666666666666666,0.9166666666666666,3.4917531689419588,5.623738263183493,True
D2,24,54,TimesFM3,h1,1,ARIMA,7.909605979919434,6.131441593170166,2.1386053120621,1.7304402248969575,3.724638702589804,3.7953196753473,0.8439383666722552,0.0,0.0,1.8377705387318237,3.100130895772374,True
D2,24,54,TimesFM3,h1_6,1,ARIMA,7.909605979919434,6.131441593170166,2.2290269170370296,1.884126483417032,3.8916761899224337,3.97646443142139,0.8309720968841956,0.16666666666666666,0.5,2.891005002860214,4.913693562810296,True
D2,24,54,TimesFM3,h1_12,1,ARIMA,7.909605979919434,6.131441593170166,2.1184141972600146,1.893067359167891,3.710195667987649,3.7944596918731928,0.7950684305074215,0.3333333333333333,0.75,3.912453047269346,6.715449783263938,True
D2,24,55,TimesFM3,h1,1,ARIMA,7.909605979919434,6.131441593170166,0.19170765907705045,0.15848499020158782,0.3859059563704143,0.386652012944604,0.15150762488392594,1.0,1.0,1.9135837637129156,3.0424987860983967,True
D2,24,55,TimesFM3,h1_6,1,ARIMA,7.909605979919434,6.131441593170166,1.654413700333506,1.4864105987608272,3.4231174629426,3.4939357267657623,0.5826668100948711,0.16666666666666666,0.8333333333333334,2.4193111283659565,3.869590252268927,True
D2,24,55,TimesFM3,h1_12,1,ARIMA,7.909605979919434,6.131441593170166,1.3647830798485374,1.3431810052017972,2.821262788294038,2.8782921912825095,0.5092881812264257,0.5,0.8333333333333334,2.619879467942851,4.210342306012588,True
D2,24,56,TimesFM3,h1,1,ARIMA,7.909605979919434,6.131441593170166,1.8991661631053152,1.660647455372429,3.866077319960161,3.79276176869043,0.7454452124173125,0.0,0.0,1.6700289975850102,2.644448523812421,True
D2,24,56,TimesFM3,h1_6,1,ARIMA,7.909605979919434,6.131441593170166,2.622917861960112,2.451432911208717,5.28551882941515,5.132360602414996,1.0039216918072527,0.16666666666666666,0.3333333333333333,3.150160252672394,5.125275381947906,True
D2,24,56,TimesFM3,h1_12,1,ARIMA,7.909605979919434,6.131441593170166,3.0400521640776432,2.8069048890856814,6.089559007391494,5.891362612528832,1.1240980359886128,0.16666666666666666,0.4166666666666667,4.256592836234616,7.151885355314254,True
D2,24,57,TimesFM3,h1,1,ARIMA,7.909605979919434,6.131441593170166,0.6992032543774285,0.5590774819130189,0.9026558296674946,0.9067482375809603,0.251488737314576,1.0,1.0,2.326869024967803,3.717897809535441,True
D2,24,57,TimesFM3,h1_6,1,ARIMA,7.909605979919434,6.131441593170166,0.6185083802676943,0.5952190190413735,0.7988124454574625,0.8027398100618135,0.3016721105773447,1.0,1.0,3.1422451070821618,4.98585764573127,True
D2,24,57,TimesFM3,h1_12,1,ARIMA,7.909605979919434,6.131441593170166,0.7895681618335655,0.8196016935516249,1.0117699626179566,1.0076850793822358,0.3753317359582748,1.0,1.0,3.647992764638544,5.842689857891652,True
D2,24,58,TimesFM3,h1,1,ARIMA,7.909605979919434,6.131441593170166,0.4766944917285456,0.3563140783958353,0.7023866660348993,0.6999285635837085,0.2682974813904176,1.0,1.0,3.2238533017805975,5.794975399171286,True
D2,24,58,TimesFM3,h1_6,1,ARIMA,7.909605979919434,6.131441593170166,1.4165917983585976,1.3351809812292637,2.159282952152017,2.1971087683880204,0.6145868414587465,0.8333333333333334,1.0,5.565815814800268,9.812642911736727,True
D2,24,58,TimesFM3,h1_12,1,ARIMA,7.909605979919434,6.131441593170166,1.0951895407066607,1.0883183548984718,1.6612948541361237,1.6752148355450451,0.651747070850774,0.9166666666666666,1.0,7.041775220745799,12.666429251885662,True
D2,24,59,TimesFM3,h1,1,ARIMA,7.909605979919434,6.131441593170166,1.7712594776900745,1.3671863921051104,3.580571719776135,3.645842726583924,0.6971053535421304,0.0,0.0,1.404160741646318,2.477126569977136,True
D2,24,59,TimesFM3,h1_6,1,ARIMA,7.909605979919434,6.131441593170166,2.4575642983622044,1.9457866539032789,5.052492309618772,5.191280130263253,0.8829912781340238,0.0,0.3333333333333333,2.9996261038593057,5.091950652075741,True
D2,24,59,TimesFM3,h1_12,1,ARIMA,7.909605979919434,6.131441593170166,2.8526787291727103,2.259947340492673,5.904031067676767,6.094640028361645,1.016114057221201,0.0,0.5833333333333334,3.847206580584757,6.5892757180082535,True
D2,24,60,TimesFM3,h1,1,ARIMA,7.909605979919434,6.131441593170166,0.5810552831490358,0.45715611820709545,1.1919566612231396,1.1991030555961941,0.2324726168685068,1.0,1.0,2.3622313777740733,3.8068866428149692,True
D2,24,60,TimesFM3,h1_6,1,ARIMA,7.909605979919434,6.131441593170166,1.0919840860827719,1.0178834110001493,2.232312679428297,2.2680837814130164,0.44663160432883364,0.8333333333333334,1.0,3.7578976756484574,6.080876716844887,True
D2,24,60,TimesFM3,h1_12,1,ARIMA,7.909605979919434,6.131441593170166,1.2168621523562544,1.1075441484510138,2.49510388502945,2.5285177417874967,0.49968493995377,0.8333333333333334,1.0,4.4263383709955075,7.291520776754145,True
D2,24,61,TimesFM3,h1,1,ARIMA,7.909605979919434,6.131441593170166,1.040324492806007,0.8416418832345042,1.2347821884256924,1.2424529824893638,0.357680980331852,1.0,1.0,2.522349001730591,4.127932195270743,True
D2,24,61,TimesFM3,h1_6,1,ARIMA,7.909605979919434,6.131441593170166,0.9665975356384939,0.9002163298701511,1.1414864256330715,1.147441182285773,0.5200878246645854,1.0,1.0,5.689908903309395,9.253706765174941,True
D2,24,61,TimesFM3,h1_12,1,ARIMA,7.909605979919434,6.131441593170166,1.8440325209781905,1.9549289161772825,2.1759270525672894,2.2009599908376423,0.8176180689262937,1.0,1.0,7.875994339090371,13.143751734396385,True
D2,24,62,TimesFM3,h1,1,ARIMA,7.909605979919434,6.131441593170166,0.07717527280056236,0.06071357735298639,0.1302659166579655,0.13018112583952024,0.13535950728698293,1.0,1.0,1.7807335365615633,2.864204436933145,True
D2,24,62,TimesFM3,h1_6,1,ARIMA,7.909605979919434,6.131441593170166,1.575569638384216,1.4306945922250294,2.654963163833665,2.643111293516241,0.5955611820563376,0.5,0.5,2.2927261009306172,3.702990428287586,True
D2,24,62,TimesFM3,h1_12,1,ARIMA,7.909605979919434,6.131441593170166,1.4026326054997291,1.3427632882206983,2.3878361939593904,2.3988709293960016,0.5450704008699333,0.5833333333333334,0.6666666666666666,2.6643546686796773,4.3339507222441656,True
D2,24,63,TimesFM3,h1,1,ARIMA,7.909605979919434,6.131441593170166,2.0850446314425026,1.702955147320851,2.6732853018798615,2.709501656650577,0.8426320713141594,0.0,0.0,1.2000867854834543,2.01697299985698,True
D2,24,63,TimesFM3,h1_6,1,ARIMA,7.909605979919434,6.131441593170166,1.6603351889466693,1.476722300877026,2.129109259925244,2.1494773640463896,0.6203604635913855,0.5,0.6666666666666666,2.8428438294112395,4.757770262649614,True
D2,24,63,TimesFM3,h1_12,1,ARIMA,7.909605979919434,6.131441593170166,2.228109525455561,2.268863413266004,2.898252786011378,2.962668805581856,0.8390829099551776,0.5,0.75,3.8755772469249083,6.55647819745459,True
D2,24,64,TimesFM3,h1,1,ARIMA,7.909605979919434,6.131441593170166,1.5860556831930388,1.2351764355293395,2.240178626466875,2.215364564728194,0.5268809470624225,0.0,1.0,2.669498424297895,4.238334738370045,True
D2,24,64,TimesFM3,h1_6,1,ARIMA,7.909605979919434,6.131441593170166,1.002455864654868,0.8694814471791196,1.4289873422127688,1.420930083710773,0.3936651007964842,0.8333333333333334,1.0,3.418674824235862,5.499612146507416,True
D2,24,64,TimesFM3,h1_12,1,ARIMA,7.909605979919434,6.131441593170166,1.5694305233802361,1.3981423687567895,2.234334686400898,2.224522150799116,0.5655349793289246,0.6666666666666666,0.9166666666666666,3.8650866931091876,6.297920659515332,True
D2,24,65,TimesFM3,h1,1,ARIMA,7.909605979919434,6.131441593170166,0.27106062465527875,0.24803691641970357,0.5016655006565395,0.5004103077187625,0.15101261760519505,1.0,1.0,1.8586488575919102,2.977582343748043,True
D2,24,65,TimesFM3,h1_6,1,ARIMA,7.909605979919434,6.131441593170166,1.696906268296858,1.9066288174307962,3.216522998708473,3.2963402491463323,0.6297351987687686,0.5,0.6666666666666666,2.8564554455786197,4.598725834259683,True
D2,24,65,TimesFM3,h1_12,1,ARIMA,7.909605979919434,6.131441593170166,1.9810063404088696,2.0316463052010727,3.737053232578609,3.826945806796197,0.6958402981778495,0.5,0.8333333333333334,3.5780342184061005,5.880649615166007,True
D2,24,66,TimesFM3,h1,1,ARIMA,7.909605979919434,6.131441593170166,1.2608700232162275,1.0432785400514168,2.618862061000763,2.6536092438681997,0.4285672344353193,0.0,1.0,1.9656942822462473,3.1095646210993415,True
D2,24,66,TimesFM3,h1_6,1,ARIMA,7.909605979919434,6.131441593170166,1.3086546717103829,1.2054768668285094,2.6875073419123168,2.7169896810259107,0.4720945276702593,0.6666666666666666,0.8333333333333334,2.571805559221085,4.143178482738561,True
D2,24,66,TimesFM3,h1_12,1,ARIMA,7.909605979919434,6.131441593170166,1.2030215084356493,1.1101914224718594,2.4831785158191915,2.510221257672612,0.44665149735926984,0.8333333333333334,0.9166666666666666,3.0488617018516706,4.988996611176625,True
D2,24,67,TimesFM3,h1,1,ARIMA,7.909605979919434,6.131441593170166,0.9567480356419037,0.7174575913981522,1.6150179220759602,1.6020809746426365,0.3133765057299828,1.0,1.0,2.06283699809649,3.351856494228964,True
D2,24,67,TimesFM3,h1_6,1,ARIMA,7.909605979919434,6.131441593170166,1.0914650543815365,0.9039068110218292,1.8665176206418883,1.8767380590501068,0.40153918990738524,0.8333333333333334,1.0,3.0896094580841575,5.029815935165908,True
D2,24,67,TimesFM3,h1_12,1,ARIMA,7.909605979919434,6.131441593170166,1.3748129529177948,1.2292455434469434,2.3449981886385207,2.3529307692222963,0.5173844842470812,0.75,0.9166666666666666,3.5945812594801265,5.865835398826457,True
D2,24,68,TimesFM3,h1,1,ARIMA,7.909605979919434,6.131441593170166,2.3733208041260054,1.9334370489357553,3.9099767173387776,3.98794048966234,0.9482011420685504,0.0,0.0,1.9254860716987583,3.040945237494874,True
D2,24,68,TimesFM3,h1_6,1,ARIMA,7.909605979919434,6.131441593170166,2.376224161642772,1.9519684452619128,3.901385440788944,3.980361144332254,0.8810666317636549,0.0,0.16666666666666666,2.504906158800213,4.001662267819482,True
D2,24,68,TimesFM3,h1_12,1,ARIMA,7.909605979919434,6.131441593170166,1.5279985589673266,1.4410578084636838,2.4948677493168847,2.532797671298139,0.5942984396118434,0.5,0.5833333333333334,2.9018843688823885,4.713171872105463,True
D2,24,69,TimesFM3,h1,1,ARIMA,7.909605979919434,6.131441593170166,0.7240708405081011,0.6304381589029563,1.6265313210282584,1.6134100114419043,0.23658730222481172,1.0,1.0,1.55976335522437,2.5743075514992735,True
D2,24,69,TimesFM3,h1_6,1,ARIMA,7.909605979919434,6.131441593170166,1.7451891653118996,1.9310637086331424,3.8633904338292466,3.7475640033728346,0.7095226425700935,0.5,0.6666666666666666,2.7311700810170123,4.3919650560163,True
D2,24,69,TimesFM3,h1_12,1,ARIMA,7.909605979919434,6.131441593170166,1.0789645866858792,1.3977146010200132,2.3870475945514587,2.3263183196345643,0.5204873914541379,0.75,0.8333333333333334,3.4197269331370554,5.535232140956578,True
D2,24,70,TimesFM3,h1,1,ARIMA,7.909605979919434,6.131441593170166,1.6095996072909027,1.2946600370323191,2.471807532166587,2.4416313187443563,0.5544069927790805,0.0,1.0,2.1748347608042526,3.634776092634199,True
D2,24,70,TimesFM3,h1_6,1,ARIMA,7.909605979919434,6.131441593170166,2.957025447526253,2.798315621381074,4.791517951090488,4.943144872581698,1.1998204002727577,0.3333333333333333,0.5,3.288626369944547,5.418851374839898,True
D2,24,70,TimesFM3,h1_12,1,ARIMA,7.909605979919434,6.131441593170166,3.082855479074052,2.8010230701209964,5.008216308091493,5.167585534895278,1.2431223674788852,0.25,0.3333333333333333,3.6260579867775173,5.992976205375503,True
D2,24,71,TimesFM3,h1,1,ARIMA,7.909605979919434,6.131441593170166,1.2996148919909156,1.0066196306351332,2.602800243806934,2.6371197230980727,0.4589882959826649,0.0,1.0,1.818629801713385,3.001068694662872,True
D2,24,71,TimesFM3,h1_6,1,ARIMA,7.909605979919434,6.131441593170166,1.7725299722173944,1.4991830346573114,3.419269372243283,3.3629795587918463,0.6213744514695838,0.3333333333333333,0.8333333333333334,2.491564882378441,4.162886592437739,True
D2,24,71,TimesFM3,h1_12,1,ARIMA,7.909605979919434,6.131441593170166,2.527445681793806,2.155032274997071,4.805113350444797,4.676402493809908,0.9006243999799022,0.25,0.6666666666666666,2.984406062054615,5.006987831331403,True
D2,24,72,TimesFM3,h1,1,ARIMA,7.909605979919434,6.131441593170166,1.0382180293300474,0.8596719083358878,1.9018823908726163,1.88396697281966,0.34275892325832624,0.0,1.0,2.185010109760518,3.452192187830563,True
D2,24,72,TimesFM3,h1_6,1,ARIMA,7.909605979919434,6.131441593170166,2.625464129329232,2.5536657837480243,4.7011756332543255,4.5549556251682946,1.1032866206864647,0.16666666666666666,0.3333333333333333,2.9875000258583384,4.766953002270713,True
D2,24,72,TimesFM3,h1_12,1,ARIMA,7.909605979919434,6.131441593170166,2.7104322903140776,2.512337979231585,5.023648820155011,5.0355548745640695,1.0424041435764715,0.25,0.5,3.467135773949729,5.589981362067722,True
D2,24,73,TimesFM3,h1,1,ARIMA,7.909605979919434,6.131441593170166,1.122801929121972,0.9054389828537279,1.7670357677032678,1.78278700976553,0.363319177872097,0.0,1.0,2.075376131047224,3.2958147666522826,True
D2,24,73,TimesFM3,h1_6,1,ARIMA,7.909605979919434,6.131441593170166,1.0508757414242906,1.100297389773545,1.6615030418925554,1.6692143901258634,0.4339775560053685,0.5,0.8333333333333334,2.669845510373804,4.210569834396665,True
D2,24,73,TimesFM3,h1_12,1,ARIMA,7.909605979919434,6.131441593170166,1.949289072947352,1.900320738041057,3.030118788234081,2.9804610929139335,0.7563902650253851,0.3333333333333333,0.5833333333333334,2.9616828673638476,4.683235429344069,True
D2,24,74,TimesFM3,h1,1,ARIMA,7.909605979919434,6.131441593170166,0.4022479093279976,0.3354844228408054,0.7673347985168536,0.7644020371012289,0.19667709708260395,1.0,1.0,2.2460348651232986,3.7082413068532682,True
D2,24,74,TimesFM3,h1_6,1,ARIMA,7.909605979919434,6.131441593170166,1.1469330690254265,1.035972621250698,2.250993426767463,2.2705475556092636,0.41024398878553775,1.0,1.0,3.497782163904699,5.711642934561663,True
D2,24,74,TimesFM3,h1_12,1,ARIMA,7.909605979919434,6.131441593170166,0.9400718633638773,0.9174243791083799,1.8491609133795082,1.867600452524841,0.4057151626833954,1.0,1.0,3.925368739392381,6.449208144116891,True
D2,24,75,TimesFM3,h1,1,ARIMA,7.909605979919434,6.131441593170166,0.14786583118549257,0.12736768199137025,0.2667784453952835,0.2671347743944033,0.1619896415613544,1.0,1.0,2.109030276300209,3.29531822472992,True
D2,24,75,TimesFM3,h1_6,1,ARIMA,7.909605979919434,6.131441593170166,0.596524185150158,0.7142418870773347,1.0871559993002373,1.0986686307982376,0.2835389919602981,0.8333333333333334,1.0,2.5191183558966035,3.9993303914328764,True
D2,24,75,TimesFM3,h1_12,1,ARIMA,7.909605979919434,6.131441593170166,0.7964391805145946,0.8553765124818249,1.4568146228050667,1.4719289676778262,0.3328194956746134,0.8333333333333334,1.0,2.8187725437805335,4.52592778226033,True
D2,24,76,TimesFM3,h1,1,ARIMA,7.909605979919434,6.131441593170166,0.8638675664651143,0.6939346876467944,1.626498522354117,1.6133777398051565,0.2997813286126022,1.0,1.0,2.5116743040532756,4.168103380787457,True
D2,24,76,TimesFM3,h1_6,1,ARIMA,7.909605979919434,6.131441593170166,1.390676984006316,1.1684192272006027,2.6509889089635505,2.6131370879680067,0.46574238361481396,0.6666666666666666,1.0,3.1453214338213416,5.171178374947947,True
D2,24,76,TimesFM3,h1_12,1,ARIMA,7.909605979919434,6.131441593170166,1.4309845152072023,1.3168788235060878,2.730604978993877,2.6830873411258995,0.5105713127744235,0.6666666666666666,1.0,3.36411390807448,5.533556761482553,True
D2,24,77,TimesFM3,h1,1,ARIMA,7.909605979919434,6.131441593170166,0.849199108653887,0.7454504980331751,1.803764334273904,1.8201802150431334,0.2815720701053813,1.0,1.0,2.040072443564836,3.2504329420216016,True
D2,24,77,TimesFM3,h1_6,1,ARIMA,7.909605979919434,6.131441593170166,0.8886192455842344,0.862151750011739,1.9006184014801784,1.905636893998743,0.33105185345960486,1.0,1.0,2.7079166369376586,4.34025032442694,True
D2,24,77,TimesFM3,h1_12,1,ARIMA,7.909605979919434,6.131441593170166,0.8105334444280902,0.7968938961892604,1.7368163433926938,1.7438767164164883,0.32776847523438246,1.0,1.0,2.9931333134995377,4.825799514409659,True
D2,24,78,TimesFM3,h1,1,ARIMA,7.909605979919434,6.131441593170166,1.548566726650185,1.158272944574346,2.0596536859375174,2.0810852605759953,0.580639003482347,0.0,0.0,1.4892633535723516,2.377931410259106,True
D2,24,78,TimesFM3,h1_6,1,ARIMA,7.909605979919434,6.131441593170166,1.6746553095605727,1.2788113301328596,2.1866573214275165,2.1691324127406504,0.5993141111881397,0.16666666666666666,0.6666666666666666,2.531934288484559,4.207758506629032,True
D2,24,78,TimesFM3,h1_12,1,ARIMA,7.909605979919434,6.131441593170166,1.8394033027715861,1.4849243813204613,2.4344905291973866,2.4482150993801253,0.6576851772320846,0.3333333333333333,0.8333333333333334,3.175483088353343,5.449272081160966,True
D2,24,79,TimesFM3,h1,1,ARIMA,7.909605979919434,6.131441593170166,0.6519794122394312,0.5235471269577643,0.9891312241064671,0.9940474409167365,0.24704668606786728,1.0,1.0,2.416640700885225,3.867558168202503,True
D2,24,79,TimesFM3,h1_6,1,ARIMA,7.909605979919434,6.131441593170166,0.8548977839144927,0.783554076533333,1.297840191467123,1.2886599408809545,0.3704234320032275,0.8333333333333334,1.0,3.646202227897715,5.714669719131277,True
D2,24,79,TimesFM3,h1_12,1,ARIMA,7.909605979919434,6.131441593170166,0.8183997354488836,0.7697734455063087,1.2449190761643794,1.2352476207058685,0.39690644403529396,0.9166666666666666,1.0,4.19997383214393,6.569590345193054,True
D2,24,80,TimesFM3,h1,1,ARIMA,7.909605979919434,6.131441593170166,0.7261991757860534,0.5797423021560258,0.8951602231425246,0.899184795453246,0.25741395644264864,1.0,1.0,2.345447136721761,3.9982941138810064,True
D2,24,80,TimesFM3,h1_6,1,ARIMA,7.909605979919434,6.131441593170166,1.3126783935773534,1.225728969901481,1.622545886213767,1.6273264587526661,0.49331180287422255,0.6666666666666666,1.0,3.8023301312072033,6.41030437779199,True
D2,24,80,TimesFM3,h1_12,1,ARIMA,7.909605979919434,6.131441593170166,1.4872688795682005,1.360138673313138,1.8401180861598174,1.836254126153944,0.5740123332879821,0.8333333333333334,1.0,4.790533442221264,8.082366412386873,True
D2,24,81,TimesFM3,h1,1,ARIMA,7.909605979919434,6.131441593170166,0.3793689092535493,0.3397403712565038,0.7024748940277198,0.7000161750856648,0.12423652758641837,1.0,1.0,1.0093516979119421,1.6067199595073116,True
D2,24,81,TimesFM3,h1_6,1,ARIMA,7.909605979919434,6.131441593170166,1.0064101291180962,1.0937375575440123,1.8250384275545508,1.8041105062442881,0.3712480055705232,0.5,0.6666666666666666,1.3711697837618173,2.235948390370505,True
D2,24,81,TimesFM3,h1_12,1,ARIMA,7.909605979919434,6.131441593170166,0.7380459941907379,0.8328764419926071,1.3450049003209512,1.3338635867265656,0.280465733670048,0.75,0.8333333333333334,1.6263467642157567,2.7238236221545495,True
D2,24,82,TimesFM3,h1,1,ARIMA,7.909605979919434,6.131441593170166,0.19014982984593218,0.154337136206467,0.37471329671637343,0.3740125593207913,0.1419366259301077,1.0,1.0,1.7846138879168654,2.8909263239976473,True
D2,24,82,TimesFM3,h1_6,1,ARIMA,7.909605979919434,6.131441593170166,0.9994120107789949,0.9194861283517338,2.025590845469367,2.0313123082041007,0.3558101297968708,0.6666666666666666,1.0,2.5183153826309455,4.100292954917498,True
D2,24,82,TimesFM3,h1_12,1,ARIMA,7.909605979919434,6.131441593170166,1.1345012360950666,1.061052566068998,2.289788041102585,2.3010289440474962,0.4152298609981019,0.5833333333333334,1.0,2.747771475575456,4.495844293606859,True
D2,24,83,TimesFM3,h1,1,ARIMA,7.909605979919434,6.131441593170166,0.6027670257015949,0.45571559491399793,1.1181788491042504,1.1119619872286153,0.22261953170912013,1.0,1.0,2.123353062222494,3.52190297362804,True
D2,24,83,TimesFM3,h1_6,1,ARIMA,7.909605979919434,6.131441593170166,1.2122613541812752,1.1426433122196966,2.3118008813657167,2.3485092143364,0.47351111274677077,0.6666666666666666,0.8333333333333334,3.1549289009898995,5.264758944953287,True
D2,24,83,TimesFM3,h1_12,1,ARIMA,7.909605979919434,6.131441593170166,0.8392472423830044,0.87936081095256,1.5898800179259667,1.6060021303163714,0.41253802688959434,0.8333333333333334,0.9166666666666666,3.6669228944712753,6.19584724549952,True
D2,24,84,TimesFM3,h1,1,ARIMA,7.909605979919434,6.131441593170166,1.08678252248767,0.8386370813750232,1.3809889218348868,1.371518661447145,0.3628815159405342,1.0,1.0,2.603304291293313,4.20103574231037,True
D2,24,84,TimesFM3,h1_6,1,ARIMA,7.909605979919434,6.131441593170166,4.053868986698544,3.4210505051994793,4.9719840783702836,4.829253697746899,1.6301646176462605,0.16666666666666666,0.3333333333333333,4.184542179921311,6.777202913995206,True
D2,24,84,TimesFM3,h1_12,1,ARIMA,7.909605979919434,6.131441593170166,3.2171966952372792,2.901252510692068,3.970563097293389,3.9340004865418146,1.2550256940872673,0.4166666666666667,0.6666666666666666,4.842064148281415,8.068739728982377,True
D2,24,85,TimesFM3,h1,1,ARIMA,7.909605979919434,6.131441593170166,1.890247985613034,1.4237308064205705,2.6037114048509995,2.5702504527650607,0.7650938880967486,0.0,0.0,1.4329927955833675,2.593456206420613,True
D2,24,85,TimesFM3,h1_6,1,ARIMA,7.909605979919434,6.131441593170166,1.3479096705420544,1.0352114688178362,1.8795125763618354,1.8656635006082987,0.46763282050550126,0.5,0.8333333333333334,2.321592668346413,3.758267255684486,True
D2,24,85,TimesFM3,h1_12,1,ARIMA,7.909605979919434,6.131441593170166,2.381018135425483,2.1776713647171504,3.4951182897672477,3.5746747051005396,0.9220712310594076,0.3333333333333333,0.5833333333333334,3.089706145920789,4.9937112849991,True
D2,24,86,TimesFM3,h1,1,ARIMA,7.909605979919434,6.131441593170166,3.6694677676263834,2.935959767069766,5.7343491964221025,5.903616179908312,1.5910311329931568,0.0,0.0,1.6139463841621038,2.6565876114506004,True
D2,24,86,TimesFM3,h1_6,1,ARIMA,7.909605979919434,6.131441593170166,3.250830110078195,2.6810989621668493,5.114992160884437,5.258375612417768,1.2579860367437963,0.0,0.3333333333333333,2.504978880461808,4.08435284403299,True
D2,24,86,TimesFM3,h1_12,1,ARIMA,7.909605979919434,6.131441593170166,2.5376933634218624,2.2706800400660767,3.9920634780955804,4.094645217356044,0.9688443919370346,0.3333333333333333,0.5833333333333334,2.9234416428771084,4.798525022393852,True
D2,24,87,TimesFM3,h1,1,ARIMA,7.909605979919434,6.131441593170166,1.358099816679593,1.1434557233104514,3.2420695757143916,3.1903528462217454,0.47448991968519816,0.0,1.0,1.88277546934213,2.996389950605197,True
D2,24,87,TimesFM3,h1_6,1,ARIMA,7.909605979919434,6.131441593170166,1.063485251376635,1.020961099261212,2.602274112567675,2.5877179561480506,0.4004252545727974,0.5,0.8333333333333334,2.5260197323879163,4.029757417185204,True
D2,24,87,TimesFM3,h1_12,1,ARIMA,7.909605979919434,6.131441593170166,1.7004636701435083,1.575222784602621,4.288818121137067,4.374820698505943,0.6136398470907055,0.25,0.5833333333333334,2.7121801100245992,4.351750859338751,True
D2,24,88,TimesFM3,h1,1,ARIMA,7.909605979919434,6.131441593170166,0.35014951461562843,0.27138736942647157,0.614530835461252,0.6126483788607257,0.20280671711667753,1.0,1.0,2.470495352504672,4.0955993436467795,True
D2,24,88,TimesFM3,h1_6,1,ARIMA,7.909605979919434,6.131441593170166,1.4110976219881188,1.4423361182343606,2.5890056044327636,2.64883031518546,0.5635739465170067,0.6666666666666666,1.0,4.099311036992568,6.733848449409839,True
D2,24,88,TimesFM3,h1_12,1,ARIMA,7.909605979919434,6.131441593170166,1.9513652892014541,1.9020216798970027,3.6236783571604545,3.73140119623136,0.7669933713640696,0.5,0.9166666666666666,4.841131506223018,8.055210244110741,True
D2,24,89,TimesFM3,h1,1,ARIMA,7.909605979919434,6.131441593170166,2.0346289324439915,1.7246470139658439,3.409225957280603,3.468347865134072,0.8168031337229283,0.0,0.0,1.565210979710597,2.54957362645804,True
D2,24,89,TimesFM3,h1_6,1,ARIMA,7.909605979919434,6.131441593170166,1.8577602786761236,1.7409949364284945,3.1240182120029254,3.184467350935972,0.7079165485432796,0.16666666666666666,0.5,2.324038836719495,3.7719170115439993,True
D2,24,89,TimesFM3,h1_12,1,ARIMA,7.909605979919434,6.131441593170166,1.2928579603486843,1.3548680381926377,2.157480031359751,2.1834104313196523,0.535546604224553,0.5,0.75,2.9050919637862482,4.777564028589522,True
D2,24,90,TimesFM3,h1,1,ARIMA,7.909605979919434,6.131441593170166,0.4031028296951374,0.3189871116913823,0.9566108077041671,0.9520570673034988,0.20286317286736322,1.0,1.0,2.3758592018454467,3.8276430268217836,True
D2,24,90,TimesFM3,h1_6,1,ARIMA,7.909605979919434,6.131441593170166,1.621820200526888,1.4709087708772253,3.677800173818905,3.5922625775644637,0.574760206859096,0.6666666666666666,1.0,3.62304673192339,5.823651713661746,True
D2,24,90,TimesFM3,h1_12,1,ARIMA,7.909605979919434,6.131441593170166,1.6292203599134485,1.462152526751451,3.7646443646528827,3.7624650822619627,0.5869031220268015,0.6666666666666666,1.0,4.126055094487562,6.761204160139376,True
D2,24,91,TimesFM3,h1,1,ARIMA,7.909605979919434,6.131441593170166,2.9525236679971285,2.3299283239007154,5.431417473798908,5.287815798176674,1.4304329454076956,0.0,0.0,1.4689746593640252,2.270850280974842,True
D2,24,91,TimesFM3,h1_6,1,ARIMA,7.909605979919434,6.131441593170166,1.350206593152434,1.3104967469974844,2.502195025031587,2.458004552478212,0.6316746842015589,0.3333333333333333,0.3333333333333333,1.6954511137519994,2.6237589580487914,True
D2,24,91,TimesFM3,h1_12,1,ARIMA,7.909605979919434,6.131441593170166,1.2068625085925944,1.165894357772571,2.242414918441771,2.207172887466816,0.5519199804463552,0.3333333333333333,0.3333333333333333,1.799411228272265,2.808305698363519,True
D2,24,92,TimesFM3,h1,1,ARIMA,7.909605979919434,6.131441593170166,1.1687594844402507,0.9449749871399332,2.1666720090815454,2.143451230165392,0.3769049715933869,0.0,1.0,2.2704256803352205,3.643822453747533,True
D2,24,92,TimesFM3,h1_6,1,ARIMA,7.909605979919434,6.131441593170166,1.0899362887488908,0.9924693132581719,2.0185640085653023,2.036963128457745,0.41160268642964565,0.8333333333333334,1.0,3.392367151167394,5.4763675200776785,True
D2,24,92,TimesFM3,h1_12,1,ARIMA,7.909605979919434,6.131441593170166,1.1118958257294638,1.0331695818348356,2.0512316835968774,2.070777346858414,0.4383825036994325,0.8333333333333334,1.0,3.8254897991623142,6.280057487848989,True
D2,24,93,TimesFM3,h1,1,ARIMA,7.909605979919434,6.131441593170166,1.0539786874125285,0.7892152172308934,1.8121527185607123,1.828722339354482,0.3441114952751604,1.0,1.0,2.2044152554093475,3.5403865415809643,True
D2,24,93,TimesFM3,h1_6,1,ARIMA,7.909605979919434,6.131441593170166,1.4340524826901149,1.2901741652757868,2.4717227288066423,2.517055909295405,0.5143612070185672,0.8333333333333334,1.0,3.3545281576044745,5.3549320609047975,True
D2,24,93,TimesFM3,h1_12,1,ARIMA,7.909605979919434,6.131441593170166,1.6350794946209495,1.4734407707928265,2.8227757420665642,2.881567593927895,0.5936086477506052,0.75,1.0,3.762004154525885,6.034819921868135,True
D2,24,94,TimesFM3,h1,1,ARIMA,7.909605979919434,6.131441593170166,0.12062516620539238,0.10461143792667706,0.20679997687961205,0.206586366600429,0.14433530914555004,1.0,1.0,1.8803776741766103,3.021244672039324,True
D2,24,94,TimesFM3,h1_6,1,ARIMA,7.909605979919434,6.131441593170166,1.837615609188851,2.133848815024479,3.232181462499755,3.325268853707844,0.7638463137281704,0.5,0.6666666666666666,2.4494832598318315,3.939384463933916,True
D2,24,94,TimesFM3,h1_12,1,ARIMA,7.909605979919434,6.131441593170166,1.9736372989755013,2.1379244008141938,3.478061668118103,3.5728621086120986,0.7903894490535712,0.4166666666666667,0.5,2.668916191371778,4.343829896580924,True
D2,24,95,TimesFM3,h1,1,ARIMA,7.909605979919434,6.131441593170166,0.017872890830203658,0.01533143288232994,0.03838062109486842,0.03838798786895339,0.15300710815549462,1.0,1.0,2.073525134020045,3.3118691643304055,True
D2,24,95,TimesFM3,h1_6,1,ARIMA,7.909605979919434,6.131441593170166,0.8299360462854719,0.8769445727914239,1.7521754864791332,1.729293562241649,0.3379602891074689,1.0,1.0,2.9280410017990817,4.737998270788913,True
D2,24,95,TimesFM3,h1_12,1,ARIMA,7.909605979919434,6.131441593170166,0.9826211407093897,1.0559304655102888,2.0922063347618303,2.078494988849239,0.4066603440520303,0.9166666666666666,1.0,3.4027559471431945,5.55082941609354,True
D2,24,96,TimesFM3,h1,1,ARIMA,7.909605979919434,6.131441593170166,0.500048050060395,0.40389405954853996,0.702841304678158,0.700380024626762,0.2029339569689098,1.0,1.0,2.08541348479023,3.348351209783103,True
D2,24,96,TimesFM3,h1_6,1,ARIMA,7.909605979919434,6.131441593170166,2.1360851775124896,1.9382882136081063,2.992700709823609,2.9717869352735042,0.7952816470832309,0.3333333333333333,0.6666666666666666,2.998318764189202,4.836003199067579,True
D2,24,96,TimesFM3,h1_12,1,ARIMA,7.909605979919434,6.131441593170166,1.6330458574406692,1.644905809088348,2.303660472836509,2.3022512484661863,0.6616001493290709,0.5833333333333334,0.75,3.5651251547826552,5.86135018367473,True
D2,24,97,TimesFM3,h1,1,ARIMA,7.909605979919434,6.131441593170166,0.09149463917839833,0.07937516591459254,0.16612427674121522,0.16626237782754458,0.14527901638106466,1.0,1.0,1.9158533202115773,3.026626074474075,True
D2,24,97,TimesFM3,h1_6,1,ARIMA,7.909605979919434,6.131441593170166,1.0632908358318494,1.2837801403951006,1.9969993257843714,2.03688268312914,0.4459119501257656,0.6666666666666666,0.8333333333333334,2.5184353060988443,3.9967403982417933,True
D2,24,97,TimesFM3,h1_12,1,ARIMA,7.909605979919434,6.131441593170166,1.0353595957438386,1.1606719671167889,1.9204938751334537,1.9344085655114962,0.41778652981430714,0.6666666666666666,0.9166666666666666,2.7770439334219845,4.418924119004652,True
D2,24,98,TimesFM3,h1,1,ARIMA,7.909605979919434,6.131441593170166,1.083828667885815,0.9193642151743533,2.534941302875423,2.5032138025849213,0.3572729506082631,0.0,1.0,1.7433819343064962,2.863018502370732,True
D2,24,98,TimesFM3,h1_6,1,ARIMA,7.909605979919434,6.131441593170166,2.383094376159401,2.3165452086083587,5.366523209881859,5.192306430533872,0.9064057845153723,0.3333333333333333,0.6666666666666666,3.012997517018804,4.864342763109985,True
D2,24,98,TimesFM3,h1_12,1,ARIMA,7.909605979919434,6.131441593170166,1.80641118632976,1.8623802317411173,4.083599234430321,3.9697254523315273,0.6946145480437314,0.5,0.8333333333333334,3.4520596813260025,5.582047310057822,True
D2,24,99,TimesFM3,h1,1,ARIMA,7.909605979919434,6.131441593170166,0.18599946899396927,0.15145531486730507,0.300007106300735,0.30045780368197555,0.18240297856019722,1.0,1.0,2.3441549017306875,3.7053472538790517,True
D2,24,99,TimesFM3,h1_6,1,ARIMA,7.909605979919434,6.131441593170166,1.484605565991079,1.3311833305780139,2.373293438910717,2.3398505619151657,0.5199755040883527,0.5,1.0,3.1976401466935767,5.0827985314611395,True
D2,24,99,TimesFM3,h1_12,1,ARIMA,7.909605979919434,6.131441593170166,2.2064914277253203,2.073005476800935,3.6036809384608564,3.6594444604632743,0.8019601848618183,0.3333333333333333,0.75,3.4872676698528093,5.602495955961259,True
D2,24,100,TimesFM3,h1,1,ARIMA,7.909605979919434,6.131441593170166,1.851397532709851,1.53236369454088,3.215079868094543,3.1642138665904413,0.6431733506537634,0.0,1.0,2.563657018597593,3.9895357512557634,True
D2,24,100,TimesFM3,h1_6,1,ARIMA,7.909605979919434,6.131441593170166,1.5465516017013516,1.4457030023632096,2.7558786799787653,2.7674568754523787,0.5696700659115568,0.5,1.0,3.4679988970298106,5.441115890225287,True
D2,24,100,TimesFM3,h1_12,1,ARIMA,7.909605979919434,6.131441593170166,1.7938887468402704,1.8151089681031634,3.261109935745473,3.3227962226469656,0.6834446978552248,0.5833333333333334,0.9166666666666666,3.9533896807161426,6.2739708772740626,True
D2,24,101,TimesFM3,h1,1,ARIMA,7.909605979919434,6.131441593170166,1.3774961558986811,1.1214914565606755,2.741543625428019,2.779646232475967,0.5216971494524915,0.0,0.0,1.5822421234391228,2.6061978261636467,True
D2,24,101,TimesFM3,h1_6,1,ARIMA,7.909605979919434,6.131441593170166,1.0017693106877799,0.95752548439561,1.9545035817074539,1.9468633366700419,0.3867834073509976,0.5,0.8333333333333334,2.228759985862504,3.632304559059577,True
D2,24,101,TimesFM3,h1_12,1,ARIMA,7.909605979919434,6.131441593170166,0.7784000812719274,0.7819679118610543,1.5154259380169508,1.5073190380259025,0.3282194658720352,0.75,0.9166666666666666,2.515385736319395,4.107909614090888,True
D2,24,102,TimesFM3,h1,1,ARIMA,7.909605979919434,6.131441593170166,0.5271245840842371,0.43140570955827984,0.5876948863532,0.589426902234812,0.2003080777113027,1.0,1.0,1.9362542204328672,3.270874283244447,True
D2,24,102,TimesFM3,h1_6,1,ARIMA,7.909605979919434,6.131441593170166,1.4987283497649155,1.6034576885285976,1.6927042113565038,1.703385723757642,0.5856615583465224,0.6666666666666666,0.8333333333333334,3.472468899025121,5.788453898415638,True
D2,24,102,TimesFM3,h1_12,1,ARIMA,7.909605979919434,6.131441593170166,3.200355890546487,3.094300327192843,3.673841291282673,3.764192493084445,1.257615803992098,0.3333333333333333,0.5,4.084570848358793,6.88248064218113,True
D2,24,103,TimesFM3,h1,1,ARIMA,7.909605979919434,6.131441593170166,0.8929643972365123,0.7194018899765394,1.2664349399478043,1.2584661126686845,0.2961123387758447,1.0,1.0,2.0221552679780954,3.179580083052946,True
D2,24,103,TimesFM3,h1_6,1,ARIMA,7.909605979919434,6.131441593170166,1.8002264091235034,1.865258510468523,2.5374519903789814,2.490080069040192,0.7538296236079202,0.6666666666666666,0.6666666666666666,3.008108082505204,4.77670459564445,True
D2,24,103,TimesFM3,h1_12,1,ARIMA,7.909605979919434,6.131441593170166,1.4231110038557093,1.4667649478093099,2.0242583388706215,2.0021410862602775,0.5877218024877481,0.8333333333333334,0.8333333333333334,3.5565791793693164,5.734367746261661,True
D2,24,104,TimesFM3,h1,1,ARIMA,7.909605979919434,6.131441593170166,0.8663806024163269,0.7149002980776137,1.557186413106781,1.5451559339742011,0.29139984910014166,1.0,1.0,2.0770939653964717,3.486043262964786,True
D2,24,104,TimesFM3,h1_6,1,ARIMA,7.909605979919434,6.131441593170166,1.0041256289622533,0.9601328004877121,1.8366135249509863,1.815759829548533,0.389347695951045,1.0,1.0,3.473251062838029,5.837439921537968,True
D2,24,104,TimesFM3,h1_12,1,ARIMA,7.909605979919434,6.131441593170166,1.1353506309434656,1.0400481188897828,2.108358032142582,2.1123816068607737,0.45984298787153444,1.0,1.0,4.341927638851738,7.412406385721533,True
D2,24,105,TimesFM3,h1,1,ARIMA,7.909605979919434,6.131441593170166,0.1539999905257931,0.12363548778909599,0.30660998737995976,0.30708075751589264,0.17372030917601827,1.0,1.0,2.2820464858770437,3.5317633282016265,True
D2,24,105,TimesFM3,h1_6,1,ARIMA,7.909605979919434,6.131441593170166,0.6614233956945201,0.578038547427561,1.3179084183539762,1.3237072678241963,0.2672522177590826,1.0,1.0,2.6152797758616733,4.124472338097793,True
D2,24,105,TimesFM3,h1_12,1,ARIMA,7.909605979919434,6.131441593170166,0.8015741331076431,0.787740288637967,1.5873640727573544,1.589854939640565,0.3324449962542635,0.8333333333333334,1.0,2.9193291172050984,4.679951653108374,True
D2,24,106,TimesFM3,h1,1,ARIMA,7.909605979919434,6.131441593170166,0.12165309486718567,0.09525135852727871,0.23909445582612887,0.23880896632687723,0.1921827935796903,1.0,1.0,2.5491188132575986,4.069192039830554,True
D2,24,106,TimesFM3,h1_6,1,ARIMA,7.909605979919434,6.131441593170166,2.9556291084138278,2.6594629713643476,5.625063204704325,5.842561889980108,1.0759183744961072,0.3333333333333333,0.6666666666666666,3.596599992333536,5.962182392848836,True
D2,24,106,TimesFM3,h1_12,1,ARIMA,7.909605979919434,6.131441593170166,3.456584248269712,2.9761286782966154,6.503783475014084,6.772150464123548,1.2025226868573935,0.3333333333333333,0.8333333333333334,4.387474292811376,7.509873895841273,True
D2,24,107,TimesFM3,h1,1,ARIMA,7.909605979919434,6.131441593170166,0.8110900626100916,0.6499259583792597,1.6845301140358,1.69883883995983,0.27531470170761224,1.0,1.0,2.0859101815951684,3.2654604635620004,True
D2,24,107,TimesFM3,h1_6,1,ARIMA,7.909605979919434,6.131441593170166,0.7697761550457382,0.6541752498293086,1.5551912828164727,1.5595652308537,0.3011170054359981,1.0,1.0,2.7959648435069675,4.417886536572744,True
D2,24,107,TimesFM3,h1_12,1,ARIMA,7.909605979919434,6.131441593170166,0.7717985092944624,0.6758283613593654,1.5507804743693865,1.5476566254592032,0.3198112209300819,1.0,1.0,3.1120666947150704,4.949479823156302,True
D2,24,108,TimesFM3,h1,1,ARIMA,7.909605979919434,6.131441593170166,0.8160549476187682,0.7072059979514707,1.536875848315213,1.548777239988002,0.2968664527611327,1.0,1.0,2.6804624032967515,4.484722859011546,True
D2,24,108,TimesFM3,h1_6,1,ARIMA,7.909605979919434,6.131441593170166,0.9435309527325226,0.966185462300823,1.7277629794484328,1.7337098620447615,0.44340355273419385,1.0,1.0,4.770294028080756,7.812802784712837,True
D2,24,108,TimesFM3,h1_12,1,ARIMA,7.909605979919434,6.131441593170166,0.9948822941414391,1.015307069304982,1.8052762778373126,1.8102785787995717,0.5584922854590315,1.0,1.0,6.317454094401426,11.133345928871826,True
D2,24,109,TimesFM3,h1,1,ARIMA,7.909605979919434,6.131441593170166,0.7473922180819421,0.6144159755321921,0.9070060861267998,0.9029113556527494,0.2751638782886329,1.0,1.0,2.5975310593377765,4.360269657476256,True
D2,24,109,TimesFM3,h1_6,1,ARIMA,7.909605979919434,6.131441593170166,3.2882636728136796,3.050750611929268,4.124769295043789,4.235894856869405,1.2956750533407069,0.16666666666666666,0.5,3.6170400028634844,6.003410225875819,True
D2,24,109,TimesFM3,h1_12,1,ARIMA,7.909605979919434,6.131441593170166,2.9835548104659124,2.835798350259209,3.7424548218852007,3.8387401226823545,1.1647926328154883,0.3333333333333333,0.5,4.195490646052177,7.065239960880835,True
D2,24,110,TimesFM3,h1,1,ARIMA,7.909605979919434,6.131441593170166,2.1106161271465194,1.6254392131287625,2.9862721159833545,2.9423389915521407,0.8514345961570762,0.0,0.0,1.804285956921463,2.810593035006818,True
D2,24,110,TimesFM3,h1_6,1,ARIMA,7.909605979919434,6.131441593170166,2.077585215531354,1.7016834359969284,3.0253776510986112,3.031942370620999,0.810766466700373,0.16666666666666666,0.3333333333333333,2.2655927764983916,3.6451993816044648,True
D2,24,110,TimesFM3,h1_12,1,ARIMA,7.909605979919434,6.131441593170166,3.2082357351622663,2.754502265855694,4.761933405538065,4.886761296739473,1.3111602599978713,0.08333333333333333,0.16666666666666666,2.7716128318530515,4.491037429640945,True
D2,24,111,TimesFM3,h1,1,ARIMA,7.909605979919434,6.131441593170166,0.13273256102859363,0.0967844410037138,0.2808665908683537,0.2812615757679948,0.19368839131402824,1.0,1.0,2.5472944592153675,4.0739807426966745,True
D2,24,111,TimesFM3,h1_6,1,ARIMA,7.909605979919434,6.131441593170166,0.8435322458487063,0.7951403230908141,1.742442764359612,1.7212733536148144,0.37267630598189466,0.8333333333333334,1.0,3.3114334540859236,5.377023113754664,True
D2,24,111,TimesFM3,h1_12,1,ARIMA,7.909605979919434,6.131441593170166,0.7190367046855375,0.6680172701048888,1.500275279622655,1.4929513081997308,0.3599873125294988,0.9166666666666666,1.0,3.6582408420167276,6.02731960375568,True
D2,24,112,TimesFM3,h1,1,ARIMA,7.909605979919434,6.131441593170166,0.1920582552851755,0.16505388433358423,0.47967958876779593,0.4785318788933966,0.15165640777381004,1.0,1.0,1.9177171744054953,3.006414777022906,True
D2,24,112,TimesFM3,h1_6,1,ARIMA,7.909605979919434,6.131441593170166,0.6211912163802646,0.6061117703268131,1.543972941926668,1.528817772219942,0.2545134441036677,1.0,1.0,2.4902159902714573,3.863652140289332,True
D2,24,112,TimesFM3,h1_12,1,ARIMA,7.909605979919434,6.131441593170166,1.6621036126439739,1.8169027306193481,4.057947614084224,3.9314094299367572,0.6505784083851499,0.5833333333333334,0.75,2.785284099868324,4.367822577394307,True
D2,24,113,TimesFM3,h1,1,ARIMA,7.909605979919434,6.131441593170166,1.9793460673320649,1.7150272572036218,3.4812492308965215,3.5429181360782804,0.6906384437968934,0.0,0.0,2.3638663988345905,3.738367978608839,True
D2,24,113,TimesFM3,h1_6,1,ARIMA,7.909605979919434,6.131441593170166,2.8362664314193493,2.5423579586476697,5.127203253231235,5.272918594765344,1.0649583845096762,0.0,0.16666666666666666,3.090414954233389,4.904925420162992,True
D2,24,113,TimesFM3,h1_12,1,ARIMA,7.909605979919434,6.131441593170166,2.012534070109287,1.97459492627323,3.6154625634280464,3.686125710482195,0.7567751552818561,0.3333333333333333,0.5833333333333334,3.370127942474761,5.428467678404018,True
D2,24,114,TimesFM3,h1,1,ARIMA,7.909605979919434,6.131441593170166,0.6744935418271951,0.5405155397430506,1.1501435833836924,1.1435672507058572,0.23623667442115082,1.0,1.0,2.0358477179587946,3.331723038009051,True
D2,24,114,TimesFM3,h1_6,1,ARIMA,7.909605979919434,6.131441593170166,1.3355385466905965,1.23998051951007,2.3279463618589045,2.343789580651457,0.4860105854836298,0.5,1.0,2.9514925552261744,4.811886255924871,True
D2,24,114,TimesFM3,h1_12,1,ARIMA,7.909605979919434,6.131441593170166,1.5176756923303012,1.3982186058775754,2.663981898442013,2.7003253071607602,0.5595406488043793,0.5,0.9166666666666666,3.4391371345227975,5.6144570621954175,True
D2,24,115,TimesFM3,h1,1,ARIMA,7.909605979919434,6.131441593170166,3.633213722904931,2.979726980880131,7.386493555861261,7.6697565941498205,1.5825285397124091,0.0,0.0,2.0235687115779846,3.2490691437084585,True
D2,24,115,TimesFM3,h1_6,1,ARIMA,7.909605979919434,6.131441593170166,1.9877013109017765,2.0127988857010255,4.01037557210219,4.137819939407071,0.8529112914342627,0.5,0.5,2.888866634551846,4.625149364141897,True
D2,24,115,TimesFM3,h1_12,1,ARIMA,7.909605979919434,6.131441593170166,1.907176857319787,1.7962932856699168,3.8377350819841864,3.93823251343914,0.7391441542688113,0.4166666666666667,0.75,3.2738713396296717,5.27835220254025,True
D2,24,116,TimesFM3,h1,1,ARIMA,7.909605979919434,6.131441593170166,0.9866018548962894,0.7783600133604283,1.534369215273389,1.5226873919796962,0.3298632756727114,0.0,1.0,1.9999030042219157,3.2229178539731387,True
D2,24,116,TimesFM3,h1_6,1,ARIMA,7.909605979919434,6.131441593170166,2.502723849136866,2.0690894091830314,3.8575551550171427,3.7777782118425947,0.9843856834334048,0.0,0.16666666666666666,2.6085516114893257,4.193403544124636,True
D2,24,116,TimesFM3,h1_12,1,ARIMA,7.909605979919434,6.131441593170166,3.0449809754021766,2.5734132581045395,4.67011860011673,4.548962657160261,1.2402651602206152,0.08333333333333333,0.16666666666666666,2.812902218233384,4.545396884229603,True
D2,24,117,TimesFM3,h1,1,ARIMA,7.909605979919434,6.131441593170166,1.5352542918107157,1.1657375425937908,2.64900921567139,2.6143816107703284,0.5554863032881165,0.0,0.0,2.0227536923732923,3.140549729116352,True
D2,24,117,TimesFM3,h1_6,1,ARIMA,7.909605979919434,6.131441593170166,1.0204852950776582,0.8328851180866752,1.7733662444957843,1.7684225157259106,0.3641969923482812,0.6666666666666666,0.8333333333333334,2.4228848961027554,3.836014316396358,True
D2,24,117,TimesFM3,h1_12,1,ARIMA,7.909605979919434,6.131441593170166,1.4363488174770374,1.2504505172040554,2.4903632233439477,2.4567937705491354,0.50822514930959,0.5,0.75,2.922596301780988,4.686230756877551,True
D2,24,118,TimesFM3,h1,1,ARIMA,7.909605979919434,6.131441593170166,0.5078097136401328,0.40540861573192766,0.8728113238460544,0.8690188762668462,0.2110429389071342,1.0,1.0,2.198464961195592,3.5671716534872093,True
D2,24,118,TimesFM3,h1_6,1,ARIMA,7.909605979919434,6.131441593170166,1.3785032850153196,1.1945115752916047,2.4302310070362876,2.464481610618638,0.48112195370147326,0.8333333333333334,1.0,3.5324217338812276,5.733734531347902,True
D2,24,118,TimesFM3,h1_12,1,ARIMA,7.909605979919434,6.131441593170166,1.5461891601511222,1.36182162654619,2.679551310455638,2.671442823864749,0.5539080357646095,0.75,1.0,4.118056822637873,6.80579393813188,True
D2,24,119,TimesFM3,h1,1,ARIMA,7.909605979919434,6.131441593170166,0.5644896498720651,0.45820220029818465,1.031100316591679,1.036443703746994,0.21956849184761218,1.0,1.0,2.1993642010536227,3.456276733260711,True
D2,24,119,TimesFM3,h1_6,1,ARIMA,7.909605979919434,6.131441593170166,1.2351323463092012,1.2251571486898851,2.199405862300392,2.166678769250765,0.4610368492415127,0.6666666666666666,0.8333333333333334,2.845168076127151,4.498974186243332,True
D2,24,119,TimesFM3,h1_12,1,ARIMA,7.909605979919434,6.131441593170166,1.1438206994864937,1.0712235614837973,2.035568585348643,2.0105907218161634,0.42585403591670334,0.8333333333333334,0.9166666666666666,3.1455889874799046,5.032832257037242,True
D2,24,120,TimesFM3,h1,1,ARIMA,7.909605979919434,6.131441593170166,1.1393351203742308,0.942470732895496,2.5652521513794952,2.532766231261076,0.3671805280841594,0.0,1.0,2.162837766584458,3.3483012432250567,True
D2,24,120,TimesFM3,h1_6,1,ARIMA,7.909605979919434,6.131441593170166,0.9662798821243387,0.8359018567220737,2.165158339364226,2.158713360641144,0.33527618914979473,0.6666666666666666,1.0,2.5323821684352144,3.946350565298702,True
D2,24,120,TimesFM3,h1_12,1,ARIMA,7.909605979919434,6.131441593170166,0.8964931716967104,0.7845690413173034,2.0001637718315397,1.9888505178961635,0.32225406027341047,0.8333333333333334,1.0,2.6313105627598743,4.131794238821193,True
D2,24,121,TimesFM3,h1,1,ARIMA,7.909605979919434,6.131441593170166,1.8270720907157505,1.4456958459781821,3.006861310728597,3.052757401334157,0.6778284282161546,0.0,0.0,2.1277482544924164,3.409670022405437,True
D2,24,121,TimesFM3,h1_6,1,ARIMA,7.909605979919434,6.131441593170166,1.218621316597201,1.0721364941130875,1.993539555529353,2.0170112623867706,0.4553382298654436,0.5,0.8333333333333334,2.7863657836840914,4.446076734722869,True
D2,24,121,TimesFM3,h1_12,1,ARIMA,7.909605979919434,6.131441593170166,1.7684476192914163,1.746154160123934,2.8253799857046245,2.7896586969337664,0.6770541591860526,0.4166666666666667,0.75,3.1188104806612515,5.004389157665216,True
D2,24,122,TimesFM3,h1,1,ARIMA,7.909605979919434,6.131441593170166,0.21840264563878445,0.17500539045704336,0.25447728960696747,0.25480149557687853,0.16066692441436817,1.0,1.0,2.0034339827608694,3.4165999003808505,True
D2,24,122,TimesFM3,h1_6,1,ARIMA,7.909605979919434,6.131441593170166,0.8833179299665975,0.8191903473324754,1.0329275066958608,1.0376322060653669,0.35290319175361085,1.0,1.0,3.2813632640442068,5.541922014751402,True
D2,24,122,TimesFM3,h1_12,1,ARIMA,7.909605979919434,6.131441593170166,0.9785636645088165,0.8904688355757169,1.1499256487256104,1.1517921138291858,0.4139504193233703,1.0,1.0,4.032168938857471,6.873103530024328,True
D2,24,123,TimesFM3,h1,1,ARIMA,7.909605979919434,6.131441593170166,0.32702380123820624,0.24516328626254646,0.617681542916041,0.6195951052189153,0.25973102969313006,1.0,1.0,3.2754205059496537,5.242074582610794,True
D2,24,123,TimesFM3,h1_6,1,ARIMA,7.909605979919434,6.131441593170166,0.5651125850351563,0.5000899882796702,1.050501483120353,1.04727135752346,0.3841194165643036,1.0,1.0,4.672435047093908,7.619353195084517,True
D2,24,123,TimesFM3,h1_12,1,ARIMA,7.909605979919434,6.131441593170166,0.998252454326334,1.002881939471325,1.8627440780656122,1.8860977050275876,0.5098184381094367,1.0,1.0,5.38749318847517,9.027861879828023,True
D2,24,124,TimesFM3,h1,1,ARIMA,7.909605979919434,6.131441593170166,0.35157926306154597,0.28468424275807447,0.6866945660586072,0.6890604363452284,0.1724086266172958,1.0,1.0,1.9958464896094672,3.1620333481048535,True
D2,24,124,TimesFM3,h1_6,1,ARIMA,7.909605979919434,6.131441593170166,2.4562613592129603,2.3191552136715634,4.605600292075248,4.468499354172454,0.9560587000557297,0.16666666666666666,0.3333333333333333,2.7993155777110785,4.46449460189506,True
D2,24,124,TimesFM3,h1_12,1,ARIMA,7.909605979919434,6.131441593170166,2.367651362257712,2.285068078015943,4.445807930636249,4.311936902660384,0.9299499641553429,0.3333333333333333,0.4166666666666667,3.366945006126934,5.394534093342366,True
D2,24,125,TimesFM3,h1,1,ARIMA,7.909605979919434,6.131441593170166,2.4127437063488677,2.0548741855050325,4.381772368371017,4.479922368607066,0.950682868011093,0.0,0.0,1.9193641316740881,3.0547424547531064,True
D2,24,125,TimesFM3,h1_6,1,ARIMA,7.909605979919434,6.131441593170166,1.393685089010968,1.3857845059156206,2.5131357129775473,2.5421229584226044,0.5427582491941072,0.5,0.6666666666666666,2.7455249459614466,4.358964196992846,True
D2,24,125,TimesFM3,h1_12,1,ARIMA,7.909605979919434,6.131441593170166,1.4089594138410189,1.325703630788622,2.5343194765444292,2.5490550273490804,0.5152921496961074,0.6666666666666666,0.8333333333333334,3.0634594459247433,4.879927747255976,True
D2,24,126,TimesFM3,h1,1,ARIMA,7.909605979919434,6.131441593170166,1.8572293070081107,1.486749513396722,3.277066593378291,3.224236406297139,0.7898658990035111,0.0,0.0,1.0820987022018516,1.8636092639677373,True
D2,24,126,TimesFM3,h1_6,1,ARIMA,7.909605979919434,6.131441593170166,1.6355282820508157,1.4250370112524786,2.869093319286709,2.8807245388518226,0.6492331190403374,0.16666666666666666,0.3333333333333333,1.5692490236479866,2.6216957900057327,True
D2,24,126,TimesFM3,h1_12,1,ARIMA,7.909605979919434,6.131441593170166,2.4099165742218056,2.1243914690008143,4.216683221851788,4.308796384684532,1.0015112527385934,0.08333333333333333,0.16666666666666666,1.704536024978781,2.8689246803172335,True
D2,24,127,TimesFM3,h1,1,ARIMA,7.909605979919434,6.131441593170166,2.2021723210888093,1.792678406366525,3.096645762606984,3.049430728882201,0.7962035764401569,0.0,0.0,2.4649461971251942,3.99916945755925,True
D2,24,127,TimesFM3,h1_6,1,ARIMA,7.909605979919434,6.131441593170166,2.2147427289015043,1.899049434170453,3.1520122176855216,3.098215374093773,0.7796660925508361,0.16666666666666666,0.6666666666666666,3.0944095485126546,5.034466519157826,True
D2,24,127,TimesFM3,h1_12,1,ARIMA,7.909605979919434,6.131441593170166,1.978593085522525,1.7467696886460542,2.8303814294012115,2.7877537899602784,0.6989322226215035,0.3333333333333333,0.8333333333333334,3.3674091534077113,5.56527349303334,True
D2,24,128,TimesFM3,h1,1,ARIMA,7.909605979919434,6.131441593170166,0.9099128763557919,0.7042632330238313,1.8818602671448765,1.899735450456379,0.30567289094120087,1.0,1.0,2.1935233920497903,3.61393615547841,True
D2,24,128,TimesFM3,h1_6,1,ARIMA,7.909605979919434,6.131441593170166,0.811376002698582,0.8193181141830316,1.6797706419507075,1.7045537113765583,0.39788990089179244,0.8333333333333334,1.0,3.6763886854961223,6.023136456768091,True
D2,24,128,TimesFM3,h1_12,1,ARIMA,7.909605979919434,6.131441593170166,0.7535679359795966,0.7602752869611534,1.5498589165584815,1.5708242762336049,0.41385892118608003,0.9166666666666666,1.0,4.301950924095416,7.156443242813713,True
D2,24,129,TimesFM3,h1,1,ARIMA,7.909605979919434,6.131441593170166,0.5168865872676838,0.42814023460729767,1.2166234200315735,1.2092673054073881,0.18021649987887878,1.0,1.0,1.6575246695619656,2.635756656983293,True
D2,24,129,TimesFM3,h1_6,1,ARIMA,7.909605979919434,6.131441593170166,0.7065523632890626,0.826182269314496,1.6818911573323725,1.695911896940731,0.3044868333045251,0.6666666666666666,0.8333333333333334,2.0059145200209487,3.2089366536721466,True
D2,24,129,TimesFM3,h1_12,1,ARIMA,7.909605979919434,6.131441593170166,0.6999285045679347,0.7425753983251452,1.6544638963875493,1.6588065894390258,0.28988910516662875,0.75,0.9166666666666666,2.229772160833213,3.5754835636417686,True
D2,24,130,TimesFM3,h1,1,ARIMA,7.909605979919434,6.131441593170166,1.4182801695005645,1.1088729135748252,2.931827145532183,2.9754445916513346,0.5195601381197998,0.0,0.0,1.713358399950324,2.7891869210543874,True
D2,24,130,TimesFM3,h1_6,1,ARIMA,7.909605979919434,6.131441593170166,1.6134651848034247,1.3485140511642526,3.2278733551511305,3.18761433733366,0.5639068931309431,0.3333333333333333,0.6666666666666666,2.5476697285932612,4.050133270979708,True
D2,24,130,TimesFM3,h1_12,1,ARIMA,7.909605979919434,6.131441593170166,2.2609057167112354,2.0952036741952638,4.449059685368659,4.325483065776915,0.8743227550346394,0.3333333333333333,0.5,2.848868818103813,4.502496544922756,True
D2,24,131,TimesFM3,h1,1,ARIMA,7.909605979919434,6.131441593170166,0.9250664949095273,0.8120402050947437,1.3677750852387511,1.377193540298612,0.3220870048367166,1.0,1.0,2.7649615255657554,4.490196595713782,True
D2,24,131,TimesFM3,h1_6,1,ARIMA,7.909605979919434,6.131441593170166,1.3132407906800583,1.9809461264273176,1.917550873498281,1.8686584164262319,0.6028692325892095,0.8333333333333334,0.8333333333333334,3.9603037297355947,6.502350506643715,True
D2,24,131,TimesFM3,h1_12,1,ARIMA,7.909605979919434,6.131441593170166,1.95681798977024,2.4131641063005635,2.9083291680845837,2.907376437097232,0.8058438887806083,0.6666666666666666,0.8333333333333334,4.638199649867387,7.713935470584489,True
D2,24,132,TimesFM3,h1,1,ARIMA,7.909605979919434,6.131441593170166,0.6397022864922035,0.4802355992241197,0.9399622359785537,0.9444007411400626,0.22649530661229553,1.0,1.0,2.050951479924297,3.2582464134965257,True
D2,24,132,TimesFM3,h1_6,1,ARIMA,7.909605979919434,6.131441593170166,1.2707085856469624,1.061440733025783,1.8383098648166902,1.8347091654630154,0.44401300220722834,0.5,1.0,2.6827965274510106,4.306657650875565,True
D2,24,132,TimesFM3,h1_12,1,ARIMA,7.909605979919434,6.131441593170166,1.2390114324504058,1.0027522816408,1.8017905943428996,1.806592586560531,0.43517941066624877,0.75,1.0,3.136370842926174,5.091826062598126,True
D2,24,133,TimesFM3,h1,1,ARIMA,7.909605979919434,6.131441593170166,2.0507028705605186,1.7027903784275769,2.662783633859014,2.6987140924481925,0.767594456204371,0.0,0.0,2.0372351764930494,3.1461489746677462,True
D2,24,133,TimesFM3,h1_6,1,ARIMA,7.909605979919434,6.131441593170166,1.6506655853847918,1.5750592883622878,2.140630033351337,2.1701679209303517,0.6209604805102209,0.5,0.5,2.422852874418359,3.808917589063476,True
D2,24,133,TimesFM3,h1_12,1,ARIMA,7.909605979919434,6.131441593170166,2.0045513883160906,1.9763410275943891,2.5491506102906416,2.5391930149350332,0.7933924128619946,0.4166666666666667,0.5,2.618826166184914,4.186414194572304,True
D2,24,134,TimesFM3,h1,1,ARIMA,7.909605979919434,6.131441593170166,1.8106840886815154,1.5120001462819996,4.040268096095525,3.9602654258351646,0.6637793998921769,0.0,0.0,2.124336331788152,3.3610051637948763,True
D2,24,134,TimesFM3,h1_6,1,ARIMA,7.909605979919434,6.131441593170166,1.5933572884616656,1.495311326653567,3.609157623981078,3.52896571544573,0.6041065283212421,0.3333333333333333,0.5,2.739458224841706,4.3337371107039315,True
D2,24,134,TimesFM3,h1_12,1,ARIMA,7.909605979919434,6.131441593170166,1.2618428548798546,1.1979899325764904,2.882208191868925,2.839253771529184,0.4738120890415049,0.6666666666666666,0.75,2.939278920478264,4.6825138315465145,True
D2,24,135,TimesFM3,h1,1,ARIMA,7.909605979919434,6.131441593170166,1.3071075991543941,1.045837148348825,2.466631214528429,2.4365804870975007,0.4395823807141528,0.0,1.0,2.1702824578861626,3.5038712768932974,True
D2,24,135,TimesFM3,h1_6,1,ARIMA,7.909605979919434,6.131441593170166,2.7270996396538427,2.353553656404924,5.05113192807014,4.908563317800315,0.974962252674569,0.0,0.6666666666666666,3.7611129198055746,6.02074100160129,True
D2,24,135,TimesFM3,h1_12,1,ARIMA,7.909605979919434,6.131441593170166,3.2105771594099743,2.7378171226750503,5.93312499834239,5.74125876604898,1.1377947675186064,0.08333333333333333,0.5833333333333334,4.74102796271698,7.703944281439699,True
D2,24,136,TimesFM3,h1,1,ARIMA,7.909605979919434,6.131441593170166,0.7836551602276685,0.6770208576457907,1.1991706081463893,1.192023410953202,0.26544289531204285,1.0,1.0,2.1115661366751937,3.270893725631466,True
D2,24,136,TimesFM3,h1_6,1,ARIMA,7.909605979919434,6.131441593170166,3.2157072008168304,3.300354307026369,5.137145271272132,5.3255800902181205,1.308168313810359,0.3333333333333333,0.5,2.8510532847067185,4.444720722165031,True
D2,24,136,TimesFM3,h1_12,1,ARIMA,7.909605979919434,6.131441593170166,2.1864528471381743,2.478385198248585,3.457155685527766,3.5438931398630227,0.8875700626372458,0.5,0.75,3.363428104819501,5.308187808565004,True
D2,24,137,TimesFM3,h1,1,ARIMA,7.909605979919434,6.131441593170166,0.7181972080353141,0.5820125532954803,0.934367156418263,0.9300222452149269,0.24021751046435919,1.0,1.0,1.72331179162485,2.995323853796805,True
D2,24,137,TimesFM3,h1_6,1,ARIMA,7.909605979919434,6.131441593170166,1.9807286608275656,1.8942013431292952,2.6462366811535842,2.6953962849717157,0.7272303433788233,0.3333333333333333,0.8333333333333334,2.877514617720375,5.097309568412795,True
D2,24,137,TimesFM3,h1_12,1,ARIMA,7.909605979919434,6.131441593170166,3.220259895756084,2.916163672762508,4.345350665089254,4.46709217380923,1.2030920004741616,0.16666666666666666,0.5833333333333334,3.7192497023510853,6.623023220293964,True
D2,24,138,TimesFM3,h1,1,ARIMA,7.909605979919434,6.131441593170166,0.4020569425264082,0.3012268452464819,0.6706549163676219,0.6729113729704335,0.17296620729707132,1.0,1.0,1.823386635933006,3.0474049970977064,True
D2,24,138,TimesFM3,h1_6,1,ARIMA,7.909605979919434,6.131441593170166,1.4247633457260176,1.2603231507414296,2.401382898405384,2.442459262636552,0.5416184886319863,0.5,0.6666666666666666,2.557934245150029,4.258533963827078,True
D2,24,138,TimesFM3,h1_12,1,ARIMA,7.909605979919434,6.131441593170166,1.011850889271644,0.9614756796561145,1.6977864569783716,1.7184278050416373,0.42039288765764443,0.75,0.8333333333333334,2.9128491709073034,4.872951044883775,True
D2,24,139,TimesFM3,h1,1,ARIMA,7.909605979919434,6.131441593170166,2.4130980983502717,1.8264366125716713,3.1954599201620546,3.2473437034183745,0.8942163236700819,0.0,0.0,2.7036886853279176,4.262463043446123,True
D2,24,139,TimesFM3,h1_6,1,ARIMA,7.909605979919434,6.131441593170166,1.5834814469570224,1.483380206753422,2.1040574702319326,2.1375725219495796,0.6149912812928391,0.6666666666666666,0.6666666666666666,3.8717347661285837,6.098377229270995,True
D2,24,139,TimesFM3,h1_12,1,ARIMA,7.909605979919434,6.131441593170166,2.8383241480887125,2.5283566006124922,3.8340672350103855,3.939358762555207,1.0640033860884102,0.4166666666666667,0.5833333333333334,4.81933861031661,7.603034823465665,True
D2,24,140,TimesFM3,h1,1,ARIMA,7.909605979919434,6.131441593170166,1.0048123666089,0.8076290326552327,1.8798264230452177,1.8623222105471646,0.3274978636027595,1.0,1.0,2.134060881278131,3.2946237242553713,True
D2,24,140,TimesFM3,h1_6,1,ARIMA,7.909605979919434,6.131441593170166,1.2472424482096756,1.0355054758425224,2.317870672465861,2.289626130714946,0.43469861034836943,0.6666666666666666,0.8333333333333334,2.6938500548215427,4.218683582535711,True
D2,24,140,TimesFM3,h1_12,1,ARIMA,7.909605979919434,6.131441593170166,1.1954824337022094,1.0321533207553502,2.2441466255762808,2.239720005465698,0.42531365484186484,0.6666666666666666,0.9166666666666666,2.9569821782271815,4.677460228306976,True
D2,24,141,TimesFM3,h1,1,ARIMA,7.909605979919434,6.131441593170166,1.0933921908176898,0.9906316210501045,2.4857878335961408,2.5170723730015823,0.36684982926796705,0.0,1.0,1.6983644853156592,2.7869070633256308,True
D2,24,141,TimesFM3,h1_6,1,ARIMA,7.909605979919434,6.131441593170166,1.3159289092408408,1.329368427846618,3.017024616471305,3.074881426225677,0.48130528843877285,0.3333333333333333,1.0,2.8707463540058913,4.6083037806516325,True
D2,24,141,TimesFM3,h1_12,1,ARIMA,7.909605979919434,6.131441593170166,0.824772024498484,0.9678440448881497,1.8843771040225368,1.913798172051098,0.3893536442185363,0.6666666666666666,1.0,3.316071619677853,5.331072079842699,True
D2,24,142,TimesFM3,h1,1,ARIMA,7.909605979919434,6.131441593170166,1.1596755994152068,0.9555462849292607,2.2791899219444267,2.253509046406525,0.3775161761042647,0.0,1.0,2.1079563996788218,3.3724722632919115,True
D2,24,142,TimesFM3,h1_6,1,ARIMA,7.909605979919434,6.131441593170166,1.2591203196409422,1.1959026474024579,2.456472580253708,2.4185187969421134,0.46965299449214215,0.3333333333333333,1.0,2.909321426740928,4.609864902807239,True
D2,24,142,TimesFM3,h1_12,1,ARIMA,7.909605979919434,6.131441593170166,0.9935539482965675,0.9621575518592721,1.9408607287396085,1.9185144678205996,0.403651383428912,0.6666666666666666,1.0,3.287124182157998,5.241646943810431,True
D2,24,143,TimesFM3,h1,1,ARIMA,7.909605979919434,6.131441593170166,0.8275112893851907,0.6392399131494351,1.6397372090791007,1.6532920313857866,0.2730500353792693,1.0,1.0,1.8692562039345975,2.9586958375227868,True
D2,24,143,TimesFM3,h1_6,1,ARIMA,7.909605979919434,6.131441593170166,1.2338764196342231,1.169605349297022,2.477309284204921,2.524729283475095,0.49248612559580807,0.5,0.6666666666666666,2.079637465918638,3.3281729651296175,True
D2,24,143,TimesFM3,h1_12,1,ARIMA,7.909605979919434,6.131441593170166,0.9040066402850193,0.9272940910910539,1.810293461552109,1.8392135228658169,0.3802054584425065,0.6666666666666666,0.8333333333333334,2.2284995283524123,3.595739215340807,True
D2,24,144,TimesFM3,h1,1,ARIMA,7.909605979919434,6.131441593170166,1.7773180166613296,1.5058353667450888,3.151600828132074,3.202058885305354,0.6188054915268241,0.0,0.0,2.1832917015529385,3.399901563940028,True
D2,24,144,TimesFM3,h1_6,1,ARIMA,7.909605979919434,6.131441593170166,1.0353175278586249,0.9410350792259251,1.7986216596006386,1.7974967287688541,0.3665703143455734,0.8333333333333334,0.8333333333333334,2.568837427747918,4.056093190332748,True
D2,24,144,TimesFM3,h1_12,1,ARIMA,7.909605979919434,6.131441593170166,1.0062438424500493,0.9756522730548708,1.7439418070417514,1.7429675766095358,0.3803199082475693,0.75,0.9166666666666666,2.855306588741518,4.561774435226211,True
D2,24,145,TimesFM3,h1,1,ARIMA,7.909605979919434,6.131441593170166,0.6596917774975432,0.4898246623850047,1.1313476222223238,1.124983883016876,0.25091000413527864,1.0,1.0,2.46352846951765,3.942442909208831,True
D2,24,145,TimesFM3,h1_6,1,ARIMA,7.909605979919434,6.131441593170166,1.7821132365483334,1.4637781684326825,3.126738887603537,3.1774825409706144,0.6158763137355663,0.5,0.8333333333333334,3.3418486146326045,5.340777599725773,True
D2,24,145,TimesFM3,h1_12,1,ARIMA,7.909605979919434,6.131441593170166,2.5514944228421093,2.0692232601773752,4.541860376647878,4.664451916899875,0.9093354802996083,0.25,0.5833333333333334,3.7898756683717174,6.123423212028946,True
D2,24,146,TimesFM3,h1,1,ARIMA,7.909605979919434,6.131441593170166,0.6745069922217298,0.5563283756810476,1.2807663322052494,1.2726167090316018,0.2478285539633919,1.0,1.0,2.381320660389238,3.72756710533931,True
D2,24,146,TimesFM3,h1_6,1,ARIMA,7.909605979919434,6.131441593170166,1.001350011378487,0.8925184789916663,1.9175322757048185,1.935988937614266,0.3638620147668793,1.0,1.0,3.0016762570670843,4.715800491045278,True
D2,24,146,TimesFM3,h1_12,1,ARIMA,7.909605979919434,6.131441593170166,0.9314069319575742,0.8968558787976255,1.7662055302927377,1.7717020923904914,0.3766801295006194,0.9166666666666666,1.0,3.3268610817402804,5.2951816815508925,True
D2,24,147,TimesFM3,h1,1,ARIMA,7.909605979919434,6.131441593170166,1.9227595912022113,1.6177789681419017,3.454191809794941,3.395547448856883,0.7072436371872004,0.0,0.0,2.0859851294546963,3.2579918722210626,True
D2,24,147,TimesFM3,h1_6,1,ARIMA,7.909605979919434,6.131441593170166,1.3714997168613636,1.355385426741488,2.4915788284480644,2.4773233176175244,0.5343667237320532,0.5,0.6666666666666666,2.6072788540894387,4.133066537037412,True
D2,24,147,TimesFM3,h1_12,1,ARIMA,7.909605979919434,6.131441593170166,1.4107207952591665,1.4465087078229526,2.5402295641881416,2.5084606069985584,0.5454958205318705,0.5833333333333334,0.75,2.9621993131412534,4.74988150167977,True
D2,24,148,TimesFM3,h1,1,ARIMA,7.909605979919434,6.131441593170166,1.5038714054175748,1.1957714264613,2.568286076825866,2.6016955693605066,0.49519800325708346,0.0,1.0,2.5479488457934507,3.997318006808898,True
D2,24,148,TimesFM3,h1_6,1,ARIMA,7.909605979919434,6.131441593170166,2.3090371760038884,2.030730132276014,4.012094555345115,4.114004606866596,0.775527893803139,0.3333333333333333,1.0,4.10641362411157,6.436406328078664,True
D2,24,148,TimesFM3,h1_12,1,ARIMA,7.909605979919434,6.131441593170166,2.628509077303523,2.3397436326380063,4.606636275091698,4.745156827942642,0.9094575923498923,0.4166666666666667,1.0,5.275189203410144,8.347670330180373,True
D2,24,149,TimesFM3,h1,1,ARIMA,7.909605979919434,6.131441593170166,1.0475451904426822,0.779854149532058,1.843439458975957,1.82660329601709,0.3626921025306104,0.0,1.0,1.7736169635185877,2.849677102544723,True
D2,24,149,TimesFM3,h1_6,1,ARIMA,7.909605979919434,6.131441593170166,0.565242007981642,0.49380085299738696,1.0006104347511682,0.994274821925488,0.2738241046173671,0.8333333333333334,1.0,2.755060824251178,4.448991874147951,True
D2,24,149,TimesFM3,h1_12,1,ARIMA,7.909605979919434,6.131441593170166,0.9564809964304506,0.9079488418354547,1.6980049194695361,1.6786527867381396,0.39937414051020453,0.8333333333333334,1.0,3.476880464054994,5.656098593496429,True
D2,24,150,TimesFM3,h1,1,ARIMA,7.909605979919434,6.131441593170166,3.0230268299912764,2.4209882006212884,4.358270671054427,4.265323499502228,1.2252683764060532,0.0,0.0,2.6622789483305485,4.2171436241224125,True
D2,24,150,TimesFM3,h1_6,1,ARIMA,7.909605979919434,6.131441593170166,1.744922288690754,1.6038999296932135,2.6446674144288167,2.6589057510869947,0.6771728720677275,0.5,0.5,3.2278370087617265,5.183211886534341,True
D2,24,150,TimesFM3,h1_12,1,ARIMA,7.909605979919434,6.131441593170166,1.739696437739741,1.6495382040396924,2.6662041586616008,2.697602233868012,0.6894608914080573,0.5,0.5833333333333334,3.356684958133693,5.460630182788266,True
D2,24,151,TimesFM3,h1,1,ARIMA,7.909605979919434,6.131441593170166,0.7629870385152886,0.6300204445575885,1.6311125374470874,1.6179175097733551,0.2532564951620828,1.0,1.0,1.8268745255412229,2.9734378781924358,True
D2,24,151,TimesFM3,h1_6,1,ARIMA,7.909605979919434,6.131441593170166,1.3985463772026214,1.3344101275627585,3.058466591299201,3.102631968312804,0.5040818748366818,0.5,1.0,3.1174978238044386,5.032233010655359,True
D2,24,151,TimesFM3,h1_12,1,ARIMA,7.909605979919434,6.131441593170166,1.1897574434548919,1.2305190851377723,2.554706984002209,2.5574838638937254,0.4756433990840913,0.6666666666666666,1.0,3.523765987804787,5.715327796305226,True
D2,24,152,TimesFM3,h1,1,ARIMA,7.909605979919434,6.131441593170166,0.06995227284605463,0.05871784893827426,0.143176488000392,0.14307406379050466,0.15100198893396702,1.0,1.0,1.9933926551390528,3.2230411747603593,True
D2,24,152,TimesFM3,h1_6,1,ARIMA,7.909605979919434,6.131441593170166,1.8890255418705495,1.856881927071671,3.970555818760308,4.082527567263444,0.6741552841568262,0.3333333333333333,0.6666666666666666,2.9196897223377802,4.713870889568748,True
D2,24,152,TimesFM3,h1_12,1,ARIMA,7.909605979919434,6.131441593170166,1.2517823431171138,1.4236388540620453,2.6189690777404286,2.6840355672903886,0.5142854859194445,0.5833333333333334,0.8333333333333334,3.2623905377056355,5.29522708203975,True
D2,24,153,TimesFM3,h1,1,ARIMA,7.909605979919434,6.131441593170166,0.251442096599021,0.21873924813339063,0.6068020242650055,0.6049665496303639,0.1543117894927339,1.0,1.0,1.9159096091341137,2.974588457787106,True
D2,24,153,TimesFM3,h1_6,1,ARIMA,7.909605979919434,6.131441593170166,0.7186683989817452,0.7214213622771187,1.6978604514954025,1.689597353042047,0.27564599559059794,0.8333333333333334,1.0,2.322281795974134,3.6193606833595484,True
D2,24,153,TimesFM3,h1_12,1,ARIMA,7.909605979919434,6.131441593170166,0.8071224801337574,0.8143030790088535,1.9183778509640692,1.926938666289836,0.30857348927359024,0.75,1.0,2.466031964514581,3.856044894033689,True
D2,24,154,TimesFM3,h1,1,ARIMA,7.909605979919434,6.131441593170166,1.5406924300077054,1.3261355926498148,2.81530344351364,2.8554989232718233,0.5207542383799767,0.0,1.0,2.3399263809672464,3.5653242363366275,True
D2,24,154,TimesFM3,h1_6,1,ARIMA,7.909605979919434,6.131441593170166,1.1359494715828837,1.1003265037862227,2.0536428400133357,2.076229877555197,0.4096868876776797,0.6666666666666666,1.0,2.931554384190589,4.529232314302837,True
D2,24,154,TimesFM3,h1_12,1,ARIMA,7.909605979919434,6.131441593170166,0.9527887262929883,0.9778438443526084,1.7149147359066141,1.7324581473879146,0.39376594563669154,0.75,1.0,3.3903731423219354,5.294771183746129,True
D2,24,155,TimesFM3,h1,1,ARIMA,7.909605979919434,6.131441593170166,2.0228606129208546,1.6163283418539263,2.8999334548117637,2.94260017831796,0.7271482657680152,0.0,0.0,2.132263581897762,3.378708416635065,True
D2,24,155,TimesFM3,h1_6,1,ARIMA,7.909605979919434,6.131441593170166,4.080587153090277,3.5746496591529073,5.983666450119817,6.2095560745271134,1.6021957026618878,0.0,0.16666666666666666,3.315971942924976,5.28521600167107,True
D2,24,155,TimesFM3,h1_12,1,ARIMA,7.909605979919434,6.131441593170166,3.2611854622803906,2.96531945104741,4.771310048593654,4.9256564747308325,1.2386027503182617,0.3333333333333333,0.5,4.120942174045173,6.6640423640482345,True
D2,24,156,TimesFM3,h1,1,ARIMA,7.909605979919434,6.131441593170166,0.17418937396803633,0.14614618878391586,0.28290988007050655,0.2825102553581962,0.17174521910039758,1.0,1.0,2.2016954411726375,3.5217430380922488,True
D2,24,156,TimesFM3,h1_6,1,ARIMA,7.909605979919434,6.131441593170166,1.6543289588509786,1.6858210503773203,2.6923223609766396,2.6777979450992944,0.6357966283210016,0.3333333333333333,0.6666666666666666,2.88076484381713,4.588124549149367,True
D2,24,156,TimesFM3,h1_12,1,ARIMA,7.909605979919434,6.131441593170166,1.648908420041894,1.5839616767909168,2.6833075865057285,2.6624646387923794,0.601349447559363,0.5833333333333334,0.8333333333333334,3.289121351278135,5.250028379127566,True
D2,24,157,TimesFM3,h1,1,ARIMA,7.909605979919434,6.131441593170166,0.915546825914402,0.7757861024189556,1.8770500840886217,1.8948335716637486,0.3050747502641483,0.0,1.0,1.8947212787189114,2.979770261253902,True
D2,24,157,TimesFM3,h1_6,1,ARIMA,7.909605979919434,6.131441593170166,1.2553411013363789,1.3209831043485012,2.5689127713711772,2.6165780289303737,0.5174096493474714,0.5,0.6666666666666666,2.8280478361217325,4.482375515625374,True
D2,24,157,TimesFM3,h1_12,1,ARIMA,7.909605979919434,6.131441593170166,1.000262374977997,1.0874068221059061,2.021744861017719,2.0388517665304544,0.43791182989130506,0.75,0.8333333333333334,3.250296031047658,5.223623098598143,True
D2,24,158,TimesFM3,h1,1,ARIMA,7.909605979919434,6.131441593170166,0.9116713835703499,0.7093020369681671,1.8264346576084463,1.843267697639541,0.3114866216869922,1.0,1.0,2.402356255568665,3.7969412300341094,True
D2,24,158,TimesFM3,h1_6,1,ARIMA,7.909605979919434,6.131441593170166,1.228225029379296,0.9762643549629637,2.4161586427701294,2.4471844319882075,0.41565110082370327,0.6666666666666666,1.0,3.016586431513087,4.8303237244781485,True
D2,24,158,TimesFM3,h1_12,1,ARIMA,7.909605979919434,6.131441593170166,1.5869258578515617,1.3114413779615703,3.1234157110244927,3.179902625274067,0.5373964406945805,0.5,0.9166666666666666,3.2186065731570337,5.2438680046911985,True
D2,24,159,TimesFM3,h1,1,ARIMA,7.909605979919434,6.131441593170166,2.541233276810527,2.155394710162888,4.221893106635291,4.134613622870309,1.031358219417744,0.0,0.0,2.1991894791625866,3.491606049120382,True
D2,24,159,TimesFM3,h1_6,1,ARIMA,7.909605979919434,6.131441593170166,2.0122572332390427,1.8400019848141802,3.3735584636950664,3.3091012720591726,0.7654729759229704,0.5,0.5,3.107771329608084,4.947600388828753,True
D2,24,159,TimesFM3,h1_12,1,ARIMA,7.909605979919434,6.131441593170166,2.1336822968817297,1.9590665680961663,3.610331098196643,3.556013018066488,0.7849340939995332,0.4166666666666667,0.5833333333333334,3.4715847256439565,5.591282836819562,True
D2,24,160,TimesFM3,h1,1,ARIMA,7.909605979919434,6.131441593170166,0.30496536553185283,0.24714165802645285,0.5087738605657166,0.5074828904190688,0.17187506785444007,1.0,1.0,2.0947666660006097,3.4214784975914094,True
D2,24,160,TimesFM3,h1_6,1,ARIMA,7.909605979919434,6.131441593170166,0.8986781261854003,0.8548192425798908,1.4967422015726513,1.481531789493695,0.3856043144155891,1.0,1.0,3.891429178692976,6.29171521418989,True
D2,24,160,TimesFM3,h1_12,1,ARIMA,7.909605979919434,6.131441593170166,1.0115402755393261,0.9799834871621976,1.6872265997578868,1.6691979370596435,0.46498707446120396,1.0,1.0,4.734620415990026,7.790485286742487,True
D2,24,161,TimesFM3,h1,1,ARIMA,7.909605979919434,6.131441593170166,0.48853790131197167,0.3664940928213232,0.8181402589391756,0.8148071263723968,0.21287578562675066,1.0,1.0,2.3034831552242894,3.6821957750730805,True
D2,24,161,TimesFM3,h1_6,1,ARIMA,7.909605979919434,6.131441593170166,1.8927315438582346,1.721115623160006,3.263929004612938,3.3440570577025985,0.7506245869159202,0.5,0.5,2.8371519086023076,4.480299054299315,True
D2,24,161,TimesFM3,h1_12,1,ARIMA,7.909605979919434,6.131441593170166,1.5510684603293359,1.4119701344868225,2.6585326579610618,2.7074984447398664,0.5992132685381216,0.5833333333333334,0.75,3.066916711853708,4.823090567104511,True
D2,24,162,TimesFM3,h1,1,ARIMA,7.909605979919434,6.131441593170166,1.1315315055220796,0.8349959192326698,1.8356555158570023,1.8526597412219028,0.37800495362497255,1.0,1.0,2.633140425586008,4.254113029299865,True
D2,24,162,TimesFM3,h1_6,1,ARIMA,7.909605979919434,6.131441593170166,1.5314909386984632,1.4831246322343221,2.3904127770727532,2.3493974565263627,0.6118974979774001,0.8333333333333334,0.8333333333333334,4.3455507962818345,6.922917849940597,True
D2,24,162,TimesFM3,h1_12,1,ARIMA,7.909605979919434,6.131441593170166,1.2230248240623236,1.217901877274398,1.9322049878560916,1.9209583601578615,0.5787391104056098,0.9166666666666666,0.9166666666666666,5.2551200804477265,8.53079551782777,True
D2,24,163,TimesFM3,h1,1,ARIMA,7.909605979919434,6.131441593170166,2.9730939388871653,2.3835609980858505,4.009395707050009,4.0914162406041745,1.3285761488984473,0.0,0.0,1.2268682428732778,2.0210208391309226,True
D2,24,163,TimesFM3,h1_6,1,ARIMA,7.909605979919434,6.131441593170166,1.9685144077067662,1.7031092843416042,2.626636857707039,2.6676871507931974,0.727361976337222,0.3333333333333333,0.8333333333333334,3.030929223486886,5.134776287139652,True
D2,24,163,TimesFM3,h1_12,1,ARIMA,7.909605979919434,6.131441593170166,3.5080006051037786,3.223600544804538,4.772340338526158,4.929626945682448,1.2947311328864675,0.25,0.6666666666666666,4.746071686169325,8.219776507826786,True
D2,24,164,TimesFM3,h1,1,ARIMA,7.909605979919434,6.131441593170166,0.041231814097256916,0.034104424281676954,0.07668681943786809,0.0766574263667963,0.14959329666832502,1.0,1.0,1.9971974502938745,3.198352473691179,True
D2,24,164,TimesFM3,h1_6,1,ARIMA,7.909605979919434,6.131441593170166,2.2729541995474456,2.0965328613022214,4.088892097406703,3.9878754629151874,0.8625590542298021,0.16666666666666666,0.3333333333333333,2.8294898615709845,4.528261427734211,True
D2,24,164,TimesFM3,h1_12,1,ARIMA,7.909605979919434,6.131441593170166,1.986821747211531,1.8768598207655671,3.5903084794564437,3.5292817225817763,0.7445547262236981,0.4166666666666667,0.5833333333333334,3.335570595637852,5.419366709866438,True
D2,24,165,TimesFM3,h1,1,ARIMA,7.909605979919434,6.131441593170166,0.6884108542880302,0.5912622444433292,1.204688312955958,1.2119886558013533,0.23701712264998484,1.0,1.0,2.1478111249550422,3.4447620123244977,True
D2,24,165,TimesFM3,h1_6,1,ARIMA,7.909605979919434,6.131441593170166,2.9502432304447024,2.805631472513675,5.3318342084539525,5.513598661004168,1.1166720784610467,0.3333333333333333,0.3333333333333333,3.1489827773628107,5.0771025369483285,True
D2,24,165,TimesFM3,h1_12,1,ARIMA,7.909605979919434,6.131441593170166,3.07178715640507,2.8609094825046317,5.577241320108838,5.767550315723058,1.1440934984759803,0.25,0.5,3.7312129596563377,6.128341507707877,True
D2,24,166,TimesFM3,h1,1,ARIMA,7.909605979919434,6.131441593170166,0.4802639238063191,0.3441261107996824,0.6738062493157506,0.6760839974283988,0.18327137924283926,1.0,1.0,1.7827551317385035,3.038324372290089,True
D2,24,166,TimesFM3,h1_6,1,ARIMA,7.909605979919434,6.131441593170166,1.156520183736215,0.950789400234816,1.6054476498959418,1.5922350504720173,0.4305914761758755,0.6666666666666666,1.0,3.392150053015842,5.693226128160004,True
D2,24,166,TimesFM3,h1_12,1,ARIMA,7.909605979919434,6.131441593170166,1.0432930260868554,0.8825817979172238,1.4457711517733107,1.4386305102664017,0.44964986153960845,0.8333333333333334,1.0,4.190685834569912,7.219505582477874,True
D2,24,167,TimesFM3,h1,1,ARIMA,7.909605979919434,6.131441593170166,1.0885922725878552,0.8846692624780945,1.9896020012338533,1.9700043779696141,0.3572010044664536,0.0,1.0,1.9874640037183642,3.1588905143070773,True
D2,24,167,TimesFM3,h1_6,1,ARIMA,7.909605979919434,6.131441593170166,1.6281547438452522,1.4718994421083014,3.0335359308870333,3.077296415205211,0.5701462428315535,0.16666666666666666,0.8333333333333334,2.7474765697858676,4.390845998266499,True
D2,24,167,TimesFM3,h1_12,1,ARIMA,7.909605979919434,6.131441593170166,1.8379897590562866,1.650578733852302,3.4086546346560445,3.4439114311639236,0.6501582966388416,0.25,0.8333333333333334,3.097512394715455,4.978643458515495,True
D2,24,168,TimesFM3,h1,1,ARIMA,7.909605979919434,6.131441593170166,1.2960810278817965,1.0365998602911461,2.6080214510996678,2.5744503425093908,0.4499202989911406,0.0,1.0,2.072695510569081,3.3870432460595157,True
D2,24,168,TimesFM3,h1_6,1,ARIMA,7.909605979919434,6.131441593170166,1.2577770223808489,1.1074648860200773,2.546715718401675,2.5608757652300014,0.4499522350517152,0.6666666666666666,1.0,3.1681954085186206,5.085690483974509,True
D2,24,168,TimesFM3,h1_12,1,ARIMA,7.909605979919434,6.131441593170166,1.9319917179596406,1.8095206069775744,3.862456646306917,3.9552283747757926,0.6648143329356618,0.5833333333333334,0.9166666666666666,3.667838437364314,5.995913730075579,True
D2,24,169,TimesFM3,h1,1,ARIMA,7.909605979919434,6.131441593170166,0.6586403165158907,0.5413978554983228,1.6806808726103195,1.6666751275714955,0.22483336505635423,1.0,1.0,1.7063062071877335,2.796458423763167,True
D2,24,169,TimesFM3,h1_6,1,ARIMA,7.909605979919434,6.131441593170166,0.9828415901989507,1.03549999832124,2.488712175110085,2.441327917624102,0.40417174165635794,0.6666666666666666,0.8333333333333334,2.4669628712885263,4.026350676261671,True
D2,24,169,TimesFM3,h1_12,1,ARIMA,7.909605979919434,6.131441593170166,1.1185096771487886,1.07443252226885,2.8465074277212015,2.793667622192354,0.4231325962502803,0.6666666666666666,0.9166666666666666,2.8428485531302328,4.667009569913357,True
D2,24,170,TimesFM3,h1,1,ARIMA,7.909605979919434,6.131441593170166,0.5142656063445727,0.3930495343421345,0.8829715122510878,0.8868869919936702,0.1845227837743169,1.0,1.0,1.6867383491105097,2.7258375952149594,True
D2,24,170,TimesFM3,h1_6,1,ARIMA,7.909605979919434,6.131441593170166,2.3455967742219146,1.9369828307487775,4.085226531503937,4.185460694748438,0.9696342124654265,0.16666666666666666,0.16666666666666666,2.160930534197267,3.510418172152983,True
D2,24,170,TimesFM3,h1_12,1,ARIMA,7.909605979919434,6.131441593170166,1.9648051160675013,1.6849107875115652,3.4101316826168273,3.4854343210309815,0.7947491858536377,0.16666666666666666,0.4166666666666667,2.4239124956800318,3.944689685082746,True
D2,24,171,TimesFM3,h1,1,ARIMA,7.909605979919434,6.131441593170166,1.0807329274292274,0.9277229021487486,1.6287244653537252,1.6420970838283113,0.35999659226064823,0.0,1.0,2.0233380643606997,3.3015920274967265,True
D2,24,171,TimesFM3,h1_6,1,ARIMA,7.909605979919434,6.131441593170166,1.7925389005112398,1.8224097792975373,2.678046462802454,2.6812496267594246,0.6920058850749988,0.3333333333333333,0.6666666666666666,2.7646440776406314,4.53005084403097,True
D2,24,171,TimesFM3,h1_12,1,ARIMA,7.909605979919434,6.131441593170166,1.4937266434107024,1.5323803095041844,2.2186066425107924,2.2112452599612156,0.5717341713471764,0.5,0.8333333333333334,3.0955352685202513,5.14197244180231,True
D2,24,172,TimesFM3,h1,1,ARIMA,7.909605979919434,6.131441593170166,1.2253952329910505,1.0259588541576248,2.21103802198472,2.2357547154026545,0.39410954090183614,0.0,1.0,2.1657953362309645,3.514862140059757,True
D2,24,172,TimesFM3,h1_6,1,ARIMA,7.909605979919434,6.131441593170166,1.2081654552129684,1.094776123108253,2.1799505669715096,2.185535493136877,0.4294937328753781,0.6666666666666666,1.0,3.0602345880708044,4.98449836981084,True
D2,24,172,TimesFM3,h1_12,1,ARIMA,7.909605979919434,6.131441593170166,1.1277350016550656,1.065581824947975,2.0407204748633596,2.0474230938220894,0.4343827668173796,0.8333333333333334,1.0,3.497772636734258,5.723011081138343,True
D2,24,173,TimesFM3,h1,1,ARIMA,7.909605979919434,6.131441593170166,0.5307903858441256,0.4573846533233453,1.0144458831626402,1.009326348368291,0.2091541927627245,1.0,1.0,2.1130740637710663,3.4015053660030787,True
D2,24,173,TimesFM3,h1_6,1,ARIMA,7.909605979919434,6.131441593170166,0.47675357541789315,0.48755394359717596,0.9108055471670894,0.9050197778355907,0.2682270117635855,1.0,1.0,3.0081515569178254,4.815245483291443,True
D2,24,173,TimesFM3,h1_12,1,ARIMA,7.909605979919434,6.131441593170166,0.5597626196657948,0.5914374908862784,1.0643560043274367,1.0560340441769456,0.3014322193755539,1.0,1.0,3.3071545932703126,5.314133298271719,True
D2,24,174,TimesFM3,h1,1,ARIMA,7.909605979919434,6.131441593170166,1.646517405904354,1.367861784413659,2.584054996436586,2.617878709229838,0.6355164265000074,0.0,0.0,1.5311181981170283,2.534590954986784,True
D2,24,174,TimesFM3,h1_6,1,ARIMA,7.909605979919434,6.131441593170166,1.9370078258857157,1.7023557674725784,3.0473851686147473,3.1004658999618044,0.7277032246298046,0.16666666666666666,0.3333333333333333,2.229120600546541,3.767146087767299,True
D2,24,174,TimesFM3,h1_12,1,ARIMA,7.909605979919434,6.131441593170166,1.7855218982973915,1.5639155301423828,2.811353453126471,2.8561327644364796,0.650762252273708,0.3333333333333333,0.6666666666666666,2.83145105425309,4.917672982507544,True
D2,24,175,TimesFM3,h1,1,ARIMA,7.909605979919434,6.131441593170166,2.028502257157958,1.7383344901302946,3.6045012105236593,3.6706556237192163,0.7423676907103555,0.0,0.0,1.9924107512477283,3.260267249471352,True
D2,24,175,TimesFM3,h1_6,1,ARIMA,7.909605979919434,6.131441593170166,2.4760062617907703,2.294068387030068,4.441976743882309,4.556354591437916,0.910171466662574,0.16666666666666666,0.5,3.2358705448257212,5.300112956319524,True
D2,24,175,TimesFM3,h1_12,1,ARIMA,7.909605979919434,6.131441593170166,2.6344812529832713,2.3733681413610697,4.617675480217711,4.61634122323421,0.9523035390042133,0.16666666666666666,0.6666666666666666,3.860821547078839,6.484041362015217,True
D2,24,176,TimesFM3,h1,1,ARIMA,7.909605979919434,6.131441593170166,1.581430333961355,1.2599998919883935,2.447180716581862,2.4774951078486276,0.5510122529831477,0.0,1.0,1.9394364790829717,3.1002144647886505,True
D2,24,176,TimesFM3,h1_6,1,ARIMA,7.909605979919434,6.131441593170166,1.6130085549056818,1.5028987168982428,2.497670511252604,2.5340849490142077,0.6117292191107161,0.3333333333333333,0.6666666666666666,2.612490863487568,4.190499585761868,True
D2,24,176,TimesFM3,h1_12,1,ARIMA,7.909605979919434,6.131441593170166,1.4949097575592878,1.4080814463169053,2.2884419934018156,2.2951588440788036,0.5678316757267944,0.5,0.75,2.838920511049471,4.5915948033419385,True
D2,24,177,TimesFM3,h1,1,ARIMA,7.909605979919434,6.131441593170166,0.08082230769245555,0.06275535418958975,0.13435060425734233,0.13444091534841215,0.16385763034952758,1.0,1.0,2.1690193175486714,3.3948881306632073,True
D2,24,177,TimesFM3,h1_6,1,ARIMA,7.909605979919434,6.131441593170166,2.331597840591844,2.25246793881814,3.9798511173359095,4.104652375501695,0.9420497752584169,0.3333333333333333,0.6666666666666666,2.740340390969217,4.295458089435231,True
D2,24,177,TimesFM3,h1_12,1,ARIMA,7.909605979919434,6.131441593170166,2.383129320237123,2.2629629897683374,4.024400596781929,4.149095231417666,0.9663390832423001,0.3333333333333333,0.5833333333333334,2.9695113865483473,4.7125246146618816,True
D2,24,178,TimesFM3,h1,1,ARIMA,7.909605979919434,6.131441593170166,0.6331358259644825,0.5219660966823767,1.1053259097284427,1.1114685848518724,0.24168236718852623,1.0,1.0,2.4171243082309037,3.6848296872049486,True
D2,24,178,TimesFM3,h1_6,1,ARIMA,7.909605979919434,6.131441593170166,2.3342878673243366,2.3297274647668083,3.9768294026787028,3.867220786102988,0.9085305449820612,0.3333333333333333,0.5,3.556390907472115,5.447308450603205,True
D2,24,178,TimesFM3,h1_12,1,ARIMA,7.909605979919434,6.131441593170166,1.815208088538851,1.8691658985464166,3.113844227334519,3.0583282175806916,0.7425334981833673,0.5833333333333334,0.75,4.537713755877255,7.113810376211006,True
D2,24,179,TimesFM3,h1,1,ARIMA,7.909605979919434,6.131441593170166,0.2527197370772001,0.21603813970367444,0.3887149199707648,0.389471887638937,0.20195212658419548,1.0,1.0,2.550718436346954,4.018853695674885,True
D2,24,179,TimesFM3,h1_6,1,ARIMA,7.909605979919434,6.131441593170166,1.2884575415474997,1.3548064720020145,2.024847864856217,2.0565560095861133,0.4982717967932416,0.6666666666666666,1.0,3.3734021291611747,5.228873757660818,True
D2,24,179,TimesFM3,h1_12,1,ARIMA,7.909605979919434,6.131441593170166,1.3796859137207143,1.3540320846909548,2.144001866545771,2.1452464509485445,0.5165397720295355,0.8333333333333334,1.0,3.9229194586992535,6.117745725888467,True
D2,24,180,TimesFM3,h1,1,ARIMA,7.909605979919434,6.131441593170166,1.1414649190370696,0.908276035831917,1.4829891008122928,1.4720737541473314,0.3748236282636354,0.0,1.0,2.197798954339301,3.505451465841819,True
D2,24,180,TimesFM3,h1_6,1,ARIMA,7.909605979919434,6.131441593170166,1.8279673054058383,1.7492287982417103,2.382637687756808,2.3664750994409274,0.6996185820488202,0.3333333333333333,0.8333333333333334,3.48887804478464,5.6192160361311885,True
D2,24,180,TimesFM3,h1_12,1,ARIMA,7.909605979919434,6.131441593170166,1.8484379957754553,1.6936043358992814,2.44313029891725,2.454361755126429,0.6841740713074749,0.5833333333333334,0.9166666666666666,4.205824536440148,6.761816783443048,True
D2,24,181,TimesFM3,h1,1,ARIMA,7.909605979919434,6.131441593170166,1.7198065015733301,1.2470234646508482,2.673697751583472,2.6384259834846597,0.596419555009203,0.0,1.0,1.867244797427665,3.0346406629439806,True
D2,24,181,TimesFM3,h1_6,1,ARIMA,7.909605979919434,6.131441593170166,0.81698364913198,0.6933321765849746,1.277965730417444,1.2701675905675613,0.3185954597794305,0.8333333333333334,1.0,2.4573166574628007,3.955732841517188,True
D2,24,181,TimesFM3,h1_12,1,ARIMA,7.909605979919434,6.131441593170166,1.5425793207949543,1.3405507200632603,2.3817406047067102,2.3437686724214526,0.5481391125755757,0.5833333333333334,0.9166666666666666,2.848459294752092,4.578628924701651,True
D2,24,182,TimesFM3,h1,1,ARIMA,7.909605979919434,6.131441593170166,0.17559821729507466,0.13627766865851207,0.26943289952896243,0.2697963596062178,0.1746489031082695,1.0,1.0,2.235341207460666,3.702448596588623,True
D2,24,182,TimesFM3,h1_6,1,ARIMA,7.909605979919434,6.131441593170166,1.4920059589309902,1.3855519499899396,2.3284254672582607,2.2903876130752208,0.5396248438774007,0.6666666666666666,1.0,3.3972257217935318,5.446345960945156,True
D2,24,182,TimesFM3,h1_12,1,ARIMA,7.909605979919434,6.131441593170166,1.6035258916671766,1.383339716686561,2.5357589917587324,2.530013157679133,0.5685303574999219,0.5833333333333334,1.0,3.6173270180309003,5.812976388909906,True
D2,24,183,TimesFM3,h1,1,ARIMA,7.909605979919434,6.131441593170166,3.228130020113694,2.6668911311050807,4.287456107854451,4.197473686872747,1.3445251774627898,0.0,0.0,2.280027028337059,3.464683005205388,True
D2,24,183,TimesFM3,h1_6,1,ARIMA,7.909605979919434,6.131441593170166,2.678222457513487,2.5338085361964118,3.544084401414237,3.4642229978392716,1.0853841482165816,0.3333333333333333,0.5,3.375855163271317,5.292484408566509,True
D2,24,183,TimesFM3,h1_12,1,ARIMA,7.909605979919434,6.131441593170166,2.9750885215455702,2.6497934688428484,3.926811391249695,3.8396207219491774,1.0955117180835028,0.25,0.6666666666666666,4.289708030635717,6.79692583468653,True
D2,24,184,TimesFM3,h1,1,ARIMA,7.909605979919434,6.131441593170166,2.9166920457751404,2.4180967105028204,5.275533791847483,5.1399537922497425,1.2001683778982146,0.0,0.0,2.217591435256018,3.455413249015068,True
D2,24,184,TimesFM3,h1_6,1,ARIMA,7.909605979919434,6.131441593170166,3.1292045221189833,2.6245739490082802,5.6382292036133475,5.480408507462939,1.2208067120891817,0.0,0.0,3.1128614339454064,4.928375722685451,True
D2,24,184,TimesFM3,h1_12,1,ARIMA,7.909605979919434,6.131441593170166,2.4845610864509413,2.1820969847785445,4.503562646737121,4.407612398369953,0.9355765084172707,0.4166666666666667,0.4166666666666667,3.669031878779708,5.909431188412671,True
D2,24,185,TimesFM3,h1,1,ARIMA,7.909605979919434,6.131441593170166,0.9571154199251917,0.7859940461991767,1.693071334028506,1.678859192167858,0.31435501006897076,1.0,1.0,2.040316370660702,3.3304101304773286,True
D2,24,185,TimesFM3,h1_6,1,ARIMA,7.909605979919434,6.131441593170166,1.6871677742264575,1.5332111671133228,3.057052618009885,3.1071491474334563,0.5747859402438634,0.5,1.0,3.2695056425669557,5.295146686327208,True
D2,24,185,TimesFM3,h1_12,1,ARIMA,7.909605979919434,6.131441593170166,1.956993710530683,1.7686050104131805,3.4693276599088683,3.4727465809154525,0.6770700043460766,0.5,1.0,3.7955989017793006,6.205537439825683,True
D2,24,186,TimesFM3,h1,1,ARIMA,7.909605979919434,6.131441593170166,1.6428696237653813,1.2097096109470595,2.171187367399581,2.195016325990715,0.5715314963364609,0.0,0.0,1.9729426145259215,3.0460989513913046,True
D2,24,186,TimesFM3,h1_6,1,ARIMA,7.909605979919434,6.131441593170166,3.9619830616687635,3.3863406349395597,5.065597349133414,4.907463872207953,1.7892630528659133,0.16666666666666666,0.16666666666666666,2.3143201984607424,3.6465110725897336,True
D2,24,186,TimesFM3,h1_12,1,ARIMA,7.909605979919434,6.131441593170166,4.938078289679774,3.9465184472940003,6.364879734732938,6.139560804572606,2.238047885305179,0.08333333333333333,0.08333333333333333,2.4680704119537538,3.9269132789412113,True
D2,24,187,TimesFM3,h1,1,ARIMA,7.909605979919434,6.131441593170166,1.8338031498298202,1.481736829187496,2.5199066400743186,2.5520614226990017,0.6258043848461252,0.0,1.0,2.5900573402058726,4.136397667511647,True
D2,24,187,TimesFM3,h1_6,1,ARIMA,7.909605979919434,6.131441593170166,1.6029120059981585,1.4098776107505695,2.1504898684252645,2.1473129964467557,0.5875067461231561,0.3333333333333333,0.8333333333333334,3.5219904301011877,5.682647195858074,True
D2,24,187,TimesFM3,h1_12,1,ARIMA,7.909605979919434,6.131441593170166,1.3173218060337388,1.1909328609528091,1.7593790055406848,1.7549861106624491,0.5181392842418883,0.6666666666666666,0.9166666666666666,3.9461747935001323,6.480179382379768,True
D2,24,188,TimesFM3,h1,1,ARIMA,7.909605979919434,6.131441593170166,2.022356780245285,1.6124744967406694,4.325632717736816,4.2340578225076735,0.6923078736624084,0.0,1.0,2.8279035806493704,4.416848426232943,True
D2,24,188,TimesFM3,h1_6,1,ARIMA,7.909605979919434,6.131441593170166,1.3956837747640103,1.2933354797244787,2.945305441380691,2.887999344360678,0.5398723696898616,0.5,0.8333333333333334,3.290666286708792,5.238957430070502,True
D2,24,188,TimesFM3,h1_12,1,ARIMA,7.909605979919434,6.131441593170166,1.051778969219548,1.0218275265403884,2.213800514079275,2.1780749870769998,0.43935729913608895,0.75,0.9166666666666666,3.4250866381649923,5.529218373870683,True
D2,24,189,TimesFM3,h1,1,ARIMA,7.909605979919434,6.131441593170166,2.4057639239269575,2.111991914063471,3.545107612558921,3.609080506447649,0.9269770920411766,0.0,0.0,2.251460541071927,3.5637869693464546,True
D2,24,189,TimesFM3,h1_6,1,ARIMA,7.909605979919434,6.131441593170166,2.0829118990309645,2.1895145792876,3.0658009349208593,3.1345841816263866,0.855118601826822,0.3333333333333333,0.5,3.2085958819037135,5.1715532562464706,True
D2,24,189,TimesFM3,h1_12,1,ARIMA,7.909605979919434,6.131441593170166,1.6667389353726259,1.7735542030079827,2.4316390012851534,2.456156156449345,0.6726300220507848,0.5833333333333334,0.75,3.7182223340036518,6.137528607884057,True
D2,24,190,TimesFM3,h1,1,ARIMA,7.909605979919434,6.131441593170166,1.0114660501316735,0.8311901918896584,1.5510123702762584,1.5631345755920072,0.3293541455002227,1.0,1.0,2.0651781009272137,3.3611026164783873,True
D2,24,190,TimesFM3,h1_6,1,ARIMA,7.909605979919434,6.131441593170166,4.248294724704237,3.7462863325257034,6.686039235397949,6.955275374743318,1.7510019432623039,0.16666666666666666,0.16666666666666666,3.193554847748467,5.151722011825226,True
D2,24,190,TimesFM3,h1_12,1,ARIMA,7.909605979919434,6.131441593170166,2.532822529247092,2.695323135127954,3.966372404166696,4.1005945000704624,1.06598591898039,0.5833333333333334,0.5833333333333334,3.691291271714571,6.017194103690533,True
D2,24,191,TimesFM3,h1,1,ARIMA,7.909605979919434,6.131441593170166,0.9074148073163035,0.789878422359806,2.0439093428142443,2.0650128379771084,0.29406160336678966,0.0,1.0,1.7252471759865604,2.7383730938175024,True
D2,24,191,TimesFM3,h1_6,1,ARIMA,7.909605979919434,6.131441593170166,1.0174075016974704,0.9530473063832336,2.326686089053881,2.334596141143239,0.3549569834919683,0.6666666666666666,0.8333333333333334,2.242038877464708,3.4938660095300964,True
D2,24,191,TimesFM3,h1_12,1,ARIMA,7.909605979919434,6.131441593170166,0.910067334682787,0.9249567240856282,2.0966527751473363,2.1153583348804172,0.3426923530474832,0.75,0.8333333333333334,2.36274317505874,3.6693399667113082,True
D2,24,192,TimesFM3,h1,1,ARIMA,7.909605979919434,6.131441593170166,0.12651505706597543,0.09704227155737967,0.18135153306760882,0.18118724014874252,0.0970120617889179,1.0,1.0,1.2076805496774585,2.149201474930112,True
D2,24,192,TimesFM3,h1_6,1,ARIMA,7.909605979919434,6.131441593170166,0.40529561445508705,0.4692625397100011,0.5927911325089109,0.5955870956217593,0.30962099480360394,1.0,1.0,3.561757466277632,5.756908688166589,True
D2,24,192,TimesFM3,h1_12,1,ARIMA,7.909605979919434,6.131441593170166,0.828741071675368,0.8290551181559417,1.217155661117252,1.219557650796249,0.4320695867904674,1.0,1.0,4.624786600614786,7.345786461449125,True
D2,24,193,TimesFM3,h1,1,ARIMA,7.909605979919434,6.131441593170166,6.1600844911913715,4.245683502602106,6.300665300562826,6.505613775431448,2.8182142024755437,0.0,0.0,2.1319598192387685,3.327587897025297,True
D2,24,193,TimesFM3,h1_6,1,ARIMA,7.909605979919434,6.131441593170166,6.724040775537091,4.794135248506588,6.833043596405992,7.0943006132154665,3.0348019344980366,0.0,0.0,2.5116996973620496,3.9439912090181104,True
D2,24,193,TimesFM3,h1_12,1,ARIMA,7.909605979919434,6.131441593170166,8.112306496280697,5.829686689241508,8.199715491186515,8.584326063504296,3.6836162322542942,0.0,0.0,2.8114317065885954,4.518293970323535,True
D2,24,194,TimesFM3,h1,1,ARIMA,7.909605979919434,6.131441593170166,0.013768353570975875,0.011610784890212725,0.028227710214670985,0.02823169479516872,0.1387321892935153,1.0,1.0,1.8913063161928079,3.065537056119637,True
D2,24,194,TimesFM3,h1_6,1,ARIMA,7.909605979919434,6.131441593170166,0.7445575041090082,0.795970729740515,1.4732127019924297,1.456075255789221,0.3418755687617476,0.8333333333333334,1.0,3.143378041715368,5.1232795113866345,True
D2,24,194,TimesFM3,h1_12,1,ARIMA,7.909605979919434,6.131441593170166,0.8488047203795549,0.919507450218539,1.6959094453952428,1.6733230552907552,0.40567672751745026,0.9166666666666666,1.0,3.822145292316103,6.358624251969465,True
D2,24,195,TimesFM3,h1,1,ARIMA,7.909605979919434,6.131441593170166,0.23208740128720867,0.18966690167693923,0.5355351308373388,0.5341049709598197,0.15428000058786034,1.0,1.0,1.926289982500839,3.042077678905212,True
D2,24,195,TimesFM3,h1_6,1,ARIMA,7.909605979919434,6.131441593170166,0.8951711296864938,0.8957399130906472,2.048790726492924,2.0183693640018174,0.36868509174597924,0.8333333333333334,0.8333333333333334,2.7814659899408216,4.382572850914589,True
D2,24,195,TimesFM3,h1_12,1,ARIMA,7.909605979919434,6.131441593170166,0.7490727506875574,0.7514683346678811,1.7226792789175647,1.7019830471520034,0.3406363575311217,0.9166666666666666,0.9166666666666666,3.104024639923133,4.903344020744219,True
D2,24,196,TimesFM3,h1,1,ARIMA,7.909605979919434,6.131441593170166,0.06908066028906433,0.05221811673861869,0.11206906215269566,0.11200629994774398,0.17321614762629328,1.0,1.0,2.262722496949533,3.8405759285675667,True
D2,24,196,TimesFM3,h1_6,1,ARIMA,7.909605979919434,6.131441593170166,1.6013557323196153,1.455150639119425,2.6096420767788144,2.605492557876672,0.602723578624807,0.6666666666666666,1.0,3.853805753981114,6.399973625425786,True
D2,24,196,TimesFM3,h1_12,1,ARIMA,7.909605979919434,6.131441593170166,1.4285373753015038,1.3807267904043445,2.3520385611288894,2.366870083768421,0.6102480898966428,0.75,1.0,4.608722809856299,7.739806750076799,True
D2,24,197,TimesFM3,h1,1,ARIMA,7.909605979919434,6.131441593170166,0.9267712450914125,0.7768321055298153,1.711961836432871,1.6974321412044875,0.3001115856020203,1.0,1.0,1.8734344885914975,3.027495484771823,True
D2,24,197,TimesFM3,h1_6,1,ARIMA,7.909605979919434,6.131441593170166,1.349027479886492,1.2028780920697755,2.4944883518365746,2.4680187462139918,0.4562708384435795,0.6666666666666666,0.8333333333333334,2.6840687583030345,4.314572714216106,True
D2,24,197,TimesFM3,h1_12,1,ARIMA,7.909605979919434,6.131441593170166,1.502218440757476,1.40070078930136,2.7637701860984256,2.7535621021349317,0.5281549564255191,0.6666666666666666,0.8333333333333334,2.93837409338403,4.758322217158107,True
D2,24,198,TimesFM3,h1,1,ARIMA,7.909605979919434,6.131441593170166,0.9036244450024785,0.6802533926053804,1.9530238965564346,1.9722834803964233,0.29223496264261856,1.0,1.0,1.8871958430298013,2.9766862449541756,True
D2,24,198,TimesFM3,h1_6,1,ARIMA,7.909605979919434,6.131441593170166,1.571412314625514,1.2463601395048394,3.385913223395682,3.4387171563220207,0.5277616908646564,0.3333333333333333,1.0,2.414319217399309,3.862704156729296,True
D2,24,198,TimesFM3,h1_12,1,ARIMA,7.909605979919434,6.131441593170166,1.1564256564723816,0.9820699711463646,2.4890780294354724,2.522138862737891,0.4161895207037144,0.6666666666666666,1.0,2.729597235839078,4.428521534677606,True
D2,24,199,TimesFM3,h1,1,ARIMA,7.909605979919434,6.131441593170166,0.8451900892100187,0.702577672809034,1.3078330332798325,1.2993364575770125,0.28798654560287223,1.0,1.0,2.41275228296624,3.7916741263903044,True
D2,24,199,TimesFM3,h1_6,1,ARIMA,7.909605979919434,6.131441593170166,1.7096938112550044,1.6160200963423144,2.6040956687074637,2.5613130469191585,0.6180257730269616,0.5,0.8333333333333334,3.111105679180076,4.925280005086945,True
D2,24,199,TimesFM3,h1_12,1,ARIMA,7.909605979919434,6.131441593170166,1.6126768034931025,1.6014060578416203,2.4512026228019743,2.4117977953116854,0.6092729046377793,0.5833333333333334,0.9166666666666666,3.6044521491157164,5.790297806305197,True
