dgp,n,rep,method,horizon_slice,m,correct_model,classical_cell_secs,timesfm_cell_secs,MASE,RMSSE,sMAPE,MAPE,SPL,cover60,cover80,width60,width80,denom_ok
D1,24,0,SeasonalNaive,h1,1,ARIMA,7.3534886837005615,5.099456548690796,1.4784740705052546,1.009595877923469,2.328417326584223,2.301621647962438,0.4921259798094311,0.0,1.0,2.4649767262986546,3.753463739511696,True
D1,24,0,SeasonalNaive,h1_6,1,ARIMA,7.3534886837005615,5.099456548690796,1.1126376140528689,0.7960264920714686,1.7558363876884415,1.7391116543794576,0.46723873645732583,0.8333333333333334,1.0,4.450031559302004,6.776141908083512,True
D1,24,0,SeasonalNaive,h1_12,1,ARIMA,7.3534886837005615,5.099456548690796,0.8914390444509483,0.664872676201682,1.4103778310477986,1.4005323193056731,0.5300017198334726,0.9166666666666666,1.0,6.008176298827996,9.148756512645553,True
D1,24,1,SeasonalNaive,h1,1,ARIMA,7.3534886837005615,5.099456548690796,0.31530405192575534,0.24473066536284938,0.44036267529312995,0.4393952090443013,0.17645568644622464,1.0,1.0,2.1686418801570917,3.3022294183599885,True
D1,24,1,SeasonalNaive,h1_6,1,ARIMA,7.3534886837005615,5.099456548690796,0.7978664946147754,0.7292701276755921,1.1155810449671946,1.1145418349313458,0.36485206606380793,1.0,1.0,3.915057170545417,5.961526926797062,True
D1,24,1,SeasonalNaive,h1_12,1,ARIMA,7.3534886837005615,5.099456548690796,1.731395668049071,1.6177672323691825,2.385431140355578,2.3490428121641465,0.6445841783127936,0.75,1.0,5.285884692538472,8.048910285037422,True
D1,24,2,SeasonalNaive,h1,1,ARIMA,7.3534886837005615,5.099456548690796,0.5236283356198996,0.43068064547207696,1.0048578854722952,0.9998344279269498,0.20303457427773958,1.0,1.0,2.0465127949973,3.1162612963098777,True
D1,24,2,SeasonalNaive,h1_6,1,ARIMA,7.3534886837005615,5.099456548690796,0.8622755834249152,0.7866884329788755,1.6477371911150989,1.6327788983935343,0.3569506083336934,1.0,1.0,3.6945770834632983,5.625797991380401,True
D1,24,2,SeasonalNaive,h1_12,1,ARIMA,7.3534886837005615,5.099456548690796,0.8279469602332633,0.7314264264191644,1.5880992459623335,1.5796214388671022,0.4324739338145025,1.0,1.0,4.988205178153614,7.5956284137246834,True
D1,24,3,SeasonalNaive,h1,1,ARIMA,7.3534886837005615,5.099456548690796,0.40972799388145853,0.3527067616035873,0.6958147333484332,0.6934023355423902,0.17889548827674587,1.0,1.0,1.9553681254766253,2.9774736929845838,True
D1,24,3,SeasonalNaive,h1_6,1,ARIMA,7.3534886837005615,5.099456548690796,1.7506559769231784,2.3284595494743106,2.882095390418921,2.789205879553251,0.7207794808952002,0.8333333333333334,0.8333333333333334,3.5300332760099065,5.375244220122329,True
D1,24,3,SeasonalNaive,h1_12,1,ARIMA,7.3534886837005615,5.099456548690796,3.3958030520164786,3.514708496677081,5.555534179115358,5.3431621728826295,1.2783309706127863,0.4166666666666667,0.5833333333333334,4.7660476067103525,7.2573451431469715,True
D1,24,4,SeasonalNaive,h1,1,ARIMA,7.3534886837005615,5.099456548690796,0.9065175025764245,0.7477911998882819,1.4697204494337,1.4589988472263564,0.29660062717809194,1.0,1.0,2.0405278342077007,3.1071478904644994,True
D1,24,4,SeasonalNaive,h1_6,1,ARIMA,7.3534886837005615,5.099456548690796,0.5529615942387304,0.5255224690955549,0.8980420957358591,0.8930076944801122,0.321097212936233,1.0,1.0,3.6837724117149735,5.609345526254875,True
D1,24,4,SeasonalNaive,h1_12,1,ARIMA,7.3534886837005615,5.099456548690796,0.7057553566273603,0.6520350377594029,1.1489211158855128,1.1452752380067541,0.4193733200080938,1.0,1.0,4.973617332685596,7.573415242939895,True
D1,24,5,SeasonalNaive,h1,1,ARIMA,7.3534886837005615,5.099456548690796,1.4956649047325534,1.1840494543530862,2.7842384916362284,2.746010747527662,0.510194824647004,0.0,1.0,2.126234402633925,3.2376548008923525,True
D1,24,5,SeasonalNaive,h1_6,1,ARIMA,7.3534886837005615,5.099456548690796,1.295532937629234,1.0736335221329378,2.4539258770628165,2.463081777238868,0.4689598531627781,0.8333333333333334,1.0,3.838498795241056,5.8449501321380986,True
D1,24,5,SeasonalNaive,h1_12,1,ARIMA,7.3534886837005615,5.099456548690796,1.7678011038041799,1.4976784990947023,3.3898968790673356,3.4453394374616066,0.6277247265989707,0.9166666666666666,1.0,5.182519983805352,7.891515011469255,True
D1,24,6,SeasonalNaive,h1,1,ARIMA,7.3534886837005615,5.099456548690796,0.061013705953844845,0.05023844259875361,0.11521904610494116,0.11515270717955299,0.15321316859311332,1.0,1.0,2.0442684053666933,3.112843724449672,True
D1,24,6,SeasonalNaive,h1_6,1,ARIMA,7.3534886837005615,5.099456548690796,1.6141311432234806,1.568553365456426,3.116228304508785,3.1858536081021716,0.6057166668104876,0.5,1.0,3.6905252785999667,5.6196282363186825,True
D1,24,6,SeasonalNaive,h1_12,1,ARIMA,7.3534886837005615,5.099456548690796,1.6021516779368146,1.5509161651686456,3.0858502880154934,3.1476578559324273,0.641134351940735,0.6666666666666666,1.0,4.982734664602657,7.587298365805383,True
D1,24,7,SeasonalNaive,h1,1,ARIMA,7.3534886837005615,5.099456548690796,1.1372354542725664,0.9256910495004032,1.5970363865681163,1.6098916644005181,0.37276570046262364,0.0,1.0,2.0679070115332614,3.1488386489259144,True
D1,24,7,SeasonalNaive,h1_6,1,ARIMA,7.3534886837005615,5.099456548690796,1.3389858886409314,1.1684320084295166,1.8762996679435275,1.8876342873516774,0.47042523524933977,0.6666666666666666,1.0,3.7332001413428255,5.684610005998305,True
D1,24,7,SeasonalNaive,h1_12,1,ARIMA,7.3534886837005615,5.099456548690796,1.5464213666236286,1.5002121889925644,2.1828854671002857,2.212646228549675,0.5942472649703104,0.75,1.0,5.040351806294931,7.675033008412333,True
D1,24,8,SeasonalNaive,h1,1,ARIMA,7.3534886837005615,5.099456548690796,0.46656394952881,0.3259184750525913,0.7760915028254051,0.7730915538959813,0.21406349091190016,1.0,1.0,2.409621772314221,3.6691737702125287,True
D1,24,8,SeasonalNaive,h1_6,1,ARIMA,7.3534886837005615,5.099456548690796,1.2088808850937334,0.9188564600665854,2.040885395062499,2.063706752181923,0.4725173388317439,1.0,1.0,4.350099057073376,6.623972916177011,True
D1,24,8,SeasonalNaive,h1_12,1,ARIMA,7.3534886837005615,5.099456548690796,1.1647675560840771,0.9030289103159217,1.9661302898711832,1.9878428980892742,0.5526729077334609,1.0,1.0,5.873253190222716,8.94330670439013,True
D1,24,9,SeasonalNaive,h1,1,ARIMA,7.3534886837005615,5.099456548690796,0.9937721663755691,0.8288202762648045,1.611384861539494,1.5985058211332097,0.32034884288016374,1.0,1.0,2.018241542846175,3.0732121597043567,True
D1,24,9,SeasonalNaive,h1_6,1,ARIMA,7.3534886837005615,5.099456548690796,2.6666472060196402,2.4591897546712422,4.474457027134368,4.597690916639705,0.9406256985345524,0.16666666666666666,0.8333333333333334,3.6435388878684654,5.548081226572255,True
D1,24,9,SeasonalNaive,h1_12,1,ARIMA,7.3534886837005615,5.099456548690796,3.046044633126411,2.749068136345851,5.127016363365911,5.285171636468721,1.0539864677859943,0.25,0.8333333333333334,4.919296346155147,7.490699714204377,True
D1,24,10,SeasonalNaive,h1,1,ARIMA,7.3534886837005615,5.099456548690796,0.21771548396476803,0.1774750377976335,0.4064295783642682,0.40560532835134755,0.16343079707590188,1.0,1.0,2.06489855087435,3.144257612571914,True
D1,24,10,SeasonalNaive,h1_6,1,ARIMA,7.3534886837005615,5.099456548690796,1.1946375479170912,1.0885747045196228,2.2626882926343144,2.2916952536380735,0.4301305906605037,1.0,1.0,3.727768956239044,5.676339844202402,True
D1,24,10,SeasonalNaive,h1_12,1,ARIMA,7.3534886837005615,5.099456548690796,0.993056793809278,0.9367115866691832,1.879152348509797,1.9013770342926881,0.47604539329716083,1.0,1.0,5.033018932992741,7.663867112299585,True
D1,24,11,SeasonalNaive,h1,1,ARIMA,7.3534886837005615,5.099456548690796,2.529236502980525,1.851434631344144,5.124713679934346,4.996680885493569,0.9928193432554171,0.0,0.0,2.299469945736836,3.501443632037952,True
D1,24,11,SeasonalNaive,h1_6,1,ARIMA,7.3534886837005615,5.099456548690796,1.3633472253683028,1.253179791045797,2.7897039914835586,2.74748614182842,0.6199438023237985,0.6666666666666666,0.6666666666666666,4.151241559006774,6.321169080197686,True
D1,24,11,SeasonalNaive,h1_12,1,ARIMA,7.3534886837005615,5.099456548690796,1.443408407498245,1.2282098004474258,2.9507221521219695,2.9025531826984032,0.6418334509103902,0.8333333333333334,0.8333333333333334,5.604767250110556,8.534478405920593,True
D1,24,12,SeasonalNaive,h1,1,ARIMA,7.3534886837005615,5.099456548690796,0.10476249453566527,0.0797674999414242,0.19713524859707562,0.19732975184550394,0.16784012992095765,1.0,1.0,2.210683297032715,3.3662466287931787,True
D1,24,12,SeasonalNaive,h1_6,1,ARIMA,7.3534886837005615,5.099456548690796,0.9588948951704899,0.9405451260494717,1.8284684305834198,1.8553794350099961,0.4296470919501238,0.8333333333333334,1.0,3.990954695215046,6.077097432484521,True
D1,24,12,SeasonalNaive,h1_12,1,ARIMA,7.3534886837005615,5.099456548690796,0.7990915904665105,0.7627579667129686,1.5152395661257734,1.5288741971839221,0.48124419968920185,0.9166666666666666,1.0,5.388357158808195,8.20494692519641,True
D1,24,13,SeasonalNaive,h1,1,ARIMA,7.3534886837005615,5.099456548690796,0.13770474486450704,0.11268882218754096,0.2212114612430289,0.2209670590129747,0.15840008958621704,1.0,1.0,2.056907419776426,3.132089375649536,True
D1,24,13,SeasonalNaive,h1_6,1,ARIMA,7.3534886837005615,5.099456548690796,1.3792656584482508,1.4008882206289022,2.248866778090962,2.2812455264606264,0.5482752492555492,0.8333333333333334,0.8333333333333334,3.7133425378469815,5.6543724812865905,True
D1,24,13,SeasonalNaive,h1_12,1,ARIMA,7.3534886837005615,5.099456548690796,1.8260768054118284,1.8114921814563991,2.9977585191715765,3.062370136915805,0.698383733390513,0.75,0.9166666666666666,5.013541213811409,7.634208044164969,True
D1,24,14,SeasonalNaive,h1,1,ARIMA,7.3534886837005615,5.099456548690796,0.5290009536104668,0.42920158607973335,1.0266064091912421,1.031903201392314,0.20552080454516078,1.0,1.0,2.07463555391512,3.1590843196378002,True
D1,24,14,SeasonalNaive,h1_6,1,ARIMA,7.3534886837005615,5.099456548690796,0.7706729778114865,0.7974495468274196,1.5062380836977882,1.5250477962663205,0.3663200905087173,1.0,1.0,3.7453472036773183,5.703106553055998,True
D1,24,14,SeasonalNaive,h1_12,1,ARIMA,7.3534886837005615,5.099456548690796,0.6015696459057988,0.6367560928034627,1.173102078115365,1.1850314038022507,0.4285326870523864,1.0,1.0,5.056752070213491,7.700005980887077,True
D1,24,15,SeasonalNaive,h1,1,ARIMA,7.3534886837005615,5.099456548690796,1.3749344683818236,1.0925957202155052,2.334336369984802,2.3619037592225873,0.4635137335823863,0.0,1.0,2.11821082940575,3.225437163763388,True
D1,24,15,SeasonalNaive,h1_6,1,ARIMA,7.3534886837005615,5.099456548690796,1.1498966545849765,0.9298021978374755,1.9492282286481655,1.969119355879482,0.4330707754035736,0.8333333333333334,1.0,3.8240138089518183,5.822893586847459,True
D1,24,15,SeasonalNaive,h1_12,1,ARIMA,7.3534886837005615,5.099456548690796,1.3893443201051414,1.1958017847692168,2.36398106079623,2.3974232723289166,0.5476859370534879,0.9166666666666666,1.0,5.162963189622637,7.861735534428864,True
D1,24,16,SeasonalNaive,h1,1,ARIMA,7.3534886837005615,5.099456548690796,0.3477619591368349,0.3014740608738753,0.7137825693032163,0.7163391211953123,0.1677938219827444,1.0,1.0,1.9416851200403853,2.9566383381495696,True
D1,24,16,SeasonalNaive,h1_6,1,ARIMA,7.3534886837005615,5.099456548690796,1.771552877403354,1.7176563436616081,3.707427165879688,3.7961767130645687,0.6013298875641239,0.5,1.0,3.505331295919084,5.337630077329076,True
D1,24,16,SeasonalNaive,h1_12,1,ARIMA,7.3534886837005615,5.099456548690796,3.0055707888615824,2.92598242134633,6.396346222623437,6.6702814477073336,1.0422160907104907,0.25,0.9166666666666666,4.732696415974288,7.206560694043739,True
D1,24,17,SeasonalNaive,h1,1,ARIMA,7.3534886837005615,5.099456548690796,1.227656986411332,0.8736169677322391,2.0104095667165525,1.9904019510960786,0.39793265735420913,0.0,1.0,2.3653894680868657,3.6018204567872396,True
D1,24,17,SeasonalNaive,h1_6,1,ARIMA,7.3534886837005615,5.099456548690796,1.2340984936122161,0.9250594772721892,2.0376832791680033,2.034452275817181,0.4653146677956077,0.8333333333333334,1.0,4.270246315401456,6.5023797314753535,True
D1,24,17,SeasonalNaive,h1_12,1,ARIMA,7.3534886837005615,5.099456548690796,2.1046341935270387,1.7486881234030676,3.4108810927799644,3.34477744109968,0.7489262253949751,0.8333333333333334,1.0,5.765440617768758,8.779138589919926,True
D1,24,18,SeasonalNaive,h1,1,ARIMA,7.3534886837005615,5.099456548690796,1.0607966234836734,0.8609311721461131,1.966551654063988,1.947403308080808,0.34283447155494734,0.0,1.0,2.0740077527934937,3.1581283557455087,True
D1,24,18,SeasonalNaive,h1_6,1,ARIMA,7.3534886837005615,5.099456548690796,1.2039115257471817,1.1264648460007056,2.222081764120742,2.191263650135658,0.4871216314331856,0.5,0.8333333333333334,3.744213832001047,5.701380747921657,True
D1,24,18,SeasonalNaive,h1_12,1,ARIMA,7.3534886837005615,5.099456548690796,1.4610468266074568,1.3218989003512913,2.749719744077949,2.765869408443281,0.577873596860373,0.75,0.9166666666666666,5.055221857056035,7.697675898197468,True
D1,24,19,SeasonalNaive,h1,1,ARIMA,7.3534886837005615,5.099456548690796,0.6011038676447183,0.4666426958461432,1.1449864812266057,1.1384688241617895,0.2228340287229609,1.0,1.0,2.1682618547163544,3.3016507468874856,True
D1,24,19,SeasonalNaive,h1_6,1,ARIMA,7.3534886837005615,5.099456548690796,1.0397601400267211,0.978537629104784,1.9744729114022486,1.9579467396129326,0.4255824912389977,1.0,1.0,3.9143711092181093,5.9604822490572476,True
D1,24,19,SeasonalNaive,h1_12,1,ARIMA,7.3534886837005615,5.099456548690796,1.5567403679399539,1.4777991404054212,2.923174483887615,2.8672297927186094,0.6049914100685903,1.0,1.0,5.284958412050041,8.047499821324383,True
D1,24,20,SeasonalNaive,h1,1,ARIMA,7.3534886837005615,5.099456548690796,0.93051365020822,0.7027707758035343,1.661584080550016,1.6755040347048302,0.30739712457944735,1.0,1.0,2.2287211509307627,3.3937131885470944,True
D1,24,20,SeasonalNaive,h1_6,1,ARIMA,7.3534886837005615,5.099456548690796,1.933743940602669,1.5664410857678162,3.493515973980969,3.5656001682956053,0.650397873391954,0.6666666666666666,1.0,4.023518499267224,6.126682913932023,True
D1,24,20,SeasonalNaive,h1_12,1,ARIMA,7.3534886837005615,5.099456548690796,2.200863640852396,1.7316970162664969,3.981941241855364,4.070203650223162,0.7478965328155346,0.8333333333333334,1.0,5.432322931432211,8.271894386226464,True
D1,24,21,SeasonalNaive,h1,1,ARIMA,7.3534886837005615,5.099456548690796,2.267051792353889,1.7747502891518163,2.9081687290967837,2.8664875813644426,0.879375473556015,0.0,0.0,2.1501604340816063,3.274087392937222,True
D1,24,21,SeasonalNaive,h1_6,1,ARIMA,7.3534886837005615,5.099456548690796,4.559716061801845,3.754220387167413,5.747296053530552,5.571461291458485,1.8210393372366915,0.0,0.0,3.8816925479021407,5.910722024690717,True
D1,24,21,SeasonalNaive,h1_12,1,ARIMA,7.3534886837005615,5.099456548690796,4.426613114532324,3.5927024276328043,5.589477867800383,5.427352016801804,1.6482670836374589,0.0,0.4166666666666667,5.240837700778232,7.98031643246989,True
D1,24,22,SeasonalNaive,h1,1,ARIMA,7.3534886837005615,5.099456548690796,1.143449209940154,0.9194926023861831,1.611543519818575,1.5986619532627693,0.3743314399180251,0.0,1.0,2.0932221359919514,3.1873864375128074,True
D1,24,22,SeasonalNaive,h1_6,1,ARIMA,7.3534886837005615,5.099456548690796,2.0104016994536535,1.7644701421816864,2.808731750294609,2.762799115293464,0.7219361653607528,0.3333333333333333,0.8333333333333334,3.7789016287309254,5.754200470655777,True
D1,24,22,SeasonalNaive,h1_12,1,ARIMA,7.3534886837005615,5.099456548690796,2.630093971592995,2.338765078070089,3.6536168050628195,3.57435059907469,0.9286959318844636,0.3333333333333333,0.9166666666666666,5.102055322255931,7.768990045527152,True
D1,24,23,SeasonalNaive,h1,1,ARIMA,7.3534886837005615,5.099456548690796,0.49247674820593756,0.3924568756185565,0.8214251945394901,0.8248128046320077,0.20155980383974756,1.0,1.0,2.1122264079475817,3.216324579167547,True
D1,24,23,SeasonalNaive,h1_6,1,ARIMA,7.3534886837005615,5.099456548690796,1.356470336402962,1.185257066310836,2.224318958575405,2.1962572559366826,0.46636986398499286,1.0,1.0,3.813210110860524,5.806442604326753,True
D1,24,23,SeasonalNaive,h1_12,1,ARIMA,7.3534886837005615,5.099456548690796,2.3174602519519256,2.113252099158941,3.755935991642132,3.6675489428656336,0.7914999866406518,0.75,0.9166666666666666,5.1483766587302675,7.839524365371707,True
D1,24,24,SeasonalNaive,h1,1,ARIMA,7.3534886837005615,5.099456548690796,1.495184617881392,1.188389140290456,2.4650631945586756,2.4958250266246296,0.510291833782875,0.0,1.0,2.1177896698265353,3.224795856609339,True
D1,24,24,SeasonalNaive,h1_6,1,ARIMA,7.3534886837005615,5.099456548690796,1.6541391910201861,1.5979528461291757,2.7488097270122647,2.806399593584592,0.6086450843105435,0.5,1.0,3.823253488012878,5.8217358326811635,True
D1,24,24,SeasonalNaive,h1_12,1,ARIMA,7.3534886837005615,5.099456548690796,1.6531142966410652,1.5227490811550772,2.7414792323355597,2.7928784524269514,0.6415454662526273,0.75,1.0,5.161936648083782,7.860172401437752,True
D1,24,25,SeasonalNaive,h1,1,ARIMA,7.3534886837005615,5.099456548690796,1.1454064322341728,0.8895481935201813,1.1932529249572856,1.1861758857314715,0.3726001942655138,0.0,1.0,2.1673887518662074,3.3003212577065546,True
D1,24,25,SeasonalNaive,h1_6,1,ARIMA,7.3534886837005615,5.099456548690796,3.8527966925472903,3.352162741077254,4.140719060892556,4.249939981945162,1.487495909204379,0.0,0.5,3.912794893428255,5.958082117344136,True
D1,24,25,SeasonalNaive,h1_12,1,ARIMA,7.3534886837005615,5.099456548690796,3.42432078452567,3.037611630418661,3.673757833096799,3.763607957511444,1.2819885093286596,0.25,0.6666666666666666,5.282830296277323,8.044259301727926,True
D1,24,26,SeasonalNaive,h1,1,ARIMA,7.3534886837005615,5.099456548690796,0.1787289314066071,0.1501329679293333,0.2779236821220187,0.27753801019340985,0.15679074417243807,1.0,1.0,2.0038511967125143,3.051299724655594,True
D1,24,26,SeasonalNaive,h1_6,1,ARIMA,7.3534886837005615,5.099456548690796,0.7916166985353803,0.8756653132428922,1.2426703764363392,1.2530476267531356,0.3573584177964494,1.0,1.0,3.6175599430123646,5.508522626903619,True
D1,24,26,SeasonalNaive,h1_12,1,ARIMA,7.3534886837005615,5.099456548690796,1.2049923165562955,1.254589521651888,1.862639578337423,1.8497593525784488,0.5017702678713492,1.0,1.0,4.884221071143511,7.437289971424665,True
D1,24,27,SeasonalNaive,h1,1,ARIMA,7.3534886837005615,5.099456548690796,2.288706170530553,1.8503848361602937,4.993601868713634,4.87195875694866,0.8982627094020311,0.0,0.0,2.0819709207355404,3.170254012674936,True
D1,24,27,SeasonalNaive,h1_6,1,ARIMA,7.3534886837005615,5.099456548690796,1.0527569608995135,1.117014274360933,2.3091191767927106,2.2646356628941153,0.48182539949052827,0.8333333333333334,0.8333333333333334,3.7585897684048653,5.723271241019448,True
D1,24,27,SeasonalNaive,h1_12,1,ARIMA,7.3534886837005615,5.099456548690796,2.378227782022871,2.366764226119837,5.116517058044293,4.928186909191039,0.8740399805377411,0.5,0.9166666666666666,5.0746314183645,7.727231181131334,True
D1,24,28,SeasonalNaive,h1,1,ARIMA,7.3534886837005615,5.099456548690796,2.41294050181847,2.0855592419305666,4.30259041196385,4.211978324198373,0.9762779827302787,0.0,0.0,1.9474699359761598,2.9654469798795433,True
D1,24,28,SeasonalNaive,h1_6,1,ARIMA,7.3534886837005615,5.099456548690796,3.2377756655502155,2.851515423421161,5.725134216722896,5.560374198923803,1.2094878704359688,0.0,0.16666666666666666,3.5157746454259224,5.35353235067501,True
D1,24,28,SeasonalNaive,h1_12,1,ARIMA,7.3534886837005615,5.099456548690796,2.4244694122816592,2.2632949375949036,4.307505548592443,4.2027791734481355,0.9102792857757365,0.5,0.5833333333333334,4.746796424963263,7.228031027577624,True
D1,24,29,SeasonalNaive,h1,1,ARIMA,7.3534886837005615,5.099456548690796,0.7180904827025796,0.6008466968992353,0.9407571978909712,0.9452032316090012,0.24362690244518154,1.0,1.0,2.011695166131421,3.063243875881708,True
D1,24,29,SeasonalNaive,h1_6,1,ARIMA,7.3534886837005615,5.099456548690796,1.2734199853571122,1.151472753851722,1.6726019749208347,1.6850973366954796,0.4680163353904885,0.6666666666666666,1.0,3.6317206898835277,5.5300854470869645,True
D1,24,29,SeasonalNaive,h1_12,1,ARIMA,7.3534886837005615,5.099456548690796,2.139976589597393,2.099571715232406,2.8431452581952734,2.8985580902413353,0.7704994275387812,0.5833333333333334,0.8333333333333334,4.90334009593945,7.46640284926272,True
D1,24,30,SeasonalNaive,h1,1,ARIMA,7.3534886837005615,5.099456548690796,2.726501707620513,2.2616802316242075,4.504235865518223,4.608013769975858,1.1234000259591015,0.0,0.0,2.029183169592751,3.089873168632503,True
D1,24,30,SeasonalNaive,h1_6,1,ARIMA,7.3534886837005615,5.099456548690796,2.100958738611666,1.9568739551617182,3.4687864818345613,3.546927582674671,0.8209541656438074,0.5,0.6666666666666666,3.663291846917899,5.578159407331153,True
D1,24,30,SeasonalNaive,h1_12,1,ARIMA,7.3534886837005615,5.099456548690796,2.4735555278305337,2.339084350048811,4.103301883430207,4.2170018827339,0.9123127977104232,0.5,0.8333333333333334,4.945965653734423,7.531309541424527,True
D1,24,31,SeasonalNaive,h1,1,ARIMA,7.3534886837005615,5.099456548690796,1.3425326507191746,1.0921551924773625,2.1767156081168832,2.15328021485526,0.45256249570113904,0.0,1.0,2.0691271595700527,3.150696589962069,True
D1,24,31,SeasonalNaive,h1_6,1,ARIMA,7.3534886837005615,5.099456548690796,1.7630453704132814,1.9127898557550405,2.9541212521052045,3.023239843141891,0.6821771078497633,0.5,0.6666666666666666,3.7354028790858824,5.687964153791266,True
D1,24,31,SeasonalNaive,h1_12,1,ARIMA,7.3534886837005615,5.099456548690796,2.0892603295257777,2.034463933143925,3.504920386680521,3.5902974819570757,0.781004034001298,0.5833333333333334,0.8333333333333334,5.043325815922504,7.679561585570466,True
D1,24,32,SeasonalNaive,h1,1,ARIMA,7.3534886837005615,5.099456548690796,0.2389827405500225,0.2115889521793199,0.4426534604835157,0.4416759136256227,0.15261248676071928,1.0,1.0,1.9011668315639425,2.8949404223190225,True
D1,24,32,SeasonalNaive,h1_6,1,ARIMA,7.3534886837005615,5.099456548690796,1.1905928001124926,1.1415234630124727,2.1860546344262275,2.162703881158061,0.42192999139782095,0.8333333333333334,1.0,3.4321834805562035,5.226246602726727,True
D1,24,32,SeasonalNaive,h1_12,1,ARIMA,7.3534886837005615,5.099456548690796,1.3254540215570727,1.2845647961377087,2.4708111220968187,2.4823405383954387,0.5099485464767831,0.9166666666666666,1.0,4.633936448833013,7.056177142091601,True
D1,24,33,SeasonalNaive,h1,1,ARIMA,7.3534886837005615,5.099456548690796,1.0095334159732023,0.9082991375496742,1.8034520870815034,1.787335219918125,0.32972601795714257,0.0,1.0,1.8708478820678862,2.848773220682029,True
D1,24,33,SeasonalNaive,h1_6,1,ARIMA,7.3534886837005615,5.099456548690796,1.4163718634658171,1.3789162412275557,2.552019773563685,2.5520417756917047,0.4923396157581214,0.5,1.0,3.3774485694055674,5.1429007836374705,True
D1,24,33,SeasonalNaive,h1_12,1,ARIMA,7.3534886837005615,5.099456548690796,1.076997762086864,1.1158361114424251,1.9364128802698677,1.9320997502191022,0.4852925844972688,0.75,1.0,4.560036524414208,6.943648417702729,True
D1,24,34,SeasonalNaive,h1,1,ARIMA,7.3534886837005615,5.099456548690796,1.6356470082538634,1.325921655029078,2.70973584113704,2.6735132675232247,0.5723874445297171,0.0,0.0,2.0764352819115377,3.1618247973483884,True
D1,24,34,SeasonalNaive,h1_6,1,ARIMA,7.3534886837005615,5.099456548690796,1.951390550606733,1.6362858505181808,3.220811587964239,3.1664179515167596,0.6664361212199102,0.3333333333333333,0.8333333333333334,3.7485962592553204,5.7080539475565555,True
D1,24,34,SeasonalNaive,h1_12,1,ARIMA,7.3534886837005615,5.099456548690796,2.620119234324331,2.2536306706439633,4.294216102113344,4.193611379194529,0.8843735921724107,0.3333333333333333,0.9166666666666666,5.061138757916081,7.706685667982118,True
D1,24,35,SeasonalNaive,h1,1,ARIMA,7.3534886837005615,5.099456548690796,0.18013399255561083,0.14247863076632244,0.28161646736911194,0.2820135656897105,0.16597515430012497,1.0,1.0,2.1281028910463484,3.2404999813067863,True
D1,24,35,SeasonalNaive,h1_6,1,ARIMA,7.3534886837005615,5.099456548690796,1.312642627463511,1.5320710583052128,2.0051676823691618,1.9635525363680506,0.5421285606982037,0.8333333333333334,0.8333333333333334,3.8418719842512163,5.850086546815398,True
D1,24,35,SeasonalNaive,h1_12,1,ARIMA,7.3534886837005615,5.099456548690796,2.334686932099612,2.238694047420502,3.5502311225447962,3.460970901336812,0.8461194185203074,0.6666666666666666,0.8333333333333334,5.1870742693182175,7.898449902719765,True
D1,24,36,SeasonalNaive,h1,1,ARIMA,7.3534886837005615,5.099456548690796,2.380840027657077,2.045603058733032,3.2938722542283756,3.2405032357386907,0.9588536368353426,0.0,0.0,1.9590951553011247,2.983148907339786,True
D1,24,36,SeasonalNaive,h1_6,1,ARIMA,7.3534886837005615,5.099456548690796,2.88848442185361,2.825211191363947,4.1546417773389335,4.253091955958425,1.0980452718769105,0.3333333333333333,0.3333333333333333,3.5367616966738953,5.385489705492237,True
D1,24,36,SeasonalNaive,h1_12,1,ARIMA,7.3534886837005615,5.099456548690796,2.6354830087960393,2.556909121975188,3.787894102537268,3.873641749521195,0.981314386530807,0.5,0.6666666666666666,4.7751319327478665,7.271178007374822,True
D1,24,37,SeasonalNaive,h1,1,ARIMA,7.3534886837005615,5.099456548690796,0.8650876858736044,0.6846889613592403,1.3239517482553498,1.3327743931948515,0.2869846297037524,1.0,1.0,2.126735514731561,3.2384178531629204,True
D1,24,37,SeasonalNaive,h1_6,1,ARIMA,7.3534886837005615,5.099456548690796,0.8093161435645807,0.6599512791205634,1.2261574644694657,1.221970570504956,0.36265272753083627,1.0,1.0,3.8394034547558693,5.846327673211503,True
D1,24,37,SeasonalNaive,h1_12,1,ARIMA,7.3534886837005615,5.099456548690796,0.9589969286678888,0.8639898179240091,1.4528989103532195,1.448074370435278,0.4714714316307225,1.0,1.0,5.183741402975754,7.893374888083071,True
D1,24,38,SeasonalNaive,h1,1,ARIMA,7.3534886837005615,5.099456548690796,0.7154754603424275,0.6077224508024304,1.5747104989814624,1.562408791344308,0.24224192723381402,1.0,1.0,1.981691934301443,3.017557423129231,True
D1,24,38,SeasonalNaive,h1_6,1,ARIMA,7.3534886837005615,5.099456548690796,0.2577732959382817,0.28301892386630007,0.5694901232762488,0.5671724169833214,0.28606086344972775,1.0,1.0,3.5775557449978366,5.44760752572891,True
D1,24,38,SeasonalNaive,h1_12,1,ARIMA,7.3534886837005615,5.099456548690796,0.44159546643440023,0.4733251900128529,0.9797360280790307,0.9800011166539313,0.38834966784632224,1.0,1.0,4.830209707142707,7.35504591040142,True
D1,24,39,SeasonalNaive,h1,1,ARIMA,7.3534886837005615,5.099456548690796,0.9218833131897941,0.7583136306710748,1.5114932304435935,1.5230032761528356,0.3009960706914454,1.0,1.0,2.046321046795537,3.1159693179253574,True
D1,24,39,SeasonalNaive,h1_6,1,ARIMA,7.3534886837005615,5.099456548690796,0.5526572624076457,0.5381214360560709,0.898336025987944,0.8974293838205851,0.3261003935750183,1.0,1.0,3.694230919728692,5.6252708817278325,True
D1,24,39,SeasonalNaive,h1_12,1,ARIMA,7.3534886837005615,5.099456548690796,1.302707711867053,1.5299850955967005,2.077660060225348,2.0378781167864113,0.5869457378484586,0.8333333333333334,0.9166666666666666,4.987737807817457,7.594916740632203,True
D1,24,40,SeasonalNaive,h1,1,ARIMA,7.3534886837005615,5.099456548690796,1.142789473991074,0.9272510945545401,1.7321253298469805,1.7472576762409129,0.37470369812052057,0.0,1.0,2.0745101137390667,3.158893309658972,True
D1,24,40,SeasonalNaive,h1_6,1,ARIMA,7.3534886837005615,5.099456548690796,2.452475417988982,2.306382156370791,3.779071955184319,3.8782508048467563,0.8931125037935199,0.16666666666666666,0.8333333333333334,3.745120746065658,5.702761722037981,True
D1,24,40,SeasonalNaive,h1_12,1,ARIMA,7.3534886837005615,5.099456548690796,2.0784316946951584,1.9474721155664316,3.1512529880906874,3.1825826863798334,0.7773879412741624,0.5833333333333334,0.9166666666666666,5.056446320189712,7.699540409908101,True
D1,24,41,SeasonalNaive,h1,1,ARIMA,7.3534886837005615,5.099456548690796,0.8664166796351012,0.7312449703246302,0.9638401083206913,0.9685075403838563,0.28444882094935114,1.0,1.0,1.9943923152836847,3.0368965182964076,True
D1,24,41,SeasonalNaive,h1_6,1,ARIMA,7.3534886837005615,5.099456548690796,2.1213268873037303,2.225160000849589,2.391104637763917,2.4355835126113097,0.7786351635269895,0.5,0.8333333333333334,3.6004837895441053,5.482520465435058,True
D1,24,41,SeasonalNaive,h1_12,1,ARIMA,7.3534886837005615,5.099456548690796,1.9826334241990058,2.078657807277703,2.2215152219024423,2.249557637308504,0.7718505937489836,0.6666666666666666,0.9166666666666666,4.8611658322815074,7.402183350680111,True
D1,24,42,SeasonalNaive,h1,1,ARIMA,7.3534886837005615,5.099456548690796,1.6706312853734258,1.3999333730086818,2.534484856322582,2.5027687093588424,0.5978832915519504,0.0,0.0,2.0087224011521165,3.0587171939715234,True
D1,24,42,SeasonalNaive,h1_6,1,ARIMA,7.3534886837005615,5.099456548690796,2.2550895348232425,2.0317968307115573,3.51662832568048,3.5715614889613967,0.7643719421145982,0.3333333333333333,0.8333333333333334,3.626353946321516,5.521913411568596,True
D1,24,42,SeasonalNaive,h1_12,1,ARIMA,7.3534886837005615,5.099456548690796,2.3222391564631693,2.137448800562727,3.6372479830679176,3.710295845958668,0.8042374595905589,0.5,0.9166666666666666,4.896094227895266,7.455369437598034,True
D1,24,43,SeasonalNaive,h1,1,ARIMA,7.3534886837005615,5.099456548690796,1.6581968769309339,1.3006515489485582,2.6073290607993416,2.5737756604223554,0.5754444005723662,0.0,0.0,2.1459609258106753,3.2676927272794916,True
D1,24,43,SeasonalNaive,h1_6,1,ARIMA,7.3534886837005615,5.099456548690796,1.9684653413132442,1.6399810627173597,3.081644141138604,3.0292235825930764,0.7056354695888253,0.3333333333333333,0.6666666666666666,3.87411116015927,5.899177711235559,True
D1,24,43,SeasonalNaive,h1_12,1,ARIMA,7.3534886837005615,5.099456548690796,2.2165457668567337,1.826850230041587,3.463873616580146,3.399137740078597,0.7704660568229258,0.6666666666666666,0.8333333333333334,5.230601747719938,7.964729965371131,True
D1,24,44,SeasonalNaive,h1,1,ARIMA,7.3534886837005615,5.099456548690796,0.45134572227022773,0.3844720606105489,1.0890624513206275,1.0950252054933902,0.18699994315137597,1.0,1.0,1.9760194951055694,3.0089198994523665,True
D1,24,44,SeasonalNaive,h1_6,1,ARIMA,7.3534886837005615,5.099456548690796,0.6281335709116496,0.6198015291969965,1.5155485393691337,1.5240436256160588,0.32004825408155424,1.0,1.0,3.5673152696332715,5.4320141724342585,True
D1,24,44,SeasonalNaive,h1_12,1,ARIMA,7.3534886837005615,5.099456548690796,1.062535575692671,1.026888385301305,2.5204374560244696,2.492422036144142,0.45631831355793745,1.0,1.0,4.816383607135505,7.333992662927629,True
D1,24,45,SeasonalNaive,h1,1,ARIMA,7.3534886837005615,5.099456548690796,0.30408528767114074,0.23759024567793002,0.3456366259078818,0.34504033302533677,0.17478396572424507,1.0,1.0,2.1543362118332285,3.2804459237126813,True
D1,24,45,SeasonalNaive,h1_6,1,ARIMA,7.3534886837005615,5.099456548690796,2.157007787376686,2.0001127501646634,2.416657079606646,2.3789185723102775,0.7627739648790496,0.5,0.8333333333333334,3.889231094851128,5.922201103709902,True
D1,24,45,SeasonalNaive,h1_12,1,ARIMA,7.3534886837005615,5.099456548690796,3.3742440210910907,3.0116793951683163,3.749457577830267,3.6619772307131067,1.18636729396706,0.4166666666666667,0.6666666666666666,5.2510158126641695,7.995814823790571,True
D1,24,46,SeasonalNaive,h1,1,ARIMA,7.3534886837005615,5.099456548690796,0.5116706079835718,0.3907396648618766,0.8109261762451709,0.8142275684887106,0.2099609781465159,1.0,1.0,2.2041931597927777,3.3563639818153534,True
D1,24,46,SeasonalNaive,h1_6,1,ARIMA,7.3534886837005615,5.099456548690796,0.5518823236341854,0.5867676486062496,0.8649359599254969,0.8588840175327948,0.35169680613805365,1.0,1.0,3.9792380265610308,6.059256253510492,True
D1,24,46,SeasonalNaive,h1_12,1,ARIMA,7.3534886837005615,5.099456548690796,0.6908973985818512,0.6272386705807727,1.0909847934419923,1.0915595519047436,0.4511295109220802,1.0,1.0,5.372537987647235,8.180858792960395,True
D1,24,47,SeasonalNaive,h1,1,ARIMA,7.3534886837005615,5.099456548690796,0.3867816519741314,0.3176964431749455,0.59133125794631,0.5930848058679237,0.18038302713445328,1.0,1.0,2.049274759293305,3.120466988284271,True
D1,24,47,SeasonalNaive,h1_6,1,ARIMA,7.3534886837005615,5.099456548690796,0.9399580156183724,0.9568755829064094,1.4178370752107146,1.403255770937626,0.4166870798387369,0.8333333333333334,0.8333333333333334,3.6995632677756065,5.633390542585889,True
D1,24,47,SeasonalNaive,h1_12,1,ARIMA,7.3534886837005615,5.099456548690796,1.0496199938379625,1.0793216610998182,1.60453642041412,1.6097245784562046,0.5000093152328379,0.9166666666666666,0.9166666666666666,4.994937237018269,7.605879439047213,True
D1,24,48,SeasonalNaive,h1,1,ARIMA,7.3534886837005615,5.099456548690796,0.3775243807184574,0.3260743349890017,0.7654306776357844,0.7683713526615024,0.1731586650380194,1.0,1.0,1.9488349796977118,2.9675255561423635,True
D1,24,48,SeasonalNaive,h1_6,1,ARIMA,7.3534886837005615,5.099456548690796,1.4268643110454573,1.3628612593992664,2.857321153530526,2.834607099960072,0.48664002659408545,0.6666666666666666,1.0,3.518238963882129,5.357284812054987,True
D1,24,48,SeasonalNaive,h1_12,1,ARIMA,7.3534886837005615,5.099456548690796,1.714455531357181,1.5995235720578538,3.4069928642083998,3.354137728706139,0.5920960861876492,0.8333333333333334,1.0,4.750123605803225,7.233097384798918,True
D1,24,49,SeasonalNaive,h1,1,ARIMA,7.3534886837005615,5.099456548690796,2.8862974394939562,2.4082957028446805,5.320942526598104,5.466373831530472,1.2046983922942844,0.0,0.0,2.0173346724955077,3.0718312521520166,True
D1,24,49,SeasonalNaive,h1_6,1,ARIMA,7.3534886837005615,5.099456548690796,1.4253860606778572,1.4358321204466689,2.58500595973374,2.6125217619223244,0.5991669002509272,0.6666666666666666,0.8333333333333334,3.641901711485578,5.545588269083927,True
D1,24,49,SeasonalNaive,h1_12,1,ARIMA,7.3534886837005615,5.099456548690796,1.1064884991514647,1.1751545791211926,1.9977658184403575,2.009833178996665,0.559954982266098,0.8333333333333334,0.9166666666666666,4.917085924900914,7.487333866592792,True
D1,24,50,SeasonalNaive,h1,1,ARIMA,7.3534886837005615,5.099456548690796,1.1932583853417973,0.9319914924283614,1.840191546561281,1.8572803041376251,0.3916219536055195,0.0,1.0,2.155108930503002,3.2816225561233723,True
D1,24,50,SeasonalNaive,h1_6,1,ARIMA,7.3534886837005615,5.099456548690796,2.0017341979151366,1.7855376005158838,3.121279143241698,3.1866940860223396,0.719433942957321,0.5,0.6666666666666666,3.8906260867105615,5.924325282532945,True
D1,24,50,SeasonalNaive,h1_12,1,ARIMA,7.3534886837005615,5.099456548690796,2.3044343661046747,1.9738597176084938,3.5977479975192024,3.677845141370622,0.8077977043676114,0.5833333333333334,0.8333333333333334,5.252899250324148,7.9986827676891705,True
D1,24,51,SeasonalNaive,h1,1,ARIMA,7.3534886837005615,5.099456548690796,0.4254436581923994,0.3509213897235306,1.0300040923879406,1.035336094459391,0.18634158232801226,1.0,1.0,2.040698725750259,3.107408110044486,True
D1,24,51,SeasonalNaive,h1_6,1,ARIMA,7.3534886837005615,5.099456548690796,1.050418714820745,1.067649942911598,2.4842740618014747,2.4405519370081006,0.4175961811562966,0.8333333333333334,1.0,3.6840809228459315,5.6098153016206735,True
D1,24,51,SeasonalNaive,h1_12,1,ARIMA,7.3534886837005615,5.099456548690796,0.8806797920815783,0.9166509933792933,2.0869690992556023,2.054069893620217,0.4640417171635404,0.9166666666666666,1.0,4.9740338666450175,7.574049506580717,True
D1,24,52,SeasonalNaive,h1,1,ARIMA,7.3534886837005615,5.099456548690796,0.5392133011072621,0.4210495508794814,0.9018049692279708,0.9058896481593824,0.211804357463108,1.0,1.0,2.155629249283832,3.282414854750813,True
D1,24,52,SeasonalNaive,h1_6,1,ARIMA,7.3534886837005615,5.099456548690796,0.6781065078001552,0.8254892715932343,1.119961960521538,1.1114174653899322,0.40804296765195824,0.8333333333333334,1.0,3.891565420121284,5.9257556221620575,True
D1,24,52,SeasonalNaive,h1_12,1,ARIMA,7.3534886837005615,5.099456548690796,1.3871579615622092,1.4301952751619587,2.343583076963742,2.379972245228981,0.5976082519732011,0.8333333333333334,1.0,5.254167484191659,8.000613929871818,True
D1,24,53,SeasonalNaive,h1,1,ARIMA,7.3534886837005615,5.099456548690796,1.876365963543411,1.4248675038689758,3.0416987750807185,3.0886728370054413,0.6761779002799572,0.0,0.0,2.216612327228506,3.3752748681322755,True
D1,24,53,SeasonalNaive,h1_6,1,ARIMA,7.3534886837005615,5.099456548690796,1.1193395949028035,0.9584534577099898,1.807894573241843,1.8289773707843113,0.46954875546512237,0.8333333333333334,0.8333333333333334,4.0016583952564275,6.093396146202709,True
D1,24,53,SeasonalNaive,h1_12,1,ARIMA,7.3534886837005615,5.099456548690796,1.654711213437793,1.3906420113985594,2.676209279143799,2.711829073935208,0.6217948204558225,0.9166666666666666,0.9166666666666666,5.4028086780932565,8.226952509686772,True
D1,24,54,SeasonalNaive,h1,1,ARIMA,7.3534886837005615,5.099456548690796,3.490758268667543,2.720545753991736,3.771356971836666,3.701557498444599,1.4900911401832304,0.0,0.0,2.1597845034366285,3.288742133878646,True
D1,24,54,SeasonalNaive,h1_6,1,ARIMA,7.3534886837005615,5.099456548690796,1.4492368126064454,1.4188800342448646,1.5916004297704944,1.5879787697580245,0.614579748099614,0.8333333333333334,0.8333333333333334,3.8990669157417224,5.9371782824667205,True
D1,24,54,SeasonalNaive,h1_12,1,ARIMA,7.3534886837005615,5.099456548690796,3.152747104579871,2.9484610430537663,3.5486725060113065,3.631179807040145,1.15767745204264,0.4166666666666667,0.6666666666666666,5.264295571507866,8.01603614789375,True
D1,24,55,SeasonalNaive,h1,1,ARIMA,7.3534886837005615,5.099456548690796,0.020065189966892154,0.015492165177501344,0.02810754487345849,0.028111495599078544,0.1608938109658784,1.0,1.0,2.1801071365202467,3.319687767383821,True
D1,24,55,SeasonalNaive,h1_6,1,ARIMA,7.3534886837005615,5.099456548690796,0.4015557518875611,0.3666584484255843,0.562869936818478,0.5633348508808922,0.3107584109982379,1.0,1.0,3.9357554400695243,5.9930445485662664,True
D1,24,55,SeasonalNaive,h1_12,1,ARIMA,7.3534886837005615,5.099456548690796,1.3304357968268896,1.320708205034729,1.8917864772667936,1.9212873415456515,0.554492285592804,0.9166666666666666,1.0,5.313830303872742,8.091463562600891,True
D1,24,56,SeasonalNaive,h1,1,ARIMA,7.3534886837005615,5.099456548690796,1.9552734116886696,1.512880250746036,2.579166946039045,2.546329896524905,0.7204967346664355,0.0,0.0,2.1754525778312566,3.3126001883912273,True
D1,24,56,SeasonalNaive,h1_6,1,ARIMA,7.3534886837005615,5.099456548690796,1.3330867860066886,1.243677514342925,1.758948576468496,1.737090562045407,0.5486640331971256,0.5,0.8333333333333334,3.927352548131583,5.980249316116576,True
D1,24,56,SeasonalNaive,h1_12,1,ARIMA,7.3534886837005615,5.099456548690796,1.6022594389449318,1.452314110296262,2.110305691891562,2.080456615431764,0.6429796278982476,0.6666666666666666,0.9166666666666666,5.302485203167194,8.07418817672603,True
D1,24,57,SeasonalNaive,h1,1,ARIMA,7.3534886837005615,5.099456548690796,1.4948083839978232,1.1843768665653243,1.9875219471571548,1.9679650782359905,0.5099223931929313,0.0,1.0,2.1244293292281893,3.2349061836322854,True
D1,24,57,SeasonalNaive,h1_6,1,ARIMA,7.3534886837005615,5.099456548690796,2.531074803304064,2.154689432098362,3.3338754561515556,3.2713381526871235,0.9144487696451122,0.3333333333333333,0.5,3.8352400895759544,5.839988043278921,True
D1,24,57,SeasonalNaive,h1_12,1,ARIMA,7.3534886837005615,5.099456548690796,2.1226416284468903,1.8870014783180051,2.8006412652802517,2.752601171905594,0.804272575400178,0.6666666666666666,0.75,5.178120267110986,7.884815484897568,True
D1,24,58,SeasonalNaive,h1,1,ARIMA,7.3534886837005615,5.099456548690796,2.3822099754675734,1.7942547659844579,4.230550299030984,4.321971896527269,0.926947710055276,0.0,0.0,2.2348203122455486,3.403000489555764,True
D1,24,58,SeasonalNaive,h1_6,1,ARIMA,7.3534886837005615,5.099456548690796,1.8848592000012636,1.6706774838374063,3.3543584115054768,3.4349423239166113,0.745041025645248,0.5,0.6666666666666666,4.03452933764411,6.143449312636059,True
D1,24,58,SeasonalNaive,h1_12,1,ARIMA,7.3534886837005615,5.099456548690796,1.5882950260391233,1.4481154708802881,2.792885757877262,2.8262948662896874,0.694296002416443,0.75,0.8333333333333334,5.447189131207349,8.294531412047034,True
D1,24,59,SeasonalNaive,h1,1,ARIMA,7.3534886837005615,5.099456548690796,0.04093563524233366,0.031508232217239834,0.05409791051073334,0.05411254738946424,0.1625493736908401,1.0,1.0,2.1868760895378245,3.3299949720867557,True
D1,24,59,SeasonalNaive,h1_6,1,ARIMA,7.3534886837005615,5.099456548690796,0.6835186758930182,0.6121814866859521,0.9052131267504945,0.9074488862234606,0.351987603508081,1.0,1.0,3.9479754558734412,6.011652183164566,True
D1,24,59,SeasonalNaive,h1_12,1,ARIMA,7.3534886837005615,5.099456548690796,0.9095174833901679,0.9421442913221905,1.2131962189924144,1.225132950759794,0.4866361468781656,1.0,1.0,5.330329065363755,8.116586519074547,True
D1,24,60,SeasonalNaive,h1,1,ARIMA,7.3534886837005615,5.099456548690796,0.5154166071716296,0.45995233436235944,0.8862046279628204,0.8822951577028929,0.1925987984986112,1.0,1.0,1.886219628967062,2.8721800520664686,True
D1,24,60,SeasonalNaive,h1_6,1,ARIMA,7.3534886837005615,5.099456548690796,1.0820374360804308,1.0973377079514128,1.8865521172689086,1.9050433390504071,0.41288819431260976,0.8333333333333334,1.0,3.4051992406768936,5.185157222512836,True
D1,24,60,SeasonalNaive,h1_12,1,ARIMA,7.3534886837005615,5.099456548690796,1.070937493543898,1.0782440199027838,1.849051620965389,1.8491314762990707,0.46545901715822324,0.9166666666666666,1.0,4.597503882383938,7.000700627589458,True
D1,24,61,SeasonalNaive,h1,1,ARIMA,7.3534886837005615,5.099456548690796,0.6264261032427235,0.44129685872859287,0.7912895687063869,0.7881712104205845,0.2395623306964749,1.0,1.0,2.3893825633491024,3.638355168090855,True
D1,24,61,SeasonalNaive,h1_6,1,ARIMA,7.3534886837005615,5.099456548690796,1.4461087628861562,1.325136875276639,1.8059638152755815,1.77887104083114,0.623365531988717,0.5,0.8333333333333334,4.313561138613837,6.568335980301752,True
D1,24,61,SeasonalNaive,h1_12,1,ARIMA,7.3534886837005615,5.099456548690796,1.6873911123917014,1.4338104591580167,2.143469498170578,2.148165040365943,0.6957104799900647,0.75,0.9166666666666666,5.823921797226587,8.868188918142883,True
D1,24,62,SeasonalNaive,h1,1,ARIMA,7.3534886837005615,5.099456548690796,1.101385735550562,0.8955393828358788,2.5041686323699426,2.535920495160771,0.3587488274316908,0.0,1.0,2.070148201541584,3.152251348664561,True
D1,24,62,SeasonalNaive,h1_6,1,ARIMA,7.3534886837005615,5.099456548690796,0.5592132438123325,0.5346306031608733,1.2649749644730912,1.2744416122708588,0.3367133871186289,0.8333333333333334,1.0,3.737246169916256,5.690770965401027,True
D1,24,62,SeasonalNaive,h1_12,1,ARIMA,7.3534886837005615,5.099456548690796,0.491572702750048,0.4564635815471266,1.1085530374432613,1.113402172983385,0.4129875280499591,0.9166666666666666,1.0,5.045814521031959,7.683351180939468,True
D1,24,63,SeasonalNaive,h1,1,ARIMA,7.3534886837005615,5.099456548690796,0.05516252990612499,0.04913673938525453,0.11762352115766439,0.11755438535400006,0.14155719373138936,1.0,1.0,1.8896637036737347,2.877424405649914,True
D1,24,63,SeasonalNaive,h1_6,1,ARIMA,7.3534886837005615,5.099456548690796,2.022607582990717,2.1815698068685125,4.183725514807751,4.061121266564238,0.7361293875734085,0.3333333333333333,0.8333333333333334,3.411416841424915,5.194624873345183,True
D1,24,63,SeasonalNaive,h1_12,1,ARIMA,7.3534886837005615,5.099456548690796,1.76258854734573,1.9645508508761655,3.6547442014754723,3.5559308159219705,0.6922145759154651,0.5833333333333334,0.9166666666666666,4.6058985287930705,7.0134833044263365,True
D1,24,64,SeasonalNaive,h1,1,ARIMA,7.3534886837005615,5.099456548690796,0.932065869977754,0.7756816632537871,1.5267859454882107,1.538530982895123,0.30330384962524093,1.0,1.0,2.0225988686424152,3.079847136904333,True
D1,24,64,SeasonalNaive,h1_6,1,ARIMA,7.3534886837005615,5.099456548690796,3.1055272047934253,2.7133927751898193,5.193143729656924,5.346590244445442,1.139645100062628,0.16666666666666666,0.5,3.6514051841708155,5.560059375339387,True
D1,24,64,SeasonalNaive,h1_12,1,ARIMA,7.3534886837005615,5.099456548690796,2.656904881986202,2.3581874184420077,4.428186788162555,4.543239550438421,0.9521950195759022,0.5,0.75,4.929916966340308,7.506871920753354,True
D1,24,65,SeasonalNaive,h1,1,ARIMA,7.3534886837005615,5.099456548690796,1.6809273234927422,1.3521389300670459,2.1035251841001408,2.0816313641080706,0.593123711218917,0.0,0.0,2.0925425577003933,3.186351631606385,True
D1,24,65,SeasonalNaive,h1_6,1,ARIMA,7.3534886837005615,5.099456548690796,1.8653794284190248,1.607634269536184,2.3471993790984333,2.3361490154825684,0.6635777482248275,0.3333333333333333,0.8333333333333334,3.7776747835391418,5.752332331743046,True
D1,24,65,SeasonalNaive,h1_12,1,ARIMA,7.3534886837005615,5.099456548690796,1.9948346952462823,1.7504536768009495,2.539215089158473,2.556857080001468,0.7222912170972005,0.5833333333333334,0.9166666666666666,5.100398906541708,7.766467791968089,True
D1,24,66,SeasonalNaive,h1,1,ARIMA,7.3534886837005615,5.099456548690796,0.2076649414490235,0.17311531752848616,0.3119859423146253,0.311500024171764,0.15952151346961088,1.0,1.0,2.019176889571475,3.0746364287369463,True
D1,24,66,SeasonalNaive,h1_6,1,ARIMA,7.3534886837005615,5.099456548690796,0.26306567737407327,0.2825360701754597,0.39697781614132926,0.3981315133586943,0.28177185302300145,1.0,1.0,3.6452274727553466,5.550652464700536,True
D1,24,66,SeasonalNaive,h1_12,1,ARIMA,7.3534886837005615,5.099456548690796,1.037666942064079,1.1872802498092654,1.5846750579086304,1.6088381454853782,0.48746590179673677,1.0,1.0,4.921576176210442,7.494171251827222,True
D1,24,67,SeasonalNaive,h1,1,ARIMA,7.3534886837005615,5.099456548690796,0.38950763149564527,0.3395263681199945,0.8046802065607953,0.8079308363220877,0.17414874643335634,1.0,1.0,1.9310305418728018,2.9404144231790355,True
D1,24,67,SeasonalNaive,h1_6,1,ARIMA,7.3534886837005615,5.099456548690796,1.0881996646278347,1.0816401623621505,2.257484521140159,2.2770305606394237,0.4271427006743796,0.6666666666666666,1.0,3.486096546726145,5.308340983901119,True
D1,24,67,SeasonalNaive,h1_12,1,ARIMA,7.3534886837005615,5.099456548690796,0.8126742674126183,0.8695254588511144,1.6855933802017207,1.699711190608104,0.4493151311009274,0.8333333333333334,1.0,4.70672676549544,7.167016247088039,True
D1,24,68,SeasonalNaive,h1,1,ARIMA,7.3534886837005615,5.099456548690796,0.4660690326574835,0.3621535732733922,0.7728988705125773,0.7699235054737685,0.20021317223604185,1.0,1.0,2.166227938329423,3.298553666364939,True
D1,24,68,SeasonalNaive,h1_6,1,ARIMA,7.3534886837005615,5.099456548690796,0.8466152494689995,0.7296919223670784,1.3979502262939651,1.3867213454583665,0.3751715738996488,1.0,1.0,3.910699272476505,5.954891078187367,True
D1,24,68,SeasonalNaive,h1_12,1,ARIMA,7.3534886837005615,5.099456548690796,1.0553382279254977,1.0235804145516318,1.7694461477337369,1.7828477423591664,0.506740827053516,1.0,1.0,5.28000090957167,8.039950944455658,True
D1,24,69,SeasonalNaive,h1,1,ARIMA,7.3534886837005615,5.099456548690796,1.5061955746851352,1.0687354627072623,2.5526986536469796,2.5205279126020845,0.5060231521189,0.0,1.0,2.372235640721487,3.6122452451693383,True
D1,24,69,SeasonalNaive,h1_6,1,ARIMA,7.3534886837005615,5.099456548690796,1.3654152747660768,1.0618872855444812,2.313760605518263,2.284528417077281,0.5387649882700515,0.6666666666666666,0.8333333333333334,4.282605736064317,6.521199640322555,True
D1,24,69,SeasonalNaive,h1_12,1,ARIMA,7.3534886837005615,5.099456548690796,1.2805024366419007,1.0285483582840853,2.197812373401009,2.1983639868633826,0.5905632583200423,0.8333333333333334,0.9166666666666666,5.782127595670887,8.804548146857897,True
D1,24,70,SeasonalNaive,h1,1,ARIMA,7.3534886837005615,5.099456548690796,0.06226975469240013,0.051537602210945783,0.12040679798739952,0.12033435261696702,0.15251276664066407,1.0,1.0,2.033759643841949,3.0968418470650074,True
D1,24,70,SeasonalNaive,h1_6,1,ARIMA,7.3534886837005615,5.099456548690796,0.9897927501272744,0.9878327030641428,1.8887893652902494,1.8632648555296398,0.4027409173742579,1.0,1.0,3.6715537727292054,5.5907399881619675,True
D1,24,70,SeasonalNaive,h1_12,1,ARIMA,7.3534886837005615,5.099456548690796,1.7626548144655556,1.6713256223071722,3.335880972973712,3.264832878090419,0.6293508331925454,0.9166666666666666,1.0,4.957120430095144,7.548295117047061,True
D1,24,71,SeasonalNaive,h1,1,ARIMA,7.3534886837005615,5.099456548690796,0.9136335306649529,0.678512730520238,1.3562437773675253,1.3655035558706392,0.3035380309049607,1.0,1.0,2.266526019407909,3.4512793316640207,True
D1,24,71,SeasonalNaive,h1_6,1,ARIMA,7.3534886837005615,5.099456548690796,0.6794974138706424,0.6145054980162293,0.997706742006333,0.9936499270511325,0.3749058202353033,1.0,1.0,4.091767767515367,6.230607284042531,True
D1,24,71,SeasonalNaive,h1_12,1,ARIMA,7.3534886837005615,5.099456548690796,1.1816637221009745,0.9961498574665185,1.7245850010387216,1.7073233410988844,0.5248250215676127,1.0,1.0,5.524469162405279,8.412207084922581,True
D1,24,72,SeasonalNaive,h1,1,ARIMA,7.3534886837005615,5.099456548690796,0.22619168827683797,0.1751308757641618,0.38435464475826303,0.38509470945952606,0.17189808360986197,1.0,1.0,2.1740053189461537,3.310396421642022,True
D1,24,72,SeasonalNaive,h1_6,1,ARIMA,7.3534886837005615,5.099456548690796,0.6992949223009414,0.7746339154743677,1.200380550852155,1.2152575419605716,0.37067480397744107,1.0,1.0,3.924739806337902,5.97627084789062,True
D1,24,72,SeasonalNaive,h1_12,1,ARIMA,7.3534886837005615,5.099456548690796,1.6899170900402858,1.6079157720326072,2.9295282892930925,2.99626245845971,0.6383790215063927,0.8333333333333334,1.0,5.298957629685846,8.06881667807882,True
D1,24,73,SeasonalNaive,h1,1,ARIMA,7.3534886837005615,5.099456548690796,0.4233612700196494,0.33120633018713397,0.8520888502328275,0.8557346600457414,0.19226710563334617,1.0,1.0,2.151588311247645,3.2762616467993353,True
D1,24,73,SeasonalNaive,h1_6,1,ARIMA,7.3534886837005615,5.099456548690796,0.705831334633549,0.6295925459506386,1.4277164266601279,1.4411093469431542,0.35100209490276557,1.0,1.0,3.884270299807004,5.914647213192964,True
D1,24,73,SeasonalNaive,h1_12,1,ARIMA,7.3534886837005615,5.099456548690796,0.6366606614188804,0.6351924216247462,1.2883405754972044,1.3010731623015195,0.4397982339595741,1.0,1.0,5.244318032927047,7.98561599590295,True
D1,24,74,SeasonalNaive,h1,1,ARIMA,7.3534886837005615,5.099456548690796,1.3696022508925951,1.159356823292911,2.592071596617637,2.62610688190903,0.46579930092789845,0.0,1.0,1.988492779343813,3.027913190383425,True
D1,24,74,SeasonalNaive,h1_6,1,ARIMA,7.3534886837005615,5.099456548690796,1.080946895559231,1.0334768698429406,2.0296916862391425,2.040528397624103,0.4266611507803813,0.8333333333333334,1.0,3.589833335591514,5.466302830479771,True
D1,24,74,SeasonalNaive,h1_12,1,ARIMA,7.3534886837005615,5.099456548690796,1.504268159926798,1.4861807651115129,2.8574521000509097,2.9070979660557303,0.571165380890862,0.8333333333333334,1.0,4.846786202798663,7.380287234065447,True
D1,24,75,SeasonalNaive,h1,1,ARIMA,7.3534886837005615,5.099456548690796,2.5915193849012588,2.2991090810784445,4.9059027109030104,4.788444496715778,1.0714946747802463,0.0,0.0,1.8973242805214199,2.889089301758162,True
D1,24,75,SeasonalNaive,h1_6,1,ARIMA,7.3534886837005615,5.099456548690796,3.717023751146007,3.358605934192871,6.953644113351822,6.712388944705988,1.453645413495213,0.0,0.0,3.4252465090120183,5.215683553236101,True
D1,24,75,SeasonalNaive,h1_12,1,ARIMA,7.3534886837005615,5.099456548690796,3.1591908182193356,2.907600039318332,5.935499849223725,5.752818688924006,1.1636496014890605,0.3333333333333333,0.5,4.624570549409155,7.041915521078995,True
D1,24,76,SeasonalNaive,h1,1,ARIMA,7.3534886837005615,5.099456548690796,1.5736092897447935,1.2038451983267953,2.235865340632941,2.261143401440348,0.5380190613675825,0.0,1.0,2.200254639778513,3.3503667276006746,True
D1,24,76,SeasonalNaive,h1_6,1,ARIMA,7.3534886837005615,5.099456548690796,3.0213630241828535,2.5260497330753746,4.356236754149537,4.473751223464684,1.128787317746202,0.16666666666666666,0.3333333333333333,3.972127801878808,6.048429388396612,True
D1,24,76,SeasonalNaive,h1_12,1,ARIMA,7.3534886837005615,5.099456548690796,2.3099635307841355,2.028016669504682,3.3156358471274454,3.389295529681797,0.8974921992226638,0.5833333333333334,0.6666666666666666,5.362938171815422,8.166240983288494,True
D1,24,77,SeasonalNaive,h1,1,ARIMA,7.3534886837005615,5.099456548690796,0.15377775579570915,0.11508483277829665,0.2617435614883124,0.26208655883495074,0.17338380684943488,1.0,1.0,2.2491690938663194,3.424849633584234,True
D1,24,77,SeasonalNaive,h1_6,1,ARIMA,7.3534886837005615,5.099456548690796,1.7819692769788897,1.5542385710678,3.092944824519944,3.159998214531249,0.6368787900699279,0.6666666666666666,0.8333333333333334,4.060433245932067,6.182893652792754,True
D1,24,77,SeasonalNaive,h1_12,1,ARIMA,7.3534886837005615,5.099456548690796,2.4025198410099646,1.9727905817196631,4.187143402207657,4.2962483646970115,0.8218244676886772,0.75,0.9166666666666666,5.482163096166626,8.347786888214836,True
D1,24,78,SeasonalNaive,h1,1,ARIMA,7.3534886837005615,5.099456548690796,0.2552221346295484,0.20490503890827727,0.46599649497723805,0.46491325524018606,0.16783675145787408,1.0,1.0,2.0965845342454994,3.192506420913795,True
D1,24,78,SeasonalNaive,h1_6,1,ARIMA,7.3534886837005615,5.099456548690796,0.8379153446039922,0.863827621413864,1.5182190655956462,1.5035598355662672,0.3726291507352168,1.0,1.0,3.784971778677392,5.763443595539823,True
D1,24,78,SeasonalNaive,h1_12,1,ARIMA,7.3534886837005615,5.099456548690796,1.0915074993159302,1.0342124600052611,1.9758693467270505,1.955043797492485,0.49277007280456137,1.0,1.0,5.110250889085665,7.781469580360865,True
D1,24,79,SeasonalNaive,h1,1,ARIMA,7.3534886837005615,5.099456548690796,0.3123274680945688,0.25444826734734755,0.5082405740935234,0.5095354069322244,0.16892735547320842,1.0,1.0,2.0661286611759326,3.1461307233251836,True
D1,24,79,SeasonalNaive,h1_6,1,ARIMA,7.3534886837005615,5.099456548690796,2.673535674617036,2.4456126515134917,4.224710469487514,4.116389222737627,0.9640908270898589,0.16666666666666666,0.5,3.7299896788953952,5.679721377941525,True
D1,24,79,SeasonalNaive,h1_12,1,ARIMA,7.3534886837005615,5.099456548690796,2.4942454790685664,2.2704705329063546,3.9492280910480293,3.855236670546236,0.9054566320925276,0.4166666666666667,0.75,5.036017224814356,7.668432664384856,True
D1,24,80,SeasonalNaive,h1,1,ARIMA,7.3534886837005615,5.099456548690796,0.025245652726147302,0.02180431197708489,0.04436175747521865,0.04435191982966343,0.14423698758132075,1.0,1.0,1.9489060156599525,2.967633723860794,True
D1,24,80,SeasonalNaive,h1_6,1,ARIMA,7.3534886837005615,5.099456548690796,0.5859669484511454,0.6185001869795194,1.0333449975072144,1.0369396788411298,0.31224663777254014,1.0,1.0,3.5183672053662827,5.357480087635296,True
D1,24,80,SeasonalNaive,h1_12,1,ARIMA,7.3534886837005615,5.099456548690796,0.7510980670377085,0.8279725989502182,1.3117957956688342,1.3038323342463294,0.4167817943948695,1.0,1.0,4.750296750068684,7.23336103463998,True
D1,24,81,SeasonalNaive,h1,1,ARIMA,7.3534886837005615,5.099456548690796,0.02402747295021476,0.019648120497126075,0.042515316949893855,0.04250628110982513,0.15219546229821546,1.0,1.0,2.0584189136011672,3.134390954079532,True
D1,24,81,SeasonalNaive,h1_6,1,ARIMA,7.3534886837005615,5.099456548690796,0.9815001678754764,0.9815643544542423,1.7492058414704352,1.7620267588258676,0.3942781769188816,1.0,1.0,3.7160712432136616,5.6585275292999775,True
D1,24,81,SeasonalNaive,h1_12,1,ARIMA,7.3534886837005615,5.099456548690796,0.9719761573997029,0.9684168054610461,1.7358259683588624,1.75211898940495,0.47277981350114145,1.0,1.0,5.017225354629759,7.639817950670538,True
D1,24,82,SeasonalNaive,h1,1,ARIMA,7.3534886837005615,5.099456548690796,1.0828004153465,0.8541400523431849,1.882460249907579,1.9003468872893683,0.34938013821483227,0.0,1.0,2.133860410308995,3.2492670579089062,True
D1,24,82,SeasonalNaive,h1_6,1,ARIMA,7.3534886837005615,5.099456548690796,2.4153160655011745,2.274214172662711,4.0467096534725195,3.9414874200977534,0.8945184127155313,0.3333333333333333,0.6666666666666666,3.852266054973564,5.865913782482987,True
D1,24,82,SeasonalNaive,h1_12,1,ARIMA,7.3534886837005615,5.099456548690796,2.2715168609126946,2.173633888543499,3.8062504434828575,3.7072237119722145,0.8875821068853881,0.5,0.75,5.201107744930721,7.919818924702356,True
D1,24,83,SeasonalNaive,h1,1,ARIMA,7.3534886837005615,5.099456548690796,0.0490922035711563,0.0408123842895268,0.07820662633706663,0.07817605690871082,0.1511189432317548,1.0,1.0,2.0247305639024784,3.083093107049594,True
D1,24,83,SeasonalNaive,h1_6,1,ARIMA,7.3534886837005615,5.099456548690796,0.9045195668266917,1.00915095493029,1.434331772265179,1.4277266093710197,0.39260623148507784,0.8333333333333334,1.0,3.655253541472081,5.565919337193339,True
D1,24,83,SeasonalNaive,h1_12,1,ARIMA,7.3534886837005615,5.099456548690796,1.5886360376654185,1.666095327915768,2.4875245004831568,2.445442978865536,0.6246937943451217,0.75,1.0,4.935112796711121,7.514783703726975,True
D1,24,84,SeasonalNaive,h1,1,ARIMA,7.3534886837005615,5.099456548690796,1.315938379205147,1.0155699005349985,1.9950741611930338,1.9753691217251717,0.43845793799690863,0.0,1.0,2.1810841015062272,3.3211754092793897,True
D1,24,84,SeasonalNaive,h1_6,1,ARIMA,7.3534886837005615,5.099456548690796,0.7783018112438912,0.7145717074692057,1.1888240447073484,1.1859691403270514,0.3936632519298167,0.8333333333333334,1.0,3.937519158555611,5.995730193957401,True
D1,24,84,SeasonalNaive,h1_12,1,ARIMA,7.3534886837005615,5.099456548690796,1.0982050298461141,1.1051591871460829,1.69961979100829,1.7184422055433886,0.5291797117917838,0.9166666666666666,1.0,5.316211574986144,8.095089566320421,True
D1,24,85,SeasonalNaive,h1,1,ARIMA,7.3534886837005615,5.099456548690796,1.1161568790017444,0.8900136495963558,2.1472403341678166,2.1244320037396824,0.3631224464317603,0.0,1.0,2.110936904826964,3.2143610299163146,True
D1,24,85,SeasonalNaive,h1_6,1,ARIMA,7.3534886837005615,5.099456548690796,1.2365094836147872,1.1473436481013577,2.3848863693361686,2.3666247711892687,0.48729849776171263,0.6666666666666666,1.0,3.810882166129299,5.802897801634288,True
D1,24,85,SeasonalNaive,h1_12,1,ARIMA,7.3534886837005615,5.099456548690796,1.1726059024365156,1.0339862950662253,2.2629780310935153,2.246640050225647,0.5200878940558794,0.8333333333333334,1.0,5.14523360183893,7.834738376949586,True
D1,24,86,SeasonalNaive,h1,1,ARIMA,7.3534886837005615,5.099456548690796,1.3406348074987164,1.1410809943670188,2.12165997656621,2.0993890281845036,0.45489989504237527,0.0,1.0,1.977610224038051,3.011342130584913,True
D1,24,86,SeasonalNaive,h1_6,1,ARIMA,7.3534886837005615,5.099456548690796,1.6422592506975777,1.5680757120955648,2.588962927266672,2.5526537042537583,0.6247597906984541,0.5,0.8333333333333334,3.570187018431662,5.4363870352157795,True
D1,24,86,SeasonalNaive,h1_12,1,ARIMA,7.3534886837005615,5.099456548690796,1.759246941874467,1.829579297561235,2.7587811038575025,2.706357203577153,0.6929277949079156,0.6666666666666666,0.9166666666666666,4.820260876956348,7.3398966503874545,True
D1,24,87,SeasonalNaive,h1,1,ARIMA,7.3534886837005615,5.099456548690796,0.14477910056223336,0.11990288674958757,0.3237528389487399,0.3232296064351616,0.15700168012752894,1.0,1.0,2.032464246924113,3.094869323224324,True
D1,24,87,SeasonalNaive,h1_6,1,ARIMA,7.3534886837005615,5.099456548690796,1.1446806348368448,1.0701166671543862,2.5227308007679565,2.483024784152747,0.43661293028357634,0.8333333333333334,1.0,3.6692151879041672,5.587178983610121,True
D1,24,87,SeasonalNaive,h1_12,1,ARIMA,7.3534886837005615,5.099456548690796,2.4913794157419162,2.4963849853437647,5.363174079868928,5.165653424245786,0.8760435605370169,0.5833333333333334,0.9166666666666666,4.953963007561989,7.5434872538076,True
D1,24,88,SeasonalNaive,h1,1,ARIMA,7.3534886837005615,5.099456548690796,0.33825079070767516,0.2771211177864714,0.5184364249925423,0.5197837992658444,0.17259272595210626,1.0,1.0,2.054546041141187,3.1284936625589843,True
D1,24,88,SeasonalNaive,h1_6,1,ARIMA,7.3534886837005615,5.099456548690796,0.7376367065522226,0.6743238262745463,1.1204602373898835,1.1133897464551346,0.3481283923770813,1.0,1.0,3.709079532302879,5.64788112720587,True
D1,24,88,SeasonalNaive,h1_12,1,ARIMA,7.3534886837005615,5.099456548690796,0.7731999601411563,0.6922379100997318,1.1756601677280132,1.1694292994250457,0.4301557132847979,1.0,1.0,5.007785549265992,7.625443791773645,True
D1,24,89,SeasonalNaive,h1,1,ARIMA,7.3534886837005615,5.099456548690796,0.44627888055417453,0.37130887898679965,0.7640450999280402,0.7669751178307669,0.18881871561058683,1.0,1.0,2.0231015374286057,3.080612559572149,True
D1,24,89,SeasonalNaive,h1_6,1,ARIMA,7.3534886837005615,5.099456548690796,2.201633462149171,2.047889556580278,3.8453552808132874,3.9406694851953556,0.7554828463963712,0.3333333333333333,0.6666666666666666,3.652312653981206,5.561441195699653,True
D1,24,89,SeasonalNaive,h1_12,1,ARIMA,7.3534886837005615,5.099456548690796,2.093410720300373,2.014972467327017,3.6580797064841692,3.750959445271882,0.7797461137451798,0.5,0.75,4.931142179809928,7.508737575013821,True
D1,24,90,SeasonalNaive,h1,1,ARIMA,7.3534886837005615,5.099456548690796,1.8750859211054012,1.424599294019658,3.2836273706538703,3.2305871487296143,0.6756673227686892,0.0,0.0,2.215517209085685,3.3736073123311683,True
D1,24,90,SeasonalNaive,h1_6,1,ARIMA,7.3534886837005615,5.099456548690796,1.018759362764219,0.8652876592146943,1.8091874329918083,1.805077715155513,0.4464790131266472,0.8333333333333334,0.8333333333333334,3.9996813744412996,6.09038570157552,True
D1,24,90,SeasonalNaive,h1_12,1,ARIMA,7.3534886837005615,5.099456548690796,0.9182745865570013,0.8514445104546208,1.6418479839802669,1.6493546587105163,0.5080050981214737,0.9166666666666666,0.9166666666666666,5.400139418460949,8.222887980746473,True
D1,24,91,SeasonalNaive,h1,1,ARIMA,7.3534886837005615,5.099456548690796,0.8923974963238153,0.7304772769347916,1.333114205543529,1.3420598004669861,0.29302583726172987,1.0,1.0,2.0563560439416015,3.131249785895687,True
D1,24,91,SeasonalNaive,h1_6,1,ARIMA,7.3534886837005615,5.099456548690796,0.4770785583291752,0.4207695350744264,0.7094556763977775,0.7109717367750051,0.31430667292150816,1.0,1.0,3.712347137022363,5.652856766812845,True
D1,24,91,SeasonalNaive,h1_12,1,ARIMA,7.3534886837005615,5.099456548690796,1.032982851280138,1.1356005372210278,1.5527951129796969,1.5734948989484756,0.4920638891895998,1.0,1.0,5.012197280951018,7.632161613784513,True
D1,24,92,SeasonalNaive,h1,1,ARIMA,7.3534886837005615,5.099456548690796,0.044666466469713104,0.03874531686516206,0.08773353829502559,0.08777204105365065,0.1446983463390366,1.0,1.0,1.9404795031310822,2.9548025239187434,True
D1,24,92,SeasonalNaive,h1_6,1,ARIMA,7.3534886837005615,5.099456548690796,0.35933510498556726,0.3661873002584374,0.7038174978551992,0.7021786967725067,0.281526888562825,1.0,1.0,3.503154791274007,5.3343158751392465,True
D1,24,92,SeasonalNaive,h1_12,1,ARIMA,7.3534886837005615,5.099456548690796,1.0970475443856968,1.2855837422419374,2.1894638254759804,2.227096853349608,0.4873369285573548,1.0,1.0,4.729757824764636,7.202086049138171,True
D1,24,93,SeasonalNaive,h1,1,ARIMA,7.3534886837005615,5.099456548690796,1.3107869458588877,0.9922064576871772,2.2668469720723516,2.2414419426682834,0.4350223916594705,0.0,1.0,2.223702774312813,3.3860716175473735,True
D1,24,93,SeasonalNaive,h1_6,1,ARIMA,7.3534886837005615,5.099456548690796,3.0104552139624414,2.615051915023989,5.090200082376317,4.927223829332103,1.0984951433209529,0.3333333333333333,0.5,4.014458805482658,6.112887557672215,True
D1,24,93,SeasonalNaive,h1_12,1,ARIMA,7.3534886837005615,5.099456548690796,2.9803368411375235,2.4845793501080418,5.0540316666094345,4.905325401320356,1.0528174890031758,0.5,0.75,5.42009105470377,8.253268690788229,True
D1,24,94,SeasonalNaive,h1,1,ARIMA,7.3534886837005615,5.099456548690796,1.7665911052067083,1.4387867978501896,3.0939368862294683,3.0468037930277068,0.6390052400680891,0.0,0.0,2.0667420460134283,3.1470647352861705,True
D1,24,94,SeasonalNaive,h1_6,1,ARIMA,7.3534886837005615,5.099456548690796,4.135701148485378,3.5308418506646926,7.0716820151501505,6.8087808088153166,1.6321139981774333,0.0,0.16666666666666666,3.7310970248008344,5.681407553173445,True
D1,24,94,SeasonalNaive,h1_12,1,ARIMA,7.3534886837005615,5.099456548690796,4.2124269293701975,3.5587070485279004,7.203605848819709,6.936411297042292,1.5702992336077446,0.08333333333333333,0.4166666666666667,5.037512299475057,7.670709241062813,True
D1,24,95,SeasonalNaive,h1,1,ARIMA,7.3534886837005615,5.099456548690796,2.095798345083562,1.692318256596085,4.468300381551464,4.570410209976897,0.8015029171737404,0.0,0.0,2.0845587189458423,3.174194498864497,True
D1,24,95,SeasonalNaive,h1_6,1,ARIMA,7.3534886837005615,5.099456548690796,1.879339599977201,1.650993864203927,4.012497004830402,4.110711970487912,0.705384360805667,0.5,0.5,3.763261530041433,5.730385015245151,True
D1,24,95,SeasonalNaive,h1_12,1,ARIMA,7.3534886837005615,5.099456548690796,1.2865466042614366,1.2813847379770689,2.7238853125216926,2.767541454016137,0.6146550921157932,0.75,0.75,5.080938961842463,7.736835789352312,True
D1,24,96,SeasonalNaive,h1,1,ARIMA,7.3534886837005615,5.099456548690796,0.003414877694754304,0.003040646127066716,0.004629615264207427,0.004629508100000599,0.13873700327772873,1.0,1.0,1.8904097733545182,2.87856045917288,True
D1,24,96,SeasonalNaive,h1_6,1,ARIMA,7.3534886837005615,5.099456548690796,1.1027009438314406,1.2706559251070757,1.487704510346661,1.48093723414529,0.46976369195470735,0.8333333333333334,0.8333333333333334,3.4127637237664357,5.196675794952826,True
D1,24,96,SeasonalNaive,h1_12,1,ARIMA,7.3534886837005615,5.099456548690796,1.638616229811759,1.661219184908593,2.240908330852938,2.2612710552493196,0.6063902993143043,0.8333333333333334,0.9166666666666666,4.607717011752981,7.016252340652165,True
D1,24,97,SeasonalNaive,h1,1,ARIMA,7.3534886837005615,5.099456548690796,0.4867338330632088,0.4160875448187823,0.8170958338287271,0.8204477560454213,0.19250289238571922,1.0,1.0,1.9690352864695448,2.99828492120498,True
D1,24,97,SeasonalNaive,h1_6,1,ARIMA,7.3534886837005615,5.099456548690796,1.1154683732935509,1.136052320790687,1.8690470871413092,1.8739341080267202,0.45778548817500847,0.6666666666666666,0.8333333333333334,3.55470665206887,5.412814807049417,True
D1,24,97,SeasonalNaive,h1_12,1,ARIMA,7.3534886837005615,5.099456548690796,1.0927508203826315,1.1405005873837697,1.8417742004901112,1.857430463444364,0.5061849660476906,0.8333333333333334,0.9166666666666666,4.799360177930139,7.30807078562844,True
D1,24,98,SeasonalNaive,h1,1,ARIMA,7.3534886837005615,5.099456548690796,0.7377444600322578,0.5971906979435568,1.3796878359597204,1.3702353507306948,0.25057264661000705,1.0,1.0,2.07940748123513,3.1663506179245804,True
D1,24,98,SeasonalNaive,h1_6,1,ARIMA,7.3534886837005615,5.099456548690796,0.7372873845803638,0.6820126234272085,1.3788563610776223,1.3695494510947164,0.35670873752853566,1.0,1.0,3.7539619816369574,5.716224428105471,True
D1,24,98,SeasonalNaive,h1_12,1,ARIMA,7.3534886837005615,5.099456548690796,0.8233067187479305,0.8769452196460158,1.531405318766129,1.5130360123026496,0.4664899868712133,1.0,1.0,5.068383247221342,7.717716980216618,True
D1,24,99,SeasonalNaive,h1,1,ARIMA,7.3534886837005615,5.099456548690796,0.73633360962081,0.5777967952510937,1.5414834001341908,1.5534565374608198,0.25162256628472957,1.0,1.0,2.145093243658281,3.2663714922910736,True
D1,24,99,SeasonalNaive,h1_6,1,ARIMA,7.3534886837005615,5.099456548690796,0.9382696111720106,0.8902318334224827,1.9283111575231424,1.9083026394391838,0.40597987265143215,1.0,1.0,3.8725447303749982,5.896792480846564,True
D1,24,99,SeasonalNaive,h1_12,1,ARIMA,7.3534886837005615,5.099456548690796,0.8314412551638888,0.7938806690973258,1.7232952828367856,1.7199792762564805,0.4706777270333234,1.0,1.0,5.228486844448306,7.961509564684203,True
D1,24,100,SeasonalNaive,h1,1,ARIMA,7.3534886837005615,5.099456548690796,0.8165185558452283,0.6359251850534792,1.3580837710134035,1.3489240119684802,0.27425099466824276,1.0,1.0,2.161258495047154,3.290986607022544,True
D1,24,100,SeasonalNaive,h1_6,1,ARIMA,7.3534886837005615,5.099456548690796,1.0667286342067968,0.9597615569101473,1.7659294314495786,1.7460418691527189,0.4339450198859937,0.8333333333333334,1.0,3.9017279182230302,5.941230238096881,True
D1,24,100,SeasonalNaive,h1_12,1,ARIMA,7.3534886837005615,5.099456548690796,2.3343209331790473,2.1539053825034817,3.8054592005119208,3.707959367884037,0.8166559353393638,0.5833333333333334,1.0,5.267888303789933,8.021506865001395,True
D1,24,101,SeasonalNaive,h1,1,ARIMA,7.3534886837005615,5.099456548690796,0.4623027070014863,0.41629199911131365,1.1559366107436093,1.1626563962141048,0.18278844220238488,1.0,1.0,1.8692829810867937,2.8463903182287202,True
D1,24,101,SeasonalNaive,h1_6,1,ARIMA,7.3534886837005615,5.099456548690796,0.6618507273889204,0.7518476690588202,1.6315791120122505,1.6185003491696164,0.3167360914667922,1.0,1.0,3.3746234479029087,5.138598921065377,True
D1,24,101,SeasonalNaive,h1_12,1,ARIMA,7.3534886837005615,5.099456548690796,0.6075020625690783,0.686469127005467,1.4962646531929225,1.482795188343412,0.38903707507473373,1.0,1.0,4.556222208082429,6.937840290636208,True
D1,24,102,SeasonalNaive,h1,1,ARIMA,7.3534886837005615,5.099456548690796,0.0865906382385856,0.07181107511730837,0.1644977016579298,0.16436251537783797,0.1535644586184508,1.0,1.0,2.02967354690556,3.0906198748560105,True
D1,24,102,SeasonalNaive,h1_6,1,ARIMA,7.3534886837005615,5.099456548690796,0.9661081167079177,1.0285197016807635,1.86484005134415,1.8938036723177927,0.4074779026511715,1.0,1.0,3.6641771268861376,5.579507438825592,True
D1,24,102,SeasonalNaive,h1_12,1,ARIMA,7.3534886837005615,5.099456548690796,0.7143191764518259,0.8093841777593056,1.3742374544050437,1.3909047040359777,0.44809750389866854,1.0,1.0,4.947160907757259,7.533129575904515,True
D1,24,103,SeasonalNaive,h1,1,ARIMA,7.3534886837005615,5.099456548690796,1.2845551491358913,1.0263048805746173,2.0617625490976152,2.0832382622473595,0.42874972832240843,0.0,1.0,2.1067986904688243,3.2080596975857234,True
D1,24,103,SeasonalNaive,h1_6,1,ARIMA,7.3534886837005615,5.099456548690796,1.0796737741887257,1.0359381250443747,1.7030428330184917,1.6914342354082568,0.43940965567187606,0.8333333333333334,1.0,3.803411432512878,5.791521983178227,True
D1,24,103,SeasonalNaive,h1_12,1,ARIMA,7.3534886837005615,5.099456548690796,1.7436509198140409,1.7097012421508455,2.719216424051486,2.6711210821538875,0.6534834166679719,0.8333333333333334,1.0,5.135147047608719,7.819379402093642,True
D1,24,104,SeasonalNaive,h1,1,ARIMA,7.3534886837005615,5.099456548690796,0.6748105351413662,0.5464744709025032,1.2972561086492396,1.2888959678109588,0.23307198757729988,1.0,1.0,2.0785412869359776,3.1650316485166474,True
D1,24,104,SeasonalNaive,h1_6,1,ARIMA,7.3534886837005615,5.099456548690796,0.9511022101560686,0.8208555901242875,1.8213132739645064,1.8027025810614752,0.37434263742173307,1.0,1.0,3.7523982378796306,5.713843287777289,True
D1,24,104,SeasonalNaive,h1_12,1,ARIMA,7.3534886837005615,5.099456548690796,1.8416687958365847,1.7662890485895248,3.477009039631825,3.3952323483581495,0.6540040336158096,0.75,1.0,5.066271970468577,7.714502101694222,True
D1,24,105,SeasonalNaive,h1,1,ARIMA,7.3534886837005615,5.099456548690796,0.21338260974562334,0.17919205201612443,0.27566075407562873,0.27528133277674777,0.15875703773041058,1.0,1.0,2.004411838767932,3.0521534242477326,True
D1,24,105,SeasonalNaive,h1_6,1,ARIMA,7.3534886837005615,5.099456548690796,1.8128201755172233,2.022047757334612,2.3947016519953053,2.4469444232177007,0.6834632803741957,0.5,0.8333333333333334,3.618572072179144,5.510063813920385,True
D1,24,105,SeasonalNaive,h1_12,1,ARIMA,7.3534886837005615,5.099456548690796,1.9647542651067937,1.9556259250471124,2.5592322903542644,2.5787962723468287,0.7185508899042606,0.6666666666666666,0.9166666666666666,4.885587589647962,7.439370793365539,True
D1,24,106,SeasonalNaive,h1,1,ARIMA,7.3534886837005615,5.099456548690796,1.5863703391238353,1.263441412404553,3.083746095486198,3.0369206347378266,0.5458981005023549,0.0,1.0,2.1134703178296315,3.21821870278651,True
D1,24,106,SeasonalNaive,h1_6,1,ARIMA,7.3534886837005615,5.099456548690796,2.2933578875734835,1.9605751057746974,4.413191700407227,4.30493507811851,0.8250113076985323,0.3333333333333333,0.8333333333333334,3.8154557459502874,5.80986207266966,True
D1,24,106,SeasonalNaive,h1_12,1,ARIMA,7.3534886837005615,5.099456548690796,2.825545758864259,2.4240703806244213,5.4045112202432755,5.242370770340555,0.9702097034295654,0.5,0.8333333333333334,5.151408585884561,7.844141134574054,True
D1,24,107,SeasonalNaive,h1,1,ARIMA,7.3534886837005615,5.099456548690796,0.8114377793143712,0.626606048358566,1.1684130658416172,1.175279123259755,0.2732456319506697,1.0,1.0,2.1797531849020184,3.3191487989828663,True
D1,24,107,SeasonalNaive,h1_6,1,ARIMA,7.3534886837005615,5.099456548690796,0.7964295204441936,0.6983381978601487,1.1359436543395163,1.131885049121526,0.37409001253277974,1.0,1.0,3.93511644990998,5.992071546927696,True
D1,24,107,SeasonalNaive,h1_12,1,ARIMA,7.3534886837005615,5.099456548690796,0.8442182040544569,0.7625769654804544,1.209567674896418,1.2107927096409927,0.4713508790342096,1.0,1.0,5.312967576163827,8.090149871831356,True
D1,24,108,SeasonalNaive,h1,1,ARIMA,7.3534886837005615,5.099456548690796,0.2983879369142081,0.24714191567933572,0.534105289804036,0.5355354513913646,0.16552131143078005,1.0,1.0,2.0322705912407875,3.094574440283831,True
D1,24,108,SeasonalNaive,h1_6,1,ARIMA,7.3534886837005615,5.099456548690796,0.8281909046619166,0.78746766610567,1.4806916203251026,1.4832135693962074,0.35230657968525964,1.0,1.0,3.668865580586086,5.586646630351977,True
D1,24,108,SeasonalNaive,h1_12,1,ARIMA,7.3534886837005615,5.099456548690796,1.185443397864128,1.176802893101907,2.1428196873844683,2.170577106449942,0.49738544742179497,1.0,1.0,4.953490987897768,7.542768501100891,True
D1,24,109,SeasonalNaive,h1,1,ARIMA,7.3534886837005615,5.099456548690796,1.9863941570896182,1.6123560099267187,4.697517872279495,4.5897164959376795,0.748081373541838,0.0,0.0,2.0737250217187153,3.15769783612808,True
D1,24,109,SeasonalNaive,h1_6,1,ARIMA,7.3534886837005615,5.099456548690796,1.8916405688557574,1.704894405088031,4.455574441196819,4.337434194463582,0.7272981074072055,0.3333333333333333,0.6666666666666666,3.7437034165508316,5.700603529271264,True
D1,24,109,SeasonalNaive,h1_12,1,ARIMA,7.3534886837005615,5.099456548690796,2.623081601072472,2.3246387160076534,6.121443390612256,5.908090551121081,0.918952698629906,0.4166666666666667,0.8333333333333334,5.054532723514019,7.69662654234188,True
D1,24,110,SeasonalNaive,h1,1,ARIMA,7.3534886837005615,5.099456548690796,1.1654961165398074,0.9557571872605019,2.4768836262569427,2.5079430415327297,0.38426946241596843,0.0,1.0,2.052626529837053,3.1255707886832425,True
D1,24,110,SeasonalNaive,h1_6,1,ARIMA,7.3534886837005615,5.099456548690796,0.7693847525915064,0.7809527331682852,1.6319152028774746,1.649401338166428,0.3915419610477492,0.6666666666666666,1.0,3.705614231478459,5.642604452236822,True
D1,24,110,SeasonalNaive,h1_12,1,ARIMA,7.3534886837005615,5.099456548690796,0.81081191066472,0.8002626337385442,1.699618964397381,1.6977986336711781,0.4579404227959509,0.8333333333333334,1.0,5.0031068996869665,7.618319529155913,True
D1,24,111,SeasonalNaive,h1,1,ARIMA,7.3534886837005615,5.099456548690796,0.09287904325061036,0.08150407418962033,0.12500266723670556,0.12492458770337372,0.1457411218014919,1.0,1.0,1.9181611650919412,2.9208179951147324,True
D1,24,111,SeasonalNaive,h1_6,1,ARIMA,7.3534886837005615,5.099456548690796,1.4518479561361333,1.464458141074692,1.9808117154510296,2.0071719720183663,0.5059263066675876,0.6666666666666666,1.0,3.462863413442402,5.2729634801683645,True
D1,24,111,SeasonalNaive,h1_12,1,ARIMA,7.3534886837005615,5.099456548690796,1.3978219189704348,1.3532284713863156,1.9042884911419249,1.9266986823046315,0.5366610685881815,0.8333333333333334,1.0,4.675358727115776,7.119251579218546,True
D1,24,112,SeasonalNaive,h1,1,ARIMA,7.3534886837005615,5.099456548690796,0.11415017256622619,0.09250091173564906,0.20219679466593274,0.20199258340138243,0.15857835942465073,1.0,1.0,2.077194856679951,3.162981415307602,True
D1,24,112,SeasonalNaive,h1_6,1,ARIMA,7.3534886837005615,5.099456548690796,0.9820002317106176,1.02247607611046,1.7665895059284464,1.792874684747639,0.42523563543741305,0.8333333333333334,1.0,3.7499675223812585,5.7101419942166425,True
D1,24,112,SeasonalNaive,h1_12,1,ARIMA,7.3534886837005615,5.099456548690796,0.9127085864899868,0.929309259631477,1.6380235337737037,1.6583654714869005,0.48071845228979826,0.9166666666666666,1.0,5.062990158406825,7.709504828315431,True
D1,24,113,SeasonalNaive,h1,1,ARIMA,7.3534886837005615,5.099456548690796,3.169390542630486,2.677758618709503,6.926321589483941,6.694480949818363,1.3492060781695536,0.0,0.0,1.992282918651212,3.0336845026665125,True
D1,24,113,SeasonalNaive,h1_6,1,ARIMA,7.3534886837005615,5.099456548690796,3.1844503652684333,2.714385528375021,6.9539248513292975,6.7166483611254115,1.1976046901271273,0.0,0.3333333333333333,3.5966756880373283,5.4767218017926975,True
D1,24,113,SeasonalNaive,h1_12,1,ARIMA,7.3534886837005615,5.099456548690796,2.220458127387348,2.072866363002205,4.877508348761856,4.737939055899681,0.8793160964783012,0.5,0.6666666666666666,4.856024352965766,7.39435432902113,True
D1,24,114,SeasonalNaive,h1,1,ARIMA,7.3534886837005615,5.099456548690796,1.8842576133007702,1.5739150737411578,3.644948623702075,3.712609987014633,0.7039376497517825,0.0,0.0,2.0151420408038474,3.0684924930226116,True
D1,24,114,SeasonalNaive,h1_6,1,ARIMA,7.3534886837005615,5.099456548690796,1.2387664615380989,1.1633409729183537,2.388992801589833,2.425785926044286,0.4925720124527455,0.6666666666666666,0.8333333333333334,3.6379433454200183,5.5395607949352845,True
D1,24,114,SeasonalNaive,h1_12,1,ARIMA,7.3534886837005615,5.099456548690796,1.7593979981294923,1.6136553016372108,3.4114031877073048,3.4835758379810033,0.6397719939307036,0.75,0.9166666666666666,4.911741567032833,7.479195918167238,True
D1,24,115,SeasonalNaive,h1,1,ARIMA,7.3534886837005615,5.099456548690796,1.7218525752897607,1.472588146046988,3.100873963988267,3.053530891785411,0.628287934864809,0.0,0.0,1.9681642723203365,2.996958612525983,True
D1,24,115,SeasonalNaive,h1_6,1,ARIMA,7.3534886837005615,5.099456548690796,0.923702019899729,0.9939568262357626,1.6674495117346186,1.6458406650860309,0.4391333987603894,0.6666666666666666,0.8333333333333334,3.553134207018498,5.410420417108136,True
D1,24,115,SeasonalNaive,h1_12,1,ARIMA,7.3534886837005615,5.099456548690796,1.2726802040548806,1.2457106448421358,2.293158876232787,2.259379634403402,0.5301425430209832,0.8333333333333334,0.9166666666666666,4.797237153192685,7.304838018241591,True
D1,24,116,SeasonalNaive,h1,1,ARIMA,7.3534886837005615,5.099456548690796,1.274652683912982,1.0566084592364395,2.0393457793807777,2.0187610205466266,0.42745943321596946,0.0,1.0,2.03060037014489,3.092031165025468,True
D1,24,116,SeasonalNaive,h1_6,1,ARIMA,7.3534886837005615,5.099456548690796,1.6715621597566417,1.6972216830612266,2.649279269834279,2.5990242732838524,0.6205147099719454,0.6666666666666666,0.8333333333333334,3.6658503242923963,5.582055246164474,True
D1,24,116,SeasonalNaive,h1_12,1,ARIMA,7.3534886837005615,5.099456548690796,1.371109198877193,1.409619214421364,2.18048497513363,2.1461776330478535,0.5933430659726746,0.8333333333333334,0.9166666666666666,4.9494199625225095,7.536569478625088,True
D1,24,117,SeasonalNaive,h1,1,ARIMA,7.3534886837005615,5.099456548690796,2.395779710341976,1.9010317849086358,5.11717486867538,4.9895137956649505,0.9471495476525963,0.0,0.0,2.121310218160164,3.23015665793963,True
D1,24,117,SeasonalNaive,h1_6,1,ARIMA,7.3534886837005615,5.099456548690796,2.447696740117141,2.005849296044004,5.216245965921193,5.075489566115662,0.8709787826547019,0.16666666666666666,0.6666666666666666,3.8296091468811935,5.8314137070596175,True
D1,24,117,SeasonalNaive,h1_12,1,ARIMA,7.3534886837005615,5.099456548690796,3.479078389975862,3.041740079514981,7.290974930700823,6.987830606440457,1.2297267193144759,0.25,0.5833333333333334,5.17051769261508,7.873238909998152,True
D1,24,118,SeasonalNaive,h1,1,ARIMA,7.3534886837005615,5.099456548690796,3.5915523149806785,2.625131966271488,4.288948596948855,4.382939610411791,1.5235701496822205,0.0,0.0,2.3029140847870826,3.506688083598473,True
D1,24,118,SeasonalNaive,h1_6,1,ARIMA,7.3534886837005615,5.099456548690796,1.9224476765321445,1.6360558564427967,2.282373302822166,2.318431882338557,0.7597649399921851,0.6666666666666666,0.8333333333333334,4.1574592759144595,6.330636907908409,True
D1,24,118,SeasonalNaive,h1_12,1,ARIMA,7.3534886837005615,5.099456548690796,1.6395209371321617,1.5179013667448251,1.9466491053011399,1.977620272817432,0.7376954046153845,0.75,0.9166666666666666,5.613162053351781,8.547261321568474,True
D1,24,119,SeasonalNaive,h1,1,ARIMA,7.3534886837005615,5.099456548690796,0.16266719024156345,0.13154583211112422,0.22673116109834415,0.2269884879154493,0.16158686062623168,1.0,1.0,2.0814671071797064,3.1694868468460977,True
D1,24,119,SeasonalNaive,h1_6,1,ARIMA,7.3534886837005615,5.099456548690796,1.2962190265015934,1.2956697020497976,1.7802548481203562,1.7565758811223469,0.49691200339325875,0.6666666666666666,1.0,3.757680231937625,5.721886273724173,True
D1,24,119,SeasonalNaive,h1_12,1,ARIMA,7.3534886837005615,5.099456548690796,1.795593076584835,1.757441097408982,2.4551149111692205,2.4120671099950766,0.6673432421814866,0.6666666666666666,1.0,5.073403414613836,7.725361278060479,True
D1,24,120,SeasonalNaive,h1,1,ARIMA,7.3534886837005615,5.099456548690796,1.0356205722273182,0.8771058229913585,2.132536687629014,2.1555203184289113,0.33595271169609203,0.0,1.0,1.9874460770055333,3.02631935818579,True
D1,24,120,SeasonalNaive,h1_6,1,ARIMA,7.3534886837005615,5.099456548690796,0.925824022423764,0.8813476689287406,1.9091010722857804,1.9324711913944872,0.3747480033498792,0.8333333333333334,1.0,3.5879437200065705,5.4634254793453705,True
D1,24,120,SeasonalNaive,h1_12,1,ARIMA,7.3534886837005615,5.099456548690796,0.9978942844074775,1.023495755419662,2.05810943080954,2.0842988751574154,0.47268310226210847,0.8333333333333334,1.0,4.844234952673795,7.376402400293208,True
D1,24,121,SeasonalNaive,h1,1,ARIMA,7.3534886837005615,5.099456548690796,1.3222176382409705,1.0170777872362997,2.0113273429176957,2.0317600152826203,0.44065931098620015,0.0,1.0,2.188242538994094,3.3320756888867358,True
D1,24,121,SeasonalNaive,h1_6,1,ARIMA,7.3534886837005615,5.099456548690796,1.1400407496486693,1.00125380454113,1.7327950781473873,1.7491554877606075,0.44952671569354097,0.8333333333333334,1.0,3.950442312107698,6.015408508864157,True
D1,24,121,SeasonalNaive,h1_12,1,ARIMA,7.3534886837005615,5.099456548690796,1.7066794968594352,1.5021045073950152,2.6126000976517747,2.6566435355481453,0.6331292739460053,0.9166666666666666,1.0,5.333659672565473,8.1216580936776,True
D1,24,122,SeasonalNaive,h1,1,ARIMA,7.3534886837005615,5.099456548690796,0.5368437606954627,0.40518663805179467,0.8886813227918695,0.884750018707046,0.2156263485398612,1.0,1.0,2.2301777288849403,3.3959311456078893,True
D1,24,122,SeasonalNaive,h1_6,1,ARIMA,7.3534886837005615,5.099456548690796,1.2457547937690003,1.0450584077578031,2.045291168509656,2.0199352173867138,0.4750908840998973,0.8333333333333334,1.0,4.026148064810595,6.1306869999797415,True
D1,24,122,SeasonalNaive,h1_12,1,ARIMA,7.3534886837005615,5.099456548690796,1.2089152675090582,1.0182758755506853,1.9914649159230635,1.9734834196756752,0.5421583679292624,0.9166666666666666,1.0,5.43587321937138,8.277300472581082,True
D1,24,123,SeasonalNaive,h1,1,ARIMA,7.3534886837005615,5.099456548690796,2.1806529101622685,1.7418313637596734,3.3092860669000905,3.364964212825698,0.8412417338357343,0.0,0.0,2.1073036465295245,3.208828603126971,True
D1,24,123,SeasonalNaive,h1_6,1,ARIMA,7.3534886837005615,5.099456548690796,1.8199976197946812,1.7881169763198672,2.7524877580582063,2.7909018933622147,0.7502512743706976,0.6666666666666666,0.6666666666666666,3.804323031548357,5.792910091182713,True
D1,24,123,SeasonalNaive,h1_12,1,ARIMA,7.3534886837005615,5.099456548690796,1.349277369737104,1.403421182542515,2.0306019196759357,2.048535190071837,0.6537317479732402,0.8333333333333334,0.8333333333333334,5.13637783612022,7.82125354556917,True
D1,24,124,SeasonalNaive,h1,1,ARIMA,7.3534886837005615,5.099456548690796,0.48330858446932357,0.4179034137052906,1.09320399366562,1.0992123101020699,0.19066764515922363,1.0,1.0,1.9466831507832782,2.964248928124822,True
D1,24,124,SeasonalNaive,h1_6,1,ARIMA,7.3534886837005615,5.099456548690796,1.161623296507756,1.1315823468649575,2.657409473714176,2.7034057950092825,0.4283774809027347,0.8333333333333334,1.0,3.514354259220497,5.351369503431345,True
D1,24,124,SeasonalNaive,h1_12,1,ARIMA,7.3534886837005615,5.099456548690796,0.9862226583037189,0.9612117155125318,2.2372286089162334,2.2569400801976847,0.4596348061068693,0.9166666666666666,1.0,4.744878701319979,7.225110875804719,True
D1,24,125,SeasonalNaive,h1,1,ARIMA,7.3534886837005615,5.099456548690796,1.3572782419064588,1.1572789275300834,2.425808573201561,2.3967384300449375,0.46148902470700304,0.0,1.0,1.9741380596862088,3.0060550044010523,True
D1,24,125,SeasonalNaive,h1_6,1,ARIMA,7.3534886837005615,5.099456548690796,1.1081030064338397,1.042543914231494,1.9861579370318325,1.9681774607333544,0.4424722971255662,0.5,1.0,3.5639187073438228,5.426842166850426,True
D1,24,125,SeasonalNaive,h1_12,1,ARIMA,7.3534886837005615,5.099456548690796,1.1902630426196599,1.0701873589529372,2.1578287833985836,2.1628905379440764,0.4986574552627553,0.75,1.0,4.811797764367198,7.327009718885075,True
D1,24,126,SeasonalNaive,h1,1,ARIMA,7.3534886837005615,5.099456548690796,0.6247705712976189,0.5401005955391428,1.4915749308463322,1.5027824943215558,0.21628724744267422,1.0,1.0,1.9471194190803205,2.964913241591233,True
D1,24,126,SeasonalNaive,h1_6,1,ARIMA,7.3534886837005615,5.099456548690796,0.5601474557306607,0.538282578144736,1.3383853952127294,1.3495903707639443,0.3078801680583506,1.0,1.0,3.5151418559833685,5.35256879097806,True
D1,24,126,SeasonalNaive,h1_12,1,ARIMA,7.3534886837005615,5.099456548690796,0.7248972844413083,0.7517654082955072,1.7386105284249493,1.7601131538295833,0.4131564948393072,1.0,1.0,4.745942069105275,7.226730084773833,True
D1,24,127,SeasonalNaive,h1,1,ARIMA,7.3534886837005615,5.099456548690796,0.09026383274856312,0.06989366066282374,0.1467158058871362,0.1468235125369614,0.16433261765434679,1.0,1.0,2.1738154088493,3.310107242172415,True
D1,24,127,SeasonalNaive,h1_6,1,ARIMA,7.3534886837005615,5.099456548690796,1.0378226455651218,0.9893055646863956,1.682436934829477,1.6798188080792673,0.44328901581111335,0.8333333333333334,1.0,3.924396960940855,5.97574879112945,True
D1,24,127,SeasonalNaive,h1_12,1,ARIMA,7.3534886837005615,5.099456548690796,0.8579187277834207,0.818600509118878,1.3909365236193323,1.3887853361794962,0.4861163928359544,0.9166666666666666,1.0,5.298494739577934,8.068111827109272,True
D1,24,128,SeasonalNaive,h1,1,ARIMA,7.3534886837005615,5.099456548690796,2.6760620472639087,1.9194606335654416,3.4374143919060858,3.497526633842308,1.0606456105236166,0.0,0.0,2.3467328289534635,3.5734116617907925,True
D1,24,128,SeasonalNaive,h1_6,1,ARIMA,7.3534886837005615,5.099456548690796,4.051995338287473,3.072254357766935,5.267941355127164,5.4293250481258815,1.5648154528855625,0.0,0.5,4.236565416085685,6.451093229275491,True
D1,24,128,SeasonalNaive,h1_12,1,ARIMA,7.3534886837005615,5.099456548690796,2.910001829662317,2.4252240682668056,3.7530720855179895,3.8371933381557595,1.1640532809903665,0.5,0.75,5.719966607462191,8.709894508645293,True
D1,24,129,SeasonalNaive,h1,1,ARIMA,7.3534886837005615,5.099456548690796,0.11336354237722926,0.0899496465922662,0.1414225613816589,0.14152263384852057,0.1617737391456779,1.0,1.0,2.1213905333102607,3.230278955241847,True
D1,24,129,SeasonalNaive,h1_6,1,ARIMA,7.3534886837005615,5.099456548690796,2.325951843275379,2.181923282496743,2.8422480846994795,2.7874862846774624,0.8417567700117573,0.3333333333333333,0.8333333333333334,3.8297541401173754,5.831634490829577,True
D1,24,129,SeasonalNaive,h1_12,1,ARIMA,7.3534886837005615,5.099456548690796,3.5362676992936906,3.1002016597635786,4.293161050413985,4.184203095893462,1.2498687518014042,0.16666666666666666,0.75,5.170713454131268,7.873536999527668,True
D1,24,130,SeasonalNaive,h1,1,ARIMA,7.3534886837005615,5.099456548690796,1.5391014063348314,1.101219990929715,2.077644306025627,2.0994538982125497,0.5194812295662384,0.0,1.0,2.3525552294046608,3.5822775341284054,True
D1,24,130,SeasonalNaive,h1_6,1,ARIMA,7.3534886837005615,5.099456548690796,1.7753307632123685,1.6048192505639762,2.414640438485623,2.459878218890761,0.6566197494603042,0.6666666666666666,0.8333333333333334,4.247076617056604,6.467098821248092,True
D1,24,130,SeasonalNaive,h1_12,1,ARIMA,7.3534886837005615,5.099456548690796,3.5910754945416157,2.9964051064640644,4.95854234303133,5.132075557980096,1.272855351237341,0.3333333333333333,0.75,5.734158225589864,8.73150433703796,True
D1,24,131,SeasonalNaive,h1,1,ARIMA,7.3534886837005615,5.099456548690796,0.046477730860228356,0.0383463333908989,0.09218839766234666,0.09214592373704447,0.15210572454750637,1.0,1.0,2.040176555161296,3.1066129916360175,True
D1,24,131,SeasonalNaive,h1_6,1,ARIMA,7.3534886837005615,5.099456548690796,0.3801489423853183,0.36577756377055165,0.7551870600259674,0.7560473142462592,0.2947094294554407,1.0,1.0,3.6831382463591873,5.608379871430468,True
D1,24,131,SeasonalNaive,h1_12,1,ARIMA,7.3534886837005615,5.099456548690796,0.5158141376995635,0.5117106339175062,1.0252408795604027,1.0270396732779572,0.4002546143570921,1.0,1.0,4.972761119148811,7.572111471415681,True
D1,24,132,SeasonalNaive,h1,1,ARIMA,7.3534886837005615,5.099456548690796,1.3437543393488147,1.1803311007741744,2.697119508099678,2.6612312149723496,0.45817350898603215,0.0,1.0,1.9162965102926357,2.9179786522109183,True
D1,24,132,SeasonalNaive,h1_6,1,ARIMA,7.3534886837005615,5.099456548690796,1.6429850367904892,1.5127553878337598,3.2826251624216622,3.2247753443521527,0.5751266682184717,0.5,0.8333333333333334,3.4594971452681187,5.26783760397049,True
D1,24,132,SeasonalNaive,h1_12,1,ARIMA,7.3534886837005615,5.099456548690796,1.2092962131988263,1.2350170303799095,2.4376437262097026,2.4163483038508216,0.5358727342161512,0.75,0.9166666666666666,4.670813785716885,7.11233091641596,True
D1,24,133,SeasonalNaive,h1,1,ARIMA,7.3534886837005615,5.099456548690796,0.9841858231615692,0.8558913601767959,1.7165709545775645,1.7314315803811677,0.31769417797787747,0.0,1.0,1.935553330934696,2.947301354225559,True
D1,24,133,SeasonalNaive,h1_6,1,ARIMA,7.3534886837005615,5.099456548690796,0.4556232255849049,0.45044533659448527,0.7896150354048692,0.7913684670068555,0.3017851420887574,0.8333333333333334,1.0,3.494261554471157,5.320773985875038,True
D1,24,133,SeasonalNaive,h1_12,1,ARIMA,7.3534886837005615,5.099456548690796,0.6328598272603638,0.690135154199958,1.0950710530130525,1.0959375116364958,0.4027066907387888,0.9166666666666666,1.0,4.717750688665329,7.183802570238226,True
D1,24,134,SeasonalNaive,h1,1,ARIMA,7.3534886837005615,5.099456548690796,2.5073588889100256,1.938292029400538,4.38601194781355,4.291890532052109,0.996305877928592,0.0,0.0,2.177428838467756,3.3156094754809544,True
D1,24,134,SeasonalNaive,h1_6,1,ARIMA,7.3534886837005615,5.099456548690796,1.7196111699559196,1.464180056134074,3.0192729529854647,2.9652885793419057,0.6468423126727316,0.5,0.8333333333333334,3.930920298734655,5.985681993178951,True
D1,24,134,SeasonalNaive,h1_12,1,ARIMA,7.3534886837005615,5.099456548690796,1.4340653221304147,1.2771267296403637,2.5232447982151225,2.4832689221352453,0.6222415975403917,0.75,0.9166666666666666,5.307302174536466,8.081523064384774,True
D1,24,135,SeasonalNaive,h1,1,ARIMA,7.3534886837005615,5.099456548690796,1.1252859233800694,0.9293182810197017,1.7104226541738636,1.7251765595231547,0.3691172422114951,0.0,1.0,2.038191965659379,3.1035910220353387,True
D1,24,135,SeasonalNaive,h1_6,1,ARIMA,7.3534886837005615,5.099456548690796,1.2941792522301232,1.1270802365780073,1.9558250838595266,1.961700774113793,0.4672247876937282,0.6666666666666666,1.0,3.679555459624704,5.602924298584363,True
D1,24,135,SeasonalNaive,h1_12,1,ARIMA,7.3534886837005615,5.099456548690796,1.3682341414365655,1.2427348486736847,2.062647534892852,2.0639762545276246,0.540067259078345,0.8333333333333334,1.0,4.967923846860966,7.564745671188497,True
D1,24,136,SeasonalNaive,h1,1,ARIMA,7.3534886837005615,5.099456548690796,1.12033663377811,0.9348016313261914,2.0350926355966537,2.056013525519008,0.3678937760979681,0.0,1.0,2.017324463586101,3.07181570686477,True
D1,24,136,SeasonalNaive,h1_6,1,ARIMA,7.3534886837005615,5.099456548690796,0.6780707742832076,0.6381539921882489,1.225450310634796,1.2317572721993197,0.3425165046354662,0.8333333333333334,1.0,3.6418832813038517,5.5455602051196315,True
D1,24,136,SeasonalNaive,h1_12,1,ARIMA,7.3534886837005615,5.099456548690796,0.839337787051273,0.8570634147560636,1.5004299006498392,1.4920083601482814,0.4465770422467603,0.9166666666666666,1.0,4.917061041531084,7.487295976244628,True
D1,24,137,SeasonalNaive,h1,1,ARIMA,7.3534886837005615,5.099456548690796,1.1056865482259364,0.9474297635177458,2.18475473608399,2.1611468569287497,0.3639747934845602,0.0,1.0,1.964407943461159,2.9912387840114785,True
D1,24,137,SeasonalNaive,h1_6,1,ARIMA,7.3534886837005615,5.099456548690796,2.4149617054061836,2.2915782630632378,4.686509723408199,4.55735439612045,0.8637466063457958,0.16666666666666666,0.8333333333333334,3.546352892699311,5.400094389632193,True
D1,24,137,SeasonalNaive,h1_12,1,ARIMA,7.3534886837005615,5.099456548690796,1.5829507561279335,1.7743416747543403,3.0824934604312975,3.007724149627053,0.695661525788254,0.5833333333333334,0.9166666666666666,4.788081413188483,7.290896410701228,True
D1,24,138,SeasonalNaive,h1,1,ARIMA,7.3534886837005615,5.099456548690796,1.534290150184801,1.1514674884192915,2.121188127541296,2.143926484568233,0.5212964637017676,0.0,1.0,2.2428617079409867,3.4152452652714347,True
D1,24,138,SeasonalNaive,h1_6,1,ARIMA,7.3534886837005615,5.099456548690796,1.841715362450548,1.4577794126209636,2.492063553273111,2.4656838233955147,0.6137113201324174,0.6666666666666666,1.0,4.049046498899135,6.165554851317223,True
D1,24,138,SeasonalNaive,h1_12,1,ARIMA,7.3534886837005615,5.099456548690796,1.6046644011807234,1.3477581941029082,2.171998772903183,2.149690768531697,0.638806946442394,0.8333333333333334,1.0,5.466789366175651,8.32437703714139,True
D1,24,139,SeasonalNaive,h1,1,ARIMA,7.3534886837005615,5.099456548690796,2.2203361160542214,1.80290134762612,3.377035731807417,3.3209607167848607,0.8651413587690359,0.0,0.0,2.0729720163563483,3.156551221519846,True
D1,24,139,SeasonalNaive,h1_6,1,ARIMA,7.3534886837005615,5.099456548690796,1.6352651209926836,1.460331081000489,2.4920589640737454,2.4554263736460125,0.62167603533912,0.5,0.8333333333333334,3.7423440131978007,5.6985335416975325,True
D1,24,139,SeasonalNaive,h1_12,1,ARIMA,7.3534886837005615,5.099456548690796,1.8531886453722186,1.6057777680202565,2.8760742484937043,2.8867736597827904,0.6790903238424181,0.75,0.9166666666666666,5.052697335405559,7.6938317643467995,True
D1,24,140,SeasonalNaive,h1,1,ARIMA,7.3534886837005615,5.099456548690796,0.0744460545117289,0.0606511849482613,0.11807278841057371,0.11814253550355772,0.15555864922229448,1.0,1.0,2.066089237539081,3.146070692254798,True
D1,24,140,SeasonalNaive,h1_6,1,ARIMA,7.3534886837005615,5.099456548690796,0.7998632818614683,0.8010128734171993,1.2604527513316426,1.253322383885084,0.36979956517717694,1.0,1.0,3.7299185072586494,5.6796130036291155,True
D1,24,140,SeasonalNaive,h1_12,1,ARIMA,7.3534886837005615,5.099456548690796,1.0198803438861554,0.9991165474805527,1.61761068401451,1.619149674749661,0.4836482335426776,1.0,1.0,5.035921132969755,7.668286343630375,True
D1,24,141,SeasonalNaive,h1,1,ARIMA,7.3534886837005615,5.099456548690796,0.5520750568123188,0.4655804354856088,0.7499636611277938,0.7471619396093698,0.2049156665186152,1.0,1.0,1.995951955561003,3.03927141018288,True
D1,24,141,SeasonalNaive,h1_6,1,ARIMA,7.3534886837005615,5.099456548690796,3.5913425980266056,3.394544817987648,5.051883861893197,5.217947753453616,1.4016178864593483,0.16666666666666666,0.5,3.6032994138788794,5.486807866501324,True
D1,24,141,SeasonalNaive,h1_12,1,ARIMA,7.3534886837005615,5.099456548690796,2.243046933724813,2.491505982941447,3.1412115260717277,3.2296155332162395,0.968382907665361,0.5833333333333334,0.75,4.864967326084226,7.407971952654421,True
D1,24,142,SeasonalNaive,h1,1,ARIMA,7.3534886837005615,5.099456548690796,0.2663008009438712,0.20857151779920619,0.502993210884517,0.5017313735116963,0.1723037976282554,1.0,1.0,2.1491372451688524,3.2725293650492606,True
D1,24,142,SeasonalNaive,h1_6,1,ARIMA,7.3534886837005615,5.099456548690796,0.9763498196780672,0.8698987386268233,1.8707849733433708,1.8933880510093943,0.3878803194617547,1.0,1.0,3.8798453811908535,5.9079093112084085,True
D1,24,142,SeasonalNaive,h1_12,1,ARIMA,7.3534886837005615,5.099456548690796,0.904597083790203,0.8165720705166234,1.7324545671919038,1.7525046754194455,0.46865701421195893,1.0,1.0,5.238343762677608,7.9765188687325095,True
D1,24,143,SeasonalNaive,h1,1,ARIMA,7.3534886837005615,5.099456548690796,1.3142121999399174,1.106235848779019,2.943199161319566,2.9005151919183225,0.44388216610956555,0.0,1.0,1.9996981549835027,3.0449758144246455,True
D1,24,143,SeasonalNaive,h1_6,1,ARIMA,7.3534886837005615,5.099456548690796,2.1425038247374553,1.9395762661095062,4.736754472161288,4.611325965196755,0.7216829180843384,0.16666666666666666,1.0,3.610062441488727,5.497106048480921,True
D1,24,143,SeasonalNaive,h1_12,1,ARIMA,7.3534886837005615,5.099456548690796,1.6448410206745325,1.5600345527181472,3.6523342733754753,3.5705215050513086,0.6405708045323568,0.5833333333333334,1.0,4.87409837642675,7.4218759648094546,True
D1,24,144,SeasonalNaive,h1,1,ARIMA,7.3534886837005615,5.099456548690796,0.05954663880760913,0.04694337100120218,0.09308736483597749,0.09304405870478512,0.15979279319059506,1.0,1.0,2.135156233543487,3.2512402309095365,True
D1,24,144,SeasonalNaive,h1_6,1,ARIMA,7.3534886837005615,5.099456548690796,1.240683698290107,1.4374642490310854,1.9030927278760605,1.8678656555898145,0.5072437004036119,0.8333333333333334,0.8333333333333334,3.854605409429637,5.86947595896566,True
D1,24,144,SeasonalNaive,h1_12,1,ARIMA,7.3534886837005615,5.099456548690796,1.7846793339621172,1.7490648433226306,2.733671643227148,2.6790173732177545,0.6786478737304869,0.8333333333333334,0.9166666666666666,5.204266206575378,7.924628370215325,True
D1,24,145,SeasonalNaive,h1,1,ARIMA,7.3534886837005615,5.099456548690796,0.7868788873755418,0.6363498361169054,1.4103037661233775,1.4004286173571487,0.2642651596640799,1.0,1.0,2.0814147887792327,3.1694071806906416,True
D1,24,145,SeasonalNaive,h1_6,1,ARIMA,7.3534886837005615,5.099456548690796,1.6079197419553877,1.5247481683179012,2.8457395913338663,2.791741981292531,0.570561862370553,0.6666666666666666,1.0,3.7575857813366396,5.721742452120417,True
D1,24,145,SeasonalNaive,h1_12,1,ARIMA,7.3534886837005615,5.099456548690796,1.369028059053806,1.26921621556101,2.431777214023012,2.3939864232971493,0.5638092097600005,0.8333333333333334,1.0,5.073275892852544,7.725167098414919,True
D1,24,146,SeasonalNaive,h1,1,ARIMA,7.3534886837005615,5.099456548690796,3.334148080207886,2.8362728178778376,5.106546453196948,4.97940854790045,1.4331884144717109,0.0,0.0,1.9787164355218234,3.013026578412865,True
D1,24,146,SeasonalNaive,h1_6,1,ARIMA,7.3534886837005615,5.099456548690796,1.416557131477043,1.4780703524520775,2.203037622207004,2.1811077710387536,0.602979441218803,0.6666666666666666,0.8333333333333334,3.572184066096057,5.439427975081228,True
D1,24,146,SeasonalNaive,h1_12,1,ARIMA,7.3534886837005615,5.099456548690796,1.3846115703703201,1.3503194535597933,2.161535239826084,2.1478805656364863,0.5919985819777285,0.8333333333333334,0.9166666666666666,4.822957175687033,7.344002352241986,True
D1,24,147,SeasonalNaive,h1,1,ARIMA,7.3534886837005615,5.099456548690796,0.3665382766418511,0.27550318550996417,0.5658328127156864,0.567438188446742,0.1877660190104243,1.0,1.0,2.2394397797469265,3.4100346345751826,True
D1,24,147,SeasonalNaive,h1_6,1,ARIMA,7.3534886837005615,5.099456548690796,1.118733822378061,1.0814566669630223,1.7066465780655748,1.6919281276867764,0.46052071427008084,0.8333333333333334,1.0,4.042868879331865,6.156148080537258,True
D1,24,147,SeasonalNaive,h1_12,1,ARIMA,7.3534886837005615,5.099456548690796,1.6239553330867105,1.6124865383705598,2.451942062536064,2.4066819845035763,0.6615530789621007,0.8333333333333334,1.0,5.458448700053934,8.31167655704467,True
D1,24,148,SeasonalNaive,h1,1,ARIMA,7.3534886837005615,5.099456548690796,1.2760168783479588,0.9106157314846774,1.936260293330098,1.9176945146131859,0.41696495149562857,0.0,1.0,2.358674163171187,3.591594942999684,True
D1,24,148,SeasonalNaive,h1_6,1,ARIMA,7.3534886837005615,5.099456548690796,1.329733578592447,1.112978095001342,2.009383958712486,1.9821225851660538,0.5508016212852251,0.6666666666666666,1.0,4.258123150713409,6.483919573787348,True
D1,24,148,SeasonalNaive,h1_12,1,ARIMA,7.3534886837005615,5.099456548690796,1.1071751693461063,0.9169360162701751,1.6875703735232432,1.6791755811407516,0.5683903898876578,0.8333333333333334,1.0,5.749072619075971,8.754214748276185,True
D1,24,149,SeasonalNaive,h1,1,ARIMA,7.3534886837005615,5.099456548690796,0.2317284859677669,0.18110393687283552,0.36946480230744383,0.3687835396196448,0.17072224224749513,1.0,1.0,2.153764491062584,3.279575354364551,True
D1,24,149,SeasonalNaive,h1_6,1,ARIMA,7.3534886837005615,5.099456548690796,1.7660262266169413,1.5722236630108148,2.8734370561384104,2.9282315210360634,0.6085472617773289,0.6666666666666666,1.0,3.8881989652389497,5.920629461660524,True
D1,24,149,SeasonalNaive,h1_12,1,ARIMA,7.3534886837005615,5.099456548690796,2.395192765025319,2.064329666531843,3.91715752181463,4.013318141870066,0.8196319861654052,0.5833333333333334,1.0,5.249622290710318,7.993692883218807,True
D1,24,150,SeasonalNaive,h1,1,ARIMA,7.3534886837005615,5.099456548690796,0.20205120752870118,0.17052663290119938,0.409053106744996,0.4098914435871336,0.1573949798245733,1.0,1.0,1.9944167504172452,3.0369337261072746,True
D1,24,150,SeasonalNaive,h1_6,1,ARIMA,7.3534886837005615,5.099456548690796,1.268580962142248,1.2829919422774818,2.6112192711299183,2.661644167563639,0.466355843240411,0.8333333333333334,1.0,3.600527902380695,5.482587636832994,True
D1,24,150,SeasonalNaive,h1_12,1,ARIMA,7.3534886837005615,5.099456548690796,1.2677849477136545,1.262284403028701,2.6079272682493193,2.6564864406478663,0.5252240426482918,0.9166666666666666,1.0,4.861225390892663,7.4022740416326736,True
D1,24,151,SeasonalNaive,h1,1,ARIMA,7.3534886837005615,5.099456548690796,1.5592590035870837,1.1836821585485537,2.288308791019021,2.262423176796676,0.531864657626969,0.0,1.0,2.217327475253654,3.3763638367023163,True
D1,24,151,SeasonalNaive,h1_6,1,ARIMA,7.3534886837005615,5.099456548690796,1.5326789192907133,1.3329345278643512,2.2573739477372263,2.2405877367395757,0.5589737386720941,0.6666666666666666,1.0,4.002949454619222,6.095362065171475,True
D1,24,151,SeasonalNaive,h1_12,1,ARIMA,7.3534886837005615,5.099456548690796,1.8438333708357582,1.5197787432995074,2.7015769407657637,2.667405179756545,0.6668401945064849,0.8333333333333334,1.0,5.404551792082571,8.229606780245565,True
D1,24,152,SeasonalNaive,h1,1,ARIMA,7.3534886837005615,5.099456548690796,1.0488062805311544,0.8019370864817824,1.8243835561986905,1.8078921129871153,0.33965678118206855,1.0,1.0,2.2014136781531697,3.3521316158714476,True
D1,24,152,SeasonalNaive,h1_6,1,ARIMA,7.3534886837005615,5.099456548690796,0.8992873338871237,0.7655857611887151,1.5874859496965006,1.596601211570957,0.38950463757136805,1.0,1.0,3.974220218123817,6.05161554768963,True
D1,24,152,SeasonalNaive,h1_12,1,ARIMA,7.3534886837005615,5.099456548690796,1.4302198681582061,1.2648987755642929,2.5503318329958016,2.5916310189743763,0.5721685226982095,1.0,1.0,5.365763231710614,8.170542752049798,True
D1,24,153,SeasonalNaive,h1,1,ARIMA,7.3534886837005615,5.099456548690796,0.33278344304958946,0.2756651560780501,0.5773019357711584,0.5756403443456648,0.17040690457537797,1.0,1.0,2.0320131556469767,3.0941824385434784,True
D1,24,153,SeasonalNaive,h1_6,1,ARIMA,7.3534886837005615,5.099456548690796,2.4666522607343238,2.307301726991581,4.177425232618503,4.0697736744506665,0.8955437431864559,0.5,0.6666666666666666,3.668400831160764,5.585938948166876,True
D1,24,153,SeasonalNaive,h1_12,1,ARIMA,7.3534886837005615,5.099456548690796,1.9231254618507723,1.8317667174980532,3.2737266933721356,3.205208204969895,0.7391489402063529,0.75,0.8333333333333334,4.952863509992299,7.541813029375583,True
D1,24,154,SeasonalNaive,h1,1,ARIMA,7.3534886837005615,5.099456548690796,0.6753876156309463,0.5521501847697806,1.4674745137056908,1.4783215093962,0.23280191480550394,1.0,1.0,2.058934593834068,3.1351761895077983,True
D1,24,154,SeasonalNaive,h1_6,1,ARIMA,7.3534886837005615,5.099456548690796,0.5826434369780934,0.6490416438188045,1.271608567741092,1.2869235727633983,0.3509903771350297,0.8333333333333334,1.0,3.7170022026366922,5.659945117709639,True
D1,24,154,SeasonalNaive,h1_12,1,ARIMA,7.3534886837005615,5.099456548690796,0.907645362133842,0.9969978673494293,1.993152033530538,2.0302409635809946,0.4748625795745553,0.9166666666666666,1.0,5.0184822824214095,7.641731896891127,True
D1,24,155,SeasonalNaive,h1,1,ARIMA,7.3534886837005615,5.099456548690796,2.0669142580974165,1.7146990595137117,3.4021428872178467,3.345237998897841,0.7936284025584897,0.0,0.0,2.0289961879173535,3.0895884483221314,True
D1,24,155,SeasonalNaive,h1_6,1,ARIMA,7.3534886837005615,5.099456548690796,2.252167267933373,1.9258534628159578,3.697228856589818,3.6262267359449893,0.7791735983944941,0.16666666666666666,0.6666666666666666,3.662954288210893,5.577645400706588,True
D1,24,155,SeasonalNaive,h1_12,1,ARIMA,7.3534886837005615,5.099456548690796,1.7413661282279207,1.6180128272567884,2.8721065819009866,2.830294216097766,0.6850220994144577,0.5833333333333334,0.8333333333333334,4.945509901410901,7.530615559285752,True
D1,24,156,SeasonalNaive,h1,1,ARIMA,7.3534886837005615,5.099456548690796,0.5894875201334735,0.5064847751136167,1.2518731212874799,1.2597584097498886,0.20906607176405806,1.0,1.0,1.9590923093760504,2.983144573799239,True
D1,24,156,SeasonalNaive,h1_6,1,ARIMA,7.3534886837005615,5.099456548690796,1.0168576118568284,1.0637964221661869,2.180571364960349,2.216482195812765,0.39312626792446126,0.8333333333333334,1.0,3.536756558914879,5.385481882135548,True
D1,24,156,SeasonalNaive,h1_12,1,ARIMA,7.3534886837005615,5.099456548690796,1.2820501616895075,1.4196974188904767,2.7681086362603664,2.8341874325683247,0.5477327907444157,0.8333333333333334,1.0,4.77512499604157,7.2711674447292305,True
D1,24,157,SeasonalNaive,h1,1,ARIMA,7.3534886837005615,5.099456548690796,1.4033229436126002,1.1363618607810329,2.4563328076553668,2.426530969509378,0.4758821365823912,0.0,1.0,2.0786800889157813,3.1652430047508027,True
D1,24,157,SeasonalNaive,h1_6,1,ARIMA,7.3534886837005615,5.099456548690796,0.5626965207883391,0.6503356758033184,0.9968872954661223,0.996835695745058,0.3573051800252944,0.8333333333333334,1.0,3.752648817604783,5.7142248499649515,True
D1,24,157,SeasonalNaive,h1_12,1,ARIMA,7.3534886837005615,5.099456548690796,1.2110890595286539,1.2679730285302095,2.180293019633577,2.2161489855675596,0.5433010096414257,0.75,1.0,5.06661028878061,7.715017264982818,True
D1,24,158,SeasonalNaive,h1,1,ARIMA,7.3534886837005615,5.099456548690796,2.0245509487983586,1.5611618675910717,3.804037075270162,3.7330340751446753,0.7542590066198726,0.0,0.0,2.18286790413101,3.3238916371443876,True
D1,24,158,SeasonalNaive,h1_6,1,ARIMA,7.3534886837005615,5.099456548690796,1.7163202586591946,1.4926280625789006,3.33273232849347,3.381493202020261,0.6142394481020171,0.6666666666666666,0.8333333333333334,3.940739464001551,6.0006338101224275,True
D1,24,158,SeasonalNaive,h1_12,1,ARIMA,7.3534886837005615,5.099456548690796,1.8691391841658973,1.6631216084124456,3.6552728882752383,3.7354094018130244,0.7147731331337217,0.6666666666666666,0.9166666666666666,5.320559445916375,8.101710146428369,True
D1,24,159,SeasonalNaive,h1,1,ARIMA,7.3534886837005615,5.099456548690796,0.1762976473119051,0.14158398315407217,0.3292331435499838,0.32977600951137775,0.1634048993735262,1.0,1.0,2.095941081770318,3.1915266244281155,True
D1,24,159,SeasonalNaive,h1_6,1,ARIMA,7.3534886837005615,5.099456548690796,1.3799278690181318,1.445288172085097,2.517985282056966,2.465755906126374,0.531096012464354,0.6666666666666666,1.0,3.783810151554943,5.761674765336921,True
D1,24,159,SeasonalNaive,h1_12,1,ARIMA,7.3534886837005615,5.099456548690796,1.5372228956058027,1.5651492544205599,2.8019860409864417,2.7413013580279,0.6163368261297938,0.75,1.0,5.108682527052239,7.779081407701838,True
D1,24,160,SeasonalNaive,h1,1,ARIMA,7.3534886837005615,5.099456548690796,0.582846963640001,0.48876141688129854,0.780458011803635,0.7774242767767299,0.2106841451293785,1.0,1.0,2.0072631086674315,3.0564951034470185,True
D1,24,160,SeasonalNaive,h1_6,1,ARIMA,7.3534886837005615,5.099456548690796,1.4411904785928855,1.3399988638328542,1.9597546136629789,1.9828073638220516,0.5051487862664301,0.8333333333333334,0.8333333333333334,3.623719480226231,5.517901863363644,True
D1,24,160,SeasonalNaive,h1_12,1,ARIMA,7.3534886837005615,5.099456548690796,1.5193808674223923,1.4145549266884623,2.050778009977574,2.0598122693472116,0.5746223269353399,0.9166666666666666,0.9166666666666666,4.892537323513165,7.449953276268522,True
D1,24,161,SeasonalNaive,h1,1,ARIMA,7.3534886837005615,5.099456548690796,0.7701869802861089,0.5643886150813244,0.9017617423253244,0.8977141210756681,0.26436109951544173,1.0,1.0,2.297019107434645,3.497711697127354,True
D1,24,161,SeasonalNaive,h1_6,1,ARIMA,7.3534886837005615,5.099456548690796,1.5288772883801172,1.5065643115572513,1.770085505378422,1.7431559029626227,0.671391977358362,0.6666666666666666,0.8333333333333334,4.146817051596579,6.314431804363723,True
D1,24,161,SeasonalNaive,h1_12,1,ARIMA,7.3534886837005615,5.099456548690796,1.6327180191179054,1.5415225646665671,1.9185097654279277,1.9178576930134794,0.7150006606569889,0.8333333333333334,0.9166666666666666,5.5987935350477125,8.525382124142622,True
D1,24,162,SeasonalNaive,h1,1,ARIMA,7.3534886837005615,5.099456548690796,0.03649605254141209,0.030740889366992822,0.06891320430897255,0.06893695764220474,0.14848728521064314,1.0,1.0,1.9983711202204526,3.042955115076428,True
D1,24,162,SeasonalNaive,h1_6,1,ARIMA,7.3534886837005615,5.099456548690796,1.4068728440831995,1.537974548815804,2.5978086716369293,2.5428206965106606,0.5239961731465538,0.6666666666666666,1.0,3.607666740745234,5.493458072507968,True
D1,24,162,SeasonalNaive,h1_12,1,ARIMA,7.3534886837005615,5.099456548690796,1.4608052162766214,1.5350947029710864,2.699686942338206,2.644633052766168,0.5857646378783277,0.8333333333333334,1.0,4.870863839270256,7.416950677766586,True
D1,24,163,SeasonalNaive,h1,1,ARIMA,7.3534886837005615,5.099456548690796,1.7768626619398256,1.2071598878282024,2.7152804863760927,2.752651592145821,0.6077409065157667,0.0,1.0,2.4776259723505265,3.772724970614338,True
D1,24,163,SeasonalNaive,h1_6,1,ARIMA,7.3534886837005615,5.099456548690796,1.9251847551533507,1.6123339209191963,2.943587372200486,2.9880371771393093,0.784273547127164,0.5,0.8333333333333334,4.472867289770235,6.8109142795072675,True
D1,24,163,SeasonalNaive,h1_12,1,ARIMA,7.3534886837005615,5.099456548690796,1.8830497199496024,1.4737843891354503,2.838409053709924,2.840192240005054,0.7705176528405914,0.75,0.9166666666666666,6.03900778681573,9.1957041657258,True
D1,24,164,SeasonalNaive,h1,1,ARIMA,7.3534886837005615,5.099456548690796,1.8601055943643572,1.5467944822917377,2.7701426345606106,2.8090499801233673,0.6907919508874885,0.0,0.0,2.024191814526452,3.0822727438282995,True
D1,24,164,SeasonalNaive,h1_6,1,ARIMA,7.3534886837005615,5.099456548690796,1.2913023506566854,1.3248108869547492,1.9246773310983658,1.9536283987187295,0.5190879673651405,0.6666666666666666,0.8333333333333334,3.654280935240022,5.564438332449594,True
D1,24,164,SeasonalNaive,h1_12,1,ARIMA,7.3534886837005615,5.099456548690796,0.9395266218645736,1.0184411970103677,1.3957989230452912,1.4120963912634774,0.5048954408457271,0.8333333333333334,0.9166666666666666,4.933799639796685,7.512784136424759,True
D1,24,165,SeasonalNaive,h1,1,ARIMA,7.3534886837005615,5.099456548690796,2.3038955261619942,1.7183978371110167,3.7410959082112254,3.6724018701623673,0.8851969733476853,0.0,0.0,2.2567619126097735,3.436411353226524,True
D1,24,165,SeasonalNaive,h1_6,1,ARIMA,7.3534886837005615,5.099456548690796,1.7766599646582302,1.43104086540291,2.890481140345752,2.8427822733000987,0.623062974175485,0.8333333333333334,0.8333333333333334,4.074140589564135,6.203766067829819,True
D1,24,165,SeasonalNaive,h1_12,1,ARIMA,7.3534886837005615,5.099456548690796,2.6958599322823624,2.2164753205169556,4.343653450327923,4.232943238807117,0.9149725195577728,0.5833333333333334,0.9166666666666666,5.500669962024222,8.375967620790277,True
D1,24,166,SeasonalNaive,h1,1,ARIMA,7.3534886837005615,5.099456548690796,0.245283898488862,0.18846446794196023,0.2887275906473689,0.28831137340636964,0.17418353828315092,1.0,1.0,2.1907167910859755,3.3358432763897885,True
D1,24,166,SeasonalNaive,h1_6,1,ARIMA,7.3534886837005615,5.099456548690796,1.250356906639498,1.0754017147170876,1.468456469679829,1.46324268992573,0.465024249215903,1.0,1.0,3.9549090885186513,6.02221014845455,True
D1,24,166,SeasonalNaive,h1_12,1,ARIMA,7.3534886837005615,5.099456548690796,1.4541762627145753,1.2544551843885776,1.6998948448755657,1.6859987570914898,0.5719632416565664,1.0,1.0,5.339690456798528,8.13084127569229,True
D1,24,167,SeasonalNaive,h1,1,ARIMA,7.3534886837005615,5.099456548690796,1.0258695367675288,0.7958873913126293,2.0739747602485594,2.0526886381180303,0.3325879677498982,1.0,1.0,2.169637550345396,3.303745542998598,True
D1,24,167,SeasonalNaive,h1_6,1,ARIMA,7.3534886837005615,5.099456548690796,1.8276494620945978,1.736285788103343,3.632394165522735,3.537286982898926,0.7440994926174501,0.6666666666666666,0.6666666666666666,3.9168546576021326,5.964263992189066,True
D1,24,167,SeasonalNaive,h1_12,1,ARIMA,7.3534886837005615,5.099456548690796,1.4808168991227753,1.4163331242694248,2.967646394237082,2.9137917629944403,0.6640398609544552,0.8333333333333334,0.8333333333333334,5.288311556030945,8.052605713080446,True
D1,24,168,SeasonalNaive,h1,1,ARIMA,7.3534886837005615,5.099456548690796,0.08935702563658372,0.07263005863187183,0.17858492836127834,0.17874453376006091,0.15673956657037005,1.0,1.0,2.0708993373073317,3.1533951164049006,True
D1,24,168,SeasonalNaive,h1_6,1,ARIMA,7.3534886837005615,5.099456548690796,2.0089700034221507,1.881212397778012,3.907794696779577,3.8099148921149566,0.697164247453563,0.3333333333333333,1.0,3.738602198079628,5.692835813513662,True
D1,24,168,SeasonalNaive,h1_12,1,ARIMA,7.3534886837005615,5.099456548690796,3.09613358434315,2.837290802893437,5.949474480081716,5.7351684515303365,1.0769654278935226,0.25,0.8333333333333334,5.047645352153754,7.686139019930204,True
D1,24,169,SeasonalNaive,h1,1,ARIMA,7.3534886837005615,5.099456548690796,0.31365765700244036,0.27681886477823264,0.6104173490461743,0.6085599712243226,0.16016173007433931,1.0,1.0,1.9072467797125552,2.9041984670991106,True
D1,24,169,SeasonalNaive,h1_6,1,ARIMA,7.3534886837005615,5.099456548690796,0.6290966722447443,0.7386727929405479,1.2409487337529825,1.2542112801083396,0.3407445485953164,0.8333333333333334,1.0,3.443159633333462,5.242960185053581,True
D1,24,169,SeasonalNaive,h1_12,1,ARIMA,7.3534886837005615,5.099456548690796,0.5944679012937156,0.6809310683202471,1.162281388257938,1.164388935112206,0.4052933665360197,0.9166666666666666,1.0,4.648755818109346,7.07874285828182,True
D1,24,170,SeasonalNaive,h1,1,ARIMA,7.3534886837005615,5.099456548690796,0.6284993039606371,0.4962580694719791,0.9835790649302822,0.9884401099255832,0.22533672044046804,1.0,1.0,2.1317874389907017,3.2461105077503447,True
D1,24,170,SeasonalNaive,h1_6,1,ARIMA,7.3534886837005615,5.099456548690796,1.0740638932183593,0.9206139833342791,1.6586380280703927,1.644978405041615,0.4155715342588285,1.0,1.0,3.8485237122205875,5.860215250860247,True
D1,24,170,SeasonalNaive,h1_12,1,ARIMA,7.3534886837005615,5.099456548690796,0.8144570230371444,0.7796914836522358,1.2602781622029735,1.2524417511241992,0.46824708220443745,1.0,1.0,5.196055049296792,7.91212509552888,True
D1,24,171,SeasonalNaive,h1,1,ARIMA,7.3534886837005615,5.099456548690796,0.24260776178474963,0.1906803343092205,0.5037178693300114,0.502452398073026,0.17043768521640842,1.0,1.0,2.1416350510118805,3.2611056410706363,True
D1,24,171,SeasonalNaive,h1_6,1,ARIMA,7.3534886837005615,5.099456548690796,0.8772220378603116,0.8626700652393984,1.800277106543025,1.775444304883177,0.3805420999461504,1.0,1.0,3.866301642458415,5.887286020251023,True
D1,24,171,SeasonalNaive,h1_12,1,ARIMA,7.3534886837005615,5.099456548690796,0.6705909316572859,0.6949229289039226,1.379160046346159,1.3629722872849677,0.44713750284754616,1.0,1.0,5.220057786732185,7.9486744891404175,True
D1,24,172,SeasonalNaive,h1,1,ARIMA,7.3534886837005615,5.099456548690796,0.20319143535374962,0.16732567599829853,0.3423916980453474,0.342978863622895,0.16109522585360087,1.0,1.0,2.044040467233647,3.1124966390155313,True
D1,24,172,SeasonalNaive,h1_6,1,ARIMA,7.3534886837005615,5.099456548690796,1.199726025309569,1.0846100085622752,1.9941344025176517,1.9707197350096148,0.4327552770838901,1.0,1.0,3.6901137810491864,5.619001641706538,True
D1,24,172,SeasonalNaive,h1_12,1,ARIMA,7.3534886837005615,5.099456548690796,1.8860111661030106,1.740441658027929,3.1109079215389603,3.0518273023444658,0.6473964146416976,1.0,1.0,4.982179084310991,7.586452373850611,True
D1,24,173,SeasonalNaive,h1,1,ARIMA,7.3534886837005615,5.099456548690796,0.4423959021105693,0.35957360181102926,0.6375376320778596,0.6395764022028261,0.19087824938217274,1.0,1.0,2.070951721631514,3.1534748829435606,True
D1,24,173,SeasonalNaive,h1_6,1,ARIMA,7.3534886837005615,5.099456548690796,1.1234063768894837,1.2673506420406049,1.5925678453770429,1.5722633417886938,0.5125860697654805,0.6666666666666666,0.8333333333333334,3.7386967676929483,5.6929798163396015,True
D1,24,173,SeasonalNaive,h1_12,1,ARIMA,7.3534886837005615,5.099456548690796,0.9801432484312241,1.1517215301816681,1.389976675200201,1.372705946346838,0.5352208882892313,0.8333333333333334,0.9166666666666666,5.047773034598645,7.686333444251525,True
D1,24,174,SeasonalNaive,h1,1,ARIMA,7.3534886837005615,5.099456548690796,2.345961779945708,1.9422095595699855,4.552870736526519,4.658928226455553,0.9326600159506312,0.0,0.0,2.0331598487137064,3.095928528395126,True
D1,24,174,SeasonalNaive,h1_6,1,ARIMA,7.3534886837005615,5.099456548690796,1.6383210135705808,1.4280875879798205,3.16334159618519,3.2200180953133253,0.5960746167192912,0.6666666666666666,0.8333333333333334,3.670470960375925,5.589091170604642,True
D1,24,174,SeasonalNaive,h1_12,1,ARIMA,7.3534886837005615,5.099456548690796,2.0486105566413633,1.8221400597317687,3.9767619917797843,4.070988839748253,0.7176552128387782,0.75,0.9166666666666666,4.955658479223482,7.546068978549616,True
D1,24,175,SeasonalNaive,h1,1,ARIMA,7.3534886837005615,5.099456548690796,0.06370805033387768,0.05511552537958486,0.11550150472145408,0.11543484023273326,0.14613591861050884,1.0,1.0,1.9456604120618155,2.9626915857511604,True
D1,24,175,SeasonalNaive,h1_6,1,ARIMA,7.3534886837005615,5.099456548690796,0.8439082749755518,0.8648022818225941,1.5146228115972737,1.4987424577840003,0.3576822775223511,1.0,1.0,3.512507905241234,5.3485580275104825,True
D1,24,175,SeasonalNaive,h1_12,1,ARIMA,7.3534886837005615,5.099456548690796,1.4354447268781632,1.4332582765109445,2.559656160904033,2.5170556415922367,0.5358495582257318,0.9166666666666666,1.0,4.742385860523318,7.221314982951527,True
D1,24,176,SeasonalNaive,h1,1,ARIMA,7.3534886837005615,5.099456548690796,0.7038962910299875,0.5740019347837119,1.2089201534502005,1.2162720323098868,0.24083554891740547,1.0,1.0,2.0641535467551404,3.143123181598428,True
D1,24,176,SeasonalNaive,h1_6,1,ARIMA,7.3534886837005615,5.099456548690796,0.9635012388126368,0.8795283235968842,1.6597470455155219,1.675068135065727,0.3978420669352279,1.0,1.0,3.7264239975597575,5.674291851789334,True
D1,24,176,SeasonalNaive,h1_12,1,ARIMA,7.3534886837005615,5.099456548690796,0.8907950089088295,0.8739184294157288,1.536176879535736,1.5521153627840603,0.47092426045739283,1.0,1.0,5.031203047250785,7.661102030903552,True
D1,24,177,SeasonalNaive,h1,1,ARIMA,7.3534886837005615,5.099456548690796,0.9969018270257191,0.8601462895745008,1.7159600410665845,1.7013626891171516,0.3221248084670902,0.0,1.0,1.950862906884182,2.9706135168032426,True
D1,24,177,SeasonalNaive,h1_6,1,ARIMA,7.3534886837005615,5.099456548690796,1.0058003219084644,0.8763123562525459,1.7366742618739894,1.727366167482243,0.3769360997121093,0.8333333333333334,1.0,3.5218999882980904,5.362859518805023,True
D1,24,177,SeasonalNaive,h1_12,1,ARIMA,7.3534886837005615,5.099456548690796,1.0601618246871307,1.0548195391863457,1.850625421669869,1.861338320763446,0.4766265310548363,0.8333333333333334,1.0,4.755066510102278,7.240624032761325,True
D1,24,178,SeasonalNaive,h1,1,ARIMA,7.3534886837005615,5.099456548690796,0.42290102350140124,0.32365867143199073,0.5499591174168426,0.5514755624849486,0.19489318350023968,1.0,1.0,2.199369351074435,3.349018682804042,True
D1,24,178,SeasonalNaive,h1_6,1,ARIMA,7.3534886837005615,5.099456548690796,4.497535016674079,4.0332307497019,6.077850709244339,6.348766578790703,1.8200164866598698,0.16666666666666666,0.16666666666666666,3.970529586921975,6.045995758162126,True
D1,24,178,SeasonalNaive,h1_12,1,ARIMA,7.3534886837005615,5.099456548690796,4.717240546596441,3.9310635118145596,6.34897449498323,6.601007180767524,1.7757180567243223,0.08333333333333333,0.4166666666666667,5.360780354034554,8.162955235917922,True
D1,24,179,SeasonalNaive,h1,1,ARIMA,7.3534886837005615,5.099456548690796,1.4063187465812272,1.0089220070584126,2.1147174591466698,2.1373165623977997,0.4680556779118301,0.0,1.0,2.3462422467029915,3.5726646435050884,True
D1,24,179,SeasonalNaive,h1_6,1,ARIMA,7.3534886837005615,5.099456548690796,1.3712239267791226,1.0766917278739587,2.0640803613277416,2.088547335137429,0.5259705266061703,0.6666666666666666,1.0,4.235679766142727,6.44974463441401,True
D1,24,179,SeasonalNaive,h1_12,1,ARIMA,7.3534886837005615,5.099456548690796,0.9858992658150275,0.8389727222870694,1.4762697124833433,1.4859449640383806,0.5448356286728608,0.8333333333333334,1.0,5.718770853920805,8.70807371353957,True
D1,24,180,SeasonalNaive,h1,1,ARIMA,7.3534886837005615,5.099456548690796,0.21088307361662958,0.18642597141946435,0.3805670198498631,0.3798442388998368,0.15126386953870039,1.0,1.0,1.9040659539601528,2.8993549673630064,True
D1,24,180,SeasonalNaive,h1_6,1,ARIMA,7.3534886837005615,5.099456548690796,0.8790342452452667,0.8477730170860589,1.5816311585573406,1.574204625319112,0.34769861386256923,1.0,1.0,3.4374172768918063,5.234216197147667,True
D1,24,180,SeasonalNaive,h1_12,1,ARIMA,7.3534886837005615,5.099456548690796,0.7131577617186904,0.8100038058230541,1.2814718675957073,1.2738384499957893,0.4141783029312533,1.0,1.0,4.641002819189582,7.066937229446733,True
D1,24,181,SeasonalNaive,h1,1,ARIMA,7.3534886837005615,5.099456548690796,0.010832803532854419,0.008456627335729666,0.019670942988501722,0.01967287790880054,0.158629234634043,1.0,1.0,2.1562065136425486,3.2832938654186936,True
D1,24,181,SeasonalNaive,h1_6,1,ARIMA,7.3534886837005615,5.099456548690796,0.6082571988331524,0.5646643518883727,1.1079090704760604,1.1115595122711712,0.34134740622758264,1.0,1.0,3.892607557593375,5.927342503357051,True
D1,24,181,SeasonalNaive,h1_12,1,ARIMA,7.3534886837005615,5.099456548690796,1.1784995003105037,1.161496260084846,2.160907667419727,2.183762956985631,0.5318500142320514,0.9166666666666666,1.0,5.2555745181815325,8.002756445460252,True
D1,24,182,SeasonalNaive,h1,1,ARIMA,7.3534886837005615,5.099456548690796,1.0345472029387408,0.8261597546351253,1.7483540184715354,1.733202758433866,0.3336414561938066,1.0,1.0,2.1078172550568177,3.2096106839323877,True
D1,24,182,SeasonalNaive,h1_6,1,ARIMA,7.3534886837005615,5.099456548690796,0.8492504585951227,0.7458160494905638,1.435678430181082,1.4237242319740429,0.37941161495428694,1.0,1.0,3.805250250913622,5.794321984540142,True
D1,24,182,SeasonalNaive,h1_12,1,ARIMA,7.3534886837005615,5.099456548690796,1.1445679835799853,1.0455262548497584,1.9641299256788352,1.9776649677499454,0.49868233008720003,1.0,1.0,5.137629714301295,7.8231598026582585,True
D1,24,183,SeasonalNaive,h1,1,ARIMA,7.3534886837005615,5.099456548690796,0.3942256198613263,0.33861955990476855,0.5442084300740688,0.5427316344204713,0.17655421605623658,1.0,1.0,1.9596543837399532,2.984000454392879,True
D1,24,183,SeasonalNaive,h1_6,1,ARIMA,7.3534886837005615,5.099456548690796,2.246574004598833,2.1365156356247383,3.1697637789465003,3.232384746940628,0.7926405773567118,0.3333333333333333,0.6666666666666666,3.53777127383342,5.3870270065223425,True
D1,24,183,SeasonalNaive,h1_12,1,ARIMA,7.3534886837005615,5.099456548690796,1.9681540251944425,1.992269795038429,2.768582850811679,2.8151019608820405,0.7585961787704844,0.5833333333333334,0.8333333333333334,4.776495005679122,7.273253582680337,True
D1,24,184,SeasonalNaive,h1,1,ARIMA,7.3534886837005615,5.099456548690796,0.19850018865608446,0.15502987533582768,0.38019429136909244,0.38091840638702124,0.16898311649056033,1.0,1.0,2.1552229630488666,3.2817961955015975,True
D1,24,184,SeasonalNaive,h1_6,1,ARIMA,7.3534886837005615,5.099456548690796,1.961985560632654,1.7877284731421532,3.8492913609264887,3.9538592370896373,0.6779029164988563,0.5,1.0,3.8908319500854716,5.924638754341737,True
D1,24,184,SeasonalNaive,h1_12,1,ARIMA,7.3534886837005615,5.099456548690796,1.5388864921748233,1.451432580793832,3.0066538982940405,3.0749262162359345,0.6359518080578509,0.75,1.0,5.253177195195653,7.999105999270081,True
D1,24,185,SeasonalNaive,h1,1,ARIMA,7.3534886837005615,5.099456548690796,0.26381165890844555,0.21447274434245414,0.39794834208014895,0.3971581000428702,0.16639988959386093,1.0,1.0,2.07046815652177,3.152738549782374,True
D1,24,185,SeasonalNaive,h1_6,1,ARIMA,7.3534886837005615,5.099456548690796,0.7777514083448582,0.7788964978310623,1.165179134752441,1.1550513277775385,0.35904096158637516,1.0,1.0,3.7378237858199674,5.691650511372729,True
D1,24,185,SeasonalNaive,h1_12,1,ARIMA,7.3534886837005615,5.099456548690796,1.0801295288988244,1.0638154017657813,1.6419338343111372,1.6518698695736393,0.4897336137431211,1.0,1.0,5.0465943847556805,7.684538693250445,True
D1,24,186,SeasonalNaive,h1,1,ARIMA,7.3534886837005615,5.099456548690796,0.8037127258191231,0.551619689893048,1.1934839884257267,1.1864042162462733,0.27708650462357387,1.0,1.0,2.4524929335763517,3.7344544471257657,True
D1,24,186,SeasonalNaive,h1_6,1,ARIMA,7.3534886837005615,5.099456548690796,0.9000603155081273,0.6618163078815873,1.344962471690841,1.3455292347996142,0.41814159533678885,1.0,1.0,4.42749452233882,6.741824362552613,True
D1,24,186,SeasonalNaive,h1_12,1,ARIMA,7.3534886837005615,5.099456548690796,2.7646083613703287,2.549289553226384,3.988192100877413,3.8587827571469466,1.0395012151132257,0.6666666666666666,0.9166666666666666,5.977748089606654,9.102422939288823,True
D1,24,187,SeasonalNaive,h1,1,ARIMA,7.3534886837005615,5.099456548690796,1.9078283169776566,1.5809017475342757,2.91473082614703,2.872862718522204,0.7138092376445547,0.0,0.0,2.0313328441624243,3.093146516191106,True
D1,24,187,SeasonalNaive,h1_6,1,ARIMA,7.3534886837005615,5.099456548690796,0.7094266167211095,0.7649254308961269,1.0956396032970812,1.0916452683245788,0.38942473275665096,0.8333333333333334,0.8333333333333334,3.6671726623329985,5.584068793730191,True
D1,24,187,SeasonalNaive,h1_12,1,ARIMA,7.3534886837005615,5.099456548690796,0.9947774997462154,0.9845365448795811,1.5457750114858075,1.549737233308436,0.48817609328801975,0.9166666666666666,0.9166666666666666,4.951205307181014,7.539288054572165,True
D1,24,188,SeasonalNaive,h1,1,ARIMA,7.3534886837005615,5.099456548690796,1.5164858316991052,1.209161705471826,2.0294801083184586,2.009093036551249,0.5188017790862113,0.0,1.0,2.111060366193827,3.2145490267273042,True
D1,24,188,SeasonalNaive,h1_6,1,ARIMA,7.3534886837005615,5.099456548690796,1.524474673776052,1.524408511336456,2.0448887388555237,2.0299355021565533,0.6022501183547321,0.5,0.8333333333333334,3.8111050513894282,5.803237192969318,True
D1,24,188,SeasonalNaive,h1_12,1,ARIMA,7.3534886837005615,5.099456548690796,2.628558393511321,2.6422090997870695,3.465097571804756,3.3826554972604748,0.9807880731323412,0.5,0.75,5.145534528679423,7.83519660358191,True
D1,24,189,SeasonalNaive,h1,1,ARIMA,7.3534886837005615,5.099456548690796,0.21338990665998084,0.18785964269166025,0.44961322690147765,0.45062626454612337,0.1519843539311512,1.0,1.0,1.9119963596433958,2.911430736620423,True
D1,24,189,SeasonalNaive,h1_6,1,ARIMA,7.3534886837005615,5.099456548690796,1.3857239258702143,1.4888830344404542,2.9780294005161596,3.046373697795017,0.532494474990518,0.6666666666666666,0.8333333333333334,3.4517340674691748,5.256016627847487,True
D1,24,189,SeasonalNaive,h1_12,1,ARIMA,7.3534886837005615,5.099456548690796,0.994762867660185,1.1413554009217077,2.1182098858956633,2.1470028725859627,0.500870654407402,0.8333333333333334,0.9166666666666666,4.660332525209853,7.096370915318263,True
D1,24,190,SeasonalNaive,h1,1,ARIMA,7.3534886837005615,5.099456548690796,0.736016542025433,0.6057660692724767,1.2142771469065776,1.2069492921916607,0.24934113563079668,1.0,1.0,2.045169518238185,3.1142158649864604,True
D1,24,190,SeasonalNaive,h1_6,1,ARIMA,7.3534886837005615,5.099456548690796,1.7639131279264362,1.5345311545880749,2.8808057441972577,2.835324376283663,0.5875108314372088,0.6666666666666666,1.0,3.692152060984512,5.622105366681552,True
D1,24,190,SeasonalNaive,h1_12,1,ARIMA,7.3534886837005615,5.099456548690796,1.463648907055574,1.3547641464450004,2.4164974964987476,2.4048570996847056,0.5805955935266589,0.8333333333333334,1.0,4.984931052478998,7.590642844543785,True
D1,24,191,SeasonalNaive,h1,1,ARIMA,7.3534886837005615,5.099456548690796,0.44303681501972897,0.33626888330804966,0.5795134724270481,0.5778391445811456,0.19928518008276364,1.0,1.0,2.217684771228401,3.376907897614174,True
D1,24,191,SeasonalNaive,h1_6,1,ARIMA,7.3534886837005615,5.099456548690796,0.7085518320387412,0.6839777167962552,0.925478281690967,0.9215770443963859,0.3636611207550918,1.0,1.0,4.0035944823578555,6.0963442603387215,True
D1,24,191,SeasonalNaive,h1_12,1,ARIMA,7.3534886837005615,5.099456548690796,1.3064000577195425,1.350436454333946,1.7360267142793855,1.7593787494130635,0.5799116028608639,0.8333333333333334,1.0,5.4054226713830245,8.23093288358799,True
D1,24,192,SeasonalNaive,h1,1,ARIMA,7.3534886837005615,5.099456548690796,0.48666051348841116,0.39225397292071573,0.9781659797839461,0.9829735361443678,0.19924042218006305,1.0,1.0,2.088360347983691,3.179983306763727,True
D1,24,192,SeasonalNaive,h1_6,1,ARIMA,7.3534886837005615,5.099456548690796,1.0477359797258496,0.9118579917442788,2.121603208260607,2.148269031976931,0.41131769840809435,0.8333333333333334,1.0,3.7701246249399225,5.740835571458303,True
D1,24,192,SeasonalNaive,h1_12,1,ARIMA,7.3534886837005615,5.099456548690796,1.132347864919318,1.038608265558913,2.288499094737111,2.313404823898581,0.5026061292789752,0.9166666666666666,1.0,5.090205117274442,7.750945528421058,True
D1,24,193,SeasonalNaive,h1,1,ARIMA,7.3534886837005615,5.099456548690796,2.6536736019744036,2.086419478014757,3.885170266447625,3.962138173565086,1.0737831977810828,0.0,0.0,2.14088113529179,3.25995764024459,True
D1,24,193,SeasonalNaive,h1_6,1,ARIMA,7.3534886837005615,5.099456548690796,1.367608168965131,1.263799907359193,1.9911842247882106,2.01910533192126,0.5656832944738263,0.6666666666666666,0.8333333333333334,3.864940595633259,5.885213530133163,True
D1,24,193,SeasonalNaive,h1_12,1,ARIMA,7.3534886837005615,5.099456548690796,2.394007122233317,2.3239496098110974,3.5314663058073505,3.6315840032614477,0.8852867238180817,0.5833333333333334,0.8333333333333334,5.21822017970232,7.945876332354396,True
D1,24,194,SeasonalNaive,h1,1,ARIMA,7.3534886837005615,5.099456548690796,0.39768807840476317,0.3129887072267753,0.6911704743545262,0.693567340693847,0.1872621838280816,1.0,1.0,2.13875276261486,3.2567167294555257,True
D1,24,194,SeasonalNaive,h1_6,1,ARIMA,7.3534886837005615,5.099456548690796,1.2599015631225126,1.3271323448363188,2.22491072679703,2.270075675690786,0.4877032210896188,0.8333333333333334,1.0,3.861098236603529,5.879362701953577,True
D1,24,194,SeasonalNaive,h1_12,1,ARIMA,7.3534886837005615,5.099456548690796,1.5615538233532162,1.5895250990924947,2.7670710711230324,2.8333916454392214,0.6408139985532031,0.8333333333333334,1.0,5.213032447852253,7.937976881141824,True
D1,24,195,SeasonalNaive,h1,1,ARIMA,7.3534886837005615,5.099456548690796,0.6834415657693913,0.5788988578647952,1.5856168340765908,1.5982881974343806,0.23346490824521388,1.0,1.0,1.987217372580062,3.025971105904577,True
D1,24,195,SeasonalNaive,h1_6,1,ARIMA,7.3534886837005615,5.099456548690796,1.3548351505816376,1.2154909784578298,3.069145795856607,3.021686934719725,0.45847879188991975,1.0,1.0,3.5875308390652494,5.462796778219936,True
D1,24,195,SeasonalNaive,h1_12,1,ARIMA,7.3534886837005615,5.099456548690796,1.7783659449111633,1.6049579557841034,4.002745310200031,3.916516972783462,0.6117436102356483,0.8333333333333334,1.0,4.8436775046079035,7.375553564245524,True
D1,24,196,SeasonalNaive,h1,1,ARIMA,7.3534886837005615,5.099456548690796,0.8616721773799282,0.6925399427881126,1.5597308891592028,1.5476612141508788,0.28532444034740595,1.0,1.0,2.094324257868355,3.189064658023143,True
D1,24,196,SeasonalNaive,h1_6,1,ARIMA,7.3534886837005615,5.099456548690796,1.2104363797336597,1.095403466571509,2.2355703252609413,2.263959518406418,0.45301139677739205,0.8333333333333334,1.0,3.7808912934120698,5.7572301683217955,True
D1,24,196,SeasonalNaive,h1_12,1,ARIMA,7.3534886837005615,5.099456548690796,1.6148373704976189,1.4313680542080747,2.9978324586372174,3.0519041401407363,0.5887517653639683,0.9166666666666666,1.0,5.104741652907876,7.773080568811542,True
D1,24,197,SeasonalNaive,h1,1,ARIMA,7.3534886837005615,5.099456548690796,0.5810367046772466,0.4653421383661508,1.0774309450159876,1.083266670176752,0.2157263142101732,1.0,1.0,2.101734563985814,3.200348462455798,True
D1,24,197,SeasonalNaive,h1_6,1,ARIMA,7.3534886837005615,5.099456548690796,1.046853659981174,1.0090135619228677,1.9470615913280092,1.9642180194356385,0.44090575892495165,0.8333333333333334,1.0,3.794269146328479,5.777600862007677,True
D1,24,197,SeasonalNaive,h1_12,1,ARIMA,7.3534886837005615,5.099456548690796,0.9149144566505107,0.926483623173188,1.6892231341191717,1.6917556073838658,0.4927879753793573,0.9166666666666666,1.0,5.12280365937917,7.800583906116728,True
D1,24,198,SeasonalNaive,h1,1,ARIMA,7.3534886837005615,5.099456548690796,0.9994104931397004,0.8137969740487908,2.225940611411475,2.2509935006571546,0.3229888638493617,1.0,1.0,2.0671620045407533,3.1477042135772164,True
D1,24,198,SeasonalNaive,h1_6,1,ARIMA,7.3534886837005615,5.099456548690796,0.38895922754339096,0.40647956285478526,0.8626579220178678,0.868651707790536,0.31537116150416866,1.0,1.0,3.731855177476368,5.682562005686638,True
D1,24,198,SeasonalNaive,h1_12,1,ARIMA,7.3534886837005615,5.099456548690796,1.126099349015755,1.2234796706079727,2.528276633761916,2.579032915142745,0.5126586429234606,1.0,1.0,5.038535913549551,7.672267916352069,True
D1,24,199,SeasonalNaive,h1,1,ARIMA,7.3534886837005615,5.099456548690796,0.9748653305954615,0.7460534612756998,1.4414106025708076,1.4310966134114356,0.3190753323879173,1.0,1.0,2.199486778602367,3.349197491781582,True
D1,24,199,SeasonalNaive,h1_6,1,ARIMA,7.3534886837005615,5.099456548690796,3.788040404201238,3.0761670175680806,5.468094787130045,5.305362232108797,1.4450327778619358,0.16666666666666666,0.3333333333333333,3.9707415792704785,6.046318562667602,True
D1,24,199,SeasonalNaive,h1_12,1,ARIMA,7.3534886837005615,5.099456548690796,3.3939423302239944,2.8095957576940975,4.909772868389208,4.773596738317243,1.2496022082623441,0.4166666666666667,0.6666666666666666,5.361066573893182,8.16339106796835,True
D1,24,0,Theta,h1,1,ARIMA,7.3534886837005615,5.099456548690796,1.6185857403369444,1.105273013649432,2.5518916993279475,2.5197411664918206,0.6102572325258465,0.0,0.0,1.4928042824356949,2.3483581012076153,True
D1,24,0,Theta,h1_6,1,ARIMA,7.3534886837005615,5.099456548690796,1.2849465032124208,0.9059649139809514,2.0307569713443288,2.0090502681216313,0.48061060301987646,0.3333333333333333,0.5,1.9541666345438098,2.981873253305177,True
D1,24,0,Theta,h1_12,1,ARIMA,7.3534886837005615,5.099456548690796,1.0640072828123184,0.7701751783330187,1.6858142078154,1.6711273100360424,0.4121274770492454,0.6666666666666666,0.75,2.5389597158602917,3.772174811579566,True
D1,24,1,Theta,h1,1,ARIMA,7.3534886837005615,5.099456548690796,0.3266477165646777,0.25353531781745914,0.4562417033576889,0.45520328973627233,0.17895889046821456,1.0,1.0,2.133221916845271,3.355808695381332,True
D1,24,1,Theta,h1_6,1,ARIMA,7.3534886837005615,5.099456548690796,0.7518751953592131,0.7552865510781471,1.0511682041854529,1.0475709668306636,0.34040568079783506,0.8333333333333334,1.0,3.1768064429217335,4.958449509550391,True
D1,24,1,Theta,h1_12,1,ARIMA,7.3534886837005615,5.099456548690796,1.9293432470579277,1.838310170709115,2.663355230195558,2.6141479346788388,0.7362093366727234,0.5,0.9166666666666666,4.42270364771721,6.594505225340137,True
D1,24,2,Theta,h1,1,ARIMA,7.3534886837005615,5.099456548690796,0.34007383266450913,0.27970834998209704,0.6514641183809105,0.6493489805751508,0.17502023406390566,1.0,1.0,2.0710773420002955,3.2580474737066285,True
D1,24,2,Theta,h1_6,1,ARIMA,7.3534886837005615,5.099456548690796,0.8767716788795716,0.8143972276071992,1.6758252442620085,1.6605034510962149,0.34204401404253465,1.0,1.0,2.9908264784968757,4.634505263212352,True
D1,24,2,Theta,h1_12,1,ARIMA,7.3534886837005615,5.099456548690796,0.9151480156445619,0.8182696917132851,1.7570799844559972,1.7426497841828377,0.40728909245018785,1.0,1.0,4.097219058645638,6.135495327032615,True
D1,24,3,Theta,h1,1,ARIMA,7.3534886837005615,5.099456548690796,0.35964956791180763,0.30959767529822063,0.6105101551837512,0.6086522133974801,0.1696906037660162,1.0,1.0,1.9859519767936737,3.1241375097256485,True
D1,24,3,Theta,h1_6,1,ARIMA,7.3534886837005615,5.099456548690796,1.6798151721789956,2.221310329884771,2.7617770573291502,2.67799048088095,0.7421656705597608,0.6666666666666666,0.8333333333333334,3.552859629850586,5.633884044295888,True
D1,24,3,Theta,h1_12,1,ARIMA,7.3534886837005615,5.099456548690796,3.1819241144112693,3.2934701365806363,5.192671653493162,5.0070826267316075,1.30297950617794,0.3333333333333333,0.6666666666666666,5.180360795979896,7.83657984802442,True
D1,24,4,Theta,h1,1,ARIMA,7.3534886837005615,5.099456548690796,1.0851643809628273,0.895157977876776,1.761908975624426,1.7465229037234062,0.34669316169283654,0.0,1.0,1.6923878207363467,2.6623262017995044,True
D1,24,4,Theta,h1_6,1,ARIMA,7.3534886837005615,5.099456548690796,0.7187898108710573,0.6931022105103203,1.169454939512061,1.160193496798398,0.28522553262045125,0.6666666666666666,1.0,2.1354025422858727,3.248171446678121,True
D1,24,4,Theta,h1_12,1,ARIMA,7.3534886837005615,5.099456548690796,0.7816152930965727,0.7703004854731186,1.2730053759555973,1.2625721232772185,0.3222001107605889,0.75,1.0,2.7275561541600584,4.0549626748623,True
D1,24,5,Theta,h1,1,ARIMA,7.3534886837005615,5.099456548690796,1.5262270337478892,1.2082440931856047,2.8419395120587376,2.802122203026744,0.497605702798437,0.0,1.0,2.155583615766426,3.3909892095723273,True
D1,24,5,Theta,h1_6,1,ARIMA,7.3534886837005615,5.099456548690796,1.25304205207749,1.029727928591905,2.3735789511187493,2.377843908769432,0.45595566646477953,0.8333333333333334,1.0,3.856328915467131,6.115113140331585,True
D1,24,5,Theta,h1_12,1,ARIMA,7.3534886837005615,5.099456548690796,1.6108837541240322,1.3591919502744032,3.093029780389862,3.135491131874172,0.6041893249504394,0.9166666666666666,1.0,5.622847968467464,8.505956033470692,True
D1,24,6,Theta,h1,1,ARIMA,7.3534886837005615,5.099456548690796,0.03178073619206477,0.026168131667644833,0.05999857928300166,0.059980585533418826,0.1389789961422923,1.0,1.0,1.8201795597941324,2.8633595837143027,True
D1,24,6,Theta,h1_6,1,ARIMA,7.3534886837005615,5.099456548690796,1.6315041292461032,1.5872018078644539,3.149028874981727,3.2203072085534363,0.5971108388770682,0.5,0.5,3.0066154312916233,4.7545148030844455,True
D1,24,6,Theta,h1_12,1,ARIMA,7.3534886837005615,5.099456548690796,1.6145114583001257,1.5658424837021179,3.10918396964871,3.1724850393062436,0.6137889802493873,0.6666666666666666,0.75,4.327497365542911,6.531515349335303,True
D1,24,7,Theta,h1,1,ARIMA,7.3534886837005615,5.099456548690796,1.1507624366209592,0.9367017917698365,1.6158790484674124,1.6290407122475186,0.4010217793377277,0.0,1.0,2.0428828274590485,3.213693553126145,True
D1,24,7,Theta,h1_6,1,ARIMA,7.3534886837005615,5.099456548690796,1.3035061001250223,1.1513266221205392,1.82685985247822,1.8345859018513977,0.44001063303454124,0.5,1.0,3.04567153986728,4.761609285400797,True
D1,24,7,Theta,h1_12,1,ARIMA,7.3534886837005615,5.099456548690796,1.3875998588839173,1.323821631315117,1.9610031288628882,1.9807964115829608,0.5278400772018632,0.6666666666666666,1.0,4.246226078669281,6.335015661866807,True
D1,24,8,Theta,h1,1,ARIMA,7.3534886837005615,5.099456548690796,0.4223183327548527,0.29501067782288043,0.7022340689406852,0.6997770325759998,0.18698414600741942,1.0,1.0,2.169169946732016,3.4123613164613515,True
D1,24,8,Theta,h1_6,1,ARIMA,7.3534886837005615,5.099456548690796,1.212591000811172,0.9244318737615755,2.0470811763298546,2.0702815654186977,0.42032808211504996,0.6666666666666666,1.0,3.2621721193644087,5.146649475827568,True
D1,24,8,Theta,h1_12,1,ARIMA,7.3534886837005615,5.099456548690796,1.1552315639528639,0.8917228625775877,1.9502024095192554,1.9709463100663935,0.4718567439944854,0.8333333333333334,1.0,4.589980172588515,6.883538126360612,True
D1,24,9,Theta,h1,1,ARIMA,7.3534886837005615,5.099456548690796,0.9249866370301157,0.7714521557195831,1.4990143223944,1.4878626850213839,0.29049894151417155,1.0,1.0,2.0402710869277683,3.2095881309291188,True
D1,24,9,Theta,h1_6,1,ARIMA,7.3534886837005615,5.099456548690796,2.873269698138267,2.6607679620328777,4.811042884074507,4.956231941634075,0.9795521385240069,0.16666666666666666,0.5,3.6500322782467567,5.787980976608343,True
D1,24,9,Theta,h1_12,1,ARIMA,7.3534886837005615,5.099456548690796,3.4570499472019427,3.1148430517883394,5.79512857164885,5.998025125458211,1.169624917224764,0.25,0.5833333333333334,5.322052445896221,8.050922848193917,True
D1,24,10,Theta,h1,1,ARIMA,7.3534886837005615,5.099456548690796,0.22659908863200115,0.18471668200862387,0.42304850156955076,0.4221555402259413,0.17521261077141884,1.0,1.0,2.157256492061447,3.3936157147181407,True
D1,24,10,Theta,h1_6,1,ARIMA,7.3534886837005615,5.099456548690796,1.190697168065421,1.082895012556308,2.2553194561060503,2.283880889320879,0.4204944845555964,1.0,1.0,3.8593214464538645,6.119851090584307,True
D1,24,10,Theta,h1_12,1,ARIMA,7.3534886837005615,5.099456548690796,0.98665663488381,0.9299975360715045,1.8671811292182334,1.889002038252503,0.5025539699387941,1.0,1.0,5.627211183905361,8.512547847549882,True
D1,24,11,Theta,h1,1,ARIMA,7.3534886837005615,5.099456548690796,2.5215515923816376,1.8458091749644039,5.108744847417942,4.981498815390225,1.0080240972723957,0.0,0.0,1.895674370146845,2.9821302636848284,True
D1,24,11,Theta,h1_6,1,ARIMA,7.3534886837005615,5.099456548690796,1.398127517070348,1.2587550589795113,2.861978453992275,2.8215552256354997,0.5813347435451841,0.6666666666666666,0.6666666666666666,2.859973008152661,4.516968534328422,True
D1,24,11,Theta,h1_12,1,ARIMA,7.3534886837005615,5.099456548690796,1.4099089342293447,1.189214111042644,2.8812395033193354,2.838148776525661,0.5877732387898408,0.8333333333333334,0.8333333333333334,4.028032089951851,6.051325502744932,True
D1,24,12,Theta,h1,1,ARIMA,7.3534886837005615,5.099456548690796,0.08873190123422416,0.06756160167696112,0.16699510804286624,0.16713466139705477,0.16675028607889666,1.0,1.0,2.1466030483368295,3.3768622969775204,True
D1,24,12,Theta,h1_6,1,ARIMA,7.3534886837005615,5.099456548690796,0.9134124280336429,0.9093590126561264,1.7429176934537667,1.7677944591906798,0.4139112152753388,0.8333333333333334,1.0,3.840267850668321,6.089639317037904,True
D1,24,12,Theta,h1_12,1,ARIMA,7.3534886837005615,5.099456548690796,0.7696589328719552,0.7439895564747692,1.4598471791163186,1.4707450224192549,0.49867293391091516,0.9166666666666666,1.0,5.5994334906822445,8.47052404893443,True
D1,24,13,Theta,h1,1,ARIMA,7.3534886837005615,5.099456548690796,0.037263954509716715,0.03049445498687693,0.05977749983723769,0.05979537192641568,0.15891801454015253,1.0,1.0,2.0806336799347838,3.2730882693260686,True
D1,24,13,Theta,h1_6,1,ARIMA,7.3534886837005615,5.099456548690796,1.4672216248075864,1.4959504243687247,2.389988728224852,2.430519930971337,0.5709492252518172,0.6666666666666666,0.8333333333333334,3.128282783364619,4.935074046330817,True
D1,24,13,Theta,h1_12,1,ARIMA,7.3534886837005615,5.099456548690796,2.020239078871392,1.9773837159200707,3.309134119695809,3.387882878203147,0.7178454861251699,0.6666666666666666,0.8333333333333334,4.401151233943007,6.599723873791686,True
D1,24,14,Theta,h1,1,ARIMA,7.3534886837005615,5.099456548690796,0.24498048818153004,0.19876337342772538,0.4767355592501735,0.4778746584629425,0.1578807936475689,1.0,1.0,1.9137971036188925,3.0106327708039244,True
D1,24,14,Theta,h1_6,1,ARIMA,7.3534886837005615,5.099456548690796,0.5490817888145655,0.5913599389189765,1.0773269372580518,1.0868388065191863,0.27474043096134965,1.0,1.0,2.9875742269650662,4.7420370566362005,True
D1,24,14,Theta,h1_12,1,ARIMA,7.3534886837005615,5.099456548690796,0.3944890197586808,0.45786507914738866,0.77201531574142,0.7759214372429405,0.3448845765117273,1.0,1.0,4.266039813348343,6.430753668730619,True
D1,24,15,Theta,h1,1,ARIMA,7.3534886837005615,5.099456548690796,1.3360905795684883,1.0617283096952599,2.2691362181131205,2.2951765594026443,0.4724764833511676,0.0,1.0,2.069984966404374,3.2563313000088168,True
D1,24,15,Theta,h1_6,1,ARIMA,7.3534886837005615,5.099456548690796,1.0264587998594472,0.8371334791730365,1.7418306934379413,1.7579763195540863,0.39228977689243166,0.8333333333333334,1.0,3.5015213531993203,5.564619361719156,True
D1,24,15,Theta,h1_12,1,ARIMA,7.3534886837005615,5.099456548690796,1.1643937062849765,1.024492634685917,1.9856244193779824,2.0102358108600695,0.49188012905533723,0.9166666666666666,1.0,5.059431884747044,7.679097828638625,True
D1,24,16,Theta,h1,1,ARIMA,7.3534886837005615,5.099456548690796,0.23055661864450921,0.1998690145886847,0.4737881036081728,0.47491314459896344,0.1591504654150775,1.0,1.0,1.9412700095120683,3.0538498230105846,True
D1,24,16,Theta,h1_6,1,ARIMA,7.3534886837005615,5.099456548690796,1.7892934638687996,1.7649686321319855,3.7434474160415654,3.837160390656127,0.5851997468558928,0.5,1.0,3.1398579210792175,4.955921369616326,True
D1,24,16,Theta,h1_12,1,ARIMA,7.3534886837005615,5.099456548690796,3.185246487676358,3.1263910832651893,6.761577679038565,7.073272446887216,1.0917719586812669,0.25,0.75,4.503439478536464,6.787739938750482,True
D1,24,17,Theta,h1,1,ARIMA,7.3534886837005615,5.099456548690796,0.8414430577524309,0.5987820219895884,1.3736023470942553,1.3642327803489045,0.26844907736535223,1.0,1.0,2.110644614814602,3.3202964260789853,True
D1,24,17,Theta,h1_6,1,ARIMA,7.3534886837005615,5.099456548690796,1.158273567353563,0.9317993661412771,1.9128755082558224,1.9083685013545577,0.41182444772012505,0.6666666666666666,1.0,2.8143290495666355,4.359086506982333,True
D1,24,17,Theta,h1_12,1,ARIMA,7.3534886837005615,5.099456548690796,2.518126639266809,2.1661116291016227,4.10060729437667,3.9926174951251956,0.9288207245655803,0.3333333333333333,0.75,3.736135470818183,5.598301008509903,True
D1,24,18,Theta,h1,1,ARIMA,7.3534886837005615,5.099456548690796,1.4417073088652457,1.1700742025712882,2.6821707757941216,2.6466765828762746,0.4748808808349851,0.0,1.0,1.9276221664570095,3.032382219457022,True
D1,24,18,Theta,h1_6,1,ARIMA,7.3534886837005615,5.099456548690796,1.4219158382871189,1.3363158593182531,2.631406128684516,2.5863455927912202,0.5795995940794464,0.5,0.8333333333333334,3.0306981043996655,4.810419227509298,True
D1,24,18,Theta,h1_12,1,ARIMA,7.3534886837005615,5.099456548690796,1.5105038804321016,1.3686317671395205,2.8427834972989476,2.8481029447778026,0.574441162563969,0.75,0.9166666666666666,4.32996341046768,6.5343570339738095,True
D1,24,19,Theta,h1,1,ARIMA,7.3534886837005615,5.099456548690796,1.264385343891902,0.9815544654102912,2.4237201844667458,2.394699773581904,0.4023083254824073,0.0,1.0,2.008826879373527,3.1601249215517724,True
D1,24,19,Theta,h1_6,1,ARIMA,7.3534886837005615,5.099456548690796,1.5391490246525734,1.3566987745085477,2.937891448136099,2.8866806852846647,0.5632654045204554,0.5,0.6666666666666666,2.3867676655328296,3.590644148915707,True
D1,24,19,Theta,h1_12,1,ARIMA,7.3534886837005615,5.099456548690796,2.2502779685116323,1.9995743368519607,4.261913349827282,4.149074247874846,0.8383180417686664,0.3333333333333333,0.5833333333333334,2.898704819731846,4.323250151020773,True
D1,24,20,Theta,h1,1,ARIMA,7.3534886837005615,5.099456548690796,0.8987748393174607,0.6788000272306474,1.605364169285239,1.6183544102019536,0.3048109235006055,0.0,1.0,1.9644732582076887,3.0903581929342274,True
D1,24,20,Theta,h1_6,1,ARIMA,7.3534886837005615,5.099456548690796,2.1229438748367806,1.7307985870420954,3.827481556021502,3.915294488662916,0.7022145870411297,0.16666666666666666,0.6666666666666666,3.24647994884713,5.134070092944473,True
D1,24,20,Theta,h1_12,1,ARIMA,7.3534886837005615,5.099456548690796,2.6551900692363524,2.1009366169935,4.781376124385187,4.910569446078437,0.8582221435610707,0.3333333333333333,0.8333333333333334,4.672528556310658,7.053219737588771,True
D1,24,21,Theta,h1,1,ARIMA,7.3534886837005615,5.099456548690796,1.9599893216908773,1.5343679518647544,2.5093276025712066,2.4782340964519074,0.7411822052806537,0.0,0.0,1.7911270457964088,2.8176622853558158,True
D1,24,21,Theta,h1_6,1,ARIMA,7.3534886837005615,5.099456548690796,4.4677821577433035,3.722267568799354,5.627885008062706,5.455294506684413,2.015417363701238,0.0,0.0,2.1531083487631353,3.2868906427883795,True
D1,24,21,Theta,h1_12,1,ARIMA,7.3534886837005615,5.099456548690796,4.592833490399139,3.7352521908212366,5.806612396559931,5.631053806135241,2.035857447239886,0.0,0.0,2.693723821659517,4.021361909848496,True
D1,24,22,Theta,h1,1,ARIMA,7.3534886837005615,5.099456548690796,0.9422172355116246,0.7576740360326477,1.3260527111480058,1.3173185420275002,0.2936988320010061,1.0,1.0,1.9438155724396424,3.057862071631295,True
D1,24,22,Theta,h1_6,1,ARIMA,7.3534886837005615,5.099456548690796,1.5395536655477386,1.4370805201027435,2.142426890995355,2.112144010025169,0.6137975081150616,0.5,0.8333333333333334,2.8041183464772232,4.340500129530879,True
D1,24,22,Theta,h1_12,1,ARIMA,7.3534886837005615,5.099456548690796,1.9365215281286052,1.754293413718821,2.6740760841617117,2.6303559135439403,0.7633961645658869,0.4166666666666667,0.8333333333333334,3.8342285873111543,5.743983023868224,True
D1,24,23,Theta,h1,1,ARIMA,7.3534886837005615,5.099456548690796,0.4250044817056281,0.33868793120020807,0.7092841339183577,0.7118085063179548,0.1861742716741958,1.0,1.0,1.8891076861410196,2.9717829112484293,True
D1,24,23,Theta,h1_6,1,ARIMA,7.3534886837005615,5.099456548690796,1.6658208160784325,1.4780985697977747,2.740002023614041,2.695296894766497,0.5944523985945163,0.3333333333333333,1.0,3.275638204716339,5.21459316697025,True
D1,24,23,Theta,h1_12,1,ARIMA,7.3534886837005615,5.099456548690796,2.9552988717877615,2.6774720205307543,4.822306435239706,4.678509014302137,1.0554921950930458,0.25,0.8333333333333334,4.762992163492756,7.224352077011984,True
D1,24,24,Theta,h1,1,ARIMA,7.3534886837005615,5.099456548690796,1.5007752130757024,1.1928326066940182,2.4741662081633002,2.5051570831698995,0.5332129820529399,0.0,1.0,2.2153177412997684,3.4849632913095543,True
D1,24,24,Theta,h1_6,1,ARIMA,7.3534886837005615,5.099456548690796,1.6955196316487218,1.6317980096157012,2.816142127853473,2.876169214011087,0.578795749205275,0.6666666666666666,1.0,3.963200657869854,6.284578655983874,True
D1,24,24,Theta,h1_12,1,ARIMA,7.3534886837005615,5.099456548690796,1.7102648992731868,1.5786922524885443,2.8344484718619207,2.8899539641739174,0.6360691171476421,0.8333333333333334,1.0,5.778677022788653,8.741676350430277,True
D1,24,25,Theta,h1,1,ARIMA,7.3534886837005615,5.099456548690796,1.1267531013938314,0.8750616005648802,1.1737063574099236,1.1668586105628431,0.3490062148573935,1.0,1.0,2.189940833274432,3.445045969066111,True
D1,24,25,Theta,h1_6,1,ARIMA,7.3534886837005615,5.099456548690796,3.912468872479879,3.404916581495215,4.203180637442172,4.315959360628781,1.4429624738752276,0.16666666666666666,0.5,3.9177994994132774,6.212593676971741,True
D1,24,25,Theta,h1_12,1,ARIMA,7.3534886837005615,5.099456548690796,3.518633156886876,3.122763198370809,3.772453049980421,3.8675015587194874,1.2597447345719324,0.5,0.75,5.712479752077639,8.641548766037298,True
D1,24,26,Theta,h1,1,ARIMA,7.3534886837005615,5.099456548690796,0.5676016936927429,0.4767875363275275,0.8775291888470723,0.8813964443815263,0.20163231442645935,1.0,1.0,1.6045243670768632,2.5241131538900006,True
D1,24,26,Theta,h1_6,1,ARIMA,7.3534886837005615,5.099456548690796,1.0086694869763326,1.1753136087912075,1.5780502614190723,1.6026333858268615,0.4004588600140304,0.6666666666666666,0.6666666666666666,1.9109812944591467,2.8916798797201935,True
D1,24,26,Theta,h1_12,1,ARIMA,7.3534886837005615,5.099456548690796,1.220305186637697,1.2152461402002366,1.885738433779284,1.8900613399250323,0.459312770356203,0.4166666666666667,0.8333333333333334,2.3403043153338245,3.4962360536768307,True
D1,24,27,Theta,h1,1,ARIMA,7.3534886837005615,5.099456548690796,2.35488407644912,1.9038886870159815,5.141703845931394,5.012831374153929,0.920925021441495,0.0,0.0,1.923916419896076,3.0265481116892143,True
D1,24,27,Theta,h1_6,1,ARIMA,7.3534886837005615,5.099456548690796,1.0779041165567214,1.1332384763060477,2.3654136198082556,2.3195957668369616,0.48443389657502356,0.6666666666666666,0.8333333333333334,3.0070713231226884,4.7737886100819145,True
D1,24,27,Theta,h1_12,1,ARIMA,7.3534886837005615,5.099456548690796,2.354138037366448,2.329688319679805,5.06285736895897,4.880422207108668,0.9898227226601598,0.4166666666666667,0.5833333333333334,4.29469926332444,6.475908211063701,True
D1,24,28,Theta,h1,1,ARIMA,7.3534886837005615,5.099456548690796,1.9172498126066857,1.657122528615228,3.4036664965759797,3.346711055115888,0.7459221926212307,0.0,0.0,1.5953085394238413,2.5096043349686696,True
D1,24,28,Theta,h1_6,1,ARIMA,7.3534886837005615,5.099456548690796,2.7437342226527743,2.4339947825282624,4.8295053237939705,4.710109288659294,1.171944059841505,0.0,0.0,2.067073230000338,3.136826960832878,True
D1,24,28,Theta,h1_12,1,ARIMA,7.3534886837005615,5.099456548690796,1.9324070649614329,1.875951043349355,3.4152006562019848,3.343798458391553,0.8223714742547259,0.3333333333333333,0.5,2.6563338590254393,3.938232487979444,True
D1,24,29,Theta,h1,1,ARIMA,7.3534886837005615,5.099456548690796,0.8091435385628272,0.677033374169084,1.0594122695436998,1.0650539255258389,0.2794590634192138,1.0,1.0,1.9961577404248383,3.1402044221067333,True
D1,24,29,Theta,h1_6,1,ARIMA,7.3534886837005615,5.099456548690796,1.4591185599750378,1.3129947396461727,1.914113532418849,1.9335578992130755,0.5032134087752252,0.6666666666666666,1.0,3.5711241940153715,5.6628449977457835,True
D1,24,29,Theta,h1_12,1,ARIMA,7.3534886837005615,5.099456548690796,2.6325092607401377,2.535270811837581,3.4820082682199702,3.5641524050771713,0.8480304290989948,0.5833333333333334,0.8333333333333334,5.206998395652886,7.876865791568899,True
D1,24,30,Theta,h1,1,ARIMA,7.3534886837005615,5.099456548690796,2.0539824891204566,1.703813930782469,3.412175435288698,3.4714005741138907,0.8090427198751788,0.0,0.0,2.0046234126987383,3.1535071388267437,True
D1,24,30,Theta,h1_6,1,ARIMA,7.3534886837005615,5.099456548690796,1.3750433996816578,1.370379120891175,2.289267797295681,2.3268629144588786,0.573621978225137,0.5,0.6666666666666666,3.022560613123407,4.772320538408607,True
D1,24,30,Theta,h1_12,1,ARIMA,7.3534886837005615,5.099456548690796,1.4261161012597356,1.431312447829052,2.3945756395324396,2.4363843516390333,0.5941599300658783,0.6666666666666666,0.8333333333333334,4.25611551006565,6.391533926212036,True
D1,24,31,Theta,h1,1,ARIMA,7.3534886837005615,5.099456548690796,1.3495557384162962,1.0978684998531842,2.1882270783452307,2.1645445038670053,0.4428107254549795,0.0,1.0,1.8430005524030235,2.8992567962504405,True
D1,24,31,Theta,h1_6,1,ARIMA,7.3534886837005615,5.099456548690796,1.7973314262891489,2.0315860380740367,3.009902729509231,3.090775748172869,0.7047725292074251,0.5,0.6666666666666666,3.0290076045195273,4.784415237094217,True
D1,24,31,Theta,h1_12,1,ARIMA,7.3534886837005615,5.099456548690796,2.3744245400848256,2.295016821118242,3.969925412372407,4.08029246401212,0.835729764026841,0.5833333333333334,0.6666666666666666,4.359252165498166,6.571219552703758,True
D1,24,32,Theta,h1,1,ARIMA,7.3534886837005615,5.099456548690796,0.2096829402972443,0.1856476895580928,0.38827783027379137,0.3875254924867985,0.15612063800020043,1.0,1.0,1.9164642281690376,3.0148234102280838,True
D1,24,32,Theta,h1_6,1,ARIMA,7.3534886837005615,5.099456548690796,1.1236584827074185,1.0694343919824796,2.061988802062251,2.0433096009122105,0.4384093882479378,0.6666666666666666,1.0,3.4285434181489367,5.436755950013695,True
D1,24,32,Theta,h1_12,1,ARIMA,7.3534886837005615,5.099456548690796,1.4409399284844984,1.3942560181472792,2.6844276846994726,2.7068196479516655,0.5360776813930911,0.8333333333333334,1.0,4.999103890170454,7.56238009231648,True
D1,24,33,Theta,h1,1,ARIMA,7.3534886837005615,5.099456548690796,1.1745622135495815,1.0567791305224514,2.1013605816493515,2.079511563506172,0.3812318162337099,0.0,1.0,1.6975147377279367,2.6703946554006115,True
D1,24,33,Theta,h1_6,1,ARIMA,7.3534886837005615,5.099456548690796,1.45361430683733,1.3884242043770496,2.6191184227390076,2.607011789704344,0.5107558561565132,0.3333333333333333,0.6666666666666666,2.3215357610924823,3.5841591677488718,True
D1,24,33,Theta,h1_12,1,ARIMA,7.3534886837005615,5.099456548690796,1.173464058193753,1.2263616680010008,2.110840127419777,2.09425061082442,0.47131059877723225,0.5833333333333334,0.8333333333333334,3.0978913263084826,4.648258466224523,True
D1,24,34,Theta,h1,1,ARIMA,7.3534886837005615,5.099456548690796,1.7239742384172334,1.397523282159724,2.85815653673304,2.8178867298495756,0.589408758964154,0.0,0.0,2.0443770565963466,3.21604863715019,True
D1,24,34,Theta,h1_6,1,ARIMA,7.3534886837005615,5.099456548690796,2.2336667933252916,1.8625411510859307,3.6960938942620816,3.6254010328632957,0.8042948953482141,0.16666666666666666,0.8333333333333334,3.657382576178766,5.799635216885203,True
D1,24,34,Theta,h1_12,1,ARIMA,7.3534886837005615,5.099456548690796,3.135134292109119,2.6921731776921476,5.163284345735346,5.018849354599025,1.118302215762167,0.25,0.8333333333333334,5.3327706634425915,8.06713692807434,True
D1,24,35,Theta,h1,1,ARIMA,7.3534886837005615,5.099456548690796,0.12907700815087284,0.10209464146014659,0.20187596962527088,0.20207994504951435,0.1744591832203696,1.0,1.0,2.2191285366099054,3.490963150237088,True
D1,24,35,Theta,h1_6,1,ARIMA,7.3534886837005615,5.099456548690796,1.3554555317085502,1.59105516550345,2.0720259584942333,2.0268473701071095,0.5989907259309414,0.8333333333333334,0.8333333333333334,3.8817504832383762,6.168309653871563,True
D1,24,35,Theta,h1_12,1,ARIMA,7.3534886837005615,5.099456548690796,2.4547046198476443,2.3495760306007356,3.7377419649883414,3.639111090983337,0.9498517129823342,0.5833333333333334,0.9166666666666666,5.64602916282194,8.557207836780169,True
D1,24,36,Theta,h1,1,ARIMA,7.3534886837005615,5.099456548690796,2.681998281447004,2.304356371832195,3.718268259042453,3.6504023824848213,1.094145227101639,0.0,0.0,1.8514426307785408,2.912535014747538,True
D1,24,36,Theta,h1_6,1,ARIMA,7.3534886837005615,5.099456548690796,2.713192722129604,2.6921753885893396,3.907765338833306,3.990513482985701,1.0456934347084665,0.3333333333333333,0.3333333333333333,2.8427082260708714,4.503581432584543,True
D1,24,36,Theta,h1_12,1,ARIMA,7.3534886837005615,5.099456548690796,2.440574830136838,2.408641664787405,3.5133964717576855,3.586071203694474,0.9035692568459746,0.5,0.5833333333333334,4.039914092425825,6.073358913761407,True
D1,24,37,Theta,h1,1,ARIMA,7.3534886837005615,5.099456548690796,0.8517889051159493,0.6741634059352164,1.3037316356937265,1.3122859794260013,0.2976101046653733,1.0,1.0,2.226265552081596,3.502182138120204,True
D1,24,37,Theta,h1_6,1,ARIMA,7.3534886837005615,5.099456548690796,0.7559815908328504,0.6147878211723041,1.1451616294134404,1.1423289898595883,0.38192098381267625,1.0,1.0,3.894231921640825,6.1881359507932245,True
D1,24,37,Theta,h1_12,1,ARIMA,7.3534886837005615,5.099456548690796,0.9547947832773935,0.8502789050955242,1.4463917161124809,1.4465379693847191,0.5168863148884483,1.0,1.0,5.664184726985533,8.5847147574542,True
D1,24,38,Theta,h1,1,ARIMA,7.3534886837005615,5.099456548690796,0.5392610141383791,0.458046492576464,1.1845779544751613,1.1776031408761485,0.19166821073187157,1.0,1.0,1.8976052289741414,2.985164084330913,True
D1,24,38,Theta,h1_6,1,ARIMA,7.3534886837005615,5.099456548690796,0.23347770494637646,0.2680888533884913,0.515484660720783,0.5155838652570559,0.2489710716629638,1.0,1.0,3.0579686060625586,4.830595486301369,True
D1,24,38,Theta,h1_12,1,ARIMA,7.3534886837005615,5.099456548690796,0.37258972939804813,0.47855136871867127,0.8270573857915784,0.8331095065858906,0.34998079373715985,1.0,1.0,4.380621962547777,6.606040690037213,True
D1,24,39,Theta,h1,1,ARIMA,7.3534886837005615,5.099456548690796,1.2324417721396823,1.0137697270907522,2.0155445004260453,2.0360633821884897,0.43944239193536294,0.0,1.0,1.7504219287531262,2.753627651946787,True
D1,24,39,Theta,h1_6,1,ARIMA,7.3534886837005615,5.099456548690796,0.5454692642676886,0.5692340169437062,0.886536267605034,0.8892345362586715,0.2803075320155916,0.8333333333333334,1.0,2.617796671308828,4.110684728987672,True
D1,24,39,Theta,h1_12,1,ARIMA,7.3534886837005615,5.099456548690796,1.2486840472918306,1.4809436019284772,1.9898194796184887,1.9548433671041274,0.5529196404924182,0.75,0.8333333333333334,3.663320030568108,5.475354998126727,True
D1,24,40,Theta,h1,1,ARIMA,7.3534886837005615,5.099456548690796,0.8965140444584886,0.7274249964032695,1.3613866958408458,1.370717075794589,0.3039637027747114,0.0,1.0,1.9630424691701003,3.0880983794460075,True
D1,24,40,Theta,h1_6,1,ARIMA,7.3534886837005615,5.099456548690796,2.193464683645947,2.1248212286008914,3.3892779629389365,3.4737160099285425,0.7885132051968397,0.16666666666666666,0.6666666666666666,3.2372715359263804,5.118050765020693,True
D1,24,40,Theta,h1_12,1,ARIMA,7.3534886837005615,5.099456548690796,2.0475740336214185,1.9299081183465892,3.104875347019706,3.1230758305824295,0.7496562597461316,0.5833333333333334,0.8333333333333334,4.65988852748878,7.030517972433948,True
D1,24,41,Theta,h1,1,ARIMA,7.3534886837005615,5.099456548690796,1.345795470739061,1.135834745792372,1.4931408812853006,1.5043720785409689,0.47680537671976087,0.0,1.0,2.0456680912152456,3.218076842783058,True
D1,24,41,Theta,h1_6,1,ARIMA,7.3534886837005615,5.099456548690796,2.6291033853600405,2.744816847576564,2.950575095824805,3.0192558743171967,1.0637114055784176,0.3333333333333333,0.5,2.6682489065175536,4.049097006615687,True
D1,24,41,Theta,h1_12,1,ARIMA,7.3534886837005615,5.099456548690796,2.3233633987066997,2.478816508391397,2.596276696382585,2.6494066756660763,0.9490907133747681,0.5,0.5833333333333334,3.4343986425345108,5.0937499905487185,True
D1,24,42,Theta,h1,1,ARIMA,7.3534886837005615,5.099456548690796,1.685936041697091,1.4127582490485648,2.5580003941146643,2.5256967279866447,0.598077411398479,0.0,0.0,1.8367095556157724,2.8893636916882204,True
D1,24,42,Theta,h1_6,1,ARIMA,7.3534886837005615,5.099456548690796,2.326658639917205,2.1046789844449467,3.626428136596068,3.6867790521021107,0.7819484709849341,0.0,0.5,3.090497889859353,4.908679998215614,True
D1,24,42,Theta,h1_12,1,ARIMA,7.3534886837005615,5.099456548690796,2.500763839205811,2.296688794453625,3.910850527151383,3.9965186974458526,0.8112953683223445,0.3333333333333333,0.75,4.461142047251458,6.767658220388771,True
D1,24,43,Theta,h1,1,ARIMA,7.3534886837005615,5.099456548690796,1.6548527457915458,1.2980284892824572,2.602002378560418,2.5685850564286077,0.5509794891826993,0.0,1.0,2.0802524133606233,3.2724780162188307,True
D1,24,43,Theta,h1_6,1,ARIMA,7.3534886837005615,5.099456548690796,2.043199317354282,1.6915821529499306,3.200784610100916,3.1449602763434323,0.7714717909091867,0.3333333333333333,0.8333333333333334,3.595040909966479,5.726369945974186,True
D1,24,43,Theta,h1_12,1,ARIMA,7.3534886837005615,5.099456548690796,2.384973471514283,1.9641369638759056,3.7326021369782145,3.6576485276821953,0.8779486431771275,0.5,0.9166666666666666,5.226162471327397,7.929823565665027,True
D1,24,44,Theta,h1,1,ARIMA,7.3534886837005615,5.099456548690796,0.7542437326062624,0.6424911719980867,1.8133055625515166,1.82989636887438,0.2578849300347483,0.0,1.0,1.5567171411133944,2.4489003925592856,True
D1,24,44,Theta,h1_6,1,ARIMA,7.3534886837005615,5.099456548690796,0.723005740148072,0.7053173589686544,1.7424465463387349,1.759201961900008,0.2593711845066012,0.5,1.0,1.8411073966629745,2.7613689498629808,True
D1,24,44,Theta,h1_12,1,ARIMA,7.3534886837005615,5.099456548690796,1.1139154274703813,1.0652864182049948,2.64339449453363,2.6186328153767366,0.3977131777406745,0.5,0.9166666666666666,2.22621585212801,3.31637173197269,True
D1,24,45,Theta,h1,1,ARIMA,7.3534886837005615,5.099456548690796,1.4546977568746629,1.1365955916182464,1.6371092335039326,1.6506204635130715,0.5301253590732398,0.0,0.0,1.8140015922713568,2.85363325330991,True
D1,24,45,Theta,h1_6,1,ARIMA,7.3534886837005615,5.099456548690796,1.6017703224154936,1.4336562526494772,1.788677733137033,1.788802760283201,0.6438844813938439,0.3333333333333333,0.5,1.8985120472460717,2.733096699808285,True
D1,24,45,Theta,h1_12,1,ARIMA,7.3534886837005615,5.099456548690796,2.305945127373642,2.1092870979711082,2.543651756973037,2.5109674468972107,0.9528267868826221,0.25,0.4166666666666667,2.042300867472754,3.0005933606943236,True
D1,24,46,Theta,h1,1,ARIMA,7.3534886837005615,5.099456548690796,0.2524912653683264,0.19281614161769214,0.40098680830870337,0.40179237552001607,0.1506922748646676,1.0,1.0,1.7788814582905192,2.7983948564294368,True
D1,24,46,Theta,h1_6,1,ARIMA,7.3534886837005615,5.099456548690796,0.7836592910390057,0.7497111141211146,1.2319692912481388,1.220518586125912,0.30686158507996897,0.6666666666666666,0.8333333333333334,2.1253590769092288,3.22800961191301,True
D1,24,46,Theta,h1_12,1,ARIMA,7.3534886837005615,5.099456548690796,0.6448020670680192,0.6439477055935489,1.0178047182607164,1.0113171819002622,0.2958477877094545,0.8333333333333334,0.9166666666666666,2.623415014826033,3.9221909682986893,True
D1,24,47,Theta,h1,1,ARIMA,7.3534886837005615,5.099456548690796,0.7837913045801771,0.6437940072535465,1.1946739517511238,1.2018530645010823,0.2681667564517925,1.0,1.0,1.8410572710081599,2.8961972592192557,True
D1,24,47,Theta,h1_6,1,ARIMA,7.3534886837005615,5.099456548690796,0.673657792563548,0.7051841709648882,1.014152000574194,1.0106287156452929,0.3037051544779931,0.8333333333333334,0.8333333333333334,2.395921509291139,3.634967994141649,True
D1,24,47,Theta,h1_12,1,ARIMA,7.3534886837005615,5.099456548690796,1.4893607886955555,1.5788391370276231,2.2664030143961194,2.304607889166019,0.5321207588810889,0.75,0.75,3.081561790511167,4.569523786718621,True
D1,24,48,Theta,h1,1,ARIMA,7.3534886837005615,5.099456548690796,0.6377511204648878,0.5508366694048377,1.2896382611706523,1.298008065493495,0.2291327575848039,1.0,1.0,1.8969913802000522,2.9841934622042388,True
D1,24,48,Theta,h1_6,1,ARIMA,7.3534886837005615,5.099456548690796,1.3603656985210648,1.2600048692206576,2.7240871617845186,2.723100834392244,0.49892157709698465,0.6666666666666666,0.8333333333333334,3.156639786468188,5.007775136020663,True
D1,24,48,Theta,h1_12,1,ARIMA,7.3534886837005615,5.099456548690796,1.3626801197359872,1.265256282550977,2.7013968419535876,2.6805715937100167,0.572876896045927,0.8333333333333334,0.9166666666666666,4.547917412384549,6.889084131239966,True
D1,24,49,Theta,h1,1,ARIMA,7.3534886837005615,5.099456548690796,1.8380400274386064,1.5336409335944958,3.421520801610921,3.4810736308096937,0.7084471414176122,0.0,0.0,1.9367908936652138,3.046801580727836,True
D1,24,49,Theta,h1_6,1,ARIMA,7.3534886837005615,5.099456548690796,1.485294446658881,1.4284756825178282,2.6943982175193444,2.6734588836738693,0.5797565490306941,0.3333333333333333,0.5,2.027025375113135,2.918108109829489,True
D1,24,49,Theta,h1_12,1,ARIMA,7.3534886837005615,5.099456548690796,1.392213171108008,1.3486478064442984,2.516511620498912,2.488545578071119,0.5441206682794163,0.4166666666666667,0.5833333333333334,2.1805470083173897,3.2037090781174564,True
D1,24,50,Theta,h1,1,ARIMA,7.3534886837005615,5.099456548690796,1.2536937469383385,0.9791943812089622,1.9324918021355113,1.951346608758263,0.4367464357552028,0.0,1.0,2.2319477803353003,3.5111198036709705,True
D1,24,50,Theta,h1_6,1,ARIMA,7.3534886837005615,5.099456548690796,2.226894956252541,1.9538364144344504,3.4644769728806835,3.5425460142529612,0.7554373542730631,0.5,0.6666666666666666,3.9929448119226705,6.331750604473303,True
D1,24,50,Theta,h1_12,1,ARIMA,7.3534886837005615,5.099456548690796,2.7272656005311062,2.309329765744813,4.240858585255937,4.3499206463364,0.8886806829372375,0.6666666666666666,0.8333333333333334,5.822047971010798,8.807290943816579,True
D1,24,51,Theta,h1,1,ARIMA,7.3534886837005615,5.099456548690796,0.3286172046417465,0.27105541220170837,0.7965197040316117,0.7997046064136785,0.1834466444534895,1.0,1.0,2.1075433144366467,3.31542078111631,True
D1,24,51,Theta,h1_6,1,ARIMA,7.3534886837005615,5.099456548690796,1.3580833114477713,1.3453913546023168,3.229089651848925,3.157348724181112,0.5320400763759433,0.6666666666666666,1.0,3.7703887991556964,5.9788297596206395,True
D1,24,51,Theta,h1_12,1,ARIMA,7.3534886837005615,5.099456548690796,1.4913440782937393,1.4044697247842595,3.5723409163958797,3.4921382605236353,0.6220075307238625,0.8333333333333334,1.0,5.497540796505374,8.316388203221203,True
D1,24,52,Theta,h1,1,ARIMA,7.3534886837005615,5.099456548690796,0.6854682100022882,0.535254010557527,1.145007999152035,1.1516009607112627,0.23740911113987076,1.0,1.0,1.7153149049610443,2.698389022448567,True
D1,24,52,Theta,h1_6,1,ARIMA,7.3534886837005615,5.099456548690796,0.9349987519051715,0.8757511418006674,1.5460720165088644,1.5439659223141322,0.3914264974029032,0.8333333333333334,0.8333333333333334,2.9234868039391086,4.6490043082670365,True
D1,24,52,Theta,h1_12,1,ARIMA,7.3534886837005615,5.099456548690796,1.8165738232467523,1.8037436308965173,3.0536442559754464,3.122333036040857,0.6518104952075767,0.5833333333333334,0.9166666666666666,4.232858626446716,6.424821588366828,True
D1,24,53,Theta,h1,1,ARIMA,7.3534886837005615,5.099456548690796,0.7222811609902666,0.54848306510969,1.1819158009771729,1.188941947347244,0.25733916458860695,1.0,1.0,2.069480623647951,3.2555433853248927,True
D1,24,53,Theta,h1_6,1,ARIMA,7.3534886837005615,5.099456548690796,0.5201982127045374,0.43861644392982885,0.8448191563964388,0.8441440147545075,0.2341939984559657,1.0,1.0,2.454375705588755,3.684254020621463,True
D1,24,53,Theta,h1_12,1,ARIMA,7.3534886837005615,5.099456548690796,1.03631204452126,1.0173533364756175,1.681728836572118,1.6826663894675993,0.4024100320094426,0.8333333333333334,0.9166666666666666,2.972672236566895,4.429391295572641,True
D1,24,54,Theta,h1,1,ARIMA,7.3534886837005615,5.099456548690796,3.375627927749231,2.630818154417649,3.644705341537972,3.579474688944493,1.3912020974584876,0.0,0.0,2.224631840064139,3.4996089259081637,True
D1,24,54,Theta,h1_6,1,ARIMA,7.3534886837005615,5.099456548690796,1.8145316926608699,1.613029641756243,1.9926273389742493,1.9965594033112548,0.6562950331503654,0.6666666666666666,0.8333333333333334,3.979852272935363,6.310977208973521,True
D1,24,54,Theta,h1_12,1,ARIMA,7.3534886837005615,5.099456548690796,3.8834799581180044,3.5702910602244122,4.348327370927951,4.474906681645443,1.2796880165341242,0.3333333333333333,0.75,5.802955521946936,8.778401057584075,True
D1,24,55,Theta,h1,1,ARIMA,7.3534886837005615,5.099456548690796,0.435721656789859,0.3364170431249886,0.6085920384926802,0.6104496123626043,0.1843028008028781,1.0,1.0,1.8291881102225889,2.87753463184228,True
D1,24,55,Theta,h1_6,1,ARIMA,7.3534886837005615,5.099456548690796,0.49896328888597546,0.48725849244301084,0.6986604305752333,0.7024244487974473,0.21488834550343305,1.0,1.0,2.2001559034843656,3.3570603812977393,True
D1,24,55,Theta,h1_12,1,ARIMA,7.3534886837005615,5.099456548690796,1.5693201520178628,1.5331888956445732,2.225256139735234,2.2659275237528202,0.5353155122502509,0.5,0.8333333333333334,2.7533020706854985,4.1095125800844805,True
D1,24,56,Theta,h1,1,ARIMA,7.3534886837005615,5.099456548690796,2.0964321759434346,1.6221009384432676,2.7679439587214953,2.7301593187579782,0.780356318914812,0.0,0.0,2.009000217234203,3.1603912491355985,True
D1,24,56,Theta,h1_6,1,ARIMA,7.3534886837005615,5.099456548690796,1.6680307507168464,1.50221009978543,2.208339196492858,2.175941596145385,0.6790417162978495,0.3333333333333333,0.5,2.9601152651004052,4.593915292355118,True
D1,24,56,Theta,h1_12,1,ARIMA,7.3534886837005615,5.099456548690796,2.355308051315797,2.0466097205587155,3.1236548357141136,3.063591536493106,0.9264666702596632,0.25,0.5833333333333334,4.090643124385277,6.1004806942806145,True
D1,24,57,Theta,h1,1,ARIMA,7.3534886837005615,5.099456548690796,1.3618113407102312,1.0789997338989075,1.8090873286116183,1.7928700362891279,0.4451843045556874,0.0,1.0,1.8967393647156827,2.9837972171809657,True
D1,24,57,Theta,h1_6,1,ARIMA,7.3534886837005615,5.099456548690796,2.6596505876920755,2.250653426007636,3.5069288739193176,3.4385798457955494,1.0760769135280366,0.0,0.3333333333333333,2.415411978899829,3.6722683457104908,True
D1,24,57,Theta,h1_12,1,ARIMA,7.3534886837005615,5.099456548690796,2.5131703243413623,2.191898602813365,3.327752488990183,3.262357324549762,0.975856398798289,0.16666666666666666,0.5,3.09320330769452,4.5923697255519516,True
D1,24,58,Theta,h1,1,ARIMA,7.3534886837005615,5.099456548690796,2.253766542415871,1.6975125626162644,4.007018531204071,4.088940839794337,0.8866181393139424,0.0,0.0,2.2098883424291667,3.476421158125202,True
D1,24,58,Theta,h1_6,1,ARIMA,7.3534886837005615,5.099456548690796,1.5808353783172344,1.491382101233734,2.8241870611253757,2.8886615904640993,0.6600275778488311,0.5,0.6666666666666666,3.293075097082286,5.143847541393029,True
D1,24,58,Theta,h1_12,1,ARIMA,7.3534886837005615,5.099456548690796,1.7073520981030343,1.5061952033912138,3.002466195311479,3.0110060193658708,0.6663022631441845,0.75,0.8333333333333334,4.587768553533637,6.842364182786736,True
D1,24,59,Theta,h1,1,ARIMA,7.3534886837005615,5.099456548690796,0.12559069290550193,0.09666738265974985,0.1658798173846378,0.16601751215763458,0.1604535617427291,1.0,1.0,2.035907735724146,3.202729701492943,True
D1,24,59,Theta,h1_6,1,ARIMA,7.3534886837005615,5.099456548690796,0.8919817251452057,0.7731513055224497,1.1799741217655526,1.1864388685545757,0.31971714593435835,0.8333333333333334,1.0,2.5141686914551222,3.826622653949867,True
D1,24,59,Theta,h1_12,1,ARIMA,7.3534886837005615,5.099456548690796,1.3542820580522255,1.2819966612769707,1.7983335535744351,1.822150084669732,0.4788889307882539,0.75,0.8333333333333334,3.1853303075652466,4.745982902643091,True
D1,24,60,Theta,h1,1,ARIMA,7.3534886837005615,5.099456548690796,0.4798663027932299,0.42822761835860734,0.8248275319590193,0.8214398011398836,0.17920167209018834,1.0,1.0,1.849744821275086,2.9098730631968923,True
D1,24,60,Theta,h1_6,1,ARIMA,7.3534886837005615,5.099456548690796,1.0687182589576356,1.1298643387928724,1.8635948188241194,1.8853373864423932,0.4146155127908952,0.6666666666666666,1.0,3.30918980613695,5.24749565783082,True
D1,24,60,Theta,h1_12,1,ARIMA,7.3534886837005615,5.099456548690796,0.9717131187226177,1.0111676708807278,1.6781233719790587,1.6837160443090224,0.4840002926007016,0.8333333333333334,1.0,4.825075325297482,7.299122554323925,True
D1,24,61,Theta,h1,1,ARIMA,7.3534886837005615,5.099456548690796,0.6180583466019093,0.4354020457553126,0.7806783184598334,0.7776428738044138,0.23572629229961378,1.0,1.0,2.4741216616136654,3.89208969579226,True
D1,24,61,Theta,h1_6,1,ARIMA,7.3534886837005615,5.099456548690796,1.4200726309103875,1.2966472627645063,1.7729616523401406,1.7470922690303394,0.6452893151634052,0.5,0.8333333333333334,4.4261901569788895,7.018755248091341,True
D1,24,61,Theta,h1_12,1,ARIMA,7.3534886837005615,5.099456548690796,1.752855520547085,1.4897981696520304,2.2263157598791037,2.235560084116424,0.7255204744527772,0.75,0.9166666666666666,6.453753039259551,9.762897886793853,True
D1,24,62,Theta,h1,1,ARIMA,7.3534886837005615,5.099456548690796,0.9839331687761984,0.8000384191258083,2.240113359236817,2.265488110140405,0.34879948094580393,0.0,1.0,1.4868125928319702,2.338929148070028,True
D1,24,62,Theta,h1_6,1,ARIMA,7.3534886837005615,5.099456548690796,0.543722413675238,0.49409274405685216,1.2301379630940141,1.237290020635097,0.19465528672114438,0.8333333333333334,1.0,1.5560829416273219,2.2401394523139,True
D1,24,62,Theta,h1_12,1,ARIMA,7.3534886837005615,5.099456548690796,0.4936844371462531,0.43883594600370274,1.1132463273760225,1.1173615815284639,0.18395510418562214,0.9166666666666666,1.0,1.673937752734973,2.4593864168888744,True
D1,24,63,Theta,h1,1,ARIMA,7.3534886837005615,5.099456548690796,0.06080684572848948,0.05416448695309764,0.12966674568406167,0.12958273282774857,0.12559000692787323,1.0,1.0,1.621176988377359,2.5503069604342508,True
D1,24,63,Theta,h1_6,1,ARIMA,7.3534886837005615,5.099456548690796,2.219176473349791,2.3802358968068575,4.60394688762796,4.457389133890718,0.9664340735519108,0.16666666666666666,0.16666666666666666,1.8701745442073523,2.8206472336930277,True
D1,24,63,Theta,h1_12,1,ARIMA,7.3534886837005615,5.099456548690796,2.099863635182393,2.2949911485025565,4.378377684068243,4.24080434618177,0.8915010578044863,0.25,0.4166666666666667,2.221466562495062,3.3275963089893428,True
D1,24,64,Theta,h1,1,ARIMA,7.3534886837005615,5.099456548690796,1.1299258952175104,0.9403442674891226,1.8478992453167409,1.8651321265621923,0.396473585781173,0.0,1.0,1.8867404056859365,2.968065644592241,True
D1,24,64,Theta,h1_6,1,ARIMA,7.3534886837005615,5.099456548690796,3.4984033745241554,3.0446275652959067,5.828991365040769,6.021415267539611,1.330531235667362,0.0,0.16666666666666666,3.0469718483303243,4.810732650122977,True
D1,24,64,Theta,h1_12,1,ARIMA,7.3534886837005615,5.099456548690796,3.283800425106105,2.8534953734996833,5.44053570675518,5.607584639005305,1.1122819838293705,0.3333333333333333,0.5833333333333334,4.3681124792944415,6.584515553696538,True
D1,24,65,Theta,h1,1,ARIMA,7.3534886837005615,5.099456548690796,1.6345102146557073,1.3148009803517051,2.0448445709483,2.0241492182496645,0.5506279524524355,0.0,0.0,1.9997344676919926,3.1458239371556176,True
D1,24,65,Theta,h1_6,1,ARIMA,7.3534886837005615,5.099456548690796,1.8871288379825824,1.6235930443720825,2.374474109591541,2.3704957040617547,0.6595295508520487,0.3333333333333333,0.6666666666666666,3.5005557939864973,5.561978351618339,True
D1,24,65,Theta,h1_12,1,ARIMA,7.3534886837005615,5.099456548690796,2.3453030774417183,2.0467084442141026,2.9803127906601645,3.0155954679154577,0.7808642319710467,0.4166666666666667,0.8333333333333334,5.091743327869998,7.7169102208203535,True
D1,24,66,Theta,h1,1,ARIMA,7.3534886837005615,5.099456548690796,0.6050159448545332,0.5043582545636383,0.903432061745814,0.9075315271391273,0.21795872404241257,1.0,1.0,1.8210546232262914,2.864737752322755,True
D1,24,66,Theta,h1_6,1,ARIMA,7.3534886837005615,5.099456548690796,1.0967889655231315,0.9513058261915963,1.6424002800034425,1.657155106489009,0.3510162507758303,0.5,0.8333333333333334,1.9058959582256942,2.743732466943518,True
D1,24,66,Theta,h1_12,1,ARIMA,7.3534886837005615,5.099456548690796,2.0150961587415934,1.9148511896816531,3.04350733839741,3.1055207095830153,0.7399130552803929,0.25,0.4166666666666667,2.050245717851833,3.0122675046260543,True
D1,24,67,Theta,h1,1,ARIMA,7.3534886837005615,5.099456548690796,0.6868888164075052,0.5987478711047779,1.4146916120917272,1.424769660531309,0.24236674928608457,1.0,1.0,1.8818463666879286,2.9603647542840066,True
D1,24,67,Theta,h1_6,1,ARIMA,7.3534886837005615,5.099456548690796,1.0162805770496348,1.1777714550992344,2.1106627622386087,2.1481102023110963,0.4622109645361177,0.6666666666666666,0.8333333333333334,3.050026717517615,4.812844925727928,True
D1,24,67,Theta,h1_12,1,ARIMA,7.3534886837005615,5.099456548690796,1.037254657256153,1.1258772506142036,2.143510229460603,2.178575280626418,0.47123876594333586,0.8333333333333334,0.9166666666666666,4.377460415223044,6.596528735329412,True
D1,24,68,Theta,h1,1,ARIMA,7.3534886837005615,5.099456548690796,0.2816577561122455,0.2188589150293925,0.46636996845209827,0.46528499371290266,0.16984111215219944,1.0,1.0,2.045421872281533,3.2176982143450106,True
D1,24,68,Theta,h1_6,1,ARIMA,7.3534886837005615,5.099456548690796,0.6683068907282212,0.5713854453630087,1.1017755953411819,1.0981124045599824,0.27882925043294854,1.0,1.0,2.6398151401601613,4.007804442188959,True
D1,24,68,Theta,h1_12,1,ARIMA,7.3534886837005615,5.099456548690796,1.3407639761518952,1.3013753376912705,2.2408365845234175,2.27581225154282,0.45431284982442705,0.8333333333333334,0.9166666666666666,3.390744968279146,5.027275095047906,True
D1,24,69,Theta,h1,1,ARIMA,7.3534886837005615,5.099456548690796,0.08878716202429626,0.06299977923407281,0.14846968971095684,0.14857998783441198,0.17475768757397306,1.0,1.0,2.2527814866347966,3.5438933216156747,True
D1,24,69,Theta,h1_6,1,ARIMA,7.3534886837005615,5.099456548690796,0.8471342120207928,0.8058975340635581,1.4271232621141503,1.4418321414344224,0.3478643342331447,0.8333333333333334,0.8333333333333334,2.3577367119079358,3.394203947145614,True
D1,24,69,Theta,h1_12,1,ARIMA,7.3534886837005615,5.099456548690796,1.9527438544438718,1.681225221199833,3.3277218596390252,3.4100698598512404,0.7393996446144021,0.4166666666666667,0.4166666666666667,2.536308914849393,3.726401505657289,True
D1,24,70,Theta,h1,1,ARIMA,7.3534886837005615,5.099456548690796,0.12842087892568185,0.10628762239944387,0.24847765309350145,0.24816933042952688,0.1440465030237346,1.0,1.0,1.8161781834629935,2.857072004109826,True
D1,24,70,Theta,h1_6,1,ARIMA,7.3534886837005615,5.099456548690796,1.1885035720546409,1.1701080499593488,2.274269356366553,2.2383152699365065,0.47596414632749345,0.3333333333333333,0.5,2.211064719980696,3.3533925267941442,True
D1,24,70,Theta,h1_12,1,ARIMA,7.3534886837005615,5.099456548690796,2.1576608691573282,2.0348552304485636,4.103616653662203,3.9976840698492175,0.8354836079593704,0.16666666666666666,0.3333333333333333,2.7763025134941812,4.1396954879739,True
D1,24,71,Theta,h1,1,ARIMA,7.3534886837005615,5.099456548690796,0.9851489174375255,0.7316238508158698,1.4616289906826962,1.472389426036041,0.3336151512552345,1.0,1.0,2.1883431525319588,3.442522058666236,True
D1,24,71,Theta,h1_6,1,ARIMA,7.3534886837005615,5.099456548690796,0.6349455427109744,0.5787026012904543,0.9320772956993384,0.9297833500259639,0.36305516107952024,1.0,1.0,3.6960998716511093,5.8732981830158355,True
D1,24,71,Theta,h1_12,1,ARIMA,7.3534886837005615,5.099456548690796,1.01799170773392,0.8555331468058187,1.4837585068315007,1.4719357297083286,0.5258099930984164,1.0,1.0,5.339212385920684,8.10279926011953,True
D1,24,72,Theta,h1,1,ARIMA,7.3534886837005615,5.099456548690796,0.23346086727903892,0.18075910063148676,0.3966822470541291,0.3974705946973415,0.17380264774671625,1.0,1.0,2.1334946212274115,3.3562418937362057,True
D1,24,72,Theta,h1_6,1,ARIMA,7.3534886837005615,5.099456548690796,0.7244743574616839,0.8019258433388899,1.2430549071348171,1.2590981498166864,0.3595018222125901,1.0,1.0,3.816814252735707,6.05244722156469,True
D1,24,72,Theta,h1_12,1,ARIMA,7.3534886837005615,5.099456548690796,1.7637524586285898,1.6755795205326842,3.0545639023632054,3.1269930371560624,0.6207662256547019,0.8333333333333334,1.0,5.565229869915922,8.418790132072045,True
D1,24,73,Theta,h1,1,ARIMA,7.3534886837005615,5.099456548690796,0.4338291608714153,0.3393956284515972,0.8730653468051485,0.8768932724502629,0.20444139292536567,1.0,1.0,2.16419886816705,3.404550075105281,True
D1,24,73,Theta,h1_6,1,ARIMA,7.3534886837005615,5.099456548690796,0.7465235864208063,0.6607881089653687,1.5092209818500302,1.5239658350208978,0.34896674386976906,1.0,1.0,3.8717512364490316,6.139568426299588,True
D1,24,73,Theta,h1_12,1,ARIMA,7.3534886837005615,5.099456548690796,0.6839384032340462,0.6757338910508698,1.3829791719952145,1.3978631214284167,0.4642650692675428,1.0,1.0,5.645336440758293,8.539971492432912,True
D1,24,74,Theta,h1,1,ARIMA,7.3534886837005615,5.099456548690796,1.3854202075140039,1.1727465909627801,2.6216158150792603,2.656436596038915,0.49255315783076664,0.0,1.0,2.030802694960398,3.194698763504143,True
D1,24,74,Theta,h1_6,1,ARIMA,7.3534886837005615,5.099456548690796,1.110731402291922,1.055915583879605,2.0852383970938786,2.0995932347859947,0.43483029571104237,0.8333333333333334,1.0,3.6331021664175682,5.761129989712987,True
D1,24,74,Theta,h1_12,1,ARIMA,7.3534886837005615,5.099456548690796,1.6520798496841775,1.6290503705207129,3.1327951377372343,3.195088162629033,0.5889339630517273,0.9166666666666666,1.0,5.297363769736819,8.013573565580248,True
D1,24,75,Theta,h1,1,ARIMA,7.3534886837005615,5.099456548690796,2.1086932725421486,1.8707619477426358,3.973723426451165,3.896309151687384,0.8180900324337839,0.0,0.0,1.7719544883846503,2.7874976957696975,True
D1,24,75,Theta,h1_6,1,ARIMA,7.3534886837005615,5.099456548690796,3.3067737215520223,3.008816246876585,6.161544872408324,5.968862788637266,1.4037827263521092,0.0,0.0,2.433537526689614,3.760666278655268,True
D1,24,75,Theta,h1_12,1,ARIMA,7.3534886837005615,5.099456548690796,2.8360320879434893,2.622230365851912,5.311066941516921,5.163058533970596,1.1460739442741574,0.08333333333333333,0.25,3.252529956286084,4.88378069420959,True
D1,24,76,Theta,h1,1,ARIMA,7.3534886837005615,5.099456548690796,1.5133914337295358,1.1577772338772085,2.151225002068604,2.1746154375644693,0.5591336778690655,0.0,0.0,1.8171194468616778,2.8585402860473486,True
D1,24,76,Theta,h1_6,1,ARIMA,7.3534886837005615,5.099456548690796,3.0424996852091084,2.5432450593916585,4.385877961037158,4.50498035853874,1.1588742323992907,0.16666666666666666,0.16666666666666666,3.0859930487717686,4.90485884398028,True
D1,24,76,Theta,h1_12,1,ARIMA,7.3534886837005615,5.099456548690796,2.3782909828293137,2.087543364471859,3.4114167872625676,3.4899488789626876,0.8866895490770061,0.5833333333333334,0.5833333333333334,4.4626701116585865,6.773506676159727,True
D1,24,77,Theta,h1,1,ARIMA,7.3534886837005615,5.099456548690796,0.1378786001229834,0.10318615691036073,0.23471352840405646,0.23498930424774245,0.14293955667467417,1.0,1.0,1.794528081400191,2.8230091555752557,True
D1,24,77,Theta,h1_6,1,ARIMA,7.3534886837005615,5.099456548690796,1.8087591985510296,1.5766559351419156,3.1384410052440694,3.207405647331798,0.6825953046821878,0.3333333333333333,0.5,2.2421055328950636,3.41264917183653,True
D1,24,77,Theta,h1_12,1,ARIMA,7.3534886837005615,5.099456548690796,2.480536655275945,2.0379547718902313,4.31952747620197,4.43584068949908,0.9227438644929152,0.16666666666666666,0.3333333333333333,2.856426994574714,4.249223945039317,True
D1,24,78,Theta,h1,1,ARIMA,7.3534886837005615,5.099456548690796,0.28916734808728234,0.23215794663276845,0.528138918275159,0.5267479378446742,0.17150251725124116,1.0,1.0,2.0619283697480513,3.2436641331843004,True
D1,24,78,Theta,h1_6,1,ARIMA,7.3534886837005615,5.099456548690796,0.8567446077816588,0.9400090793952317,1.5527721623719903,1.5333677446758378,0.4125553484792137,0.8333333333333334,1.0,3.688783569713962,5.849431271502062,True
D1,24,78,Theta,h1_12,1,ARIMA,7.3534886837005615,5.099456548690796,1.1410999823067747,1.1491990964608287,2.0667649527034615,2.0362265362839023,0.5746990613023503,0.9166666666666666,1.0,5.378559746514985,8.136401475541403,True
D1,24,79,Theta,h1,1,ARIMA,7.3534886837005615,5.099456548690796,0.3297292495963553,0.26862522456119725,0.5364819819324792,0.5379249170606569,0.1749795384602872,1.0,1.0,1.96582797036305,3.09248150567177,True
D1,24,79,Theta,h1_6,1,ARIMA,7.3534886837005615,5.099456548690796,2.617358477984366,2.392464108104894,4.133657589907366,4.030135143062227,1.0302894090144246,0.16666666666666666,0.3333333333333333,3.1414701415873845,4.9772030212266705,True
D1,24,79,Theta,h1_12,1,ARIMA,7.3534886837005615,5.099456548690796,2.381676774761162,2.187507458799929,3.766821565133109,3.679757836395895,0.9510610607341842,0.4166666666666667,0.6666666666666666,4.494415436711071,6.78690482819823,True
D1,24,80,Theta,h1,1,ARIMA,7.3534886837005615,5.099456548690796,0.43679623982653204,0.3772547133919458,0.7644367844052858,0.7673698129666554,0.18337253527135508,1.0,1.0,1.8110302603513087,2.8489623409031797,True
D1,24,80,Theta,h1_6,1,ARIMA,7.3534886837005615,5.099456548690796,0.8506508691689512,0.8949142100350843,1.4955182150580217,1.5117854096580583,0.31703532465180156,0.8333333333333334,1.0,2.7063263937835074,4.248067299710288,True
D1,24,80,Theta,h1_12,1,ARIMA,7.3534886837005615,5.099456548690796,0.712042016232003,0.7561815276503523,1.2431978337172696,1.2502658595302516,0.3624926997027186,0.9166666666666666,1.0,3.7850488212021225,5.656520038812888,True
D1,24,81,Theta,h1,1,ARIMA,7.3534886837005615,5.099456548690796,0.4424038522713557,0.36176938855913543,0.7795926592795736,0.7826433744272601,0.18533926546716897,1.0,1.0,1.827929902728528,2.8755580787563693,True
D1,24,81,Theta,h1_6,1,ARIMA,7.3534886837005615,5.099456548690796,1.2120597083585782,1.2184479219833078,2.154905395875226,2.1882303075318332,0.4453314501424672,0.5,0.8333333333333334,2.104566612477553,3.1749833474389715,True
D1,24,81,Theta,h1_12,1,ARIMA,7.3534886837005615,5.099456548690796,1.3708193559213544,1.3496474439913442,2.4366722286271614,2.479488888909387,0.47364025374037116,0.5833333333333334,0.75,2.4955074841058167,3.736821500701087,True
D1,24,82,Theta,h1,1,ARIMA,7.3534886837005615,5.099456548690796,1.7737184753590631,1.3991535004172098,3.0652195542425447,3.1129286023570737,0.673069863628787,0.0,0.0,1.966377985284191,3.0933540782343547,True
D1,24,82,Theta,h1_6,1,ARIMA,7.3534886837005615,5.099456548690796,2.0805265666453616,2.0147445748789936,3.472968874335448,3.4017143779100962,0.8571740340607927,0.5,0.5,2.568602949792867,3.903286733919281,True
D1,24,82,Theta,h1_12,1,ARIMA,7.3534886837005615,5.099456548690796,1.972561401437863,1.9408725532704973,3.293487989817577,3.220310965966449,0.8114735734052797,0.5833333333333334,0.5833333333333334,3.313593003406639,4.917911175100237,True
D1,24,83,Theta,h1,1,ARIMA,7.3534886837005615,5.099456548690796,0.4747511031180923,0.3946802761511481,0.758878033243755,0.7560094384648752,0.18675856533111812,1.0,1.0,2.00651751979652,3.1564954133729604,True
D1,24,83,Theta,h1_6,1,ARIMA,7.3534886837005615,5.099456548690796,0.8728934495956053,1.0546042704381906,1.3838530576996535,1.367817603445562,0.3940466337653326,0.8333333333333334,1.0,3.16154244134904,5.016881169126448,True
D1,24,83,Theta,h1_12,1,ARIMA,7.3534886837005615,5.099456548690796,1.7906682371034262,1.8898228637967753,2.81051082384078,2.7506631821267415,0.7326786361404659,0.6666666666666666,0.9166666666666666,4.517007855185278,6.817468425707734,True
D1,24,84,Theta,h1,1,ARIMA,7.3534886837005615,5.099456548690796,1.6963502088345517,1.3091511275012835,2.5792484848664294,2.5464093722897885,0.56405425856913,0.0,1.0,2.1490529818022615,3.3807149699091603,True
D1,24,84,Theta,h1_6,1,ARIMA,7.3534886837005615,5.099456548690796,0.900544719093045,0.8423223698069673,1.3765081545147835,1.3695941694095806,0.4026816567562984,0.6666666666666666,1.0,3.239288795991793,5.113944732637776,True
D1,24,84,Theta,h1_12,1,ARIMA,7.3534886837005615,5.099456548690796,1.2920090014033745,1.2938604149750572,1.9959321921444697,2.020025981714542,0.5060694318690646,0.75,1.0,4.560870160583791,6.84798930272342,True
D1,24,85,Theta,h1,1,ARIMA,7.3534886837005615,5.099456548690796,1.0711290975380376,0.8541088938512826,2.059724683290471,2.03872858534168,0.3323758181621042,1.0,1.0,2.1181903491573024,3.332159700579055,True
D1,24,85,Theta,h1_6,1,ARIMA,7.3534886837005615,5.099456548690796,1.2944906778846992,1.1593547771228685,2.497333691205228,2.485622536090106,0.4944016121423445,0.8333333333333334,1.0,3.78943135488298,6.009022569929056,True
D1,24,85,Theta,h1_12,1,ARIMA,7.3534886837005615,5.099456548690796,1.1135624328415337,0.9812233364062675,2.1488245915402726,2.142932236423295,0.5513157051765198,0.9166666666666666,1.0,5.525306003398983,8.358391456604402,True
D1,24,86,Theta,h1,1,ARIMA,7.3534886837005615,5.099456548690796,1.2945164240501514,1.1018273433729255,2.047926659630643,2.027169190486745,0.4139161801640154,0.0,1.0,2.0113033784172356,3.1640290589672087,True
D1,24,86,Theta,h1_6,1,ARIMA,7.3534886837005615,5.099456548690796,1.5823691766790975,1.5198455335251906,2.493254979128123,2.461629520810583,0.6323397224158495,0.5,0.8333333333333334,3.598220455906391,5.705823884432665,True
D1,24,86,Theta,h1_12,1,ARIMA,7.3534886837005615,5.099456548690796,1.600265618676551,1.672552012195786,2.5052632205803884,2.4633650381891288,0.7306255582932434,0.6666666666666666,0.9166666666666666,5.246503459796033,7.936644033145077,True
D1,24,87,Theta,h1,1,ARIMA,7.3534886837005615,5.099456548690796,0.6489401375616513,0.5374380384955484,1.438385167985672,1.4488048651322307,0.2334023751863199,1.0,1.0,1.9393867287634001,3.05088978784334,True
D1,24,87,Theta,h1_6,1,ARIMA,7.3534886837005615,5.099456548690796,0.5175274157605834,0.5505336631451965,1.1308491763054993,1.1238947772833048,0.28930773451032055,1.0,1.0,2.827881752191726,4.386033078613721,True
D1,24,87,Theta,h1_12,1,ARIMA,7.3534886837005615,5.099456548690796,1.6963726749045285,1.8894553031885277,3.6019880537186055,3.4931602209999877,0.7090897297452011,0.6666666666666666,0.9166666666666666,3.8937168883831164,5.816984089748695,True
D1,24,88,Theta,h1,1,ARIMA,7.3534886837005615,5.099456548690796,0.29967541966532896,0.2455172007049546,0.45944784078588413,0.46050573260846644,0.164170910109372,1.0,1.0,1.870828901442617,2.9430397387886758,True
D1,24,88,Theta,h1_6,1,ARIMA,7.3534886837005615,5.099456548690796,0.7754007690296078,0.7399282910398473,1.1782216513654034,1.1692618308077651,0.33514690780054845,0.8333333333333334,1.0,2.8369246705175457,4.492931081641585,True
D1,24,88,Theta,h1_12,1,ARIMA,7.3534886837005615,5.099456548690796,0.8144970362967857,0.7990642252396176,1.2389500612851543,1.228739284844083,0.3977393312576509,0.9166666666666666,1.0,4.008644027032551,6.0321846196322815,True
D1,24,89,Theta,h1,1,ARIMA,7.3534886837005615,5.099456548690796,0.6718450612166303,0.5589823928557655,1.161337870783362,1.1546332740432965,0.21258162345804757,1.0,1.0,1.5782217787944959,2.482730863851822,True
D1,24,89,Theta,h1_6,1,ARIMA,7.3534886837005615,5.099456548690796,1.295503366691014,1.2735957947738925,2.2868823972161865,2.3219709896718976,0.5162327622165864,0.3333333333333333,0.5,1.6517524715355874,2.377864408037473,True
D1,24,89,Theta,h1_12,1,ARIMA,7.3534886837005615,5.099456548690796,1.1616421567551614,1.2855873299761236,2.055747285614828,2.0925302889131396,0.49957605187470494,0.5,0.5833333333333334,1.7768517809251791,2.610591009276615,True
D1,24,90,Theta,h1,1,ARIMA,7.3534886837005615,5.099456548690796,1.9196532941104134,1.4584594213901532,3.362985540416653,3.307372314071666,0.6772824680149033,0.0,0.0,2.119129150168469,3.333646484483784,True
D1,24,90,Theta,h1_6,1,ARIMA,7.3534886837005615,5.099456548690796,0.9982486131252392,0.8538617583320215,1.7726300161767714,1.7644073890727947,0.43880926121378444,0.8333333333333334,0.8333333333333334,3.7911157935452264,6.011695313944372,True
D1,24,90,Theta,h1_12,1,ARIMA,7.3534886837005615,5.099456548690796,0.8737540254123968,0.767192800417827,1.5622040748622814,1.5620080867694472,0.5052057955934999,0.9166666666666666,0.9166666666666666,5.527762605356612,8.362110877261449,True
D1,24,91,Theta,h1,1,ARIMA,7.3534886837005615,5.099456548690796,0.9444286408398216,0.7730676796627497,1.4102932026864505,1.4203084595173272,0.3233106760883098,0.0,1.0,1.9317170880065284,3.03882497441217,True
D1,24,91,Theta,h1_6,1,ARIMA,7.3534886837005615,5.099456548690796,0.3937703719152711,0.42151708230151563,0.5861773184727023,0.5890586729307469,0.30806566434113397,0.8333333333333334,1.0,3.4558352353089963,5.480030261320188,True
D1,24,91,Theta,h1_12,1,ARIMA,7.3534886837005615,5.099456548690796,1.1641236585276926,1.3739879300282878,1.7462324126292998,1.7786532644926494,0.5067225530759071,0.9166666666666666,1.0,5.038894298346152,7.6225698163856626,True
D1,24,92,Theta,h1,1,ARIMA,7.3534886837005615,5.099456548690796,0.6058689622398385,0.5255527642122042,1.1976952054121965,1.190565532263591,0.19813240041017333,1.0,1.0,1.8111661503247882,2.8491800580111764,True
D1,24,92,Theta,h1_6,1,ARIMA,7.3534886837005615,5.099456548690796,0.7478431586561131,0.7395398973261345,1.4740138136104206,1.4601014814782343,0.2929836958197719,0.6666666666666666,1.0,2.212539052296235,3.3580465562730644,True
D1,24,92,Theta,h1_12,1,ARIMA,7.3534886837005615,5.099456548690796,1.15162250482149,1.1126760732538057,2.29824577708245,2.302829363589259,0.39922815648031984,0.6666666666666666,1.0,2.7836043388708513,4.1533456543972616,True
D1,24,93,Theta,h1,1,ARIMA,7.3534886837005615,5.099456548690796,0.3616653296969854,0.2737643037875832,0.6203649966826664,0.618446683309468,0.15669360806999877,1.0,1.0,1.79740664326461,2.8275371944955907,True
D1,24,93,Theta,h1_6,1,ARIMA,7.3534886837005615,5.099456548690796,1.984447808107235,1.9512045950099124,3.3126478384854185,3.2232748150939496,0.8804008233609107,0.5,0.5,2.1821892888562764,3.3119634660460497,True
D1,24,93,Theta,h1_12,1,ARIMA,7.3534886837005615,5.099456548690796,1.8620664876503463,1.7401915882774353,3.1180824148055017,3.046406062172802,0.792997738535929,0.5,0.5833333333333334,2.7382153635147644,4.081875536902555,True
D1,24,94,Theta,h1,1,ARIMA,7.3534886837005615,5.099456548690796,0.5710502458542812,0.46508756453186567,0.9897526908511586,0.9848787588425257,0.18435692540131499,1.0,1.0,1.5644496215729304,2.461074283262327,True
D1,24,94,Theta,h1_6,1,ARIMA,7.3534886837005615,5.099456548690796,2.9568932164613893,2.6328850894271745,4.998559388912608,4.854368560561445,1.322474790339519,0.16666666666666666,0.16666666666666666,1.6373420495293687,2.3571214585792872,True
D1,24,94,Theta,h1_12,1,ARIMA,7.3534886837005615,5.099456548690796,3.053698510140333,2.660958992322888,5.16549225865398,5.018127085576561,1.3476269779836936,0.08333333333333333,0.08333333333333333,1.7613498589106142,2.5878166940764165,True
D1,24,95,Theta,h1,1,ARIMA,7.3534886837005615,5.099456548690796,2.1396627577739866,1.7277379555308654,4.559688416130726,4.666067485441997,0.831490470876386,0.0,0.0,2.1921975394125934,3.4485889408302963,True
D1,24,95,Theta,h1_6,1,ARIMA,7.3534886837005615,5.099456548690796,2.0239531561071114,1.7493417695800297,4.313395526802431,4.423362020849324,0.7256523574274046,0.5,0.6666666666666666,3.9218351584489772,6.218986532956958,True
D1,24,95,Theta,h1_12,1,ARIMA,7.3534886837005615,5.099456548690796,1.3272832810150406,1.3281176379697974,2.8089152668485124,2.8641404185221297,0.662820930848768,0.75,0.8333333333333334,5.718363834113332,8.650441912488418,True
D1,24,96,Theta,h1,1,ARIMA,7.3534886837005615,5.099456548690796,0.242554062139075,0.21597290900942254,0.32828783741766,0.328827587906245,0.1589537543379374,1.0,1.0,1.929816162764586,3.0358363425276123,True
D1,24,96,Theta,h1_6,1,ARIMA,7.3534886837005615,5.099456548690796,1.1524163569283699,1.2493462479201791,1.5549820101615093,1.552884924464208,0.45164257249311757,0.8333333333333334,0.8333333333333334,3.1098701840808247,4.912587469695761,True
D1,24,96,Theta,h1_12,1,ARIMA,7.3534886837005615,5.099456548690796,1.7602881946907643,1.7556384023496048,2.4055971548137043,2.4325022636666827,0.6024343991913204,0.75,0.9166666666666666,4.454976422894459,6.718165984837853,True
D1,24,97,Theta,h1,1,ARIMA,7.3534886837005615,5.099456548690796,0.496547597210787,0.42447690416102907,0.833501858831269,0.8369900225292758,0.20680698295465588,1.0,1.0,2.031740591536853,3.19616841708116,True
D1,24,97,Theta,h1_6,1,ARIMA,7.3534886837005615,5.099456548690796,1.1116189065879085,1.1359439702224496,1.8626122649025276,1.868313598129865,0.47556159013652377,0.6666666666666666,0.8333333333333334,3.634775530511105,5.763779573074004,True
D1,24,97,Theta,h1_12,1,ARIMA,7.3534886837005615,5.099456548690796,1.1284534361015595,1.168646492991717,1.9014158043228622,1.9187702296487312,0.5370519481439366,0.8333333333333334,0.9166666666666666,5.299804047259224,8.017265324816835,True
D1,24,98,Theta,h1,1,ARIMA,7.3534886837005615,5.099456548690796,0.9973161122751917,0.8073092207753542,1.8696620220831284,1.852345719862156,0.31262239526633046,1.0,1.0,2.163829890526963,3.4039581412508593,True
D1,24,98,Theta,h1_6,1,ARIMA,7.3534886837005615,5.099456548690796,1.0188184521875547,0.9336806250824463,1.9113361938130735,1.888604456072681,0.4335636496621652,0.8333333333333334,1.0,3.5976111681675995,5.705632325670059,True
D1,24,98,Theta,h1_12,1,ARIMA,7.3534886837005615,5.099456548690796,1.3730584536605486,1.2861541149069393,2.57460736426307,2.531511506328275,0.5812990808940476,0.9166666666666666,1.0,5.1821538209558105,7.847605297852505,True
D1,24,99,Theta,h1,1,ARIMA,7.3534886837005615,5.099456548690796,1.0480237438064917,0.8223782706731013,2.1868588307109986,2.2110349370970046,0.3715474865991953,0.0,1.0,1.5824596544585066,2.4894005293756316,True
D1,24,99,Theta,h1_6,1,ARIMA,7.3534886837005615,5.099456548690796,0.931003335334589,0.8173033023018302,1.9132276972440927,1.9048081597064452,0.3403262445940489,0.5,0.8333333333333334,1.9458914706313695,2.9616355810391424,True
D1,24,99,Theta,h1_12,1,ARIMA,7.3534886837005615,5.099456548690796,0.8818658259591794,0.8122410125950885,1.8276785362107961,1.8346366761414459,0.3364706432923775,0.6666666666666666,0.9166666666666666,2.460075626296031,3.670402712804338,True
D1,24,100,Theta,h1,1,ARIMA,7.3534886837005615,5.099456548690796,0.7880328830714841,0.6137398267412427,1.3103942252984004,1.3018644470308478,0.2529599088360392,1.0,1.0,2.0709091790307705,3.257784822322738,True
D1,24,100,Theta,h1_6,1,ARIMA,7.3534886837005615,5.099456548690796,1.0211722119711975,0.9139260221301818,1.6897081749940634,1.6720307741960483,0.44944089153062616,0.8333333333333334,1.0,3.7048484001111306,5.874896873816182,True
D1,24,100,Theta,h1_12,1,ARIMA,7.3534886837005615,5.099456548690796,2.2220296268016964,2.0504708318201126,3.6178135303524326,3.5297706937424276,0.8815800592489424,0.5833333333333334,1.0,5.401976474078402,8.171825739500424,True
D1,24,101,Theta,h1,1,ARIMA,7.3534886837005615,5.099456548690796,0.06365811196254927,0.05732253410416708,0.15996729419603378,0.16009534429123207,0.111868408299041,1.0,1.0,1.4370533816493183,2.26066112402655,True
D1,24,101,Theta,h1_6,1,ARIMA,7.3534886837005615,5.099456548690796,0.8085721370061553,0.9504538964352097,1.998214313019057,1.9662177569145085,0.33724377871355815,0.5,0.8333333333333334,1.759581638377269,2.674759879376825,True
D1,24,101,Theta,h1_12,1,ARIMA,7.3534886837005615,5.099456548690796,0.9122684182979482,0.9655409099024505,2.258130472575301,2.224276671045816,0.360286000426225,0.5833333333333334,0.9166666666666666,2.2189684181370133,3.3121947590918084,True
D1,24,102,Theta,h1,1,ARIMA,7.3534886837005615,5.099456548690796,0.5448162983995382,0.45182533499411465,1.0395212584887787,1.0341461738283815,0.17783261582102544,1.0,1.0,1.6108247453303992,2.534019983808764,True
D1,24,102,Theta,h1_6,1,ARIMA,7.3534886837005615,5.099456548690796,0.8727072840209441,0.8312411894823962,1.6869250918706935,1.70171725480393,0.31249598001981893,0.5,0.8333333333333334,1.6858725381575388,2.426985862250016,True
D1,24,102,Theta,h1_12,1,ARIMA,7.3534886837005615,5.099456548690796,0.6846581651418139,0.6849863785280046,1.3179710125792756,1.3247709379510748,0.2621319817765806,0.6666666666666666,0.9166666666666666,1.813556605879037,2.6645193427464147,True
D1,24,103,Theta,h1,1,ARIMA,7.3534886837005615,5.099456548690796,0.912940131504991,0.7294003011597332,1.4696885673309936,1.4805684398771863,0.31520220461539517,0.0,1.0,1.7499960537503432,2.7529555767543608,True
D1,24,103,Theta,h1_6,1,ARIMA,7.3534886837005615,5.099456548690796,1.049426948081817,1.0952727372473252,1.654742993952946,1.6358238587389329,0.4308667648669869,0.5,0.6666666666666666,2.329362769759757,3.606987761038507,True
D1,24,103,Theta,h1_12,1,ARIMA,7.3534886837005615,5.099456548690796,1.7608142186860891,1.7650066804658844,2.7463790632540097,2.6917786513058055,0.7153063138124093,0.4166666666666667,0.5833333333333334,3.0885164043657576,4.627105184430668,True
D1,24,104,Theta,h1,1,ARIMA,7.3534886837005615,5.099456548690796,0.6570290250349401,0.5320746641104811,1.2628570823904224,1.2549330767707927,0.2256674894974939,1.0,1.0,2.1655240622912504,3.406620961232302,True
D1,24,104,Theta,h1_6,1,ARIMA,7.3534886837005615,5.099456548690796,0.9303369675451202,0.8046786370192185,1.781145548744424,1.7632658902229865,0.4109392454669851,1.0,1.0,3.874106923049374,6.1432975167330754,True
D1,24,104,Theta,h1_12,1,ARIMA,7.3534886837005615,5.099456548690796,1.817323074220215,1.7481628176467616,3.4299350471852383,3.3498638707519333,0.7494814567086456,0.6666666666666666,1.0,5.648769918334586,8.545160565217854,True
D1,24,105,Theta,h1,1,ARIMA,7.3534886837005615,5.099456548690796,0.6315496791451579,0.5303556981098692,0.8180843467650727,0.8147516688312151,0.21099342768723187,1.0,1.0,1.9711317261154044,3.1008178935468504,True
D1,24,105,Theta,h1_6,1,ARIMA,7.3534886837005615,5.099456548690796,1.6967506636755478,1.8235501197039419,2.244318581180903,2.285099695072304,0.5911707120115767,0.5,0.8333333333333334,2.786167861118241,4.293467623058856,True
D1,24,105,Theta,h1_12,1,ARIMA,7.3534886837005615,5.099456548690796,1.8971797091121567,1.8823611956392985,2.471633059266573,2.4801052522313696,0.6802933349790471,0.5833333333333334,0.8333333333333334,3.7668198779842594,5.643719397533243,True
D1,24,106,Theta,h1,1,ARIMA,7.3534886837005615,5.099456548690796,0.35591301457620017,0.2834617054663766,0.6836830256413541,0.6813538752465489,0.15449340093541963,1.0,1.0,1.774256082404646,2.7911220264203487,True
D1,24,106,Theta,h1_6,1,ARIMA,7.3534886837005615,5.099456548690796,1.0885676084047997,1.1197318629551347,2.0631891282194212,2.028823786084359,0.46258123916564636,0.6666666666666666,0.6666666666666666,2.0065381885140683,3.0114755238534228,True
D1,24,106,Theta,h1_12,1,ARIMA,7.3534886837005615,5.099456548690796,1.6515559341503154,1.6032166267427315,3.1144297876382465,3.0452826032698934,0.6783779690025075,0.3333333333333333,0.5833333333333334,2.3361192111678104,3.4879827117357047,True
D1,24,107,Theta,h1,1,ARIMA,7.3534886837005615,5.099456548690796,0.07022992041517664,0.05423273851640719,0.10177214154640238,0.10172038004182353,0.1581649932187382,1.0,1.0,2.046351563718621,3.219152978333216,True
D1,24,107,Theta,h1_6,1,ARIMA,7.3534886837005615,5.099456548690796,1.1792098566061602,1.1482056766057849,1.690096132089959,1.6678244732326586,0.4647826903335232,0.6666666666666666,1.0,3.00406890479963,4.660769241167154,True
D1,24,107,Theta,h1_12,1,ARIMA,7.3534886837005615,5.099456548690796,1.3009111638140831,1.1746747389384171,1.8713650072252026,1.8494524592112156,0.5048411800714759,0.8333333333333334,1.0,4.145683846612407,6.18701125659766,True
D1,24,108,Theta,h1,1,ARIMA,7.3534886837005615,5.099456548690796,0.24757710761896773,0.2050574875380871,0.44335707415222875,0.4443420851862832,0.1667726869065835,1.0,1.0,2.029835481546742,3.193172185653015,True
D1,24,108,Theta,h1_6,1,ARIMA,7.3534886837005615,5.099456548690796,0.7917388851349084,0.7660058234672629,1.415683894892459,1.4200871219888709,0.33124368918202185,1.0,1.0,3.1684782565867997,5.029127362675607,True
D1,24,108,Theta,h1_12,1,ARIMA,7.3534886837005615,5.099456548690796,1.307690123096054,1.3093982326495035,2.3603422086963106,2.3974584597215856,0.4851258672019117,1.0,1.0,4.524312084370356,6.819941665890342,True
D1,24,109,Theta,h1,1,ARIMA,7.3534886837005615,5.099456548690796,0.0030762253084173005,0.0024969718855710134,0.007107602603237268,0.007107855202287964,0.13563556371772656,1.0,1.0,1.7969787543277926,2.8268664980694522,True
D1,24,109,Theta,h1_6,1,ARIMA,7.3534886837005615,5.099456548690796,0.6594313563948864,0.6982795869699758,1.5286808543627997,1.5293745197382644,0.27985921165757005,0.6666666666666666,0.8333333333333334,1.9909048965172151,2.9828700301183577,True
D1,24,109,Theta,h1_12,1,ARIMA,7.3534886837005615,5.099456548690796,1.20387225760717,1.2379310215165364,2.7519088256619306,2.7032243705946395,0.49017486432779944,0.4166666666666667,0.75,2.2691090529471007,3.3957458200021264,True
D1,24,110,Theta,h1,1,ARIMA,7.3534886837005615,5.099456548690796,0.77541621854076,0.6358748119976072,1.6547542983579113,1.6685595790352856,0.27076100610087156,1.0,1.0,2.020650171452694,3.1787248940145374,True
D1,24,110,Theta,h1_6,1,ARIMA,7.3534886837005615,5.099456548690796,0.7787944030326929,0.7577107941169233,1.6538824222138777,1.6536022228197147,0.34280152676658937,0.8333333333333334,1.0,3.051338939489239,4.821496615634393,True
D1,24,110,Theta,h1_12,1,ARIMA,7.3534886837005615,5.099456548690796,1.2898554224322496,1.233297871272749,2.7166345871047453,2.677064813864666,0.5154174335107268,0.9166666666666666,1.0,4.299738958035989,6.462247417503735,True
D1,24,111,Theta,h1,1,ARIMA,7.3534886837005615,5.099456548690796,0.0003130408884740358,0.0002747025260556268,0.00042104854751874414,0.00042104766111121343,0.14230103673704278,1.0,1.0,1.887438603137569,2.9691632993369503,True
D1,24,111,Theta,h1_6,1,ARIMA,7.3534886837005615,5.099456548690796,1.7748899275836765,1.8009627181300576,2.414357589529458,2.4541171587502397,0.573435135214041,0.6666666666666666,1.0,3.376616247005738,5.354409675728258,True
D1,24,111,Theta,h1_12,1,ARIMA,7.3534886837005615,5.099456548690796,2.049889121325685,1.940370222218365,2.7771087039027793,2.8228191702124406,0.6511508879409378,0.8333333333333334,1.0,4.9233866754457765,7.447837717969402,True
D1,24,112,Theta,h1,1,ARIMA,7.3534886837005615,5.099456548690796,1.1307319597783372,0.9162819017855762,2.0210880252688876,2.000868369757606,0.3606628934101187,0.0,1.0,1.7766873942734036,2.794946236756564,True
D1,24,112,Theta,h1_6,1,ARIMA,7.3534886837005615,5.099456548690796,0.68096379554673,0.6803828778703813,1.2291126555902752,1.2276546583376708,0.2833158063918261,0.5,1.0,1.85946582697964,2.6768911068316696,True
D1,24,112,Theta,h1_12,1,ARIMA,7.3534886837005615,5.099456548690796,0.7994811684491291,0.8024759755342501,1.4370326894682932,1.4269671259740082,0.3195622003402852,0.5,0.9166666666666666,2.0002979522972235,2.9388817734138994,True
D1,24,113,Theta,h1,1,ARIMA,7.3534886837005615,5.099456548690796,2.896539402775817,2.4472318087303977,6.311221879488846,6.118156658657547,1.2124170978745814,0.0,0.0,1.7689382462022312,2.782744875976286,True
D1,24,113,Theta,h1_6,1,ARIMA,7.3534886837005615,5.099456548690796,3.0817332736124183,2.621765581821035,6.72232517964551,6.501124614156257,1.2849186670810178,0.0,0.0,2.351424235869092,3.640037473246959,True
D1,24,113,Theta,h1_12,1,ARIMA,7.3534886837005615,5.099456548690796,2.321901893569718,2.0868574002746256,5.108905847747953,4.966778418585013,0.9180728444528946,0.4166666666666667,0.5,3.115054461428224,4.665906606418514,True
D1,24,114,Theta,h1,1,ARIMA,7.3534886837005615,5.099456548690796,1.8860158466036638,1.5753837210636064,3.648287746044434,3.7160742874763883,0.7386584835192501,0.0,0.0,1.8795505689375451,2.9567554509343323,True
D1,24,114,Theta,h1_6,1,ARIMA,7.3534886837005615,5.099456548690796,1.3818702181297584,1.253411515504088,2.66028535722998,2.7028859311164877,0.48919041760099186,0.6666666666666666,0.8333333333333334,3.076292608991779,4.854827987386302,True
D1,24,114,Theta,h1_12,1,ARIMA,7.3534886837005615,5.099456548690796,2.0721163826676667,1.8845927369745303,4.002768814930057,4.100732194450477,0.6572238316679854,0.75,0.8333333333333334,4.425126976462527,6.666860520034835,True
D1,24,115,Theta,h1,1,ARIMA,7.3534886837005615,5.099456548690796,1.3416044779815055,1.1473867619744709,2.407843156122027,2.379199460432766,0.4597660247748139,0.0,0.0,1.5827965580583179,2.489924674371,True
D1,24,115,Theta,h1_6,1,ARIMA,7.3534886837005615,5.099456548690796,0.7525183840943908,0.7829238093299915,1.3552758442486614,1.3426997416282291,0.29099184142608364,0.5,0.6666666666666666,1.657613983972639,2.388097927892576,True
D1,24,115,Theta,h1_12,1,ARIMA,7.3534886837005615,5.099456548690796,1.1297705915767473,1.113965379550712,2.032376504828033,2.005829678820047,0.4104544123972533,0.3333333333333333,0.5,1.7866531794336133,2.6246429277515437,True
D1,24,116,Theta,h1,1,ARIMA,7.3534886837005615,5.099456548690796,0.37063388472966013,0.3072326311531598,0.5887280063422144,0.587000089380496,0.16960190310523268,1.0,1.0,1.976678580422819,3.1095562535144694,True
D1,24,116,Theta,h1_6,1,ARIMA,7.3534886837005615,5.099456548690796,1.265665336219547,1.1790780456377918,1.9998796782819561,1.990288084748285,0.45595841371105467,0.5,0.8333333333333334,2.469522782397868,3.7588217931914234,True
D1,24,116,Theta,h1_12,1,ARIMA,7.3534886837005615,5.099456548690796,1.1418452480863672,1.0838745528570704,1.80999963715497,1.8126757086445917,0.4217279003624065,0.75,0.9166666666666666,3.1460166542675436,4.680094454670167,True
D1,24,117,Theta,h1,1,ARIMA,7.3534886837005615,5.099456548690796,2.2925350916075504,1.8191080166307503,4.8912602998293755,4.774493838997044,0.8692466440072268,0.0,0.0,2.0777024146432277,3.2684663445073023,True
D1,24,117,Theta,h1_6,1,ARIMA,7.3534886837005615,5.099456548690796,2.311616844385706,1.901107666846489,4.918621663907038,4.792399815127208,0.8947247204029427,0.16666666666666666,0.6666666666666666,3.59063259042358,5.719348724156193,True
D1,24,117,Theta,h1_12,1,ARIMA,7.3534886837005615,5.099456548690796,3.3035961618480143,2.903806396159284,6.907789643262034,6.632370447870891,1.3085339932641453,0.25,0.5833333333333334,5.219752620670988,7.9201006557960145,True
D1,24,118,Theta,h1,1,ARIMA,7.3534886837005615,5.099456548690796,3.7396632808317913,2.733389008606452,4.461873409194066,4.563686363356885,1.6227494653204977,0.0,0.0,2.2725966960437063,3.575071707454821,True
D1,24,118,Theta,h1_6,1,ARIMA,7.3534886837005615,5.099456548690796,2.0054409895462753,1.7039794187556672,2.379308897779752,2.418389507673323,0.7573515987185272,0.3333333333333333,0.8333333333333334,3.4408958666680274,5.446959636806706,True
D1,24,118,Theta,h1_12,1,ARIMA,7.3534886837005615,5.099456548690796,1.669534563728224,1.5498938747562399,1.9816882975757022,2.0139863928117463,0.7034644294703005,0.5833333333333334,0.8333333333333334,4.859034461435262,7.309241925677765,True
D1,24,119,Theta,h1,1,ARIMA,7.3534886837005615,5.099456548690796,0.6235110169008709,0.5042213824857786,0.8662889798862533,0.8700575863809947,0.2166982437619902,1.0,1.0,1.5875594491154938,2.4974153784741113,True
D1,24,119,Theta,h1_6,1,ARIMA,7.3534886837005615,5.099456548690796,1.2430380966413053,1.1644854434619851,1.7060824407417494,1.6883666277701233,0.46655542493915436,0.3333333333333333,0.5,1.661520643510381,2.3919313399014976,True
D1,24,119,Theta,h1_12,1,ARIMA,7.3534886837005615,5.099456548690796,1.8240833702578174,1.776639166272761,2.494797640938694,2.4515251333736625,0.7111694641431289,0.25,0.4166666666666667,1.7873606885577111,2.6260340088815814,True
D1,24,120,Theta,h1,1,ARIMA,7.3534886837005615,5.099456548690796,1.227928569743879,1.0399786636368604,2.5235382831298105,2.5557864073419614,0.4394789598143239,0.0,1.0,1.6716982005705643,2.629779799542696,True
D1,24,120,Theta,h1_6,1,ARIMA,7.3534886837005615,5.099456548690796,1.0942818278101358,1.0073882273390382,2.251691150207012,2.2821420375967434,0.3605710295592284,0.8333333333333334,1.0,2.7052314682520877,4.269517706733886,True
D1,24,120,Theta,h1_12,1,ARIMA,7.3534886837005615,5.099456548690796,1.1054294495723545,1.1045464505725708,2.276802987114266,2.30936745296384,0.4424919088589838,0.8333333333333334,1.0,3.8807106061777294,5.848821116840187,True
D1,24,121,Theta,h1,1,ARIMA,7.3534886837005615,5.099456548690796,1.372206663683279,1.0555304034414517,2.0865761704961368,2.108574678889549,0.48417128231733453,0.0,1.0,2.17329882205326,3.418853937229343,True
D1,24,121,Theta,h1_6,1,ARIMA,7.3534886837005615,5.099456548690796,1.2323483910847615,1.0766953122700742,1.871615090491939,1.8918691639224068,0.43507761577806797,0.6666666666666666,1.0,3.5037848164288072,5.534104922148542,True
D1,24,121,Theta,h1_12,1,ARIMA,7.3534886837005615,5.099456548690796,1.9145579597623779,1.6770465556144063,2.9248637893762175,2.980466034307322,0.6269180275321973,0.75,1.0,5.020018306187434,7.569284292516385,True
D1,24,122,Theta,h1,1,ARIMA,7.3534886837005615,5.099456548690796,0.6374134244192677,0.48109230543155246,1.0450058600590784,1.0504947257810904,0.23273239002776788,1.0,1.0,2.031788721538009,3.1962507098477753,True
D1,24,122,Theta,h1_6,1,ARIMA,7.3534886837005615,5.099456548690796,0.5466518165185816,0.46068455388841556,0.8890969051554247,0.8889125913989699,0.22337102203045178,0.8333333333333334,1.0,2.126453715979356,3.0612460748487833,True
D1,24,122,Theta,h1_12,1,ARIMA,7.3534886837005615,5.099456548690796,1.0335797480481281,1.082024436960856,1.6935397130361467,1.719102852498432,0.37199543881495173,0.75,0.8333333333333334,2.287505366103442,3.360855737125129,True
D1,24,123,Theta,h1,1,ARIMA,7.3534886837005615,5.099456548690796,1.9812316520570636,1.5825404466452158,3.0112075068152113,3.0572373876746215,0.759416073546818,0.0,0.0,2.1265101498205365,3.345249513814372,True
D1,24,123,Theta,h1_6,1,ARIMA,7.3534886837005615,5.099456548690796,1.757638340100483,1.7300583118266109,2.659314854003947,2.6888409869791117,0.7314354243046113,0.5,0.6666666666666666,3.3617373141269753,5.334414694585775,True
D1,24,123,Theta,h1_12,1,ARIMA,7.3534886837005615,5.099456548690796,1.2898337815337524,1.370124221653989,1.9417614830175887,1.952842513873234,0.6455135925127307,0.75,0.8333333333333334,4.804198953927582,7.2530452573982,True
D1,24,124,Theta,h1,1,ARIMA,7.3534886837005615,5.099456548690796,0.5980191547545881,0.5170904351047324,1.3509172199276556,1.3601041605848017,0.21784832161617604,1.0,1.0,1.8879483538334936,2.969973334338593,True
D1,24,124,Theta,h1_6,1,ARIMA,7.3534886837005615,5.099456548690796,1.1810614764495762,1.1429776775915024,2.7010160283296445,2.747912449752067,0.40642528887712975,0.6666666666666666,1.0,2.8177242033787078,4.415338001979504,True
D1,24,124,Theta,h1_12,1,ARIMA,7.3534886837005615,5.099456548690796,1.0206118223906064,1.010662743494997,2.3147732588747414,2.330385017534243,0.4234488498869829,0.8333333333333334,1.0,3.9351793329190983,5.876799089755862,True
D1,24,125,Theta,h1,1,ARIMA,7.3534886837005615,5.099456548690796,1.4206963353865412,1.2113521609634463,2.5405929822777726,2.508724739934057,0.46702635711570106,0.0,1.0,1.920508972967959,3.0211913741306082,True
D1,24,125,Theta,h1_6,1,ARIMA,7.3534886837005615,5.099456548690796,1.1429895996918502,1.134952377100742,2.049382234439484,2.023086594792503,0.48267107646194524,0.5,1.0,3.3593957058673682,5.338256914308703,True
D1,24,125,Theta,h1_12,1,ARIMA,7.3534886837005615,5.099456548690796,0.825442959010058,0.8755474129135461,1.4929034960584433,1.4826427976289591,0.4892347799044131,0.75,1.0,4.88626494585914,7.405692620311545,True
D1,24,126,Theta,h1,1,ARIMA,7.3534886837005615,5.099456548690796,0.8255805304304582,0.7136964457607309,1.9662745905595718,1.9857977084400573,0.28570464020517483,0.0,1.0,1.553339485454224,2.4435890847143247,True
D1,24,126,Theta,h1_6,1,ARIMA,7.3534886837005615,5.099456548690796,0.886493156642424,0.7963199519095833,2.1084929442517,2.132840191913846,0.2803320719057723,0.5,1.0,1.694025517932915,2.512738360732869,True
D1,24,126,Theta,h1_12,1,ARIMA,7.3534886837005615,5.099456548690796,1.1067614403458688,1.0831154562697762,2.636930550379012,2.682676553046824,0.37196524154083543,0.4166666666666667,0.8333333333333334,1.9035337991830446,2.8171994310906134,True
D1,24,127,Theta,h1,1,ARIMA,7.3534886837005615,5.099456548690796,0.3606629723394279,0.27927082902136835,0.5849400455226622,0.5866558379855492,0.1642849874386753,1.0,1.0,1.7062201511894102,2.684093214149631,True
D1,24,127,Theta,h1_6,1,ARIMA,7.3534886837005615,5.099456548690796,1.0907627169071763,0.9991426805134741,1.7681445294248417,1.7731310075810864,0.40812772258167584,0.3333333333333333,0.6666666666666666,2.0070923729460883,3.0059376838396337,True
D1,24,127,Theta,h1_12,1,ARIMA,7.3534886837005615,5.099456548690796,0.8770139764965142,0.824779733732457,1.4218110380586515,1.425954728481846,0.34281828532348924,0.6666666666666666,0.8333333333333334,2.41940837036816,3.6003373705249513,True
D1,24,128,Theta,h1,1,ARIMA,7.3534886837005615,5.099456548690796,2.3850873195912645,1.7107530157054192,3.0693920296996695,3.1172320659900397,0.9317616068440522,0.0,0.0,2.3985935909977267,3.7732753584389136,True
D1,24,128,Theta,h1_6,1,ARIMA,7.3534886837005615,5.099456548690796,3.4983444506366994,2.717221840795769,4.566513672964121,4.69361740564927,1.3324650336191077,0.3333333333333333,0.5,3.8653000753025335,6.105922659463789,True
D1,24,128,Theta,h1_12,1,ARIMA,7.3534886837005615,5.099456548690796,2.71197923383037,2.2689331291384445,3.503312728976212,3.55193451114134,1.0587203953587456,0.5833333333333334,0.75,5.537150204223399,8.350105258270878,True
D1,24,129,Theta,h1,1,ARIMA,7.3534886837005615,5.099456548690796,0.6155405840614159,0.48840797348480613,0.7654974366053802,0.7684386255957909,0.2279694944982013,1.0,1.0,2.0535325955114394,3.230452549079812,True
D1,24,129,Theta,h1_6,1,ARIMA,7.3534886837005615,5.099456548690796,1.9531233023013834,1.8312006942973038,2.3792422355126392,2.341868980623421,0.7626245065044367,0.16666666666666666,0.8333333333333334,2.833425082261215,4.384146935587646,True
D1,24,129,Theta,h1_12,1,ARIMA,7.3534886837005615,5.099456548690796,3.0340903688842076,2.6740489931754072,3.6698476341867834,3.589673512988515,1.2231722068473287,0.08333333333333333,0.5,3.799209332211853,5.702991629393845,True
D1,24,130,Theta,h1,1,ARIMA,7.3534886837005615,5.099456548690796,0.6574824812554798,0.47042569714025234,0.89285337747115,0.8968571873151681,0.2286315045056275,1.0,1.0,1.6786776938277472,2.640759480867925,True
D1,24,130,Theta,h1_6,1,ARIMA,7.3534886837005615,5.099456548690796,1.5100551051159967,1.3838224886086314,2.058452233571435,2.0803445667160787,0.6072392638780393,0.3333333333333333,0.3333333333333333,1.756887121051474,2.529221313697494,True
D1,24,130,Theta,h1_12,1,ARIMA,7.3534886837005615,5.099456548690796,3.163474519297157,2.6683439876251716,4.385300201670591,4.517770069335032,1.3531391543398181,0.16666666666666666,0.16666666666666666,1.8899505660697087,2.776760842366677,True
D1,24,131,Theta,h1,1,ARIMA,7.3534886837005615,5.099456548690796,0.01287669624662697,0.010623885420125443,0.02553236837547011,0.025529109282357635,0.15711136919926674,1.0,1.0,2.0746408489093326,3.2636522560087213,True
D1,24,131,Theta,h1_6,1,ARIMA,7.3534886837005615,5.099456548690796,0.317320708223872,0.353542373506784,0.6307592812666326,0.6333306228538004,0.3066983925283923,1.0,1.0,3.711523021819987,5.8854842233244575,True
D1,24,131,Theta,h1_12,1,ARIMA,7.3534886837005615,5.099456548690796,0.4585860759737174,0.5161436483520615,0.9121245368881417,0.9184861496211179,0.43248953084122993,1.0,1.0,5.411711103710765,8.186548972223273,True
D1,24,132,Theta,h1,1,ARIMA,7.3534886837005615,5.099456548690796,0.2158149592319123,0.18956821268177682,0.4283249520908953,0.42740960110631,0.1306499911315506,1.0,1.0,1.5740660397432944,2.4761898360389902,True
D1,24,132,Theta,h1_6,1,ARIMA,7.3534886837005615,5.099456548690796,0.521595948339141,0.6439153706871357,1.0270407516145659,1.0168086462760924,0.23900596731167498,0.6666666666666666,0.8333333333333334,1.6473994801290783,2.371597760332527,True
D1,24,132,Theta,h1_12,1,ARIMA,7.3534886837005615,5.099456548690796,0.953660049408031,1.1385291321226403,1.920901540533766,1.9458841335498658,0.38791114241614594,0.5833333333333334,0.75,1.772169569712439,2.6037098423328358,True
D1,24,133,Theta,h1,1,ARIMA,7.3534886837005615,5.099456548690796,1.684313254590554,1.4647530258101025,2.919872811682038,2.9631326642000615,0.6554586700140818,0.0,0.0,1.7171978549800213,2.701354493013783,True
D1,24,133,Theta,h1_6,1,ARIMA,7.3534886837005615,5.099456548690796,0.7240972639665955,0.7718252285694446,1.2486320322350695,1.2605437321098372,0.2900424927545196,0.8333333333333334,0.8333333333333334,2.134604300157697,3.2485529007357767,True
D1,24,133,Theta,h1_12,1,ARIMA,7.3534886837005615,5.099456548690796,0.7600416017218873,0.8642181882015175,1.31178991815522,1.3260003420108206,0.3312096725261845,0.8333333333333334,0.8333333333333334,2.7131613302871465,4.03769410603599,True
D1,24,134,Theta,h1,1,ARIMA,7.3534886837005615,5.099456548690796,0.03831736707894458,0.029620908089874158,0.06561003087708774,0.06558851455476213,0.15369710122769875,1.0,1.0,2.010602482643582,3.1629190376715646,True
D1,24,134,Theta,h1_6,1,ARIMA,7.3534886837005615,5.099456548690796,0.833571377848904,0.8463388339196745,1.445280253544564,1.4633855585992905,0.333066089725584,0.5,0.6666666666666666,2.104277145534689,3.0293207844661385,True
D1,24,134,Theta,h1_12,1,ARIMA,7.3534886837005615,5.099456548690796,1.1985112249092709,1.1813841021899896,2.0874037491527027,2.1237089593713043,0.45742512545707315,0.5,0.5833333333333334,2.263649139153682,3.325804614681428,True
D1,24,135,Theta,h1,1,ARIMA,7.3534886837005615,5.099456548690796,1.3356785745570547,1.1030712204892337,2.0269761696894055,2.0477296658627546,0.4927141216242639,0.0,0.0,1.6107491801051104,2.5338999610967665,True
D1,24,135,Theta,h1_6,1,ARIMA,7.3534886837005615,5.099456548690796,1.241242881292206,1.1706830319692432,1.8764926859320026,1.8926535470487005,0.4761857753838214,0.16666666666666666,0.5,1.6855645578529623,2.427302344809469,True
D1,24,135,Theta,h1_12,1,ARIMA,7.3534886837005615,5.099456548690796,1.3258850446862336,1.3039149846866032,1.9993425293640967,2.0183105867204616,0.5137416928220802,0.25,0.5,1.8139718323139902,2.665452996804038,True
D1,24,136,Theta,h1,1,ARIMA,7.3534886837005615,5.099456548690796,0.8272706031680425,0.690269233437253,1.5067485162901753,1.5181861398585965,0.2879021934831392,0.0,1.0,1.4856891653226756,2.337168848419869,True
D1,24,136,Theta,h1_6,1,ARIMA,7.3534886837005615,5.099456548690796,0.5495830813524315,0.5681978596697138,0.9940988957426135,0.9930862935021717,0.21003661867969753,0.6666666666666666,0.8333333333333334,1.5549107530520168,2.238452075597408,True
D1,24,136,Theta,h1_12,1,ARIMA,7.3534886837005615,5.099456548690796,1.0162165895160555,1.0881765967183437,1.8207483291301623,1.7973740868862915,0.39036968201892663,0.5833333333333334,0.6666666666666666,1.6726762931108523,2.4575337817408833,True
D1,24,137,Theta,h1,1,ARIMA,7.3534886837005615,5.099456548690796,0.7375014599076327,0.6319429632886353,1.4519666922443082,1.4415016304729948,0.23759242567146208,1.0,1.0,1.9899655616800114,3.1304530720696784,True
D1,24,137,Theta,h1_6,1,ARIMA,7.3534886837005615,5.099456548690796,2.1081767710139494,2.06402503624892,4.075886762820671,3.971753661659563,0.8012097135993913,0.3333333333333333,0.6666666666666666,3.167671334017803,5.025064924941836,True
D1,24,137,Theta,h1_12,1,ARIMA,7.3534886837005615,5.099456548690796,1.4569236599370199,1.6315695311739242,2.8316986690022463,2.7715188932383605,0.6658032727451589,0.6666666666666666,0.8333333333333334,4.530362405993172,6.8427183951524215,True
D1,24,138,Theta,h1,1,ARIMA,7.3534886837005615,5.099456548690796,2.118719932038419,1.5900754616161243,2.9173884378718604,2.960574162020565,0.8346539469743188,0.0,0.0,2.066776776111756,3.251294088051345,True
D1,24,138,Theta,h1_6,1,ARIMA,7.3534886837005615,5.099456548690796,1.5364697458277625,1.2640900370662125,2.075838283175185,2.064504259953974,0.5883124335982192,0.16666666666666666,0.6666666666666666,2.4481478070468983,3.6733339820164446,True
D1,24,138,Theta,h1_12,1,ARIMA,7.3534886837005615,5.099456548690796,1.3799489006109495,1.176994661240095,1.8655450776888234,1.8545269937272246,0.5350929964402589,0.4166666666666667,0.75,2.962294324150459,4.41369925187159,True
D1,24,139,Theta,h1,1,ARIMA,7.3534886837005615,5.099456548690796,2.2126319243493775,1.7966455841376097,3.365120829470097,3.30943754341423,0.865471996364768,0.0,0.0,1.8063731970544261,2.8416364973554447,True
D1,24,139,Theta,h1_6,1,ARIMA,7.3534886837005615,5.099456548690796,1.6022691432013605,1.4280565857155212,2.4410549065517326,2.406197017238779,0.628095267504895,0.3333333333333333,0.3333333333333333,2.3669519186069703,3.6388482711884516,True
D1,24,139,Theta,h1_12,1,ARIMA,7.3534886837005615,5.099456548690796,1.9194789939619148,1.6645360029879122,2.978442267466179,2.994552885789646,0.6957975295724108,0.3333333333333333,0.5,3.1028061437029284,4.622832590926167,True
D1,24,140,Theta,h1,1,ARIMA,7.3534886837005615,5.099456548690796,0.08596459488982437,0.07003533737095037,0.1363289489966014,0.13642194029530405,0.16439523365587308,1.0,1.0,2.117403442907194,3.330927225672535,True
D1,24,140,Theta,h1_6,1,ARIMA,7.3534886837005615,5.099456548690796,0.7994698707988322,0.7983125771456542,1.2598298232590164,1.2528823815379797,0.3558447335752034,1.0,1.0,3.2401784491899654,5.1297015962759644,True
D1,24,140,Theta,h1_12,1,ARIMA,7.3534886837005615,5.099456548690796,1.019403094386132,0.9987497419502984,1.6168541745989664,1.6185676735210641,0.4660902009439613,0.9166666666666666,1.0,4.595093166740619,6.9079251505320745,True
D1,24,141,Theta,h1,1,ARIMA,7.3534886837005615,5.099456548690796,0.3731159619890733,0.31465919339398846,0.5062422010703388,0.5049640305588813,0.16789338834757814,1.0,1.0,1.9521884149547573,3.071027997711757,True
D1,24,141,Theta,h1_6,1,ARIMA,7.3534886837005615,5.099456548690796,3.830271980938725,3.6328263206492766,5.376507717354819,5.5667770606069,1.5442725209777741,0.16666666666666666,0.16666666666666666,3.0755648366210533,4.880474674860462,True
D1,24,141,Theta,h1_12,1,ARIMA,7.3534886837005615,5.099456548690796,2.5274699491073673,2.7233063320999,3.5274040518731336,3.6335174384755238,1.0503137981279642,0.5833333333333334,0.5833333333333334,4.394136729015143,6.631946843577638,True
D1,24,142,Theta,h1,1,ARIMA,7.3534886837005615,5.099456548690796,2.0251767118165107,1.5861543754207639,3.889799477072221,3.8155900756669636,0.7728732756820283,0.0,0.0,1.7978905701240726,2.8283039406603243,True
D1,24,142,Theta,h1_6,1,ARIMA,7.3534886837005615,5.099456548690796,0.8943401336389297,0.8672842041504644,1.7291137065294961,1.7066736180946407,0.36096028262776514,0.5,0.6666666666666666,1.8816583174941284,2.708839900708845,True
D1,24,142,Theta,h1_12,1,ARIMA,7.3534886837005615,5.099456548690796,0.9493659332584915,0.8742017796371074,1.8378616460862605,1.8149455806815478,0.3603671998446622,0.5,0.8333333333333334,2.0241704143729153,2.9739580271993136,True
D1,24,143,Theta,h1,1,ARIMA,7.3534886837005615,5.099456548690796,0.9164934894764061,0.7714568113716553,2.043401510370601,2.022735209460148,0.2840855007528209,1.0,1.0,1.7937732206365355,2.8218146393094123,True
D1,24,143,Theta,h1_6,1,ARIMA,7.3534886837005615,5.099456548690796,1.6437863935006851,1.533494770942788,3.61031707934505,3.5325501593999173,0.6028026310254256,0.3333333333333333,1.0,2.8539111340375563,4.527660823107072,True
D1,24,143,Theta,h1_12,1,ARIMA,7.3534886837005615,5.099456548690796,1.059429365219022,1.1582559390552456,2.331104720139708,2.2867058202461483,0.5280512203802823,0.6666666666666666,1.0,4.081350241801516,6.164500399754828,True
D1,24,144,Theta,h1,1,ARIMA,7.3534886837005615,5.099456548690796,0.09850053057206516,0.0776525265414115,0.15379275580597637,0.15391110787312115,0.16929424121564574,1.0,1.0,2.173148920282412,3.4186216629066415,True
D1,24,144,Theta,h1_6,1,ARIMA,7.3534886837005615,5.099456548690796,1.1658403995107964,1.3010501802747798,1.7865174910601789,1.7608329211695848,0.5071944721477387,0.8333333333333334,0.8333333333333334,3.6760340000257097,5.841956541065552,True
D1,24,144,Theta,h1_12,1,ARIMA,7.3534886837005615,5.099456548690796,1.4678972871672327,1.4828393232007797,2.2405256802850255,2.203176973846072,0.691162911312353,0.75,0.9166666666666666,5.311588033932883,8.06181483410683,True
D1,24,145,Theta,h1,1,ARIMA,7.3534886837005615,5.099456548690796,0.8250787225658771,0.66724208555079,1.4792747855582897,1.4684138476602475,0.26340875458238283,1.0,1.0,2.080493288568641,3.272869550550542,True
D1,24,145,Theta,h1_6,1,ARIMA,7.3534886837005615,5.099456548690796,1.7721292138816778,1.6605147880991822,3.1425809480666125,3.078360207372288,0.6668640325735614,0.6666666666666666,0.8333333333333334,3.7220017513823813,5.9021034644195,True
D1,24,145,Theta,h1_12,1,ARIMA,7.3534886837005615,5.099456548690796,1.6844490950632556,1.498197526107758,3.003112311971499,2.950051086592181,0.6961935357238237,0.8333333333333334,0.9166666666666666,5.426988511766882,8.20966345654802,True
D1,24,146,Theta,h1,1,ARIMA,7.3534886837005615,5.099456548690796,3.4409063309365298,2.9270892775375894,5.274368332639243,5.138847461064726,1.4612953184166788,0.0,0.0,1.9437261247170514,3.057712851376023,True
D1,24,146,Theta,h1_6,1,ARIMA,7.3534886837005615,5.099456548690796,1.2408489452834517,1.4752763363360837,1.9251077104729377,1.8947750693934944,0.6095168860851445,0.6666666666666666,0.6666666666666666,3.4773173533310855,5.51410241545884,True
D1,24,146,Theta,h1_12,1,ARIMA,7.3534886837005615,5.099456548690796,1.558589666552733,1.6406422698986993,2.43866762665217,2.3986175038092696,0.6727019248066297,0.8333333333333334,0.8333333333333334,5.070219200215657,7.6699646212721575,True
D1,24,147,Theta,h1,1,ARIMA,7.3534886837005615,5.099456548690796,0.4204035551857689,0.3159902417682967,0.6487160578096293,0.6508270676578634,0.1856400100031699,1.0,1.0,1.8929133584506443,2.977781910353997,True
D1,24,147,Theta,h1_6,1,ARIMA,7.3534886837005615,5.099456548690796,1.0638802134546703,1.0089553870748562,1.6224386304870084,1.612438367614882,0.45589150424588215,0.6666666666666666,1.0,3.3864207861635824,5.369958501659109,True
D1,24,147,Theta,h1_12,1,ARIMA,7.3534886837005615,5.099456548690796,1.5003578408664981,1.4516340342360197,2.262512126470077,2.229326505354859,0.6529491799596436,0.6666666666666666,1.0,4.93768233872939,7.469471268468321,True
D1,24,148,Theta,h1,1,ARIMA,7.3534886837005615,5.099456548690796,1.2345710201346158,0.8810383402021916,1.872780394431906,1.8554065493849623,0.38227805786337776,1.0,1.0,2.3919299049037446,3.762786478067221,True
D1,24,148,Theta,h1_6,1,ARIMA,7.3534886837005615,5.099456548690796,1.4384236269230308,1.1584844623438408,2.1761739321696396,2.1465943601777444,0.582644325705463,0.8333333333333334,0.8333333333333334,4.065407696378353,6.461765944365,True
D1,24,148,Theta,h1_12,1,ARIMA,7.3534886837005615,5.099456548690796,0.9270120814934038,0.8552352151447934,1.4102900969116317,1.39693884545398,0.5827657937704699,0.9166666666666666,0.9166666666666666,5.880163767008216,8.925006392353733,True
D1,24,149,Theta,h1,1,ARIMA,7.3534886837005615,5.099456548690796,0.007667177373991276,0.00599216795178688,0.01220115991958556,0.012201904306514395,0.15695345519780102,1.0,1.0,2.076390251403854,3.2664031560326308,True
D1,24,149,Theta,h1_6,1,ARIMA,7.3534886837005615,5.099456548690796,1.8531488282065551,1.6653971372590501,3.0123924656555943,3.073995691312484,0.6438106676068321,0.3333333333333333,0.6666666666666666,3.0575057860694197,4.744882125501437,True
D1,24,149,Theta,h1_12,1,ARIMA,7.3534886837005615,5.099456548690796,2.4309005012274376,2.0968550348443107,3.974075009910639,4.073300627526478,0.8294789527161369,0.25,0.75,4.224354696035808,6.3006912982844625,True
D1,24,150,Theta,h1,1,ARIMA,7.3534886837005615,5.099456548690796,0.8810823235157628,0.7436134818276979,1.8035269957090236,1.7874087956325682,0.27271501483913924,1.0,1.0,1.70051169343817,2.67511560290605,True
D1,24,150,Theta,h1_6,1,ARIMA,7.3534886837005615,5.099456548690796,0.7222682312656405,0.7727924749485456,1.499965974022195,1.5114179873123077,0.2741645132698204,0.8333333333333334,0.8333333333333334,1.7797422087404602,2.5621211203737433,True
D1,24,150,Theta,h1_12,1,ARIMA,7.3534886837005615,5.099456548690796,0.730756392699881,0.7830716055705421,1.5149495792531171,1.5270003547449722,0.2846251618271038,0.6666666666666666,0.9166666666666666,1.9145357127534772,2.812879298864434,True
D1,24,151,Theta,h1,1,ARIMA,7.3534886837005615,5.099456548690796,0.7470431322021225,0.5671037494217653,1.0898365874149305,1.083930054258284,0.2399202678556375,1.0,1.0,1.9703765541894172,3.0996329040193413,True
D1,24,151,Theta,h1_6,1,ARIMA,7.3534886837005615,5.099456548690796,1.4908095812053836,1.3050730966599067,2.195937492905735,2.1975449678610093,0.5463260426202048,0.5,0.5,2.152240238719731,3.2031243636843576,True
D1,24,151,Theta,h1_12,1,ARIMA,7.3534886837005615,5.099456548690796,1.7726801398259036,1.4636100538230128,2.596496611203843,2.573902802113529,0.6276687769186367,0.3333333333333333,0.5833333333333334,2.428502287142784,3.5988854354096738,True
D1,24,152,Theta,h1,1,ARIMA,7.3534886837005615,5.099456548690796,0.8872879056653954,0.6784370871420362,1.541259495421369,1.5294729221004828,0.2830013928026814,1.0,1.0,2.221073072983731,3.4940107679292063,True
D1,24,152,Theta,h1_6,1,ARIMA,7.3534886837005615,5.099456548690796,1.093576209573829,0.976949418293243,1.9269595627662233,1.9486628196524747,0.3974257578203312,1.0,1.0,3.8493497953857387,6.12854856033305,True
D1,24,152,Theta,h1_12,1,ARIMA,7.3534886837005615,5.099456548690796,1.9337107792209867,1.6977042494005798,3.427898624266448,3.5057122137055163,0.6197414532873183,1.0,1.0,5.597040983456535,8.489865321064395,True
D1,24,153,Theta,h1,1,ARIMA,7.3534886837005615,5.099456548690796,0.5227503181048238,0.43302649527772036,0.9083470377097084,0.9042402180922978,0.1850602214658175,1.0,1.0,1.8257193052221514,2.872074178676691,True
D1,24,153,Theta,h1_6,1,ARIMA,7.3534886837005615,5.099456548690796,2.799399810988215,2.574648541405733,4.757768135408679,4.623115531124452,1.1423183088792015,0.16666666666666666,0.16666666666666666,2.7228777080285704,4.260169657311432,True
D1,24,153,Theta,h1_12,1,ARIMA,7.3534886837005615,5.099456548690796,2.427209822343048,2.1967140532853615,4.15485117852707,4.055286915900158,0.9506959836762253,0.5,0.5833333333333334,3.7984471650317913,5.668683680193003,True
D1,24,154,Theta,h1,1,ARIMA,7.3534886837005615,5.099456548690796,1.0857188530856015,0.8876086138760716,2.4050523591424957,2.3764746295710353,0.3435443152119716,0.0,1.0,1.7680116905331864,2.781293591238183,True
D1,24,154,Theta,h1_6,1,ARIMA,7.3534886837005615,5.099456548690796,1.201339647789769,1.0814768076322707,2.65105743232322,2.609235576490236,0.4516874148866226,0.3333333333333333,0.5,1.850384031880933,2.6638158086298023,True
D1,24,154,Theta,h1_12,1,ARIMA,7.3534886837005615,5.099456548690796,1.0719933170905809,0.9818747476413939,2.3736248303762117,2.3435632171413565,0.39864009187000676,0.4166666666666667,0.6666666666666666,1.9905287211552056,2.924528583293588,True
D1,24,155,Theta,h1,1,ARIMA,7.3534886837005615,5.099456548690796,1.3922947503214027,1.1550389618675065,2.279064872775469,2.2533867992803898,0.467679621278942,0.0,0.0,1.7135483537006755,2.6956089543414947,True
D1,24,155,Theta,h1_6,1,ARIMA,7.3534886837005615,5.099456548690796,1.6557624863124647,1.4526154463925647,2.703826260553811,2.6637093295109127,0.6418575664373547,0.16666666666666666,0.3333333333333333,1.9455548814685286,2.9212280010588967,True
D1,24,155,Theta,h1_12,1,ARIMA,7.3534886837005615,5.099456548690796,1.423203780957963,1.3121025003266438,2.3419750264800596,2.3222922004773614,0.5413456383692505,0.4166666666666667,0.5833333333333334,2.2691754361241436,3.4020408252864036,True
D1,24,156,Theta,h1,1,ARIMA,7.3534886837005615,5.099456548690796,0.4844230795577789,0.41621392502781696,1.0406178998462392,1.0352314977112245,0.1824821795323997,1.0,1.0,1.8967439378501438,2.9838060552734467,True
D1,24,156,Theta,h1_6,1,ARIMA,7.3534886837005615,5.099456548690796,0.6235213732046033,0.6497211865651369,1.3431477821476134,1.3359857944201163,0.2712257858263139,0.8333333333333334,1.0,2.387816326423441,3.631746884684309,True
D1,24,156,Theta,h1_12,1,ARIMA,7.3534886837005615,5.099456548690796,0.9403672470798041,0.948057167668091,2.0456830957288927,2.0411461052791164,0.3614962055862092,0.8333333333333334,1.0,3.048123717628508,4.531300905858113,True
D1,24,157,Theta,h1,1,ARIMA,7.3534886837005615,5.099456548690796,1.2856547935690197,1.0410783064525022,2.2480550626808733,2.223067175587082,0.41332456927701555,0.0,1.0,1.947174962597648,3.0631382862886265,True
D1,24,157,Theta,h1_6,1,ARIMA,7.3534886837005615,5.099456548690796,0.7615957000726049,0.8000152308613445,1.3476867622441624,1.354806082365182,0.3147377613221243,0.8333333333333334,1.0,2.824062321251296,4.381698877804145,True
D1,24,157,Theta,h1_12,1,ARIMA,7.3534886837005615,5.099456548690796,1.7190244785278286,1.6912027148453133,3.0739357713156825,3.1419020560262236,0.5758973708929565,0.6666666666666666,0.8333333333333334,3.8821790574330794,5.807033580971854,True
D1,24,158,Theta,h1,1,ARIMA,7.3534886837005615,5.099456548690796,1.612123944557881,1.2431331646990988,3.017414472911067,2.972567137400605,0.5537911817301477,0.0,0.0,1.8920749328587665,2.976461384323312,True
D1,24,158,Theta,h1_6,1,ARIMA,7.3534886837005615,5.099456548690796,1.9086197230371353,1.6129683421891672,3.699912088523998,3.7699344170016515,0.6865237369972802,0.3333333333333333,0.5,2.3267157866591393,3.5412547085603037,True
D1,24,158,Theta,h1_12,1,ARIMA,7.3534886837005615,5.099456548690796,2.0309942364450606,1.7757025746626802,3.964430849986255,4.061834430302947,0.7644581470736547,0.3333333333333333,0.5833333333333334,2.9415717752636965,4.3887439337942595,True
D1,24,159,Theta,h1,1,ARIMA,7.3534886837005615,5.099456548690796,1.1778934456816708,0.9459618339411836,2.17931621411564,2.2033249227613343,0.4181750980268358,0.0,1.0,1.7528315768711333,2.757413262969372,True
D1,24,159,Theta,h1_6,1,ARIMA,7.3534886837005615,5.099456548690796,1.1685910999562714,1.0215006819114918,2.125557380753611,2.1125934817210745,0.4339951604936887,0.5,0.6666666666666666,2.039560081576553,3.06258244272952,True
D1,24,159,Theta,h1_12,1,ARIMA,7.3534886837005615,5.099456548690796,1.1120124353310783,1.1039762925340215,2.0154828149406594,1.9959469926980995,0.45037409843614146,0.6666666666666666,0.75,2.438689612776673,3.6440580560195697,True
D1,24,160,Theta,h1,1,ARIMA,7.3534886837005615,5.099456548690796,0.49651195873857795,0.41636296247648713,0.6644675161681727,0.6622672408254187,0.19249460195351917,1.0,1.0,2.045836739303536,3.218346122114642,True
D1,24,160,Theta,h1_6,1,ARIMA,7.3534886837005615,5.099456548690796,1.7104127674164495,1.5805040820006937,2.3206412244200876,2.3532568891830796,0.5439599728867213,0.8333333333333334,0.8333333333333334,3.6599936423445025,5.803773304443925,True
D1,24,160,Theta,h1_12,1,ARIMA,7.3534886837005615,5.099456548690796,1.6058089472432182,1.5788136024948145,2.16622333472816,2.1919253369417953,0.6099031736342697,0.9166666666666666,0.9166666666666666,5.336573423418949,8.07290047363756,True
D1,24,161,Theta,h1,1,ARIMA,7.3534886837005615,5.099456548690796,0.8009201438365764,0.5869097015931642,0.9379139475912778,0.9335360651110421,0.2605052944465998,1.0,1.0,2.3120076296021757,3.637073116699992,True
D1,24,161,Theta,h1_6,1,ARIMA,7.3534886837005615,5.099456548690796,1.5696334904907374,1.5387353913403055,1.818026549685824,1.7895966734211577,0.7120434959658503,0.6666666666666666,0.8333333333333334,4.136178400783879,6.558876017342633,True
D1,24,161,Theta,h1_12,1,ARIMA,7.3534886837005615,5.099456548690796,1.6591763480963082,1.5238383165333842,1.9496698934677863,1.945273691804513,0.7381970405189783,0.8333333333333334,0.9166666666666666,6.030892852876682,9.123219177370606,True
D1,24,162,Theta,h1,1,ARIMA,7.3534886837005615,5.099456548690796,0.059507294280682,0.05012342493577392,0.11233948099928072,0.11240261725770917,0.15316626838357872,1.0,1.0,1.9879425637038186,3.127277186870534,True
D1,24,162,Theta,h1_6,1,ARIMA,7.3534886837005615,5.099456548690796,1.3994623754287019,1.524029915213762,2.5838355596068134,2.529915554963738,0.5610258794199567,0.6666666666666666,0.8333333333333334,3.277588282389548,5.181633035956228,True
D1,24,162,Theta,h1_12,1,ARIMA,7.3534886837005615,5.099456548690796,1.4461042537023623,1.5204582797036739,2.671955060538105,2.6179930020010977,0.6233582489744539,0.8333333333333334,0.9166666666666666,4.717970435735372,7.117785527619067,True
D1,24,163,Theta,h1,1,ARIMA,7.3534886837005615,5.099456548690796,1.1152510315913438,0.7576760652544379,1.7129096733743405,1.7277067009786404,0.38478754150853633,0.0,1.0,2.1494170070765954,3.381285569884806,True
D1,24,163,Theta,h1_6,1,ARIMA,7.3534886837005615,5.099456548690796,2.0537938659906283,1.5611644075845819,3.1401792013557537,3.143974051539421,0.7440281798013164,0.3333333333333333,0.5,3.2890841929662202,5.207107220305263,True
D1,24,163,Theta,h1_12,1,ARIMA,7.3534886837005615,5.099456548690796,2.64255257124811,1.927747656394736,3.9956874310922132,3.9382280647750894,0.895429083999917,0.5,0.75,4.664385310979658,7.012090968615561,True
D1,24,164,Theta,h1,1,ARIMA,7.3534886837005615,5.099456548690796,1.9149592514178082,1.5924087389881676,2.8506685058569436,2.891887569947587,0.7613393635493817,0.0,0.0,1.80404420157478,2.8379734610355145,True
D1,24,164,Theta,h1_6,1,ARIMA,7.3534886837005615,5.099456548690796,1.3749809764834249,1.3826742762162958,2.047493413521131,2.0789819868385915,0.5048276587134456,0.6666666666666666,0.8333333333333334,3.077196495167911,4.894010294125971,True
D1,24,164,Theta,h1_12,1,ARIMA,7.3534886837005615,5.099456548690796,1.0106856890948204,1.0769412725712613,1.5002165702040131,1.518852623814184,0.48518908802360167,0.8333333333333334,0.9166666666666666,4.4566281053837695,6.764395138921267,True
D1,24,165,Theta,h1,1,ARIMA,7.3534886837005615,5.099456548690796,2.403771952911014,1.7928922895525312,3.906444314333675,3.8316045649951733,0.9010003352687445,0.0,0.0,2.256678064825429,3.550026297312241,True
D1,24,165,Theta,h1_6,1,ARIMA,7.3534886837005615,5.099456548690796,2.1590917772815277,1.726664499175582,3.525615606193993,3.4558747811926493,0.8029496258443773,0.3333333333333333,0.8333333333333334,4.0371912738793245,6.4019094057214145,True
D1,24,165,Theta,h1_12,1,ARIMA,7.3534886837005615,5.099456548690796,3.4173582079547904,2.8062209004657888,5.545690860694545,5.366744213441024,1.2743957458578197,0.25,0.8333333333333334,5.886558261424805,8.904884690134184,True
D1,24,166,Theta,h1,1,ARIMA,7.3534886837005615,5.099456548690796,1.8495296684093196,1.4210905283514184,2.1978629217856214,2.1739724545316292,0.6704024155700845,0.0,0.0,1.907755611857317,3.001132648176779,True
D1,24,166,Theta,h1_6,1,ARIMA,7.3534886837005615,5.099456548690796,2.2279745095361503,1.8734645268755419,2.6308318090523546,2.5904646447562043,0.9579690736156433,0.16666666666666666,0.16666666666666666,1.9966428547127213,2.8743654138884485,True
D1,24,166,Theta,h1_12,1,ARIMA,7.3534886837005615,5.099456548690796,2.532114384142842,2.070522809248046,2.9803187552629438,2.931156251715246,1.102121585010229,0.08333333333333333,0.16666666666666666,2.1478644979713875,3.155685648315699,True
D1,24,167,Theta,h1,1,ARIMA,7.3534886837005615,5.099456548690796,1.1605325596964997,0.9003613016725376,2.3494177069686946,2.3221393306611757,0.3605900467097792,0.0,1.0,2.038765017256869,3.2072271209360257,True
D1,24,167,Theta,h1_6,1,ARIMA,7.3534886837005615,5.099456548690796,2.174726637768491,1.9367770399380315,4.344067379343528,4.224881805816519,0.8630582413456236,0.16666666666666666,0.6666666666666666,2.846459565934006,4.387669653043506,True
D1,24,167,Theta,h1_12,1,ARIMA,7.3534886837005615,5.099456548690796,1.825113671384142,1.6889020527506797,3.6758969537315664,3.585039345840604,0.7213933572990197,0.5,0.8333333333333334,3.835821327641149,5.744208829842572,True
D1,24,168,Theta,h1,1,ARIMA,7.3534886837005615,5.099456548690796,0.0428618850475693,0.034838460679503504,0.08577516275229881,0.08573839162981797,0.155575739314932,1.0,1.0,2.0321709093431095,3.1968543943102197,True
D1,24,168,Theta,h1_6,1,ARIMA,7.3534886837005615,5.099456548690796,2.2460612597050225,2.102434662705702,4.382372051812458,4.259576565798978,0.8783695435722343,0.3333333333333333,0.5,3.166555975852519,5.025324226465803,True
D1,24,168,Theta,h1_12,1,ARIMA,7.3534886837005615,5.099456548690796,3.5097073032052206,3.204742900603509,6.778248720801525,6.503130383780807,1.4007881370189823,0.25,0.3333333333333333,4.520365013639539,6.810998766166753,True
D1,24,169,Theta,h1,1,ARIMA,7.3534886837005615,5.099456548690796,0.38259593041156476,0.33766040382198304,0.7450797304671906,0.7423143137232363,0.1629094812525484,1.0,1.0,1.8482529314776577,2.907513937864333,True
D1,24,169,Theta,h1_6,1,ARIMA,7.3534886837005615,5.099456548690796,0.5449604534794127,0.6548145675959436,1.0767336519610866,1.0863539510910272,0.3197302257711042,1.0,1.0,3.3065119086025545,5.243245463459246,True
D1,24,169,Theta,h1_12,1,ARIMA,7.3534886837005615,5.099456548690796,0.8464015139230822,0.8917446782051229,1.6574648404878416,1.648335156946622,0.44585132604203453,1.0,1.0,4.821165902657053,7.293209281841354,True
D1,24,170,Theta,h1,1,ARIMA,7.3534886837005615,5.099456548690796,1.7881771764229155,1.4119305269764757,2.773268309669707,2.8122641245448126,0.6811756738632657,0.0,0.0,1.9583199187011266,3.0806614955669755,True
D1,24,170,Theta,h1_6,1,ARIMA,7.3534886837005615,5.099456548690796,0.746382590808978,0.8427881761673495,1.1518780930032673,1.1649006249354483,0.3366611802940137,0.6666666666666666,0.8333333333333334,2.2905562303849467,3.4301841351698164,True
D1,24,170,Theta,h1_12,1,ARIMA,7.3534886837005615,5.099456548690796,1.1979260273010812,1.1811865695855452,1.8463401360380403,1.8730280481212336,0.43355162075964987,0.5,0.9166666666666666,2.7489701780305476,4.09794683239261,True
D1,24,171,Theta,h1,1,ARIMA,7.3534886837005615,5.099456548690796,0.5229858353291353,0.4110466754481845,1.0772946916856796,1.0831289369566524,0.20828431866281374,1.0,1.0,1.9837692834741,3.1207091463913352,True
D1,24,171,Theta,h1_6,1,ARIMA,7.3534886837005615,5.099456548690796,0.5374184510543777,0.47599779658684893,1.0966953631082146,1.0947436497628704,0.25284982124069943,1.0,1.0,2.387439793858007,3.6411302775688275,True
D1,24,171,Theta,h1_12,1,ARIMA,7.3534886837005615,5.099456548690796,0.6098741773500909,0.5376624675779823,1.2484566900958365,1.25339576072222,0.2780840587116574,1.0,1.0,2.9887578027684816,4.4599986380725944,True
D1,24,172,Theta,h1,1,ARIMA,7.3534886837005615,5.099456548690796,0.0779182448845445,0.06416472709693265,0.131436388078468,0.13152282250216588,0.1570189577577406,1.0,1.0,2.0254808376311115,3.1863261309331046,True
D1,24,172,Theta,h1_6,1,ARIMA,7.3534886837005615,5.099456548690796,1.462941064439646,1.3424161715197358,2.4382795163467437,2.402026222018259,0.5450575479073635,0.3333333333333333,1.0,3.018283505991344,4.714616441797421,True
D1,24,172,Theta,h1_12,1,ARIMA,7.3534886837005615,5.099456548690796,2.3857445648920104,2.206660183293601,3.955791767281696,3.8600948190727893,0.8843116343096505,0.25,0.75,4.204942943582023,6.271401582654311,True
D1,24,173,Theta,h1,1,ARIMA,7.3534886837005615,5.099456548690796,0.8062563758373794,0.6553146348324351,1.1588594010116038,1.1656133107270048,0.27757912645899985,0.0,1.0,1.5801848200891424,2.485824233433684,True
D1,24,173,Theta,h1_6,1,ARIMA,7.3534886837005615,5.099456548690796,1.0839886568251245,1.1900701831016582,1.5359817388399377,1.5202523485985426,0.45886256340515047,0.5,0.6666666666666666,1.8850005922089461,2.8569298181466722,True
D1,24,173,Theta,h1_12,1,ARIMA,7.3534886837005615,5.099456548690796,1.0357824671036393,1.208936924397652,1.4702857960595437,1.4513614875159275,0.45883907551448905,0.6666666666666666,0.75,2.318098195746277,3.463153835661253,True
D1,24,174,Theta,h1,1,ARIMA,7.3534886837005615,5.099456548690796,2.4014840565390263,1.9881761636683386,4.658114660547934,4.769191873471861,1.000574684655627,0.0,0.0,1.8410777441412798,2.8962349439204376,True
D1,24,174,Theta,h1_6,1,ARIMA,7.3534886837005615,5.099456548690796,1.8338888184152884,1.575515080680803,3.5334857084781417,3.6022453154996525,0.6687290119670082,0.16666666666666666,0.5,2.146818430741085,3.219148381606458,True
D1,24,174,Theta,h1_12,1,ARIMA,7.3534886837005615,5.099456548690796,2.4122329953877446,2.139685266543108,4.663245403890292,4.792530085639955,0.8856861359341874,0.08333333333333333,0.3333333333333333,2.5706368440089293,3.836811984706484,True
D1,24,175,Theta,h1,1,ARIMA,7.3534886837005615,5.099456548690796,0.5625852320513075,0.4867074172385238,1.0141986127591647,1.0193678199033511,0.19559730795772418,1.0,1.0,1.4351241404720643,2.257620859330878,True
D1,24,175,Theta,h1_6,1,ARIMA,7.3534886837005615,5.099456548690796,0.44002171959438935,0.41733060971204206,0.7868360600916557,0.7866915901186301,0.1722011834721532,1.0,1.0,1.5018014517387,2.1626081161613877,True
D1,24,175,Theta,h1_12,1,ARIMA,7.3534886837005615,5.099456548690796,0.6480268676158037,0.7123952356258728,1.145123731169275,1.1365298428370136,0.29344783651803347,0.6666666666666666,0.8333333333333334,1.616148674867143,2.374748267169379,True
D1,24,176,Theta,h1,1,ARIMA,7.3534886837005615,5.099456548690796,0.6970040186223746,0.5683815362286389,1.1971537434576054,1.204362780513469,0.2529334643872377,1.0,1.0,2.164952542519816,3.4057321737585875,True
D1,24,176,Theta,h1_6,1,ARIMA,7.3534886837005615,5.099456548690796,0.9552376117771487,0.8837618786344349,1.6456455490599782,1.6615258851605776,0.4064069390495981,1.0,1.0,3.8730941475758383,6.141697461277827,True
D1,24,176,Theta,h1_12,1,ARIMA,7.3534886837005615,5.099456548690796,0.9024187248720648,0.8986683481966007,1.5559926885278212,1.573308032206219,0.5064668224871437,1.0,1.0,5.647297993389687,8.542935754635272,True
D1,24,177,Theta,h1,1,ARIMA,7.3534886837005615,5.099456548690796,1.6961321906326692,1.4634558497633505,2.9372161814860087,2.8947043196446205,0.6201308117978189,0.0,0.0,1.7095523386741873,2.689322074641238,True
D1,24,177,Theta,h1_6,1,ARIMA,7.3534886837005615,5.099456548690796,1.439463457598363,1.292201094797317,2.4937641954050416,2.462314366994933,0.5391829532287252,0.16666666666666666,0.3333333333333333,2.132033163242295,3.246176061049926,True
D1,24,177,Theta,h1_12,1,ARIMA,7.3534886837005615,5.099456548690796,1.189696394640849,1.1413641149957008,2.077019757197005,2.070048774999588,0.4562834606160464,0.5,0.6666666666666666,2.7138267964312686,4.038380806479654,True
D1,24,178,Theta,h1,1,ARIMA,7.3534886837005615,5.099456548690796,1.030372833522167,0.7885748292030211,1.3527247969279437,1.3436369418811882,0.31860113566465526,1.0,1.0,1.9690330477121714,3.0975305372484856,True
D1,24,178,Theta,h1_6,1,ARIMA,7.3534886837005615,5.099456548690796,3.4422131428647806,3.187356545317782,4.699899950972148,4.86931632783116,1.466000168817993,0.16666666666666666,0.3333333333333333,2.0607714605221106,2.9666917934828803,True
D1,24,178,Theta,h1_12,1,ARIMA,7.3534886837005615,5.099456548690796,3.555583113648362,3.0327424376331833,4.831668517648288,4.982611210237608,1.4837592042421817,0.08333333333333333,0.16666666666666666,2.2168515923684193,3.257047002466281,True
D1,24,179,Theta,h1,1,ARIMA,7.3534886837005615,5.099456548690796,1.9046722769368982,1.366451084512155,2.853412854032898,2.8947118946778767,0.7037771082908405,0.0,0.0,2.286170790542578,3.596429471181067,True
D1,24,179,Theta,h1_6,1,ARIMA,7.3534886837005615,5.099456548690796,1.7030103485123793,1.3698487987577141,2.555837872793196,2.5976937089867707,0.6187327676047509,0.5,0.6666666666666666,3.4300638830681076,5.399782731598996,True
D1,24,179,Theta,h1_12,1,ARIMA,7.3534886837005615,5.099456548690796,1.0225686583670184,0.9937547819785344,1.5304629271683348,1.551258597099086,0.5428849004387246,0.75,0.8333333333333334,4.814920128985706,7.208734327949242,True
D1,24,180,Theta,h1,1,ARIMA,7.3534886837005615,5.099456548690796,0.015151732664882898,0.013394514942787131,0.027295143805863658,0.027291419189806397,0.1368276139180925,1.0,1.0,1.8038936480077712,2.8377450946474725,True
D1,24,180,Theta,h1_6,1,ARIMA,7.3534886837005615,5.099456548690796,0.8932309807568725,0.8794867611340982,1.6073395190399613,1.6010306481039658,0.334294223691163,1.0,1.0,2.6888924986399654,4.202215037440892,True
D1,24,180,Theta,h1_12,1,ARIMA,7.3534886837005615,5.099456548690796,0.7909279567796743,0.8772435541840831,1.422562011040094,1.4131421605302121,0.3799198085481004,1.0,1.0,3.7476310580513124,5.590375998977938,True
D1,24,181,Theta,h1,1,ARIMA,7.3534886837005615,5.099456548690796,1.8805843826531816,1.468078069472814,3.3578893917530404,3.415229201279956,0.75950124389478,0.0,0.0,1.662864106441702,2.6158805855629064,True
D1,24,181,Theta,h1_6,1,ARIMA,7.3534886837005615,5.099456548690796,2.1408003914217444,1.7494736595313167,3.8395127340873114,3.922314846574492,0.8656105876831559,0.16666666666666666,0.16666666666666666,1.7403252556861184,2.50541235613086,True
D1,24,181,Theta,h1_12,1,ARIMA,7.3534886837005615,5.099456548690796,2.3329764077346407,2.1267644783556414,4.21724300222972,4.343987475829338,0.984855080927876,0.25,0.25,1.8721671038305416,2.7506609847757884,True
D1,24,182,Theta,h1,1,ARIMA,7.3534886837005615,5.099456548690796,1.3421951707862032,1.071838607092382,2.27418185528925,2.248613079959204,0.4338941073904831,0.0,1.0,1.9790589311020055,3.11329380004728,True
D1,24,182,Theta,h1_6,1,ARIMA,7.3534886837005615,5.099456548690796,1.0068303727615728,0.8948925931623296,1.7048906217184658,1.6871902927906035,0.3935605262808783,0.5,1.0,2.6582187533875996,4.118831763618813,True
D1,24,182,Theta,h1_12,1,ARIMA,7.3534886837005615,5.099456548690796,1.242637905619815,1.1317581579474874,2.1315458562231724,2.1437673540237694,0.4430148852727203,0.75,1.0,3.541740798476378,5.306694431867748,True
D1,24,183,Theta,h1,1,ARIMA,7.3534886837005615,5.099456548690796,1.2939164075029153,1.1114077380772953,1.7973471546618447,1.7813387341354083,0.4492605535541234,0.0,0.0,1.4827643324537796,2.332569384608461,True
D1,24,183,Theta,h1_6,1,ARIMA,7.3534886837005615,5.099456548690796,1.8845185931661455,1.7519708329425183,2.6669152141260337,2.7041081993030818,0.7296111844508405,0.16666666666666666,0.16666666666666666,1.7097938639470522,2.578777958035792,True
D1,24,183,Theta,h1_12,1,ARIMA,7.3534886837005615,5.099456548690796,1.763352474778597,1.781887981982975,2.4841306377622847,2.5162403074063158,0.7156417836685682,0.3333333333333333,0.3333333333333333,2.030273342000769,3.0405509622332096,True
D1,24,184,Theta,h1,1,ARIMA,7.3534886837005615,5.099456548690796,0.21745118817713124,0.16983072319964232,0.41641622324298444,0.4172850445543299,0.17453110778925673,1.0,1.0,2.15495534179061,3.3900053586337635,True
D1,24,184,Theta,h1_6,1,ARIMA,7.3534886837005615,5.099456548690796,2.070661984864573,1.8843368201771604,4.056600121096431,4.172583841708507,0.6766791219786515,0.5,0.8333333333333334,3.604935521237101,5.724131916694966,True
D1,24,184,Theta,h1_12,1,ARIMA,7.3534886837005615,5.099456548690796,1.7541833773066438,1.5867100654510262,3.4169722275403913,3.498166405223774,0.6486027777848133,0.75,0.9166666666666666,5.199059988208934,7.884082448513507,True
D1,24,185,Theta,h1,1,ARIMA,7.3534886837005615,5.099456548690796,0.11773113930097162,0.09571267867735166,0.17739681895128157,0.17723961023604137,0.15562896306804674,1.0,1.0,1.9777049644049567,3.111163673631762,True
D1,24,185,Theta,h1_6,1,ARIMA,7.3534886837005615,5.099456548690796,0.6644561785184071,0.7105456910930614,0.9940970956298175,0.9856888162354159,0.2953931170321254,0.8333333333333334,1.0,2.544372878646718,3.8648409294684156,True
D1,24,185,Theta,h1_12,1,ARIMA,7.3534886837005615,5.099456548690796,1.0407871811616,1.0556758193148736,1.5825349342018094,1.5939341433642433,0.4088041972966982,0.75,1.0,3.266577935346903,4.843268327241678,True
D1,24,186,Theta,h1,1,ARIMA,7.3534886837005615,5.099456548690796,0.3245370808905033,0.22274257725253868,0.4802171770900452,0.47906689632708777,0.17996629837906997,1.0,1.0,2.148145251016441,3.3792792046220463,True
D1,24,186,Theta,h1_6,1,ARIMA,7.3534886837005615,5.099456548690796,0.7263291578052303,0.6880141814793702,1.0864165156102583,1.096087689900496,0.35812624146371647,0.8333333333333334,0.8333333333333334,3.08986059301019,4.766439683021797,True
D1,24,186,Theta,h1_12,1,ARIMA,7.3534886837005615,5.099456548690796,2.3904081918456197,2.307588570344552,3.4320404421752992,3.332516055201657,1.0253614703497205,0.5833333333333334,0.5833333333333334,4.204025861152802,6.300277544289636,True
D1,24,187,Theta,h1,1,ARIMA,7.3534886837005615,5.099456548690796,2.311980141316625,1.9157978803156637,3.543122096550285,3.4814461525942515,0.9456351516416072,0.0,0.0,1.5776995643446508,2.481911092924663,True
D1,24,187,Theta,h1_6,1,ARIMA,7.3534886837005615,5.099456548690796,0.6098458079551595,0.8224051559754282,0.9408885222590436,0.9309395088899957,0.28232381213705066,0.8333333333333334,0.8333333333333334,1.6512033561482289,2.377076364193307,True
D1,24,187,Theta,h1_12,1,ARIMA,7.3534886837005615,5.099456548690796,0.9815003598053692,1.0010875028867963,1.5251077387592447,1.5215214897781812,0.3967940737268327,0.4166666666666667,0.75,1.7762618167814954,2.6097237008560485,True
D1,24,188,Theta,h1,1,ARIMA,7.3534886837005615,5.099456548690796,0.5197771957261772,0.41444151162655296,0.6909980312907458,0.6886188599082145,0.19245227147448482,1.0,1.0,1.9727607931770583,3.10338308516136,True
D1,24,188,Theta,h1_6,1,ARIMA,7.3534886837005615,5.099456548690796,1.3313434688272676,1.398252052191901,1.784171918665679,1.7969019732982978,0.5360965162441702,0.6666666666666666,0.8333333333333334,2.5894164499115404,3.987716266649506,True
D1,24,188,Theta,h1_12,1,ARIMA,7.3534886837005615,5.099456548690796,1.8585679753281157,1.96844413552453,2.43341253397809,2.403397748870047,0.8020828191137097,0.5833333333333334,0.75,3.4016594750125893,5.071721476326204,True
D1,24,189,Theta,h1,1,ARIMA,7.3534886837005615,5.099456548690796,0.28530601154760066,0.25117160518992165,0.6006855918142746,0.602495142570676,0.1559789240088907,1.0,1.0,1.7758909299875965,2.793685049496214,True
D1,24,189,Theta,h1_6,1,ARIMA,7.3534886837005615,5.099456548690796,1.494602787779027,1.568889156656687,3.206566647694059,3.282273294824766,0.5507143009275217,0.5,0.6666666666666666,2.6638765137901816,4.19269634984872,True
D1,24,189,Theta,h1_12,1,ARIMA,7.3534886837005615,5.099456548690796,0.9771786795244998,1.159780937252123,2.081416250773744,2.116238607322142,0.46495047423348057,0.75,0.8333333333333334,3.7385178053842774,5.596300073842313,True
D1,24,190,Theta,h1,1,ARIMA,7.3534886837005615,5.099456548690796,0.6574826382742607,0.5411300570857739,1.0840099783079593,1.0781662633691236,0.2132214528864162,1.0,1.0,1.859662572634692,2.925469483878244,True
D1,24,190,Theta,h1_6,1,ARIMA,7.3534886837005615,5.099456548690796,1.6396742521267536,1.4334363502544836,2.6748579715609924,2.6352282485973744,0.5958338016510577,0.3333333333333333,0.8333333333333334,2.6151765823098003,4.029374800223183,True
D1,24,190,Theta,h1_12,1,ARIMA,7.3534886837005615,5.099456548690796,1.4527059298213474,1.349640585483575,2.3982382628860406,2.3937198188911077,0.5377124159903536,0.5833333333333334,0.9166666666666666,3.5312421820548137,5.289128299305317,True
D1,24,191,Theta,h1,1,ARIMA,7.3534886837005615,5.099456548690796,0.47393792363640663,0.3597230996061878,0.6200589237538379,0.6181424998878032,0.16014542831960504,1.0,1.0,1.5129174853749456,2.3800028699080014,True
D1,24,191,Theta,h1_6,1,ARIMA,7.3534886837005615,5.099456548690796,0.6931470644676758,0.653182762035991,0.9053016226332313,0.9021773766610649,0.26075151737674745,0.8333333333333334,0.8333333333333334,1.8708332986579896,2.8472356001177164,True
D1,24,191,Theta,h1_12,1,ARIMA,7.3534886837005615,5.099456548690796,1.4022635046268674,1.4356216633523193,1.8615282246361193,1.8893134383781602,0.5582122077185588,0.5833333333333334,0.6666666666666666,2.372014402690474,3.5327953903237685,True
D1,24,192,Theta,h1,1,ARIMA,7.3534886837005615,5.099456548690796,0.4451816457624398,0.3588215283175179,0.895168455126005,0.8991931016242094,0.20736429088843958,1.0,1.0,2.1810853210176107,3.4311111213858316,True
D1,24,192,Theta,h1_6,1,ARIMA,7.3534886837005615,5.099456548690796,1.0421369488247079,0.9074238943074964,2.110393618209989,2.1368001763460835,0.3998426664413329,0.8333333333333334,1.0,3.698708250701498,5.87844120901269,True
D1,24,192,Theta,h1_12,1,ARIMA,7.3534886837005615,5.099456548690796,1.1259603657862636,1.04090418014889,2.2757255489676522,2.3025314524592595,0.514659820040577,0.9166666666666666,1.0,5.346887325720295,8.115784005824189,True
D1,24,193,Theta,h1,1,ARIMA,7.3534886837005615,5.099456548690796,2.687715916467117,2.113184845082303,3.934030310888569,4.012965959494649,1.103535737785736,0.0,0.0,2.2104198801104538,3.4772529713917573,True
D1,24,193,Theta,h1_6,1,ARIMA,7.3534886837005615,5.099456548690796,1.550011697936079,1.373945782203086,2.2526676142551825,2.285577221120581,0.59460980080769,0.6666666666666666,0.8333333333333334,3.954434823756306,6.270680721375914,True
D1,24,193,Theta,h1_12,1,ARIMA,7.3534886837005615,5.099456548690796,2.754444108578141,2.61899818639405,4.046935465633083,4.173276976056344,0.9481496143405644,0.6666666666666666,0.8333333333333334,5.765897253596222,8.722347522552216,True
D1,24,194,Theta,h1,1,ARIMA,7.3534886837005615,5.099456548690796,0.014088382090873836,0.011087846825147981,0.024567096618640684,0.02457011470054958,0.15448006366268377,1.0,1.0,2.038839787056864,3.2073479551761497,True
D1,24,194,Theta,h1_6,1,ARIMA,7.3534886837005615,5.099456548690796,1.0128138622952412,1.1598995665822946,1.7956950131659686,1.8277568414330745,0.40214869761612804,0.8333333333333334,1.0,3.09463943367327,4.902350933987293,True
D1,24,194,Theta,h1_12,1,ARIMA,7.3534886837005615,5.099456548690796,1.2662518035317931,1.3976210670137872,2.254206598710063,2.3045022566805087,0.5446196313199683,0.75,0.9166666666666666,4.375161569888864,6.584021315090629,True
D1,24,195,Theta,h1,1,ARIMA,7.3534886837005615,5.099456548690796,1.1787180500951009,0.9984153249100386,2.719059876769534,2.756535806318733,0.41461577239635444,0.0,1.0,1.9232634523686,3.0255213569805517,True
D1,24,195,Theta,h1_6,1,ARIMA,7.3534886837005615,5.099456548690796,0.9603124405248058,0.8679795854920727,2.167367290288558,2.1533228595780454,0.3881815203759676,0.6666666666666666,1.0,2.8495914311645527,4.429485850605074,True
D1,24,195,Theta,h1_12,1,ARIMA,7.3534886837005615,5.099456548690796,1.2240910895257469,1.132227078358454,2.7371575561217507,2.699682245950032,0.5225452286273428,0.75,1.0,3.9493216785669523,5.884350921757133,True
D1,24,196,Theta,h1,1,ARIMA,7.3534886837005615,5.099456548690796,0.8788525285237103,0.7063480704154579,1.5910768038903462,1.5785190784393306,0.2797916044856639,1.0,1.0,2.168411104208996,3.4111710279694574,True
D1,24,196,Theta,h1_6,1,ARIMA,7.3534886837005615,5.099456548690796,1.2501712327533592,1.1258425233317708,2.3080092148274893,2.3380395515593118,0.429233288872533,0.8333333333333334,1.0,3.3940725634316684,5.3889427285362075,True
D1,24,196,Theta,h1_12,1,ARIMA,7.3534886837005615,5.099456548690796,1.7131349361986645,1.5179841742011353,3.176857438043484,3.2377617809017454,0.5760797353863603,0.9166666666666666,1.0,4.848428434081023,7.312990725293056,True
D1,24,197,Theta,h1,1,ARIMA,7.3534886837005615,5.099456548690796,0.6892418796132124,0.5520017711942619,1.2767975850834317,1.2850010160540697,0.24937359654580782,1.0,1.0,2.1136962958298775,3.3250956620493013,True
D1,24,197,Theta,h1_6,1,ARIMA,7.3534886837005615,5.099456548690796,1.0131116324159424,1.0440264512669557,1.8850314213587442,1.909025632657902,0.42786376542526394,0.6666666666666666,0.8333333333333334,3.158978910327854,4.958841539765787,True
D1,24,197,Theta,h1_12,1,ARIMA,7.3534886837005615,5.099456548690796,0.9200518997965511,0.9427303500965637,1.6985153345572854,1.7099804961469043,0.45864138227754864,0.8333333333333334,0.9166666666666666,4.418467901771368,6.603263400079747,True
D1,24,198,Theta,h1,1,ARIMA,7.3534886837005615,5.099456548690796,1.119776467226966,0.9118082178400444,2.49068757291706,2.5220963430132732,0.38969033536371694,0.0,1.0,2.011304274544209,3.164019980322213,True
D1,24,198,Theta,h1_6,1,ARIMA,7.3534886837005615,5.099456548690796,0.45231180483404015,0.46783738199459385,1.0020468151834403,1.0102276084326083,0.3017961278753792,0.8333333333333334,1.0,3.2411851871385515,5.12001584362495,True
D1,24,198,Theta,h1_12,1,ARIMA,7.3534886837005615,5.099456548690796,1.1586418544397965,1.244590162090391,2.599868346971445,2.6534834354215464,0.4905119783113585,0.9166666666666666,1.0,4.643084544525981,7.001834380442627,True
D1,24,199,Theta,h1,1,ARIMA,7.3534886837005615,5.099456548690796,1.030334936828109,0.7885037263807163,1.524051506635366,1.5125256714930475,0.3234944590152407,1.0,1.0,2.2671735386268366,3.566538111622528,True
D1,24,199,Theta,h1_6,1,ARIMA,7.3534886837005615,5.099456548690796,4.001671585215265,3.2491252814590172,5.7865636045501825,5.6046851681645276,1.5971058679248367,0.16666666666666666,0.3333333333333333,4.055965682505727,6.431677748477614,True
D1,24,199,Theta,h1_12,1,ARIMA,7.3534886837005615,5.099456548690796,3.797367400975678,3.094649235874672,5.51248430136959,5.3464964245305024,1.472830299047626,0.4166666666666667,0.5833333333333334,5.913936589117953,8.94629246320842,True
D1,24,0,AutoETS,h1,1,ARIMA,7.3534886837005615,5.099456548690796,1.098298084520043,0.7499875993657045,1.7245236335145464,1.709780846128154,0.3566382523074057,1.0,1.0,2.348734988206873,3.5764603851634136,True
D1,24,0,AutoETS,h1_6,1,ARIMA,7.3534886837005615,5.099456548690796,0.7324616280676572,0.5536826867414413,1.1519170815263713,1.1438632589775266,0.27520856731876087,0.8333333333333334,1.0,2.348735017566058,3.576460429869174,True
D1,24,0,AutoETS,h1_12,1,ARIMA,7.3534886837005615,5.099456548690796,0.593850134563796,0.49870897433635525,0.9375758994951654,0.9347008299126179,0.25631360889845983,0.8333333333333334,1.0,2.34873505279708,3.57646048351608,True
D1,24,1,AutoETS,h1,1,ARIMA,7.3534886837005615,5.099456548690796,0.2599988072734548,0.20180419727864052,0.36298160049678835,0.3623240157411276,0.1773453253536428,1.0,1.0,2.222703507232247,3.3845500158571777,True
D1,24,1,AutoETS,h1_6,1,ARIMA,7.3534886837005615,5.099456548690796,0.8163015761655423,0.7360318526042339,1.1413751058672683,1.141208394978379,0.3370530218086134,1.0,1.0,3.298492076932679,5.022672333472331,True
D1,24,1,AutoETS,h1_12,1,ARIMA,7.3534886837005615,5.099456548690796,1.7129605864983042,1.5919344020892368,2.3596513769049583,2.3250574592313002,0.6193186651363154,0.75,0.9166666666666666,4.223491769913646,6.431185756589688,True
D1,24,2,AutoETS,h1,1,ARIMA,7.3534886837005615,5.099456548690796,0.21013832911785912,0.17283730666668662,0.4020521515963048,0.4012455434260405,0.16854916484904797,1.0,1.0,2.1404798659525937,3.2593466203114767,True
D1,24,2,AutoETS,h1_6,1,ARIMA,7.3534886837005615,5.099456548690796,0.6532822457568882,0.6231659541715555,1.2458933437764443,1.2395617546744402,0.28452580938339384,1.0,1.0,2.910304769268839,4.431572641572708,True
D1,24,2,AutoETS,h1_12,1,ARIMA,7.3534886837005615,5.099456548690796,0.671201956982243,0.6420221998914077,1.2867049098619183,1.2868552578962258,0.3308326317781041,1.0,1.0,3.606546239909942,5.491751866031256,True
D1,24,3,AutoETS,h1,1,ARIMA,7.3534886837005615,5.099456548690796,0.409593259965818,0.3525907784055306,0.695585127610056,0.6931743188748033,0.18688158086177253,1.0,1.0,2.0969467839816733,3.1930580250059952,True
D1,24,3,AutoETS,h1_6,1,ARIMA,7.3534886837005615,5.099456548690796,1.750611065617965,2.3283890219454597,2.8820189654907336,2.789135747554772,0.7228936504625983,0.8333333333333334,0.8333333333333334,3.785374401988952,5.764056677190662,True
D1,24,3,AutoETS,h1_12,1,ARIMA,7.3534886837005615,5.099456548690796,3.3957132294060517,3.5146135359151423,5.5553813610523886,5.343021368731967,1.2604655369447928,0.4166666666666667,0.5833333333333334,5.110720785457659,7.782185099892871,True
D1,24,4,AutoETS,h1,1,ARIMA,7.3534886837005615,5.099456548690796,0.9849180210550614,0.8124642123986617,1.597845298969618,1.5851809294886192,0.31730106012954823,0.0,1.0,1.9557246278879974,2.9780165455234484,True
D1,24,4,AutoETS,h1_6,1,ARIMA,7.3534886837005615,5.099456548690796,0.6052286065578216,0.5748583178981415,0.9834600619099376,0.9772310852517502,0.25720406057897355,0.8333333333333334,1.0,2.4843900308863254,3.783024722403151,True
D1,24,4,AutoETS,h1_12,1,ARIMA,7.3534886837005615,5.099456548690796,0.731888862786906,0.6769496386742572,1.1916290571681336,1.1864921542845799,0.30351586599121555,0.9166666666666666,1.0,2.9846357837155146,4.54475779438575,True
D1,24,5,AutoETS,h1,1,ARIMA,7.3534886837005615,5.099456548690796,1.4956840125987039,1.1840645811762254,2.7842745568572633,2.746045829186425,0.5050293101091563,0.0,1.0,2.280167059000233,3.472050784364888,True
D1,24,5,AutoETS,h1_6,1,ARIMA,7.3534886837005615,5.099456548690796,1.295532937629234,1.0736316426948127,2.453925878626655,2.46308088875095,0.47892348159300874,0.8333333333333334,1.0,4.116120677611498,6.267689891769486,True
D1,24,5,AutoETS,h1_12,1,ARIMA,7.3534886837005615,5.099456548690796,1.7677915498711045,1.4976688698210336,3.3898788526998187,3.4453201585489874,0.6400519288044945,0.9166666666666666,1.0,5.557268916772938,8.462151852096415,True
D1,24,6,AutoETS,h1,1,ARIMA,7.3534886837005615,5.099456548690796,0.019376937193142325,0.01595489294903239,0.036577270882190364,0.036570582621656,0.1594078337880253,1.0,1.0,2.160353422008661,3.2896084362692912,True
D1,24,6,AutoETS,h1_6,1,ARIMA,7.3534886837005615,5.099456548690796,1.6418889890639488,1.5973469266939078,3.16862896667054,3.240808484619358,0.6176338848392613,0.5,0.6666666666666666,3.431511572884104,5.225223477008493,True
D1,24,6,AutoETS,h1_12,1,ARIMA,7.3534886837005615,5.099456548690796,1.6246843356299348,1.5755775965126027,3.1283839390797326,3.1927077666639976,0.6348537349669823,0.6666666666666666,0.8333333333333334,4.48852224708447,6.834752360409071,True
D1,24,7,AutoETS,h1,1,ARIMA,7.3534886837005615,5.099456548690796,1.2466832267753678,1.0147797452607774,1.7493910954949305,1.7648279671489846,0.4111558483642712,0.0,1.0,2.192080310617119,3.3379195317408485,True
D1,24,7,AutoETS,h1_6,1,ARIMA,7.3534886837005615,5.099456548690796,1.4119510703094655,1.2185834905890047,1.977867035462078,1.9921669244142417,0.4820394566349855,0.6666666666666666,1.0,3.470380093151527,5.284409261553934,True
D1,24,7,AutoETS,h1_12,1,ARIMA,7.3534886837005615,5.099456548690796,1.6193865482921628,1.5583729687756653,2.284438947614216,2.3176744487458647,0.5980450438914464,0.75,1.0,4.5338386359327245,6.9037564286961395,True
D1,24,8,AutoETS,h1,1,ARIMA,7.3534886837005615,5.099456548690796,0.4572780611677196,0.3194318131979588,0.7605864350887279,0.7577049346133942,0.21612951678706982,1.0,1.0,2.4735058987327303,3.7664512615105092,True
D1,24,8,AutoETS,h1_6,1,ARIMA,7.3534886837005615,5.099456548690796,1.211976181214097,0.9232109183499996,2.046052071070423,2.0691955937477373,0.4431557743788579,0.8333333333333334,1.0,3.609676226295676,5.496517951762884,True
D1,24,8,AutoETS,h1_12,1,ARIMA,7.3534886837005615,5.099456548690796,1.1678628522044405,0.9073501952463241,1.9712970515626957,1.99331997582753,0.48202817496494055,0.9166666666666666,1.0,4.595535921167177,6.997703978173227,True
D1,24,9,AutoETS,h1,1,ARIMA,7.3534886837005615,5.099456548690796,0.9937344295181293,0.8287888031830791,1.6113231788777989,1.598445120513561,0.32354509322798086,1.0,1.0,2.164332118931293,3.295666868574252,True
D1,24,9,AutoETS,h1_6,1,ARIMA,7.3534886837005615,5.099456548690796,2.6666723639246,2.45921468232805,4.4744981148160825,4.59773487725941,0.9295617042789119,0.3333333333333333,0.8333333333333334,3.907017318221355,5.949284501200328,True
D1,24,9,AutoETS,h1_12,1,ARIMA,7.3534886837005615,5.099456548690796,3.046076080507611,2.749095639542972,5.12706772179532,5.285226302286642,1.0446434879761208,0.3333333333333333,0.9166666666666666,5.274953676150311,8.032265432690046,True
D1,24,10,AutoETS,h1,1,ARIMA,7.3534886837005615,5.099456548690796,0.21779974872258587,0.17754372786416614,0.40658720295177264,0.40576231412994596,0.17439319527431565,1.0,1.0,2.2144112212212606,3.3719232050123593,True
D1,24,10,AutoETS,h1_6,1,ARIMA,7.3534886837005615,5.099456548690796,1.1946094596644852,1.088530081780618,2.2626357733474753,2.2916390996459866,0.4421412603257526,1.0,1.0,3.997419303303255,6.086941205770643,True
D1,24,10,AutoETS,h1_12,1,ARIMA,7.3534886837005615,5.099456548690796,0.9930146614303691,0.9366632477823622,1.8790735531339586,1.9012952246877306,0.4975334924751554,1.0,1.0,5.39700746928685,8.218118906242214,True
D1,24,11,AutoETS,h1,1,ARIMA,7.3534886837005615,5.099456548690796,2.4066209515515644,1.7616784231012947,4.870221429672619,4.754445419823455,0.9406334468027557,0.0,0.0,2.222297129453594,3.383931217212804,True
D1,24,11,AutoETS,h1_6,1,ARIMA,7.3534886837005615,5.099456548690796,1.404219075844623,1.2312998935469075,2.8746388758157866,2.8394834971712455,0.5404880456616105,0.5,0.6666666666666666,2.2222971572323105,3.3839312595119435,True
D1,24,11,AutoETS,h1_12,1,ARIMA,7.3534886837005615,5.099456548690796,1.422972482260085,1.1803790999427373,2.9083384849350935,2.8674580252828314,0.5271774492832436,0.4166666666666667,0.6666666666666666,2.222297190566767,3.3839313102709108,True
D1,24,12,AutoETS,h1,1,ARIMA,7.3534886837005615,5.099456548690796,0.10476476766254669,0.07976923072923318,0.1971395218031548,0.19733403348814152,0.17956742654534802,1.0,1.0,2.370694783130278,3.609898954011843,True
D1,24,12,AutoETS,h1_6,1,ARIMA,7.3534886837005615,5.099456548690796,0.9588964105884109,0.9405462256095087,1.8284712788267246,1.855382363101143,0.4433475477200661,0.8333333333333334,1.0,4.279539860306015,6.516531176979317,True
D1,24,12,AutoETS,h1_12,1,ARIMA,7.3534886837005615,5.099456548690796,0.7990923481754708,0.7627586440127335,1.5152409902443154,1.528875686919373,0.5060690688034697,0.9166666666666666,1.0,5.777904902819792,8.798118177629144,True
D1,24,13,AutoETS,h1,1,ARIMA,7.3534886837005615,5.099456548690796,0.9198984209155423,0.7527864757830134,1.487084755106682,1.476109257240114,0.30153429478357147,1.0,1.0,2.095959674657036,3.191554936146195,True
D1,24,13,AutoETS,h1_6,1,ARIMA,7.3534886837005615,5.099456548690796,1.2446078224819996,1.2029365941571082,2.0317184401746515,2.0373186913417634,0.4749198146963922,0.5,0.6666666666666666,2.095959700867139,3.191554976056771,True
D1,24,13,AutoETS,h1_12,1,ARIMA,7.3534886837005615,5.099456548690796,1.3676510494031853,1.4276124436689583,2.256465094118511,2.2872717448678426,0.5592525779332582,0.5,0.5833333333333334,2.0959597323195553,3.1915550239499226,True
D1,24,14,AutoETS,h1,1,ARIMA,7.3534886837005615,5.099456548690796,0.3090786175349415,0.25076898626351246,0.601096550839671,0.6029085821857886,0.17599813714949947,1.0,1.0,2.167117899923435,3.29990882665391,True
D1,24,14,AutoETS,h1_6,1,ARIMA,7.3534886837005615,5.099456548690796,0.60122432674406,0.6668006190175647,1.1784779778941332,1.1915398815462865,0.3218149451779165,1.0,1.0,3.463182454183054,5.273449289157428,True
D1,24,14,AutoETS,h1_12,1,ARIMA,7.3534886837005615,5.099456548690796,0.46320305818560353,0.5132497460433945,0.9054733633223214,0.9129889912998559,0.37561099754995914,1.0,1.0,4.537866994920033,6.909890482306978,True
D1,24,15,AutoETS,h1,1,ARIMA,7.3534886837005615,5.099456548690796,1.3658585926081848,1.0853835488316894,2.319106202463427,2.3463129470050252,0.45547888754249,0.0,1.0,2.252277346302636,3.4295826246459646,True
D1,24,15,AutoETS,h1_6,1,ARIMA,7.3534886837005615,5.099456548690796,1.1408207788113376,0.9227153562843199,1.9339974874075418,1.9535883689255147,0.42308048324269065,0.8333333333333334,1.0,3.707326583165435,5.645211880492743,True
D1,24,15,AutoETS,h1_12,1,ARIMA,7.3534886837005615,5.099456548690796,1.3802684443315023,1.1891462391086443,2.3487513244026514,2.3818270501097953,0.5327502129284144,0.9166666666666666,1.0,4.89578296182487,7.454895467237132,True
D1,24,16,AutoETS,h1,1,ARIMA,7.3534886837005615,5.099456548690796,1.041203301776586,0.9026168024846126,2.167976151296013,2.144727560287362,0.3386902858934702,0.0,1.0,1.9705882137607291,3.0006495911084974,True
D1,24,16,AutoETS,h1_6,1,ARIMA,7.3534886837005615,5.099456548690796,1.0034415057718074,1.0802223014329206,2.122693761925566,2.1504771503923505,0.3940808456662002,0.5,0.6666666666666666,1.9819454398167333,3.017943440469366,True
D1,24,16,AutoETS,h1_12,1,ARIMA,7.3534886837005615,5.099456548690796,2.3924688800282214,2.5084246239956545,5.133884872664925,5.333921325104609,1.023669768438479,0.25,0.3333333333333333,1.9955753945496577,3.0386980140584003,True
D1,24,17,AutoETS,h1,1,ARIMA,7.3534886837005615,5.099456548690796,0.7910792288997914,0.562942454477946,1.2908559519144662,1.2825778357491144,0.27282203613715705,1.0,1.0,2.4180895955930044,3.6820678747654862,True
D1,24,17,AutoETS,h1_6,1,ARIMA,7.3534886837005615,5.099456548690796,1.2340984936122161,0.9488871223709626,2.037669541526571,2.049145065207332,0.43553401135020414,0.8333333333333334,1.0,3.5311939610499126,5.3770116157996055,True
D1,24,17,AutoETS,h1_12,1,ARIMA,7.3534886837005615,5.099456548690796,1.8863453147712683,1.5718602026688266,3.051282575622403,3.0078339958506604,0.6629711108900255,0.75,0.9166666666666666,4.496679295094645,6.84717324195371,True
D1,24,18,AutoETS,h1,1,ARIMA,7.3534886837005615,5.099456548690796,1.67869723262104,1.3624126851126914,3.1299698751657883,3.081741091272078,0.5804438575925278,0.0,0.0,2.1903830127451003,3.3353350261957173,True
D1,24,18,AutoETS,h1_6,1,ARIMA,7.3534886837005615,5.099456548690796,1.6686696356738797,1.54133918605435,3.0974637817083988,3.036916787555341,0.6374285196055297,0.5,0.5,3.240318593424965,4.934090539324871,True
D1,24,18,AutoETS,h1_12,1,ARIMA,7.3534886837005615,5.099456548690796,1.3844755770021222,1.3142546427672008,2.605736352757466,2.5909402344730035,0.5671176749575828,0.75,0.75,4.145444161052433,6.312341279605096,True
D1,24,19,AutoETS,h1,1,ARIMA,7.3534886837005615,5.099456548690796,1.2198795843160668,0.9470042175296319,2.3374093265434217,2.3104074865080237,0.40267380488751553,0.0,1.0,2.1343037647782515,3.2499421616153104,True
D1,24,19,AutoETS,h1_6,1,ARIMA,7.3534886837005615,5.099456548690796,1.4522772844742868,1.2756900009359904,2.7693031703020443,2.725026206939476,0.5193554563646998,0.5,0.6666666666666666,2.445512034414445,3.7238245082732524,True
D1,24,19,AutoETS,h1_12,1,ARIMA,7.3534886837005615,5.099456548690796,2.072386798499411,1.8459409635923836,3.9164798447873452,3.821102716048861,0.7729269654638642,0.3333333333333333,0.5833333333333334,2.765360278692762,4.210863097415577,True
D1,24,20,AutoETS,h1,1,ARIMA,7.3534886837005615,5.099456548690796,0.9304151884131487,0.7026964124966728,1.6614097214776358,1.6753267421579996,0.3109109881731052,1.0,1.0,2.3900498420700815,3.6393712452231757,True
D1,24,20,AutoETS,h1_6,1,ARIMA,7.3534886837005615,5.099456548690796,1.9336454788075979,1.5663717538691144,3.493341664320852,3.565419579970107,0.6529186874348003,0.6666666666666666,1.0,4.31447929950369,6.569734080158154,True
D1,24,20,AutoETS,h1_12,1,ARIMA,7.3534886837005615,5.099456548690796,2.2007651790573246,1.7316256373252001,3.981766945939041,4.070022182015757,0.7591947503934644,0.8333333333333334,1.0,5.825077440903734,8.869948637247598,True
D1,24,21,AutoETS,h1,1,ARIMA,7.3534886837005615,5.099456548690796,1.971548594833508,1.5434170717046536,2.5243134517578483,2.492849780586122,0.749731123121997,0.0,0.0,1.9969697034917382,3.0408211529910787,True
D1,24,21,AutoETS,h1_6,1,ARIMA,7.3534886837005615,5.099456548690796,4.264212864281464,3.5349928224222897,5.3636981429726625,5.208228554833996,1.8297119596177358,0.0,0.0,2.558314181022263,3.8955903357207684,True
D1,24,21,AutoETS,h1_12,1,ARIMA,7.3534886837005615,5.099456548690796,4.131109917011943,3.3701222003460196,5.20585263695636,5.063564943459598,1.7007490917115666,0.0,0.0,3.086326329160235,4.69960378984919,True
D1,24,22,AutoETS,h1,1,ARIMA,7.3534886837005615,5.099456548690796,1.112608588693985,0.8946924426219107,1.5677369446104976,1.5555435293112425,0.3590345717254745,0.0,1.0,2.1915190770912307,3.337064931506162,True
D1,24,22,AutoETS,h1_6,1,ARIMA,7.3534886837005615,5.099456548690796,1.9795610782074842,1.741776078296,2.7649325227589325,2.7201908039144533,0.7139065932553061,0.3333333333333333,0.6666666666666666,3.2688031546471996,4.977464485432716,True
D1,24,22,AutoETS,h1_12,1,ARIMA,7.3534886837005615,5.099456548690796,2.599253350346826,2.316362306148189,3.60982507770051,3.5320979009589837,0.9375659796022314,0.25,0.6666666666666666,4.192574930579354,6.384108137501648,True
D1,24,23,AutoETS,h1,1,ARIMA,7.3534886837005615,5.099456548690796,0.4925697232382997,0.3925309678286848,0.8215796349385206,0.8249685216226732,0.21022565324861442,1.0,1.0,2.265151185037599,3.449185847006852,True
D1,24,23,AutoETS,h1_6,1,ARIMA,7.3534886837005615,5.099456548690796,1.356408353048054,1.185197671314435,2.2242160185770783,2.196157685822331,0.47650788645412867,1.0,1.0,4.08901426491861,6.226414476847502,True
D1,24,23,AutoETS,h1_12,1,ARIMA,7.3534886837005615,5.099456548690796,2.317382772758291,2.1131896428444223,3.755807359358381,3.667425904539459,0.7935803599570688,0.75,0.9166666666666666,5.520671927398264,8.406424967891953,True
D1,24,24,AutoETS,h1,1,ARIMA,7.3534886837005615,5.099456548690796,1.4950971939598996,1.18831965479839,2.464920837910025,2.4956790949392866,0.505484289837039,0.0,1.0,2.259837289702374,3.4410942844198398,True
D1,24,24,AutoETS,h1_6,1,ARIMA,7.3534886837005615,5.099456548690796,1.6540517670986938,1.5978956768949082,2.748667388744648,2.8062532197088474,0.6106176801452595,0.5,1.0,4.080865317250075,6.214005929836615,True
D1,24,24,AutoETS,h1_12,1,ARIMA,7.3534886837005615,5.099456548690796,1.6530414433731548,1.5226919692809828,2.7413606195690905,2.792755827498231,0.6520051369091909,0.75,1.0,5.512032067766206,8.393268900535446,True
D1,24,25,AutoETS,h1,1,ARIMA,7.3534886837005615,5.099456548690796,1.1454104603062025,0.8895513218108008,1.1932571463284949,1.1861800571781937,0.36918866511452786,1.0,1.0,2.3242998732078153,3.539252602574139,True
D1,24,25,AutoETS,h1_6,1,ARIMA,7.3534886837005615,5.099456548690796,3.852794007165937,3.3521602254533973,4.140716248781428,4.249936988185443,1.4651056897030874,0.16666666666666666,0.5,4.1957885196689375,6.389001526551837,True
D1,24,25,AutoETS,h1_12,1,ARIMA,7.3534886837005615,5.099456548690796,3.4243180991443167,3.0376090937730025,3.6737550205927874,3.763604984282335,1.2728510937707846,0.4166666666666667,0.75,5.6648302972592575,8.625937472106486,True
D1,24,26,AutoETS,h1,1,ARIMA,7.3534886837005615,5.099456548690796,1.273817807465221,1.0700117016920747,1.9586677424713574,1.9780393518302009,0.4343611684715876,0.0,1.0,1.8155622595637435,2.764588823656423,True
D1,24,26,AutoETS,h1_6,1,ARIMA,7.3534886837005615,5.099456548690796,1.763725235712349,1.701003427634965,2.734249159332367,2.7850259546254503,0.6932547410066312,0.3333333333333333,0.5,1.8155622822582682,2.7645888582137843,True
D1,24,26,AutoETS,h1_12,1,ARIMA,7.3534886837005615,5.099456548690796,1.4394306795740115,1.4163579919940716,2.220895995639374,2.251286874925761,0.5477306407396606,0.5,0.5833333333333334,1.8155623094917075,2.764588899682615,True
D1,24,27,AutoETS,h1,1,ARIMA,7.3534886837005615,5.099456548690796,2.3530741390230445,1.9024253795758512,5.137650473893329,5.008978568317148,0.9277886018074081,0.0,0.0,2.104458878250831,3.204496824060848,True
D1,24,27,AutoETS,h1_6,1,ARIMA,7.3534886837005615,5.099456548690796,1.1171249293920051,1.1571588085887903,2.4532262114706946,2.4054109906577237,0.46781237866185205,0.6666666666666666,0.8333333333333334,3.172446063898706,4.830739835941847,True
D1,24,27,AutoETS,h1_12,1,ARIMA,7.3534886837005615,5.099456548690796,2.4425957505153626,2.409233124931991,5.260513896110316,5.06512573107721,0.9129957840196603,0.4166666666666667,0.5833333333333334,4.083131836460822,6.217457198800611,True
D1,24,28,AutoETS,h1,1,ARIMA,7.3534886837005615,5.099456548690796,1.9769754793907608,1.708744778002695,3.5115582836827386,3.450966926200663,0.7649291561868764,0.0,0.0,1.8913477144843016,2.879988678751141,True
D1,24,28,AutoETS,h1_6,1,ARIMA,7.3534886837005615,5.099456548690796,2.801810643122506,2.4827628986666874,4.9343854903529385,4.810075462193408,1.1071356817334523,0.0,0.0,2.485346472290798,3.784481112677489,True
D1,24,28,AutoETS,h1_12,1,ARIMA,7.3534886837005615,5.099456548690796,1.9885043898539498,1.9196993654947125,3.5165329391345868,3.4416946905442933,0.7672747367764027,0.5,0.5,3.0344846116592263,4.620663487996432,True
D1,24,29,AutoETS,h1,1,ARIMA,7.3534886837005615,5.099456548690796,0.7181575052499425,0.6009027765677044,0.9408445898491758,0.9452914515894689,0.24668016705687382,1.0,1.0,2.1499459620799963,3.2737608126199875,True
D1,24,29,AutoETS,h1_6,1,ARIMA,7.3534886837005615,5.099456548690796,1.2734646670553542,1.151508206528337,1.672660232136188,1.6851570719884135,0.47483896144486587,0.6666666666666666,1.0,3.88184446684357,5.9109533543547705,True
D1,24,29,AutoETS,h1_12,1,ARIMA,7.3534886837005615,5.099456548690796,2.1400324417201952,2.0996150335975794,2.8432180628267676,2.8986334516803494,0.7733059015328841,0.6666666666666666,0.9166666666666666,5.242270643589241,7.9824983998793675,True
D1,24,30,AutoETS,h1,1,ARIMA,7.3534886837005615,5.099456548690796,2.13721323608052,1.7728552721235584,3.5479895445298877,3.6120674319432453,0.8187433715869681,0.0,0.0,2.113890116391279,3.2188579374950086,True
D1,24,30,AutoETS,h1_6,1,ARIMA,7.3534886837005615,5.099456548690796,1.5116702670716726,1.5376850410188823,2.5124432325493915,2.5610835768104456,0.6272411517429217,0.5,0.6666666666666666,3.1156815355272522,4.744303482746466,True
D1,24,30,AutoETS,h1_12,1,ARIMA,7.3534886837005615,5.099456548690796,1.8842670562905401,1.9246473959974855,3.1471067017878362,3.2247782695977008,0.7352267423930545,0.5,0.75,3.980231229737779,6.060768621586875,True
D1,24,31,AutoETS,h1,1,ARIMA,7.3534886837005615,5.099456548690796,1.5162135606702822,1.2334452441835042,2.461779345162197,2.4318460038477587,0.5155254779243675,0.0,1.0,2.205403303672374,3.3582066893440685,True
D1,24,31,AutoETS,h1_6,1,ARIMA,7.3534886837005615,5.099456548690796,1.8209390070636506,1.867743699769987,3.049244106360553,3.109531495289984,0.6895802014331751,0.5,0.6666666666666666,3.3376434383276137,5.08228880521447,True
D1,24,31,AutoETS,h1_12,1,ARIMA,7.3534886837005615,5.099456548690796,2.031366692875409,1.9458265656142422,3.4099972133814522,3.4851773473923737,0.7543662153849184,0.5833333333333334,0.75,4.301881030422538,6.550550472592126,True
D1,24,32,AutoETS,h1,1,ARIMA,7.3534886837005615,5.099456548690796,0.24983751472955767,0.2211994800756231,0.46280563559041327,0.46173716278492133,0.16312074137149754,1.0,1.0,2.0363185844986056,3.1007383913462934,True
D1,24,32,AutoETS,h1_6,1,ARIMA,7.3534886837005615,5.099456548690796,1.1978293162321827,1.148304803431529,2.1994870742869157,2.1757015895975838,0.4258466592379748,0.8333333333333334,1.0,3.491200507773816,5.316112875828507,True
D1,24,32,AutoETS,h1_12,1,ARIMA,7.3534886837005615,5.099456548690796,1.3236448925271502,1.282767034521741,2.467453483440931,2.478481965963457,0.5106200831017482,0.9166666666666666,1.0,4.658137363145812,7.093028303145978,True
D1,24,33,AutoETS,h1,1,ARIMA,7.3534886837005615,5.099456548690796,1.1140467009854886,1.0023320097034205,1.992016449692492,1.9723714676501758,0.3723785284128855,0.0,1.0,1.811081768643535,2.7577663007397613,True
D1,24,33,AutoETS,h1_6,1,ARIMA,7.3534886837005615,5.099456548690796,1.4512096251365794,1.3962826203564933,2.6148773620021317,2.610034853294538,0.5087653401807017,0.3333333333333333,0.8333333333333334,2.4391922257186085,3.7142012235876924,True
D1,24,33,AutoETS,h1_12,1,ARIMA,7.3534886837005615,5.099456548690796,1.111835523757626,1.1434513772960933,1.9992671701667168,1.9912608212417415,0.42895362522082114,0.6666666666666666,0.9166666666666666,3.010886266749098,4.584729870048784,True
D1,24,34,AutoETS,h1,1,ARIMA,7.3534886837005615,5.099456548690796,1.635746759209612,1.3260025171904548,2.7099033351965054,2.673676313401887,0.5642208356649778,0.0,0.0,2.145948286684659,3.267673481458348,True
D1,24,34,AutoETS,h1_6,1,ARIMA,7.3534886837005615,5.099456548690796,1.9514903015624814,1.6363640239853015,3.2209790663852176,3.166580171658462,0.6652920694921676,0.3333333333333333,0.8333333333333334,3.8751456488922145,5.900752945559938,True
D1,24,34,AutoETS,h1_12,1,ARIMA,7.3534886837005615,5.099456548690796,2.6202189852800792,2.253706880801622,4.294383540424157,4.193771878533801,0.8832990735161855,0.4166666666666667,0.9166666666666666,5.234073934887036,7.970017126296204,True
D1,24,35,AutoETS,h1,1,ARIMA,7.3534886837005615,5.099456548690796,0.18004527069069867,0.14240845539490932,0.2814779572887559,0.2818746648130711,0.1772593211191391,1.0,1.0,2.2821370651218524,3.475050547593961,True
D1,24,35,AutoETS,h1_6,1,ARIMA,7.3534886837005615,5.099456548690796,1.3126722014184817,1.5321139459219884,2.0052138228338916,1.963595986732655,0.5466305248617943,0.8333333333333334,0.8333333333333334,4.119676900783905,6.273105015808922,True
D1,24,35,AutoETS,h1_12,1,ARIMA,7.3534886837005615,5.099456548690796,2.3347460800095536,2.238750335889087,3.5503233991627337,3.461058447709669,0.8465334536681297,0.6666666666666666,0.9166666666666666,5.562070255228492,8.469462935240433,True
D1,24,36,AutoETS,h1,1,ARIMA,7.3534886837005615,5.099456548690796,4.00652440068361,3.44238103934776,5.606036241280191,5.453182546354297,1.773515754576626,0.0,0.0,1.9436981944034193,2.959703682152998,True
D1,24,36,AutoETS,h1_6,1,ARIMA,7.3534886837005615,5.099456548690796,2.239340133419914,2.2146522935953543,3.2357611835759976,3.251097928229115,0.9331819500021771,0.3333333333333333,0.3333333333333333,1.9436982186996414,2.9597037191493,True
D1,24,36,AutoETS,h1_12,1,ARIMA,7.3534886837005615,5.099456548690796,1.6975175579442234,1.7650746483179076,2.4566921857713586,2.4715608877994786,0.6842554969452719,0.3333333333333333,0.5,1.943698247855113,2.9597037635448555,True
D1,24,37,AutoETS,h1,1,ARIMA,7.3534886837005615,5.099456548690796,0.8119858934612156,0.6426606078329311,1.2431886012672377,1.2509645254604482,0.27557943830733594,1.0,1.0,2.2791391549465927,3.4704855766483873,True
D1,24,37,AutoETS,h1_6,1,ARIMA,7.3534886837005615,5.099456548690796,0.8270167410353769,0.679583810727284,1.2530777088052143,1.2478953155455383,0.3745426104005439,1.0,1.0,4.010969042525085,6.107573633779557,True
D1,24,37,AutoETS,h1_12,1,ARIMA,7.3534886837005615,5.099456548690796,0.9765528023160853,0.8781734652588664,1.4795987882759967,1.473596715489256,0.4860523575123904,1.0,1.0,5.384673995793644,8.199338507610024,True
D1,24,38,AutoETS,h1,1,ARIMA,7.3534886837005615,5.099456548690796,0.5443257644666792,0.46234847447916105,1.195770052708316,1.1886632133419643,0.20623965229280775,1.0,1.0,2.042190531464976,3.109679709040469,True
D1,24,38,AutoETS,h1_6,1,ARIMA,7.3534886837005615,5.099456548690796,0.20080341190620576,0.2429054202779917,0.44334990797891594,0.4429434457956422,0.25396027878194577,1.0,1.0,3.2530764102551553,4.953517093075484,True
D1,24,38,AutoETS,h1_12,1,ARIMA,7.3534886837005615,5.099456548690796,0.3845855751057376,0.45887597946826525,0.853501151745237,0.8572511471861188,0.34398415894970347,1.0,1.0,4.258853650573162,6.485031918867956,True
D1,24,39,AutoETS,h1,1,ARIMA,7.3534886837005615,5.099456548690796,1.8573140523491238,1.527770968605556,3.022023959593876,3.068387664795548,0.7071684142784718,0.0,0.0,1.8738353648498407,2.853322313651091,True
D1,24,39,AutoETS,h1_6,1,ARIMA,7.3534886837005615,5.099456548690796,0.8850101077971363,0.871862765684849,1.4330865994617108,1.447972978357094,0.3349156510357827,0.6666666666666666,0.8333333333333334,1.87383538828018,2.8533223493288844,True
D1,24,39,AutoETS,h1_12,1,ARIMA,7.3534886837005615,5.099456548690796,1.115697985204475,1.2541587474953109,1.7739803395032543,1.7608338887154809,0.46058499009601483,0.5833333333333334,0.75,1.8738354163967101,2.853322392142423,True
D1,24,40,AutoETS,h1,1,ARIMA,7.3534886837005615,5.099456548690796,1.0527562990709687,0.8541988291190431,1.622661461947773,1.6096022641324153,0.3432634416272533,1.0,1.0,2.3157370550008674,3.5262138475607783,True
D1,24,40,AutoETS,h1_6,1,ARIMA,7.3534886837005615,5.099456548690796,1.3502951419654614,1.184514270260466,2.104869245913156,2.1121221049098646,0.47777711549307295,0.3333333333333333,0.6666666666666666,2.315737083947576,3.526213891638451,True
D1,24,40,AutoETS,h1_12,1,ARIMA,7.3534886837005615,5.099456548690796,2.563722651809066,2.389017811919948,3.898274316230727,3.818395639565103,1.0463152465479537,0.16666666666666666,0.3333333333333333,2.315737118683631,3.5262139445316585,True
D1,24,41,AutoETS,h1,1,ARIMA,7.3534886837005615,5.099456548690796,0.866567789108339,0.7313725048526128,0.9640073989077543,0.9686764552578356,0.2876598882786036,1.0,1.0,2.1387680937200275,3.256740074401029,True
D1,24,41,AutoETS,h1_6,1,ARIMA,7.3534886837005615,5.099456548690796,2.121427626952556,2.2252516321159153,2.391216131024255,2.4356991169533475,0.7737949874473571,0.5,0.8333333333333334,3.8608695535829085,5.879014482265907,True
D1,24,41,AutoETS,h1_12,1,ARIMA,7.3534886837005615,5.099456548690796,1.982658609111212,2.0787136754771365,2.2215430815024457,2.249589283132754,0.7777037803176886,0.6666666666666666,0.9166666666666666,5.212648520862057,7.937392268710818,True
D1,24,42,AutoETS,h1,1,ARIMA,7.3534886837005615,5.099456548690796,1.7737180859913213,1.4863166783886155,2.6929817910975857,2.6572027973549335,0.6367102980059819,0.0,0.0,2.1163054877709455,3.2225358662941983,True
D1,24,42,AutoETS,h1_6,1,ARIMA,7.3534886837005615,5.099456548690796,2.2207272679506103,1.9901228585597832,3.463826962494237,3.513104713327606,0.7607609427206784,0.3333333333333333,0.5,3.439462293491588,5.2373301801610195,True
D1,24,42,AutoETS,h1_12,1,ARIMA,7.3534886837005615,5.099456548690796,2.2535146227179053,2.077415374233827,3.531619296529282,3.5988198391254804,0.7853156004723449,0.5,0.75,4.526576183779088,6.892697764114121,True
D1,24,43,AutoETS,h1,1,ARIMA,7.3534886837005615,5.099456548690796,1.585387540120153,1.2435415772568168,2.4914183805886543,2.4607644121549477,0.5414032691201786,0.0,1.0,2.235850951511605,3.4045698622286924,True
D1,24,43,AutoETS,h1_6,1,ARIMA,7.3534886837005615,5.099456548690796,1.895656004502463,1.5863296225508852,2.9657445556984743,2.9167406390870845,0.6786812147901659,0.3333333333333333,0.8333333333333334,3.6751598817821614,5.596231074315674,True
D1,24,43,AutoETS,h1_12,1,ARIMA,7.3534886837005615,5.099456548690796,2.1437364300459527,1.772585583477326,3.3479812351687808,3.2870838849517616,0.7401297878579635,0.5833333333333334,0.9166666666666666,4.852638467478947,7.389198581193842,True
D1,24,44,AutoETS,h1,1,ARIMA,7.3534886837005615,5.099456548690796,0.7733329158833526,0.6587520054740295,1.858772058598869,1.876209285579463,0.2542043239909141,1.0,1.0,1.7944909575625358,2.732503178724349,True
D1,24,44,AutoETS,h1_6,1,ARIMA,7.3534886837005615,5.099456548690796,0.7354626354493577,0.7506822056285648,1.7720769837017976,1.793394445782932,0.286526876800611,0.6666666666666666,1.0,2.1852620402193224,3.3275372305891744,True
D1,24,44,AutoETS,h1_12,1,ARIMA,7.3534886837005615,5.099456548690796,0.9552065111549627,0.9121694261678962,2.263927898943179,2.254107352788172,0.34184227382867055,0.75,1.0,2.5668446453999456,3.90857982498499,True
D1,24,45,AutoETS,h1,1,ARIMA,7.3534886837005615,5.099456548690796,1.830957011366089,1.4305773537674609,2.05619604678798,2.0775553522998913,0.6967415008073864,0.0,0.0,1.8505562513057323,2.8178747949611522,True
D1,24,45,AutoETS,h1_6,1,ARIMA,7.3534886837005615,5.099456548690796,1.5704604302851262,1.434724200787598,1.753700491693151,1.7622980608841117,0.6178911994749282,0.5,0.5,1.8505562744412392,2.8178748301899805,True
D1,24,45,AutoETS,h1_12,1,ARIMA,7.3534886837005615,5.099456548690796,2.013449193026696,1.8724654590842513,2.217566465636622,2.1982817001812025,0.8280268635766361,0.3333333333333333,0.4166666666666667,1.8505563022038023,2.8178748724645253,True
D1,24,46,AutoETS,h1,1,ARIMA,7.3534886837005615,5.099456548690796,0.5097338150320277,0.3892606238206577,0.8078690299127078,0.8111455266614177,0.21595979855063874,1.0,1.0,2.3159495410392097,3.526537403816532,True
D1,24,46,AutoETS,h1_6,1,ARIMA,7.3534886837005615,5.099456548690796,0.5518823236341854,0.587458543136341,0.8649358661830394,0.8588577601628711,0.31654079072432206,1.0,1.0,3.37214421483865,5.13482374894744,True
D1,24,46,AutoETS,h1_12,1,ARIMA,7.3534886837005615,5.099456548690796,0.6902518009313365,0.6270474986415416,1.0899657354076033,1.090507131404866,0.380120406457175,1.0,1.0,4.290364073879758,6.533013398788688,True
D1,24,47,AutoETS,h1,1,ARIMA,7.3534886837005615,5.099456548690796,0.5632659052921298,0.4626578684890505,0.8599890649520966,0.8637029403725331,0.21086033977349086,1.0,1.0,2.0680717241283673,3.149089459713132,True
D1,24,47,AutoETS,h1_6,1,ARIMA,7.3534886837005615,5.099456548690796,0.8691009213585728,0.8622571195172289,1.3099693552039304,1.2989810832422768,0.35639027436074144,0.8333333333333334,0.8333333333333334,2.8761812972938756,4.3796122261424895,True
D1,24,47,AutoETS,h1_12,1,ARIMA,7.3534886837005615,5.099456548690796,1.0730195311473953,1.1003598943311959,1.6401382187711953,1.6497044207389278,0.43464476336176017,0.75,0.9166666666666666,3.597026263597841,5.477255629410738,True
D1,24,48,AutoETS,h1,1,ARIMA,7.3534886837005615,5.099456548690796,0.5777144299826033,0.49898194180632854,1.1689437147701531,1.1758160285516606,0.21387510436824328,1.0,1.0,2.078796831098552,3.165420770141126,True
D1,24,48,AutoETS,h1_6,1,ARIMA,7.3534886837005615,5.099456548690796,1.4268643110454573,1.3275562382079393,2.8573572440347985,2.8460684896363735,0.4870979909150745,0.6666666666666666,1.0,3.4960313382813366,5.323468867042639,True
D1,24,48,AutoETS,h1_12,1,ARIMA,7.3534886837005615,5.099456548690796,1.614360506725108,1.4922933045068094,3.205327527067958,3.165530847602247,0.5673847107959783,0.8333333333333334,1.0,4.642427704840704,7.069106928076084,True
D1,24,49,AutoETS,h1,1,ARIMA,7.3534886837005615,5.099456548690796,2.429640769604577,2.027266263286029,4.498020945926489,4.60150937365436,0.9628631011850673,0.0,0.0,2.131606065123323,3.245834326548611,True
D1,24,49,AutoETS,h1_6,1,ARIMA,7.3534886837005615,5.099456548690796,1.4253860606778572,1.3719893496509308,2.585070970328842,2.591098087861778,0.5407703094990206,0.5,0.8333333333333334,3.0575972445000494,4.655857503569524,True
D1,24,49,AutoETS,h1_12,1,ARIMA,7.3534886837005615,5.099456548690796,1.1827717957891701,1.188929222904418,2.135337330779112,2.1303551757980435,0.49726929493787264,0.75,0.9166666666666666,3.8694324032867446,5.892053285240118,True
D1,24,50,AutoETS,h1,1,ARIMA,7.3534886837005615,5.099456548690796,1.1931955307210003,0.9319423999832026,1.8400955066974578,1.8571824723095283,0.3863544809823084,0.0,1.0,2.3111270879511765,3.5191941690474886,True
D1,24,50,AutoETS,h1_6,1,ARIMA,7.3534886837005615,5.099456548690796,2.0016713432943396,1.785494614426783,3.121183125928098,3.186594977319578,0.7140323687086527,0.5,0.6666666666666666,4.172009220883533,6.352792366931868,True
D1,24,50,AutoETS,h1_12,1,ARIMA,7.3534886837005615,5.099456548690796,2.3043715114838776,1.9738149525477973,3.5976519870668735,3.677745560927348,0.8084165939320045,0.6666666666666666,0.8333333333333334,5.632725320667685,8.577050655363475,True
D1,24,51,AutoETS,h1,1,ARIMA,7.3534886837005615,5.099456548690796,0.4254591637604984,0.35093417927956466,1.0300414382159229,1.035373827950087,0.19470248695903813,1.0,1.0,2.1884608107350747,3.332408055134408,True
D1,24,51,AutoETS,h1_6,1,ARIMA,7.3534886837005615,5.099456548690796,1.0504083777753455,1.0676409651676202,2.484249172273503,2.440527950593087,0.4276152860962148,1.0,1.0,3.9505740422189493,6.015609096638756,True
D1,24,51,AutoETS,h1_12,1,ARIMA,7.3534886837005615,5.099456548690796,0.8806694550361789,0.916641730240727,2.0869442076425715,2.054045762866429,0.48360442869319425,1.0,1.0,5.333760608052211,8.12181178993179,True
D1,24,52,AutoETS,h1,1,ARIMA,7.3534886837005615,5.099456548690796,0.6395149468246026,0.49937099212552766,1.0686576941590964,1.074398515359255,0.2367611262706285,1.0,1.0,2.301296571169869,3.504225066951872,True
D1,24,52,AutoETS,h1_6,1,ARIMA,7.3534886837005615,5.099456548690796,0.736217840897581,0.8215825697774811,1.2166306212495057,1.2100073200082437,0.4042555338762963,0.8333333333333334,1.0,3.8258431448374353,5.825679149015574,True
D1,24,52,AutoETS,h1_12,1,ARIMA,7.3534886837005615,5.099456548690796,1.4496475100167021,1.4693579020123768,2.4475020535821415,2.487978976562898,0.6015743226553543,0.75,1.0,5.06544073841928,7.713236369923669,True
D1,24,53,AutoETS,h1,1,ARIMA,7.3534886837005615,5.099456548690796,0.7272954694830222,0.5522908112341237,1.1900722170636822,1.1971959653473854,0.25143264422003003,1.0,1.0,2.25081716602079,3.427359182257008,True
D1,24,53,AutoETS,h1_6,1,ARIMA,7.3534886837005615,5.099456548690796,0.5040679039047422,0.4434446530390729,0.8186073559657857,0.8173442863336375,0.2447147491903467,1.0,1.0,2.6193009532482208,3.9884559744498262,True
D1,24,53,AutoETS,h1_12,1,ARIMA,7.3534886837005615,5.099456548690796,0.9640518699186329,0.9848890608720416,1.5643749058371483,1.5614329188191551,0.39487694105137144,0.8333333333333334,0.9166666666666666,2.9928325791746846,4.557239200075283,True
D1,24,54,AutoETS,h1,1,ARIMA,7.3534886837005615,5.099456548690796,3.4907726733475237,2.720556980375216,3.771372827873878,3.7015727729915864,1.4716181577784848,0.0,0.0,2.3161303463546834,3.526812719274194,True
D1,24,54,AutoETS,h1_6,1,ARIMA,7.3534886837005615,5.099456548690796,1.4492272094864584,1.418878272856589,1.5915898550081475,1.5879679434272789,0.6255432264596978,0.8333333333333334,0.8333333333333334,4.181041021991613,6.366545250518968,True
D1,24,54,AutoETS,h1_12,1,ARIMA,7.3534886837005615,5.099456548690796,3.1527351006798874,2.9484534139345837,3.548659294266611,3.6311660130107954,1.1474315589482749,0.4166666666666667,0.75,5.644919362458889,8.595618738872368,True
D1,24,55,AutoETS,h1,1,ARIMA,7.3534886837005615,5.099456548690796,0.4010155001097899,0.3096207101298342,0.5602521811836991,0.5618260024001511,0.18756076329023535,1.0,1.0,2.134227243619966,3.2498256414916686,True
D1,24,55,AutoETS,h1_6,1,ARIMA,7.3534886837005615,5.099456548690796,0.48205443229445144,0.47732531918099846,0.675108390302466,0.6786788351249793,0.2435923705089498,1.0,1.0,2.606009935458349,3.968217506149803,True
D1,24,55,AutoETS,h1_12,1,ARIMA,7.3534886837005615,5.099456548690796,1.5611602921017838,1.5320913741583944,2.2138903944708304,2.254490020619947,0.5895286415473777,0.5833333333333334,0.8333333333333334,3.0657325168581346,4.668245226942875,True
D1,24,56,AutoETS,h1,1,ARIMA,7.3534886837005615,5.099456548690796,1.9827579831212316,1.5341462614594075,2.615895552164141,2.5821227352724354,0.7383826344322498,0.0,0.0,2.1403968226940795,3.259220168870214,True
D1,24,56,AutoETS,h1_6,1,ARIMA,7.3534886837005615,5.099456548690796,1.3430866715212588,1.2599461284322842,1.7723100889814565,1.7498159374569024,0.543397913815609,0.5,0.8333333333333334,3.4229773302764483,5.212228234566539,True
D1,24,56,AutoETS,h1_12,1,ARIMA,7.3534886837005615,5.099456548690796,1.621001667418498,1.46989829774749,2.1353502730885676,2.1047382197730125,0.6275574921333501,0.6666666666666666,0.9166666666666666,4.485416655924924,6.830023421720634,True
D1,24,57,AutoETS,h1,1,ARIMA,7.3534886837005615,5.099456548690796,1.218380319080191,0.9653554797021784,1.6170070200294702,1.6040383139591294,0.4041547893450378,0.0,1.0,2.0728838360619335,3.1564169478230357,True
D1,24,57,AutoETS,h1_6,1,ARIMA,7.3534886837005615,5.099456548690796,2.2546467383864317,1.9524827851705726,2.9634376488559737,2.9122499327290567,0.8549732117029852,0.16666666666666666,0.5,2.7067726737258013,4.12165071318405,True
D1,24,57,AutoETS,h1_12,1,ARIMA,7.3534886837005615,5.099456548690796,1.8922849076821966,1.7000171382846485,2.4919351752029866,2.4534593134103333,0.7059638934197975,0.5,0.75,3.295409089026194,5.017977813157846,True
D1,24,58,AutoETS,h1,1,ARIMA,7.3534886837005615,5.099456548690796,2.3347446474419384,1.7585043947300114,4.148005195942458,4.235856979748793,0.8963565320989563,0.0,0.0,2.292844631724684,3.491355148993805,True
D1,24,58,AutoETS,h1_6,1,ARIMA,7.3534886837005615,5.099456548690796,1.8373938719756286,1.640406936835544,3.271808890811644,3.349559625638581,0.7183808501649773,0.5,0.5,3.3276676592884735,5.0670985097048575,True
D1,24,58,AutoETS,h1_12,1,ARIMA,7.3534886837005615,5.099456548690796,1.580384138034851,1.4365653032805408,2.779134944928324,2.8102039630057507,0.6422499656766031,0.75,0.75,4.228327674660511,6.438549474437985,True
D1,24,59,AutoETS,h1,1,ARIMA,7.3534886837005615,5.099456548690796,0.052904939117262496,0.04072102697997885,0.0699102458180992,0.06993469157549548,0.17687139442662747,1.0,1.0,2.37321996521675,3.613744093520112,True
D1,24,59,AutoETS,h1_6,1,ARIMA,7.3534886837005615,5.099456548690796,0.6914982118096374,0.6159858489892346,0.9157545050825521,0.9181347778105251,0.2998674149900839,1.0,1.0,3.005569639255805,4.576634147156291,True
D1,24,59,AutoETS,h1_12,1,ARIMA,7.3534886837005615,5.099456548690796,0.9194919032859419,0.9476637405560369,1.226372230075333,1.2385046774348258,0.40251586434653713,0.8333333333333334,1.0,3.605390834036134,5.4899925090338915,True
D1,24,60,AutoETS,h1,1,ARIMA,7.3534886837005615,5.099456548690796,0.5153306586037499,0.45987563476851373,0.886056193738388,0.8821480301090269,0.2003078190997949,1.0,1.0,2.0227563448795904,3.0800869287610735,True
D1,24,60,AutoETS,h1_6,1,ARIMA,7.3534886837005615,5.099456548690796,1.0820374360804308,1.097369025238828,1.8865521037959994,1.9050461668443226,0.42237055666826595,0.8333333333333334,1.0,3.6514470218595716,5.560123082329395,True
D1,24,60,AutoETS,h1_12,1,ARIMA,7.3534886837005615,5.099456548690796,1.0709088440212713,1.0782328520516922,1.8490021420778868,1.849084742016115,0.4830735582615874,0.9166666666666666,1.0,4.9299023583532,7.506849676912535,True
D1,24,61,AutoETS,h1,1,ARIMA,7.3534886837005615,5.099456548690796,0.626589963572766,0.4414122930129301,0.7914973731078937,0.7883773799815283,0.24583292852373298,1.0,1.0,2.499754166444725,3.806419963864107,True
D1,24,61,AutoETS,h1_6,1,ARIMA,7.3534886837005615,5.099456548690796,1.4462180031061844,1.3252251456937387,1.8061023251020012,1.779005882497683,0.6254154266301897,0.5,0.8333333333333334,4.513700540759661,6.873091794337322,True
D1,24,61,AutoETS,h1_12,1,ARIMA,7.3534886837005615,5.099456548690796,1.6873911123917014,1.4338078644602033,2.1434695024342343,2.14816057631918,0.7052365849022825,0.75,0.9166666666666666,6.0959888918901095,9.282470304104367,True
D1,24,62,AutoETS,h1,1,ARIMA,7.3534886837005615,5.099456548690796,0.6693558994259707,0.5442548870217955,1.5293943481629162,1.5411797058208454,0.22114278228462012,1.0,1.0,1.6041046737601004,2.4425986108115154,True
D1,24,62,AutoETS,h1_6,1,ARIMA,7.3534886837005615,5.099456548690796,0.5592132438123325,0.4788411030777439,1.2649904994534367,1.2620777592012626,0.19718906900347877,0.8333333333333334,1.0,1.6041046938207129,2.4425986413581535,True
D1,24,62,AutoETS,h1_12,1,ARIMA,7.3534886837005615,5.099456548690796,0.4687837696667933,0.4695981924810186,1.0574011849091092,1.0519714499511068,0.19248046255939497,0.75,1.0,1.6041047178935268,2.442598678014255,True
D1,24,63,AutoETS,h1,1,ARIMA,7.3534886837005615,5.099456548690796,0.15217735356843962,0.13555395257170544,0.3237733150232947,0.32429831071888426,0.13013717381318415,1.0,1.0,1.660303152460997,2.5281730301433556,True
D1,24,63,AutoETS,h1_6,1,ARIMA,7.3534886837005615,5.099456548690796,2.247596330017849,2.420470885029013,4.665122574723888,4.513745817208665,0.9692654172180416,0.16666666666666666,0.16666666666666666,1.66030341534229,2.528173430437361,True
D1,24,63,AutoETS,h1_12,1,ARIMA,7.3534886837005615,5.099456548690796,2.331734525319652,2.496334999723081,4.882318904462889,4.718625231148382,1.0012298185580157,0.16666666666666666,0.16666666666666666,1.6603047809399856,2.52817550985717,True
D1,24,64,AutoETS,h1,1,ARIMA,7.3534886837005615,5.099456548690796,1.0314653360919723,0.8584036528529294,1.688234471784262,1.7026064664267846,0.3337300324094579,1.0,1.0,2.150853117595769,3.275142154398288,True
D1,24,64,AutoETS,h1_6,1,ARIMA,7.3534886837005615,5.099456548690796,3.2049266709076436,2.792298163073834,5.354479070242159,5.516819147359951,1.2000011218361906,0.16666666666666666,0.16666666666666666,3.5067522055401703,5.339793721587036,True
D1,24,64,AutoETS,h1_12,1,ARIMA,7.3534886837005615,5.099456548690796,2.75630434810042,2.435920326314471,4.589552476959422,4.712170323940492,0.9906689357585058,0.4166666666666667,0.5833333333333334,4.619116309871614,7.033610253888293,True
D1,24,65,AutoETS,h1,1,ARIMA,7.3534886837005615,5.099456548690796,1.6809983470322993,1.35219606144414,2.103614998335626,2.0817193184327256,0.578309710572193,0.0,1.0,2.2440502363015558,3.4170550584662975,True
D1,24,65,AutoETS,h1_6,1,ARIMA,7.3534886837005615,5.099456548690796,1.8654031029322105,1.6076572543342444,2.3472293153212793,2.3361768584343134,0.663366794451549,0.5,1.0,4.050923173712433,6.168412497309334,True
D1,24,65,AutoETS,h1_12,1,ARIMA,7.3534886837005615,5.099456548690796,1.9948110207330965,1.7504363463750987,2.5391851553921474,2.556824841949471,0.729198154190622,0.6666666666666666,1.0,5.469244271664687,8.328115165229462,True
D1,24,66,AutoETS,h1,1,ARIMA,7.3534886837005615,5.099456548690796,0.5515878221037376,0.4598190734653911,0.8239799127721563,0.8273886709969399,0.20718070129856223,1.0,1.0,2.0374298341758577,3.102430510920734,True
D1,24,66,AutoETS,h1_6,1,ARIMA,7.3534886837005615,5.099456548690796,0.9526390019186816,0.8273488098950327,1.428235351838209,1.4394110984843138,0.32090216535152905,0.6666666666666666,1.0,2.170333757071048,3.3048056693162433,True
D1,24,66,AutoETS,h1_12,1,ARIMA,7.3534886837005615,5.099456548690796,1.7620799861127634,1.6936609779678782,2.6681069272059874,2.716807555897831,0.6611271540190192,0.3333333333333333,0.75,2.3173938776800833,3.5287367208126508,True
D1,24,67,AutoETS,h1,1,ARIMA,7.3534886837005615,5.099456548690796,0.7960714819403736,0.6939203167580008,1.6377189619773198,1.651240299725528,0.2647813414289008,1.0,1.0,1.9885998297903529,3.0280761979952597,True
D1,24,67,AutoETS,h1_6,1,ARIMA,7.3534886837005615,5.099456548690796,1.0881996646278347,1.213544107200611,2.2573663923153826,2.2960790760123255,0.46362909717094625,0.6666666666666666,0.8333333333333334,3.0317290381553637,4.616467527394462,True
D1,24,67,AutoETS,h1_12,1,ARIMA,7.3534886837005615,5.099456548690796,0.9240347856734504,1.038935390068177,1.9134942237739292,1.942674761432979,0.4428058005392177,0.8333333333333334,0.9166666666666666,3.916901003683408,5.964334564188251,True
D1,24,68,AutoETS,h1,1,ARIMA,7.3534886837005615,5.099456548690796,0.4864310945262783,0.37797567890214623,0.806802219654741,0.8035606470862591,0.20630718410247045,1.0,1.0,2.2139656530381626,3.3712447304446735,True
D1,24,68,AutoETS,h1_6,1,ARIMA,7.3534886837005615,5.099456548690796,0.8601899573815294,0.7419527494396969,1.4205508476346107,1.4088500270315005,0.3270032745836614,0.8333333333333334,1.0,2.936447301358478,4.471380338420547,True
D1,24,68,AutoETS,h1_12,1,ARIMA,7.3534886837005615,5.099456548690796,1.0519445509473653,1.0204523359475302,1.7637976492539433,1.776593701741831,0.42656820838792714,0.75,1.0,3.6002902588660914,5.482225772842367,True
D1,24,69,AutoETS,h1,1,ARIMA,7.3534886837005615,5.099456548690796,0.133761612862153,0.09491183058653399,0.2240928395323371,0.22384203254893417,0.18049834542606893,1.0,1.0,2.3614162852673743,3.595770420904832,True
D1,24,69,AutoETS,h1_6,1,ARIMA,7.3534886837005615,5.099456548690796,0.6750976232207937,0.7055218980927838,1.1395457067326786,1.1472469881625873,0.32310234486049305,0.8333333333333334,1.0,2.7348063499269233,4.1643380886807435,True
D1,24,69,AutoETS,h1_12,1,ARIMA,7.3534886837005615,5.099456548690796,1.6215605917807503,1.4294375609551637,2.7747096413192076,2.8326413939396717,0.6173475797028241,0.5,0.75,3.11491220426615,4.743132008402949,True
D1,24,70,AutoETS,h1,1,ARIMA,7.3534886837005615,5.099456548690796,0.07739979698176856,0.06405999136754587,0.14946090959665548,0.14957268594511633,0.1454287373033671,1.0,1.0,1.9256325386129605,2.9321947879648835,True
D1,24,70,AutoETS,h1_6,1,ARIMA,7.3534886837005615,5.099456548690796,0.9224796480050849,0.8966439499412083,1.758729435401794,1.738002745672005,0.34339895154164907,0.6666666666666666,1.0,2.455769274842963,3.7394433900278625,True
D1,24,70,AutoETS,h1_12,1,ARIMA,7.3534886837005615,5.099456548690796,1.6591634875673764,1.5721021237066202,3.135993535969451,3.073390772175448,0.590407561012626,0.4166666666666667,0.8333333333333334,2.9562137135330016,4.5014790044914115,True
D1,24,71,AutoETS,h1,1,ARIMA,7.3534886837005615,5.099456548690796,0.6015193563887901,0.446720186229468,0.8949990725688454,0.899022192712327,0.23550860929606526,1.0,1.0,2.391104498001726,3.6409771884983892,True
D1,24,71,AutoETS,h1_6,1,ARIMA,7.3534886837005615,5.099456548690796,0.8140741958409206,0.7315258670127364,1.1966502217820811,1.1876510439046402,0.31951431283212606,0.6666666666666666,1.0,2.39110452789054,3.6409772340106055,True
D1,24,71,AutoETS,h1_12,1,ARIMA,7.3534886837005615,5.099456548690796,1.4050092002241947,1.178045797481984,2.054643987935341,2.02885189402329,0.5200771119919071,0.3333333333333333,0.75,2.391104563757104,3.640977288625261,True
D1,24,72,AutoETS,h1,1,ARIMA,7.3534886837005615,5.099456548690796,0.22612750819664154,0.17508118378061882,0.38424579673027115,0.38498544191957085,0.18342905350749697,1.0,1.0,2.331388396583921,3.5500464227246593,True
D1,24,72,AutoETS,h1_6,1,ARIMA,7.3534886837005615,5.099456548690796,0.6992521355808105,0.7746029189530762,1.2003079931930436,1.2151836535921123,0.3875572675944667,1.0,1.0,4.20858460736214,6.408486356023703,True
D1,24,72,AutoETS,h1_12,1,ARIMA,7.3534886837005615,5.099456548690796,1.6898636066401218,1.6078762354231058,2.929437617670985,2.996168490101312,0.6505283216076759,0.8333333333333334,1.0,5.682106588690783,8.652244387198067,True
D1,24,73,AutoETS,h1,1,ARIMA,7.3534886837005615,5.099456548690796,0.423344181614198,0.33119296149127275,0.8520546033434038,0.8557001194727951,0.19658983145124867,1.0,1.0,2.228057719909341,3.392702970375048,True
D1,24,73,AutoETS,h1_6,1,ARIMA,7.3534886837005615,5.099456548690796,0.7058142462280975,0.6295808208469982,1.4276821814200045,1.4410746058939818,0.35865767578775065,1.0,1.0,4.024149162363487,6.127643235803796,True
D1,24,73,AutoETS,h1_12,1,ARIMA,7.3534886837005615,5.099456548690796,0.6366492691485796,0.6351838665943658,1.288317745973285,1.3010498850463048,0.45221607229269534,1.0,1.0,5.436526122317696,8.278294659466615,True
D1,24,74,AutoETS,h1,1,ARIMA,7.3534886837005615,5.099456548690796,1.3694642317931407,1.1592399912823088,2.591813770514798,2.6258422409107576,0.4609087420858494,0.0,1.0,2.1324251938272263,3.2470816283406725,True
D1,24,74,AutoETS,h1_6,1,ARIMA,7.3534886837005615,5.099456548690796,1.080900889192746,1.0334485781852163,2.029605743254894,2.0404371793720846,0.43659921843369476,0.8333333333333334,1.0,3.849419453336221,5.861579211729198,True
D1,24,74,AutoETS,h1_12,1,ARIMA,7.3534886837005615,5.099456548690796,1.5041761471938284,1.4861067934759322,2.857280249323971,2.9069185568285327,0.5834632780622768,0.9166666666666666,1.0,5.197189477947948,7.913852510137606,True
D1,24,75,AutoETS,h1,1,ARIMA,7.3534886837005615,5.099456548690796,2.014949621882825,1.7875957249545678,3.793717467524364,3.7230956034048637,0.7988077544888534,0.0,0.0,1.7653625913885027,2.6881488994084406,True
D1,24,75,AutoETS,h1_6,1,ARIMA,7.3534886837005615,5.099456548690796,3.1404539881275735,2.8580286228296865,5.84211813103516,5.668567607347957,1.2931387308600626,0.0,0.0,2.3442188848045467,3.5695836344891925,True
D1,24,75,AutoETS,h1_12,1,ARIMA,7.3534886837005615,5.099456548690796,2.582621055200902,2.4183709703582164,4.823663874403699,4.6982604498879414,0.9955449935672455,0.16666666666666666,0.4166666666666667,2.875895046289522,4.379176346665917,True
D1,24,76,AutoETS,h1,1,ARIMA,7.3534886837005615,5.099456548690796,1.5734910230278647,1.2037547217261393,2.2356991796025922,2.260973462175032,0.531801413442849,0.0,1.0,2.383906162776266,3.6300161558990123,True
D1,24,76,AutoETS,h1_6,1,ARIMA,7.3534886837005615,5.099456548690796,3.021244757465925,2.525966944646791,4.356070667109913,4.4735776072509665,1.1081221151079685,0.16666666666666666,0.5,4.304650320362068,6.554767319453729,True
D1,24,76,AutoETS,h1_12,1,ARIMA,7.3534886837005615,5.099456548690796,2.309884686306183,2.0279446352562434,3.315525118816106,3.3891791095211112,0.9029743036352926,0.5833333333333334,0.75,5.813871050158604,8.852884467487346,True
D1,24,77,AutoETS,h1,1,ARIMA,7.3534886837005615,5.099456548690796,0.1022906943407937,0.07655273281933651,0.17418427910018217,0.1743361121502623,0.1624767875240773,1.0,1.0,2.1393768157096393,3.257666986160928,True
D1,24,77,AutoETS,h1_6,1,ARIMA,7.3534886837005615,5.099456548690796,1.7304822155239743,1.521305239384762,3.0054134824663974,3.0697114846814295,0.654340804038003,0.3333333333333333,0.6666666666666666,2.6221736773484006,3.9928303223406685,True
D1,24,77,AutoETS,h1_12,1,ARIMA,7.3534886837005615,5.099456548690796,2.351032779555049,1.9377371789348914,4.0996296487499855,4.204967176606349,0.8649731765334108,0.16666666666666666,0.5,3.0912604883720265,4.707117121512268,True
D1,24,78,AutoETS,h1,1,ARIMA,7.3534886837005615,5.099456548690796,0.25321491774389554,0.20329354523963827,0.4623231528571036,0.46125690412614007,0.17167892969468085,1.0,1.0,2.1505306985729313,3.274651201239089,True
D1,24,78,AutoETS,h1_6,1,ARIMA,7.3534886837005615,5.099456548690796,0.8379153446039922,0.863261760375569,1.5182193397381436,1.5036150677749243,0.3774225632811132,1.0,1.0,3.8713396610425685,5.894957500420743,True
D1,24,78,AutoETS,h1_12,1,ARIMA,7.3534886837005615,5.099456548690796,1.0911729631683214,1.033475261895265,1.9752575095579317,1.9545033764165978,0.49946111298915397,1.0,1.0,5.225703108624751,7.957270720819022,True
D1,24,79,AutoETS,h1,1,ARIMA,7.3534886837005615,5.099456548690796,0.3172080876282074,0.25842443118427255,0.5161621543284157,0.5174977180133649,0.17853893179991295,1.0,1.0,2.1956234280489917,3.3433146994369616,True
D1,24,79,AutoETS,h1_6,1,ARIMA,7.3534886837005615,5.099456548690796,2.670281928261277,2.442210202218356,4.21943378989422,4.11143402355972,0.9603860551663171,0.16666666666666666,0.5,3.794103633933527,5.777348833351071,True
D1,24,79,AutoETS,h1_12,1,ARIMA,7.3534886837005615,5.099456548690796,2.490178296123868,2.266987027892478,3.942630549385445,3.8489404586773426,0.9030004639351624,0.4166666666666667,0.75,5.073300482536453,7.725204541562323,True
D1,24,80,AutoETS,h1,1,ARIMA,7.3534886837005615,5.099456548690796,0.5970075232382637,0.5156269251803343,1.0433597205218925,1.0488312619837827,0.2101823111238898,1.0,1.0,1.956668692317933,2.9794540891593435,True
D1,24,80,AutoETS,h1_6,1,ARIMA,7.3534886837005615,5.099456548690796,0.8656566415934656,0.9079588159238573,1.521658727214785,1.5387647148079775,0.3322535733169851,0.8333333333333334,1.0,2.54909532620811,3.8815526221409224,True
D1,24,80,AutoETS,h1_12,1,ARIMA,7.3534886837005615,5.099456548690796,0.7348111349841349,0.8006947644205064,1.2826972361776852,1.288188935308706,0.33164870870795576,0.9166666666666666,1.0,3.0999554134693845,4.720357038028514,True
D1,24,81,AutoETS,h1,1,ARIMA,7.3534886837005615,5.099456548690796,0.25803398623841717,0.2110035817945173,0.4554406808532919,0.4564801790710527,0.16551525952836996,1.0,1.0,2.0627774526617815,3.141027778738652,True
D1,24,81,AutoETS,h1_6,1,ARIMA,7.3534886837005615,5.099456548690796,1.0675114966216155,1.0807168618014267,1.900977516461836,1.9229828323258795,0.4046003813348653,0.6666666666666666,0.8333333333333334,2.506301924111184,3.816390350486403,True
D1,24,81,AutoETS,h1_12,1,ARIMA,7.3534886837005615,5.099456548690796,1.109002308168983,1.0971140725273363,1.9776675508054995,2.003345123929415,0.4219580670326236,0.6666666666666666,0.9166666666666666,2.940163461400155,4.477039001164838,True
D1,24,82,AutoETS,h1,1,ARIMA,7.3534886837005615,5.099456548690796,1.7751702883738643,1.4002987268383298,3.067689995675832,3.115476577315802,0.6337720510765911,0.0,0.0,2.147306562899985,3.2697417527195336,True
D1,24,82,AutoETS,h1_6,1,ARIMA,7.3534886837005615,5.099456548690796,1.9537361501495982,1.9235868302106705,3.256946737995561,3.1935093224467144,0.7780203638911815,0.5,0.5,2.8364623975779475,4.319131553742438,True
D1,24,82,AutoETS,h1_12,1,ARIMA,7.3534886837005615,5.099456548690796,1.767551803606666,1.794777421916036,2.9436175987363353,2.882903801944711,0.7280011582064215,0.5833333333333334,0.5833333333333334,3.4713758916501773,5.2859255815729735,True
D1,24,83,AutoETS,h1,1,ARIMA,7.3534886837005615,5.099456548690796,0.4696874188213233,0.39047062544477806,0.7507534740228591,0.7479458592617503,0.19925459163712514,1.0,1.0,2.1386204879058592,3.2565153124122785,True
D1,24,83,AutoETS,h1_6,1,ARIMA,7.3534886837005615,5.099456548690796,0.8726967512316788,1.051785617300062,1.3835388667992374,1.3677044704702357,0.38726254685377187,0.8333333333333334,1.0,3.3930717307342437,5.166690448228654,True
D1,24,83,AutoETS,h1_12,1,ARIMA,7.3534886837005615,5.099456548690796,1.7830222374929954,1.8819122479559711,2.798248469052852,2.7389721438280996,0.6786292999591808,0.6666666666666666,0.8333333333333334,4.435597290821581,6.754162591699047,True
D1,24,84,AutoETS,h1,1,ARIMA,7.3534886837005615,5.099456548690796,1.5970536558377966,1.232519431029832,2.4264394331706853,2.3973542586286047,0.5430445962919088,0.0,1.0,2.322012953630969,3.5357702696111954,True
D1,24,84,AutoETS,h1_6,1,ARIMA,7.3534886837005615,5.099456548690796,0.7783018112438912,0.7685642184189667,1.1888121599857027,1.1808636750418455,0.40544962355941366,0.6666666666666666,1.0,3.8307357203241357,5.833129160403602,True
D1,24,84,AutoETS,h1_12,1,ARIMA,7.3534886837005615,5.099456548690796,1.0044999376352308,1.0273138614103825,1.5558456116292427,1.567548209137027,0.5078222913673266,0.8333333333333334,1.0,5.061760733451019,7.707632761150318,True
D1,24,85,AutoETS,h1,1,ARIMA,7.3534886837005615,5.099456548690796,0.0109564438241413,0.008736571657599586,0.020856071039477026,0.02085389638775446,0.18266600679931594,1.0,1.0,2.4840827548934796,3.7825568278040316,True
D1,24,85,AutoETS,h1_6,1,ARIMA,7.3534886837005615,5.099456548690796,1.2365094836147872,1.234181950647224,2.384818536692884,2.417489150920692,0.48725007438081713,0.5,0.8333333333333334,2.601728586311347,3.9616982199399096,True
D1,24,85,AutoETS,h1_12,1,ARIMA,7.3534886837005615,5.099456548690796,1.0211511119252608,1.0869397626261932,1.9709588266624656,1.9992920969075523,0.43030436045527803,0.5833333333333334,0.9166666666666666,2.7344978696307227,4.16386836026758,True
D1,24,86,AutoETS,h1,1,ARIMA,7.3534886837005615,5.099456548690796,1.340527054462858,1.1409892803964314,2.1214876400544727,2.0992202905536663,0.45258263145707156,0.0,1.0,2.045318681442934,3.1144429984414455,True
D1,24,86,AutoETS,h1_6,1,ARIMA,7.3534886837005615,5.099456548690796,1.6421874153403386,1.5680113388907917,2.588848055292317,2.55254319987035,0.6253251424489733,0.5,0.8333333333333334,3.6932085821049734,5.6237141501127965,True
D1,24,86,AutoETS,h1_12,1,ARIMA,7.3534886837005615,5.099456548690796,1.7591751065172279,1.8295130338987804,2.7586662462660723,2.7062469641110325,0.6966235372382521,0.6666666666666666,0.9166666666666666,4.987974661396075,7.595277401773319,True
D1,24,87,AutoETS,h1,1,ARIMA,7.3534886837005615,5.099456548690796,0.569632232170371,0.47175696462819044,1.2637087712302435,1.271744343639341,0.2104679201439413,1.0,1.0,2.042376565848188,3.109962986892239,True
D1,24,87,AutoETS,h1_6,1,ARIMA,7.3534886837005615,5.099456548690796,0.6201467128276974,0.6110847684914084,1.3566835062355487,1.3465254935092672,0.29476661117282976,1.0,1.0,2.986121725702724,4.547020464579957,True
D1,24,87,AutoETS,h1_12,1,ARIMA,7.3534886837005615,5.099456548690796,1.87190678837104,2.0348092677461214,3.9876505766344175,3.8601227204504576,0.699654669866779,0.6666666666666666,0.9166666666666666,3.8050107346200024,5.793957268835722,True
D1,24,88,AutoETS,h1,1,ARIMA,7.3534886837005615,5.099456548690796,0.3331348624053292,0.2729297550207098,0.5106152693003992,0.5119222458775976,0.17577203436497021,1.0,1.0,2.125824868980872,3.2370311967420737,True
D1,24,88,AutoETS,h1_6,1,ARIMA,7.3534886837005615,5.099456548690796,0.7393420159863378,0.6771118033875926,1.1230670259868083,1.1159096365414516,0.3197062638417886,1.0,1.0,3.19987593291598,4.872507783540475,True
D1,24,88,AutoETS,h1_12,1,ARIMA,7.3534886837005615,5.099456548690796,0.7740526148582141,0.6943301404195433,1.176963454372161,1.170641323111609,0.37493404071411024,1.0,1.0,4.1164485461264295,6.268189142966861,True
D1,24,89,AutoETS,h1,1,ARIMA,7.3534886837005615,5.099456548690796,0.6305075808985371,0.5245891599562156,1.0894934835281695,1.0835906587207285,0.21131504510399907,1.0,1.0,1.6479975663020583,2.509435096049209,True
D1,24,89,AutoETS,h1_6,1,ARIMA,7.3534886837005615,5.099456548690796,1.3350161943293055,1.3093140925511424,2.355549689058704,2.3930163189632316,0.5389346744815792,0.3333333333333333,0.5,1.647997586908066,2.5094351274263347,True
D1,24,89,AutoETS,h1_12,1,ARIMA,7.3534886837005615,5.099456548690796,1.1934684371786874,1.3198119543450526,2.111052723132743,2.150253804221895,0.5094152605225656,0.5,0.5833333333333334,1.6479976116352033,2.5094351650787847,True
D1,24,90,AutoETS,h1,1,ARIMA,7.3534886837005615,5.099456548690796,1.8751163909163011,1.4246224435034274,3.2836816050707247,3.2306396451930612,0.6566730395716212,0.0,0.0,2.3763413118886003,3.6184970234063116,True
D1,24,90,AutoETS,h1_6,1,ARIMA,7.3534886837005615,5.099456548690796,1.018759362764219,0.8652900553075061,1.8091874318067067,1.8050767359184432,0.4594573550295419,0.8333333333333334,0.8333333333333334,4.291739171401696,6.535107284151506,True
D1,24,90,AutoETS,h1_12,1,ARIMA,7.3534886837005615,5.099456548690796,0.9182695082551847,0.8514393425021104,1.6418389444315475,1.649344722447439,0.5313700640714487,0.9166666666666666,0.9166666666666666,5.79765924281109,8.828198461172708,True
D1,24,91,AutoETS,h1,1,ARIMA,7.3534886837005615,5.099456548690796,0.8923560794607822,0.7304433749152854,1.333052747060336,1.341997514426105,0.29658382477730755,1.0,1.0,2.2189730136052486,3.3788695271085527,True
D1,24,91,AutoETS,h1_6,1,ARIMA,7.3534886837005615,5.099456548690796,0.4770785583291752,0.42076177536733356,0.7094556768592059,0.7109712998032803,0.3342236213281192,1.0,1.0,4.006788863179449,6.101208400618887,True
D1,24,91,AutoETS,h1_12,1,ARIMA,7.3534886837005615,5.099456548690796,1.0329759484696326,1.1355832126717946,1.552784875677214,1.5734836883272274,0.5145409716807294,1.0,1.0,5.411513958672936,8.240208194679456,True
D1,24,92,AutoETS,h1,1,ARIMA,7.3534886837005615,5.099456548690796,0.5626967738923772,0.48810363851476257,1.111877007027428,1.1057298291622784,0.20281937647976622,1.0,1.0,1.9275969106976791,2.9351859721461433,True
D1,24,92,AutoETS,h1_6,1,ARIMA,7.3534886837005615,5.099456548690796,0.6671631763711805,0.6828770398033143,1.3135686001161888,1.301726293489471,0.270292406351298,0.6666666666666666,1.0,2.3276813991489846,3.5444017120440092,True
D1,24,92,AutoETS,h1_12,1,ARIMA,7.3534886837005615,5.099456548690796,1.1497343733514884,1.1461022155334615,2.294563137975213,2.3057575641516244,0.41089503235893293,0.4166666666666667,1.0,2.7209568119763574,4.143249151835287,True
D1,24,93,AutoETS,h1,1,ARIMA,7.3534886837005615,5.099456548690796,0.09048859923421314,0.06849577865487746,0.1548550545419699,0.1547352468665045,0.158569557023662,1.0,1.0,2.0950108944633663,3.1901102117332822,True
D1,24,93,AutoETS,h1_6,1,ARIMA,7.3534886837005615,5.099456548690796,1.8484232634009792,1.865977994161842,3.0793474612132883,2.997935947363792,0.8195952281028139,0.5,0.5,2.1423580752771585,3.262206602931071,True
D1,24,93,AutoETS,h1_12,1,ARIMA,7.3534886837005615,5.099456548690796,1.7891716925444554,1.6907483168929143,2.9930513830968337,2.9255253770185914,0.7419973998847248,0.4166666666666667,0.5833333333333334,2.1974337785146063,3.3460713521696124,True
D1,24,94,AutoETS,h1,1,ARIMA,7.3534886837005615,5.099456548690796,0.41197683294959814,0.3355314234974922,0.7130613254408263,0.7105280749862632,0.16832454494284954,1.0,1.0,1.7618643176153577,2.6828220159460945,True
D1,24,94,AutoETS,h1_6,1,ARIMA,7.3534886837005615,5.099456548690796,2.7810868762282674,2.5003694094172513,4.6929311549839445,4.563157239415286,1.2107214918228708,0.16666666666666666,0.16666666666666666,1.7618643396458853,2.682822049492376,True
D1,24,94,AutoETS,h1_12,1,ARIMA,7.3534886837005615,5.099456548690796,2.857812657113087,2.5122732344386187,4.824888927775408,4.693863232341352,1.234868571924913,0.08333333333333333,0.08333333333333333,1.7618643660826072,2.6828220897480395,True
D1,24,95,AutoETS,h1,1,ARIMA,7.3534886837005615,5.099456548690796,2.095828461616994,1.6923425751377386,4.4683631562865855,4.570475886577992,0.7836818671206256,0.0,0.0,2.2354555540240852,3.4039677834681528,True
D1,24,95,AutoETS,h1_6,1,ARIMA,7.3534886837005615,5.099456548690796,1.8793697165106327,1.6510162169260627,4.012559780872329,4.110777358370449,0.7037992969205907,0.5,0.6666666666666666,4.0354081923429055,6.14478756025885,True
D1,24,95,AutoETS,h1_12,1,ARIMA,7.3534886837005615,5.099456548690796,1.2865566431059139,1.2813971918503255,2.723906234620166,2.7675641275692757,0.6299632568961718,0.75,0.8333333333333334,5.448297139531717,8.296218595955997,True
D1,24,96,AutoETS,h1,1,ARIMA,7.3534886837005615,5.099456548690796,0.2824693691540712,0.25151395455616776,0.38220846839028716,0.3829402834864687,0.16325472500919927,1.0,1.0,2.013410856343941,3.0658563877696206,True
D1,24,96,AutoETS,h1_6,1,ARIMA,7.3534886837005615,5.099456548690796,1.1749580045324846,1.2568997471253351,1.5854385344691264,1.5845452565834046,0.45160354868995173,0.8333333333333334,0.8333333333333334,3.1914426608975535,4.859666290803893,True
D1,24,96,AutoETS,h1_12,1,ARIMA,7.3534886837005615,5.099456548690796,1.8176868835866937,1.8076335697085806,2.483143585836327,2.5127633776882377,0.6338376278461124,0.75,0.9166666666666666,4.170900789165644,6.351104538314094,True
D1,24,97,AutoETS,h1,1,ARIMA,7.3534886837005615,5.099456548690796,0.48675429454518687,0.41610503644813135,0.8171300428411179,0.820482246306492,0.2005680397617224,1.0,1.0,2.1115542417255786,3.2153010597507956,True
D1,24,97,AutoETS,h1_6,1,ARIMA,7.3534886837005615,5.099456548690796,1.1154683732935509,1.136053434712287,1.8690470863736577,1.8739347490918818,0.4637595310592248,0.6666666666666666,1.0,3.811743548332716,5.804209443578771,True
D1,24,97,AutoETS,h1_12,1,ARIMA,7.3534886837005615,5.099456548690796,1.0927610511236203,1.1405081566902326,1.8417913026778199,1.8574482036583277,0.5225359845996291,0.8333333333333334,1.0,5.146322374627554,7.836396270567435,True
D1,24,98,AutoETS,h1,1,ARIMA,7.3534886837005615,5.099456548690796,0.920976869577549,0.7455139947900659,1.72531476873569,1.7105585094400726,0.3044677740728918,1.0,1.0,2.2159539129998254,3.374272289119444,True
D1,24,98,AutoETS,h1_6,1,ARIMA,7.3534886837005615,5.099456548690796,0.8594423242772246,0.7797842416182016,1.609267614862842,1.5948579192274608,0.380044976446277,0.8333333333333334,1.0,3.7014062379247177,5.63619686588862,True
D1,24,98,AutoETS,h1_12,1,ARIMA,7.3534886837005615,5.099456548690796,0.9478314199284036,0.9766821198174392,1.7663185202039207,1.7424078833790453,0.48253701790188214,0.9166666666666666,1.0,4.906647651265319,7.47143932236595,True
D1,24,99,AutoETS,h1,1,ARIMA,7.3534886837005615,5.099456548690796,0.8303960731415846,0.6516070753545846,1.7366892980941475,1.7519018440131933,0.2782246189108141,1.0,1.0,2.1666688218288943,3.2992250074818674,True
D1,24,99,AutoETS,h1_6,1,ARIMA,7.3534886837005615,5.099456548690796,0.9280370860793308,0.8605642807063283,1.907078545259909,1.8907461632212685,0.3692323995755685,0.8333333333333334,1.0,3.1232669750832325,4.755853965969233,True
D1,24,99,AutoETS,h1_12,1,ARIMA,7.3534886837005615,5.099456548690796,0.8420020698710113,0.7948285145564603,1.7452083282512538,1.7452658239010062,0.39783508784836036,0.9166666666666666,1.0,3.9590114581313554,6.028456899356124,True
D1,24,100,AutoETS,h1,1,ARIMA,7.3534886837005615,5.099456548690796,0.816405501233118,0.6358371352784767,1.3578944549564107,1.3487372408536686,0.27583166502885753,1.0,1.0,2.234700498084731,3.4028180464100326,True
D1,24,100,AutoETS,h1_6,1,ARIMA,7.3534886837005615,5.099456548690796,1.0666532644653899,0.9596935504176944,1.7658032340124208,1.7459189582027241,0.4392178247970846,0.8333333333333334,1.0,4.035495228670909,6.144920092017753,True
D1,24,100,AutoETS,h1_12,1,ARIMA,7.3534886837005615,5.099456548690796,2.3342267210022887,2.1538328928642634,3.805301524973928,3.7078086171728675,0.8173982304874241,0.5833333333333334,1.0,5.450822283050383,8.300063676736382,True
D1,24,101,AutoETS,h1,1,ARIMA,7.3534886837005615,5.099456548690796,0.10224888597740785,0.0920725587494841,0.2568180251652691,0.25714822666400206,0.14405045740920072,1.0,1.0,1.8879902729146902,2.8748762429806067,True
D1,24,101,AutoETS,h1_6,1,ARIMA,7.3534886837005615,5.099456548690796,0.7818686677302797,0.9104537960389313,1.9311941857745114,1.902380205493279,0.30975636413699725,0.8333333333333334,1.0,2.5669385457093328,3.908722808649971,True
D1,24,101,AutoETS,h1_12,1,ARIMA,7.3534886837005615,5.099456548690796,0.8475379432517973,0.903946091428152,2.0955895361638355,2.0662568158766983,0.3462044081461327,0.9166666666666666,1.0,3.1815271108354364,4.8445677070248285,True
D1,24,102,AutoETS,h1,1,ARIMA,7.3534886837005615,5.099456548690796,0.7434142855987184,0.6165259916356718,1.421143068632753,1.4111160794559776,0.24481657494195477,1.0,1.0,1.7454247428153025,2.6577891840955363,True
D1,24,102,AutoETS,h1_6,1,ARIMA,7.3534886837005615,5.099456548690796,0.8606285754661087,0.7522759830118558,1.6637981472851215,1.6709132440711236,0.2927149465615093,0.6666666666666666,1.0,1.8514698790629944,2.8192659921362195,True
D1,24,102,AutoETS,h1_12,1,ARIMA,7.3534886837005615,5.099456548690796,0.7698659816434252,0.6901349043384408,1.4816186229677917,1.481241701073758,0.2722854458313453,0.75,1.0,1.9693771244147213,2.9988054439013307,True
D1,24,103,AutoETS,h1,1,ARIMA,7.3534886837005615,5.099456548690796,0.9863662220030686,0.7880646217148942,1.5869549825480402,1.599647828002897,0.3201878203715907,1.0,1.0,2.104626866383545,3.20475262256724,True
D1,24,103,AutoETS,h1_6,1,ARIMA,7.3534886837005615,5.099456548690796,1.0796737741887257,1.1254801745626093,1.703004985916172,1.6834215446833043,0.4316014281679895,0.6666666666666666,1.0,3.142893048383678,4.785738935549791,True
D1,24,103,AutoETS,h1_12,1,ARIMA,7.3534886837005615,5.099456548690796,1.843047228858315,1.8602287367444315,2.8773658648083664,2.8163746300414587,0.6853181587271776,0.5833333333333334,0.9166666666666666,4.033202160476919,6.141428396446535,True
D1,24,104,AutoETS,h1,1,ARIMA,7.3534886837005615,5.099456548690796,1.8519059526823594,1.499708841150917,3.475691483355319,3.537161900825051,0.6425305356303803,0.0,0.0,2.39780721929446,3.6511835409802966,True
D1,24,104,AutoETS,h1_6,1,ARIMA,7.3534886837005615,5.099456548690796,1.5756142776676567,1.3071512354442514,2.951684600642951,2.9982349075205716,0.5403736117346181,0.16666666666666666,0.6666666666666666,2.3978072492670504,3.6511835866200872,True
D1,24,104,AutoETS,h1_12,1,ARIMA,7.3534886837005615,5.099456548690796,1.2404788805244746,1.0969099623404845,2.311664319118169,2.3359302780764573,0.43574811223698406,0.5,0.75,2.3978072852341588,3.6511836413878385,True
D1,24,105,AutoETS,h1,1,ARIMA,7.3534886837005615,5.099456548690796,0.6379792365749077,0.5357550396530523,0.8264473555676819,0.823046333239604,0.22374902966584675,1.0,1.0,2.0757877987239755,3.1608388632255306,True
D1,24,105,AutoETS,h1_6,1,ARIMA,7.3534886837005615,5.099456548690796,1.6712879665741287,1.7916264269636717,2.211226987402134,2.250411566331136,0.6186686590647545,0.5,0.8333333333333334,2.9197338952643865,4.445930538806362,True
D1,24,105,AutoETS,h1_12,1,ARIMA,7.3534886837005615,5.099456548690796,1.8939881606352462,1.8917013132562643,2.4674656429871895,2.473085359780861,0.6849102144766428,0.5833333333333334,0.8333333333333334,3.667761594981443,5.584965571909613,True
D1,24,106,AutoETS,h1,1,ARIMA,7.3534886837005615,5.099456548690796,0.3482251021201532,0.2773387802374069,0.6688657159550132,0.6666362652408536,0.16105491943127057,1.0,1.0,1.821187211874597,2.773154038212007,True
D1,24,106,AutoETS,h1_6,1,ARIMA,7.3534886837005615,5.099456548690796,1.0552126505698014,1.1018157615448616,1.9988883393024748,1.9656476080095988,0.4201259934795617,0.6666666666666666,0.8333333333333334,2.004410944892976,3.0521520631285046,True
D1,24,106,AutoETS,h1_12,1,ARIMA,7.3534886837005615,5.099456548690796,1.5874005218605765,1.5525253174412035,2.9907459540787436,2.9259991274024397,0.6098843326962344,0.4166666666666667,0.6666666666666666,2.2001471382661975,3.3502030331429853,True
D1,24,107,AutoETS,h1,1,ARIMA,7.3534886837005615,5.099456548690796,0.5993785964902296,0.46285034218494214,0.8643825237747451,0.8681345253346691,0.2343872803401383,1.0,1.0,2.3775886987572155,3.6203964414943517,True
D1,24,107,AutoETS,h1_6,1,ARIMA,7.3534886837005615,5.099456548690796,0.7964295204441936,0.7482567494022213,1.1359347545157268,1.1284489095692316,0.3880243783948378,1.0,1.0,4.023450674051997,6.126579635274972,True
D1,24,107,AutoETS,h1_12,1,ARIMA,7.3534886837005615,5.099456548690796,0.8442182040544569,0.7803738087462992,1.2095665804427405,1.207117024797858,0.473988449200181,1.0,1.0,5.352402302915403,8.150197829023165,True
D1,24,108,AutoETS,h1,1,ARIMA,7.3534886837005615,5.099456548690796,0.19907704846761995,0.16488697108496558,0.3566588384769496,0.3572960023629257,0.17253848592181953,1.0,1.0,2.2032969586611486,3.354999320471915,True
D1,24,108,AutoETS,h1_6,1,ARIMA,7.3534886837005615,5.099456548690796,0.7950872751797206,0.7785852409080676,1.421543452108611,1.421487314006483,0.3398589136170178,1.0,1.0,3.4651340768937833,5.276421059641015,True
D1,24,108,AutoETS,h1_12,1,ARIMA,7.3534886837005615,5.099456548690796,1.134545843019079,1.1296865314818383,2.051900876678806,2.0758701095606718,0.4681466957327027,1.0,1.0,4.51936272978379,6.881713709896031,True
D1,24,109,AutoETS,h1,1,ARIMA,7.3534886837005615,5.099456548690796,0.2096542560143309,0.17017634616218338,0.4855984589713396,0.48442228539494386,0.16106305039505914,1.0,1.0,2.038702447923112,3.104368342423848,True
D1,24,109,AutoETS,h1_6,1,ARIMA,7.3534886837005615,5.099456548690796,0.7341227850021972,0.7468422641933558,1.7017668922219276,1.699728442095887,0.29761062908903707,0.6666666666666666,1.0,2.3266697429448366,3.542861245215814,True
D1,24,109,AutoETS,h1_12,1,ARIMA,7.3534886837005615,5.099456548690796,1.1559527586080478,1.1586970163737438,2.6401237921644283,2.5987448751989124,0.43542133811142986,0.5,0.8333333333333334,2.623710950079436,3.995171154768051,True
D1,24,110,AutoETS,h1,1,ARIMA,7.3534886837005615,5.099456548690796,1.023053641851246,0.8389482017797553,2.177464147049854,2.2014318415859915,0.3322734774501619,1.0,1.0,2.19094489514876,3.3361906144880904,True
D1,24,110,AutoETS,h1_6,1,ARIMA,7.3534886837005615,5.099456548690796,0.7219039276953192,0.7276294371387154,1.5321172825138565,1.5447987126193006,0.3693931076459392,0.8333333333333334,1.0,3.6568534240333403,5.568355506718627,True
D1,24,110,AutoETS,h1_12,1,ARIMA,7.3534886837005615,5.099456548690796,0.8494847178372935,0.828835559316882,1.7809320962679576,1.773937938327673,0.44753494131366667,0.9166666666666666,1.0,4.846643939405035,7.380070607075125,True
D1,24,111,AutoETS,h1,1,ARIMA,7.3534886837005615,5.099456548690796,0.09300800948833264,0.08161724583135345,0.1251763470362715,0.1250980504513872,0.1559254779235611,1.0,1.0,2.0570239480168304,3.1322668152660453,True
D1,24,111,AutoETS,h1_6,1,ARIMA,7.3534886837005615,5.099456548690796,1.451761978644318,1.4643617855218727,1.9806959514262763,2.007052699489983,0.508810845885792,0.6666666666666666,1.0,3.7133063445301002,5.654317369081646,True
D1,24,111,AutoETS,h1_12,1,ARIMA,7.3534886837005615,5.099456548690796,1.3977144471056662,1.3531270242895268,1.9041437771239695,1.926550602922582,0.5496534447671482,0.8333333333333334,1.0,5.013420048434398,7.634023543498394,True
D1,24,112,AutoETS,h1,1,ARIMA,7.3534886837005615,5.099456548690796,0.7201729421030322,0.583587849709351,1.2825425004452713,1.2743703298982663,0.24139287552687125,1.0,1.0,1.883565385231758,2.8681383880985925,True
D1,24,112,AutoETS,h1_6,1,ARIMA,7.3534886837005615,5.099456548690796,0.752771057902426,0.7316658721985542,1.358259161810393,1.3676090341755087,0.28420161476577815,0.8333333333333334,0.8333333333333334,1.8835654087763214,2.868138423950328,True
D1,24,112,AutoETS,h1_12,1,ARIMA,7.3534886837005615,5.099456548690796,0.7887080924286066,0.7196629220061351,1.4172244927460322,1.4210654387331816,0.28266200125680524,0.75,0.9166666666666666,1.8835654370298023,2.8681384669724035,True
D1,24,113,AutoETS,h1,1,ARIMA,7.3534886837005615,5.099456548690796,2.7700656357035833,2.3403764952993016,6.027345450410131,5.851015006996619,1.1499103785070324,0.0,0.0,1.9891801124324529,3.028959804656756,True
D1,24,113,AutoETS,h1_6,1,ARIMA,7.3534886837005615,5.099456548690796,2.7851254583415304,2.380393702074594,6.054974834409112,5.873382807912645,1.0868725873610574,0.0,0.16666666666666666,2.6023292489373415,3.9626128595640076,True
D1,24,113,AutoETS,h1_12,1,ARIMA,7.3534886837005615,5.099456548690796,1.8211332204604453,1.773338130592038,3.9781430408983818,3.876786308802867,0.7265138102234502,0.5,0.5833333333333334,3.1708527443754,4.828313660070737,True
D1,24,114,AutoETS,h1,1,ARIMA,7.3534886837005615,5.099456548690796,1.8011500113571923,1.5044955280706804,3.48698641282675,3.5488605555172774,0.6485935188146404,0.0,0.0,2.131810829148373,3.2461461243578986,True
D1,24,114,AutoETS,h1_6,1,ARIMA,7.3534886837005615,5.099456548690796,1.1556588595945207,1.1020522629616354,2.231007475650946,2.264068231174207,0.45141405430759546,0.6666666666666666,0.8333333333333334,3.237793975807681,4.9302462593438445,True
D1,24,114,AutoETS,h1_12,1,ARIMA,7.3534886837005615,5.099456548690796,1.6762903961859141,1.550697189702897,3.2534443362172176,3.320188023182933,0.5969545037950302,0.75,0.9166666666666666,4.177220032977198,6.360726962840353,True
D1,24,115,AutoETS,h1,1,ARIMA,7.3534886837005615,5.099456548690796,1.1627384954412743,0.9944143592265372,2.083479443469355,2.0619987830842805,0.3880755291795435,0.0,1.0,1.9074565045353924,2.904517818803079,True
D1,24,115,AutoETS,h1_6,1,ARIMA,7.3534886837005615,5.099456548690796,0.712755249699779,0.6953328876541797,1.283194724084588,1.275969808209722,0.2668286811263881,0.6666666666666666,1.0,1.97080831083172,3.000984736818523,True
D1,24,115,AutoETS,h1_12,1,ARIMA,7.3534886837005615,5.099456548690796,0.8876497790306623,0.8664354380691563,1.5923331767002673,1.5777545342592003,0.32271336144247653,0.5,0.9166666666666666,2.0435177177337933,3.1117006390891873,True
D1,24,116,AutoETS,h1,1,ARIMA,7.3534886837005615,5.099456548690796,0.6375697025743327,0.5285059605608536,1.0148899448348419,1.0097659383475137,0.2262718296739802,1.0,1.0,2.121593627156134,3.2305882098396705,True
D1,24,116,AutoETS,h1_6,1,ARIMA,7.3534886837005615,5.099456548690796,1.4592011659770923,1.3712624506286002,2.3079702236254436,2.2825272885612926,0.5091070058033452,0.6666666666666666,0.8333333333333334,2.855419287935844,4.347997546598727,True
D1,24,116,AutoETS,h1_12,1,ARIMA,7.3534886837005615,5.099456548690796,1.1217327945513738,1.1160017510438272,1.779380594100181,1.7647855084682733,0.4517236508617554,0.8333333333333334,0.9166666666666666,3.5236456733791597,5.365517704410785,True
D1,24,117,AutoETS,h1,1,ARIMA,7.3534886837005615,5.099456548690796,2.265368878784786,1.7975518469091625,4.831899262954405,4.717916770132977,0.864508917655156,0.0,0.0,2.2688154136522565,3.454765432847021,True
D1,24,117,AutoETS,h1_6,1,ARIMA,7.3534886837005615,5.099456548690796,2.317285908559951,1.905826940673327,4.930989965018027,4.804138310966042,0.8154490015485394,0.16666666666666666,0.6666666666666666,3.890915135772202,5.924765422660942,True
D1,24,117,AutoETS,h1_12,1,ARIMA,7.3534886837005615,5.099456548690796,3.3486675584186725,2.9481440146024207,7.0059623040061565,6.721945970388417,1.1762519528859887,0.25,0.5833333333333334,5.191814328211851,7.9056676743890035,True
D1,24,118,AutoETS,h1,1,ARIMA,7.3534886837005615,5.099456548690796,3.7511046536484343,2.741751719458169,4.475218904422168,4.577648806812431,1.5883361491720416,0.0,0.0,2.4299029482117556,3.700056276125841,True
D1,24,118,AutoETS,h1_6,1,ARIMA,7.3534886837005615,5.099456548690796,2.0685383076974735,1.7365831615995406,2.4529636042274765,2.4935300048322158,0.7965332409353336,0.5,0.8333333333333334,3.7652913601624403,5.733475873538169,True
D1,24,118,AutoETS,h1_12,1,ARIMA,7.3534886837005615,5.099456548690796,1.7657503656040785,1.6083134537334014,2.094051636726764,2.1288737806074653,0.743463641131508,0.6666666666666666,0.9166666666666666,4.8880545420194865,7.443127265455047,True
D1,24,119,AutoETS,h1,1,ARIMA,7.3534886837005615,5.099456548690796,0.12908584392740627,0.10438924240334355,0.1799664363641306,0.18012852180491445,0.12899722658373575,1.0,1.0,1.662253149572916,2.531142325298807,True
D1,24,119,AutoETS,h1_6,1,ARIMA,7.3534886837005615,5.099456548690796,1.6550885937309507,1.6065627034593872,2.2816398559412376,2.2449491027879835,0.7061090797412635,0.3333333333333333,0.3333333333333333,1.6622534127629505,2.5311427260629467,True
D1,24,119,AutoETS,h1_12,1,ARIMA,7.3534886837005615,5.099456548690796,2.5638379384904555,2.4267865735940726,3.5322045670427786,3.4493354918438732,1.123364917512686,0.16666666666666666,0.25,1.662254779964513,2.531144807925,True
D1,24,120,AutoETS,h1,1,ARIMA,7.3534886837005615,5.099456548690796,1.0653468635413668,0.9022821316768976,2.1930774746686774,2.217392037316419,0.343789083639743,0.0,1.0,2.0982577053890608,3.1950541882620094,True
D1,24,120,AutoETS,h1_6,1,ARIMA,7.3534886837005615,5.099456548690796,0.9555503137378127,0.9038195635191083,1.9696417807871833,1.9942078178969436,0.38631776280429525,0.8333333333333334,1.0,3.725293902667931,5.672571036272735,True
D1,24,120,AutoETS,h1_12,1,ARIMA,7.3534886837005615,5.099456548690796,1.0177118119501767,1.0380612842733323,2.0984667518228233,2.125938723889908,0.4848499186655762,0.8333333333333334,1.0,5.013398353960245,7.633990508938187,True
D1,24,121,AutoETS,h1,1,ARIMA,7.3534886837005615,5.099456548690796,1.3318694111723937,1.0245021352196306,2.0258606809627953,2.046591224420581,0.4396596302232718,0.0,1.0,2.329683178109223,3.5474498563374666,True
D1,24,121,AutoETS,h1_6,1,ARIMA,7.3534886837005615,5.099456548690796,1.1464752649362848,1.0059172806838261,1.7424837776332687,1.7591003261772524,0.4405556942225315,0.8333333333333334,1.0,3.733010386753944,5.6843210633234404,True
D1,24,121,AutoETS,h1_12,1,ARIMA,7.3534886837005615,5.099456548690796,1.7147226409689544,1.5079816149683851,2.6247092970805004,2.6691429311335964,0.6196040324549732,0.8333333333333334,1.0,4.89372393368283,7.451760148600117,True
D1,24,122,AutoETS,h1,1,ARIMA,7.3534886837005615,5.099456548690796,0.4444959456196179,0.3354864692847469,0.7298820056236868,0.7325554006489674,0.18750982827144616,1.0,1.0,2.005215700114103,3.0533774781636405,True
D1,24,122,AutoETS,h1_6,1,ARIMA,7.3534886837005615,5.099456548690796,0.4480528854169966,0.4903074369309504,0.7281841845785478,0.7236305943437775,0.22303995520568473,0.8333333333333334,1.0,2.0052159172213053,3.0533778087566232,True
D1,24,122,AutoETS,h1_12,1,ARIMA,7.3534886837005615,5.099456548690796,0.768823324435992,0.8032243267444239,1.2639931676286407,1.27146632285954,0.32424535835578927,0.6666666666666666,0.8333333333333334,2.005216513184289,3.053378716240021,True
D1,24,123,AutoETS,h1,1,ARIMA,7.3534886837005615,5.099456548690796,2.0317978103420744,1.6229309737369912,3.086875123493665,3.1352659965450167,0.7563888487884206,0.0,0.0,2.1955039449705835,3.3431327604362595,True
D1,24,123,AutoETS,h1_6,1,ARIMA,7.3534886837005615,5.099456548690796,1.77037925318795,1.740863662573335,2.678369492203016,2.7106264106658626,0.7180400449113766,0.5,0.6666666666666666,3.579177447133686,5.450076920307066,True
D1,24,123,AutoETS,h1_12,1,ARIMA,7.3534886837005615,5.099456548690796,1.299659003130373,1.3739550623380803,1.9564625169621912,1.9699093989210739,0.6173774568216563,0.75,0.8333333333333334,4.715284750104738,7.180047641896595,True
D1,24,124,AutoETS,h1,1,ARIMA,7.3534886837005615,5.099456548690796,0.6454644511473986,0.5581150557383294,1.457314543386797,1.4680113145797642,0.2262569685702403,1.0,1.0,2.0980697630412397,3.1947680051187186,True
D1,24,124,AutoETS,h1_6,1,ARIMA,7.3534886837005615,5.099456548690796,1.3237791631858309,1.2576969255508959,3.0214436520810883,3.0780567240144263,0.4637763662400721,0.6666666666666666,1.0,3.2381663838672883,4.930813331695127,True
D1,24,124,AutoETS,h1_12,1,ARIMA,7.3534886837005615,5.099456548690796,1.0673005916427565,1.0293024330309115,2.4192488614011256,2.4475677521474264,0.44976623758408774,0.8333333333333334,1.0,4.199963018456826,6.39535810982656,True
D1,24,125,AutoETS,h1,1,ARIMA,7.3534886837005615,5.099456548690796,1.3572168548812096,1.1572265860804445,2.4256975279795516,2.396630030279894,0.458615162892611,0.0,1.0,2.0589459125215024,3.1351934246737287,True
D1,24,125,AutoETS,h1_6,1,ARIMA,7.3534886837005615,5.099456548690796,1.10808254409209,1.0425152381905,1.986120926672746,1.968142626082622,0.44803073639354674,0.6666666666666666,1.0,3.7181232606263808,5.66165217257523,True
D1,24,125,AutoETS,h1_12,1,ARIMA,7.3534886837005615,5.099456548690796,1.1902835049614096,1.0701999232325097,2.157865801290576,2.1629299606259185,0.5090764353227888,0.8333333333333334,1.0,5.022128336765759,7.647283808447857,True
D1,24,126,AutoETS,h1,1,ARIMA,7.3534886837005615,5.099456548690796,1.0281208701891194,0.8887881724679457,2.442770514671384,2.4729750675642004,0.3434827438040317,0.0,1.0,1.6765844422189469,2.5529648385555577,True
D1,24,126,AutoETS,h1_6,1,ARIMA,7.3534886837005615,5.099456548690796,1.215009875570195,1.0736127193351086,2.877315196501914,2.921302275233127,0.4260516946208329,0.0,0.6666666666666666,1.6765847219933308,2.5529652645729772,True
D1,24,126,AutoETS,h1_12,1,ARIMA,7.3534886837005615,5.099456548690796,1.5864498142765773,1.4740049562924062,3.751897001021142,3.8356294637215274,0.6053032125307856,0.0,0.5,1.6765861369671733,2.55296741917872,True
D1,24,127,AutoETS,h1,1,ARIMA,7.3534886837005615,5.099456548690796,0.18586218849652206,0.14391798284271823,0.30278187299955484,0.3023241815897807,0.14457562413363684,1.0,1.0,1.831774665599268,2.7892757416038885,True
D1,24,127,AutoETS,h1_6,1,ARIMA,7.3534886837005615,5.099456548690796,1.0997767083972958,1.0256070337195191,1.7833491773430683,1.7730597292325259,0.42391149605147066,0.5,0.5,1.8317746885036763,2.789275776480849,True
D1,24,127,AutoETS,h1_12,1,ARIMA,7.3534886837005615,5.099456548690796,0.9349167627403553,0.8677590001012088,1.516304102564528,1.50769234853002,0.35084782769283884,0.5833333333333334,0.6666666666666666,1.831774715988988,2.789275818333218,True
D1,24,128,AutoETS,h1,1,ARIMA,7.3534886837005615,5.099456548690796,2.611184191366072,1.8729256548591917,3.355476636854139,3.412733372347766,1.0090159381890778,0.0,0.0,2.50909014023789,3.8206360165885704,True
D1,24,128,AutoETS,h1_6,1,ARIMA,7.3534886837005615,5.099456548690796,3.9871174823896363,3.02826946408632,5.186043031132071,5.34294910641255,1.5314522727228803,0.0,0.5,4.26208081513293,6.489945979527141,True
D1,24,128,AutoETS,h1_12,1,ARIMA,7.3534886837005615,5.099456548690796,2.8775629017133983,2.394988067899875,3.7121240080440905,3.7930857023375153,1.1429078490943103,0.5,0.75,5.673817884455767,8.639623030386968,True
D1,24,129,AutoETS,h1,1,ARIMA,7.3534886837005615,5.099456548690796,1.9831215531282458,1.5735313056803548,2.445450457447138,2.475721731653052,0.7433041559977829,0.0,0.0,2.1002977588462124,3.198160613810115,True
D1,24,129,AutoETS,h1_6,1,ARIMA,7.3534886837005615,5.099456548690796,1.1693605550247141,1.2548739092344197,1.416201343419633,1.4084239377938186,0.4829150011232428,0.6666666666666666,0.6666666666666666,2.1002977851056195,3.1981606537957825,True
D1,24,129,AutoETS,h1_12,1,ARIMA,7.3534886837005615,5.099456548690796,2.0230930497928497,1.8791495602038353,2.4287005677148423,2.3942645900497226,0.8365355711420327,0.3333333333333333,0.3333333333333333,2.1002978166174957,3.1981607017794733,True
D1,24,130,AutoETS,h1,1,ARIMA,7.3534886837005615,5.099456548690796,0.7081977618640888,0.5067122476053102,0.9613930651137658,0.9660367703721692,0.24392517429923202,1.0,1.0,2.150474548217419,3.274565700097805,True
D1,24,130,AutoETS,h1_6,1,ARIMA,7.3534886837005615,5.099456548690796,1.498362881722121,1.3567064465894327,2.0427082584573575,2.062533889565066,0.5865218244156956,0.3333333333333333,0.8333333333333334,2.227679695155458,3.392127345383886,True
D1,24,130,AutoETS,h1_12,1,ARIMA,7.3534886837005615,5.099456548690796,3.037139731561121,2.547131942904615,4.215114912907419,4.335029921713126,1.2951441515480189,0.16666666666666666,0.4166666666666667,2.3159979703012987,3.526611147912069,True
D1,24,131,AutoETS,h1,1,ARIMA,7.3534886837005615,5.099456548690796,0.04648949086151888,0.038356035949991554,0.09221173433359887,0.09216923890673988,0.1610873769243943,1.0,1.0,2.1627178811570715,3.2932088401118333,True
D1,24,131,AutoETS,h1_6,1,ARIMA,7.3534886837005615,5.099456548690796,0.38015286238574847,0.36577747959571394,0.7551948390157797,0.7560549167011289,0.31044727591700216,1.0,1.0,3.905982158183516,5.947708244668101,True
D1,24,131,AutoETS,h1_12,1,ARIMA,7.3534886837005615,5.099456548690796,0.5158160976997787,0.5117106721852217,1.0252447692077848,1.0270433230466436,0.4217689486719379,1.0,1.0,5.276631337715518,8.034820037682865,True
D1,24,132,AutoETS,h1,1,ARIMA,7.3534886837005615,5.099456548690796,0.17438125301785926,0.15317354541805162,0.34594980856659713,0.3453524355218132,0.12388979613866775,1.0,1.0,1.5582295647980808,2.372743769506922,True
D1,24,132,AutoETS,h1_6,1,ARIMA,7.3534886837005615,5.099456548690796,0.4756370214529911,0.6154307246197472,0.9356651521139715,0.9263293023214318,0.21765092796042246,0.8333333333333334,0.8333333333333334,1.5582295842824938,2.3727437991761824,True
D1,24,132,AutoETS,h1_12,1,ARIMA,7.3534886837005615,5.099456548690796,0.9625329349034251,1.162167521755557,1.9385340279072807,1.9659203917416501,0.39941919452207536,0.5,0.75,1.5582296076638555,2.372743834779395,True
D1,24,133,AutoETS,h1,1,ARIMA,7.3534886837005615,5.099456548690796,1.6993478292607682,1.477827754445019,2.9455524238283304,2.989582280491003,0.632351872080477,0.0,0.0,1.8385854035803186,2.799646573011138,True
D1,24,133,AutoETS,h1_6,1,ARIMA,7.3534886837005615,5.099456548690796,0.7259564383206774,0.7754885583398574,1.2518082030163122,1.2638336693905299,0.29550386267604506,0.8333333333333334,0.8333333333333334,2.2054524085987834,3.3582814622856305,True
D1,24,133,AutoETS,h1_12,1,ARIMA,7.3534886837005615,5.099456548690796,0.7595243312491221,0.8621725677925876,1.3109070174812034,1.324871607554467,0.32581860168375576,0.8333333333333334,0.8333333333333334,2.568079599913043,3.9104603121049752,True
D1,24,134,AutoETS,h1,1,ARIMA,7.3534886837005615,5.099456548690796,0.6280461219763345,0.4855056042064388,1.0808474070642446,1.0750376487882982,0.22378746608846162,1.0,1.0,2.1057342938076076,3.2064389219290073,True
D1,24,134,AutoETS,h1_6,1,ARIMA,7.3534886837005615,5.099456548690796,0.7656683112115907,0.6260551480856497,1.3288374748263498,1.3329854516159643,0.2735413885490008,1.0,1.0,2.3229249215886294,3.537158939380023,True
D1,24,134,AutoETS,h1_12,1,ARIMA,7.3534886837005615,5.099456548690796,0.8927857633395585,0.883460066688828,1.5616720295487365,1.5792004470228715,0.35765993338563157,0.75,0.9166666666666666,2.554406144907297,3.8896394998797064,True
D1,24,135,AutoETS,h1,1,ARIMA,7.3534886837005615,5.099456548690796,1.0377128938675362,0.8569960244630563,1.5783630593745859,1.5909182926929346,0.3419994365606112,0.0,1.0,1.8317250437555364,2.7892001815431846,True
D1,24,135,AutoETS,h1_6,1,ARIMA,7.3534886837005615,5.099456548690796,1.2941792522301232,1.1205741246440635,1.9558279420047402,1.9591116948427645,0.4473453374697239,0.3333333333333333,0.8333333333333334,2.1518433174281038,3.276649949228922,True
D1,24,135,AutoETS,h1_12,1,ARIMA,7.3534886837005615,5.099456548690796,1.3682341414365655,1.242248020440681,2.0626472667300466,2.0612521906912797,0.47990493367060183,0.5,0.75,2.4737615038679515,3.7668404759791283,True
D1,24,136,AutoETS,h1,1,ARIMA,7.3534886837005615,5.099456548690796,0.9739004232986652,0.8126162057012339,1.7714471484282304,1.7872774864624499,0.32480115180317354,0.0,1.0,1.6050439133623164,2.4440288075967516,True
D1,24,136,AutoETS,h1_6,1,ARIMA,7.3534886837005615,5.099456548690796,0.5804466339635778,0.5812724141873301,1.04967688503908,1.0529657157081265,0.22590450427002975,0.5,1.0,1.6845385386615928,2.565076682152111,True
D1,24,136,AutoETS,h1_12,1,ARIMA,7.3534886837005615,5.099456548690796,0.839337787051273,0.8944792927424642,1.50041589843434,1.4880795723865956,0.33047167524911125,0.5,0.75,1.7740334611713762,2.7013521864710865,True
D1,24,137,AutoETS,h1,1,ARIMA,7.3534886837005615,5.099456548690796,0.8794834480960061,0.7536030863216258,1.7339191944311685,1.7190160200675197,0.2893487868865196,1.0,1.0,2.0522643124864333,3.125019233905095,True
D1,24,137,AutoETS,h1_6,1,ARIMA,7.3534886837005615,5.099456548690796,2.1887586052762535,2.1181891621187403,4.235908433343919,4.126051949112143,0.7836024217907852,0.3333333333333333,0.8333333333333334,3.4670515971710794,5.279340901744919,True
D1,24,137,AutoETS,h1_12,1,ARIMA,7.3534886837005615,5.099456548690796,1.5045382215954017,1.6562785176507762,2.926277849850191,2.8645096310608755,0.6468404212406498,0.6666666666666666,0.9166666666666666,4.610740248957745,7.020855877514378,True
D1,24,138,AutoETS,h1,1,ARIMA,7.3534886837005615,5.099456548690796,1.698500847685425,1.2747057686101988,2.345550351675596,2.3733848196677623,0.5852829930824088,0.0,1.0,2.239088080707648,3.4094990962161185,True
D1,24,138,AutoETS,h1_6,1,ARIMA,7.3534886837005615,5.099456548690796,1.7322415641167987,1.3763121473410105,2.3424971681299533,2.321461341041696,0.5820634439617817,0.3333333333333333,1.0,3.1754097772395804,4.835252734761784,True
D1,24,138,AutoETS,h1_12,1,ARIMA,7.3534886837005615,5.099456548690796,1.5225590524304111,1.274815969096024,2.0598264939686404,2.042198794528631,0.5653738492332574,0.5833333333333334,1.0,4.0014384832323655,6.093061282266923,True
D1,24,139,AutoETS,h1,1,ARIMA,7.3534886837005615,5.099456548690796,2.2693480777349637,1.8426988049232802,3.4528677890547406,3.394267995902387,0.886507591744557,0.0,0.0,2.0995348745344917,3.19699895635065,True
D1,24,139,AutoETS,h1_6,1,ARIMA,7.3534886837005615,5.099456548690796,1.6679397621131786,1.4947568850274215,2.542613935706195,2.504114810659269,0.6269109250167991,0.3333333333333333,0.5,2.672148395028389,4.0689277104834805,True
D1,24,139,AutoETS,h1_12,1,ARIMA,7.3534886837005615,5.099456548690796,1.8450199850920947,1.601015655769128,2.863435215210255,2.8719471832440666,0.6526749895709901,0.4166666666666667,0.75,3.2134108677106807,4.893117668585862,True
D1,24,140,AutoETS,h1,1,ARIMA,7.3534886837005615,5.099456548690796,1.3855605970938114,1.128815926949095,2.223265086594667,2.1988222627526413,0.4667411056283879,0.0,1.0,2.1451414829936435,3.2664449471818178,True
D1,24,140,AutoETS,h1_6,1,ARIMA,7.3534886837005615,5.099456548690796,1.7518976834584388,1.6193124054425192,2.7917557225641207,2.742881451401024,0.6742734932575805,0.3333333333333333,0.5,2.145141509807918,3.266444988012383,True
D1,24,140,AutoETS,h1_12,1,ARIMA,7.3534886837005615,5.099456548690796,1.7392319866188974,1.6160636512674733,2.773404734074233,2.7266658531743992,0.6808880645988945,0.3333333333333333,0.5,2.1451415419850406,3.266445037009058,True
D1,24,141,AutoETS,h1,1,ARIMA,7.3534886837005615,5.099456548690796,0.46644373772548636,0.39336513370788684,0.6332698874624391,0.6312710626883045,0.20258255201587458,1.0,1.0,2.207010848566805,3.3606545264398684,True
D1,24,141,AutoETS,h1_6,1,ARIMA,7.3534886837005615,5.099456548690796,3.648430144084494,3.4558890328857395,5.12958540359408,5.30188259264896,1.4262955597936287,0.16666666666666666,0.5,3.728852876260096,5.67799034842508,True
D1,24,141,AutoETS,h1_12,1,ARIMA,7.3534886837005615,5.099456548690796,2.279535167434447,2.5414089214955857,3.1908826039436384,3.2831347640973876,0.9860959377491165,0.5833333333333334,0.75,4.95825803062856,7.550027361537112,True
D1,24,142,AutoETS,h1,1,ARIMA,7.3534886837005615,5.099456548690796,1.925473420797258,1.5080649867904812,3.694759497387968,3.6277413385643302,0.7449722141195492,0.0,0.0,1.8423286454469672,2.805346473730175,True
D1,24,142,AutoETS,h1_6,1,ARIMA,7.3534886837005615,5.099456548690796,0.8029389387613087,0.7991667950283071,1.5502094129717503,1.531261092159648,0.316968382225852,0.6666666666666666,0.8333333333333334,1.8423286684760694,2.805346508797006,True
D1,24,142,AutoETS,h1_12,1,ARIMA,7.3534886837005615,5.099456548690796,0.8146336053561783,0.7774611470117611,1.5740650552634727,1.5560232529331353,0.31201373057518306,0.5833333333333334,0.8333333333333334,1.8423286961109984,2.805346550877202,True
D1,24,143,AutoETS,h1,1,ARIMA,7.3534886837005615,5.099456548690796,1.0514046328669253,0.8850180332391604,2.3477285116875812,2.3204891193547317,0.33838637445588055,0.0,1.0,2.09768430058329,3.194181054603759,True
D1,24,143,AutoETS,h1_6,1,ARIMA,7.3534886837005615,5.099456548690796,1.8796962576644634,1.7357947358196788,4.1415235173367515,4.041519461312498,0.6345449152139908,0.3333333333333333,1.0,3.455825217076147,5.262246293847517,True
D1,24,143,AutoETS,h1_12,1,ARIMA,7.3534886837005615,5.099456548690796,1.3820334536015404,1.3675066271811598,3.056978529415989,2.9944977310701195,0.5647546329721507,0.6666666666666666,1.0,4.566588249883722,6.953624846169047,True
D1,24,144,AutoETS,h1,1,ARIMA,7.3534886837005615,5.099456548690796,0.04497219262259515,0.03545366061451382,0.07024620910052813,0.07027089041883834,0.16226286699652923,1.0,1.0,2.1799070215181855,3.319383048724223,True
D1,24,144,AutoETS,h1_6,1,ARIMA,7.3534886837005615,5.099456548690796,1.2208348186875706,1.3989429798745472,1.8720919490943482,1.8398536153646812,0.49625428593299936,0.8333333333333334,0.8333333333333334,3.722293126607277,5.668001701392654,True
D1,24,144,AutoETS,h1_12,1,ARIMA,7.3534886837005615,5.099456548690796,1.7224954784457467,1.6901854345046747,2.6365342787694135,2.5861304685043227,0.6552362493894842,0.8333333333333334,0.9166666666666666,4.962811773538893,7.55696142655713,True
D1,24,145,AutoETS,h1,1,ARIMA,7.3534886837005615,5.099456548690796,0.7867520653014886,0.6362472749638048,1.4100748634740279,1.4002029088463903,0.26753692401905793,1.0,1.0,2.2320729504794525,3.3988170331124192,True
D1,24,145,AutoETS,h1_6,1,ARIMA,7.3534886837005615,5.099456548690796,1.6077929198813345,1.5246607036775304,2.8455107405345212,2.79151945769691,0.5755726926036244,0.6666666666666666,1.0,4.029301971160896,6.135489509065274,True
D1,24,145,AutoETS,h1_12,1,ARIMA,7.3534886837005615,5.099456548690796,1.3689012369797526,1.2691267526828554,2.4315483441009254,2.393762989182208,0.5800628342165636,0.8333333333333334,1.0,5.440052990287433,8.28366508381879,True
D1,24,146,AutoETS,h1,1,ARIMA,7.3534886837005615,5.099456548690796,3.3340304173656254,2.8361727251665516,5.106361640896591,4.979232823442978,1.4224694952904002,0.0,0.0,2.0689027853590813,3.15035493137519,True
D1,24,146,AutoETS,h1_6,1,ARIMA,7.3534886837005615,5.099456548690796,1.416557131477043,1.4780435462541446,2.203037643145615,2.181111804627409,0.607737721769966,0.6666666666666666,0.8333333333333334,3.7357814941208507,5.688540677613906,True
D1,24,146,AutoETS,h1_12,1,ARIMA,7.3534886837005615,5.099456548690796,1.38459195989661,1.3502936274440536,2.1615044307769398,2.147853715605648,0.6025981495495261,0.8333333333333334,0.9166666666666666,5.045452118090495,7.682799343558869,True
D1,24,147,AutoETS,h1,1,ARIMA,7.3534886837005615,5.099456548690796,0.36665340595780177,0.27558972079239247,0.5660100372736038,0.5676164202294598,0.19541551719306866,1.0,1.0,2.374331774716498,3.6154370655461836,True
D1,24,147,AutoETS,h1_6,1,ARIMA,7.3534886837005615,5.099456548690796,1.118733822378061,1.0814313412866714,1.7066465914452429,1.6919311262255865,0.4695184193951456,1.0,1.0,4.287601175828292,6.528806284968296,True
D1,24,147,AutoETS,h1_12,1,ARIMA,7.3534886837005615,5.099456548690796,1.6239361448673855,1.6124412319735055,2.4519125661232817,2.4066567120840214,0.6737899622912983,0.9166666666666666,1.0,5.791236390998769,8.818418270907781,True
D1,24,148,AutoETS,h1,1,ARIMA,7.3534886837005615,5.099456548690796,1.189419213471284,0.8488162386373465,1.8036697452889918,1.7875490049963254,0.3858306319253103,1.0,1.0,2.5255414053166305,3.8456866494336723,True
D1,24,148,AutoETS,h1_6,1,ARIMA,7.3534886837005615,5.099456548690796,1.2431359137157718,1.0607780871790946,1.8767993024865548,1.8520625652206912,0.5325194594988434,0.8333333333333334,1.0,4.368970387467086,6.652708625359758,True
D1,24,148,AutoETS,h1_12,1,ARIMA,7.3534886837005615,5.099456548690796,1.1071751693461063,0.908273114886083,1.6875753662191233,1.6814036809051511,0.5650942910240762,0.9166666666666666,1.0,5.841853811522139,8.895494314058658,True
D1,24,149,AutoETS,h1,1,ARIMA,7.3534886837005615,5.099456548690796,0.044070560508004654,0.03444268828176069,0.07011136246658363,0.07013594910133053,0.16203029851071077,1.0,1.0,2.177417201283784,3.3155917553346996,True
D1,24,149,AutoETS,h1_6,1,ARIMA,7.3534886837005615,5.099456548690796,1.9645824444367908,1.75707802680481,3.1897263741490067,3.25820641853282,0.7105077303991086,0.3333333333333333,0.6666666666666666,3.1899763107555046,4.857433453459477,True
D1,24,149,AutoETS,h1_12,1,ARIMA,7.3534886837005615,5.099456548690796,2.6323703971731294,2.258734237520761,4.294931296627793,4.409808023905406,0.9338737249763828,0.25,0.5833333333333334,4.066701257576009,6.192438065189585,True
D1,24,150,AutoETS,h1,1,ARIMA,7.3534886837005615,5.099456548690796,0.35595129788926677,0.3004148158691217,0.7247176579772611,0.7221010610284041,0.17306488508152273,1.0,1.0,2.0107401797393383,3.0617897011805155,True
D1,24,150,AutoETS,h1_6,1,ARIMA,7.3534886837005615,5.099456548690796,0.8362321619887846,0.9270511939673094,1.7335324751485532,1.7592707915535566,0.3370577153750303,0.6666666666666666,0.8333333333333334,2.46034432559636,3.7464099008780813,True
D1,24,150,AutoETS,h1_12,1,ARIMA,7.3534886837005615,5.099456548690796,0.8656097124976001,0.9104108958831861,1.791250920934215,1.81456408866857,0.3528976077887031,0.75,0.9166666666666666,2.897750137297705,4.412455481007329,True
D1,24,151,AutoETS,h1,1,ARIMA,7.3534886837005615,5.099456548690796,1.1685132334592574,0.8870548531652945,1.7099624306734456,1.6954665104963764,0.3891941200252719,0.0,1.0,1.9409971153418173,2.955590701203905,True
D1,24,151,AutoETS,h1_6,1,ARIMA,7.3534886837005615,5.099456548690796,1.4488681036852908,1.3745132976113033,2.1334657690791263,2.113345907701261,0.566656823508392,0.3333333333333333,0.6666666666666666,1.9409974261063234,2.95559117441052,True
D1,24,151,AutoETS,h1_12,1,ARIMA,7.3534886837005615,5.099456548690796,2.318947010615223,1.987976960637719,3.413270785885735,3.3481026005796064,0.9658710940454089,0.16666666666666666,0.3333333333333333,1.940999038071256,2.955593628978085,True
D1,24,152,AutoETS,h1,1,ARIMA,7.3534886837005615,5.099456548690796,1.048641174883869,0.801810843586213,1.8240937378929296,1.8076075101933697,0.3431088865355119,1.0,1.0,2.3607721890320876,3.5947896441542184,True
D1,24,152,AutoETS,h1_6,1,ARIMA,7.3534886837005615,5.099456548690796,0.8993423691028855,0.7656350041717425,1.5875825508622483,1.596702453485106,0.4062451373099571,1.0,1.0,4.261627754005763,6.489256095320752,True
D1,24,152,AutoETS,h1_12,1,ARIMA,7.3534886837005615,5.099456548690796,1.4303299385897297,1.2649885085904888,2.550525002689064,2.591831759191034,0.589728858366722,1.0,1.0,5.753721357347537,8.761293464416038,True
D1,24,153,AutoETS,h1,1,ARIMA,7.3534886837005615,5.099456548690796,0.423447324101991,0.35076766926776953,0.7351608326562029,0.73246842218048,0.18421099875998856,1.0,1.0,2.008915339785715,3.059010985047717,True
D1,24,153,AutoETS,h1_6,1,ARIMA,7.3534886837005615,5.099456548690796,2.557316141786725,2.3740667051980453,4.335195792247185,4.221090243679776,0.9705059747165303,0.16666666666666666,0.5,3.079905082294622,4.689826043465064,True
D1,24,153,AutoETS,h1_12,1,ARIMA,7.3534886837005615,5.099456548690796,2.013789342903174,1.8974437849090382,3.431529768803788,3.3578885057956733,0.7504513805581376,0.5833333333333334,0.75,3.9859049456366544,6.069408089322016,True
D1,24,154,AutoETS,h1,1,ARIMA,7.3534886837005615,5.099456548690796,0.4916542825561691,0.40194252407580583,1.0819788820657503,1.0761569864003866,0.1904982088880354,1.0,1.0,1.9190979576464253,2.9222444657370357,True
D1,24,154,AutoETS,h1_6,1,ARIMA,7.3534886837005615,5.099456548690796,0.7509437334051556,0.6637083344190979,1.6473895520439128,1.633535302011249,0.2718139642737079,0.8333333333333334,1.0,2.2579856110275136,3.438274700490663,True
D1,24,154,AutoETS,h1_12,1,ARIMA,7.3534886837005615,5.099456548690796,0.7551041737027465,0.7052041776511249,1.667389135399124,1.6644615077450065,0.29410039433521895,0.8333333333333334,1.0,2.5982843260451816,3.956453583801741,True
D1,24,155,AutoETS,h1,1,ARIMA,7.3534886837005615,5.099456548690796,1.5281476270557017,1.2677416533584256,2.5042286065336947,2.473260557338206,0.5441604795330938,0.0,0.0,1.8605082171661957,2.8330288297216195,True
D1,24,155,AutoETS,h1_6,1,ARIMA,7.3534886837005615,5.099456548690796,1.713400636891658,1.4961639407978884,2.7993741601265834,2.75678425319095,0.6251338941567134,0.16666666666666666,0.3333333333333333,2.1982677845045187,3.3473413078686995,True
D1,24,155,AutoETS,h1_12,1,ARIMA,7.3534886837005615,5.099456548690796,1.4442013836320495,1.3275554449966944,2.376727903692662,2.3579288030341634,0.529608661939904,0.4166666666666667,0.5833333333333334,2.5362349893609792,3.861969959343904,True
D1,24,156,AutoETS,h1,1,ARIMA,7.3534886837005615,5.099456548690796,0.1313554641552929,0.11285996810852658,0.2811064306314915,0.2807118810568927,0.1572190903562301,1.0,1.0,2.0456061991321213,3.1148808067214553,True
D1,24,156,AutoETS,h1_6,1,ARIMA,7.3534886837005615,5.099456548690796,0.6862505406585347,0.7062946221801167,1.479191775336785,1.4881148711790275,0.29018811559991226,1.0,1.0,2.8048918965094565,4.271058592349113,True
D1,24,156,AutoETS,h1_12,1,ARIMA,7.3534886837005615,5.099456548690796,0.9173228681631574,1.0332389744294956,1.9945362723520816,2.0247681633597745,0.39943053136377116,0.9166666666666666,0.9166666666666666,3.4880264884787406,5.311279740405568,True
D1,24,157,AutoETS,h1,1,ARIMA,7.3534886837005615,5.099456548690796,1.4124675364816743,1.143766832399351,2.4725371006466914,2.4423431800211226,0.47642181038377335,0.0,1.0,2.1684445386307,3.3019289229209554,True
D1,24,157,AutoETS,h1_6,1,ARIMA,7.3534886837005615,5.099456548690796,0.5626965207883391,0.6502884094381727,0.996887275246662,0.9966741541290498,0.31450077313004154,0.8333333333333334,1.0,3.1234095353212705,4.756071044969805,True
D1,24,157,AutoETS,h1_12,1,ARIMA,7.3534886837005615,5.099456548690796,1.2065167630941167,1.2635672892219358,2.172192460414256,2.2076871285886464,0.4983570847749795,0.75,1.0,3.9580905180771224,6.027054567616867,True
D1,24,158,AutoETS,h1,1,ARIMA,7.3534886837005615,5.099456548690796,1.5610637695226468,1.203759891201168,2.9204495492396303,2.8784181739465042,0.5353226974387898,0.0,1.0,2.135310933013611,3.251475794533894,True
D1,24,158,AutoETS,h1_6,1,ARIMA,7.3534886837005615,5.099456548690796,2.0253117115096693,1.7116450920142405,3.921681562213361,4.003350042508832,0.7514604535957082,0.16666666666666666,0.5,2.4851813999310104,3.78422975407022,True
D1,24,158,AutoETS,h1_12,1,ARIMA,7.3534886837005615,5.099456548690796,2.2553785002289906,1.9333868004412342,4.391386245584977,4.508367511834612,0.8530950967889929,0.16666666666666666,0.5833333333333334,2.8398078934232247,4.324225799546855,True
D1,24,159,AutoETS,h1,1,ARIMA,7.3534886837005615,5.099456548690796,1.7080178370987844,1.3717027558899184,3.144720235113043,3.1949564562036867,0.6320182583913703,0.0,0.0,1.878082787685781,2.8597899396659754,True
D1,24,159,AutoETS,h1_6,1,ARIMA,7.3534886837005615,5.099456548690796,1.1619803967042177,0.9958354297757246,2.113471524358786,2.1213331216685494,0.4100457159957334,0.16666666666666666,0.6666666666666666,1.8780828111713976,2.8597899754279332,True
D1,24,159,AutoETS,h1_12,1,ARIMA,7.3534886837005615,5.099456548690796,1.0570605736302998,1.0234057687517037,1.9148339449067409,1.9144545371630244,0.40411459689989226,0.4166666666666667,0.6666666666666666,1.8780828393542242,2.859790018342422,True
D1,24,160,AutoETS,h1,1,ARIMA,7.3534886837005615,5.099456548690796,0.5828392450111733,0.4887549442251855,0.7804476358843543,0.7774139813650552,0.2195926883643812,1.0,1.0,2.1647750190913326,3.296341280495973,True
D1,24,160,AutoETS,h1_6,1,ARIMA,7.3534886837005615,5.099456548690796,1.4411956243454374,1.3400039145782012,1.9597615298696727,1.9828144869449018,0.5126897343027756,0.8333333333333334,1.0,3.908681361993676,5.951818370138617,True
D1,24,160,AutoETS,h1_12,1,ARIMA,7.3534886837005615,5.099456548690796,1.5193821538605303,1.4145566264120748,2.0507797388745197,2.0598142124212395,0.589157024202039,0.9166666666666666,1.0,5.278614578967053,8.037839954278798,True
D1,24,161,AutoETS,h1,1,ARIMA,7.3534886837005615,5.099456548690796,0.7702481530857289,0.5644334421590885,0.9018336885310572,0.8977854228341375,0.2680279600365196,1.0,1.0,2.4632977972584817,3.750907204512292,True
D1,24,161,AutoETS,h1_6,1,ARIMA,7.3534886837005615,5.099456548690796,1.5289180702465304,1.5065941126218516,1.7701334605998158,1.7432026138981216,0.6784102727332918,0.6666666666666666,0.8333333333333334,4.446705322923197,6.771076989009954,True
D1,24,161,AutoETS,h1_12,1,ARIMA,7.3534886837005615,5.099456548690796,1.6327384100511122,1.5415259139991828,1.9185337475450113,1.9178802957076198,0.7312679696357484,0.8333333333333334,0.9166666666666666,6.003598827299072,9.141786315637537,True
D1,24,162,AutoETS,h1,1,ARIMA,7.3534886837005615,5.099456548690796,0.26603467555431703,0.2240829338931751,0.5012503046957045,0.5025097204481405,0.17007269328313357,1.0,1.0,2.1188966515050853,3.2264814772265473,True
D1,24,162,AutoETS,h1_6,1,ARIMA,7.3534886837005615,5.099456548690796,1.3303599697455646,1.4015032789029804,2.4538058578765076,2.4094133871294376,0.5275428418974385,0.5,0.6666666666666666,2.1188966780061924,3.226481517580236,True
D1,24,162,AutoETS,h1_12,1,ARIMA,7.3534886837005615,5.099456548690796,1.3138707801413352,1.3885060357181214,2.4230233707150606,2.3786983256151717,0.5315394918465588,0.5,0.5833333333333334,2.1188967098075,3.2264815660046513,True
D1,24,163,AutoETS,h1,1,ARIMA,7.3534886837005615,5.099456548690796,1.776646086015063,1.2070127510940907,2.71495402245969,2.752316080529258,0.6007570728096987,0.0,1.0,2.6829394209802713,4.085359396912972,True
D1,24,163,AutoETS,h1_6,1,ARIMA,7.3534886837005615,5.099456548690796,1.9251847551533507,1.6122764000332643,2.943587441928964,2.988027420493926,0.7869760379556119,0.5,0.8333333333333334,4.845269232556502,7.377977316597618,True
D1,24,163,AutoETS,h1_12,1,ARIMA,7.3534886837005615,5.099456548690796,1.8831580079119836,1.473815360061049,2.8385723166962347,2.8403462278885114,0.7893179746599694,0.75,0.9166666666666666,6.545097513347454,9.966335960018062,True
D1,24,164,AutoETS,h1,1,ARIMA,7.3534886837005615,5.099456548690796,1.9359904016567637,1.6098974596524276,2.8815250682415994,2.92364789169475,0.7153504382533824,0.0,0.0,2.1374222665643146,3.254690759543536,True
D1,24,164,AutoETS,h1_6,1,ARIMA,7.3534886837005615,5.099456548690796,1.367187157949092,1.3764540268267045,2.0360655742585494,2.067272799614145,0.5265728289236689,0.6666666666666666,0.6666666666666666,3.3167162511956527,5.05042260654746,True
D1,24,164,AutoETS,h1_12,1,ARIMA,7.3534886837005615,5.099456548690796,0.9901164933928447,1.0603530697175563,1.4700593488961906,1.4879815790977207,0.47902526985115357,0.8333333333333334,0.8333333333333334,4.307543685971589,6.559173098536595,True
D1,24,165,AutoETS,h1,1,ARIMA,7.3534886837005615,5.099456548690796,2.303754845030925,1.7182929078081874,3.740863195525596,3.672177624903427,0.8887551210212635,0.0,0.0,2.226064218831355,3.3896674309595984,True
D1,24,165,AutoETS,h1_6,1,ARIMA,7.3534886837005615,5.099456548690796,1.7765192835271608,1.430943700917964,2.8902484027422783,2.842556096733154,0.6220652963300085,0.6666666666666666,0.8333333333333334,4.019879648832816,6.121141971896621,True
D1,24,165,AutoETS,h1_12,1,ARIMA,7.3534886837005615,5.099456548690796,2.695719251151293,2.216380130776797,4.343420788804076,4.23272029845712,0.9149089142487794,0.5,0.9166666666666666,5.42966272099617,8.267843636657664,True
D1,24,166,AutoETS,h1,1,ARIMA,7.3534886837005615,5.099456548690796,0.2507468324065443,0.19266192623637343,0.29516758771386375,0.29473261014607655,0.1859447287382027,1.0,1.0,2.3470514064547117,3.573896765397008,True
D1,24,166,AutoETS,h1_6,1,ARIMA,7.3534886837005615,5.099456548690796,1.2539988625846195,1.0773016127511383,1.4727496364228103,1.467441662256467,0.4714328691961326,1.0,1.0,4.08991836731642,6.22779116958897,True
D1,24,166,AutoETS,h1_12,1,ARIMA,7.3534886837005615,5.099456548690796,1.4587287076459774,1.2574016160128874,1.705261064652017,1.6912566849402844,0.5790368325493968,1.0,1.0,5.478134631517117,8.34165267371029,True
D1,24,167,AutoETS,h1,1,ARIMA,7.3534886837005615,5.099456548690796,1.0154516353961696,0.7878050026187128,2.0526969843333753,2.0318431923653417,0.3290610930874332,1.0,1.0,2.1407990831992603,3.2598326980693635,True
D1,24,167,AutoETS,h1_6,1,ARIMA,7.3534886837005615,5.099456548690796,1.8172315607232385,1.729691668101419,3.611124518256844,3.5167574938971726,0.734927423187994,0.5,0.6666666666666666,2.9681168940938134,4.5196041884508364,True
D1,24,167,AutoETS,h1_12,1,ARIMA,7.3534886837005615,5.099456548690796,1.4756079484370956,1.4115725776981418,2.95701225616129,2.9037707324438626,0.5977090065992179,0.75,0.8333333333333334,3.7074685822651836,5.6454281050381,True
D1,24,168,AutoETS,h1,1,ARIMA,7.3534886837005615,5.099456548690796,0.024680469559785347,0.020060470213944213,0.049357174742356374,0.04936935840260435,0.15096549799199926,1.0,1.0,2.0411416641357736,3.1080825801728,True
D1,24,168,AutoETS,h1_6,1,ARIMA,7.3534886837005615,5.099456548690796,2.0520877074733495,1.9263594165359035,3.993879867723634,3.891090827400233,0.742844414982315,0.3333333333333333,0.6666666666666666,3.183514778694084,4.847594364093848,True
D1,24,168,AutoETS,h1_12,1,ARIMA,7.3534886837005615,5.099456548690796,3.150030714407148,2.8837994128564017,6.057017633902314,5.83538208702481,1.153173113554833,0.25,0.5,4.141901957711855,6.306947503812006,True
D1,24,169,AutoETS,h1,1,ARIMA,7.3534886837005615,5.099456548690796,0.31372829295481397,0.27688120460546806,0.6105552351702149,0.6086970194110453,0.16798437637686917,1.0,1.0,2.045330859302056,3.1144615418833093,True
D1,24,169,AutoETS,h1_6,1,ARIMA,7.3534886837005615,5.099456548690796,0.6290495816098286,0.738633725267374,1.2408568178299084,1.2541176258342839,0.35461756419916335,1.0,1.0,3.6921981699978703,5.622175577693218,True
D1,24,169,AutoETS,h1_12,1,ARIMA,7.3534886837005615,5.099456548690796,0.5944796739524445,0.6809324970608358,1.16230437084908,1.1644103107865358,0.427200366311399,1.0,1.0,4.984921417950645,7.590628173876737,True
D1,24,170,AutoETS,h1,1,ARIMA,7.3534886837005615,5.099456548690796,1.3719776050611516,1.0833026438627185,2.1346775034313183,2.1577075522855576,0.46086925013569385,0.0,1.0,2.1626857897984397,3.293159974031399,True
D1,24,170,AutoETS,h1_6,1,ARIMA,7.3534886837005615,5.099456548690796,0.8262377928515211,0.7206922144289829,1.274943073666807,1.2780833259685287,0.3209820067667371,0.8333333333333334,1.0,2.801124704948118,4.265322223005574,True
D1,24,170,AutoETS,h1_12,1,ARIMA,7.3534886837005615,5.099456548690796,0.8797322343916993,0.7680411939087184,1.3610760440040932,1.3680423476762211,0.35842498804941464,0.9166666666666666,1.0,3.3971238213392785,5.1728606383943285,True
D1,24,171,AutoETS,h1,1,ARIMA,7.3534886837005615,5.099456548690796,0.03450859380909952,0.027122422447053873,0.07149451351516553,0.07146896532063038,0.16228528867966585,1.0,1.0,2.1881446584134303,3.331926644392139,True
D1,24,171,AutoETS,h1_6,1,ARIMA,7.3534886837005615,5.099456548690796,0.671955588938769,0.7385233157041515,1.3739709180870485,1.3558468901426302,0.3191015932649634,1.0,1.0,3.129833445016521,4.765852846091809,True
D1,24,171,AutoETS,h1_12,1,ARIMA,7.3534886837005615,5.099456548690796,0.4990042099546911,0.5815365123259235,1.0227941168140682,1.0117013294096389,0.34711601235040307,1.0,1.0,3.956972685112985,6.025352423554835,True
D1,24,172,AutoETS,h1,1,ARIMA,7.3534886837005615,5.099456548690796,0.16793105675121583,0.13828918302135165,0.28305959978748246,0.28346078126398266,0.15989207866746072,1.0,1.0,2.0543524790027834,3.1281989220610016,True
D1,24,172,AutoETS,h1_6,1,ARIMA,7.3534886837005615,5.099456548690796,1.2232329443779248,1.109665143113603,2.0336820184528746,2.0090939066893254,0.42831088333981426,1.0,1.0,3.308163263104458,5.037398820025549,True
D1,24,172,AutoETS,h1_12,1,ARIMA,7.3534886837005615,5.099456548690796,1.9153948149384556,1.7659429045267585,3.1603332734924603,3.0994459931782705,0.6485885145075564,0.6666666666666666,1.0,4.3436497863609,6.614152497384695,True
D1,24,173,AutoETS,h1,1,ARIMA,7.3534886837005615,5.099456548690796,0.8497799976716004,0.6906900652831461,1.22103543878214,1.2285358679450193,0.2792553797845392,1.0,1.0,1.9683270464608624,2.997206471594048,True
D1,24,173,AutoETS,h1_6,1,ARIMA,7.3534886837005615,5.099456548690796,1.2136023008649786,1.1819601266549038,1.7216788962210139,1.7107788752021749,0.46009179039788567,0.6666666666666666,0.8333333333333334,2.4604672640685568,3.746597101468113,True
D1,24,173,AutoETS,h1_12,1,ARIMA,7.3534886837005615,5.099456548690796,1.0252412104189716,1.0623393753520418,1.4545483276513926,1.4453964428427815,0.41985642267369433,0.75,0.9166666666666666,2.9317033296950537,4.464156608707419,True
D1,24,174,AutoETS,h1,1,ARIMA,7.3534886837005615,5.099456548690796,2.3175526723551245,1.918689807111546,4.498976661989447,4.602509577876698,0.9186995657688115,0.0,0.0,2.0310946861769246,3.0927838688065346,True
D1,24,174,AutoETS,h1_6,1,ARIMA,7.3534886837005615,5.099456548690796,1.6099119059799971,1.4057684570470526,3.1094346713724628,3.164375122220557,0.5739276459642972,0.3333333333333333,0.6666666666666666,2.5967173542394018,3.954067528066986,True
D1,24,174,AutoETS,h1_12,1,ARIMA,7.3534886837005615,5.099456548690796,2.02020144905078,1.8002685841396893,3.9228647596472896,4.014887132554202,0.710236914711677,0.3333333333333333,0.75,3.1295161266008584,4.7653696597175275,True
D1,24,175,AutoETS,h1,1,ARIMA,7.3534886837005615,5.099456548690796,0.5076527110255933,0.4391838351968467,0.9156225652367986,0.9198336675481567,0.17203579760004498,1.0,1.0,1.413244810387994,2.151972914896282,True
D1,24,175,AutoETS,h1_6,1,ARIMA,7.3534886837005615,5.099456548690796,0.5319570312352879,0.49480173293725865,0.9513226797408322,0.9483410701264948,0.18726874177294456,0.8333333333333334,1.0,1.4142217861924,2.1534605732652574,True
D1,24,175,AutoETS,h1_12,1,ARIMA,7.3534886837005615,5.099456548690796,0.9457719878696659,0.9780490910588893,1.676460826515248,1.6579267491968146,0.3577446196438575,0.5,0.6666666666666666,1.4149522528254845,2.15457286775103,True
D1,24,176,AutoETS,h1,1,ARIMA,7.3534886837005615,5.099456548690796,0.7037072759529287,0.5738477998332686,1.2085974876097443,1.2159454305720439,0.24378034142638458,1.0,1.0,2.200702747252331,3.35104906879134,True
D1,24,176,AutoETS,h1_6,1,ARIMA,7.3534886837005615,5.099456548690796,0.9634382337869505,0.8794348198449308,1.6596395106818176,1.674955170968857,0.40907455873036513,1.0,1.0,3.974137946589892,6.051490271367107,True
D1,24,176,AutoETS,h1_12,1,ARIMA,7.3534886837005615,5.099456548690796,0.8907320038831432,0.8738242888359385,1.5360693456423946,1.552002795427638,0.4899556351101354,1.0,1.0,5.367972008740901,8.173906095972445,True
D1,24,177,AutoETS,h1,1,ARIMA,7.3534886837005615,5.099456548690796,1.3471900557765304,1.1623817876681974,2.3259207374051494,2.299182160079149,0.45311118360202596,0.0,1.0,2.1066964436324795,3.2079040045162506,True
D1,24,177,AutoETS,h1_6,1,ARIMA,7.3534886837005615,5.099456548690796,1.2393258077423386,1.0939390178486519,2.143310338489021,2.122305297170123,0.4335780075580404,0.8333333333333334,1.0,3.2952616122319203,5.017753247629983,True
D1,24,177,AutoETS,h1_12,1,ARIMA,7.3534886837005615,5.099456548690796,1.1185431961455994,1.0585363560060403,1.9523100145077108,1.9513793813650724,0.46625148992302734,0.8333333333333334,1.0,4.290787046683915,6.533657466972484,True
D1,24,178,AutoETS,h1,1,ARIMA,7.3534886837005615,5.099456548690796,0.475326553230282,0.36378148116340686,0.621766999020969,0.6198400186795316,0.20090677090866457,1.0,1.0,2.1512132585000834,3.27569054733486,True
D1,24,178,AutoETS,h1_6,1,ARIMA,7.3534886837005615,5.099456548690796,3.7577496243524897,3.4651195235194794,5.114689382366838,5.316532187528809,1.6342446177539467,0.16666666666666666,0.16666666666666666,2.3763252272233153,3.618472531001479,True
D1,24,178,AutoETS,h1_12,1,ARIMA,7.3534886837005615,5.099456548690796,3.8982340620698053,3.310918477879631,5.282081485227444,5.462527790420791,1.6580377012976766,0.08333333333333333,0.08333333333333333,2.615939800537479,3.9833378876589327,True
D1,24,179,AutoETS,h1,1,ARIMA,7.3534886837005615,5.099456548690796,1.6901896208985074,1.2125768135934647,2.5361683580199794,2.5687421710911438,0.5769357041623779,0.0,1.0,2.391300761611553,3.641276042574769,True
D1,24,179,AutoETS,h1_6,1,ARIMA,7.3534886837005615,5.099456548690796,1.560471176323976,1.239948015411981,2.3450253848134017,2.37896773240181,0.5688280476972238,0.16666666666666666,0.8333333333333334,2.3913007915028137,3.6412760880907222,True
D1,24,179,AutoETS,h1_12,1,ARIMA,7.3534886837005615,5.099456548690796,0.9863722838567688,0.9135558487368806,1.4769441113388888,1.4929224764932545,0.39305032997608425,0.5833333333333334,0.9166666666666666,2.3913008273723237,3.641276142709863,True
D1,24,180,AutoETS,h1,1,ARIMA,7.3534886837005615,5.099456548690796,0.0702313397991123,0.062086280902477926,0.12642127541556963,0.1265012376545993,0.14764832719553256,1.0,1.0,1.9613516472091594,2.9865849075522557,True
D1,24,180,AutoETS,h1_6,1,ARIMA,7.3534886837005615,5.099456548690796,0.8087398873730568,0.7939422795405772,1.4547847323980032,1.4549476328948487,0.3146508571046264,1.0,1.0,2.8515174207586544,4.342056104308541,True
D1,24,180,AutoETS,h1_12,1,ARIMA,7.3534886837005615,5.099456548690796,0.7241439740269858,0.7745304226354608,1.3011715315872372,1.299925215845766,0.3527698846596355,1.0,1.0,3.6260073426738275,5.521385632052582,True
D1,24,181,AutoETS,h1,1,ARIMA,7.3534886837005615,5.099456548690796,2.0185182540706994,1.5757561367445687,3.599745209306248,3.6657235634877794,0.8064169544889043,0.0,0.0,1.7160829766670844,2.6131099568575817,True
D1,24,181,AutoETS,h1_6,1,ARIMA,7.3534886837005615,5.099456548690796,2.2918308781430077,1.8629504577512879,4.104329186000249,4.198055859451029,0.9480955761117583,0.0,0.16666666666666666,1.7160829981250847,2.613109989532054,True
D1,24,181,AutoETS,h1_12,1,ARIMA,7.3534886837005615,5.099456548690796,2.4997228328203946,2.2381976785598092,4.509598457119174,4.649568445438096,1.075379062034556,0.16666666666666666,0.25,1.7160830238745206,2.6131100287411804,True
D1,24,182,AutoETS,h1,1,ARIMA,7.3534886837005615,5.099456548690796,1.4116578304495477,1.1273094968698203,2.393286043194075,2.3649856079547105,0.4793622467299356,0.0,1.0,2.0715750899143095,3.1544240968736066,True
D1,24,182,AutoETS,h1_6,1,ARIMA,7.3534886837005615,5.099456548690796,1.1340725378075125,1.005492721931155,1.9229119560088141,1.9004266413166222,0.4168071507021548,0.5,1.0,2.7547328841017293,4.194680575358742,True
D1,24,182,AutoETS,h1_12,1,ARIMA,7.3534886837005615,5.099456548690796,1.1292834352148842,1.0097427019419358,1.9381642692623102,1.9391996460002638,0.42850204437509354,0.75,1.0,3.3816589942708135,5.149312072186786,True
D1,24,183,AutoETS,h1,1,ARIMA,7.3534886837005615,5.099456548690796,1.3542308288465188,1.163214728243145,1.881916766625005,1.8643737851969142,0.47466147873151393,0.0,0.0,1.7127984197679884,2.608108503866327,True
D1,24,183,AutoETS,h1_6,1,ARIMA,7.3534886837005615,5.099456548690796,2.0816197365969042,1.938521512828744,2.941214584813585,2.9873576464447456,0.8440669799724553,0.0,0.16666666666666666,1.7127986916757838,2.6081089179051418,True
D1,24,183,AutoETS,h1_12,1,ARIMA,7.3534886837005615,5.099456548690796,1.9745213794962915,2.0160086618696984,2.7758538385768667,2.8250056162225046,0.8217973296013421,0.25,0.3333333333333333,1.7128001048470018,2.608111069765998,True
D1,24,184,AutoETS,h1,1,ARIMA,7.3534886837005615,5.099456548690796,0.18048504519665207,0.14095993684568486,0.3457489130753938,0.34634765970984815,0.17875103207029175,1.0,1.0,2.302157367716318,3.505535817106118,True
D1,24,184,AutoETS,h1_6,1,ARIMA,7.3534886837005615,5.099456548690796,1.9439704171732215,1.7756834402747488,3.8148632314195083,3.9180579853093858,0.6756242534376652,0.5,1.0,3.916280086946163,5.963389083270068,True
D1,24,184,AutoETS,h1_12,1,ARIMA,7.3534886837005615,5.099456548690796,1.5238738726252963,1.4398113853620365,2.977960680271345,3.0451675917968744,0.6306285621752215,0.75,1.0,5.215351728324671,7.941508490613877,True
D1,24,185,AutoETS,h1,1,ARIMA,7.3534886837005615,5.099456548690796,0.10426455269427094,0.08476465690145746,0.1570894812415259,0.15696619255272312,0.15801123931154465,1.0,1.0,2.076950360591485,3.16260911678132,True
D1,24,185,AutoETS,h1_6,1,ARIMA,7.3534886837005615,5.099456548690796,0.6182043021306837,0.6778471071410934,0.9243305449071149,0.9166870771751968,0.2799958813931105,0.8333333333333334,1.0,2.547807411043062,3.8795914908977767,True
D1,24,185,AutoETS,h1_12,1,ARIMA,7.3534886837005615,5.099456548690796,1.0801295288988244,1.101044384389458,1.6419198395542955,1.6558533480299762,0.417545605644275,0.6666666666666666,0.9166666666666666,3.005101401113723,4.5759211526403485,True
D1,24,186,AutoETS,h1,1,ARIMA,7.3534886837005615,5.099456548690796,0.2651540634437755,0.181985674174399,0.3921758881687414,0.39140838351653,0.19933711029623102,1.0,1.0,2.518862793836836,3.8355170093911086,True
D1,24,186,AutoETS,h1_6,1,ARIMA,7.3534886837005615,5.099456548690796,0.7244567355225243,0.7001707825552183,1.0836369610682626,1.093978563156961,0.35592347327228024,0.8333333333333334,1.0,3.1409473148942832,4.782776132687895,True
D1,24,186,AutoETS,h1_12,1,ARIMA,7.3534886837005615,5.099456548690796,2.4075272401898538,2.327857398375839,3.4573605404222225,3.35636977144358,0.9957632873319049,0.5,0.6666666666666666,3.737776193126645,5.6915780411352825,True
D1,24,187,AutoETS,h1,1,ARIMA,7.3534886837005615,5.099456548690796,2.5537245232775816,2.1161168044545513,3.9208595659773944,3.8454717916769305,1.077885630808834,0.0,0.0,1.6833797658308605,2.5633121982297897,True
D1,24,187,AutoETS,h1_6,1,ARIMA,7.3534886837005615,5.099456548690796,0.6741843342900451,0.90810976008153,1.0414963707224925,1.0277009690783978,0.30885335282470405,0.8333333333333334,0.8333333333333334,1.6833797868731133,2.563312230271188,True
D1,24,187,AutoETS,h1_12,1,ARIMA,7.3534886837005615,5.099456548690796,1.0848057262473374,1.0895858756105885,1.686443297233391,1.674608322329305,0.42881942661435735,0.4166666666666667,0.5,1.6833798121238088,2.5633122687208703,True
D1,24,188,AutoETS,h1,1,ARIMA,7.3534886837005615,5.099456548690796,0.7652104453243495,0.6101363743547541,1.0189422458400452,1.0137773430266186,0.2604265508798236,1.0,1.0,2.1807483891497177,3.3206642141254417,True
D1,24,188,AutoETS,h1_6,1,ARIMA,7.3534886837005615,5.099456548690796,1.2578846115852576,1.4032049451594961,1.686204563566994,1.6899173747400613,0.5408808080603259,0.6666666666666666,0.6666666666666666,2.9850104164402764,4.545328254274082,True
D1,24,188,AutoETS,h1_12,1,ARIMA,7.3534886837005615,5.099456548690796,2.119625669228546,2.2804485786473467,2.7807906266612834,2.72883431899782,0.8588360292873073,0.5,0.5833333333333334,3.709382668004604,5.648342717310328,True
D1,24,189,AutoETS,h1,1,ARIMA,7.3534886837005615,5.099456548690796,0.2456018473818663,0.21621770221347553,0.5173083403968483,0.5186498498622447,0.1539242378786742,1.0,1.0,1.9140475617372816,2.9145541383952254,True
D1,24,189,AutoETS,h1_6,1,ARIMA,7.3534886837005615,5.099456548690796,1.4179358665920998,1.5122059355587303,3.0457020412914964,3.116155082475372,0.5453770578177914,0.6666666666666666,0.6666666666666666,2.727584806065745,4.153341715880531,True
D1,24,189,AutoETS,h1_12,1,ARIMA,7.3534886837005615,5.099456548690796,1.0001315244471658,1.1503145794663618,2.1294828034801814,2.1597431939020515,0.4477758466680236,0.8333333333333334,0.8333333333333334,3.4429963414176084,5.242711537559846,True
D1,24,190,AutoETS,h1,1,ARIMA,7.3534886837005615,5.099456548690796,0.6701087321629098,0.5515217518758727,1.1049419795892201,1.0988710359006137,0.23008868476890926,1.0,1.0,2.0021302133634995,3.0486791528149357,True
D1,24,190,AutoETS,h1_6,1,ARIMA,7.3534886837005615,5.099456548690796,1.698005318063913,1.4833168731519075,2.771491338781148,2.7290275402283055,0.5858366330638505,0.3333333333333333,0.8333333333333334,2.687096633519483,4.0916896581105275,True
D1,24,190,AutoETS,h1_12,1,ARIMA,7.3534886837005615,5.099456548690796,1.4416796371013998,1.336840520975035,2.3800572241252853,2.371021766560332,0.525979218326803,0.5833333333333334,0.9166666666666666,3.3119301729664556,5.043134760420519,True
D1,24,191,AutoETS,h1,1,ARIMA,7.3534886837005615,5.099456548690796,0.5412623063024091,0.41082290488420364,0.708452264244842,0.7059515992003382,0.20964677920395625,1.0,1.0,2.111449422988453,3.2151414504024114,True
D1,24,191,AutoETS,h1_6,1,ARIMA,7.3534886837005615,5.099456548690796,0.7145053482814349,0.7054341887442985,0.9332946149648772,0.9282078861816914,0.2989411284739855,0.8333333333333334,1.0,2.5646393883103706,3.9052218409384447,True
D1,24,191,AutoETS,h1_12,1,ARIMA,7.3534886837005615,5.099456548690796,1.2766349854133294,1.3171777407567349,1.6969702773505735,1.7180684983493593,0.5159946615852663,0.6666666666666666,0.8333333333333334,3.0081390702031734,4.580546665189105,True
D1,24,192,AutoETS,h1,1,ARIMA,7.3534886837005615,5.099456548690796,0.43361015502340367,0.34949477365138193,0.8720020224759185,0.8758206091886114,0.1985041187887567,1.0,1.0,2.231651601737799,3.3981754379173745,True
D1,24,192,AutoETS,h1_6,1,ARIMA,7.3534886837005615,5.099456548690796,0.9946856212608421,0.872407100320635,2.01545035165477,2.0398796111967754,0.4033907935594341,1.0,1.0,3.830103937898071,5.832167134108508,True
D1,24,192,AutoETS,h1_12,1,ARIMA,7.3534886837005615,5.099456548690796,1.1058226856868143,1.0175885156214535,2.2354282086301662,2.2578951250888535,0.4971708447275509,1.0,1.0,5.111614664390174,7.783546225182582,True
D1,24,193,AutoETS,h1,1,ARIMA,7.3534886837005615,5.099456548690796,2.6534163881646182,2.086217246699515,3.8848010014938463,3.9617541336237148,1.0445278799735027,0.0,0.0,2.3872985943384877,3.635181871551311,True
D1,24,193,AutoETS,h1_6,1,ARIMA,7.3534886837005615,5.099456548690796,1.3673509551553455,1.2636278494584583,1.9908148712049438,2.018728469614283,0.5774105675325735,0.8333333333333334,0.8333333333333334,4.31083626537593,6.564186767538753,True
D1,24,193,AutoETS,h1_12,1,ARIMA,7.3534886837005615,5.099456548690796,2.393749908423532,2.323785817603845,3.5310970797730525,3.6312011843992735,0.8879357514329674,0.75,0.8333333333333334,5.822324313023584,8.865756400640201,True
D1,24,194,AutoETS,h1,1,ARIMA,7.3534886837005615,5.099456548690796,0.05699384395442821,0.04485532885656498,0.09944659166512294,0.09939716811717084,0.16928013463468145,1.0,1.0,2.2665414439357936,3.4513028188659622,True
D1,24,194,AutoETS,h1_6,1,ARIMA,7.3534886837005615,5.099456548690796,0.9757782295345278,1.1240411832740775,1.7311213868371904,1.760329393920423,0.41743257735935035,0.8333333333333334,1.0,3.352902307192754,5.105523755216324,True
D1,24,194,AutoETS,h1_12,1,ARIMA,7.3534886837005615,5.099456548690796,1.206199069376519,1.34795195894179,2.149516016661775,2.1958804120741475,0.5377117627778295,0.8333333333333334,0.9166666666666666,4.289363942499284,6.5314904810137255,True
D1,24,195,AutoETS,h1,1,ARIMA,7.3534886837005615,5.099456548690796,1.1520791490877518,0.9758512460768072,2.6584262239212637,2.6942383939207355,0.3825855098620178,0.0,1.0,1.9474716201645177,2.9654495444229987,True
D1,24,195,AutoETS,h1_6,1,ARIMA,7.3534886837005615,5.099456548690796,1.042410095036064,0.9365399526036873,2.3540355880065142,2.3351426111869316,0.3657934084816975,0.8333333333333334,1.0,2.8352915941339862,4.31734875059217,True
D1,24,195,AutoETS,h1_12,1,ARIMA,7.3534886837005615,5.099456548690796,1.3878346254791962,1.2705001842175188,3.10900236764146,3.05984037872975,0.48459024368969417,0.75,1.0,3.6074251019231736,5.49309012479188,True
D1,24,196,AutoETS,h1,1,ARIMA,7.3534886837005615,5.099456548690796,0.90320907091209,0.7259238196562591,1.6355325440429225,1.6222661982313813,0.3014772087909222,1.0,1.0,2.304560166230619,3.5091946009804493,True
D1,24,196,AutoETS,h1_6,1,ARIMA,7.3534886837005615,5.099456548690796,1.1827451173788852,1.0730710666177565,2.185042897226393,2.2117254289717074,0.44396644172108835,0.8333333333333334,1.0,3.688737383364343,5.61690577656263,True
D1,24,196,AutoETS,h1_12,1,ARIMA,7.3534886837005615,5.099456548690796,1.5802232925541508,1.403915813268158,2.934680009793708,2.9864433359995823,0.5714940538351474,0.9166666666666666,1.0,4.835614835130455,7.363276394565015,True
D1,24,197,AutoETS,h1,1,ARIMA,7.3534886837005615,5.099456548690796,0.6385949846783759,0.5114395585132675,1.1835311064771372,1.1905765282563014,0.22877486737768785,1.0,1.0,2.1628225365249505,3.293368200694936,True
D1,24,197,AutoETS,h1_6,1,ARIMA,7.3534886837005615,5.099456548690796,1.046853659981174,1.024816447474781,1.9470521838457144,1.9663032306070454,0.42168355299705557,0.6666666666666666,0.8333333333333334,3.2483020434305128,4.9462470801117755,True
D1,24,197,AutoETS,h1_12,1,ARIMA,7.3534886837005615,5.099456548690796,0.9149144566505107,0.9311187939267443,1.6892215189363076,1.693551572830115,0.43876188613057876,0.8333333333333334,0.9166666666666666,4.176540465975248,6.359692174124835,True
D1,24,198,AutoETS,h1,1,ARIMA,7.3534886837005615,5.099456548690796,1.1215013925137365,0.9132127848207491,2.494476423307091,2.5259814289077,0.3619889514072475,0.0,1.0,2.2065147375103025,3.359899089343244,True
D1,24,198,AutoETS,h1_6,1,ARIMA,7.3534886837005615,5.099456548690796,0.47035316045941494,0.47879013326803865,1.0416971220261007,1.050277300342002,0.3165933578998208,0.8333333333333334,1.0,3.6051142717748266,5.489571382778025,True
D1,24,198,AutoETS,h1_12,1,ARIMA,7.3534886837005615,5.099456548690796,1.193318430069189,1.28210437331132,2.6760604563488566,2.7340093980255076,0.5144568829569627,0.9166666666666666,1.0,4.751384025746017,7.235016648579931,True
D1,24,199,AutoETS,h1,1,ARIMA,7.3534886837005615,5.099456548690796,0.9747816669133945,0.7459894344018022,1.441286008162981,1.4309737956146447,0.32254720448667,1.0,1.0,2.3587151763592664,3.5916573945078927,True
D1,24,199,AutoETS,h1_6,1,ARIMA,7.3534886837005615,5.099456548690796,3.7879567405191708,3.076106679447801,5.467970290865717,5.305244241684039,1.4197849213904683,0.16666666666666666,0.3333333333333333,4.2579144680150325,6.483601808944767,True
D1,24,199,AutoETS,h1_12,1,ARIMA,7.3534886837005615,5.099456548690796,3.3938586665419272,2.809536567813529,4.909648354961724,4.773478085307591,1.2401437420394557,0.4166666666666667,0.6666666666666666,5.748707964779238,8.753659482717032,True
D1,24,0,AutoARIMA,h1,1,ARIMA,7.3534886837005615,5.099456548690796,1.0759952877479888,0.7347578350185111,1.6892084947316997,1.6750608595658436,0.3475102003106232,0.0,1.0,2.110753883496191,3.2140823400928746,True
D1,24,0,AutoARIMA,h1_6,1,ARIMA,7.3534886837005615,5.099456548690796,0.7103205582341533,0.5400533055298552,1.1168568186250065,1.1091968766788483,0.26602913036427056,0.6666666666666666,1.0,2.201253600053576,3.3518878621126897,True
D1,24,0,AutoARIMA,h1_12,1,ARIMA,7.3534886837005615,5.099456548690796,0.5790948122394117,0.4915261271752589,0.9142104859812407,0.9116585730713646,0.24849586869737733,0.75,1.0,2.2103035717093142,3.3656684143146713,True
D1,24,1,AutoARIMA,h1,1,ARIMA,7.3534886837005615,5.099456548690796,0.25686465653593193,0.19937155237396276,0.3573168684231507,0.35795638770057686,0.1647384691682552,1.0,1.0,2.0530649142879267,3.126238324454573,True
D1,24,1,AutoARIMA,h1_6,1,ARIMA,7.3534886837005615,5.099456548690796,1.358939626878816,1.2382604418186915,1.8942500184164983,1.9192520676607518,0.5107800284134354,0.3333333333333333,0.8333333333333334,2.532593680228028,3.8564252734046596,True
D1,24,1,AutoARIMA,h1_12,1,ARIMA,7.3534886837005615,5.099456548690796,1.281832997211027,1.1468600742996329,1.7635959092212476,1.7682210361836939,0.4710366704355222,0.4166666666666667,0.9166666666666666,2.6248734241084826,3.996941274570648,True
D1,24,2,AutoARIMA,h1,1,ARIMA,7.3534886837005615,5.099456548690796,0.5236283356198996,0.43068064547207696,1.0048578854722952,0.9998344279269498,0.20303952815560658,1.0,1.0,2.046600371841693,3.116394651122671,True
D1,24,2,AutoARIMA,h1_6,1,ARIMA,7.3534886837005615,5.099456548690796,0.8622755834249152,0.7866884329788755,1.6477371911150989,1.6327788983935343,0.35695792703349855,1.0,1.0,3.6947351862629123,5.62603873731489,True
D1,24,2,AutoARIMA,h1_12,1,ARIMA,7.3534886837005615,5.099456548690796,0.8279469602332633,0.7314264264191644,1.5880992459623335,1.5796214388671022,0.43248677588659595,1.0,1.0,4.988418639447262,7.595953455018965,True
D1,24,3,AutoARIMA,h1,1,ARIMA,7.3534886837005615,5.099456548690796,0.032466214765479985,0.0279479402004736,0.054959230838220734,0.054944132401941306,0.12879717522834888,1.0,1.0,1.732763960286361,2.6385103861948433,True
D1,24,3,AutoARIMA,h1_6,1,ARIMA,7.3534886837005615,5.099456548690796,1.4706087772628733,1.7195686523169762,2.40896359009167,2.4020857350130362,0.6127945772965162,0.5,0.6666666666666666,2.494399907929286,3.798266939547379,True
D1,24,3,AutoARIMA,h1_12,1,ARIMA,7.3534886837005615,5.099456548690796,2.1270158172887648,2.1391787014633286,3.4334750054098917,3.3779118831754955,0.8492153094402183,0.25,0.4166666666666667,2.5844442991275764,3.9353791295747005,True
D1,24,4,AutoARIMA,h1,1,ARIMA,7.3534886837005615,5.099456548690796,1.1180867175472546,0.9223157917166905,1.8158480960308963,1.7995099127862877,0.3746242471965542,0.0,1.0,1.791007487535127,2.7271988371879474,True
D1,24,4,AutoARIMA,h1_6,1,ARIMA,7.3534886837005615,5.099456548690796,0.801577811012888,0.7463359219320952,1.3053262703772341,1.2945774153431304,0.2928538632106789,0.3333333333333333,1.0,1.9596893276561953,2.984053664113349,True
D1,24,4,AutoARIMA,h1_12,1,ARIMA,7.3534886837005615,5.099456548690796,0.8301005817607418,0.7965042252124058,1.3526136213791033,1.3417485133544773,0.3081304773486586,0.5,0.9166666666666666,1.9816625875158014,3.0175127362587224,True
D1,24,5,AutoARIMA,h1,1,ARIMA,7.3534886837005615,5.099456548690796,2.0629201911395194,1.6331195035491486,3.8605895995302753,3.7874800687216013,0.8096058995610611,0.0,0.0,1.876928275285141,2.858031943176017,True
D1,24,5,AutoARIMA,h1_6,1,ARIMA,7.3534886837005615,5.099456548690796,1.2986281969939166,1.2640376921252143,2.4617044386895865,2.4176358455440377,0.5272082312202544,0.5,0.6666666666666666,2.8252072968418824,4.30199321241586,True
D1,24,5,AutoARIMA,h1_12,1,ARIMA,7.3534886837005615,5.099456548690796,1.0240072328674217,0.9915575935961345,1.9660567184373912,1.9484408208359,0.41390651388592953,0.75,0.8333333333333334,2.942876549002458,4.481170267731666,True
D1,24,6,AutoARIMA,h1,1,ARIMA,7.3534886837005615,5.099456548690796,0.0697912221682706,0.05746581450813473,0.13180554136382922,0.1317187350679123,0.14122400098016885,1.0,1.0,1.8740284893049866,2.8536163876810257,True
D1,24,6,AutoARIMA,h1_6,1,ARIMA,7.3534886837005615,5.099456548690796,1.601192818787823,1.5568775499292402,3.0917877727271947,3.1603914687823345,0.630726642034879,0.5,0.5,2.1708622148214025,3.3056103612967576,True
D1,24,6,AutoARIMA,h1_12,1,ARIMA,7.3534886837005615,5.099456548690796,1.5923873104305837,1.5403072223944991,3.0674073916699585,3.128118616376968,0.6199467452922296,0.4166666666666667,0.5833333333333334,2.217102672077854,3.3760215249230967,True
D1,24,7,AutoARIMA,h1,1,ARIMA,7.3534886837005615,5.099456548690796,1.1372354542725664,0.9256910495004032,1.5970363865681163,1.6098916644005181,0.37276034080945564,0.0,1.0,2.068066500101107,3.1490815049942698,True
D1,24,7,AutoARIMA,h1_6,1,ARIMA,7.3534886837005615,5.099456548690796,1.3389858886409314,1.1684320084295166,1.8762996679435275,1.8876342873516774,0.47043207753975746,0.6666666666666666,1.0,3.733488066641567,5.685048434952615,True
D1,24,7,AutoARIMA,h1_12,1,ARIMA,7.3534886837005615,5.099456548690796,1.5464213666236286,1.5002121889925644,2.1828854671002857,2.212646228549675,0.5942600715505235,0.75,1.0,5.040740546449393,7.675624949933851,True
D1,24,8,AutoARIMA,h1,1,ARIMA,7.3534886837005615,5.099456548690796,1.5710627415537743,1.097466646225592,2.637565433405163,2.6032344276974375,0.5366820407735691,0.0,1.0,2.210571370028285,3.3660761955602263,True
D1,24,8,AutoARIMA,h1_6,1,ARIMA,7.3534886837005615,5.099456548690796,1.0124786746869157,0.9518037972007865,1.7194455423669879,1.6933359684239753,0.41950559818389094,0.6666666666666666,0.8333333333333334,2.502712045235229,3.810923978310804,True
D1,24,8,AutoARIMA,h1_12,1,ARIMA,7.3534886837005615,5.099456548690796,1.2335328591248964,1.0912821140590367,2.1002137566610948,2.0657710907494966,0.4849092174971174,0.5833333333333334,0.75,2.545006686174755,3.875326777513113,True
D1,24,9,AutoARIMA,h1,1,ARIMA,7.3534886837005615,5.099456548690796,1.3652254726328756,1.1386176748320185,2.220376876870268,2.1959971701785825,0.4624733076225776,0.0,1.0,2.036815969293114,3.1014957679863397,True
D1,24,9,AutoARIMA,h1_6,1,ARIMA,7.3534886837005615,5.099456548690796,1.7270282034146636,1.5876232340202783,2.9221404064799312,2.9676254872597374,0.5966556274941623,0.5,0.8333333333333334,3.114011088201659,4.741759863004147,True
D1,24,9,AutoARIMA,h1_12,1,ARIMA,7.3534886837005615,5.099456548690796,1.554871368915495,1.5032765219720667,2.653495385405977,2.6979795620355493,0.5712588860132316,0.5833333333333334,0.9166666666666666,3.5751572237631253,5.443955254944001,True
D1,24,10,AutoARIMA,h1,1,ARIMA,7.3534886837005615,5.099456548690796,0.20003155809048973,0.16305963951821675,0.3719669760348867,0.37266006221704595,0.14609454832133092,1.0,1.0,1.8417588578209863,2.804478848015703,True
D1,24,10,AutoARIMA,h1_6,1,ARIMA,7.3534886837005615,5.099456548690796,1.1156627813820972,1.0071421771741003,2.114561864148826,2.137661868718151,0.39009148880263433,0.5,1.0,2.279920382442316,3.4716751655991316,True
D1,24,10,AutoARIMA,h1_12,1,ARIMA,7.3534886837005615,5.099456548690796,0.902884446837816,0.8508931520590035,1.7101524895673812,1.72740040022566,0.33281719649114555,0.6666666666666666,1.0,2.3237365349044494,3.538394797357474,True
D1,24,11,AutoARIMA,h1,1,ARIMA,7.3534886837005615,5.099456548690796,2.37091047847608,1.735537883663515,4.79622196762467,4.683896921089573,0.9571894750634582,0.0,0.0,1.9311713493218976,2.940628833176811,True
D1,24,11,AutoARIMA,h1_6,1,ARIMA,7.3534886837005615,5.099456548690796,1.39447760317284,1.224946018176273,2.8544430889328827,2.8195429947043498,0.543256473823647,0.5,0.6666666666666666,2.076477334837663,3.161888832084142,True
D1,24,11,AutoARIMA,h1_12,1,ARIMA,7.3534886837005615,5.099456548690796,1.420628230696995,1.179279053503448,2.9034795249335996,2.862500572274265,0.5323107211906082,0.3333333333333333,0.5833333333333334,2.0910079333892395,3.184014831974875,True
D1,24,12,AutoARIMA,h1,1,ARIMA,7.3534886837005615,5.099456548690796,0.023052460015417917,0.017552437168279915,0.043430848561180735,0.04342141941572595,0.1520827469391877,1.0,1.0,2.057620055222018,3.1331745182701325,True
D1,24,12,AutoARIMA,h1_6,1,ARIMA,7.3534886837005615,5.099456548690796,0.7846307099998379,0.814590567846628,1.5000194524202355,1.5183334265446191,0.3342598140996831,0.8333333333333334,0.8333333333333334,2.4798293663440916,3.776080117691583,True
D1,24,12,AutoARIMA,h1_12,1,ARIMA,7.3534886837005615,5.099456548690796,0.7111755071539004,0.7091818825594672,1.3495266129274766,1.3551037943949442,0.3061370811605959,0.9166666666666666,0.9166666666666666,2.55483450094088,3.890291765202339,True
D1,24,13,AutoARIMA,h1,1,ARIMA,7.3534886837005615,5.099456548690796,0.8516137650460548,0.6969066478875736,1.3759380599230093,1.3665367105712245,0.2751402383078559,1.0,1.0,1.7576456390388533,2.6763981593244046,True
D1,24,13,AutoARIMA,h1_6,1,ARIMA,7.3534886837005615,5.099456548690796,1.2337685238552885,1.1977758956224298,2.014075678192989,2.0200332806736507,0.4729880946190296,0.5,0.6666666666666666,1.9676466195041746,2.996170373410191,True
D1,24,13,AutoARIMA,h1_12,1,ARIMA,7.3534886837005615,5.099456548690796,1.3638558321444394,1.4265796239734452,2.250288607441216,2.281341854584663,0.5598574220005277,0.5,0.5833333333333334,1.9886467175507068,3.02814759481877,True
D1,24,14,AutoARIMA,h1,1,ARIMA,7.3534886837005615,5.099456548690796,0.6080451788593318,0.4933336195207129,1.1790993376300851,1.1860919387266904,0.21122192006386925,1.0,1.0,1.9280133054734432,2.935820023849532,True
D1,24,14,AutoARIMA,h1_6,1,ARIMA,7.3534886837005615,5.099456548690796,0.9097571518707934,0.8928779118902125,1.7743651844007537,1.7978827651883946,0.3425752769922279,0.6666666666666666,0.8333333333333334,2.207246498530984,3.3610133548159276,True
D1,24,14,AutoARIMA,h1_12,1,ARIMA,7.3534886837005615,5.099456548690796,0.7555963202964463,0.7376885167870335,1.4700059611580323,1.4859550599829034,0.2919241746760926,0.8333333333333334,0.9166666666666666,2.249127064933416,3.424785635383374,True
D1,24,15,AutoARIMA,h1,1,ARIMA,7.3534886837005615,5.099456548690796,1.3350529977908014,1.060903792283162,2.2673940289973977,2.293394170236051,0.4515827370571442,0.0,1.0,2.011725554696801,3.063290149088668,True
D1,24,15,AutoARIMA,h1_6,1,ARIMA,7.3534886837005615,5.099456548690796,1.0630929364121435,0.8635865798417708,1.8034516491820207,1.8206267890360606,0.3587867126039496,0.6666666666666666,1.0,2.5616234734028245,3.900629453867948,True
D1,24,15,AutoARIMA,h1_12,1,ARIMA,7.3534886837005615,5.099456548690796,1.2828932573867884,1.1161122786247069,2.185194865417193,2.21437393736094,0.44822578275428404,0.5,0.9166666666666666,2.68000498325191,4.080891076586961,True
D1,24,16,AutoARIMA,h1,1,ARIMA,7.3534886837005615,5.099456548690796,0.3477619591368349,0.3014740608738753,0.7137825693032163,0.7163391211953123,0.16779735902453863,1.0,1.0,1.941747649429913,2.9567335527589966,True
D1,24,16,AutoARIMA,h1_6,1,ARIMA,7.3534886837005615,5.099456548690796,1.771552877403354,1.7176563436616081,3.707427165879688,3.7961767130645687,0.6013291945445199,0.5,1.0,3.5054441804562053,5.33780196861402,True
D1,24,16,AutoARIMA,h1_12,1,ARIMA,7.3534886837005615,5.099456548690796,3.0055707888615824,2.92598242134633,6.396346222623437,6.6702814477073336,1.0422111967492422,0.25,0.9166666666666666,4.732848826174396,7.206792771756089,True
D1,24,17,AutoARIMA,h1,1,ARIMA,7.3534886837005615,5.099456548690796,1.227656986411332,0.8736169677322391,2.0104095667165525,1.9904019510960786,0.3979289119917261,0.0,1.0,2.3655009197946018,3.6019901662774747,True
D1,24,17,AutoARIMA,h1_6,1,ARIMA,7.3534886837005615,5.099456548690796,1.2340984936122161,0.9250594772721892,2.0376832791680033,2.034452275817181,0.4653223067333552,0.8333333333333334,1.0,4.270447519579761,6.502686108642903,True
D1,24,17,AutoARIMA,h1_12,1,ARIMA,7.3534886837005615,5.099456548690796,2.1046341935270387,1.7486881234030676,3.4108810927799644,3.34477744109968,0.7489341908802183,0.8333333333333334,1.0,5.76571227206136,8.779552242724867,True
D1,24,18,AutoARIMA,h1,1,ARIMA,7.3534886837005615,5.099456548690796,1.8374170080372652,1.4912279540028848,3.4309833423794447,3.3731177876725043,0.6936006818421045,0.0,0.0,1.904454565350739,2.8999467128134877,True
D1,24,18,AutoARIMA,h1_6,1,ARIMA,7.3534886837005615,5.099456548690796,2.3699137650828512,2.0406924342251176,4.435489992334546,4.328124222685112,0.9429042301480348,0.16666666666666666,0.16666666666666666,2.1482144473300795,3.271124204428571,True
D1,24,18,AutoARIMA,h1_12,1,ARIMA,7.3534886837005615,5.099456548690796,1.438740042522567,1.4926591423656383,2.7096607081271924,2.6582782013313433,0.5892606211626573,0.5,0.5833333333333334,2.1830979592525623,3.3242419461544603,True
D1,24,19,AutoARIMA,h1,1,ARIMA,7.3534886837005615,5.099456548690796,1.5356878011600141,1.1921691642398493,2.9514588756943803,2.908536742770711,0.5769288504275476,0.0,0.0,1.6151772752343299,2.4594590572782606,True
D1,24,19,AutoARIMA,h1_6,1,ARIMA,7.3534886837005615,5.099456548690796,1.6813774083209074,1.4847673390980491,3.2147749767090166,3.150826846200798,0.6498771824216288,0.16666666666666666,0.5,2.1297662461260116,3.2430328015605783,True
D1,24,19,AutoARIMA,h1_12,1,ARIMA,7.3534886837005615,5.099456548690796,2.363402281462017,2.0751601213333797,4.482224289420677,4.359303734254683,0.9561876674281247,0.08333333333333333,0.3333333333333333,2.1812251432151792,3.32139017598881,True
D1,24,20,AutoARIMA,h1,1,ARIMA,7.3534886837005615,5.099456548690796,0.93051365020822,0.7027707758035343,1.661584080550016,1.6755040347048302,0.30739863330251244,1.0,1.0,2.228789884509425,3.39381785038526,True
D1,24,20,AutoARIMA,h1_6,1,ARIMA,7.3534886837005615,5.099456548690796,1.933743940602669,1.5664410857678162,3.493515973980969,3.5656001682956053,0.6503989608104275,0.6666666666666666,1.0,4.023642584249848,6.126871860333809,True
D1,24,20,AutoARIMA,h1_12,1,ARIMA,7.3534886837005615,5.099456548690796,2.200863640852396,1.7316970162664969,3.981941241855364,4.070203650223162,0.7479013634808394,0.8333333333333334,1.0,5.4324904638287155,8.272149490775229,True
D1,24,21,AutoARIMA,h1,1,ARIMA,7.3534886837005615,5.099456548690796,2.048310633683707,1.6035098543683535,2.6238867615126287,2.589908626716781,0.8130794622938388,0.0,0.0,1.7857414768734374,2.719180189441852,True
D1,24,21,AutoARIMA,h1_6,1,ARIMA,7.3534886837005615,5.099456548690796,4.818028970803752,4.026485823528412,6.084444047110168,5.881968832340409,2.1740687076625282,0.0,0.0,1.9876855219837692,3.026683965297015,True
D1,24,21,AutoARIMA,h1_12,1,ARIMA,7.3534886837005615,5.099456548690796,5.257390904740738,4.273524133453678,6.67932352074904,6.448044747986671,2.368536035617565,0.0,0.0,2.200997655982496,3.3514981315404184,True
D1,24,22,AutoARIMA,h1,1,ARIMA,7.3534886837005615,5.099456548690796,1.143449209940154,0.9194926023861831,1.611543519818575,1.5986619532627693,0.374327006320454,0.0,1.0,2.093354067686929,3.18758733224251,True
D1,24,22,AutoARIMA,h1_6,1,ARIMA,7.3534886837005615,5.099456548690796,2.0104016994536535,1.7644701421816864,2.808731750294609,2.762799115293464,0.7219324074671781,0.3333333333333333,0.8333333333333334,3.7791398055055874,5.754563146650948,True
D1,24,22,AutoARIMA,h1_12,1,ARIMA,7.3534886837005615,5.099456548690796,2.630093971592995,2.338765078070089,3.6536168050628195,3.57435059907469,0.9286931519223436,0.3333333333333333,0.9166666666666666,5.102376894818596,7.769479709766451,True
D1,24,23,AutoARIMA,h1,1,ARIMA,7.3534886837005615,5.099456548690796,0.49247674820593756,0.3924568756185565,0.8214251945394901,0.8248128046320077,0.20156638313464748,1.0,1.0,2.112342719633315,3.2165016890324187,True
D1,24,23,AutoARIMA,h1_6,1,ARIMA,7.3534886837005615,5.099456548690796,1.356470336402962,1.185257066310836,2.224318958575405,2.1962572559366826,0.4663775935721592,1.0,1.0,3.8134200887750063,5.806762341417857,True
D1,24,23,AutoARIMA,h1_12,1,ARIMA,7.3534886837005615,5.099456548690796,2.3174602519519256,2.113252099158941,3.755935991642132,3.6675489428656336,0.791501587204318,0.75,0.9166666666666666,5.14866015881611,7.8399560559759225,True
D1,24,24,AutoARIMA,h1,1,ARIMA,7.3534886837005615,5.099456548690796,1.5485168216518201,1.230778161037834,2.5518684060391204,2.5848493834187,0.533453426943469,0.0,1.0,2.0457386746299107,3.1150825295093396,True
D1,24,24,AutoARIMA,h1_6,1,ARIMA,7.3534886837005615,5.099456548690796,1.779284253749061,1.6892925275281998,2.9523159388796865,3.016564591329051,0.682865367350122,0.5,0.6666666666666666,2.72466108879747,4.14888971978906,True
D1,24,24,AutoARIMA,h1_12,1,ARIMA,7.3534886837005615,5.099456548690796,1.7796225112456252,1.6325440787664558,2.9471564012704743,3.006519187888011,0.6657383886479121,0.4166666666666667,0.6666666666666666,2.8968785234145438,4.411128259102795,True
D1,24,25,AutoARIMA,h1,1,ARIMA,7.3534886837005615,5.099456548690796,2.8606794130918742,2.2216674645284296,3.0070439485910523,2.9625020788466307,1.2334599587519262,0.0,0.0,1.665639740485666,2.5362991472906873,True
D1,24,25,AutoARIMA,h1_6,1,ARIMA,7.3534886837005615,5.099456548690796,1.9958510112937395,1.7418840574805279,2.1634868949723525,2.174839577358284,0.8048673469765062,0.16666666666666666,0.5,2.0095340841062765,3.0599531579885246,True
D1,24,25,AutoARIMA,h1_12,1,ARIMA,7.3534886837005615,5.099456548690796,1.8827261102604878,1.660906240209238,2.0363435859447163,2.0522447651300015,0.7377881062873564,0.16666666666666666,0.5833333333333334,2.263470895986547,3.446627241094781,True
D1,24,26,AutoARIMA,h1,1,ARIMA,7.3534886837005615,5.099456548690796,1.2746761352819527,1.0707327002543556,1.9599746041407,1.9793722003649876,0.43881587265029554,0.0,1.0,1.6929352876410266,2.5778625606100385,True
D1,24,26,AutoARIMA,h1_6,1,ARIMA,7.3534886837005615,5.099456548690796,1.7645835635290803,1.7016314380555335,2.735555821839708,2.7863693504400042,0.7010809120781851,0.16666666666666666,0.5,1.6929352876410266,2.5778625606100385,True
D1,24,26,AutoARIMA,h1_12,1,ARIMA,7.3534886837005615,5.099456548690796,1.4397167888462552,1.4167588088269827,2.221331463819215,2.251751964362732,0.5531494388507098,0.3333333333333333,0.5833333333333334,1.6929352876410266,2.5778625606100385,True
D1,24,27,AutoARIMA,h1,1,ARIMA,7.3534886837005615,5.099456548690796,1.6554790694133796,1.3384301602652486,3.587217990953911,3.5240110124333084,0.58915098295591,0.0,0.0,2.0185040760861295,3.073611923720834,True
D1,24,27,AutoARIMA,h1_6,1,ARIMA,7.3534886837005615,5.099456548690796,1.0504156252731454,0.9289863065658035,2.2901103817571693,2.2992278906857626,0.37944719103613517,0.6666666666666666,0.8333333333333334,2.608905984109579,3.9726273707478232,True
D1,24,27,AutoARIMA,h1_12,1,ARIMA,7.3534886837005615,5.099456548690796,1.4684402499416633,1.3120288227533285,3.1190163476300645,3.0844804956812704,0.5208479374584841,0.4166666666666667,0.6666666666666666,2.743042159876169,4.176878902425638,True
D1,24,28,AutoARIMA,h1,1,ARIMA,7.3534886837005615,5.099456548690796,1.7421918033029589,1.5058159179042687,3.0880899344647443,3.0411334662325604,0.6527072967599907,0.0,0.0,1.8476087218329627,2.8133865396039166,True
D1,24,28,AutoARIMA,h1_6,1,ARIMA,7.3534886837005615,5.099456548690796,2.004829643503287,1.771075192793006,3.5058672718569044,3.4430423182798617,0.7503485184564835,0.0,0.16666666666666666,2.156721996361216,3.2840788000885612,True
D1,24,28,AutoARIMA,h1_12,1,ARIMA,7.3534886837005615,5.099456548690796,1.2094867725363365,1.286501191742707,2.1198892936162226,2.088551049022659,0.4782579907335267,0.5,0.5833333333333334,2.20609178653284,3.3592550543953332,True
D1,24,29,AutoARIMA,h1,1,ARIMA,7.3534886837005615,5.099456548690796,0.7180904827025796,0.6008466968992353,0.9407571978909712,0.9452032316090012,0.24363097844527143,1.0,1.0,2.011880858309977,3.063526632652355,True
D1,24,29,AutoARIMA,h1_6,1,ARIMA,7.3534886837005615,5.099456548690796,1.2734199853571122,1.151472753851722,1.6726019749208347,1.6850973366954796,0.4680254465328456,0.6666666666666666,1.0,3.6320559206571086,5.530595908926046,True
D1,24,29,AutoARIMA,h1_12,1,ARIMA,7.3534886837005615,5.099456548690796,2.139976589597393,2.099571715232406,2.8431452581952734,2.8985580902413353,0.7705001554696117,0.5833333333333334,0.8333333333333334,4.903792705221346,7.467092045436312,True
D1,24,30,AutoARIMA,h1,1,ARIMA,7.3534886837005615,5.099456548690796,2.726501707620513,2.2616802316242075,4.504235865518223,4.608013769975858,1.1233856635997674,0.0,0.0,2.0293046778572696,3.0900581914199705,True
D1,24,30,AutoARIMA,h1_6,1,ARIMA,7.3534886837005615,5.099456548690796,2.100958738611666,1.9568739551617182,3.4687864818345613,3.546927582674671,0.8209539066677604,0.5,0.6666666666666666,3.663511206235207,5.578493429650574,True
D1,24,30,AutoARIMA,h1_12,1,ARIMA,7.3534886837005615,5.099456548690796,2.4735555278305337,2.339084350048811,4.103301883430207,4.2170018827339,0.9123130870871001,0.5,0.8333333333333334,4.946261820050013,7.531760519121218,True
D1,24,31,AutoARIMA,h1,1,ARIMA,7.3534886837005615,5.099456548690796,1.3425326507191746,1.0921551924773625,2.1767156081168832,2.15328021485526,0.4525591112027862,0.0,1.0,2.069227872951724,3.150849948012927,True
D1,24,31,AutoARIMA,h1_6,1,ARIMA,7.3534886837005615,5.099456548690796,1.7630453704132814,1.9127898557550405,2.9541212521052045,3.023239843141891,0.682173092073888,0.5,0.6666666666666666,3.735584697324596,5.688241011645096,True
D1,24,31,AutoARIMA,h1_12,1,ARIMA,7.3534886837005615,5.099456548690796,2.0892603295257777,2.034463933143925,3.504920386680521,3.5902974819570757,0.7810053020452784,0.5833333333333334,0.8333333333333334,5.0435712964360615,7.679935383098276,True
D1,24,32,AutoARIMA,h1,1,ARIMA,7.3534886837005615,5.099456548690796,0.1162326688178131,0.1029093086285836,0.2150463645787172,0.21481538823723728,0.13545792564151368,1.0,1.0,1.7601492891755923,2.680210511751266,True
D1,24,32,AutoARIMA,h1_6,1,ARIMA,7.3534886837005615,5.099456548690796,1.0450297462318814,0.9989490808137427,1.9164800796579058,1.9026167022863003,0.3608825384028294,0.16666666666666666,1.0,2.0954766576963357,3.1908194376612653,True
D1,24,32,AutoARIMA,h1_12,1,ARIMA,7.3534886837005615,5.099456548690796,1.4061051294898579,1.3731908700893112,2.6199635597556936,2.645100966937315,0.5071205242243483,0.16666666666666666,0.75,2.152637015871907,3.2778585279133168,True
D1,24,33,AutoARIMA,h1,1,ARIMA,7.3534886837005615,5.099456548690796,0.5601214857665731,0.5039534644372041,0.9966124055867742,0.9916708482387069,0.1932818940999321,1.0,1.0,1.7171784746390935,2.61477809103134,True
D1,24,33,AutoARIMA,h1_6,1,ARIMA,7.3534886837005615,5.099456548690796,1.4051519691117589,1.5636356386544985,2.5291335188594113,2.5683729648294706,0.5483014696038414,0.5,0.6666666666666666,1.995553459436632,3.0386646130731148,True
D1,24,33,AutoARIMA,h1_12,1,ARIMA,7.3534886837005615,5.099456548690796,1.1168046547987422,1.2689993713255898,2.00482042025755,2.0317414299759893,0.4289157158457518,0.5833333333333334,0.75,2.0393720538356526,3.10538796321203,True
D1,24,34,AutoARIMA,h1,1,ARIMA,7.3534886837005615,5.099456548690796,1.6356470082538634,1.325921655029078,2.70973584113704,2.6735132675232247,0.5723732549148554,0.0,0.0,2.0765553287252945,3.1620075947588755,True
D1,24,34,AutoARIMA,h1_6,1,ARIMA,7.3534886837005615,5.099456548690796,1.951390550606733,1.6362858505181808,3.220811587964239,3.1664179515167596,0.6664340503764428,0.3333333333333333,0.8333333333333334,3.7488129802101704,5.708383952394709,True
D1,24,34,AutoARIMA,h1_12,1,ARIMA,7.3534886837005615,5.099456548690796,2.620119234324331,2.2536306706439633,4.294216102113344,4.193611379194529,0.8843701337358256,0.3333333333333333,0.9166666666666666,5.061431362066643,7.707131221507004,True
D1,24,35,AutoARIMA,h1,1,ARIMA,7.3534886837005615,5.099456548690796,0.7726619292329634,0.611144027623723,1.2023890268018802,1.2096614450401884,0.25293359824203826,1.0,1.0,1.7450911641414482,2.6572812379379713,True
D1,24,35,AutoARIMA,h1_6,1,ARIMA,7.3534886837005615,5.099456548690796,1.0594919900560646,1.2350307495126909,1.6122969585225286,1.5961164675167612,0.44509720411895926,0.6666666666666666,0.8333333333333334,2.0081082277685236,3.0577819812774316,True
D1,24,35,AutoARIMA,h1_12,1,ARIMA,7.3534886837005615,5.099456548690796,1.9203445630979752,1.869155981497513,2.9068466084832822,2.850332309873074,0.7857845796157936,0.4166666666666667,0.5,2.193859420758418,3.340628614278112,True
D1,24,36,AutoARIMA,h1,1,ARIMA,7.3534886837005615,5.099456548690796,3.336672643579527,2.8668485435428086,4.646984223761046,4.54146367354237,1.4638432918451412,0.0,0.0,1.7300495411262926,2.634377092041413,True
D1,24,36,AutoARIMA,h1_6,1,ARIMA,7.3534886837005615,5.099456548690796,2.096946822958244,2.103562792685802,3.0317829341698705,3.0586757276978713,0.8924289409799556,0.3333333333333333,0.3333333333333333,1.8447524818132095,2.8090372923144495,True
D1,24,36,AutoARIMA,h1_12,1,ARIMA,7.3534886837005615,5.099456548690796,1.652523623423914,1.7093498930961042,2.3923983298118,2.4140258678372373,0.6733197639276686,0.3333333333333333,0.5,1.858580028631292,2.8300927428728015,True
D1,24,37,AutoARIMA,h1,1,ARIMA,7.3534886837005615,5.099456548690796,0.9533521400379211,0.7545474259213355,1.4580490862245172,1.4687566829216172,0.30971783454870727,1.0,1.0,2.045429171569174,3.1146112437145104,True
D1,24,37,AutoARIMA,h1_6,1,ARIMA,7.3534886837005615,5.099456548690796,0.7139965741980234,0.5837901492429382,1.0815260531356752,1.0807114232320165,0.28032842365565214,1.0,1.0,2.693595125582463,4.101585027125444,True
D1,24,37,AutoARIMA,h1_12,1,ARIMA,7.3534886837005615,5.099456548690796,0.914824831884881,0.8196866212131341,1.3858623967411339,1.3867383405785245,0.3445949632494264,0.8333333333333334,1.0,2.8512760939838255,4.3416886317522945,True
D1,24,38,AutoARIMA,h1,1,ARIMA,7.3534886837005615,5.099456548690796,0.3216719411326547,0.2732270654341542,0.7049221200749003,0.7024462705036894,0.158621743955961,1.0,1.0,1.8564088805060248,2.8267866971506064,True
D1,24,38,AutoARIMA,h1_6,1,ARIMA,7.3534886837005615,5.099456548690796,0.7017437308101439,0.6393255627881963,1.5413190360033808,1.5543019671035765,0.2538263251893181,1.0,1.0,2.2256001161839865,3.3889607336347347,True
D1,24,38,AutoARIMA,h1_12,1,ARIMA,7.3534886837005615,5.099456548690796,0.8010010316198919,0.8203145136982701,1.7630834459566849,1.7858727969704251,0.30409104429069367,0.8333333333333334,0.9166666666666666,2.290030530111732,3.487070066603022,True
D1,24,39,AutoARIMA,h1,1,ARIMA,7.3534886837005615,5.099456548690796,1.8588491249562165,1.529033673402761,3.0244838951618216,3.0709236914013935,0.7228951612273675,0.0,0.0,1.7472776258422702,2.6606106019130302,True
D1,24,39,AutoARIMA,h1_6,1,ARIMA,7.3534886837005615,5.099456548690796,0.8860334895351981,0.8728631593397244,1.434726750209788,1.4496489581827332,0.33586575454811884,0.6666666666666666,0.6666666666666666,1.7472776258422702,2.6606106019130302,True
D1,24,39,AutoARIMA,h1_12,1,ARIMA,7.3534886837005615,5.099456548690796,1.1159538306389905,1.2540443136679809,1.7743905911568512,1.7612873025385403,0.4617994321653444,0.5833333333333334,0.6666666666666666,1.7472776258422702,2.6606106019130302,True
D1,24,40,AutoARIMA,h1,1,ARIMA,7.3534886837005615,5.099456548690796,1.2819940177959748,1.0402006522357723,1.9410698211685795,1.9600932100521278,0.438633228058372,0.0,1.0,1.7830547721516095,2.7150890965546,True
D1,24,40,AutoARIMA,h1_6,1,ARIMA,7.3534886837005615,5.099456548690796,1.5069229007938931,1.259871789922998,2.3394901178060006,2.3559825355003743,0.5145687735153955,0.16666666666666666,0.8333333333333334,2.326074755932562,3.5419552479492977,True
D1,24,40,AutoARIMA,h1_12,1,ARIMA,7.3534886837005615,5.099456548690796,2.6029834152958276,2.3679711930733722,3.9549860224719886,3.8829918707923565,1.0372115665779964,0.08333333333333333,0.5,2.3987410852691053,3.65260555524761,True
D1,24,41,AutoARIMA,h1,1,ARIMA,7.3534886837005615,5.099456548690796,0.8664166796351012,0.7312449703246302,0.9638401083206913,0.9685075403838563,0.2844540464232853,1.0,1.0,1.9946303745617782,3.0372590153775065,True
D1,24,41,AutoARIMA,h1_6,1,ARIMA,7.3534886837005615,5.099456548690796,2.1213268873037303,2.225160000849589,2.391104637763917,2.4355835126113097,0.7786271092898749,0.5,0.8333333333333334,3.6009135588353267,5.483174882750143,True
D1,24,41,AutoARIMA,h1_12,1,ARIMA,7.3534886837005615,5.099456548690796,1.9826334241990058,2.078657807277703,2.2215152219024423,2.249557637308504,0.7718602243054895,0.6666666666666666,0.9166666666666666,4.8617460820247,7.403066907245866,True
D1,24,42,AutoARIMA,h1,1,ARIMA,7.3534886837005615,5.099456548690796,1.888532854572588,1.5825276302954907,2.8698028507083717,2.8292065259414247,0.7164550327326918,0.0,0.0,1.9273272967667008,2.934775426235987,True
D1,24,42,AutoARIMA,h1_6,1,ARIMA,7.3534886837005615,5.099456548690796,1.9583375233556004,1.7412575482116586,3.058420162590379,3.085630010188708,0.7189244291903062,0.3333333333333333,0.3333333333333333,2.5154759584245534,3.8303598150955,True
D1,24,42,AutoARIMA,h1_12,1,ARIMA,7.3534886837005615,5.099456548690796,1.8039385278971292,1.7159721403558816,2.836677254040989,2.8765501558428963,0.6849936215493851,0.4166666666666667,0.5,2.653936650135355,4.041196363830217,True
D1,24,43,AutoARIMA,h1,1,ARIMA,7.3534886837005615,5.099456548690796,1.2714166403609013,0.9972700139835421,1.993099710121001,1.973433461817543,0.42980254277286667,0.0,1.0,1.9234275041155073,2.928837142863288,True
D1,24,43,AutoARIMA,h1_6,1,ARIMA,7.3534886837005615,5.099456548690796,1.3180465420462466,1.1820244568694012,2.051177044546416,2.0241547798752757,0.4958236329220643,0.3333333333333333,0.6666666666666666,2.1608100546471194,3.290303758879223,True
D1,24,43,AutoARIMA,h1_12,1,ARIMA,7.3534886837005615,5.099456548690796,1.502014308521721,1.3024376583911805,2.332381810620964,2.2997424041804475,0.5585811103170933,0.3333333333333333,0.5833333333333334,2.19435062818369,3.341376584528568,True
D1,24,44,AutoARIMA,h1,1,ARIMA,7.3534886837005615,5.099456548690796,0.4543163207011329,0.38700252017540715,1.096190989921016,1.1022322753662994,0.171437976643007,1.0,1.0,1.6921555747918509,2.5766752780384174,True
D1,24,44,AutoARIMA,h1_6,1,ARIMA,7.3534886837005615,5.099456548690796,0.6288091989693918,0.6203081826870342,1.5171697120106635,1.5257394833279376,0.25276208676396006,1.0,1.0,2.3303521376676612,3.548468492910792,True
D1,24,44,AutoARIMA,h1_12,1,ARIMA,7.3534886837005615,5.099456548690796,1.0619006675439637,1.0260132072702441,2.518914470965581,2.4910163249106314,0.3746291757091674,0.9166666666666666,1.0,2.9594007003288727,4.506331885757584,True
D1,24,45,AutoARIMA,h1,1,ARIMA,7.3534886837005615,5.099456548690796,1.8321677911152014,1.4315233694733065,2.057541784690473,2.078929203205516,0.7121204469849584,0.0,0.0,1.7255691829946214,2.6275547713242084,True
D1,24,45,AutoARIMA,h1_6,1,ARIMA,7.3534886837005615,5.099456548690796,1.5704604302851262,1.434890666356834,1.7537004358075652,1.7623217794653276,0.6241296784506819,0.3333333333333333,0.5,1.7255691829946214,2.6275547713242084,True
D1,24,45,AutoARIMA,h1_12,1,ARIMA,7.3534886837005615,5.099456548690796,2.01284380315214,1.8720444752170946,2.2168936594196564,2.197638341964502,0.8359229561869216,0.25,0.4166666666666667,1.7255691829946214,2.6275547713242084,True
D1,24,46,AutoARIMA,h1,1,ARIMA,7.3534886837005615,5.099456548690796,0.3958822197522038,0.3023173179330215,0.6279940254730465,0.6299721191081189,0.18844256722223382,1.0,1.0,2.164940897112609,3.296593865898251,True
D1,24,46,AutoARIMA,h1_6,1,ARIMA,7.3534886837005615,5.099456548690796,0.7416788907080878,0.7140733056724465,1.1653014724785122,1.1553352379890547,0.31334880799986137,0.6666666666666666,1.0,2.7538109512883873,4.19327673192759,True
D1,24,46,AutoARIMA,h1_12,1,ARIMA,7.3534886837005615,5.099456548690796,0.6649350529717141,0.628199444122643,1.0498507145701104,1.0452143030175478,0.29764055540773177,0.8333333333333334,1.0,2.8801034960559484,4.385584627697258,True
D1,24,47,AutoARIMA,h1,1,ARIMA,7.3534886837005615,5.099456548690796,0.3867816519741314,0.3176964431749455,0.59133125794631,0.5930848058679237,0.18038994776275066,1.0,1.0,2.0493971052218387,3.120653286597568,True
D1,24,47,AutoARIMA,h1_6,1,ARIMA,7.3534886837005615,5.099456548690796,0.9399580156183724,0.9568755829064094,1.4178370752107146,1.403255770937626,0.41669529640660136,0.8333333333333334,0.8333333333333334,3.699784139330829,5.633726867616783,True
D1,24,47,AutoARIMA,h1_12,1,ARIMA,7.3534886837005615,5.099456548690796,1.0496199938379625,1.0793216610998182,1.60453642041412,1.6097245784562046,0.5000237168238607,0.9166666666666666,0.9166666666666666,4.995235445070387,7.606333525732304,True
D1,24,48,AutoARIMA,h1,1,ARIMA,7.3534886837005615,5.099456548690796,0.5554131951706177,0.47971997971287955,1.124073152027148,1.1304265627749162,0.1940083693237934,1.0,1.0,1.7932924162314283,2.7306781386018173,True
D1,24,48,AutoARIMA,h1_6,1,ARIMA,7.3534886837005615,5.099456548690796,1.3609832130940174,1.2690513886324648,2.7251756305833426,2.7223552982039765,0.4829248002231418,0.3333333333333333,0.5,2.1156273497624745,3.2215032535323713,True
D1,24,48,AutoARIMA,h1_12,1,ARIMA,7.3534886837005615,5.099456548690796,1.4663440890140542,1.364038927487188,2.9083522302500877,2.8802700987936265,0.5206487096799022,0.16666666666666666,0.6666666666666666,2.1689364033945213,3.3026778941124597,True
D1,24,49,AutoARIMA,h1,1,ARIMA,7.3534886837005615,5.099456548690796,2.557348451327179,2.1338241865632366,4.72885745608536,4.843375620667436,1.0726046382554832,0.0,0.0,1.7433875141466828,2.6546870599029773,True
D1,24,49,AutoARIMA,h1_6,1,ARIMA,7.3534886837005615,5.099456548690796,1.7089482910336755,1.6350283597824062,3.1023877681636267,3.0825564982034424,0.6733654562281605,0.3333333333333333,0.5,1.9774113343059392,3.0110392776656023,True
D1,24,49,AutoARIMA,h1_12,1,ARIMA,7.3534886837005615,5.099456548690796,1.5803454437160225,1.5301450069527143,2.860272963318147,2.8276211174584645,0.6182012212251525,0.3333333333333333,0.5833333333333334,2.000813716321865,3.0466744994418646,True
D1,24,50,AutoARIMA,h1,1,ARIMA,7.3534886837005615,5.099456548690796,1.1932583853417973,0.9319914924283614,1.840191546561281,1.8572803041376251,0.39161803108688187,0.0,1.0,2.1552256538916694,3.281800292895616,True
D1,24,50,AutoARIMA,h1_6,1,ARIMA,7.3534886837005615,5.099456548690796,2.0017341979151366,1.7855376005158838,3.121279143241698,3.1866940860223396,0.7194299140685853,0.5,0.6666666666666666,3.890836807873881,5.924646151382228,True
D1,24,50,AutoARIMA,h1_12,1,ARIMA,7.3534886837005615,5.099456548690796,2.3044343661046747,1.9738597176084938,3.5977479975192024,3.677845141370622,0.8077973115837008,0.5833333333333334,0.8333333333333334,5.253183753901767,7.999115986328097,True
D1,24,51,AutoARIMA,h1,1,ARIMA,7.3534886837005615,5.099456548690796,0.4254436581923994,0.3509213897235306,1.0300040923879406,1.035336094459391,0.18634511698086692,1.0,1.0,2.040761212907062,3.10750326034539,True
D1,24,51,AutoARIMA,h1_6,1,ARIMA,7.3534886837005615,5.099456548690796,1.050418714820745,1.067649942911598,2.4842740618014747,2.4405519370081006,0.41760008429904466,0.8333333333333334,1.0,3.684193731140162,5.6099870768092135,True
D1,24,51,AutoARIMA,h1_12,1,ARIMA,7.3534886837005615,5.099456548690796,0.8806797920815783,0.9166509933792933,2.0869690992556023,2.054069893620217,0.46404983155893154,0.9166666666666666,1.0,4.9741861739063635,7.574281427546389,True
D1,24,52,AutoARIMA,h1,1,ARIMA,7.3534886837005615,5.099456548690796,0.5392133011072621,0.4210495508794814,0.9018049692279708,0.9058896481593824,0.21180946946768203,1.0,1.0,2.1557196215621097,3.282552466220297,True
D1,24,52,AutoARIMA,h1_6,1,ARIMA,7.3534886837005615,5.099456548690796,0.6781065078001552,0.8254892715932343,1.119961960521538,1.1114174653899322,0.40805189216854476,0.8333333333333334,1.0,3.8917285695279693,5.926004052654553,True
D1,24,52,AutoARIMA,h1_12,1,ARIMA,7.3534886837005615,5.099456548690796,1.3871579615622092,1.4301952751619587,2.343583076963742,2.379972245228981,0.597616733396277,0.8333333333333334,1.0,5.2543877591234995,8.000949346413702,True
D1,24,53,AutoARIMA,h1,1,ARIMA,7.3534886837005615,5.099456548690796,0.26230053109630036,0.19918475940636796,0.432705210341291,0.43177106239941687,0.1534924039512484,1.0,1.0,1.8954973248079712,2.8863073639203884,True
D1,24,53,AutoARIMA,h1_6,1,ARIMA,7.3534886837005615,5.099456548690796,1.5570673970920894,1.3120405865531424,2.560212338536925,2.52063955439922,0.5854737149108513,0.16666666666666666,0.6666666666666666,2.0779913062445425,3.164194183172361,True
D1,24,53,AutoARIMA,h1_12,1,ARIMA,7.3534886837005615,5.099456548690796,1.4701909128871837,1.4788286057351008,2.405082586219315,2.356586744641621,0.5912650579474737,0.3333333333333333,0.75,2.0962407043881996,3.191982865097558,True
D1,24,54,AutoARIMA,h1,1,ARIMA,7.3534886837005615,5.099456548690796,3.490758268667543,2.720545753991736,3.771356971836666,3.701557498444599,1.4900653282027714,0.0,0.0,2.160002877651929,3.2890746561657838,True
D1,24,54,AutoARIMA,h1_6,1,ARIMA,7.3534886837005615,5.099456548690796,1.4492368126064454,1.4188800342448646,1.5916004297704944,1.5879787697580245,0.6145950827674526,0.8333333333333334,0.8333333333333334,3.8994611475165954,5.937778586175939,True
D1,24,54,AutoARIMA,h1_12,1,ARIMA,7.3534886837005615,5.099456548690796,3.152747104579871,2.9484610430537663,3.5486725060113065,3.631179807040145,1.1576585496636336,0.4166666666666667,0.6666666666666666,5.2648278405433695,8.016846643385698,True
D1,24,55,AutoARIMA,h1,1,ARIMA,7.3534886837005615,5.099456548690796,0.627311624268536,0.48434205292700155,0.8750235728146992,0.8788687270827344,0.21747778964618902,1.0,1.0,1.9692008498434892,2.998537027488192,True
D1,24,55,AutoARIMA,h1_6,1,ARIMA,7.3534886837005615,5.099456548690796,1.2012159786460692,1.0167243439857576,1.6703066173194332,1.6872998347366397,0.4200500282412432,0.6666666666666666,0.6666666666666666,2.187041277743477,3.3302465070945635,True
D1,24,55,AutoARIMA,h1_12,1,ARIMA,7.3534886837005615,5.099456548690796,2.381169641379938,2.1100624856226076,3.3485431879341907,3.424830700678628,0.9684760698200962,0.3333333333333333,0.3333333333333333,2.2088253205334762,3.3634174550552,True
D1,24,56,AutoARIMA,h1,1,ARIMA,7.3534886837005615,5.099456548690796,1.9552734116886696,1.512880250746036,2.579166946039045,2.546329896524905,0.7204763087244832,0.0,0.0,2.175625385146556,3.3128633251523025,True
D1,24,56,AutoARIMA,h1_6,1,ARIMA,7.3534886837005615,5.099456548690796,1.3330867860066886,1.243677514342925,1.758948576468496,1.737090562045407,0.5486671867736252,0.5,0.8333333333333334,3.9276645178141005,5.980724357880111,True
D1,24,56,AutoARIMA,h1_12,1,ARIMA,7.3534886837005615,5.099456548690796,1.6022594389449318,1.452314110296262,2.110305691891562,2.080456615431764,0.6429899363129312,0.6666666666666666,0.9166666666666666,5.302906406663724,8.074829550753746,True
D1,24,57,AutoARIMA,h1,1,ARIMA,7.3534886837005615,5.099456548690796,1.4948083839978232,1.1843768665653243,1.9875219471571548,1.9679650782359905,0.5099164688419426,0.0,1.0,2.1246056216532967,3.235174627231837,True
D1,24,57,AutoARIMA,h1_6,1,ARIMA,7.3534886837005615,5.099456548690796,2.531074803304064,2.154689432098362,3.3338754561515556,3.2713381526871235,0.9144354226393847,0.3333333333333333,0.5,3.8355583509400497,5.840472665497491,True
D1,24,57,AutoARIMA,h1_12,1,ARIMA,7.3534886837005615,5.099456548690796,2.1226416284468903,1.8870014783180051,2.8006412652802517,2.752601171905594,0.8042778450407627,0.6666666666666666,0.75,5.178549965273592,7.8854697939038445,True
D1,24,58,AutoARIMA,h1,1,ARIMA,7.3534886837005615,5.099456548690796,2.3822099754675734,1.7942547659844579,4.230550299030984,4.321971896527269,0.926936983925197,0.0,0.0,2.234911057325841,3.403138668697489,True
D1,24,58,AutoARIMA,h1_6,1,ARIMA,7.3534886837005615,5.099456548690796,1.8848592000012636,1.6706774838374063,3.3543584115054768,3.4349423239166113,0.7450411362101464,0.5,0.6666666666666666,4.034693160071661,6.143698767949355,True
D1,24,58,AutoARIMA,h1_12,1,ARIMA,7.3534886837005615,5.099456548690796,1.5882950260391233,1.4481154708802881,2.792885757877262,2.8262948662896874,0.6943032350472284,0.75,0.8333333333333334,5.447410314813196,8.294868212242937,True
D1,24,59,AutoARIMA,h1,1,ARIMA,7.3534886837005615,5.099456548690796,0.04093563524233366,0.031508232217239834,0.05409791051073334,0.05411254738946424,0.16256034612562487,1.0,1.0,2.1870258030275482,3.3302229434704227,True
D1,24,59,AutoARIMA,h1_6,1,ARIMA,7.3534886837005615,5.099456548690796,0.6835186758930182,0.6121814866859521,0.9052131267504945,0.9074488862234606,0.3520029224411232,1.0,1.0,3.9482457341876276,6.0120637407428,True
D1,24,59,AutoARIMA,h1_12,1,ARIMA,7.3534886837005615,5.099456548690796,0.9095174833901679,0.9421442913221905,1.2131962189924144,1.225132950759794,0.48665650610292366,1.0,1.0,5.3306939795760995,8.117142180411816,True
D1,24,60,AutoARIMA,h1,1,ARIMA,7.3534886837005615,5.099456548690796,0.7733108762369167,0.690094455172514,1.332581169470491,1.323761074069575,0.2502738059967008,1.0,1.0,1.6157054809569171,2.4602633654916377,True
D1,24,60,AutoARIMA,h1_6,1,ARIMA,7.3534886837005615,5.099456548690796,1.0695388516173787,1.018632231139122,1.8648875671897036,1.8746384144356827,0.3622126467237559,0.6666666666666666,1.0,2.152297099025289,3.277340930507776,True
D1,24,60,AutoARIMA,h1_12,1,ARIMA,7.3534886837005615,5.099456548690796,1.150071227985097,1.1312247574804248,1.985981723526789,1.9774231092819994,0.40488488753470314,0.5,0.8333333333333334,2.2185233634040666,3.378184836779587,True
D1,24,61,AutoARIMA,h1,1,ARIMA,7.3534886837005615,5.099456548690796,0.49084213438063473,0.34578235311800615,0.6194919786511546,0.6175790523057227,0.21010137535775963,1.0,1.0,2.2680443255165157,3.4535912832793563,True
D1,24,61,AutoARIMA,h1_6,1,ARIMA,7.3534886837005615,5.099456548690796,1.358552821226369,1.1870094590061917,1.6950063054040316,1.673870541564003,0.5330268109230569,0.5,0.6666666666666666,2.856580636013845,4.349765951895713,True
D1,24,61,AutoARIMA,h1_12,1,ARIMA,7.3534886837005615,5.099456548690796,1.7823005688106992,1.497616096041288,2.2633548454165697,2.278198622275678,0.6832400047871301,0.5,0.5833333333333334,2.9784282837835256,4.535305524244958,True
D1,24,62,AutoARIMA,h1,1,ARIMA,7.3534886837005615,5.099456548690796,0.6701485187179215,0.54489936766888,1.5311915187030094,1.5430046972316092,0.21898464380185587,1.0,1.0,1.4957549068642146,2.277612500845718,True
D1,24,62,AutoARIMA,h1_6,1,ARIMA,7.3534886837005615,5.099456548690796,0.5592132438123325,0.4787134360232279,1.2649905261185146,1.2621004424227589,0.1945197590598059,0.8333333333333334,1.0,1.4957549068642146,2.277612500845718,True
D1,24,62,AutoARIMA,h1_12,1,ARIMA,7.3534886837005615,5.099456548690796,0.4686516664514682,0.4693337470321384,1.0571016883375524,1.051690808296807,0.18919797742663136,0.75,1.0,1.4957549068642146,2.277612500845718,True
D1,24,63,AutoARIMA,h1,1,ARIMA,7.3534886837005615,5.099456548690796,0.2214319723697675,0.19724340302035412,0.4729997169331619,0.4718837126206871,0.14115182745602145,1.0,1.0,1.758095736771542,2.677083531117521,True
D1,24,63,AutoARIMA,h1_6,1,ARIMA,7.3534886837005615,5.099456548690796,2.1888770254543592,2.305397857241209,4.538863447295624,4.401460934372231,0.8681969684843981,0.16666666666666666,0.3333333333333333,2.3138134118651164,3.5232846820718176,True
D1,24,63,AutoARIMA,h1_12,1,ARIMA,7.3534886837005615,5.099456548690796,1.9011464160654319,2.0792160130307047,3.950698318263928,3.838938237207349,0.7460231749522913,0.4166666666666667,0.5833333333333334,2.8270358172191954,4.304777532795033,True
D1,24,64,AutoARIMA,h1,1,ARIMA,7.3534886837005615,5.099456548690796,0.932065869977754,0.7756816632537871,1.5267859454882107,1.538530982895123,0.3033061176202314,1.0,1.0,2.022702192715404,3.0800044703011227,True
D1,24,64,AutoARIMA,h1_6,1,ARIMA,7.3534886837005615,5.099456548690796,3.1055272047934253,2.7133927751898193,5.193143729656924,5.346590244445442,1.139632291304952,0.16666666666666666,0.5,3.651591715500177,5.560343409899865,True
D1,24,64,AutoARIMA,h1_12,1,ARIMA,7.3534886837005615,5.099456548690796,2.656904881986202,2.3581874184420077,4.428186788162555,4.543239550438421,0.9521922149523324,0.5,0.75,4.930168810197398,7.507255407857116,True
D1,24,65,AutoARIMA,h1,1,ARIMA,7.3534886837005615,5.099456548690796,2.121608908323945,1.7066234567245038,2.6623384863995176,2.6273638272245483,0.8083730110741351,0.0,0.0,2.1356175435330362,3.251942675804845,True
D1,24,65,AutoARIMA,h1_6,1,ARIMA,7.3534886837005615,5.099456548690796,2.291255151535319,2.0265912447942505,2.8895415429234466,2.8420418793112785,0.8798520378525453,0.3333333333333333,0.3333333333333333,3.189260303539421,4.856343176584195,True
D1,24,65,AutoARIMA,h1_12,1,ARIMA,7.3534886837005615,5.099456548690796,1.5984660791027536,1.5415527216837814,2.033675666133842,2.0083700121301833,0.6339669782156926,0.6666666666666666,0.6666666666666666,3.6016784988881723,5.484339670523027,True
D1,24,66,AutoARIMA,h1,1,ARIMA,7.3534886837005615,5.099456548690796,0.057349584463513265,0.04780822152864417,0.08606211554482798,0.08602509803519368,0.12972592593661142,1.0,1.0,1.7265740096186815,2.62908483862977,True
D1,24,66,AutoARIMA,h1_6,1,ARIMA,7.3534886837005615,5.099456548690796,0.3914960759818548,0.39180730112910195,0.5899457657003271,0.5924585663887272,0.18500949434975936,1.0,1.0,1.9334227323117137,2.9440570539489905,True
D1,24,66,AutoARIMA,h1_12,1,ARIMA,7.3534886837005615,5.099456548690796,1.1942465913462765,1.3003784903893372,1.819912110346688,1.8489010586415653,0.4836236686892096,0.5,0.75,1.954107604581017,2.975554275480913,True
D1,24,67,AutoARIMA,h1,1,ARIMA,7.3534886837005615,5.099456548690796,0.38950763149564527,0.3395263681199945,0.8046802065607953,0.8079308363220877,0.17415311017821722,1.0,1.0,1.93110768608486,2.940531892037687,True
D1,24,67,AutoARIMA,h1_6,1,ARIMA,7.3534886837005615,5.099456548690796,1.0881996646278347,1.0816401623621505,2.257484521140159,2.2770305606394237,0.427147457576707,0.6666666666666666,1.0,3.486235815456186,5.308553050864134,True
D1,24,67,AutoARIMA,h1_12,1,ARIMA,7.3534886837005615,5.099456548690796,0.8126742674126183,0.8695254588511144,1.6855933802017207,1.699711190608104,0.4493258144815838,0.8333333333333334,1.0,4.706914798113151,7.167302567686888,True
D1,24,68,AutoARIMA,h1,1,ARIMA,7.3534886837005615,5.099456548690796,0.4660690326574835,0.3621535732733922,0.7728988705125773,0.7699235054737685,0.20021864406980444,1.0,1.0,2.166324671827272,3.298700964176194,True
D1,24,68,AutoARIMA,h1_6,1,ARIMA,7.3534886837005615,5.099456548690796,0.8466152494689995,0.7296919223670784,1.3979502262939651,1.3867213454583665,0.375180996485183,1.0,1.0,3.9108739058163136,5.955156995468329,True
D1,24,68,AutoARIMA,h1_12,1,ARIMA,7.3534886837005615,5.099456548690796,1.0553382279254977,1.0235804145516318,1.7694461477337369,1.7828477423591664,0.5067534496989339,1.0,1.0,5.280236689448566,8.040309970652132,True
D1,24,69,AutoARIMA,h1,1,ARIMA,7.3534886837005615,5.099456548690796,1.0260106259892177,0.7280156438770449,1.7318347325016124,1.7169672152122566,0.33020481890694614,0.0,1.0,2.0472787366139684,3.1174276091817346,True
D1,24,69,AutoARIMA,h1_6,1,ARIMA,7.3534886837005615,5.099456548690796,0.8401011337391867,0.7400004426086532,1.4184513247901596,1.4170088403802217,0.3290675911171762,0.5,1.0,2.1982919669110803,3.3473781308476678,True
D1,24,69,AutoARIMA,h1_12,1,ARIMA,7.3534886837005615,5.099456548690796,1.5215008564892063,1.2765937134587213,2.607172042248694,2.647497413369587,0.5901775411263502,0.25,0.6666666666666666,2.2133932899407918,3.3703731830142614,True
D1,24,70,AutoARIMA,h1,1,ARIMA,7.3534886837005615,5.099456548690796,0.07811667761611225,0.06465331808206469,0.1508441796358765,0.15095803534087873,0.14189408101874112,1.0,1.0,1.8768604718530815,2.8579286976885876,True
D1,24,70,AutoARIMA,h1_6,1,ARIMA,7.3534886837005615,5.099456548690796,0.9222406877936369,0.8961904344236548,1.758268490256408,1.7375656936610515,0.3420897181747598,0.6666666666666666,1.0,2.3953033599623126,3.6473708700078773,True
D1,24,70,AutoARIMA,h1_12,1,ARIMA,7.3534886837005615,5.099456548690796,1.6586855671444807,1.57159861356342,3.1350717980340157,3.0725110988630986,0.5917106299978254,0.4166666666666667,0.8333333333333334,2.8842663450789665,4.391923471668583,True
D1,24,71,AutoARIMA,h1,1,ARIMA,7.3534886837005615,5.099456548690796,0.6714620416485128,0.4986633349457288,0.9985470288511433,1.0035575257793843,0.23012457917834905,1.0,1.0,1.9866395456517039,3.025091238601913,True
D1,24,71,AutoARIMA,h1_6,1,ARIMA,7.3534886837005615,5.099456548690796,0.8472601888732355,0.7509748530735418,1.2458024634705938,1.236566502554277,0.32036775953534785,0.6666666666666666,1.0,2.1864322724561065,3.3293191639521673,True
D1,24,71,AutoARIMA,h1_12,1,ARIMA,7.3534886837005615,5.099456548690796,1.4345195240337691,1.1961739387987738,2.0983536134939165,2.071894499207636,0.5341676254202278,0.3333333333333333,0.5833333333333334,2.2064115451365467,3.359741956487192,True
D1,24,72,AutoARIMA,h1,1,ARIMA,7.3534886837005615,5.099456548690796,0.15533656698044382,0.12027068377591317,0.2648129787974703,0.2644628128711824,0.15098800635903395,1.0,1.0,1.942407760247755,2.9577387151982255,True
D1,24,72,AutoARIMA,h1_6,1,ARIMA,7.3534886837005615,5.099456548690796,0.6152640516641718,0.6083361742349144,1.0582292256225445,1.0628436245553006,0.2743804717144403,0.8333333333333334,1.0,2.6115899022443547,3.9767142204495896,True
D1,24,72,AutoARIMA,h1_12,1,ARIMA,7.3534886837005615,5.099456548690796,1.3402179946645942,1.2629562442664244,2.3341276447423343,2.3732999779113024,0.5089089489838091,0.5,0.8333333333333334,2.694794423556349,4.103411219401362,True
D1,24,73,AutoARIMA,h1,1,ARIMA,7.3534886837005615,5.099456548690796,0.8384817486350797,0.6559656788667191,1.6805710524193627,1.694812314998716,0.27812692842834713,1.0,1.0,2.0598952997407696,3.136639073415253,True
D1,24,73,AutoARIMA,h1_6,1,ARIMA,7.3534886837005615,5.099456548690796,1.57455583488013,1.2979495042174232,3.1522618954643518,3.208508003874814,0.5388505291333673,0.3333333333333333,0.8333333333333334,2.5660866405628457,3.9074255975880052,True
D1,24,73,AutoARIMA,h1_12,1,ARIMA,7.3534886837005615,5.099456548690796,1.562688237405132,1.3254343405917035,3.122149102704688,3.180885748288094,0.5459621097616646,0.5,0.8333333333333334,2.66689880254629,4.0609340629903645,True
D1,24,74,AutoARIMA,h1,1,ARIMA,7.3534886837005615,5.099456548690796,0.7884635341897487,0.6674277715919246,1.5004758963061484,1.5118181296216278,0.25948746261078387,1.0,1.0,1.8437016202284862,2.807437126758556,True
D1,24,74,AutoARIMA,h1_6,1,ARIMA,7.3534886837005615,5.099456548690796,1.2330538832358706,1.2758630522666554,2.319032661847655,2.2855193930314863,0.48033011414595206,0.5,0.6666666666666666,2.1664211503241644,3.298847873692978,True
D1,24,74,AutoARIMA,h1_12,1,ARIMA,7.3534886837005615,5.099456548690796,1.0552540252730684,1.1211794152852546,2.010905911460431,2.004421084723908,0.4135692665485337,0.6666666666666666,0.75,2.2190937477235972,3.3790533710899178,True
D1,24,75,AutoARIMA,h1,1,ARIMA,7.3534886837005615,5.099456548690796,1.4755409417167809,1.3090504351883703,2.7640908251700123,2.7264105926461153,0.5320161144467711,0.0,0.0,1.740720600555701,2.650626103321369,True
D1,24,75,AutoARIMA,h1_6,1,ARIMA,7.3534886837005615,5.099456548690796,1.849487725085629,1.706054370405129,3.398734468657758,3.3377092540572453,0.7014757585737016,0.0,0.3333333333333333,1.951738697928238,2.9719470993446815,True
D1,24,75,AutoARIMA,h1_12,1,ARIMA,7.3534886837005615,5.099456548690796,1.2161593249482119,1.2891111540971132,2.2380099956426465,2.2041246818455607,0.47183997096474734,0.4166666666666667,0.6666666666666666,1.981372808834376,3.0170714851257485,True
D1,24,76,AutoARIMA,h1,1,ARIMA,7.3534886837005615,5.099456548690796,1.379235803291325,1.055145270159114,1.9623992903854475,1.981845147945356,0.46631314322289735,0.0,1.0,2.0846842735132323,3.1743856830290254,True
D1,24,76,AutoARIMA,h1_6,1,ARIMA,7.3534886837005615,5.099456548690796,2.0959036847104144,1.8394450426813551,3.046614511963461,3.109544203680005,0.8187072345599388,0.16666666666666666,0.5,2.6369785848082774,4.015374017266706,True
D1,24,76,AutoARIMA,h1_12,1,ARIMA,7.3534886837005615,5.099456548690796,1.6632258639786817,1.4815704538153855,2.4002910797073467,2.430766491679967,0.6203701837384956,0.3333333333333333,0.75,2.7051622034809237,4.1191984216053115,True
D1,24,77,AutoARIMA,h1,1,ARIMA,7.3534886837005615,5.099456548690796,0.585341869042015,0.4380605684370091,1.0026111348583957,0.997610060085951,0.20512922095949476,1.0,1.0,1.9017096949517944,2.895767050019035,True
D1,24,77,AutoARIMA,h1_6,1,ARIMA,7.3534886837005615,5.099456548690796,0.9680944634237443,0.9341284111628768,1.6972736124671552,1.7202544372843969,0.3803547870011973,0.6666666666666666,0.8333333333333334,1.9915198763015516,3.0325226045598956,True
D1,24,77,AutoARIMA,h1_12,1,ARIMA,7.3534886837005615,5.099456548690796,1.4468320846285707,1.2646796329421155,2.5481797576149603,2.5928996726540894,0.5565243078127277,0.3333333333333333,0.5833333333333334,2.001785652220621,3.0481544834571994,True
D1,24,78,AutoARIMA,h1,1,ARIMA,7.3534886837005615,5.099456548690796,0.2837117912373562,0.22777795392475741,0.5154780610491879,0.5168100823450774,0.15600659304995282,1.0,1.0,1.9135718604915612,2.913829779679158,True
D1,24,78,AutoARIMA,h1_6,1,ARIMA,7.3534886837005615,5.099456548690796,1.5440517423627402,1.5470238567748027,2.7777578432737595,2.8393852230282834,0.6211543361527812,0.5,0.5,2.5303009069689053,3.852934026935992,True
D1,24,78,AutoARIMA,h1_12,1,ARIMA,7.3534886837005615,5.099456548690796,1.514630498970197,1.5218420518479772,2.722708147390922,2.7823071425854518,0.605195915152223,0.5833333333333334,0.5833333333333334,2.5919738116166404,3.9468444516616756,True
D1,24,79,AutoARIMA,h1,1,ARIMA,7.3534886837005615,5.099456548690796,1.0465747129620757,0.8526279292288046,1.6929440138076013,1.7073966484838303,0.3509854534728559,0.0,1.0,1.6668771715175668,2.5381834054497263,True
D1,24,79,AutoARIMA,h1_6,1,ARIMA,7.3534886837005615,5.099456548690796,2.420677397005613,2.1832820045288597,3.8162049528062356,3.7346441302179336,0.9704110732219313,0.0,0.3333333333333333,2.099732071210921,3.1972992312241053,True
D1,24,79,AutoARIMA,h1_12,1,ARIMA,7.3534886837005615,5.099456548690796,2.2058552529123423,2.0309243692328534,3.482964306840296,3.4102885633185998,0.8734325900589786,0.16666666666666666,0.4166666666666667,2.287374564029244,3.483025779986587,True
D1,24,80,AutoARIMA,h1,1,ARIMA,7.3534886837005615,5.099456548690796,0.025245652726147302,0.02180431197708489,0.04436175747521865,0.04435191982966343,0.144244337188175,1.0,1.0,1.9490062974398616,2.967786424704015,True
D1,24,80,AutoARIMA,h1_6,1,ARIMA,7.3534886837005615,5.099456548690796,0.5859669484511454,0.6185001869795194,1.0333449975072144,1.0369396788411298,0.3122571099703026,1.0,1.0,3.5185482444327767,5.357755759029783,True
D1,24,80,AutoARIMA,h1_12,1,ARIMA,7.3534886837005615,5.099456548690796,0.7510980670377085,0.8279725989502182,1.3117957956688342,1.3038323342463294,0.41679736277382057,1.0,1.0,4.750541178588792,7.2337332302787205,True
D1,24,81,AutoARIMA,h1,1,ARIMA,7.3534886837005615,5.099456548690796,0.009729091193712073,0.007955824422221413,0.01720996212947797,0.01721144317090379,0.13703585717795583,1.0,1.0,1.862412116852254,2.8359279315098913,True
D1,24,81,AutoARIMA,h1_6,1,ARIMA,7.3534886837005615,5.099456548690796,0.9909088441007994,0.9998732839244903,1.7658374908349939,1.7806508074270009,0.38131687492745897,0.5,0.8333333333333334,2.088049740296779,3.179510338935022,True
D1,24,81,AutoARIMA,h1_12,1,ARIMA,7.3534886837005615,5.099456548690796,0.9992143564595153,0.9951447413283098,1.7839927740189436,1.802351946407933,0.3794933942274279,0.5833333333333334,0.75,2.1197306573845207,3.2277514327573886,True
D1,24,82,AutoARIMA,h1,1,ARIMA,7.3534886837005615,5.099456548690796,1.0828004153465,0.8541400523431849,1.882460249907579,1.9003468872893683,0.34937647611797557,0.0,1.0,2.1339693842602387,3.2494329944754403,True
D1,24,82,AutoARIMA,h1_6,1,ARIMA,7.3534886837005615,5.099456548690796,2.4153160655011745,2.274214172662711,4.0467096534725195,3.9414874200977534,0.894511052264185,0.3333333333333333,0.6666666666666666,3.8524627860489504,5.8662133483774745,True
D1,24,82,AutoARIMA,h1_12,1,ARIMA,7.3534886837005615,5.099456548690796,2.2715168609126946,2.173633888543499,3.8062504434828575,3.7072237119722145,0.8875814354679402,0.5,0.75,5.201373359897411,7.920223381318725,True
D1,24,83,AutoARIMA,h1,1,ARIMA,7.3534886837005615,5.099456548690796,0.33281127946870154,0.27667981564278804,0.5285790638800325,0.5299797448671187,0.16271957969092218,1.0,1.0,1.896031208257863,2.887120317709739,True
D1,24,83,AutoARIMA,h1_6,1,ARIMA,7.3534886837005615,5.099456548690796,1.3262840224534678,1.1830223542704843,2.1026124435941433,2.119367828106948,0.45874158016667366,0.3333333333333333,1.0,2.3097210698268573,3.51705320033553,True
D1,24,83,AutoARIMA,h1_12,1,ARIMA,7.3534886837005615,5.099456548690796,1.4486192343096678,1.3111531665284086,2.267109846002242,2.2602861885440637,0.5127579063793669,0.4166666666666667,0.8333333333333334,2.385952565129719,3.633132249024037,True
D1,24,84,AutoARIMA,h1,1,ARIMA,7.3534886837005615,5.099456548690796,1.315938379205147,1.0155699005349985,1.9950741611930338,1.9753691217251717,0.4384545211367667,0.0,1.0,2.181185777885926,3.3213302337044173,True
D1,24,84,AutoARIMA,h1_6,1,ARIMA,7.3534886837005615,5.099456548690796,0.7783018112438912,0.7145717074692057,1.1888240447073484,1.1859691403270514,0.39367296873365254,0.8333333333333334,1.0,3.937702715298214,5.9960096990619185,True
D1,24,84,AutoARIMA,h1_12,1,ARIMA,7.3534886837005615,5.099456548690796,1.0982050298461141,1.1051591871460829,1.69961979100829,1.7184422055433886,0.5291936705750008,0.9166666666666666,1.0,5.316459402727527,8.095466938013628,True
D1,24,85,AutoARIMA,h1,1,ARIMA,7.3534886837005615,5.099456548690796,0.36803057926310734,0.29346433747375317,0.7029513405428321,0.7004892911117176,0.15741050208945653,1.0,1.0,1.6984045921952347,2.5861907675685574,True
D1,24,85,AutoARIMA,h1_6,1,ARIMA,7.3534886837005615,5.099456548690796,1.2304262042858236,1.1262716953840641,2.3732399572551595,2.3877972145362465,0.4466596187441449,0.5,0.6666666666666666,2.2457869332002924,3.41969955760758,True
D1,24,85,AutoARIMA,h1_12,1,ARIMA,7.3534886837005615,5.099456548690796,1.0509598254778911,0.9807479270375115,2.0280946067385055,2.0412962485899158,0.38680112988863263,0.5833333333333334,0.8333333333333334,2.3005251673007976,3.503050436611483,True
D1,24,86,AutoARIMA,h1,1,ARIMA,7.3534886837005615,5.099456548690796,0.8523345656567872,0.7254643608184543,1.3436945982147293,1.334727269106786,0.27907833617805616,1.0,1.0,1.9279337218390133,2.9356988404392013,True
D1,24,86,AutoARIMA,h1_6,1,ARIMA,7.3534886837005615,5.099456548690796,1.2774616883567365,1.3274781939022668,2.0066458448794013,2.0068099103663872,0.4952839235665673,0.6666666666666666,0.6666666666666666,2.5100216350164954,3.8220544201936697,True
D1,24,86,AutoARIMA,h1_12,1,ARIMA,7.3534886837005615,5.099456548690796,1.3227144331576752,1.3280453484162023,2.064820120504749,2.0612212691425587,0.4957378540911463,0.6666666666666666,0.75,2.6458162469036983,4.02883128193915,True
D1,24,87,AutoARIMA,h1,1,ARIMA,7.3534886837005615,5.099456548690796,0.45251391518544926,0.37476213427483396,1.0051918249148772,1.010269397612084,0.1807801285502176,1.0,1.0,1.8626208892571428,2.8362458329501905,True
D1,24,87,AutoARIMA,h1_6,1,ARIMA,7.3534886837005615,5.099456548690796,0.4524131955243194,0.4393888152283313,0.9870782862854416,0.9836329413479611,0.20871027112099155,1.0,1.0,2.1412143837906945,3.2604650836388926,True
D1,24,87,AutoARIMA,h1_12,1,ARIMA,7.3534886837005615,5.099456548690796,1.4886732796739695,1.6988805021384925,3.1479110218009,3.0609079800196306,0.6124308075706811,0.5,0.6666666666666666,2.1835559843958743,3.3249393891562,True
D1,24,88,AutoARIMA,h1,1,ARIMA,7.3534886837005615,5.099456548690796,0.07154661245247114,0.05861649924064578,0.11000484194332004,0.109944369878165,0.14374970465245693,1.0,1.0,1.9071598413241053,2.9040660844745236,True
D1,24,88,AutoARIMA,h1_6,1,ARIMA,7.3534886837005615,5.099456548690796,1.3358415046077754,1.235314536294994,2.0420283758078344,2.0158618967805633,0.48837274126467217,0.3333333333333333,0.6666666666666666,2.276771776695623,3.4668807278366423,True
D1,24,88,AutoARIMA,h1_12,1,ARIMA,7.3534886837005615,5.099456548690796,1.3320796629372658,1.2581189958204488,2.038236562374741,2.0110984056733705,0.49660814089363364,0.4166666666666667,0.5833333333333334,2.3403620307406876,3.563710734464287,True
D1,24,89,AutoARIMA,h1,1,ARIMA,7.3534886837005615,5.099456548690796,0.6321379085004865,0.5259456102401935,1.0923260147628802,1.0863925405912196,0.20932462638881166,1.0,1.0,1.5366876135198106,2.3399414585809537,True
D1,24,89,AutoARIMA,h1_6,1,ARIMA,7.3534886837005615,5.099456548690796,1.3339293092613391,1.3083448590308382,2.3536617987104225,2.3910601513766014,0.5439168392698023,0.3333333333333333,0.5,1.5366876135198106,2.3399414585809537,True
D1,24,89,AutoARIMA,h1_12,1,ARIMA,7.3534886837005615,5.099456548690796,1.1926532733777129,1.3189430421265114,2.1096369577548564,2.148776608965328,0.5115542631204827,0.5,0.5833333333333334,1.5366876135198106,2.3399414585809537,True
D1,24,90,AutoARIMA,h1,1,ARIMA,7.3534886837005615,5.099456548690796,2.0649888491857595,1.5688783237059662,3.6222059650146994,3.5577710671075313,0.778922255261397,0.0,0.0,2.1452683023628345,3.2666380572824516,True
D1,24,90,AutoARIMA,h1_6,1,ARIMA,7.3534886837005615,5.099456548690796,0.989082647961587,0.8928491506868443,1.7560786502409356,1.7394772655342754,0.39938791786609795,0.6666666666666666,0.8333333333333334,2.884018512852781,4.39154609314629,True
D1,24,90,AutoARIMA,h1_12,1,ARIMA,7.3534886837005615,5.099456548690796,0.9034583775494234,0.7938775086336535,1.6154289278716987,1.607106341417178,0.3664815459796809,0.8333333333333334,0.9166666666666666,3.0780332833271853,4.686975822009834,True
D1,24,91,AutoARIMA,h1,1,ARIMA,7.3534886837005615,5.099456548690796,0.7183424078073662,0.5880034492740239,1.0744977202492039,1.0803016284338722,0.24266138979371704,1.0,1.0,1.9645207959728157,2.9914106265307026,True
D1,24,91,AutoARIMA,h1_6,1,ARIMA,7.3534886837005615,5.099456548690796,0.5789666646769335,0.5511530293615062,0.8614879187699603,0.8585262157432546,0.25332502532754037,1.0,1.0,2.5367108281478083,3.8626945274962834,True
D1,24,91,AutoARIMA,h1_12,1,ARIMA,7.3534886837005615,5.099456548690796,0.984427969426227,0.9766164587129024,1.480564979314089,1.489120975580017,0.3733282676402815,0.8333333333333334,0.8333333333333334,2.666259773651125,4.059961002368368,True
D1,24,92,AutoARIMA,h1,1,ARIMA,7.3534886837005615,5.099456548690796,0.5251360464318314,0.4555220979952851,1.0372728705865424,1.031920952543228,0.18389554104940659,1.0,1.0,1.703722169224243,2.5942879363359292,True
D1,24,92,AutoARIMA,h1_6,1,ARIMA,7.3534886837005615,5.099456548690796,0.9381728253954341,0.89503320265981,1.8539341259425701,1.833475233248619,0.32720411714910463,0.6666666666666666,0.8333333333333334,1.8525333670776511,2.8208853841807127,True
D1,24,92,AutoARIMA,h1_12,1,ARIMA,7.3534886837005615,5.099456548690796,1.2185674247101947,1.1399201051918741,2.431779046455918,2.426077738952337,0.4315461223289544,0.3333333333333333,0.6666666666666666,1.8715534607102342,2.8498476177833063,True
D1,24,93,AutoARIMA,h1,1,ARIMA,7.3534886837005615,5.099456548690796,0.3314921213659933,0.2509245492037183,0.5684617473990006,0.5668505830342716,0.16347177765556986,1.0,1.0,1.9132156733782695,2.9132874072502415,True
D1,24,93,AutoARIMA,h1_6,1,ARIMA,7.3534886837005615,5.099456548690796,2.031160389469547,2.002388784029875,3.392829333571389,3.298639563405744,0.8998630889628347,0.5,0.5,1.9132156733782695,2.9132874072502415,True
D1,24,93,AutoARIMA,h1_12,1,ARIMA,7.3534886837005615,5.099456548690796,2.0010420166446297,1.837933275883083,3.3565332567989667,3.276366018175957,0.8423863611356659,0.3333333333333333,0.4166666666666667,1.9132156733782695,2.9132874072502415,True
D1,24,94,AutoARIMA,h1,1,ARIMA,7.3534886837005615,5.099456548690796,0.41305597763780894,0.33641032474735794,0.7149358168744034,0.7123892539085251,0.1617731529418445,1.0,1.0,1.6428663121366973,2.501621644407895,True
D1,24,94,AutoARIMA,h1_6,1,ARIMA,7.3534886837005615,5.099456548690796,2.7821660209164785,2.5011656163871265,4.694804416789956,4.56494620089035,1.2218006102230192,0.16666666666666666,0.16666666666666666,1.6428663121366973,2.501621644407895,True
D1,24,94,AutoARIMA,h1_12,1,ARIMA,7.3534886837005615,5.099456548690796,2.858891801801298,2.513087524217186,4.826762177568977,4.695649743735512,1.2477107442296131,0.08333333333333333,0.08333333333333333,1.6428663121366973,2.501621644407895,True
D1,24,95,AutoARIMA,h1,1,ARIMA,7.3534886837005615,5.099456548690796,2.1619054471130967,1.7456985142519241,4.605996666253065,4.714573208662595,0.880919164055455,0.0,0.0,1.6923215814174308,2.576928059268759,True
D1,24,95,AutoARIMA,h1_6,1,ARIMA,7.3534886837005615,5.099456548690796,1.9322400845630165,1.690567950023331,4.122701901102766,4.225592830838811,0.7517166942574961,0.16666666666666666,0.3333333333333333,2.149936920452155,3.2737470447730654,True
D1,24,95,AutoARIMA,h1_12,1,ARIMA,7.3534886837005615,5.099456548690796,1.3049348787122053,1.3040573490266312,2.762186254252434,2.808914962485358,0.5211256731501913,0.5,0.5833333333333334,2.1956984543556266,3.3434289433234965,True
D1,24,96,AutoARIMA,h1,1,ARIMA,7.3534886837005615,5.099456548690796,0.9893192939967269,0.8809012060210722,1.3502630363940686,1.341208117667081,0.32614400587667586,0.0,1.0,1.7435155344119964,2.654881998629434,True
D1,24,96,AutoARIMA,h1_6,1,ARIMA,7.3534886837005615,5.099456548690796,1.315861653369968,1.3792901601634129,1.778308032349184,1.76403874184614,0.4900698470909413,0.3333333333333333,0.8333333333333334,2.1040336882182262,3.203849379664034,True
D1,24,96,AutoARIMA,h1_12,1,ARIMA,7.3534886837005615,5.099456548690796,1.5986666641164264,1.5596107771849237,2.18719720812365,2.1981213914777236,0.5935528982211872,0.25,0.5,2.140085503598849,3.2587461177674935,True
D1,24,97,AutoARIMA,h1,1,ARIMA,7.3534886837005615,5.099456548690796,0.20701288501012005,0.1769662949617228,0.3483370826900594,0.3489448348189625,0.14622291128327142,1.0,1.0,1.8382182640815294,2.7990875231907797,True
D1,24,97,AutoARIMA,h1_6,1,ARIMA,7.3534886837005615,5.099456548690796,1.1863540925574765,1.240746712011694,1.9884322435495978,1.9758237119031,0.4616868646299777,0.5,0.6666666666666666,2.205144065055459,3.3578119421084884,True
D1,24,97,AutoARIMA,h1_12,1,ARIMA,7.3534886837005615,5.099456548690796,0.9020584220208347,1.0244040939930594,1.5216818650791477,1.5202594343250873,0.3728833507125175,0.6666666666666666,0.75,2.269311787833323,3.455521270608078,True
D1,24,98,AutoARIMA,h1,1,ARIMA,7.3534886837005615,5.099456548690796,0.7377444600322578,0.5971906979435568,1.3796878359597204,1.3702353507306948,0.250574486163471,1.0,1.0,2.07949128660383,3.1664782298444867,True
D1,24,98,AutoARIMA,h1_6,1,ARIMA,7.3534886837005615,5.099456548690796,0.7372873845803638,0.6820126234272085,1.3788563610776223,1.3695494510947164,0.35671710512698024,1.0,1.0,3.7541132757776103,5.716454806374315,True
D1,24,98,AutoARIMA,h1_12,1,ARIMA,7.3534886837005615,5.099456548690796,0.8233067187479305,0.8769452196460158,1.531405318766129,1.5130360123026496,0.46650126523192265,1.0,1.0,5.068587515855826,7.7180280236859025,True
D1,24,99,AutoARIMA,h1,1,ARIMA,7.3534886837005615,5.099456548690796,1.1264066407234117,0.8838848840469169,2.348495936258381,2.376400774062415,0.3718443258941535,0.0,1.0,1.970010679353894,2.9997701692335443,True
D1,24,99,AutoARIMA,h1_6,1,ARIMA,7.3534886837005615,5.099456548690796,0.8680516027824974,0.7641778084830254,1.783908415717668,1.7873627019445966,0.3162860389463404,0.5,1.0,2.155670897105333,3.282478272626577,True
D1,24,99,AutoARIMA,h1_12,1,ARIMA,7.3534886837005615,5.099456548690796,1.0009342431766304,0.9302319805638718,2.0725408538789205,2.0949448567037416,0.3759730615783126,0.5,0.9166666666666666,2.1798599087664083,3.319311309302265,True
D1,24,100,AutoARIMA,h1,1,ARIMA,7.3534886837005615,5.099456548690796,0.5954365414326915,0.4637409524713385,0.9788724304610856,0.9836869506420247,0.211448389576522,1.0,1.0,1.983679739167938,3.02058428882252,True
D1,24,100,AutoARIMA,h1_6,1,ARIMA,7.3534886837005615,5.099456548690796,1.0837284874815232,1.0539025957982018,1.77778398376142,1.8029547322769939,0.4193093404381573,0.6666666666666666,0.6666666666666666,2.2251895113655493,3.388335498401957,True
D1,24,100,AutoARIMA,h1_12,1,ARIMA,7.3534886837005615,5.099456548690796,1.2626858444460105,1.1956903882275098,2.0353783042708145,2.0301446532346583,0.4861027140139777,0.5,0.6666666666666666,2.249340488585311,3.425110619359901,True
D1,24,101,AutoARIMA,h1,1,ARIMA,7.3534886837005615,5.099456548690796,0.5961328034655383,0.5368026462577103,1.4880741627581195,1.4992289823213727,0.1995827473270287,1.0,1.0,1.5485115492209272,2.3579459749883322,True
D1,24,101,AutoARIMA,h1_6,1,ARIMA,7.3534886837005615,5.099456548690796,0.6654872291608248,0.7511690153062349,1.6405530258844627,1.6295079069067364,0.2606823028240511,0.8333333333333334,0.8333333333333334,1.7728872978254009,2.6996069032346215,True
D1,24,101,AutoARIMA,h1_12,1,ARIMA,7.3534886837005615,5.099456548690796,0.5906517991495931,0.6742020180572275,1.4543659354111893,1.4425138446576093,0.23922404855048265,0.75,0.9166666666666666,1.795324872685848,2.7337729960592507,True
D1,24,102,AutoARIMA,h1,1,ARIMA,7.3534886837005615,5.099456548690796,0.7488832268592518,0.6210614767604057,1.4316725728031368,1.4214969815987497,0.24298296997854435,1.0,1.0,1.5926817534477282,2.4252047276424,True
D1,24,102,AutoARIMA,h1_6,1,ARIMA,7.3534886837005615,5.099456548690796,0.8606285754661087,0.7512085342051048,1.6637985091688523,1.6707373055049688,0.29440377763032294,0.3333333333333333,0.8333333333333334,1.5926817534477282,2.4252047276424,True
D1,24,102,AutoARIMA,h1_12,1,ARIMA,7.3534886837005615,5.099456548690796,0.771688962063603,0.690860633246826,1.4851286057907964,1.484595562413172,0.26734786188156334,0.5,0.8333333333333334,1.5926817534477282,2.4252047276424,True
D1,24,103,AutoARIMA,h1,1,ARIMA,7.3534886837005615,5.099456548690796,0.6242552569394243,0.49875337571319533,1.0072924135938972,1.0123912838931681,0.20293730027277868,1.0,1.0,1.3454510660426107,2.0487421791042104,True
D1,24,103,AutoARIMA,h1_6,1,ARIMA,7.3534886837005615,5.099456548690796,0.9991417633317321,1.1018314699132459,1.5745887209734934,1.5553256702672218,0.40829614409989035,0.6666666666666666,0.6666666666666666,1.9931214417110588,3.034961336588024,True
D1,24,103,AutoARIMA,h1_12,1,ARIMA,7.3534886837005615,5.099456548690796,1.8551248365880193,1.9171206213652012,2.896830100064202,2.832125107694692,0.7478020397558202,0.4166666666666667,0.5,2.3294413733035557,3.5470816558751923,True
D1,24,104,AutoARIMA,h1,1,ARIMA,7.3534886837005615,5.099456548690796,0.34086471388592754,0.27603876120742965,0.6489430765768575,0.6510555665888809,0.14558815580113207,1.0,1.0,1.5694456222255035,2.3898226588955893,True
D1,24,104,AutoARIMA,h1_6,1,ARIMA,7.3534886837005615,5.099456548690796,2.0161278667600717,1.7542737302642144,3.743516483415766,3.8260463894723937,0.8118257205602066,0.16666666666666666,0.16666666666666666,1.8867554008290521,2.8729958813743703,True
D1,24,104,AutoARIMA,h1_12,1,ARIMA,7.3534886837005615,5.099456548690796,1.4448699082807979,1.3580691855679878,2.678570324367635,2.717522222839337,0.5629926508614068,0.4166666666666667,0.5833333333333334,2.1076886331994644,3.2094148291510756,True
D1,24,105,AutoARIMA,h1,1,ARIMA,7.3534886837005615,5.099456548690796,0.16814713669373174,0.14120471438935323,0.21668878146470896,0.21692380624093416,0.14061884512310824,1.0,1.0,1.7912148677573048,2.7275146187269472,True
D1,24,105,AutoARIMA,h1_6,1,ARIMA,7.3534886837005615,5.099456548690796,1.5196157604765483,1.7018551841571274,2.014109694258798,2.0499227909901534,0.6065808530538734,0.5,0.6666666666666666,2.1831346210595877,3.3242977717376587,True
D1,24,105,AutoARIMA,h1_12,1,ARIMA,7.3534886837005615,5.099456548690796,1.8181520575864563,1.8756693795466817,2.368892003955292,2.3702682790601406,0.7298246808871068,0.3333333333333333,0.5833333333333334,2.2223265963898156,3.3839760870387297,True
D1,24,106,AutoARIMA,h1,1,ARIMA,7.3534886837005615,5.099456548690796,0.4825571881688127,0.3843256018785039,0.9195519388489507,0.9237993462487026,0.17589037045734704,1.0,1.0,1.687657870912246,2.5698265446434565,True
D1,24,106,AutoARIMA,h1_6,1,ARIMA,7.3534886837005615,5.099456548690796,0.6385867501472772,0.734616077455714,1.2000737021263932,1.1893246792604661,0.27523139017425396,0.8333333333333334,0.8333333333333334,1.687657870912246,2.5698265446434565,True
D1,24,106,AutoARIMA,h1_12,1,ARIMA,7.3534886837005615,5.099456548690796,0.9636964265048316,1.0840205238495642,1.7974103538445603,1.768395428645617,0.39274972132401786,0.6666666666666666,0.75,1.687657870912246,2.5698265446434565,True
D1,24,107,AutoARIMA,h1,1,ARIMA,7.3534886837005615,5.099456548690796,0.8114377793143712,0.626606048358566,1.1684130658416172,1.175279123259755,0.27324847704889166,1.0,1.0,2.1798828003277952,3.319346166688417,True
D1,24,107,AutoARIMA,h1_6,1,ARIMA,7.3534886837005615,5.099456548690796,0.7964295204441936,0.6983381978601487,1.1359436543395163,1.131885049121526,0.3741014028965412,1.0,1.0,3.9353504451153407,5.992427855573194,True
D1,24,107,AutoARIMA,h1_12,1,ARIMA,7.3534886837005615,5.099456548690796,0.8442182040544569,0.7625769654804544,1.209567674896418,1.2107927096409927,0.47136968650353656,1.0,1.0,5.3132835030124665,8.090630939241871,True
D1,24,108,AutoARIMA,h1,1,ARIMA,7.3534886837005615,5.099456548690796,0.10865631072265332,0.08999535658295249,0.19520259609054638,0.19501226159188528,0.14711346195443262,1.0,1.0,1.9249264579751932,2.931119626466281,True
D1,24,108,AutoARIMA,h1_6,1,ARIMA,7.3534886837005615,5.099456548690796,0.8814262743390185,1.0448163793204293,1.578289543885547,1.554492907481189,0.3789967915636951,0.6666666666666666,0.8333333333333334,2.3963162824343085,3.648913265004551,True
D1,24,108,AutoARIMA,h1_12,1,ARIMA,7.3534886837005615,5.099456548690796,0.8326717242880446,0.9181649498673122,1.5075175040727484,1.4991443871665284,0.3450012726602414,0.75,0.9166666666666666,2.489972823414036,3.7915257395098863,True
D1,24,109,AutoARIMA,h1,1,ARIMA,7.3534886837005615,5.099456548690796,1.9863941570896182,1.6123560099267187,4.697517872279495,4.5897164959376795,0.7480740384189135,0.0,0.0,2.0737870782399295,3.157792330692533,True
D1,24,109,AutoARIMA,h1_6,1,ARIMA,7.3534886837005615,5.099456548690796,1.8916405688557574,1.704894405088031,4.455574441196819,4.337434194463582,0.727297023790757,0.3333333333333333,0.6666666666666666,3.7438154474170418,5.70077412065638,True
D1,24,109,AutoARIMA,h1_12,1,ARIMA,7.3534886837005615,5.099456548690796,2.623081601072472,2.3246387160076534,6.121443390612256,5.908090551121081,0.9189515310631883,0.4166666666666667,0.8333333333333334,5.054683981136832,7.696856865004356,True
D1,24,110,AutoARIMA,h1,1,ARIMA,7.3534886837005615,5.099456548690796,1.1654961165398074,0.9557571872605019,2.4768836262569427,2.5079430415327297,0.3842669771128002,0.0,1.0,2.0527004856380224,3.125683402491856,True
D1,24,110,AutoARIMA,h1_6,1,ARIMA,7.3534886837005615,5.099456548690796,0.7693847525915064,0.7809527331682852,1.6319152028774746,1.649401338166428,0.3915485652085654,0.6666666666666666,1.0,3.7057477441582423,5.642807754360115,True
D1,24,110,AutoARIMA,h1_12,1,ARIMA,7.3534886837005615,5.099456548690796,0.81081191066472,0.8002626337385442,1.699618964397381,1.6977986336711781,0.4579507096009197,0.8333333333333334,1.0,5.0032871608171545,7.618594015973004,True
D1,24,111,AutoARIMA,h1,1,ARIMA,7.3534886837005615,5.099456548690796,0.09287904325061036,0.08150407418962033,0.12500266723670556,0.12492458770337372,0.1457532375891791,1.0,1.0,1.918326479071106,2.9210697216401016,True
D1,24,111,AutoARIMA,h1_6,1,ARIMA,7.3534886837005615,5.099456548690796,1.4518479561361333,1.464458141074692,1.9808117154510296,2.0071719720183663,0.5059297789437096,0.6666666666666666,1.0,3.4631618553776233,5.273417922991398,True
D1,24,111,AutoARIMA,h1_12,1,ARIMA,7.3534886837005615,5.099456548690796,1.3978219189704348,1.3532284713863156,1.9042884911419249,1.9266986823046315,0.5366765860348409,0.8333333333333334,1.0,4.675761666227077,7.1198651417432455,True
D1,24,112,AutoARIMA,h1,1,ARIMA,7.3534886837005615,5.099456548690796,0.7205130219626925,0.5838634313959512,1.2831520279489286,1.274972112689052,0.23869483656791426,1.0,1.0,1.7563459459233808,2.6744190935874337,True
D1,24,112,AutoARIMA,h1_6,1,ARIMA,7.3534886837005615,5.099456548690796,0.7526576979492059,0.7315627760544837,1.3580560055763564,1.3673975143299468,0.2825204523707988,0.8333333333333334,0.8333333333333334,1.7563459459233808,2.6744190935874337,True
D1,24,112,AutoARIMA,h1_12,1,ARIMA,7.3534886837005615,5.099456548690796,0.7886514124519967,0.7196222174930041,1.4171229119164135,1.4209551848311124,0.2816837522947321,0.5833333333333334,0.9166666666666666,1.7563459459233808,2.6744190935874337,True
D1,24,113,AutoARIMA,h1,1,ARIMA,7.3534886837005615,5.099456548690796,3.169390542630486,2.677758618709503,6.926321589483941,6.694480949818363,1.3491978687334143,0.0,0.0,1.9923523720268552,3.0337902605522977,True
D1,24,113,AutoARIMA,h1_6,1,ARIMA,7.3534886837005615,5.099456548690796,3.1844503652684333,2.714385528375021,6.9539248513292975,6.7166483611254115,1.1975944578858972,0.0,0.3333333333333333,3.596801072472095,5.476912726893276,True
D1,24,113,AutoARIMA,h1_12,1,ARIMA,7.3534886837005615,5.099456548690796,2.220458127387348,2.072866363002205,4.877508348761856,4.737939055899681,0.8793170503308372,0.5,0.6666666666666666,4.856193639807707,7.394612105095048,True
D1,24,114,AutoARIMA,h1,1,ARIMA,7.3534886837005615,5.099456548690796,1.8842576133007702,1.5739150737411578,3.644948623702075,3.712609987014633,0.7039283283735818,0.0,0.0,2.0152209014187203,3.0686125754782583,True
D1,24,114,AutoARIMA,h1_6,1,ARIMA,7.3534886837005615,5.099456548690796,1.2387664615380989,1.1633409729183537,2.388992801589833,2.425785926044286,0.4925762542278516,0.6666666666666666,0.8333333333333334,3.638085712778387,5.539777580234568,True
D1,24,114,AutoARIMA,h1_12,1,ARIMA,7.3534886837005615,5.099456548690796,1.7593979981294923,1.6136553016372108,3.4114031877073048,3.4835758379810033,0.6397772462755251,0.75,0.9166666666666666,4.911933783240043,7.47948860919195,True
D1,24,115,AutoARIMA,h1,1,ARIMA,7.3534886837005615,5.099456548690796,1.1475616276831424,0.981434574618098,2.05600486204117,2.0350841475312347,0.3897920577804341,0.0,1.0,1.680746574450954,2.5593025910565155,True
D1,24,115,AutoARIMA,h1_6,1,ARIMA,7.3534886837005615,5.099456548690796,0.7904426899526461,0.7068057044272198,1.4233332334778463,1.421644034785604,0.26891757302677094,0.6666666666666666,1.0,1.7803452237823498,2.710963219240659,True
D1,24,115,AutoARIMA,h1_12,1,ARIMA,7.3534886837005615,5.099456548690796,0.7552692742291164,0.7317825966853929,1.3533441250113465,1.346377004333181,0.27433859523188237,0.75,0.9166666666666666,1.7921187561668765,2.7288909856247443,True
D1,24,116,AutoARIMA,h1,1,ARIMA,7.3534886837005615,5.099456548690796,1.274652683912982,1.0566084592364395,2.0393457793807777,2.0187610205466266,0.42745572068255344,0.0,1.0,2.0307108449497018,3.092199386968319,True
D1,24,116,AutoARIMA,h1_6,1,ARIMA,7.3534886837005615,5.099456548690796,1.6715621597566417,1.6972216830612266,2.649279269834279,2.5990242732838524,0.6205158778955161,0.6666666666666666,0.8333333333333334,3.666049764864244,5.582358937857228,True
D1,24,116,AutoARIMA,h1_12,1,ARIMA,7.3534886837005615,5.099456548690796,1.371109198877193,1.409619214421364,2.18048497513363,2.1461776330478535,0.593353027187106,0.8333333333333334,0.9166666666666666,4.9496892356952555,7.536979505656629,True
D1,24,117,AutoARIMA,h1,1,ARIMA,7.3534886837005615,5.099456548690796,1.465837146338995,1.1631298965681776,3.1001109223068526,3.0527909691716095,0.5022006256936515,0.0,1.0,2.0189450688466106,3.0742834312114127,True
D1,24,117,AutoARIMA,h1_6,1,ARIMA,7.3534886837005615,5.099456548690796,0.9371848304822483,0.8095177252134835,1.9658540692332356,1.9496654877333177,0.33798356909970495,0.6666666666666666,1.0,2.4290914113257283,3.6988205345293603,True
D1,24,117,AutoARIMA,h1_12,1,ARIMA,7.3534886837005615,5.099456548690796,1.54500417451619,1.5883068495144101,3.1502843193342436,3.074344566196002,0.625174065901172,0.5,0.6666666666666666,2.5015354977049618,3.809132428538525,True
D1,24,118,AutoARIMA,h1,1,ARIMA,7.3534886837005615,5.099456548690796,3.796905080606481,2.7752280980076196,4.528623398491522,4.633541214296205,1.6486410012097603,0.0,0.0,2.113452662390332,3.218191818536253,True
D1,24,118,AutoARIMA,h1_6,1,ARIMA,7.3534886837005615,5.099456548690796,2.291357827746935,1.8634786826550866,2.7125374012254744,2.7591319848156086,0.9046112150201491,0.16666666666666666,0.3333333333333333,2.4818213050708517,3.77911327808716,True
D1,24,118,AutoARIMA,h1_12,1,ARIMA,7.3534886837005615,5.099456548690796,2.0136087326825454,1.7582278011796337,2.3826983749558788,2.4242266694745607,0.809973933265798,0.3333333333333333,0.4166666666666667,2.5418195537120014,3.870473674437395,True
D1,24,119,AutoARIMA,h1,1,ARIMA,7.3534886837005615,5.099456548690796,0.153501854738277,0.12413400134447101,0.21442867922420875,0.21419902715179243,0.13292764064632553,1.0,1.0,1.697373694064058,2.584621000717146,True
D1,24,119,AutoARIMA,h1_6,1,ARIMA,7.3534886837005615,5.099456548690796,1.9898085436884674,1.8818453706633593,2.751901602639564,2.701275550037514,0.8477868288917902,0.3333333333333333,0.3333333333333333,1.7509425768222984,2.6661912877117424,True
D1,24,119,AutoARIMA,h1_12,1,ARIMA,7.3534886837005615,5.099456548690796,3.027130392797044,2.8049474781736032,4.1878040212075,4.076466637539779,1.330514985518925,0.16666666666666666,0.16666666666666666,1.8017899069520418,2.7436174182941366,True
D1,24,120,AutoARIMA,h1,1,ARIMA,7.3534886837005615,5.099456548690796,1.1702514121326437,0.9911297201617392,2.4064311220227865,2.435738304325951,0.39083730950797074,0.0,1.0,1.912214972238735,2.9117636218930647,True
D1,24,120,AutoARIMA,h1_6,1,ARIMA,7.3534886837005615,5.099456548690796,1.1950667575408236,1.098279703436766,2.4559775844819223,2.492131809413621,0.41546925271331614,0.3333333333333333,0.8333333333333334,2.325572051379337,3.541189770818387,True
D1,24,120,AutoARIMA,h1_12,1,ARIMA,7.3534886837005615,5.099456548690796,1.1917536013920922,1.1930581355435819,2.4517424918762085,2.4930198403583304,0.4365338877146219,0.5833333333333334,0.8333333333333334,2.401309724354667,3.6565168674984276,True
D1,24,121,AutoARIMA,h1,1,ARIMA,7.3534886837005615,5.099456548690796,1.174873383619864,0.9037374685793909,1.7891957425603868,1.805346332419446,0.3915273610266562,0.0,1.0,1.945167616333063,2.961941196962832,True
D1,24,121,AutoARIMA,h1_6,1,ARIMA,7.3534886837005615,5.099456548690796,0.9699336577691949,0.8471198984700649,1.4757578027723541,1.478937986419824,0.35748204354686003,0.5,1.0,2.3991292321225894,3.6531965933392097,True
D1,24,121,AutoARIMA,h1_12,1,ARIMA,7.3534886837005615,5.099456548690796,1.2982930462056694,1.1695045162579347,1.9948790139995902,2.017229689218609,0.4887086665635444,0.4166666666666667,0.6666666666666666,2.444525393701542,3.722322132976847,True
D1,24,122,AutoARIMA,h1,1,ARIMA,7.3534886837005615,5.099456548690796,0.5368437606954627,0.40518663805179467,0.8886813227918695,0.884750018707046,0.21563140336990577,1.0,1.0,2.230267090406583,3.396067217980356,True
D1,24,122,AutoARIMA,h1_6,1,ARIMA,7.3534886837005615,5.099456548690796,1.2457547937690003,1.0450584077578031,2.045291168509656,2.0199352173867138,0.47509684750908926,0.8333333333333334,1.0,4.026309389494624,6.1309326519347165,True
D1,24,122,AutoARIMA,h1_12,1,ARIMA,7.3534886837005615,5.099456548690796,1.2089152675090582,1.0182758755506853,1.9914649159230635,1.9734834196756752,0.5421695589769828,0.9166666666666666,1.0,5.436091030667787,8.277632137701648,True
D1,24,123,AutoARIMA,h1,1,ARIMA,7.3534886837005615,5.099456548690796,2.244304117675843,1.7926737830514576,3.40423685435652,3.4631843534029456,0.8786151165542119,0.0,0.0,2.060368391819185,3.1373594591060443,True
D1,24,123,AutoARIMA,h1_6,1,ARIMA,7.3534886837005615,5.099456548690796,1.8380299837168559,1.8140175321934413,2.779398424633081,2.823401638472939,0.7443526596139783,0.3333333333333333,0.6666666666666666,2.7938449786424093,4.254237254766113,True
D1,24,123,AutoARIMA,h1_12,1,ARIMA,7.3534886837005615,5.099456548690796,1.4018776211991946,1.4312641116738236,2.1089959276808736,2.1322022172212503,0.5624431646885755,0.5833333333333334,0.8333333333333334,2.992778995076607,4.557157606619656,True
D1,24,124,AutoARIMA,h1,1,ARIMA,7.3534886837005615,5.099456548690796,0.2680911859275541,0.23181094932638371,0.6078796520642908,0.6097328730980458,0.1507798228013103,1.0,1.0,1.8540960055293245,2.8232648414403885,True
D1,24,124,AutoARIMA,h1_6,1,ARIMA,7.3534886837005615,5.099456548690796,0.7087834845893578,0.7704080934591182,1.6332567603231847,1.6547898529703193,0.28867756312449966,0.8333333333333334,1.0,2.367155291032773,3.6045093066766274,True
D1,24,124,AutoARIMA,h1_12,1,ARIMA,7.3534886837005615,5.099456548690796,0.8608153687181581,0.9335157795712381,1.9548586635466627,1.9472190886170015,0.34183803780161937,0.6666666666666666,1.0,2.4786594892843237,3.774298725162931,True
D1,24,125,AutoARIMA,h1,1,ARIMA,7.3534886837005615,5.099456548690796,1.3572782419064588,1.1572789275300834,2.425808573201561,2.3967384300449375,0.46148554124773217,0.0,1.0,1.974241717873192,3.006212846559151,True
D1,24,125,AutoARIMA,h1_6,1,ARIMA,7.3534886837005615,5.099456548690796,1.1081030064338397,1.042543914231494,1.9861579370318325,1.9681774607333544,0.4424777089543861,0.5,1.0,3.5641058418504215,5.427127119879572,True
D1,24,125,AutoARIMA,h1_12,1,ARIMA,7.3534886837005615,5.099456548690796,1.1902630426196599,1.0701873589529372,2.1578287833985836,2.1628905379440764,0.4986691603285387,0.75,1.0,4.812050422599452,7.327394446052332,True
D1,24,126,AutoARIMA,h1,1,ARIMA,7.3534886837005615,5.099456548690796,0.7819891947394092,0.6760126823943112,1.8634209743177879,1.8809459449446269,0.2556933419842292,1.0,1.0,1.7527829320467772,2.6689936292224026,True
D1,24,126,AutoARIMA,h1_6,1,ARIMA,7.3534886837005615,5.099456548690796,0.717366079172451,0.6632096905835027,1.7102320188151308,1.7271830817419616,0.2620575674100722,0.8333333333333334,1.0,2.1489696694345835,3.2722741945093285,True
D1,24,126,AutoARIMA,h1_12,1,ARIMA,7.3534886837005615,5.099456548690796,0.8297097000691686,0.8553427315117252,1.986479787318988,2.015047122495828,0.32499496485747703,0.75,1.0,2.533818680386893,3.8582906028530597,True
D1,24,127,AutoARIMA,h1,1,ARIMA,7.3534886837005615,5.099456548690796,0.18474244109172713,0.14305093296509092,0.30095498504042467,0.3005027959680988,0.1354459028662603,1.0,1.0,1.7080528980420553,2.600882413845549,True
D1,24,127,AutoARIMA,h1_6,1,ARIMA,7.3534886837005615,5.099456548690796,1.0994034592623643,1.0253723904070533,1.7827403102440977,1.772483151813976,0.42801026779654294,0.5,0.5,1.7080528980420553,2.600882413845549,True
D1,24,127,AutoARIMA,h1_12,1,ARIMA,7.3534886837005615,5.099456548690796,0.9345435136054236,0.8674588617046618,1.5156952190257948,1.5071109230914157,0.35276037999290616,0.5833333333333334,0.6666666666666666,1.7080528980420553,2.600882413845549,True
D1,24,128,AutoARIMA,h1,1,ARIMA,7.3534886837005615,5.099456548690796,2.6760620472639087,1.9194606335654416,3.4374143919060858,3.497526633842308,1.0606258238972315,0.0,0.0,2.346900227538664,3.5736665625827446,True
D1,24,128,AutoARIMA,h1_6,1,ARIMA,7.3534886837005615,5.099456548690796,4.051995338287473,3.072254357766935,5.267941355127164,5.4293250481258815,1.5647955112194094,0.0,0.5,4.2368676213678915,6.451553402613667,True
D1,24,128,AutoARIMA,h1_12,1,ARIMA,7.3534886837005615,5.099456548690796,2.910001829662317,2.4252240682668056,3.7530720855179895,3.8371933381557595,1.1640548672086632,0.5,0.75,5.7203746276278356,8.710515808181473,True
D1,24,129,AutoARIMA,h1,1,ARIMA,7.3534886837005615,5.099456548690796,1.5296187014510048,1.2136940918677197,1.8915105585433019,1.909570421617156,0.5503235280581855,0.0,0.0,1.8145904492890312,2.7631090309310338,True
D1,24,129,AutoARIMA,h1_6,1,ARIMA,7.3534886837005615,5.099456548690796,1.0964289401544802,1.1885148432949697,1.3271087072116126,1.317232035806525,0.4499163550282432,0.6666666666666666,0.6666666666666666,1.9745583150351012,3.0066949346675607,True
D1,24,129,AutoARIMA,h1_12,1,ARIMA,7.3534886837005615,5.099456548690796,1.9892794361003725,1.8600399776588838,2.3873843450076397,2.3517904263938707,0.8269027630112663,0.3333333333333333,0.3333333333333333,1.990555101609708,3.031053525041213,True
D1,24,130,AutoARIMA,h1,1,ARIMA,7.3534886837005615,5.099456548690796,0.030037924163876545,0.02149199684903374,0.040965669696533535,0.04097406234605451,0.14715582650079567,1.0,1.0,1.9850994633998302,3.022746128067356,True
D1,24,130,AutoARIMA,h1_6,1,ARIMA,7.3534886837005615,5.099456548690796,1.4664716213954385,1.328473428564706,1.9996398402902515,2.0008902857532704,0.6133339552742084,0.5,0.5,1.9850994633998302,3.022746128067356,True
D1,24,130,AutoARIMA,h1_12,1,ARIMA,7.3534886837005615,5.099456548690796,2.6821141825476738,2.231380975700401,3.733787748446015,3.8158327719705483,1.1637861116322963,0.25,0.25,1.9850994633998302,3.022746128067356,True
D1,24,131,AutoARIMA,h1,1,ARIMA,7.3534886837005615,5.099456548690796,0.3258959436471266,0.26887961771232044,0.6440349051037348,0.6461155098089642,0.14667440634901002,1.0,1.0,1.6327529302799664,2.48622181864965,True
D1,24,131,AutoARIMA,h1_6,1,ARIMA,7.3534886837005615,5.099456548690796,0.43230909222765124,0.4620037500416612,0.8580302154263866,0.863994849639646,0.20647213849234783,1.0,1.0,2.049280906959783,3.1204763494449583,True
D1,24,131,AutoARIMA,h1_12,1,ARIMA,7.3534886837005615,5.099456548690796,0.54189421262073,0.5807432053969311,1.0766511739979217,1.0852920315816728,0.23622341281431386,0.9166666666666666,0.9166666666666666,2.0909337046277647,3.1839018025244896,True
D1,24,132,AutoARIMA,h1,1,ARIMA,7.3534886837005615,5.099456548690796,0.1769189345295655,0.1554026019683568,0.3509930750896371,0.35037817352678485,0.11631699779354658,1.0,1.0,1.4529788120836509,2.212476583348499,True
D1,24,132,AutoARIMA,h1_6,1,ARIMA,7.3534886837005615,5.099456548690796,0.4773288091274619,0.6169396869329131,0.9390271010531855,0.9296446892103158,0.21544237790145107,0.8333333333333334,0.8333333333333334,1.4529788120836509,2.212476583348499,True
D1,24,132,AutoARIMA,h1_12,1,ARIMA,7.3534886837005615,5.099456548690796,0.9621099879848073,1.1613473646580859,1.9376941483112375,1.9649807215586839,0.4002830442972493,0.5,0.75,1.4529788120836509,2.212476583348499,True
D1,24,133,AutoARIMA,h1,1,ARIMA,7.3534886837005615,5.099456548690796,1.287617054930492,1.1197685300841593,2.2398744893726583,2.265243798353365,0.44982161355614714,0.0,0.0,1.6411658210738314,2.4990322765344692,True
D1,24,133,AutoARIMA,h1_6,1,ARIMA,7.3534886837005615,5.099456548690796,0.43902938879604386,0.5618442422931975,0.7604590484468147,0.7668066112863293,0.2115290388191995,0.8333333333333334,0.8333333333333334,1.7296596981993129,2.6337834713086505,True
D1,24,133,AutoARIMA,h1_12,1,ARIMA,7.3534886837005615,5.099456548690796,0.5743419451594721,0.7298916439506157,0.9938297577471358,1.0021329278689413,0.25531238281708923,0.8333333333333334,0.8333333333333334,1.7399659850497915,2.6494770369190457,True
D1,24,134,AutoARIMA,h1,1,ARIMA,7.3534886837005615,5.099456548690796,0.028085844217621912,0.021711518134393093,0.048063482744854814,0.048075036013174206,0.14239463912708777,1.0,1.0,1.9216151293021726,2.9260774076204887,True
D1,24,134,AutoARIMA,h1_6,1,ARIMA,7.3534886837005615,5.099456548690796,0.8630454067923947,0.8800296497248402,1.4957189415128718,1.5154121341732727,0.3604717767930773,0.5,0.6666666666666666,1.9216151293021726,2.9260774076204887,True
D1,24,134,AutoARIMA,h1_12,1,ARIMA,7.3534886837005615,5.099456548690796,1.2407199301613396,1.215603876956985,2.1596334041495595,2.1980955386883703,0.5017683737499288,0.5,0.5833333333333334,1.9216151293021726,2.9260774076204887,True
D1,24,135,AutoARIMA,h1,1,ARIMA,7.3534886837005615,5.099456548690796,1.2878385487617612,1.0635624968730364,1.9550856228019762,1.9743860921147445,0.442932175274753,0.0,1.0,1.7227643689237369,2.6232838312383127,True
D1,24,135,AutoARIMA,h1_6,1,ARIMA,7.3534886837005615,5.099456548690796,1.4008154962054489,1.2012003429089924,2.1167412373319996,2.1198925394057113,0.49709099533956996,0.16666666666666666,0.6666666666666666,2.073054150969447,3.15667628935061,True
D1,24,135,AutoARIMA,h1_12,1,ARIMA,7.3534886837005615,5.099456548690796,1.420296283238239,1.2799507466790694,2.1412072746463786,2.1394316987822943,0.5039342600729696,0.4166666666666667,0.75,2.4925328752954408,3.7954239758727715,True
D1,24,136,AutoARIMA,h1,1,ARIMA,7.3534886837005615,5.099456548690796,0.9739400655252279,0.8126492829183336,1.7715186157887048,1.7873502368765104,0.3268088673877492,0.0,1.0,1.5457585584543359,2.353753947166184,True
D1,24,136,AutoARIMA,h1_6,1,ARIMA,7.3534886837005615,5.099456548690796,0.5804730621146196,0.5812850905476412,1.0497245325319209,1.0530141169564702,0.224873361055463,0.5,1.0,1.6223849274289066,2.4704342769915915,True
D1,24,136,AutoARIMA,h1_12,1,ARIMA,7.3534886837005615,5.099456548690796,0.839337787051273,0.8944671169769463,1.500415902936511,1.4880806359616092,0.33093731437857327,0.5,0.75,1.7086428217621668,2.6017807011473613,True
D1,24,137,AutoARIMA,h1,1,ARIMA,7.3534886837005615,5.099456548690796,0.6610393823886729,0.5664248938700492,1.3004520454039283,1.292050794908903,0.22494552488650424,1.0,1.0,1.882592194648778,2.8666564935533647,True
D1,24,137,AutoARIMA,h1_6,1,ARIMA,7.3534886837005615,5.099456548690796,1.4640583910326377,1.5328841126096566,2.8071660341522544,2.7504753507909516,0.5568773682091624,0.5,0.6666666666666666,2.3734435127506477,3.6140844933111467,True
D1,24,137,AutoARIMA,h1_12,1,ARIMA,7.3534886837005615,5.099456548690796,1.514465848263553,1.4527577830703289,2.9441249048988665,2.9352357393850625,0.5417627279677558,0.4166666666666667,0.75,2.475423112230085,3.769370636475167,True
D1,24,138,AutoARIMA,h1,1,ARIMA,7.3534886837005615,5.099456548690796,2.51793762410129,1.8896838460907377,3.457591154159824,3.5184173985287996,1.0116094187401437,0.0,0.0,2.0927070473062095,3.1866021028438642,True
D1,24,138,AutoARIMA,h1_6,1,ARIMA,7.3534886837005615,5.099456548690796,0.757086771068177,0.8419171495739634,1.0253480516689522,1.0353976186207285,0.3544222923470075,0.8333333333333334,0.8333333333333334,2.449803830778127,3.7303597026451105,True
D1,24,138,AutoARIMA,h1_12,1,ARIMA,7.3534886837005615,5.099456548690796,1.188764270865354,1.2044379887574974,1.6038207666802085,1.62642747181318,0.49068921697022216,0.6666666666666666,0.75,2.50737264197869,3.8180207515559363,True
D1,24,139,AutoARIMA,h1,1,ARIMA,7.3534886837005615,5.099456548690796,3.166359945465975,2.571067763782917,4.850795401183438,4.735930257613649,1.361347211724032,0.0,0.0,1.8767469311509204,2.857755807249498,True
D1,24,139,AutoARIMA,h1_6,1,ARIMA,7.3534886837005615,5.099456548690796,3.1220617897323506,2.6234917062531813,4.822396537493368,4.701373848202353,1.3155114049939403,0.0,0.16666666666666666,2.0986471674391947,3.1956472290268505,True
D1,24,139,AutoARIMA,h1_12,1,ARIMA,7.3534886837005615,5.099456548690796,1.7918916358454622,1.884664626484073,2.780406379181116,2.7213341836763205,0.7659178259620937,0.4166666666666667,0.5833333333333334,2.1295514910907563,3.242705790263025,True
D1,24,140,AutoARIMA,h1,1,ARIMA,7.3534886837005615,5.099456548690796,0.8492628207107449,0.6918942413596183,1.356885503033971,1.347741846169473,0.2759258337821107,1.0,1.0,1.8231862098899485,2.7761979479114065,True
D1,24,140,AutoARIMA,h1_6,1,ARIMA,7.3534886837005615,5.099456548690796,1.642509779752782,1.5625100725828305,2.6149135721662877,2.569499701448362,0.6416331611769175,0.5,0.5,1.9657620166670522,2.993300655275732,True
D1,24,140,AutoARIMA,h1_12,1,ARIMA,7.3534886837005615,5.099456548690796,1.6805370465710399,1.5810148150883505,2.678497166905132,2.634010738110722,0.6651392156214159,0.4166666666666667,0.5,1.9800195973447625,3.015010926012164,True
D1,24,141,AutoARIMA,h1,1,ARIMA,7.3534886837005615,5.099456548690796,1.4058296358768443,1.185575703907641,1.920881380832187,1.9026079598071042,0.48304939989113405,0.0,1.0,1.8944101141337568,2.8846518489618287,True
D1,24,141,AutoARIMA,h1_6,1,ARIMA,7.3534886837005615,5.099456548690796,2.1736631792731393,2.081935650871505,3.093044994156414,3.15068662597743,0.8548019062936316,0.16666666666666666,0.5,2.3003672259366397,3.502809936497629,True
D1,24,141,AutoARIMA,h1_12,1,ARIMA,7.3534886837005615,5.099456548690796,1.9163570439177207,1.8595747382134382,2.69652201885866,2.7082603707864656,0.7441392695555714,0.3333333333333333,0.5,2.3743571969101525,3.61547577637094,True
D1,24,142,AutoARIMA,h1,1,ARIMA,7.3534886837005615,5.099456548690796,1.9231915214817885,1.5062777627115242,3.6903000044922933,3.6234420631821007,0.7585400015899485,0.0,0.0,1.717889959561346,2.6158614817296746,True
D1,24,142,AutoARIMA,h1_6,1,ARIMA,7.3534886837005615,5.099456548690796,0.8014176725509957,0.7978161692877876,1.5472358322793847,1.5283553280986248,0.3157699577203043,0.6666666666666666,0.6666666666666666,1.717889959561346,2.6158614817296746,True
D1,24,142,AutoARIMA,h1_12,1,ARIMA,7.3534886837005615,5.099456548690796,0.812732022593287,0.7760233801852161,1.570347951152055,1.5523750747028342,0.3114249424996072,0.5833333333333334,0.75,1.717889959561346,2.6158614817296746,True
D1,24,143,AutoARIMA,h1,1,ARIMA,7.3534886837005615,5.099456548690796,1.0137772214745508,0.8533452247072477,2.2627579950643626,2.237444023303171,0.3322514838730487,0.0,1.0,1.8448073939248555,2.8091209079598713,True
D1,24,143,AutoARIMA,h1_6,1,ARIMA,7.3534886837005615,5.099456548690796,1.575789249487031,1.4630924788125246,3.4580798418216214,3.3873361173243035,0.585281205700904,0.16666666666666666,0.5,2.1796291503464884,3.3189599293673155,True
D1,24,143,AutoARIMA,h1_12,1,ARIMA,7.3534886837005615,5.099456548690796,1.0064224283404606,1.1046245724800652,2.212498542055011,2.17207414621918,0.4099193075062556,0.5,0.75,2.2352759088906518,3.4036942346402523,True
D1,24,144,AutoARIMA,h1,1,ARIMA,7.3534886837005615,5.099456548690796,0.5574172966511542,0.4394378504507389,0.8672106778735491,0.8709873254180245,0.21106470896421334,1.0,1.0,2.088917034892201,3.180830983783582,True
D1,24,144,AutoARIMA,h1_6,1,ARIMA,7.3534886837005615,5.099456548690796,1.2372711637676865,1.1434466923402626,1.8970838006645903,1.904679425604362,0.4515758650008767,0.5,1.0,2.7365090102674383,4.166930759751697,True
D1,24,144,AutoARIMA,h1_12,1,ARIMA,7.3534886837005615,5.099456548690796,1.0630809899354006,1.018524435735748,1.6176180813670944,1.6179458793788948,0.41049655153817227,0.6666666666666666,1.0,2.891049810514536,4.402252774687559,True
D1,24,145,AutoARIMA,h1,1,ARIMA,7.3534886837005615,5.099456548690796,0.3421479277196809,0.276695411740342,0.6107891144752733,0.6089294769951147,0.172205478640781,1.0,1.0,2.0362175598501158,3.1005845593239068,True
D1,24,145,AutoARIMA,h1_6,1,ARIMA,7.3534886837005615,5.099456548690796,0.7346698551962862,0.8253246963702916,1.2840142698135186,1.2697357017373472,0.3281959442605058,0.6666666666666666,1.0,2.7045139837084116,4.11821136587151,True
D1,24,145,AutoARIMA,h1_12,1,ARIMA,7.3534886837005615,5.099456548690796,0.6194965367720954,0.6714298047586827,1.086785415182023,1.0822857760098135,0.2967663686410308,0.8333333333333334,1.0,2.8723127336131724,4.373721495676528,True
D1,24,146,AutoARIMA,h1,1,ARIMA,7.3534886837005615,5.099456548690796,3.334148080207886,2.8362728178778376,5.106546453196948,4.97940854790045,1.433172443986055,0.0,0.0,1.9788515488378522,3.0132323178533373,True
D1,24,146,AutoARIMA,h1_6,1,ARIMA,7.3534886837005615,5.099456548690796,1.416557131477043,1.4780703524520775,2.203037622207004,2.1811077710387536,0.602986367005621,0.6666666666666666,0.8333333333333334,3.5724279866629325,5.43979939725058,True
D1,24,146,AutoARIMA,h1_12,1,ARIMA,7.3534886837005615,5.099456548690796,1.3846115703703201,1.3503194535597933,2.161535239826084,2.1478805656364863,0.5920133959071225,0.8333333333333334,0.9166666666666666,4.823286503187109,7.3445038250619,True
D1,24,147,AutoARIMA,h1,1,ARIMA,7.3534886837005615,5.099456548690796,0.28592430304298044,0.214910860128334,0.44166214795690995,0.442639633814116,0.1547638442095656,1.0,1.0,1.8935343154803528,2.88331825483351,True
D1,24,147,AutoARIMA,h1_6,1,ARIMA,7.3534886837005615,5.099456548690796,1.1416323230895054,1.0040377059462366,1.7414643552961309,1.7396166647178115,0.4130779513059306,0.5,0.8333333333333334,2.5038054199887263,3.8125888794221092,True
D1,24,147,AutoARIMA,h1_12,1,ARIMA,7.3534886837005615,5.099456548690796,1.547188072613434,1.43272167429087,2.334236401793267,2.3074452652005406,0.5931715264562094,0.5,0.6666666666666666,2.564832530439564,3.9055159418809686,True
D1,24,148,AutoARIMA,h1,1,ARIMA,7.3534886837005615,5.099456548690796,0.911650610287611,0.6505896602404714,1.3795479494202856,1.3700973743041487,0.3046165835335979,1.0,1.0,2.340755684597006,3.564310158166677,True
D1,24,148,AutoARIMA,h1_6,1,ARIMA,7.3534886837005615,5.099456548690796,1.045833839259567,0.7927901473664396,1.573926115778754,1.5669775992506147,0.3840555893912445,0.8333333333333334,1.0,3.246819725477099,4.943989928298047,True
D1,24,148,AutoARIMA,h1_12,1,ARIMA,7.3534886837005615,5.099456548690796,1.7305395643266241,1.3528810206277804,2.628719703119676,2.6605656185732096,0.6001444067239495,0.4166666666666667,0.9166666666666666,3.514465163878231,5.351538379918865,True
D1,24,149,AutoARIMA,h1,1,ARIMA,7.3534886837005615,5.099456548690796,0.34215553775105395,0.26740654974191347,0.546008879390492,0.544522309310942,0.1707338846705848,1.0,1.0,2.010179648402343,3.060936170181265,True
D1,24,149,AutoARIMA,h1_6,1,ARIMA,7.3534886837005615,5.099456548690796,1.5825611835380888,1.4078328998088272,2.5798671445826757,2.6236209381809856,0.5781026611566351,0.5,0.6666666666666666,2.4415037445249115,3.7177210142332147,True
D1,24,149,AutoARIMA,h1_12,1,ARIMA,7.3534886837005615,5.099456548690796,2.1552357181367956,1.8698282728661144,3.5331904390936892,3.6121887278759277,0.8280839564530439,0.3333333333333333,0.4166666666666667,2.5201786779192337,3.837520729400303,True
D1,24,150,AutoARIMA,h1,1,ARIMA,7.3534886837005615,5.099456548690796,1.1096690078577607,0.9365354548446279,2.2767578750860924,2.2511314685912467,0.3724488667895553,0.0,1.0,1.7583288624218731,2.677438515676163,True
D1,24,150,AutoARIMA,h1_6,1,ARIMA,7.3534886837005615,5.099456548690796,0.769833938804944,0.7075185063181657,1.5997319504704333,1.5935184442879484,0.2726158222311258,0.5,1.0,1.9020142656197294,2.896230825171969,True
D1,24,150,AutoARIMA,h1_12,1,ARIMA,7.3534886837005615,5.099456548690796,0.7908155521050452,0.751375531115497,1.641063893773918,1.631084504513754,0.28459749969842235,0.6666666666666666,0.9166666666666666,1.9163828059395152,2.91811005612155,True
D1,24,151,AutoARIMA,h1,1,ARIMA,7.3534886837005615,5.099456548690796,1.5592590035870837,1.1836821585485537,2.288308791019021,2.262423176796676,0.5318598817048507,0.0,1.0,2.2174695935876017,3.3765802428077016,True
D1,24,151,AutoARIMA,h1_6,1,ARIMA,7.3534886837005615,5.099456548690796,1.5326789192907133,1.3329345278643512,2.2573739477372263,2.2405877367395757,0.5589789704695013,0.6666666666666666,1.0,4.003206021370735,6.095752743910262,True
D1,24,151,AutoARIMA,h1_12,1,ARIMA,7.3534886837005615,5.099456548690796,1.8438333708357582,1.5197787432995074,2.7015769407657637,2.667405179756545,0.6668529042977734,0.8333333333333334,1.0,5.404898193732756,8.2301342521764,True
D1,24,152,AutoARIMA,h1,1,ARIMA,7.3534886837005615,5.099456548690796,1.0488062805311544,0.8019370864817824,1.8243835561986905,1.8078921129871153,0.3396586490421233,1.0,1.0,2.2014987730980113,3.3522611914518046,True
D1,24,152,AutoARIMA,h1_6,1,ARIMA,7.3534886837005615,5.099456548690796,0.8992873338871237,0.7655857611887151,1.5874859496965006,1.596601211570957,0.3895135826716777,1.0,1.0,3.974373840341023,6.051849470961902,True
D1,24,152,AutoARIMA,h1_12,1,ARIMA,7.3534886837005615,5.099456548690796,1.4302198681582061,1.2648987755642929,2.5503318329958016,2.5916310189743763,0.572177899353807,1.0,1.0,5.365970643579966,8.170858581778525,True
D1,24,153,AutoARIMA,h1,1,ARIMA,7.3534886837005615,5.099456548690796,0.33278344304958946,0.2756651560780501,0.5773019357711584,0.5756403443456648,0.1704134584065049,1.0,1.0,2.0321290171728705,3.0943588629419803,True
D1,24,153,AutoARIMA,h1_6,1,ARIMA,7.3534886837005615,5.099456548690796,2.4666522607343238,2.307301726991581,4.177425232618503,4.0697736744506665,0.8955365037909762,0.5,0.6666666666666666,3.668609996400035,5.586257447783035,True
D1,24,153,AutoARIMA,h1_12,1,ARIMA,7.3534886837005615,5.099456548690796,1.9231254618507723,1.8317667174980532,3.2737266933721356,3.205208204969895,0.7391553791006089,0.75,0.8333333333333334,4.953145912850883,7.542243049212412,True
D1,24,154,AutoARIMA,h1,1,ARIMA,7.3534886837005615,5.099456548690796,1.0516905385342008,0.859789418302863,2.328796135061739,2.3019917871771294,0.3485935283343993,0.0,1.0,1.7972559927639968,2.736713546820903,True
D1,24,154,AutoARIMA,h1_6,1,ARIMA,7.3534886837005615,5.099456548690796,1.1558993160891742,1.0469958533373385,2.5492199527175083,2.510049540156178,0.4286576491641924,0.16666666666666666,0.6666666666666666,1.7972559927639968,2.736713546820903,True
D1,24,154,AutoARIMA,h1_12,1,ARIMA,7.3534886837005615,5.099456548690796,1.0401781603369584,0.9515325782795532,2.3023243341174062,2.2752326447695315,0.3804809529112343,0.25,0.6666666666666666,1.7972559927639968,2.736713546820903,True
D1,24,155,AutoARIMA,h1,1,ARIMA,7.3534886837005615,5.099456548690796,0.28668474643799596,0.23783186127258787,0.4650695009407446,0.463990561646015,0.14899606478985813,1.0,1.0,1.7893283836033653,2.7246420358780212,True
D1,24,155,AutoARIMA,h1_6,1,ARIMA,7.3534886837005615,5.099456548690796,0.6006915918636802,0.6093757573420909,0.9699957209980675,0.9633800660153206,0.23570017272176055,0.8333333333333334,1.0,1.7893283836033653,2.7246420358780212,True
D1,24,155,AutoARIMA,h1_12,1,ARIMA,7.3534886837005615,5.099456548690796,0.9501611579784736,1.1454252138585836,1.5635467254752617,1.5833510581488968,0.3978084640525159,0.6666666666666666,0.75,1.7893283836033653,2.7246420358780212,True
D1,24,156,AutoARIMA,h1,1,ARIMA,7.3534886837005615,5.099456548690796,0.5894875201334735,0.5064847751136167,1.2518731212874799,1.2597584097498886,0.2090704080120095,1.0,1.0,1.9591689674855735,2.983261302460962,True
D1,24,156,AutoARIMA,h1_6,1,ARIMA,7.3534886837005615,5.099456548690796,1.0168576118568284,1.0637964221661869,2.180571364960349,2.216482195812765,0.3931311090111313,0.8333333333333334,1.0,3.5368949500822313,5.385692612818305,True
D1,24,156,AutoARIMA,h1_12,1,ARIMA,7.3534886837005615,5.099456548690796,1.2820501616895075,1.4196974188904767,2.7681086362603664,2.8341874325683247,0.5477401157646791,0.8333333333333334,1.0,4.775311843824684,7.271451961159441,True
D1,24,157,AutoARIMA,h1,1,ARIMA,7.3534886837005615,5.099456548690796,1.4033229436126002,1.1363618607810329,2.4563328076553668,2.426530969509378,0.4758790889114274,0.0,1.0,2.0787707792388352,3.16538110051271,True
D1,24,157,AutoARIMA,h1_6,1,ARIMA,7.3534886837005615,5.099456548690796,0.5626965207883391,0.6503356758033184,0.9968872954661223,0.996835695745058,0.357314944359105,0.8333333333333334,1.0,3.7528125411788915,5.714474154752363,True
D1,24,157,AutoARIMA,h1_12,1,ARIMA,7.3534886837005615,5.099456548690796,1.2110890595286539,1.2679730285302095,2.180293019633577,2.2161489855675596,0.5433101068210433,0.75,1.0,5.066831338920237,7.715353861947347,True
D1,24,158,AutoARIMA,h1,1,ARIMA,7.3534886837005615,5.099456548690796,3.3864568251694442,2.6113480941716802,6.445463219629548,6.244228494159218,1.4927884879065347,0.0,0.0,1.6957595073376972,2.5821630499861863,True
D1,24,158,AutoARIMA,h1_6,1,ARIMA,7.3534886837005615,5.099456548690796,2.2332965749457183,1.8944416305209126,4.326345281626856,4.373863632871721,0.8879410490545733,0.16666666666666666,0.3333333333333333,2.2422893584542427,3.4143737385661814,True
D1,24,158,AutoARIMA,h1_12,1,ARIMA,7.3534886837005615,5.099456548690796,2.301622544443965,1.9750566626151742,4.484038555900929,4.578490725091014,0.9221396929567242,0.16666666666666666,0.3333333333333333,2.296942343565897,3.4975948074241807,True
D1,24,159,AutoARIMA,h1,1,ARIMA,7.3534886837005615,5.099456548690796,1.7086908104383192,1.3722432182694264,3.14593979141322,3.196215295818414,0.6473481644164562,0.0,0.0,1.7512356365500916,2.666637534952138,True
D1,24,159,AutoARIMA,h1_6,1,ARIMA,7.3534886837005615,5.099456548690796,1.1619803967042177,0.9959273457737868,2.1134714783372788,2.121358999078273,0.41654635074041274,0.16666666666666666,0.5,1.7512356365500916,2.666637534952138,True
D1,24,159,AutoARIMA,h1_12,1,ARIMA,7.3534886837005615,5.099456548690796,1.0571727358535556,1.023429707675942,1.9150372594484604,1.9146812018398716,0.4074931435262699,0.4166666666666667,0.5833333333333334,1.7512356365500916,2.666637534952138,True
D1,24,160,AutoARIMA,h1,1,ARIMA,7.3534886837005615,5.099456548690796,0.582846963640001,0.48876141688129854,0.780458011803635,0.7774242767767299,0.21069323329233777,1.0,1.0,2.007423773232567,3.0567397502272775,True
D1,24,160,AutoARIMA,h1_6,1,ARIMA,7.3534886837005615,5.099456548690796,1.4411904785928855,1.3399988638328542,1.9597546136629789,1.9828073638220516,0.5051539227956868,0.8333333333333334,0.8333333333333334,3.6240095285572074,5.518343525096765,True
D1,24,160,AutoARIMA,h1_12,1,ARIMA,7.3534886837005615,5.099456548690796,1.5193808674223923,1.4145549266884623,2.050778009977574,2.0598122693472116,0.5746357939334164,0.9166666666666666,0.9166666666666666,4.892928930063473,7.450549582501783,True
D1,24,161,AutoARIMA,h1,1,ARIMA,7.3534886837005615,5.099456548690796,1.3213177479568832,0.9682540901622793,1.5520524070713724,1.5401008211384695,0.44393627293925575,0.0,1.0,2.080315375715919,3.167733084937997,True
D1,24,161,AutoARIMA,h1_6,1,ARIMA,7.3534886837005615,5.099456548690796,3.0161265200749114,2.5341424649615387,3.538973507585388,3.4594852463824886,1.2350851959286488,0.0,0.3333333333333333,2.43251638942858,3.7040358093757964,True
D1,24,161,AutoARIMA,h1_12,1,ARIMA,7.3534886837005615,5.099456548690796,2.3763426349653027,2.0818200954350154,2.802965364485162,2.753022824902143,0.9503615320962475,0.16666666666666666,0.5,2.4677364907998465,3.757666081819577,True
D1,24,162,AutoARIMA,h1,1,ARIMA,7.3534886837005615,5.099456548690796,0.3056575242969959,0.25745754634534834,0.5756909620034977,0.5773528460803751,0.1474047571248479,1.0,1.0,1.705295016080268,2.596682938113784,True
D1,24,162,AutoARIMA,h1_6,1,ARIMA,7.3534886837005615,5.099456548690796,1.3418045846506168,1.408154095190768,2.475307312813924,2.4305620865313875,0.5319498574466925,0.5,0.6666666666666666,1.89944362803218,2.89231646976676,True
D1,24,162,AutoARIMA,h1_12,1,ARIMA,7.3534886837005615,5.099456548690796,1.32282029211471,1.3950460408098466,2.4398379344318752,2.3951244043401636,0.5377087551665046,0.5,0.5833333333333334,1.9188584892273712,2.921879822932057,True
D1,24,163,AutoARIMA,h1,1,ARIMA,7.3534886837005615,5.099456548690796,1.7768626619398256,1.2071598878282024,2.7152804863760927,2.752651592145821,0.6077372874338764,0.0,1.0,2.4777336662944194,3.772888958091019,True
D1,24,163,AutoARIMA,h1_6,1,ARIMA,7.3534886837005615,5.099456548690796,1.9251847551533507,1.6123339209191963,2.943587372200486,2.9880371771393093,0.7842749537311852,0.5,0.8333333333333334,4.473061710043668,6.811210326702669,True
D1,24,163,AutoARIMA,h1_12,1,ARIMA,7.3534886837005615,5.099456548690796,1.8830497199496024,1.4737843891354503,2.838409053709924,2.840192240005054,0.7705273583441894,0.75,0.9166666666666666,6.039270281870718,9.196103871597332,True
D1,24,164,AutoARIMA,h1,1,ARIMA,7.3534886837005615,5.099456548690796,1.9665419144944758,1.6353029590102135,2.9263325488678182,2.9697854479654953,0.7657363079412556,0.0,0.0,1.8403840967724021,2.8023854750068087,True
D1,24,164,AutoARIMA,h1_6,1,ARIMA,7.3534886837005615,5.099456548690796,1.4793787787546517,1.453398596560494,2.2004977284577945,2.2352264298499724,0.5637319660586061,0.5,0.6666666666666666,2.1107825150375623,3.214125937848265,True
D1,24,164,AutoARIMA,h1_12,1,ARIMA,7.3534886837005615,5.099456548690796,1.0724724948266688,1.1321557110005251,1.5907582020982107,1.6115315454342294,0.4158383982927526,0.6666666666666666,0.8333333333333334,2.1515760044183367,3.276242906972277,True
D1,24,165,AutoARIMA,h1,1,ARIMA,7.3534886837005615,5.099456548690796,2.3038955261619942,1.7183978371110167,3.7410959082112254,3.6724018701623673,0.8851821601898053,0.0,0.0,2.2568872347148785,3.4366021834166385,True
D1,24,165,AutoARIMA,h1_6,1,ARIMA,7.3534886837005615,5.099456548690796,1.7766599646582302,1.43104086540291,2.890481140345752,2.8427822733000987,0.6230674815193442,0.8333333333333334,0.8333333333333334,4.07436683402189,6.204110574274604,True
D1,24,165,AutoARIMA,h1_12,1,ARIMA,7.3534886837005615,5.099456548690796,2.6958599322823624,2.2164753205169556,4.343653450327923,4.232943238807117,0.9149727254017547,0.5833333333333334,0.9166666666666666,5.500975424259879,8.376432753549174,True
D1,24,166,AutoARIMA,h1,1,ARIMA,7.3534886837005615,5.099456548690796,1.1979025154019909,0.9204112524402966,1.4180205988860182,1.4080374682163477,0.3948507923160023,0.0,1.0,2.112770660780891,3.2171533226007716,True
D1,24,166,AutoARIMA,h1_6,1,ARIMA,7.3534886837005615,5.099456548690796,2.513504967462702,2.2301284726890453,2.9757963329521093,2.9180160993747624,1.041400023756371,0.16666666666666666,0.3333333333333333,2.5536529911639865,3.8884926593292004,True
D1,24,166,AutoARIMA,h1_12,1,ARIMA,7.3534886837005615,5.099456548690796,3.3426244166096364,2.7963701040160305,3.9570827122246874,3.866598535754575,1.403365250991535,0.08333333333333333,0.16666666666666666,2.6327470291134,4.008930552428685,True
D1,24,167,AutoARIMA,h1,1,ARIMA,7.3534886837005615,5.099456548690796,1.0258695367675288,0.7958873913126293,2.0739747602485594,2.0526886381180303,0.33258955105363563,1.0,1.0,2.169709681629459,3.30385537858298,True
D1,24,167,AutoARIMA,h1_6,1,ARIMA,7.3534886837005615,5.099456548690796,1.8276494620945978,1.736285788103343,3.632394165522735,3.537286982898926,0.7440994922317758,0.6666666666666666,0.6666666666666666,3.916984876474819,5.964462278773927,True
D1,24,167,AutoARIMA,h1_12,1,ARIMA,7.3534886837005615,5.099456548690796,1.4808168991227753,1.4163331242694248,2.967646394237082,2.9137917629944403,0.6640467067303911,0.8333333333333334,0.8333333333333334,5.288487370052506,8.052873428206427,True
D1,24,168,AutoARIMA,h1,1,ARIMA,7.3534886837005615,5.099456548690796,0.8956733670699257,0.7280100104256542,1.7757446913526331,1.791652276445876,0.29266783236533556,1.0,1.0,1.9985906073879287,3.043289332075578,True
D1,24,168,AutoARIMA,h1_6,1,ARIMA,7.3534886837005615,5.099456548690796,0.6890745515165423,0.6558672476931114,1.3226268901152882,1.3174624972224402,0.2804811126548106,0.8333333333333334,1.0,2.534788696070476,3.859767662922733,True
D1,24,168,AutoARIMA,h1_12,1,ARIMA,7.3534886837005615,5.099456548690796,1.2953431514269864,1.2685850893958244,2.4330453311714364,2.3962944557241674,0.487017408168084,0.5833333333333334,0.75,2.648587663577206,4.033051367216267,True
D1,24,169,AutoARIMA,h1,1,ARIMA,7.3534886837005615,5.099456548690796,0.31365765700244036,0.27681886477823264,0.6104173490461743,0.6085599712243226,0.16016649676118272,1.0,1.0,1.9073310473112253,2.904326782864784,True
D1,24,169,AutoARIMA,h1_6,1,ARIMA,7.3534886837005615,5.099456548690796,0.6290966722447443,0.7386727929405479,1.2409487337529825,1.2542112801083396,0.3407520911303982,0.8333333333333334,1.0,3.4433117619395945,5.243191833977794,True
D1,24,169,AutoARIMA,h1_12,1,ARIMA,7.3534886837005615,5.099456548690796,0.5944679012937156,0.6809310683202471,1.162281388257938,1.164388935112206,0.4053062842503169,0.9166666666666666,1.0,4.648961213391055,7.079055617316797,True
D1,24,170,AutoARIMA,h1,1,ARIMA,7.3534886837005615,5.099456548690796,0.6284993039606371,0.4962580694719791,0.9835790649302822,0.9884401099255832,0.22534344293302622,1.0,1.0,2.1319062821879844,3.2462914723927194,True
D1,24,170,AutoARIMA,h1_6,1,ARIMA,7.3534886837005615,5.099456548690796,1.0740638932183593,0.9206139833342791,1.6586380280703927,1.644978405041615,0.4155808825949799,1.0,1.0,3.848738260282197,5.860541946995377,True
D1,24,170,AutoARIMA,h1_12,1,ARIMA,7.3534886837005615,5.099456548690796,0.8144570230371444,0.7796914836522358,1.2602781622029735,1.2524417511241992,0.4682641035105156,1.0,1.0,5.196344719732063,7.912566181833513,True
D1,24,171,AutoARIMA,h1,1,ARIMA,7.3534886837005615,5.099456548690796,0.24122990183346502,0.1895973895830936,0.49835389852490153,0.4995987835322595,0.15583593527496614,1.0,1.0,1.9434457933128086,2.959319346539895,True
D1,24,171,AutoARIMA,h1_6,1,ARIMA,7.3534886837005615,5.099456548690796,0.4798570679511925,0.4461050214582254,0.9784671315154021,0.9756273117264717,0.21499912170400393,1.0,1.0,2.168213684835635,3.3015773977565708,True
D1,24,171,AutoARIMA,h1_12,1,ARIMA,7.3534886837005615,5.099456548690796,0.5258532123591683,0.4699492940481657,1.0767847668511796,1.079351833901441,0.2223077159891141,1.0,1.0,2.1992933340962626,3.348902930404364,True
D1,24,172,AutoARIMA,h1,1,ARIMA,7.3534886837005615,5.099456548690796,0.20319143535374962,0.16732567599829853,0.3423916980453474,0.342978863622895,0.16110408835892742,1.0,1.0,2.044161391771009,3.1126807729512955,True
D1,24,172,AutoARIMA,h1_6,1,ARIMA,7.3534886837005615,5.099456548690796,1.199726025309569,1.0846100085622752,1.9941344025176517,1.9707197350096148,0.4327626636434679,1.0,1.0,3.6903320865616944,5.61933405937872,True
D1,24,172,AutoARIMA,h1_12,1,ARIMA,7.3534886837005615,5.099456548690796,1.8860111661030106,1.740441658027929,3.1109079215389603,3.0518273023444658,0.6474051045988358,1.0,1.0,4.98247382784004,7.586901185045024,True
D1,24,173,AutoARIMA,h1,1,ARIMA,7.3534886837005615,5.099456548690796,0.4423959021105693,0.35957360181102926,0.6375376320778596,0.6395764022028261,0.19088746125433698,1.0,1.0,2.0711145731827085,3.1537228598862255,True
D1,24,173,AutoARIMA,h1_6,1,ARIMA,7.3534886837005615,5.099456548690796,1.1234063768894837,1.2673506420406049,1.5925678453770429,1.5722633417886938,0.5125930424766862,0.6666666666666666,0.8333333333333334,3.738990764197889,5.693427490027168,True
D1,24,173,AutoARIMA,h1_12,1,ARIMA,7.3534886837005615,5.099456548690796,0.9801432484312241,1.1517215301816681,1.389976675200201,1.372705946346838,0.5352402790354953,0.8333333333333334,0.9166666666666666,5.048169971746027,7.686937867479403,True
D1,24,174,AutoARIMA,h1,1,ARIMA,7.3534886837005615,5.099456548690796,2.345961779945708,1.9422095595699855,4.552870736526519,4.658928226455553,0.9326504620815931,0.0,0.0,2.0332406762448496,3.0960516059090213,True
D1,24,174,AutoARIMA,h1_6,1,ARIMA,7.3534886837005615,5.099456548690796,1.6383210135705808,1.4280875879798205,3.16334159618519,3.2200180953133253,0.596076613579493,0.6666666666666666,0.8333333333333334,3.6706168786154785,5.589313362893618,True
D1,24,174,AutoARIMA,h1_12,1,ARIMA,7.3534886837005615,5.099456548690796,2.0486105566413633,1.8221400597317687,3.9767619917797843,4.070988839748253,0.7176590272566992,0.75,0.9166666666666666,4.95585548962594,7.546368969780381,True
D1,24,175,AutoARIMA,h1,1,ARIMA,7.3534886837005615,5.099456548690796,0.79572336122783,0.6884014010951391,1.431479406807173,1.4417989342226545,0.25826640745051155,0.0,1.0,1.5230229388053809,2.319134016260871,True
D1,24,175,AutoARIMA,h1_6,1,ARIMA,7.3534886837005615,5.099456548690796,0.414371749910942,0.4930754214430332,0.7412952663219646,0.7464472325840236,0.1927541315595202,0.6666666666666666,1.0,1.6505186173799906,2.5132739451975623,True
D1,24,175,AutoARIMA,h1_12,1,ARIMA,7.3534886837005615,5.099456548690796,0.480198599116843,0.5323711060156802,0.8476768507261457,0.8503362123171647,0.2069701312433713,0.75,1.0,1.7889386336692499,2.7240485567471433,True
D1,24,176,AutoARIMA,h1,1,ARIMA,7.3534886837005615,5.099456548690796,1.0184206835847207,0.8304851868817078,1.7443946024274428,1.7597430336754565,0.34291171142621774,0.0,1.0,1.5813236591963227,2.407909556264994,True
D1,24,176,AutoARIMA,h1_6,1,ARIMA,7.3534886837005615,5.099456548690796,1.0353766859067774,0.961525136829259,1.7821565739325325,1.8017927578021602,0.37681828580248133,0.5,0.8333333333333334,2.0909717433072834,3.1839597246958307,True
D1,24,176,AutoARIMA,h1_12,1,ARIMA,7.3534886837005615,5.099456548690796,0.9485351574912232,0.9458201737738814,1.6345523065200633,1.654114641045919,0.3637138407417934,0.6666666666666666,0.8333333333333334,2.1419365517183797,3.2615647415389146,True
D1,24,177,AutoARIMA,h1,1,ARIMA,7.3534886837005615,5.099456548690796,1.521164890489057,1.3124906594753467,2.6302381018077687,2.5960963442053053,0.562918104797237,0.0,0.0,1.672277542077959,2.5464066453943865,True
D1,24,177,AutoARIMA,h1_6,1,ARIMA,7.3534886837005615,5.099456548690796,1.717840078736334,1.625025407134378,2.98516265083202,2.9325802693198617,0.6743862680103583,0.16666666666666666,0.16666666666666666,2.0797376964155667,3.1668534424310986,True
D1,24,177,AutoARIMA,h1_12,1,ARIMA,7.3534886837005615,5.099456548690796,1.2641739394384197,1.3106314444559728,2.208988848742038,2.1810016748823946,0.5017522789752143,0.3333333333333333,0.5833333333333334,2.1204837118493276,3.22889812213477,True
D1,24,178,AutoARIMA,h1,1,ARIMA,7.3534886837005615,5.099456548690796,1.4663307660615281,1.1222263396147938,1.930596953269885,1.9121391036313902,0.5043982824330477,0.0,1.0,1.9592611348208528,2.983401647295559,True
D1,24,178,AutoARIMA,h1_6,1,ARIMA,7.3534886837005615,5.099456548690796,3.097080149131659,2.8989276911037503,4.243150355311299,4.3804920158419325,1.330792763630313,0.16666666666666666,0.3333333333333333,1.9592611348208528,2.983401647295559,True
D1,24,178,AutoARIMA,h1_12,1,ARIMA,7.3534886837005615,5.099456548690796,3.0723972180437666,2.665304661241727,4.192265949820405,4.307862612790686,1.311531955611586,0.08333333333333333,0.16666666666666666,1.9592611348208528,2.983401647295559,True
D1,24,179,AutoARIMA,h1,1,ARIMA,7.3534886837005615,5.099456548690796,1.561051247297339,1.1199302870512513,2.344664949880892,2.3724782832564166,0.5392590682978119,0.0,0.0,2.041160490833891,3.1081112479195996,True
D1,24,179,AutoARIMA,h1_6,1,ARIMA,7.3534886837005615,5.099456548690796,1.5186916947714852,1.2086484837580105,2.2830899751070453,2.315296868091475,0.5574253956135234,0.16666666666666666,0.6666666666666666,2.2151572542495073,3.373059202723867,True
D1,24,179,AutoARIMA,h1_12,1,ARIMA,7.3534886837005615,5.099456548690796,0.969445070090566,0.8933403633107393,1.4518483484068394,1.4668996003901473,0.38421423300859536,0.5833333333333334,0.8333333333333334,2.23726700113064,3.4067261060754164,True
D1,24,180,AutoARIMA,h1,1,ARIMA,7.3534886837005615,5.099456548690796,0.21088307361662958,0.18642597141946435,0.3805670198498631,0.3798442388998368,0.15127171248317703,1.0,1.0,1.9041729670899121,2.8995179181519104,True
D1,24,180,AutoARIMA,h1_6,1,ARIMA,7.3534886837005615,5.099456548690796,0.8790342452452667,0.8477730170860589,1.5816311585573406,1.574204625319112,0.3477077322993048,1.0,1.0,3.437610468088934,5.234510372806812,True
D1,24,180,AutoARIMA,h1_12,1,ARIMA,7.3534886837005615,5.099456548690796,0.7131577617186904,0.8100038058230541,1.2814718675957073,1.2738384499957893,0.4141930568619384,1.0,1.0,4.641263654816538,7.067334408477802,True
D1,24,181,AutoARIMA,h1,1,ARIMA,7.3534886837005615,5.099456548690796,2.0177383326507905,1.5751472911415523,3.5983793530360546,3.664307189709211,0.8197270838745351,0.0,0.0,1.600177634613742,2.43661883871782,True
D1,24,181,AutoARIMA,h1_6,1,ARIMA,7.3534886837005615,5.099456548690796,2.291050956723099,1.862365749775995,4.1029635123573165,4.196632212472799,0.9597859737611515,0.0,0.16666666666666666,1.600177634613742,2.43661883871782,True
D1,24,181,AutoARIMA,h1_12,1,ARIMA,7.3534886837005615,5.099456548690796,2.498942911400486,2.2376668666458346,4.508233080814431,4.648138629491325,1.084546589584805,0.16666666666666666,0.25,1.600177634613742,2.43661883871782,True
D1,24,182,AutoARIMA,h1,1,ARIMA,7.3534886837005615,5.099456548690796,1.2933036159542044,1.0327952122342299,2.1904339456617463,2.1667038374826584,0.43886878458623657,0.0,1.0,1.9069229342490595,2.9037053418734318,True
D1,24,182,AutoARIMA,h1_6,1,ARIMA,7.3534886837005615,5.099456548690796,1.2110639155832101,1.0520226402030224,2.055243747408839,2.030607613588445,0.42946084311292526,0.3333333333333333,0.8333333333333334,2.180626510460451,3.320478627285656,True
D1,24,182,AutoARIMA,h1_12,1,ARIMA,7.3534886837005615,5.099456548690796,1.10679671278241,0.976954043320819,1.8995421999625062,1.8965656900645178,0.3945737123774,0.4166666666666667,0.9166666666666666,2.2215292452110402,3.3827619462700644,True
D1,24,183,AutoARIMA,h1,1,ARIMA,7.3534886837005615,5.099456548690796,0.3942256198613263,0.33861955990476855,0.5442084300740688,0.5427316344204713,0.17656259627381046,1.0,1.0,1.9598025329333915,2.984226043794885,True
D1,24,183,AutoARIMA,h1_6,1,ARIMA,7.3534886837005615,5.099456548690796,2.246574004598833,2.1365156356247383,3.1697637789465003,3.232384746940628,0.7926299875723448,0.3333333333333333,0.6666666666666666,3.5380387281177974,5.3874342639003405,True
D1,24,183,AutoARIMA,h1_12,1,ARIMA,7.3534886837005615,5.099456548690796,1.9681540251944425,1.992269795038429,2.768582850811679,2.8151019608820405,0.7585999593485064,0.5833333333333334,0.8333333333333334,4.776856107049074,7.273803438134931,True
D1,24,184,AutoARIMA,h1,1,ARIMA,7.3534886837005615,5.099456548690796,0.4766232229918884,0.3722456857238253,0.9188336392156107,0.9146316674976668,0.19474464700819102,1.0,1.0,2.038455989291639,3.1039930554985835,True
D1,24,184,AutoARIMA,h1_6,1,ARIMA,7.3534886837005615,5.099456548690796,0.861164569316948,0.8511994569589194,1.7160716382312253,1.7387499499869934,0.34036485809656586,0.6666666666666666,1.0,2.4423048842837036,3.7189409239397992,True
D1,24,184,AutoARIMA,h1_12,1,ARIMA,7.3534886837005615,5.099456548690796,0.81103340294294,0.7831421038743203,1.602971657661444,1.6072221788029781,0.3224219996826627,0.75,1.0,2.512633383537946,3.826031375946399,True
D1,24,185,AutoARIMA,h1,1,ARIMA,7.3534886837005615,5.099456548690796,0.5104546108454789,0.41498772913703297,0.7714335006119438,0.7684693854712081,0.18666027572274377,1.0,1.0,1.7958558573143757,2.734581535761933,True
D1,24,185,AutoARIMA,h1_6,1,ARIMA,7.3534886837005615,5.099456548690796,1.1506033181967708,1.0525051006101627,1.7303248074660698,1.7117001697395817,0.4113292625145981,0.6666666666666666,0.8333333333333334,1.9397125178023635,2.953634621768021,True
D1,24,185,AutoARIMA,h1_12,1,ARIMA,7.3534886837005615,5.099456548690796,1.0644803827063434,1.0271797747871454,1.6181743229862346,1.6179801427602405,0.40172421189583424,0.5833333333333334,0.6666666666666666,1.9577332043156286,2.98107504044095,True
D1,24,186,AutoARIMA,h1,1,ARIMA,7.3534886837005615,5.099456548690796,0.9497774254859839,0.651869644567385,1.4119159506706038,1.402018290731525,0.30959810458521597,1.0,1.0,2.085212048034897,3.1751893346451348,True
D1,24,186,AutoARIMA,h1_6,1,ARIMA,7.3534886837005615,5.099456548690796,1.0251300098285745,0.9392842638951995,1.5286575448223745,1.5466109024707226,0.4219101206783034,0.6666666666666666,0.8333333333333334,2.358269735857836,3.5909791143633654,True
D1,24,186,AutoARIMA,h1_12,1,ARIMA,7.3534886837005615,5.099456548690796,2.287625360369097,2.154593222947904,3.2813818751766504,3.204706689994568,0.9967844322364436,0.4166666666666667,0.5833333333333334,2.38557550464013,3.632558092335189,True
D1,24,187,AutoARIMA,h1,1,ARIMA,7.3534886837005615,5.099456548690796,2.5523600656794647,2.114986161103625,3.91872359969467,3.8434171522055736,1.0906428479821653,0.0,0.0,1.5696795221412947,2.3901788224419636,True
D1,24,187,AutoARIMA,h1_6,1,ARIMA,7.3534886837005615,5.099456548690796,0.6737295150906728,0.9074984419728386,1.0407842583371807,1.0270106591300308,0.30537035234247156,0.8333333333333334,0.8333333333333334,1.5696795221412947,2.3901788224419636,True
D1,24,187,AutoARIMA,h1_12,1,ARIMA,7.3534886837005615,5.099456548690796,1.084350907047965,1.089097442052231,1.6857311642078499,1.673931835561261,0.4336596584937664,0.4166666666666667,0.4166666666666667,1.5696795221412947,2.3901788224419636,True
D1,24,188,AutoARIMA,h1,1,ARIMA,7.3534886837005615,5.099456548690796,1.5164858316991052,1.209161705471826,2.0294801083184586,2.009093036551249,0.5187967835802197,0.0,1.0,2.11120901874116,3.2147753825952172,True
D1,24,188,AutoARIMA,h1_6,1,ARIMA,7.3534886837005615,5.099456548690796,1.524474673776052,1.524408511336456,2.0448887388555237,2.0299355021565533,0.6022522975520735,0.5,0.8333333333333334,3.811373414380438,5.80364583405102,True
D1,24,188,AutoARIMA,h1_12,1,ARIMA,7.3534886837005615,5.099456548690796,2.628558393511321,2.6422090997870695,3.465097571804756,3.3826554972604748,0.980783146315762,0.5,0.75,5.145896856932738,7.835748327233546,True
D1,24,189,AutoARIMA,h1,1,ARIMA,7.3534886837005615,5.099456548690796,0.458583083676277,0.40371756842809264,0.9731250397205149,0.9684131045165224,0.17288086171133646,1.0,1.0,1.7050919147601271,2.5963736721347437,True
D1,24,189,AutoARIMA,h1_6,1,ARIMA,7.3534886837005615,5.099456548690796,0.7594260122898294,0.846678638786711,1.6484906604909224,1.6628873557817423,0.30035589723334716,0.6666666666666666,0.8333333333333334,1.8852549519542952,2.870711121285437,True
D1,24,189,AutoARIMA,h1_12,1,ARIMA,7.3534886837005615,5.099456548690796,1.312405856917993,1.3282375793675947,2.7974082114363736,2.7649198904092827,0.5043869034090112,0.3333333333333333,0.5,1.9094843485581618,2.9076056528291185,True
D1,24,190,AutoARIMA,h1,1,ARIMA,7.3534886837005615,5.099456548690796,0.8461367890713792,0.6963986914914917,1.397222298386696,1.3875288670233945,0.2745922260808863,1.0,1.0,1.801989895585073,2.74392194452938,True
D1,24,190,AutoARIMA,h1_6,1,ARIMA,7.3534886837005615,5.099456548690796,1.9367793021123996,1.6761794071976692,3.1680891547893038,3.1137213628617677,0.7467798935910362,0.16666666666666666,0.3333333333333333,1.9720124913475623,3.00281836382759,True
D1,24,190,AutoARIMA,h1_12,1,ARIMA,7.3534886837005615,5.099456548690796,1.5167257473035027,1.4116172589712377,2.5046952146735117,2.48541816533054,0.575058074804385,0.4166666666666667,0.5833333333333334,1.9941708676706489,3.036559316092095,True
D1,24,191,AutoARIMA,h1,1,ARIMA,7.3534886837005615,5.099456548690796,1.4161722730996569,1.0748873518013113,1.8642868056600266,1.8470694694548162,0.4846485383609483,0.0,1.0,1.9665118910873614,2.9944425023429866,True
D1,24,191,AutoARIMA,h1_6,1,ARIMA,7.3534886837005615,5.099456548690796,1.7279396826951814,1.4996827409863172,2.2802852735589307,2.2470491670188815,0.6555213358256788,0.3333333333333333,0.6666666666666666,2.1450126461645,3.266248765059129,True
D1,24,191,AutoARIMA,h1_12,1,ARIMA,7.3534886837005615,5.099456548690796,1.513042872985792,1.3042645597673321,2.012922463993438,1.9979184432352965,0.5596553647530603,0.3333333333333333,0.5833333333333334,2.1680455965746135,3.3013214467830463,True
D1,24,192,AutoARIMA,h1,1,ARIMA,7.3534886837005615,5.099456548690796,0.31898272850885045,0.25710374908743483,0.6422233184442403,0.6442922158688558,0.16299941041148433,1.0,1.0,1.9417227197314328,2.956695591865385,True
D1,24,192,AutoARIMA,h1_6,1,ARIMA,7.3534886837005615,5.099456548690796,0.7173663470630268,0.6709962039712888,1.4585249451113316,1.473045816673227,0.2783236592437012,0.6666666666666666,1.0,2.3435992371129877,3.5686400859693572,True
D1,24,192,AutoARIMA,h1_12,1,ARIMA,7.3534886837005615,5.099456548690796,0.9671796200793865,0.9364921482960644,1.9570185379601825,1.9648937285734949,0.36459230286250593,0.6666666666666666,0.9166666666666666,2.415350152895887,3.677896476828784,True
D1,24,193,AutoARIMA,h1,1,ARIMA,7.3534886837005615,5.099456548690796,2.6536736019744036,2.086419478014757,3.885170266447625,3.962138173565086,1.0737687255125707,0.0,0.0,2.141003573408662,3.2601440789347,True
D1,24,193,AutoARIMA,h1_6,1,ARIMA,7.3534886837005615,5.099456548690796,1.367608168965131,1.263799907359193,1.9911842247882106,2.01910533192126,0.5656886619412679,0.6666666666666666,0.8333333333333334,3.8651616336164194,5.885550108586834,True
D1,24,193,AutoARIMA,h1_12,1,ARIMA,7.3534886837005615,5.099456548690796,2.394007122233317,2.3239496098110974,3.5314663058073505,3.6315840032614477,0.885286231002,0.5833333333333334,0.8333333333333334,5.218518612455859,7.946330761196322,True
D1,24,194,AutoARIMA,h1,1,ARIMA,7.3534886837005615,5.099456548690796,0.242437435384466,0.1908032541200009,0.4237062172049589,0.4228104800594558,0.16416461674920857,1.0,1.0,2.056171221488401,3.1309683534712263,True
D1,24,194,AutoARIMA,h1_6,1,ARIMA,7.3534886837005615,5.099456548690796,0.8562502664125948,0.8603741752078774,1.5194698086381442,1.5182434915509322,0.3452898296658579,0.6666666666666666,1.0,2.5555960553205823,3.891451397550741,True
D1,24,194,AutoARIMA,h1_12,1,ARIMA,7.3534886837005615,5.099456548690796,1.0147435154464075,0.9827639177589336,1.813513116575954,1.8176170452445974,0.3928753911567162,0.6666666666666666,0.9166666666666666,2.654265431248459,4.0416970046569975,True
D1,24,195,AutoARIMA,h1,1,ARIMA,7.3534886837005615,5.099456548690796,1.2066230837137695,1.0220518622522476,2.7825354691818887,2.8217941811609455,0.40455323212909255,0.0,1.0,1.9249694177262962,2.9311850420405268,True
D1,24,195,AutoARIMA,h1_6,1,ARIMA,7.3534886837005615,5.099456548690796,0.447165198918754,0.49271418766575953,1.0114879216814947,1.01655452017469,0.24459501246396706,0.8333333333333334,1.0,2.515544038306775,3.830463481538502,True
D1,24,195,AutoARIMA,h1_12,1,ARIMA,7.3534886837005615,5.099456548690796,0.5086140818807565,0.5407675400774851,1.1311353149941303,1.1289089907351868,0.2576032271961427,0.9166666666666666,1.0,2.655214074644245,4.0431415207653325,True
D1,24,196,AutoARIMA,h1,1,ARIMA,7.3534886837005615,5.099456548690796,1.546914807772545,1.2432805892959977,2.8175771732804344,2.778434899528646,0.5367917535495227,0.0,0.0,2.0022359680245816,3.0488401873112947,True
D1,24,196,AutoARIMA,h1_6,1,ARIMA,7.3534886837005615,5.099456548690796,0.7495034713335583,0.7430547613312983,1.3897553342715034,1.3780063834135332,0.3144576163986718,0.8333333333333334,0.8333333333333334,2.503864769706723,3.8126792522893544,True
D1,24,196,AutoARIMA,h1_12,1,ARIMA,7.3534886837005615,5.099456548690796,0.6310377385470688,0.6309190768947834,1.1798336576680926,1.17348583510875,0.2837891898446594,0.9166666666666666,0.9166666666666666,2.605129374671515,3.966876660636517,True
D1,24,197,AutoARIMA,h1,1,ARIMA,7.3534886837005615,5.099456548690796,0.6031021908571433,0.4830140004712231,1.1181187818544864,1.1244048728884126,0.21246246451603387,1.0,1.0,1.9790208809478778,3.0134901628577846,True
D1,24,197,AutoARIMA,h1_6,1,ARIMA,7.3534886837005615,5.099456548690796,1.0394072481258891,1.0168789847182367,1.933331724876024,1.9520619723397612,0.3988040730874798,0.5,0.8333333333333334,2.382657888461812,3.6281153864814937,True
D1,24,197,AutoARIMA,h1_12,1,ARIMA,7.3534886837005615,5.099456548690796,0.9112414677413153,0.9267532989582116,1.682453823826429,1.6865242044624738,0.36285564445410695,0.6666666666666666,0.8333333333333334,2.454114785805785,3.73692407025408,True
D1,24,198,AutoARIMA,h1,1,ARIMA,7.3534886837005615,5.099456548690796,0.6303983512120988,0.513318875660476,1.4098506583649009,1.4198596083832247,0.21745891637461393,1.0,1.0,1.9292789720505228,2.937747276773549,True
D1,24,198,AutoARIMA,h1_6,1,ARIMA,7.3534886837005615,5.099456548690796,0.6066578002065105,0.5378660043548785,1.3512996549130636,1.3438924526265992,0.2414699646601262,1.0,1.0,2.334750417012028,3.555165830804161,True
D1,24,198,AutoARIMA,h1_12,1,ARIMA,7.3534886837005615,5.099456548690796,1.066879177033706,0.991844667653538,2.398489521593404,2.400054407327988,0.3828963450160038,0.6666666666666666,0.9166666666666666,2.4077981442989533,3.666396899519734,True
D1,24,199,AutoARIMA,h1,1,ARIMA,7.3534886837005615,5.099456548690796,0.2766512726339978,0.21171810406761657,0.40694880819632845,0.40612245295526894,0.17320138390515802,1.0,1.0,2.153538419106408,3.279231110590983,True
D1,24,199,AutoARIMA,h1_6,1,ARIMA,7.3534886837005615,5.099456548690796,2.213161377988808,1.8623917422142084,3.153728052814269,3.094869783312878,0.8410627453456839,0.3333333333333333,0.3333333333333333,2.7999092725861034,4.263471462610975,True
D1,24,199,AutoARIMA,h1_12,1,ARIMA,7.3534886837005615,5.099456548690796,1.6400073075259112,1.541881735275094,2.335655727038677,2.2983642259492174,0.6536981940714773,0.5,0.5833333333333334,2.949949400531213,4.491940224082531,True
D1,24,0,Combination,h1,1,ARIMA,7.3534886837005615,5.099456548690796,1.264293037534986,0.8633394826778784,1.9877557382050877,1.9681942907285965,0.41957147051983906,0.0,1.0,1.984097718046244,3.046300275487968,True
D1,24,0,Combination,h1_6,1,ARIMA,7.3534886837005615,5.099456548690796,0.9092428965047422,0.6633249637067331,1.432289335886918,1.4207034679259998,0.32232140183261354,0.6666666666666666,1.0,2.1680517507211507,3.3034071817623465,True
D1,24,0,Combination,h1_12,1,ARIMA,7.3534886837005615,5.099456548690796,0.7316062062245038,0.5686303308914044,1.15609929326747,1.1502106303872348,0.28855098245702415,0.8333333333333334,1.0,2.3659994467889,3.571434569803439,True
D1,24,1,Combination,h1,1,ARIMA,7.3534886837005615,5.099456548690796,0.10992728910074051,0.08532265424071771,0.15330773221761332,0.15319030592561741,0.16416738919907675,1.0,1.0,2.1363301127884817,3.288865678564347,True
D1,24,1,Combination,h1_6,1,ARIMA,7.3534886837005615,5.099456548690796,0.9471649487416448,0.812721705436006,1.3239554430609437,1.3295708778565374,0.34926797732098586,0.8333333333333334,1.0,3.00263073336082,4.6125157054757935,True
D1,24,1,Combination,h1_12,1,ARIMA,7.3534886837005615,5.099456548690796,1.600158727089711,1.4371248074618455,2.202359174178622,2.1787982573195483,0.5776477383418147,0.6666666666666666,1.0,3.7570229472464503,5.674210752166823,True
D1,24,2,Combination,h1,1,ARIMA,7.3534886837005615,5.099456548690796,0.35794683246742265,0.2944087673736202,0.6858200260380479,0.6834763173093804,0.1756389553281236,1.0,1.0,2.0860525265981864,3.2112629150469227,True
D1,24,2,Combination,h1_6,1,ARIMA,7.3534886837005615,5.099456548690796,0.7974431693537904,0.7358020631665678,1.5228364164314645,1.510948034721394,0.32466968710764615,1.0,1.0,3.1986221446762104,4.897372214033316,True
D1,24,2,Combination,h1_12,1,ARIMA,7.3534886837005615,5.099456548690796,0.8047656442866903,0.7107964027948357,1.5434720620935733,1.5363754936487235,0.3838893808150314,1.0,1.0,4.23072797933428,6.407733549360944,True
D1,24,3,Combination,h1,1,ARIMA,7.3534886837005615,5.099456548690796,0.2672363475477107,0.23004546463474923,0.45328188750441345,0.4522568882247564,0.15830908440112781,1.0,1.0,1.9385542403539116,2.9852353069754898,True
D1,24,3,Combination,h1_6,1,ARIMA,7.3534886837005615,5.099456548690796,1.545407473117516,1.9611359559029349,2.535432407956985,2.4770530929645957,0.6280899091884563,0.8333333333333334,0.8333333333333334,3.2775446465896065,5.065402553677977,True
D1,24,3,Combination,h1_12,1,ARIMA,7.3534886837005615,5.099456548690796,2.8574156210841464,2.932359384879345,4.646115124931569,4.502996512120527,1.1027170340038523,0.4166666666666667,0.5833333333333334,4.291841960188377,6.518048025830663,True
D1,24,4,Combination,h1,1,ARIMA,7.3534886837005615,5.099456548690796,1.062723039855039,0.8766459939973689,1.7251581742287974,1.7104045819994238,0.3462061563396446,0.0,1.0,1.8130399787198266,2.789180528170297,True
D1,24,4,Combination,h1_6,1,ARIMA,7.3534886837005615,5.099456548690796,0.6939612353954054,0.6692317295009402,1.1287355666575674,1.1201047367202743,0.2736787332861116,0.8333333333333334,1.0,2.1931606336094673,3.338416611064872,True
D1,24,4,Combination,h1_12,1,ARIMA,7.3534886837005615,5.099456548690796,0.7739161588388153,0.7415310944246243,1.260421635535981,1.2516562991000166,0.30520771343733244,0.8333333333333334,1.0,2.5646181751304598,3.8724110685022564,True
D1,24,5,Combination,h1,1,ARIMA,7.3534886837005615,5.099456548690796,1.6949437458287064,1.3418093926369947,3.1610670496431417,3.1118827003115945,0.5878798023144731,0.0,0.0,2.1042263166839237,3.2403573123710796,True
D1,24,5,Combination,h1_6,1,ARIMA,7.3534886837005615,5.099456548690796,1.1869574972188435,1.002914420144044,2.2472291870831413,2.2351266499334925,0.45518958390974246,0.6666666666666666,0.8333333333333334,3.5992189633068348,5.561598748172312,True
D1,24,5,Combination,h1_12,1,ARIMA,7.3534886837005615,5.099456548690796,1.384082460981796,1.1761970072346744,2.6609729390604633,2.682002121586404,0.5325591549527727,0.8333333333333334,0.9166666666666666,4.707664478080952,7.149759384432928,True
D1,24,6,Combination,h1,1,ARIMA,7.3534886837005615,5.099456548690796,0.0403162985178259,0.03319627970827065,0.07611892717456166,0.07608996774099572,0.1465369436368291,1.0,1.0,1.95152049036927,3.0021948025548757,True
D1,24,6,Combination,h1_6,1,ARIMA,7.3534886837005615,5.099456548690796,1.6248619790326264,1.5804405820591272,3.1364899823508123,3.2071690539850457,0.6112911345325913,0.5,0.5,2.869663072999043,4.428449547129898,True
D1,24,6,Combination,h1_12,1,ARIMA,7.3534886837005615,5.099456548690796,1.609956277015958,1.5605101436509459,3.1005855685426855,3.163358072925277,0.6086555788943572,0.6666666666666666,0.6666666666666666,3.677707428235077,5.580763078222492,True
D1,24,7,Combination,h1,1,ARIMA,7.3534886837005615,5.099456548690796,1.178227039222961,0.9590575288436697,1.6541253697178977,1.6679201145990024,0.39497932283715176,0.0,1.0,2.101009879392428,3.2335648632870813,True
D1,24,7,Combination,h1_6,1,ARIMA,7.3534886837005615,5.099456548690796,1.3514810196918092,1.1768050933327665,1.8937049642722341,1.9047957045391097,0.4634098767724223,0.6666666666666666,1.0,3.416513233220129,5.2436889939691165,True
D1,24,7,Combination,h1_12,1,ARIMA,7.3534886837005615,5.099456548690796,1.508485684026584,1.4563829013331293,2.12999811306235,2.1573572289992753,0.569691387718465,0.75,1.0,4.606935087017135,6.971465680165596,True
D1,24,8,Combination,h1,1,ARIMA,7.3534886837005615,5.099456548690796,0.8168863784921184,0.5706363790821457,1.3627953405996964,1.3535721316289484,0.27307798054911364,1.0,1.0,2.28441573849768,3.5149629245107015,True
D1,24,8,Combination,h1_6,1,ARIMA,7.3534886837005615,5.099456548690796,0.9533455747488758,0.6794139629521372,1.6117333092429496,1.6146845964785712,0.3398637355073098,1.0,1.0,3.124853463631772,4.818030468633753,True
D1,24,8,Combination,h1_12,1,ARIMA,7.3534886837005615,5.099456548690796,0.9059549702554167,0.6739002767096599,1.5313022943873833,1.5319546480663555,0.37919088785063026,1.0,1.0,3.9101742599768143,5.918856294015653,True
D1,24,9,Combination,h1,1,ARIMA,7.3534886837005615,5.099456548690796,1.094648846393704,0.912952877911558,1.7764075358470042,1.760768325237838,0.3483713087420567,0.0,1.0,2.080473058384056,3.2022502558299033,True
D1,24,9,Combination,h1_6,1,ARIMA,7.3534886837005615,5.099456548690796,2.422323421825843,2.2263840774308234,4.074242532782083,4.173864102051073,0.8296181922861179,0.16666666666666666,0.8333333333333334,3.5570202282232577,5.493008446937603,True
D1,24,9,Combination,h1_12,1,ARIMA,7.3534886837005615,5.099456548690796,2.6719188595281462,2.4271685825871656,4.513665905475783,4.636598578075077,0.9128471308099622,0.3333333333333333,0.8333333333333334,4.724054448603219,7.17571451194265,True
D1,24,10,Combination,h1,1,ARIMA,7.3534886837005615,5.099456548690796,0.08145575975469661,0.06640025678485571,0.1518678290672059,0.15175259737960917,0.1578248752301146,1.0,1.0,2.0711421903678904,3.190005922582068,True
D1,24,10,Combination,h1_6,1,ARIMA,7.3534886837005615,5.099456548690796,1.144764074360611,1.0568401049079914,2.1694375713195146,2.1963206123153287,0.4024290674899618,1.0,1.0,3.3788870440664796,5.226155820651363,True
D1,24,10,Combination,h1_12,1,ARIMA,7.3534886837005615,5.099456548690796,0.9497390500456371,0.9038705992225607,1.7981295792111809,1.8185292175987935,0.4293368663965101,1.0,1.0,4.449318396032222,6.756353850383192,True
D1,24,11,Combination,h1,1,ARIMA,7.3534886837005615,5.099456548690796,2.4330276741364227,1.7810084939097344,4.92497600491692,4.806613718767743,0.9686156730462037,0.0,0.0,2.0163809496407854,3.102230104691472,True
D1,24,11,Combination,h1_6,1,ARIMA,7.3534886837005615,5.099456548690796,1.3989413986959358,1.2380747958314253,2.8636774005113854,2.826860572503696,0.5496151423037623,0.6666666666666666,0.6666666666666666,2.386249166740881,3.687596208641502,True
D1,24,11,Combination,h1_12,1,ARIMA,7.3534886837005615,5.099456548690796,1.4178365490621418,1.1827616287957239,2.8976793815172557,2.85603579136092,0.5319340390642924,0.5833333333333334,0.8333333333333334,2.780445737969287,4.206423881663573,True
D1,24,12,Combination,h1,1,ARIMA,7.3534886837005615,5.099456548690796,0.056814736293786784,0.04325946507930668,0.10695852725022491,0.10701575848982812,0.1652796917057586,1.0,1.0,2.1916392955630366,3.3733119230864936,True
D1,24,12,Combination,h1_6,1,ARIMA,7.3534886837005615,5.099456548690796,0.8830851317611392,0.8857511075685331,1.685815747262933,1.7090121474548439,0.39361552607876615,0.8333333333333334,1.0,3.533212359106144,5.460750203902933,True
D1,24,12,Combination,h1_12,1,ARIMA,7.3534886837005615,5.099456548690796,0.7586949038440309,0.7328508610001099,1.439213574435456,1.4491625334992078,0.43016653452377573,0.9166666666666666,1.0,4.644057631480974,7.052977997255301,True
D1,24,13,Combination,h1,1,ARIMA,7.3534886837005615,5.099456548690796,0.5780827438172905,0.47306622289456757,0.9319392782546688,0.9276168652949696,0.2062113398574788,1.0,1.0,1.9780796645435548,3.047013788265565,True
D1,24,13,Combination,h1_6,1,ARIMA,7.3534886837005615,5.099456548690796,1.2418143300063336,1.2495175774381264,2.0271653825905527,2.0438929339209353,0.4830902264905643,0.5,0.8333333333333334,2.397296367911978,3.7075997985992633,True
D1,24,13,Combination,h1_12,1,ARIMA,7.3534886837005615,5.099456548690796,1.5472228232853618,1.581606078516333,2.547971376466002,2.59279997568123,0.5950377253549309,0.5,0.75,2.8285858946044242,4.273142164186797,True
D1,24,14,Combination,h1,1,ARIMA,7.3534886837005615,5.099456548690796,0.38736809485860113,0.3142886597373169,0.7527809590060119,0.7556250597918072,0.18072582928162845,1.0,1.0,2.002976103005257,3.0821205404357888,True
D1,24,14,Combination,h1_6,1,ARIMA,7.3534886837005615,5.099456548690796,0.6549025228907794,0.7074297519610471,1.282469061194673,1.2972559888163429,0.29776286525014245,1.0,1.0,2.886001059893035,4.4588332335365175,True
D1,24,14,Combination,h1_12,1,ARIMA,7.3534886837005615,5.099456548690796,0.4968670756340526,0.5433842558602223,0.970697378441642,0.979197693936377,0.3214332038681684,1.0,1.0,3.6843446244005955,5.588476595473655,True
D1,24,15,Combination,h1,1,ARIMA,7.3534886837005615,5.099456548690796,1.3456673899891582,1.0693385502700372,2.2852150578770867,2.3116278922145734,0.4598460359836001,0.0,1.0,2.111329289134604,3.249734691247822,True
D1,24,15,Combination,h1_6,1,ARIMA,7.3534886837005615,5.099456548690796,1.0767908383609728,0.8741840124104459,1.8264671034154472,1.8440638258385484,0.38744928688217817,0.8333333333333334,1.0,3.256823803255864,5.036820232026615,True
D1,24,15,Combination,h1_12,1,ARIMA,7.3534886837005615,5.099456548690796,1.275851802667753,1.109013094051393,2.1733386005612187,2.202145599443597,0.4742872290132172,0.9166666666666666,1.0,4.21173994327461,6.40496145748757,True
D1,24,16,Combination,h1,1,ARIMA,7.3534886837005615,5.099456548690796,0.1542949079984162,0.13375790900735282,0.3183309660169822,0.31782509816436666,0.1529303100555291,1.0,1.0,1.9512019575675723,3.003744322292684,True
D1,24,16,Combination,h1_6,1,ARIMA,7.3534886837005615,5.099456548690796,1.4571716625945057,1.4816721978849492,3.0626041262373507,3.1289100551716547,0.5001906342653182,0.6666666666666666,1.0,2.8757491804507205,4.4372222595665685,True
D1,24,16,Combination,h1_12,1,ARIMA,7.3534886837005615,5.099456548690796,2.828966575645312,2.838847965927689,6.034215121870898,6.29297772513337,1.0235781510596402,0.3333333333333333,0.5833333333333334,3.7439545664201743,5.677743574854988,True
D1,24,17,Combination,h1,1,ARIMA,7.3534886837005615,5.099456548690796,0.9533930910211849,0.6784471480665911,1.55777709493389,1.5457375223980325,0.3114034704790396,1.0,1.0,2.2980783767340722,3.534784822373976,True
D1,24,17,Combination,h1_6,1,ARIMA,7.3534886837005615,5.099456548690796,1.2088235181926656,0.9198567365009652,1.9960418584055073,1.9973219474596915,0.4291269254072482,0.8333333333333334,1.0,3.53865684339877,5.41292807714162,True
D1,24,17,Combination,h1_12,1,ARIMA,7.3534886837005615,5.099456548690796,2.1697020491883734,1.8193501861211725,3.518718591576056,3.4484096440251806,0.7568236591690668,0.75,0.9166666666666666,4.666175679324727,7.07500883106283,True
D1,24,18,Combination,h1,1,ARIMA,7.3534886837005615,5.099456548690796,1.6526071831745217,1.341238280562292,3.080575093026939,3.0338451539402946,0.5792954948778252,0.0,0.0,2.0074865815176257,3.0892213194887423,True
D1,24,18,Combination,h1_6,1,ARIMA,7.3534886837005615,5.099456548690796,1.797752363000337,1.6258125959980365,3.342300208133364,3.274799983598541,0.6890094234544422,0.3333333333333333,0.5,2.8064103817182375,4.338544657087579,True
D1,24,18,Combination,h1_12,1,ARIMA,7.3534886837005615,5.099456548690796,1.3704052871359542,1.324391152138747,2.5790473564111998,2.5577469299316924,0.554343014463788,0.5833333333333334,0.75,3.552835176924225,5.390313419911122,True
D1,24,19,Combination,h1,1,ARIMA,7.3534886837005615,5.099456548690796,1.3399842431226634,1.0402426157265927,2.570499447120088,2.537881334286884,0.44930520572801186,0.0,1.0,1.9194359731287003,2.9565087134817687,True
D1,24,19,Combination,h1_6,1,ARIMA,7.3534886837005615,5.099456548690796,1.5576012391492566,1.3704019059631654,2.9737390844419567,2.920844579474981,0.5739283194983077,0.5,0.6666666666666666,2.320681982024429,3.519167152916515,True
D1,24,19,Combination,h1_12,1,ARIMA,7.3534886837005615,5.099456548690796,2.228689016157688,1.9724705284541124,4.219867992670773,4.109826899392799,0.8502889717559042,0.3333333333333333,0.5833333333333334,2.615096747213262,3.951834474808388,True
D1,24,20,Combination,h1,1,ARIMA,7.3534886837005615,5.099456548690796,0.9199012259796098,0.6947557385102848,1.64278952010696,1.656395062354928,0.30726579107443447,1.0,1.0,2.194437661595737,3.374515762847554,True
D1,24,20,Combination,h1_6,1,ARIMA,7.3534886837005615,5.099456548690796,1.9967777647490157,1.6207652529080958,3.60498748183661,3.6821047456428766,0.6588157216743492,0.6666666666666666,1.0,3.8615339442002226,5.943558677812143,True
D1,24,20,Combination,h1_12,1,ARIMA,7.3534886837005615,5.099456548690796,2.3522729630486907,1.8526858883936372,4.2494177055997815,4.350265092772452,0.772444353396457,0.8333333333333334,1.0,5.310032153681033,8.065105955203865,True
D1,24,21,Combination,h1,1,ARIMA,7.3534886837005615,5.099456548690796,1.993282850069379,1.5604316259792657,2.5524965129183492,2.5203308345849558,0.7679975968988318,0.0,0.0,1.8579460753871986,2.859221209262904,True
D1,24,21,Combination,h1_6,1,ARIMA,7.3534886837005615,5.099456548690796,4.516674664276176,3.76099318038841,5.691436399989546,5.515163964619609,2.0063993436605014,0.0,0.0,2.233036017256395,3.403054981268718,True
D1,24,21,Combination,h1_12,1,ARIMA,7.3534886837005615,5.099456548690796,4.660444770717274,3.787987529796353,5.894882452157149,5.714221165860503,2.0350475248563398,0.0,0.0,2.660349268934088,4.024154610412699,True
D1,24,22,Combination,h1,1,ARIMA,7.3534886837005615,5.099456548690796,1.0660916780485912,0.8572863603469165,1.5016994837325786,1.4905080082005087,0.33814527645101256,1.0,1.0,2.0762295724059174,3.194171445126639,True
D1,24,22,Combination,h1_6,1,ARIMA,7.3534886837005615,5.099456548690796,1.8431721477362906,1.6439781592621392,2.5714981316976884,2.5317113097443595,0.682336312581934,0.5,0.8333333333333334,3.2840204355433333,5.024175920538175,True
D1,24,22,Combination,h1_12,1,ARIMA,7.3534886837005615,5.099456548690796,2.355017996084682,2.1284784289155354,3.2638616715260333,3.1983800208305873,0.8710209017103726,0.3333333333333333,0.75,4.376393470903033,6.632523623712108,True
D1,24,23,Combination,h1,1,ARIMA,7.3534886837005615,5.099456548690796,0.47001698438328554,0.37455859154914745,0.7841103657452756,0.7871966108575403,0.19932210268581924,1.0,1.0,2.088867196937317,3.2124901490959057,True
D1,24,23,Combination,h1_6,1,ARIMA,7.3534886837005615,5.099456548690796,1.4595665018431483,1.2824274564388016,2.3957503538257754,2.362570612175169,0.5029751485711441,0.8333333333333334,1.0,3.7260241861366534,5.749256661745204,True
D1,24,23,Combination,h1_12,1,ARIMA,7.3534886837005615,5.099456548690796,2.530047298832661,2.299670077556738,4.109677803134677,4.004494620569079,0.8701754712410988,0.6666666666666666,0.9166666666666666,5.144108083235709,7.8235777002932885,True
D1,24,24,Combination,h1,1,ARIMA,7.3534886837005615,5.099456548690796,1.5147964095624682,1.2039768075100763,2.496992849499804,2.528561853842619,0.5240502329444829,0.0,1.0,2.1736312352106846,3.347046701746233,True
D1,24,24,Combination,h1_6,1,ARIMA,7.3534886837005615,5.099456548690796,1.7096185508321593,1.6395164776986844,2.839082285083885,2.899662341682996,0.6095249514290004,0.5,0.8333333333333334,3.58957568797247,5.549158101869847,True
D1,24,24,Combination,h1_12,1,ARIMA,7.3534886837005615,5.099456548690796,1.7143096179639887,1.577640702634028,2.8410364948707247,2.896409659853386,0.6249738641551892,0.75,0.9166666666666666,4.729195871323135,7.182024503356169,True
D1,24,25,Combination,h1,1,ARIMA,7.3534886837005615,5.099456548690796,1.7109476582639738,1.3287601289680402,1.7876844312565348,1.7718469155292274,0.6009396859553129,0.0,0.0,2.0599601489893002,3.1735325729769746,True
D1,24,25,Combination,h1_6,1,ARIMA,7.3534886837005615,5.099456548690796,3.101285407370272,2.720799521222294,3.3489393744333955,3.4175353852129073,1.1711883632073918,0.16666666666666666,0.3333333333333333,3.374374034396164,5.220516120504028,True
D1,24,25,Combination,h1_12,1,ARIMA,7.3534886837005615,5.099456548690796,2.865682843959103,2.5359033605099883,3.0857259823881265,3.1464288076216436,1.0450496386322854,0.4166666666666667,0.5833333333333334,4.546926981774481,6.904704493079518,True
D1,24,26,Combination,h1,1,ARIMA,7.3534886837005615,5.099456548690796,1.0386985454799722,0.8725106460913193,1.6000322507758469,1.612935998858905,0.35246359562222795,0.0,1.0,1.7043406380938653,2.6221881793854966,True
D1,24,26,Combination,h1_6,1,ARIMA,7.3534886837005615,5.099456548690796,1.5123260954059219,1.516719455116365,2.350790661840594,2.3913428969641073,0.5834554880363897,0.3333333333333333,0.6666666666666666,1.8064929547861472,2.7447104328480036,True
D1,24,26,Combination,h1_12,1,ARIMA,7.3534886837005615,5.099456548690796,1.3664842183526542,1.3135448560698073,2.1096936701461466,2.1310333930711742,0.5057993610618118,0.25,0.75,1.9496006374888524,2.946229171323162,True
D1,24,27,Combination,h1,1,ARIMA,7.3534886837005615,5.099456548690796,2.1211457616285103,1.7149147422856903,4.619566690431153,4.515273651634786,0.8126215354016051,0.0,0.0,2.015626458077677,3.1015522864902985,True
D1,24,27,Combination,h1_6,1,ARIMA,7.3534886837005615,5.099456548690796,0.745545380025323,0.9088350563149733,1.6245284888487417,1.5962034506926879,0.38608488822428844,0.8333333333333334,0.8333333333333334,2.9294744570436584,4.525718605590527,True
D1,24,27,Combination,h1_12,1,ARIMA,7.3534886837005615,5.099456548690796,1.872131126844582,1.9564597103376657,3.9927624610563157,3.8657186466756523,0.7696813405298677,0.5,0.6666666666666666,3.7069577532204767,5.623414770763316,True
D1,24,28,Combination,h1,1,ARIMA,7.3534886837005615,5.099456548690796,1.8788056984334685,1.6238944081740638,3.334279392950857,3.279603815849704,0.7211862151893654,0.0,0.0,1.7780883252470243,2.734326517774576,True
D1,24,28,Combination,h1_6,1,ARIMA,7.3534886837005615,5.099456548690796,2.5167915030928567,2.2276330859614593,4.42088360584968,4.321075689710856,1.0088561865302976,0.0,0.0,2.236380566217448,3.40179562453298,True
D1,24,28,Combination,h1_12,1,ARIMA,7.3534886837005615,5.099456548690796,1.659485555474952,1.672294527222794,2.923751544656441,2.867259334676615,0.6743760782423454,0.5,0.5,2.6323034190725,3.972717010123738,True
D1,24,29,Combination,h1,1,ARIMA,7.3534886837005615,5.099456548690796,0.7484638421717831,0.6262609492120079,0.9803537310649254,0.9851828695747697,0.25659006964045195,1.0,1.0,2.052661520271607,3.159163955793025,True
D1,24,29,Combination,h1_6,1,ARIMA,7.3534886837005615,5.099456548690796,1.3353344041291717,1.2006301723589168,1.753260582555324,1.7679374359656608,0.4820259389176454,0.6666666666666666,1.0,3.6950081938386794,5.7014647536755305,True
D1,24,29,Combination,h1_12,1,ARIMA,7.3534886837005615,5.099456548690796,2.304172764019245,2.2408858803066223,3.0568204131708394,3.1204479823329567,0.7965349952035593,0.5833333333333334,0.8333333333333334,5.117687248154487,7.7754854122948585,True
D1,24,30,Combination,h1,1,ARIMA,7.3534886837005615,5.099456548690796,2.305899144273833,1.9127831448434138,3.8226727441379573,3.897160592011003,0.9170572516873042,0.0,0.0,2.0492727356490983,3.1541410892472324,True
D1,24,30,Combination,h1_6,1,ARIMA,7.3534886837005615,5.099456548690796,1.5856245084221168,1.60560741293738,2.632901545359814,2.685884479283406,0.6675249290637693,0.5,0.6666666666666666,3.2672511182952877,5.031705816935215,True
D1,24,30,Combination,h1_12,1,ARIMA,7.3534886837005615,5.099456548690796,1.844543297429545,1.8772796007092944,3.0821192609990073,3.1559984095238836,0.7326979619872199,0.5,0.8333333333333334,4.3942028532844795,6.661354355640039,True
D1,24,31,Combination,h1,1,ARIMA,7.3534886837005615,5.099456548690796,1.4027673166019121,1.1411563121713457,2.275488234719058,2.249890240856666,0.47029843819404393,0.0,1.0,2.039210576342371,3.136104477869145,True
D1,24,31,Combination,h1_6,1,ARIMA,7.3534886837005615,5.099456548690796,1.793771934588691,1.935116137575819,3.0044692632415133,3.0745156955349113,0.69162424147373,0.5,0.6666666666666666,3.36741191339058,5.184981684651261,True
D1,24,31,Combination,h1_12,1,ARIMA,7.3534886837005615,5.099456548690796,2.1650171874953363,2.087974069952904,3.6289430454166896,3.718589097787188,0.7887582330431374,0.5833333333333334,0.75,4.568234830785589,6.933901802798053,True
D1,24,32,Combination,h1,1,ARIMA,7.3534886837005615,5.099456548690796,0.19191770794820248,0.16991882608743092,0.3553228332116108,0.3546926811696477,0.15156643500440337,1.0,1.0,1.904310700614409,2.9319241044418862,True
D1,24,32,Combination,h1_6,1,ARIMA,7.3534886837005615,5.099456548690796,1.1221725150571613,1.0699922245815874,2.0592091677483477,2.0405426309320323,0.40393321763936235,0.6666666666666666,1.0,3.00507352787303,4.64789608783449,True
D1,24,32,Combination,h1_12,1,ARIMA,7.3534886837005615,5.099456548690796,1.3902299835005045,1.3460986152352101,2.590755098694074,2.6101341936174838,0.4876174002530822,0.75,1.0,3.9366260897293905,5.97775564112526,True
D1,24,33,Combination,h1,1,ARIMA,7.3534886837005615,5.099456548690796,0.9495768001005371,0.8543548682210158,1.6954363339640524,1.6811846264649994,0.30457638508021373,0.0,1.0,1.7419249936701804,2.6809796823905656,True
D1,24,33,Combination,h1_6,1,ARIMA,7.3534886837005615,5.099456548690796,1.3874442082153915,1.3843000710660724,2.4998997294737446,2.5071936081705237,0.4949446344885579,0.16666666666666666,0.6666666666666666,2.252093815415903,3.44567500146989,True
D1,24,33,Combination,h1_12,1,ARIMA,7.3534886837005615,5.099456548690796,1.0367940778951465,1.1016757955297094,1.8640202159504515,1.8650370335900643,0.403656479580525,0.5833333333333334,0.8333333333333334,2.7160498822977432,4.112792099828445,True
D1,24,34,Combination,h1,1,ARIMA,7.3534886837005615,5.099456548690796,1.6651226686269087,1.3498158181264237,2.7592411275351596,2.7216921035915718,0.575334283181328,0.0,0.0,2.0889602240021,3.215243237789141,True
D1,24,34,Combination,h1_6,1,ARIMA,7.3534886837005615,5.099456548690796,2.045515881831501,1.7109055096978452,3.378993806030708,3.3194663853461712,0.7076398889520272,0.16666666666666666,0.8333333333333334,3.7604470684270477,5.802924038279951,True
D1,24,34,Combination,h1_12,1,ARIMA,7.3534886837005615,5.099456548690796,2.7918241705711746,2.398488720782728,4.582923471743544,4.468744204109116,0.958959500206105,0.25,0.8333333333333334,5.20942532013209,7.914761758625849,True
D1,24,35,Combination,h1,1,ARIMA,7.3534886837005615,5.099456548690796,0.3605947360248511,0.28521570815959785,0.5629496506900832,0.5645386849676008,0.18119731013229368,1.0,1.0,2.0821189219577447,3.2077649785896734,True
D1,24,35,Combination,h1_6,1,ARIMA,7.3534886837005615,5.099456548690796,1.1933919129794217,1.4046961407984377,1.8195593826499417,1.786372923987298,0.5009112445767702,0.8333333333333334,0.8333333333333334,3.336511870596934,5.166398883652637,True
D1,24,35,Combination,h1_12,1,ARIMA,7.3534886837005615,5.099456548690796,2.2120244236109197,2.135576855271533,3.359186062381969,3.2789271074562554,0.827288105181541,0.5833333333333334,0.75,4.467319612936278,6.789099795432904,True
D1,24,36,Combination,h1,1,ARIMA,7.3534886837005615,5.099456548690796,3.3417317752367137,2.8711953182409213,4.654194040608867,4.548349534127163,1.4438347578411348,0.0,0.0,1.8417301221027575,2.835538596313973,True
D1,24,36,Combination,h1_6,1,ARIMA,7.3534886837005615,5.099456548690796,2.196971790493216,2.294018079857222,3.1751905474586195,3.2153922557327754,0.9384695779304064,0.3333333333333333,0.3333333333333333,2.2103863088612457,3.424107481349428,True
D1,24,36,Combination,h1_12,1,ARIMA,7.3534886837005615,5.099456548690796,1.8404475690174371,1.9130750632092106,2.6617922570812222,2.6960024545484074,0.734597481615491,0.4166666666666667,0.5833333333333334,2.614064122970746,3.9543851400596868,True
D1,24,37,Combination,h1,1,ARIMA,7.3534886837005615,5.099456548690796,0.8723756462050318,0.6904571465631635,1.335030971812205,1.344002395936027,0.2943024591738059,1.0,1.0,2.183611292865794,3.362426319494361,True
D1,24,37,Combination,h1_6,1,ARIMA,7.3534886837005615,5.099456548690796,0.7656649686887523,0.6213230363811886,1.159851868462451,1.156978576212384,0.3432416129940851,1.0,1.0,3.532932029916126,5.465764870566074,True
D1,24,37,Combination,h1_12,1,ARIMA,7.3534886837005615,5.099456548690796,0.9458222808551867,0.8418213480177089,1.4328616596377346,1.4312124128421893,0.4388583888322881,1.0,1.0,4.633378272254334,7.041913965605505,True
D1,24,38,Combination,h1,1,ARIMA,7.3534886837005615,5.099456548690796,0.46841957324590655,0.39787401082992824,1.0281627683531291,1.0229042082406055,0.18550986899354707,1.0,1.0,1.9320682136483829,2.973876830174005,True
D1,24,38,Combination,h1_6,1,ARIMA,7.3534886837005615,5.099456548690796,0.3722709582948411,0.3498148939916756,0.821079894620717,0.8234715043223354,0.23640132802059488,1.0,1.0,2.8455483775005646,4.391024437670535,True
D1,24,38,Combination,h1_12,1,ARIMA,7.3534886837005615,5.099456548690796,0.4195752562861175,0.5429352914211061,0.9305744141671811,0.9398967149837144,0.3081934815277697,1.0,1.0,3.64316871441089,5.526047558502735,True
D1,24,39,Combination,h1,1,ARIMA,7.3534886837005615,5.099456548690796,1.649534983148338,1.3568581230330206,2.6884925230332324,2.7251249127951387,0.6186578436123538,0.0,0.0,1.790511639815079,2.7558535225036302,True
D1,24,39,Combination,h1_6,1,ARIMA,7.3534886837005615,5.099456548690796,0.7396378156521867,0.7376016133729869,1.1996866299703872,1.2097900800455605,0.290999443044713,0.6666666666666666,0.8333333333333334,2.0796365618104256,3.2082058934098625,True
D1,24,39,Combination,h1_12,1,ARIMA,7.3534886837005615,5.099456548690796,1.0879210530154342,1.3005136738852572,1.729371333586879,1.70927064930667,0.4717107269280426,0.6666666666666666,0.75,2.428144357602363,3.6630959973940618,True
D1,24,40,Combination,h1,1,ARIMA,7.3534886837005615,5.099456548690796,0.3752505877278378,0.3044756065066713,0.572094850162641,0.57373600723811,0.17977733629985226,1.0,1.0,2.020611432107538,3.109800441187113,True
D1,24,40,Combination,h1_6,1,ARIMA,7.3534886837005615,5.099456548690796,1.5271808808405214,1.4025156656796307,2.376467826827954,2.407632832603086,0.5292500099929235,0.5,0.6666666666666666,2.626361125268844,4.0620733015361425,True
D1,24,40,Combination,h1_12,1,ARIMA,7.3534886837005615,5.099456548690796,2.321486098075123,2.1190649959952874,3.5232056253592643,3.4806520331894615,0.8507238365402249,0.3333333333333333,0.4166666666666667,3.1247889104805084,4.73644582407107,True
D1,24,41,Combination,h1,1,ARIMA,7.3534886837005615,5.099456548690796,1.0262599798274918,0.8661507403231978,1.1406427149540073,1.1471853580608775,0.3372799643480514,0.0,1.0,2.05968885316568,3.1706919775205438,True
D1,24,41,Combination,h1_6,1,ARIMA,7.3534886837005615,5.099456548690796,2.2906192998721098,2.394181785087113,2.578183981283384,2.630179501293952,0.8608716803480977,0.3333333333333333,0.5,3.376677339645265,5.137095457210579,True
D1,24,41,Combination,h1_12,1,ARIMA,7.3534886837005615,5.099456548690796,2.023998467510674,2.183939582028138,2.2672510743166545,2.3033742376703845,0.8133429306024675,0.5,0.6666666666666666,4.5029310818070885,6.811403055501799,True
D1,24,42,Combination,h1,1,ARIMA,7.3534886837005615,5.099456548690796,1.782728994087003,1.4938675192442263,2.7068479383387842,2.6707020170943387,0.6504142473790507,0.0,0.0,1.9601141133844788,3.015558328072808,True
D1,24,42,Combination,h1_6,1,ARIMA,7.3534886837005615,5.099456548690796,2.168574477074468,1.9395778675986626,3.3835409832711223,3.4285045918728017,0.7520883409711017,0.3333333333333333,0.5,3.0151453805918296,4.658789997824042,True
D1,24,42,Combination,h1_12,1,ARIMA,7.3534886837005615,5.099456548690796,2.1845717194159926,2.0226917294278746,3.4254839844026628,3.488298558053735,0.7522872110193716,0.4166666666666667,0.6666666666666666,3.880551627055301,5.9005174494443695,True
D1,24,43,Combination,h1,1,ARIMA,7.3534886837005615,5.099456548690796,1.5038856420908726,1.1796133601742766,2.361826574838453,2.3342609768003753,0.5073951003585823,0.0,1.0,2.079843622995906,3.201961673770273,True
D1,24,43,Combination,h1_6,1,ARIMA,7.3534886837005615,5.099456548690796,1.7523006213010013,1.4813589568984764,2.7379455759764406,2.695285231768604,0.6466981867211034,0.3333333333333333,0.8333333333333334,3.1436702821319154,4.870968259723031,True
D1,24,43,Combination,h1_12,1,ARIMA,7.3534886837005615,5.099456548690796,2.010241403360656,1.6759146557948277,3.1358427373329762,3.0814916056048065,0.7155706075514825,0.4166666666666667,0.9166666666666666,4.09105052233001,6.220132910462478,True
D1,24,44,Combination,h1,1,ARIMA,7.3534886837005615,5.099456548690796,0.6606309897302494,0.5627485658825078,1.5900369185644678,1.6027793099400476,0.22323799379758116,1.0,1.0,1.6811212244892646,2.5860262831073486,True
D1,24,44,Combination,h1_6,1,ARIMA,7.3534886837005615,5.099456548690796,0.6957591915222728,0.6844894571312126,1.677424646261259,1.6927786303369565,0.26262861053763187,0.8333333333333334,1.0,2.1189071915166533,3.2124582244543136,True
D1,24,44,Combination,h1_12,1,ARIMA,7.3534886837005615,5.099456548690796,1.0436742020564351,0.9954879473881315,2.4751666527630802,2.4545854976918453,0.3665449908334103,0.6666666666666666,1.0,2.584153732618943,3.910427814238418,True
D1,24,45,Combination,h1,1,ARIMA,7.3534886837005615,5.099456548690796,1.7059408531186597,1.332898771619678,1.9171465540458468,1.9357016730061694,0.6463291022885282,0.0,0.0,1.7967090088572413,2.7663542731984108,True
D1,24,45,Combination,h1_6,1,ARIMA,7.3534886837005615,5.099456548690796,1.58089706099525,1.425631944597482,1.7653246784015215,1.7711408668775488,0.6257358930297301,0.3333333333333333,0.5,1.8248791682273149,2.7261754337741513,True
D1,24,45,Combination,h1_12,1,ARIMA,7.3534886837005615,5.099456548690796,2.110746041184159,1.9458737005359863,2.325810257019528,2.3022958296809715,0.870809255510349,0.25,0.4166666666666667,1.8728087842237298,2.815341001494348,True
D1,24,46,Combination,h1,1,ARIMA,7.3534886837005615,5.099456548690796,0.38603576671751627,0.29479802779045483,0.6124222751828537,0.6143033404298461,0.18503154687918053,1.0,1.0,2.086590632147443,3.2071753753814067,True
D1,24,46,Combination,h1_6,1,ARIMA,7.3534886837005615,5.099456548690796,0.6851172129666084,0.6780215426071169,1.075668245092842,1.0667243344245068,0.30389432362263424,0.8333333333333334,1.0,2.7504380810120868,4.185370030929344,True
D1,24,46,Combination,h1_12,1,ARIMA,7.3534886837005615,5.099456548690796,0.6580931026288819,0.6162458335120747,1.0390491623598883,1.0354288831484002,0.31828930071940104,0.9166666666666666,1.0,3.264627528253912,4.946929664928211,True
D1,24,47,Combination,h1,1,ARIMA,7.3534886837005615,5.099456548690796,0.577946287282146,0.4747161063058475,0.8823040543034235,0.8862136035805132,0.21142967233346077,1.0,1.0,1.986175366786122,3.0553133351766335,True
D1,24,47,Combination,h1_6,1,ARIMA,7.3534886837005615,5.099456548690796,0.8235625732400057,0.8135074498042376,1.2408140412418551,1.2315131031651017,0.35444443803980413,0.8333333333333334,0.8333333333333334,2.9906289819719527,4.549435695966968,True
D1,24,47,Combination,h1_12,1,ARIMA,7.3534886837005615,5.099456548690796,1.1652636332109838,1.2176803264654013,1.7798982876548284,1.7959881624245309,0.4670278531128976,0.75,0.9166666666666666,3.89127449972647,5.884370980620549,True
D1,24,48,Combination,h1,1,ARIMA,7.3534886837005615,5.099456548690796,0.5902929152060362,0.5098461969746819,1.1942429672746862,1.2014168856066905,0.20999906392578738,1.0,1.0,1.9230268758433393,2.9600974569824037,True
D1,24,48,Combination,h1_6,1,ARIMA,7.3534886837005615,5.099456548690796,1.3827377408868473,1.2838882539813947,2.768790903376422,2.7638415407442,0.47994817713061294,0.3333333333333333,1.0,2.922766158170665,4.517582418865224,True
D1,24,48,Combination,h1_12,1,ARIMA,7.3534886837005615,5.099456548690796,1.4811282384917166,1.371582981045374,2.937991994372972,2.908790846701963,0.5350100619551185,0.5833333333333334,1.0,3.7864271735399226,5.75362298447617,True
D1,24,49,Combination,h1,1,ARIMA,7.3534886837005615,5.099456548690796,2.2750097494567876,1.8982437944812538,4.21778795407067,4.30865287504383,0.9146382936193872,0.0,0.0,1.9372614909784143,2.982440989059798,True
D1,24,49,Combination,h1_6,1,ARIMA,7.3534886837005615,5.099456548690796,1.4994058719941263,1.4580582307469374,2.719854847653647,2.7086093934896427,0.5753608204625664,0.16666666666666666,0.6666666666666666,2.354011317973045,3.5283349636882027,True
D1,24,49,Combination,h1_12,1,ARIMA,7.3534886837005615,5.099456548690796,1.3648749398063942,1.3362996492908112,2.4664279235566733,2.445293075564182,0.5187276015608345,0.4166666666666667,0.75,2.6835977093086734,4.04747895426648,True
D1,24,50,Combination,h1,1,ARIMA,7.3534886837005615,5.099456548690796,1.213382554333712,0.9477094245401754,1.8709358518872385,1.8886031284018052,0.40490631594146387,0.0,1.0,2.2327668407260455,3.4373714218713585,True
D1,24,50,Combination,h1_6,1,ARIMA,7.3534886837005615,5.099456548690796,2.076766832487338,1.840999600264813,3.235812939715866,3.305278359198291,0.7295688410986335,0.5,0.6666666666666666,4.018596946893361,6.203063040929131,True
D1,24,50,Combination,h1_12,1,ARIMA,7.3534886837005615,5.099456548690796,2.445357159373219,2.0841712607673957,3.812692358151802,3.901837116211456,0.8343386598173541,0.5833333333333334,0.8333333333333334,5.569319015193418,8.46115252850272,True
D1,24,51,Combination,h1,1,ARIMA,7.3534886837005615,5.099456548690796,0.3931733421982168,0.3243036604016029,0.9522492594255303,0.9568048429410572,0.18816474946446515,1.0,1.0,2.1122551126929237,3.2517773655320443,True
D1,24,51,Combination,h1_6,1,ARIMA,7.3534886837005615,5.099456548690796,1.1529701346812862,1.1582867475014509,2.7316436230709518,2.6794762039274307,0.4560085679216618,0.8333333333333334,1.0,3.801718857504937,5.868141977689537,True
D1,24,51,Combination,h1_12,1,ARIMA,7.3534886837005615,5.099456548690796,1.0809806431932463,1.067850932620507,2.570954332628162,2.5255833587775873,0.5181416878516378,0.9166666666666666,1.0,5.268495859487984,8.004160473566463,True
D1,24,52,Combination,h1,1,ARIMA,7.3534886837005615,5.099456548690796,0.6213988193113898,0.48522485118751635,1.0385420438562945,1.043963041409976,0.22251486701281492,1.0,1.0,2.0574436992310075,3.1617221852069117,True
D1,24,52,Combination,h1_6,1,ARIMA,7.3534886837005615,5.099456548690796,0.7801888899629235,0.8324559985086325,1.2896601933613239,1.2836060543468781,0.39824015189534306,0.8333333333333334,0.8333333333333334,3.547019506101505,5.466895836645726,True
D1,24,52,Combination,h1_12,1,ARIMA,7.3534886837005615,5.099456548690796,1.5496670264895325,1.5614695139345918,2.613389749937257,2.660999328498968,0.6115602627051794,0.75,0.9166666666666666,4.8508957079964965,7.3796691015680675,True
D1,24,53,Combination,h1,1,ARIMA,7.3534886837005615,5.099456548690796,0.39575869979232947,0.30052970564581527,0.6493405340744905,0.6514556167650709,0.18625782183444367,1.0,1.0,2.071931704825571,3.189736643834102,True
D1,24,53,Combination,h1_6,1,ARIMA,7.3534886837005615,5.099456548690796,0.6546323229334019,0.621669553629191,1.0654807675672333,1.0574316948837372,0.2750508929241337,0.8333333333333334,1.0,2.3838893216938395,3.6123013927478826,True
D1,24,53,Combination,h1_12,1,ARIMA,7.3534886837005615,5.099456548690796,0.9249227264168834,1.0232167128460463,1.5011662252721083,1.4867068477091188,0.39407375513040954,0.8333333333333334,0.9166666666666666,2.687248506709928,4.059537786915161,True
D1,24,54,Combination,h1,1,ARIMA,7.3534886837005615,5.099456548690796,3.4523862899214324,2.6906402962615337,3.7291275445751317,3.660868320126893,1.450961861146579,0.0,0.0,2.2335883546902755,3.438498767116047,True
D1,24,54,Combination,h1_6,1,ARIMA,7.3534886837005615,5.099456548690796,1.5709985715845942,1.4772250761244354,1.725539246921428,1.7241687054988557,0.6299309517340571,0.6666666666666666,0.8333333333333334,4.0201181474811944,6.205100348556139,True
D1,24,54,Combination,h1_12,1,ARIMA,7.3534886837005615,5.099456548690796,3.3963207211259228,3.153927103628485,3.8162054483999883,3.912417500565462,1.1936950323781068,0.3333333333333333,0.75,5.570900908316401,8.463622146614044,True
D1,24,55,Combination,h1,1,ARIMA,7.3534886837005615,5.099456548690796,0.4880162603893847,0.3767932687272669,0.6813854142201594,0.6837147806151489,0.1959351512052348,1.0,1.0,1.9775387345620112,3.0419657669407134,True
D1,24,55,Combination,h1_6,1,ARIMA,7.3534886837005615,5.099456548690796,0.6725930540774087,0.6381778934581511,0.9399580568563292,0.9467027199157216,0.2658115801425287,0.8333333333333334,1.0,2.331069038895396,3.551841464847367,True
D1,24,55,Combination,h1_12,1,ARIMA,7.3534886837005615,5.099456548690796,1.809807605567482,1.7168896080134068,2.5594534775406883,2.6103669218651473,0.6778078252621679,0.4166666666666667,0.5833333333333334,2.675953302692369,4.047058420694183,True
D1,24,56,Combination,h1,1,ARIMA,7.3534886837005615,5.099456548690796,2.0114878569177823,1.5563758168829067,2.654302539615463,2.619537316851778,0.7464050873571845,0.0,0.0,2.108340808358283,3.244158247719368,True
D1,24,56,Combination,h1_6,1,ARIMA,7.3534886837005615,5.099456548690796,1.3958998715613369,1.3291092881880537,1.8429253363941018,1.817633732220565,0.5805019321336391,0.5,0.8333333333333334,3.436919037730323,5.262289294933916,True
D1,24,56,Combination,h1_12,1,ARIMA,7.3534886837005615,5.099456548690796,1.8334389536329465,1.646898037539179,2.4199296628816933,2.3812709740682965,0.705164963548387,0.6666666666666666,0.9166666666666666,4.626322062324648,7.001777888918326,True
D1,24,57,Combination,h1,1,ARIMA,7.3534886837005615,5.099456548690796,1.3583333479294186,1.0762440267221394,1.8044253320238517,1.7882911428280874,0.45308518758088895,0.0,1.0,2.0314096074769603,3.1251295974119317,True
D1,24,57,Combination,h1_6,1,ARIMA,7.3534886837005615,5.099456548690796,2.4817907097941907,2.1176385477392143,3.2677643112644086,3.207389310403911,0.9398036781831738,0.16666666666666666,0.5,2.985914334521896,4.544797241464013,True
D1,24,57,Combination,h1_12,1,ARIMA,7.3534886837005615,5.099456548690796,2.1542306693207736,1.9179459089852584,2.843178107022193,2.7934041451063667,0.806784119063763,0.5,0.75,3.855720787331436,5.831939110871216,True
D1,24,58,Combination,h1,1,ARIMA,7.3534886837005615,5.099456548690796,2.3235737217751304,1.75009057444358,4.128568154185005,4.215589905356804,0.9033038851126977,0.0,0.0,2.2458813438265692,3.456971658605512,True
D1,24,58,Combination,h1_6,1,ARIMA,7.3534886837005615,5.099456548690796,1.7676961500980448,1.5990128704762827,3.1504429141690133,3.2243878466731024,0.7060316333894251,0.5,0.6666666666666666,3.5518119721474712,5.4515482730157485,True
D1,24,58,Combination,h1_12,1,ARIMA,7.3534886837005615,5.099456548690796,1.6253437540590032,1.4509010712557542,2.857628736377876,2.882501616220437,0.6661792972614892,0.75,0.8333333333333334,4.754502181002447,7.191927289822551,True
D1,24,59,Combination,h1,1,ARIMA,7.3534886837005615,5.099456548690796,0.07314375575503962,0.056298880618994844,0.09664152987202321,0.09668825037420727,0.16662843409832684,1.0,1.0,2.198717834656134,3.382232246161159,True
D1,24,59,Combination,h1_6,1,ARIMA,7.3534886837005615,5.099456548690796,0.7556662042826204,0.6635147261168445,1.0004531770277352,1.004007510862854,0.31678833157420383,1.0,1.0,3.155994688299514,4.805106847282992,True
D1,24,59,Combination,h1_12,1,ARIMA,7.3534886837005615,5.099456548690796,1.0610971482427813,1.052102039254814,1.4131606959261522,1.428595904288121,0.4413861285690339,0.8333333333333334,1.0,4.040471707059158,6.117705864029603,True
D1,24,60,Combination,h1,1,ARIMA,7.3534886837005615,5.099456548690796,0.5895026125446322,0.5260659027665451,1.0142337005781326,1.0091163017728286,0.20051420650060897,1.0,1.0,1.8294022157038645,2.816741119149871,True
D1,24,60,Combination,h1_6,1,ARIMA,7.3534886837005615,5.099456548690796,1.0734315155518146,1.073707963942589,1.8716838158404046,1.8883406559074656,0.3927749695669678,0.6666666666666666,1.0,3.0376446423406005,4.694986556889331,True
D1,24,60,Combination,h1_12,1,ARIMA,7.3534886837005615,5.099456548690796,1.0622777414104116,1.0615678543457685,1.8340949482079836,1.8333786702998183,0.4364935270155144,0.8333333333333334,1.0,3.9911670156849124,6.0613856893386835,True
D1,24,61,Combination,h1,1,ARIMA,7.3534886837005615,5.099456548690796,0.5784968148517775,0.40753223062875493,0.7305250587160561,0.7278664353638978,0.23055353206036858,1.0,1.0,2.4139733845249647,3.7173669809785745,True
D1,24,61,Combination,h1_6,1,ARIMA,7.3534886837005615,5.099456548690796,1.3885958414248978,1.2678043611715961,1.7330833628891373,1.7084028238212912,0.59934497772654,0.5,0.8333333333333334,3.9321571112507936,6.080537664774792,True
D1,24,61,Combination,h1_12,1,ARIMA,7.3534886837005615,5.099456548690796,1.7310064120884552,1.470199090430168,2.198656442791492,2.2081797239657366,0.665990759853307,0.6666666666666666,0.9166666666666666,5.176056738311059,7.860224571714391,True
D1,24,62,Combination,h1,1,ARIMA,7.3534886837005615,5.099456548690796,0.774479195640028,0.6297308912721595,1.7674652374000437,1.7832241710642818,0.2551821033748995,0.0,1.0,1.5288907244854242,2.353046753242414,True
D1,24,62,Combination,h1_6,1,ARIMA,7.3534886837005615,5.099456548690796,0.5540496337666357,0.4636122311745,1.253315692849319,1.2538227407530427,0.18831994870874028,0.8333333333333334,1.0,1.5519808474374162,2.3201168648392554,True
D1,24,62,Combination,h1_12,1,ARIMA,7.3534886837005615,5.099456548690796,0.45756610186763225,0.4301660732694217,1.0320010421896813,1.0297082322007385,0.18162975772577733,0.8333333333333334,1.0,1.5912657924975708,2.3931991985829475,True
D1,24,63,Combination,h1,1,ARIMA,7.3534886837005615,5.099456548690796,0.04335382150994368,0.03861797913391948,0.09243207695379096,0.09238937824319352,0.12665680445204738,1.0,1.0,1.679858625869966,2.5851878405650472,True
D1,24,63,Combination,h1_6,1,ARIMA,7.3534886837005615,5.099456548690796,2.2016413480997317,2.367256493792358,4.566412001787627,4.421498816188446,0.9317472122407137,0.16666666666666666,0.3333333333333333,1.9480971238049172,2.9573684487340697,True
D1,24,63,Combination,h1_12,1,ARIMA,7.3534886837005615,5.099456548690796,2.0822299886945164,2.282189628924555,4.340442021049752,4.204448766233241,0.8656712017964527,0.25,0.5,2.2362690535514127,3.3868497838805145,True
D1,24,64,Combination,h1,1,ARIMA,7.3534886837005615,5.099456548690796,1.0311523670957483,0.8581431945319486,1.687726547425487,1.7020898586280382,0.3399385619708111,0.0,1.0,2.020098571999042,3.1077374230972175,True
D1,24,64,Combination,h1_6,1,ARIMA,7.3534886837005615,5.099456548690796,3.269619083408409,2.8497481173665435,5.4593001103729755,5.628274886448336,1.2207064416383293,0.0,0.16666666666666666,3.401771923123559,5.236956593869956,True
D1,24,64,Combination,h1_12,1,ARIMA,7.3534886837005615,5.099456548690796,2.899003218397577,2.5460075548067542,4.820651012542665,4.954331504461408,1.0143668829470034,0.3333333333333333,0.5833333333333334,4.639132533121153,7.041793738480649,True
D1,24,65,Combination,h1,1,ARIMA,7.3534886837005615,5.099456548690796,1.8123724900039766,1.4578734995067772,2.2698835435316487,2.2444107879689703,0.6447506253588176,0.0,0.0,2.126467415842195,3.27160722380892,True
D1,24,65,Combination,h1_6,1,ARIMA,7.3534886837005615,5.099456548690796,1.8894700496924224,1.6734733421885715,2.3775090685020555,2.356921554514447,0.7026665599088486,0.5,0.5,3.5802464237461216,5.5289113418372935,True
D1,24,65,Combination,h1_12,1,ARIMA,7.3534886837005615,5.099456548690796,1.7293496524705378,1.583394093706626,2.2021998853934663,2.206474118407197,0.6670872899004486,0.75,0.75,4.72088869947429,7.1764550188576175,True
D1,24,66,Combination,h1,1,ARIMA,7.3534886837005615,5.099456548690796,0.36641806083158274,0.3054563688334591,0.5481253646535894,0.5496317000336198,0.16910321243349155,1.0,1.0,1.8616861556736133,2.8654177006244166,True
D1,24,66,Combination,h1_6,1,ARIMA,7.3534886837005615,5.099456548690796,0.8072691717563816,0.7157789179922172,1.2117376114572225,1.2201165795612081,0.271717602486127,0.8333333333333334,1.0,2.003217482536149,2.9975317300695807,True
D1,24,66,Combination,h1_12,1,ARIMA,7.3534886837005615,5.099456548690796,1.6539548240411246,1.6296509941531252,2.5071256074578034,2.552297269261067,0.6188919056633444,0.4166666666666667,0.5833333333333334,2.1072490667043087,3.172186166973204,True
D1,24,67,Combination,h1,1,ARIMA,7.3534886837005615,5.099456548690796,0.6241559766145057,0.5440648519942557,1.2863202791767017,1.2946469321929701,0.21924435303720258,1.0,1.0,1.9338512941877184,2.9763242814389796,True
D1,24,67,Combination,h1_6,1,ARIMA,7.3534886837005615,5.099456548690796,1.0642266354351018,1.1460651664812693,2.2083702245206656,2.2404066129876155,0.448595783714911,0.6666666666666666,0.8333333333333334,3.1893305237097205,4.912621834662173,True
D1,24,67,Combination,h1_12,1,ARIMA,7.3534886837005615,5.099456548690796,0.8940141011268972,0.9935687457850235,1.852176493315907,1.8776676227793239,0.4499872791716414,0.8333333333333334,0.9166666666666666,4.333758739006535,6.576055289068182,True
D1,24,68,Combination,h1,1,ARIMA,7.3534886837005615,5.099456548690796,0.4113859610986747,0.319662722401648,0.6819067996639671,0.6795897154243193,0.1877297425208366,1.0,1.0,2.141904065715659,3.295881302988629,True
D1,24,68,Combination,h1_6,1,ARIMA,7.3534886837005615,5.099456548690796,0.7917040325262538,0.6712547346173703,1.3066062909015452,1.297894592349956,0.323995776826799,1.0,1.0,3.162378782444984,4.811447258692614,True
D1,24,68,Combination,h1_12,1,ARIMA,7.3534886837005615,5.099456548690796,1.1493489183415866,1.100769032444882,1.9255269802162185,1.9450845652146072,0.4523076420305698,0.9166666666666666,1.0,4.090423972197934,6.183270279514137,True
D1,24,69,Combination,h1,1,ARIMA,7.3534886837005615,5.099456548690796,0.3569950256090248,0.25330923174316866,0.5991995917102584,0.5974097533089262,0.18414517573420278,1.0,1.0,2.220492169505377,3.419030450567408,True
D1,24,69,Combination,h1_6,1,ARIMA,7.3534886837005615,5.099456548690796,0.711293472030464,0.7160248582573606,1.2003702167643304,1.2075551646127352,0.319252221348173,0.6666666666666666,0.8333333333333334,2.430278342915311,3.6353067222246747,True
D1,24,69,Combination,h1_12,1,ARIMA,7.3534886837005615,5.099456548690796,1.6605263420897136,1.4523393031298193,2.8400855489711696,2.8994991430303303,0.639555163039009,0.3333333333333333,0.5833333333333334,2.621538136352112,3.9466355656914986,True
D1,24,70,Combination,h1,1,ARIMA,7.3534886837005615,5.099456548690796,0.009031865224058666,0.007475229016715896,0.017452273909915376,0.017453796952141262,0.13903344493284814,1.0,1.0,1.87289039797634,2.8823984965877685,True
D1,24,70,Combination,h1_6,1,ARIMA,7.3534886837005615,5.099456548690796,0.9830248526789055,0.985190796039374,1.8757131082123055,1.8503565594213824,0.37956018398270774,0.5,1.0,2.354045784928655,3.5800689289433008,True
D1,24,70,Combination,h1_12,1,ARIMA,7.3534886837005615,5.099456548690796,1.8111450829869555,1.724834162332053,3.4297588257609655,3.3540596417950224,0.6632882298883253,0.3333333333333333,0.6666666666666666,2.872260857368713,4.3443659880446335,True
D1,24,71,Combination,h1,1,ARIMA,7.3534886837005615,5.099456548690796,0.7527101051582761,0.5590024573303556,1.1186971011783349,1.124989714842584,0.2611046384289071,1.0,1.0,2.1886957320617833,3.369530161922183,True
D1,24,71,Combination,h1_6,1,ARIMA,7.3534886837005615,5.099456548690796,0.7421969760465822,0.6727497452529101,1.0902744047535968,1.0836375539397454,0.32017782156345576,0.8333333333333334,1.0,2.757878890665915,4.281198193659539,True
D1,24,71,Combination,h1_12,1,ARIMA,7.3534886837005615,5.099456548690796,1.2742253107830657,1.0714646794285398,1.8611902871883568,1.8403793352021465,0.4748700293933653,0.6666666666666666,1.0,3.312242831604776,5.034506168410664,True
D1,24,72,Combination,h1,1,ARIMA,7.3534886837005615,5.099456548690796,0.10141726949841766,0.07852320021206835,0.1725154715065331,0.17266440791525256,0.1636533630199549,1.0,1.0,2.1357635926863625,3.2880090105530275,True
D1,24,72,Combination,h1_6,1,ARIMA,7.3534886837005615,5.099456548690796,0.6103113933428342,0.7024067071409432,1.0493175901854397,1.0609393769614996,0.33250221219326725,1.0,1.0,3.5456629207807313,5.479215932679329,True
D1,24,72,Combination,h1_12,1,ARIMA,7.3534886837005615,5.099456548690796,1.5632686258647412,1.5085909079331716,2.7145418497968152,2.7731026188762917,0.5756709522689801,0.8333333333333334,1.0,4.647376960721018,7.058148579557156,True
D1,24,73,Combination,h1,1,ARIMA,7.3534886837005615,5.099456548690796,0.5652183637068977,0.442184756269863,1.13597946480622,1.1424685689739247,0.2190994543945693,1.0,1.0,2.150717295939056,3.3112973729651896,True
D1,24,73,Combination,h1_6,1,ARIMA,7.3534886837005615,5.099456548690796,1.008964555843009,0.8563209880398611,2.0331773370283766,2.0578494815965596,0.3723509307361556,1.0,1.0,3.48732901312512,5.391545753230464,True
D1,24,73,Combination,h1_12,1,ARIMA,7.3534886837005615,5.099456548690796,0.9100297728374346,0.8526316505351089,1.8338692392902212,1.8584584110359574,0.42818248164094685,1.0,1.0,4.582920455207427,6.959733404963295,True
D1,24,74,Combination,h1,1,ARIMA,7.3534886837005615,5.099456548690796,1.1811159911656335,0.99980478461234,2.239341813157291,2.2646989888571047,0.39937618469711483,0.0,1.0,2.0023098363386986,3.083072506201114,True
D1,24,74,Combination,h1_6,1,ARIMA,7.3534886837005615,5.099456548690796,1.1092146885131773,1.0262384840924532,2.082916305173936,2.081102335258611,0.40994128504968763,0.6666666666666666,1.0,3.2163142566926504,4.973852358378387,True
D1,24,74,Combination,h1_12,1,ARIMA,7.3534886837005615,5.099456548690796,1.3317594811130906,1.320304067418145,2.534252085127103,2.565709352828297,0.5004814618940012,0.75,1.0,4.237882331802787,6.435493148935925,True
D1,24,75,Combination,h1,1,ARIMA,7.3534886837005615,5.099456548690796,1.8663946120472488,1.6558027026285222,3.5091128383459584,3.4486051159127826,0.7163046337898026,0.0,0.0,1.7593458934429564,2.7087575661665024,True
D1,24,75,Combination,h1_6,1,ARIMA,7.3534886837005615,5.099456548690796,2.765571811588409,2.5195783921970607,5.1260601819884295,4.991713216680824,1.1303228270053625,0.0,0.0,2.2431650364741356,3.434065670829715,True
D1,24,75,Combination,h1_12,1,ARIMA,7.3534886837005615,5.099456548690796,2.1764382800285995,2.077437886768873,4.047717136612696,3.955697716021891,0.8533150804228158,0.25,0.4166666666666667,2.703265937136664,4.093342842000419,True
D1,24,76,Combination,h1,1,ARIMA,7.3534886837005615,5.099456548690796,1.4887060866829052,1.138892408587485,2.116507107933911,2.1391446825616143,0.5150989841520138,0.0,1.0,2.095236627717049,3.2209807083251287,True
D1,24,76,Combination,h1_6,1,ARIMA,7.3534886837005615,5.099456548690796,2.71988270912848,2.2971234021780926,3.931858454170193,4.029367389823233,1.0250846326229603,0.16666666666666666,0.3333333333333333,3.3425406513140357,5.158333393566908,True
D1,24,76,Combination,h1_12,1,ARIMA,7.3534886837005615,5.099456548690796,2.11713384437139,1.8412544839401874,3.044227404067953,3.103298160054584,0.7913622994268276,0.5833333333333334,0.6666666666666666,4.3272344550993695,6.581863188417463,True
D1,24,77,Combination,h1,1,ARIMA,7.3534886837005615,5.099456548690796,0.11505752485941535,0.08610722623577265,0.19628733593845846,0.19609488122932006,0.1502084379390467,1.0,1.0,1.9452048640205497,2.992147730585073,True
D1,24,77,Combination,h1_6,1,ARIMA,7.3534886837005615,5.099456548690796,1.4757598153369396,1.3282484876441483,2.5711004287189327,2.6203099212772054,0.5557153416719748,0.3333333333333333,0.6666666666666666,2.2852663621816713,3.479334032912363,True
D1,24,77,Combination,h1_12,1,ARIMA,7.3534886837005615,5.099456548690796,2.0794577679052,1.738930767040911,3.636668666027797,3.7218288786755047,0.7722914612554617,0.16666666666666666,0.5,2.64982437838912,4.001498516669594,True
D1,24,78,Combination,h1,1,ARIMA,7.3534886837005615,5.099456548690796,0.08622349153127924,0.06922451264922073,0.15718836376405496,0.15706491987525534,0.15588816921205653,1.0,1.0,2.042010309604192,3.1440483713675182,True
D1,24,78,Combination,h1_6,1,ARIMA,7.3534886837005615,5.099456548690796,0.9364456414465018,0.8455016479091146,1.697067971860469,1.7017385411618926,0.369056581378617,1.0,1.0,3.3634747125751487,5.1991075996195955,True
D1,24,78,Combination,h1_12,1,ARIMA,7.3534886837005615,5.099456548690796,1.031859103379431,0.9187330440532024,1.8671930027023302,1.8685521166960053,0.4431212233974463,1.0,1.0,4.398745555585463,6.680172216007366,True
D1,24,79,Combination,h1,1,ARIMA,7.3534886837005615,5.099456548690796,0.5645040167288765,0.45989252832475574,0.916718548380843,0.920939761185946,0.2069210497586584,1.0,1.0,1.9427761899765301,2.991326536852822,True
D1,24,79,Combination,h1_6,1,ARIMA,7.3534886837005615,5.099456548690796,2.569439267750421,2.3331248196631673,4.056133328180878,3.9587377656132983,0.9765836964678545,0.16666666666666666,0.5,3.011768615577276,4.650617028600617,True
D1,24,79,Combination,h1_12,1,ARIMA,7.3534886837005615,5.099456548690796,2.3592367745991254,2.1576984664958045,3.7305279660812785,3.6463289527972815,0.8912533222257906,0.4166666666666667,0.6666666666666666,3.9516968277589224,5.998378383249047,True
D1,24,80,Combination,h1,1,ARIMA,7.3534886837005615,5.099456548690796,0.3361860367795549,0.2903591088650697,0.5888773818876554,0.5906163850402677,0.16653162109904696,1.0,1.0,1.9055684167030291,2.93206761825551,True
D1,24,80,Combination,h1_6,1,ARIMA,7.3534886837005615,5.099456548690796,0.7223762339043152,0.7805932660779438,1.2721084505272366,1.283814519663085,0.3057589935097674,1.0,1.0,2.9246566548081314,4.495791893627,True
D1,24,80,Combination,h1_12,1,ARIMA,7.3534886837005615,5.099456548690796,0.6559702339923992,0.7461221926125321,1.1453687685248684,1.1470600462433775,0.3588919421070774,1.0,1.0,3.878515137753434,5.870203435706706,True
D1,24,81,Combination,h1,1,ARIMA,7.3534886837005615,5.099456548690796,0.23672230990116166,0.1935762649252914,0.4179032880131488,0.41877833222307215,0.15497568022407637,1.0,1.0,1.9177064907475156,2.950837929668304,True
D1,24,81,Combination,h1_6,1,ARIMA,7.3534886837005615,5.099456548690796,1.0690313490092553,1.0899132676234076,1.9036477794452444,1.926768424619614,0.4057573889001876,0.5,0.8333333333333334,2.2329727589618376,3.3902946789534654,True
D1,24,81,Combination,h1_12,1,ARIMA,7.3534886837005615,5.099456548690796,1.1491143398410804,1.1365127162723072,2.0482168736610755,2.076468874177934,0.4191381743439144,0.5833333333333334,0.8333333333333334,2.5184672009634967,3.8138706448744375,True
D1,24,82,Combination,h1,1,ARIMA,7.3534886837005615,5.099456548690796,1.543896393026473,1.2178640931995726,2.6733654803636573,2.709584022320743,0.5375279720489522,0.0,1.0,2.0825513108148077,3.2041762751430984,True
D1,24,82,Combination,h1_6,1,ARIMA,7.3534886837005615,5.099456548690796,2.1498595940987104,2.0623080349976983,3.5914012738764955,3.51223704015152,0.8397489162769592,0.5,0.6666666666666666,3.085842711139926,4.696210545346397,True
D1,24,82,Combination,h1_12,1,ARIMA,7.3534886837005615,5.099456548690796,1.9832476428461765,1.9620836184073993,3.3115624504354098,3.23477169388188,0.803703244690141,0.5833333333333334,0.6666666666666666,3.9954474183180793,6.041353379330642,True
D1,24,83,Combination,h1,1,ARIMA,7.3534886837005615,5.099456548690796,0.20387574749023502,0.16949036198437686,0.32518639027691804,0.32465851761983083,0.16031248088188366,1.0,1.0,2.0137230719867474,3.100043681165008,True
D1,24,83,Combination,h1_6,1,ARIMA,7.3534886837005615,5.099456548690796,0.9137726220662111,0.9906988094114172,1.4491238002489213,1.4425646751915022,0.36963925682247895,0.8333333333333334,1.0,2.954778413970049,4.5668749392302175,True
D1,24,83,Combination,h1_12,1,ARIMA,7.3534886837005615,5.099456548690796,1.5663070056301078,1.633135655671539,2.4519985165302476,2.4115093157656387,0.6130797584461721,0.6666666666666666,0.8333333333333334,3.7795192370455273,5.7349210888102755,True
D1,24,84,Combination,h1,1,ARIMA,7.3534886837005615,5.099456548690796,1.5364474146258318,1.1857468196887047,2.3332847625845936,2.3063775842145215,0.515184458665937,0.0,1.0,2.217417237773043,3.412605157741606,True
D1,24,84,Combination,h1_6,1,ARIMA,7.3534886837005615,5.099456548690796,0.8190494471936086,0.7700795918106657,1.251359678408729,1.245475661592825,0.398984821927385,0.6666666666666666,1.0,3.669242410538048,5.6476945307011,True
D1,24,84,Combination,h1_12,1,ARIMA,7.3534886837005615,5.099456548690796,1.1288348654662754,1.1370469237035794,1.7465758959502007,1.7644906445837807,0.5128832784836166,0.75,1.0,4.979696765587445,7.550363000629123,True
D1,24,85,Combination,h1,1,ARIMA,7.3534886837005615,5.099456548690796,0.4833720402084313,0.38543660099421373,0.9242757030777016,0.9200239242803887,0.19729886664577626,1.0,1.0,2.100225898748665,3.2336357653172145,True
D1,24,85,Combination,h1_6,1,ARIMA,7.3534886837005615,5.099456548690796,1.2538087885951024,1.1305896819863035,2.4181221112963542,2.4303029671823464,0.4314037055687905,0.6666666666666666,1.0,2.8789822914648706,4.463473449158849,True
D1,24,85,Combination,h1_12,1,ARIMA,7.3534886837005615,5.099456548690796,1.050976029408779,0.9779885053307186,2.028149775515714,2.0403159867942198,0.41651698795273423,0.8333333333333334,1.0,3.5201096801101692,5.341770084494489,True
D1,24,86,Combination,h1,1,ARIMA,7.3534886837005615,5.099456548690796,1.1624593480565868,0.9894269948625934,1.837093217619587,1.8203722500490467,0.37772451981220506,0.0,1.0,1.9948519272330671,3.0713902992826214,True
D1,24,86,Combination,h1_6,1,ARIMA,7.3534886837005615,5.099456548690796,1.4218264918599062,1.4087427208285497,2.2374367546429306,2.215610319019813,0.5527805314987543,0.5,0.8333333333333334,3.2671502243426187,5.050530818246375,True
D1,24,86,Combination,h1_12,1,ARIMA,7.3534886837005615,5.099456548690796,1.4642348980640563,1.534026528893196,2.2890438487899885,2.2577541617732217,0.6046078294038871,0.6666666666666666,0.9166666666666666,4.293431456031935,6.520250905619181,True
D1,24,87,Combination,h1,1,ARIMA,7.3534886837005615,5.099456548690796,0.5570287616391528,0.46131904579952066,1.2359212057438533,1.2436062021278755,0.20593838943193113,1.0,1.0,1.9481280612895704,2.9990328692285964,True
D1,24,87,Combination,h1_6,1,ARIMA,7.3534886837005615,5.099456548690796,0.4808578953599871,0.5177667371229057,1.0501958522842858,1.043591780930727,0.2608043887371545,1.0,1.0,2.651739287228382,4.064506208944193,True
D1,24,87,Combination,h1_12,1,ARIMA,7.3534886837005615,5.099456548690796,1.661065307977739,1.8709830408783221,3.5244757550945667,3.4175173289319654,0.667172595061565,0.6666666666666666,0.8333333333333334,3.2940945357996645,4.978626915913541,True
D1,24,88,Combination,h1,1,ARIMA,7.3534886837005615,5.099456548690796,0.18708788987273212,0.1532768188283421,0.2870818638661159,0.28749453620263776,0.1559295733935864,1.0,1.0,1.9679378705825314,3.028045673335097,True
D1,24,88,Combination,h1_6,1,ARIMA,7.3534886837005615,5.099456548690796,0.9111512371356579,0.8706477618507933,1.3865435843642742,1.3737549208112825,0.35789445837538714,0.8333333333333334,1.0,2.771190793376383,4.277439864339569,True
D1,24,88,Combination,h1_12,1,ARIMA,7.3534886837005615,5.099456548690796,0.8688134428454992,0.8915515223747768,1.3223156188579932,1.308931522285619,0.3850061946637206,0.9166666666666666,1.0,3.488484867966557,5.288028165687811,True
D1,24,89,Combination,h1,1,ARIMA,7.3534886837005615,5.099456548690796,0.6448301835385513,0.5365057210173916,1.1143803029731603,1.108205491118415,0.21107376498362032,1.0,1.0,1.5876356528721216,2.4440358061606644,True
D1,24,89,Combination,h1_6,1,ARIMA,7.3534886837005615,5.099456548690796,1.3214829567605515,1.2970239450118233,2.3320390562043825,2.3686824866705742,0.5330280919893224,0.3333333333333333,0.5,1.6121458906544857,2.409080331348254,True
D1,24,89,Combination,h1_12,1,ARIMA,7.3534886837005615,5.099456548690796,1.1825879557705201,1.3079324378444348,2.092152518228097,2.1305202340334533,0.5065566094796924,0.5,0.5833333333333334,1.6538456686933969,2.4866558776454517,True
D1,24,90,Combination,h1,1,ARIMA,7.3534886837005615,5.099456548690796,1.9532528447374993,1.483986729533188,3.4228550113326763,3.365261008790766,0.7042925876159739,0.0,0.0,2.213579588139989,3.4062605217241826,True
D1,24,90,Combination,h1_6,1,ARIMA,7.3534886837005615,5.099456548690796,0.9898789464313577,0.8576576752799574,1.7576436348801028,1.7478903344246541,0.4271013098619184,0.8333333333333334,0.8333333333333334,3.655624492599902,5.646116230414059,True
D1,24,90,Combination,h1_12,1,ARIMA,7.3534886837005615,5.099456548690796,0.885987844162727,0.7818543415771839,1.5841564973647113,1.5837136699903671,0.4595478613769512,0.9166666666666666,0.9166666666666666,4.801151710498297,7.292428386814667,True
D1,24,91,Combination,h1,1,ARIMA,7.3534886837005615,5.099456548690796,0.8517090427026535,0.6971715012840171,1.2727182726090764,1.28086920079243,0.2848389747398692,1.0,1.0,2.0384036325282007,3.136368376017142,True
D1,24,91,Combination,h1_6,1,ARIMA,7.3534886837005615,5.099456548690796,0.4832718649737954,0.41884515313700177,0.7186546294955901,0.7195187294924306,0.2888274440455647,1.0,1.0,3.333111642212083,5.147977729811787,True
D1,24,91,Combination,h1_12,1,ARIMA,7.3534886837005615,5.099456548690796,1.0381991391793117,1.1342293139263424,1.5605405914127486,1.5807189723864825,0.44914482341576956,0.9166666666666666,1.0,4.372222676890069,6.640913004477826,True
D1,24,92,Combination,h1,1,ARIMA,7.3534886837005615,5.099456548690796,0.56456726085468,0.4897261669074152,1.1155936663900947,1.1094054379896945,0.1949491059797822,1.0,1.0,1.8141617434155726,2.792884655497759,True
D1,24,92,Combination,h1_6,1,ARIMA,7.3534886837005615,5.099456548690796,0.7843930534742422,0.7692275303780958,1.5468297514909053,1.5317676694054407,0.291262540676027,0.6666666666666666,1.0,2.1309179395076243,3.2411112174992622,True
D1,24,92,Combination,h1_12,1,ARIMA,7.3534886837005615,5.099456548690796,1.1733081009610573,1.1256596764243987,2.3414489012255792,2.3448882222310727,0.40516713933033216,0.4166666666666667,0.9166666666666666,2.4587048705191488,3.7154808080052852,True
D1,24,93,Combination,h1,1,ARIMA,7.3534886837005615,5.099456548690796,0.26121535009906116,0.1977282105487242,0.4476773413915636,0.44667750440340986,0.15759794754056683,1.0,1.0,1.935211070368743,2.9769782711596906,True
D1,24,93,Combination,h1_6,1,ARIMA,7.3534886837005615,5.099456548690796,1.940029646955037,1.938973983568597,3.236328871486053,3.1481221049932473,0.8645333026155845,0.5,0.5,2.079254345837238,3.16248582540912,True
D1,24,93,Combination,h1_12,1,ARIMA,7.3534886837005615,5.099456548690796,1.8767696455943683,1.7553555621317405,3.143155099594864,3.070185150641825,0.7880718215174082,0.3333333333333333,0.5833333333333334,2.2829549384692136,3.4470780987741394,True
D1,24,94,Combination,h1,1,ARIMA,7.3534886837005615,5.099456548690796,0.46536101881389885,0.3790097709255742,0.8058324964663818,0.8025986959124428,0.16973098791364125,1.0,1.0,1.6563934171083312,2.5485059812054334,True
D1,24,94,Combination,h1_6,1,ARIMA,7.3534886837005615,5.099456548690796,2.8400487045353775,2.544675376767032,4.795330602626315,4.6608240002890255,1.251373316375965,0.16666666666666666,0.16666666666666666,1.680690900437316,2.5138550508265207,True
D1,24,94,Combination,h1_12,1,ARIMA,7.3534886837005615,5.099456548690796,2.9234676563515722,2.561946991412936,4.9389209838037065,4.802546687217809,1.2765892741698213,0.08333333333333333,0.08333333333333333,1.7220268457099712,2.590753476077451,True
D1,24,95,Combination,h1,1,ARIMA,7.3534886837005615,5.099456548690796,2.1324655555013567,1.7219263483068408,4.544699473267976,4.650372193560856,0.8320305006841555,0.0,0.0,2.0399915582846964,3.1431615945224096,True
D1,24,95,Combination,h1_6,1,ARIMA,7.3534886837005615,5.099456548690796,1.9451876523935843,1.6965555537552695,4.1496556857558895,4.253244070019522,0.7115838369094997,0.5,0.5,3.3690600904146755,5.2125070459962926,True
D1,24,95,Combination,h1_12,1,ARIMA,7.3534886837005615,5.099456548690796,1.3035726181377525,1.3002627200989294,2.7593777047843937,2.807944730102789,0.5881308107899336,0.75,0.75,4.454119809333556,6.763363150589305,True
D1,24,96,Combination,h1,1,ARIMA,7.3534886837005615,5.099456548690796,0.15476528756784969,0.13780478081848457,0.2100337549221483,0.20981341542477475,0.14887206674394882,1.0,1.0,1.8955808511734866,2.918858242975566,True
D1,24,96,Combination,h1_6,1,ARIMA,7.3534886837005615,5.099456548690796,1.1162140650243566,1.2610409261065898,1.5060713243723476,1.500742814604883,0.4458623887211574,0.8333333333333334,0.8333333333333334,2.8017821777321954,4.325367713387897,True
D1,24,96,Combination,h1_12,1,ARIMA,7.3534886837005615,5.099456548690796,1.676448277505002,1.6900919574145834,2.2921943973437986,2.314588931097696,0.5855721853986472,0.75,0.9166666666666666,3.588654238552982,5.442672213639815,True
D1,24,97,Combination,h1,1,ARIMA,7.3534886837005615,5.099456548690796,0.3967715922553702,0.3391827451902991,0.6665766498994941,0.6688057012182528,0.18195265077073924,1.0,1.0,1.9938376991146565,3.070185666674234,True
D1,24,97,Combination,h1_6,1,ARIMA,7.3534886837005615,5.099456548690796,1.137813790812979,1.1485073119708054,1.9064962819774878,1.9060240197082832,0.44974456835951376,0.6666666666666666,0.8333333333333334,3.2172210479664294,4.975266986253753,True
D1,24,97,Combination,h1_12,1,ARIMA,7.3534886837005615,5.099456548690796,0.9971334986154091,1.0791741184716055,1.681657276716576,1.6916460022668771,0.4630775011153952,0.8333333333333334,0.9166666666666666,4.238479403240035,6.436394288664114,True
D1,24,98,Combination,h1,1,ARIMA,7.3534886837005615,5.099456548690796,0.8853458139616587,0.7166713045029863,1.658011866616578,1.6443798600109607,0.2892215518342305,1.0,1.0,2.1530916967102036,3.314902886738268,True
D1,24,98,Combination,h1_6,1,ARIMA,7.3534886837005615,5.099456548690796,0.8718493870150464,0.7903934193466078,1.6327437850954074,1.6176706087982835,0.3878254020206457,0.8333333333333334,1.0,3.6843768939566433,5.686094665977666,True
D1,24,98,Combination,h1_12,1,ARIMA,7.3534886837005615,5.099456548690796,1.0386758729654273,1.032649550846935,1.9382473577530097,1.911274013696444,0.5084152727406551,0.9166666666666666,1.0,5.052462996025654,7.679024214634788,True
D1,24,99,Combination,h1,1,ARIMA,7.3534886837005615,5.099456548690796,1.0016088192238224,0.7859567433581955,2.0910197186722144,2.113112518390856,0.33117072388387314,0.0,1.0,1.9063797185470983,2.9294652353636765,True
D1,24,99,Combination,h1_6,1,ARIMA,7.3534886837005615,5.099456548690796,0.9090306747321372,0.7964994572685917,1.8678851726456769,1.8609723416240995,0.32939651079833077,0.6666666666666666,1.0,2.4082764476066445,3.666655939878314,True
D1,24,99,Combination,h1_12,1,ARIMA,7.3534886837005615,5.099456548690796,0.9007401317308457,0.8267323386667601,1.8666332642603392,1.8760705794752732,0.35073423974016676,0.75,1.0,2.866315664397931,4.33939030715424,True
D1,24,100,Combination,h1,1,ARIMA,7.3534886837005615,5.099456548690796,0.3363339476239761,0.2619453365161316,0.5571862156044729,0.5556382457475071,0.1737778382283922,1.0,1.0,2.0964298054278103,3.2270623858517635,True
D1,24,100,Combination,h1_6,1,ARIMA,7.3534886837005615,5.099456548690796,0.7196282098185235,0.6376292104595008,1.1874297687005062,1.1844014888463554,0.3232263425186313,1.0,1.0,3.321844380049195,5.136050821411962,True
D1,24,100,Combination,h1_12,1,ARIMA,7.3534886837005615,5.099456548690796,1.7708691750062433,1.6909050671587522,2.8679693422746717,2.8112913216938704,0.665208221584002,0.6666666666666666,0.9166666666666666,4.367379748571363,6.6323333451989015,True
D1,24,101,Combination,h1,1,ARIMA,7.3534886837005615,5.099456548690796,0.254013267135169,0.22873257970379063,0.6367901995262325,0.6388241844255452,0.13637869340777908,1.0,1.0,1.6245184012616452,2.497827780665159,True
D1,24,101,Combination,h1_6,1,ARIMA,7.3534886837005615,5.099456548690796,0.7519760112990889,0.8541807519061322,1.8563164469161768,1.8327019564381801,0.29179806015222726,0.8333333333333334,0.8333333333333334,2.033135827304003,3.0943631970871404,True
D1,24,101,Combination,h1_12,1,ARIMA,7.3534886837005615,5.099456548690796,0.7834860535664466,0.8353606508406031,1.9351397114662494,1.9110157771933751,0.30520798372379426,0.8333333333333334,0.9166666666666666,2.398606800552768,3.630178487391963,True
D1,24,102,Combination,h1,1,ARIMA,7.3534886837005615,5.099456548690796,0.6790379369524977,0.56313760113006,1.2972801952530697,1.2889197449610268,0.2218773869138402,1.0,1.0,1.6496437471978074,2.5390046318489,True
D1,24,102,Combination,h1_6,1,ARIMA,7.3534886837005615,5.099456548690796,0.8646548116510551,0.773525751872319,1.671532135001326,1.6811226014600098,0.2983454841253932,0.5,0.8333333333333334,1.7100080568894225,2.5571521940095474,True
D1,24,102,Combination,h1_12,1,ARIMA,7.3534886837005615,5.099456548690796,0.7363284902065201,0.6795598762880224,1.4171133552783879,1.41920041746233,0.2651411021888509,0.6666666666666666,0.9166666666666666,1.7918718279138313,2.696176504763384,True
D1,24,103,Combination,h1,1,ARIMA,7.3534886837005615,5.099456548690796,0.8411872034824915,0.6720727661959386,1.3549603158891441,1.3642025172577457,0.2752047570395288,0.0,1.0,1.7333579953921663,2.6688167928086095,True
D1,24,103,Combination,h1_6,1,ARIMA,7.3534886837005615,5.099456548690796,1.0405159285565695,1.1006201712364123,1.6405260230952043,1.621294897676135,0.4111492756479726,0.5,0.6666666666666666,2.488459086618167,3.809229344392105,True
D1,24,103,Combination,h1_12,1,ARIMA,7.3534886837005615,5.099456548690796,1.8185463113887121,1.8445205048109723,2.838282031838994,2.7783117329038083,0.7022707326060268,0.4166666666666667,0.5833333333333334,3.150386646048744,4.77187174558413,True
D1,24,104,Combination,h1,1,ARIMA,7.3534886837005615,5.099456548690796,0.5119138805111105,0.4145576460826177,0.9730046313855921,0.9777614635477037,0.20419534491337105,1.0,1.0,2.0442589679370715,3.1492090537027266,True
D1,24,104,Combination,h1_6,1,ARIMA,7.3534886837005615,5.099456548690796,0.8871350589608678,0.7479535860015204,1.6716921773290472,1.6870051355899898,0.3103811033206739,0.8333333333333334,1.0,2.7195565243818276,4.222492328242512,True
D1,24,104,Combination,h1_12,1,ARIMA,7.3534886837005615,5.099456548690796,1.1383419028832833,0.9915107982989875,2.1223333728318052,2.1140722967024685,0.41870075168224347,0.8333333333333334,1.0,3.3847552789227366,5.135253011918922,True
D1,24,105,Combination,h1,1,ARIMA,7.3534886837005615,5.099456548690796,0.36712725967544463,0.3083020077911894,0.4747489962737977,0.47362473194329496,0.16934663976047512,1.0,1.0,1.9460447975322428,2.9963904584997763,True
D1,24,105,Combination,h1_6,1,ARIMA,7.3534886837005615,5.099456548690796,1.6105351150538831,1.7672153629805518,2.132306656078492,2.1710420389933165,0.601154489622051,0.5,0.8333333333333334,2.6296787924807474,4.021231977867625,True
D1,24,105,Combination,h1_12,1,ARIMA,7.3534886837005615,5.099456548690796,1.8604318015171903,1.8794090441377567,2.4238683147475055,2.42910164112185,0.6867479598771166,0.4166666666666667,0.75,3.2189693564518427,4.870887018827195,True
D1,24,106,Combination,h1,1,ARIMA,7.3534886837005615,5.099456548690796,0.07386030950917273,0.05882496127508725,0.14149696759799865,0.14139693141288573,0.13440777051945935,1.0,1.0,1.7610337217304965,2.7113675364252754,True
D1,24,106,Combination,h1_6,1,ARIMA,7.3534886837005615,5.099456548690796,0.805843156446639,0.9492581513215576,1.5195383546943018,1.495050469752932,0.36334146554006364,0.6666666666666666,0.8333333333333334,1.8995356681064226,2.877818043875126,True
D1,24,106,Combination,h1_12,1,ARIMA,7.3534886837005615,5.099456548690796,1.3400780375415804,1.3951179099371824,2.5153811910337702,2.4634516090900447,0.5464448347057551,0.4166666666666667,0.6666666666666666,2.074641406782081,3.1360040965073814,True
D1,24,107,Combination,h1,1,ARIMA,7.3534886837005615,5.099456548690796,0.44686215179647476,0.3450745506757003,0.6451433054949812,0.6472310895175335,0.2020566746277105,1.0,1.0,2.201274354267858,3.3862985288386453,True
D1,24,107,Combination,h1_6,1,ARIMA,7.3534886837005615,5.099456548690796,0.804299348270574,0.8230912870741217,1.1472484098118452,1.1366513389424437,0.38097467837639043,1.0,1.0,3.6542900079889895,5.593258910671769,True
D1,24,107,Combination,h1_12,1,ARIMA,7.3534886837005615,5.099456548690796,0.8875200356831198,0.840685010497767,1.271899631386593,1.2652282142312525,0.45879590013208515,1.0,1.0,4.937123217513428,7.475946674954229,True
D1,24,108,Combination,h1,1,ARIMA,7.3534886837005615,5.099456548690796,0.11266594845463955,0.09331636734669572,0.20200437353585982,0.2022086086524318,0.15811723712306872,1.0,1.0,2.052686299394356,3.159763710863745,True
D1,24,108,Combination,h1_6,1,ARIMA,7.3534886837005615,5.099456548690796,0.7667901376741391,0.8020572274795873,1.3709309105881922,1.3649837228163464,0.32429774040454157,1.0,1.0,3.009976205304963,4.651487229107062,True
D1,24,108,Combination,h1_12,1,ARIMA,7.3534886837005615,5.099456548690796,1.042480214540471,1.0415431830360988,1.886998544400748,1.9026169740583905,0.41263541095876743,1.0,1.0,3.844549212522727,5.831060371765424,True
D1,24,109,Combination,h1,1,ARIMA,7.3534886837005615,5.099456548690796,0.7309907292651731,0.5933451280677735,1.7033955721156742,1.6890103087101018,0.2429952444455235,1.0,1.0,1.9698227601636094,3.0296757237286154,True
D1,24,109,Combination,h1_6,1,ARIMA,7.3534886837005615,5.099456548690796,0.9462880506632706,0.9092855536262682,2.19779362217011,2.171123630960174,0.37471426516471,0.8333333333333334,0.8333333333333334,2.6871300289596975,4.075501798663517,True
D1,24,109,Combination,h1_12,1,ARIMA,7.3534886837005615,5.099456548690796,1.5865804460520592,1.5175352907167536,3.646975539077477,3.5611588884020113,0.575899099497003,0.5,0.75,3.3158346613877905,5.02925794659151,True
D1,24,110,Combination,h1,1,ARIMA,7.3534886837005615,5.099456548690796,0.9879886589772688,0.8101934003459529,2.103616935801301,2.1259781540513307,0.32394693600939756,1.0,1.0,2.0880985174131723,3.213532970331506,True
D1,24,110,Combination,h1_6,1,ARIMA,7.3534886837005615,5.099456548690796,0.7215139041989358,0.7288614824079335,1.5313586013116953,1.54145566046724,0.35978392448513,0.8333333333333334,1.0,3.471313369226937,5.3442199589043815,True
D1,24,110,Combination,h1_12,1,ARIMA,7.3534886837005615,5.099456548690796,0.9628577826164312,0.9314043777448241,2.0202142786898167,2.0061912019257027,0.45875191377108177,0.9166666666666666,1.0,4.716556686086057,7.153637346850622,True
D1,24,111,Combination,h1,1,ARIMA,7.3534886837005615,5.099456548690796,0.06206669787580907,0.05446534084901278,0.08351608873377428,0.08348122860529526,0.14799325074992778,1.0,1.0,1.9542630100751617,3.0074999454143523,True
D1,24,111,Combination,h1_6,1,ARIMA,7.3534886837005615,5.099456548690796,1.5594999541213794,1.5760476464664628,2.12560217137748,2.1561139434195344,0.5285622263623913,0.6666666666666666,1.0,3.5176948156378223,5.427381655933765,True
D1,24,111,Combination,h1_12,1,ARIMA,7.3534886837005615,5.099456548690796,1.6151418291339323,1.5418162250397198,2.19633865818002,2.2253561518132234,0.5777798029792099,0.8333333333333334,1.0,4.870856130035752,7.400575467737012,True
D1,24,112,Combination,h1,1,ARIMA,7.3534886837005615,5.099456548690796,0.857139307948018,0.6945777276302906,1.5283272897123885,1.5167369374483035,0.2744674720755523,1.0,1.0,1.805532908476178,2.7791679061475247,True
D1,24,112,Combination,h1_6,1,ARIMA,7.3534886837005615,5.099456548690796,0.6966441673925283,0.6910411405513864,1.2575174756912004,1.2631028062006444,0.271769793645233,0.8333333333333334,0.8333333333333334,1.8331257272264463,2.7398162081231416,True
D1,24,112,Combination,h1_12,1,ARIMA,7.3534886837005615,5.099456548690796,0.758400768196178,0.7163362263193116,1.3628107317475742,1.3619876494754455,0.28272844180808854,0.75,0.9166666666666666,1.880069778416801,2.827146444657912,True
D1,24,113,Combination,h1,1,ARIMA,7.3534886837005615,5.099456548690796,2.945331860369962,2.4884556409130676,6.420948113580578,6.221217538490842,1.2371751150383423,0.0,0.0,1.9168235768871753,2.9484983137284577,True
D1,24,113,Combination,h1_6,1,ARIMA,7.3534886837005615,5.099456548690796,3.0171030324074612,2.571640439652689,6.576296965149754,6.363718594398106,1.180821080487006,0.0,0.16666666666666666,2.8501848524261755,4.359854353234751,True
D1,24,113,Combination,h1_12,1,ARIMA,7.3534886837005615,5.099456548690796,2.1211644138058383,1.9723212939330952,4.653374004101642,4.527167927762523,0.829583377800727,0.5,0.5833333333333334,3.7140336152037756,5.629610790528103,True
D1,24,114,Combination,h1,1,ARIMA,7.3534886837005615,5.099456548690796,1.8571411570872038,1.5512647742918109,3.5934364275408983,3.659181610002757,0.6970601102358233,0.0,0.0,2.008860766501551,3.090504716923494,True
D1,24,114,Combination,h1_6,1,ARIMA,7.3534886837005615,5.099456548690796,1.2587651797541248,1.1713688264058042,2.4269581472252164,2.4642466961116583,0.4776073533443654,0.6666666666666666,0.8333333333333334,3.317390765859283,5.108283942321569,True
D1,24,114,Combination,h1_12,1,ARIMA,7.3534886837005615,5.099456548690796,1.8359349256610236,1.6814405269257138,3.5565583674909087,3.6348320185381358,0.6303363875643578,0.75,0.9166666666666666,4.504760264226589,6.835692030689044,True
D1,24,115,Combination,h1,1,ARIMA,7.3534886837005615,5.099456548690796,1.2173015337019715,1.041078565273033,2.182316291297805,2.158760797016089,0.4097215758056041,0.0,1.0,1.7236665456815627,2.65124836141019,True
D1,24,115,Combination,h1_6,1,ARIMA,7.3534886837005615,5.099456548690796,0.7230267979316818,0.7045017937974305,1.3018003535115765,1.294437948116896,0.2650839432999228,0.5,1.0,1.8029225061955767,2.7000152946505835,True
D1,24,115,Combination,h1_12,1,ARIMA,7.3534886837005615,5.099456548690796,0.9097905599535473,0.8867612886567091,1.6324353828397313,1.6171537824253321,0.3256906984031974,0.4166666666666667,0.9166666666666666,1.8740965511114298,2.821744850821824,True
D1,24,116,Combination,h1,1,ARIMA,7.3534886837005615,5.099456548690796,0.7609520904056613,0.6307823503168202,1.2124819515773382,1.2051756827582167,0.25259446029202204,1.0,1.0,2.042994350842888,3.144114616774156,True
D1,24,116,Combination,h1_6,1,ARIMA,7.3534886837005615,5.099456548690796,1.4654762206510936,1.383328894594775,2.3180086349758158,2.2906132155311436,0.5133932936824076,0.8333333333333334,0.8333333333333334,2.996997278399316,4.56305942588246,True
D1,24,116,Combination,h1_12,1,ARIMA,7.3534886837005615,5.099456548690796,1.1246415273909596,1.1271349067142105,1.784024091582986,1.7690392161018784,0.4703619798404782,0.9166666666666666,0.9166666666666666,3.8731171877806516,5.860863888245862,True
D1,24,117,Combination,h1,1,ARIMA,7.3534886837005615,5.099456548690796,2.007913705577113,1.5932632533693654,4.271035528863346,4.181733859433882,0.7426778191458374,0.0,0.0,2.121820965714034,3.26583840285525,True
D1,24,117,Combination,h1_6,1,ARIMA,7.3534886837005615,5.099456548690796,1.7519656745174643,1.4849008672588562,3.7041817918445705,3.6276925521073067,0.6475957539395226,0.3333333333333333,0.6666666666666666,3.3035463791738344,5.114311560448832,True
D1,24,117,Combination,h1_12,1,ARIMA,7.3534886837005615,5.099456548690796,2.6712809325998172,2.445882033071889,5.538845090548702,5.345962913105078,1.011094652628305,0.3333333333333333,0.5833333333333334,4.3043674821959295,6.544966919574515,True
D1,24,118,Combination,h1,1,ARIMA,7.3534886837005615,5.099456548690796,3.7625576716955726,2.750122942024083,4.488576158609992,4.591625461488512,1.6199088719007682,0.0,0.0,2.2719841022152565,3.4977732673722928,True
D1,24,118,Combination,h1_6,1,ARIMA,7.3534886837005615,5.099456548690796,2.1217790416635602,1.7666441771384336,2.515059653298872,2.557017165773714,0.8131655404501565,0.16666666666666666,0.6666666666666666,3.229336177300435,4.986516262810673,True
D1,24,118,Combination,h1_12,1,ARIMA,7.3534886837005615,5.099456548690796,1.8056497560080922,1.635964913266909,2.1405873347981204,2.176618289708046,0.732424717718822,0.5,0.75,4.096302852388912,6.207614288523399,True
D1,24,119,Combination,h1,1,ARIMA,7.3534886837005615,5.099456548690796,0.19969833536333337,0.16149220784821705,0.27827463700884086,0.2786623603447056,0.13306202863579797,1.0,1.0,1.6490620975841526,2.537726234830011,True
D1,24,119,Combination,h1_6,1,ARIMA,7.3534886837005615,5.099456548690796,1.5835541364770458,1.5389141825747676,2.1813963998597794,2.147845369258945,0.6642725195203328,0.3333333333333333,0.3333333333333333,1.6915722110318774,2.5297551178920576,True
D1,24,119,Combination,h1_12,1,ARIMA,7.3534886837005615,5.099456548690796,2.4488050964101746,2.32801525647941,3.3700454444779564,3.293933225449308,1.0445461871998898,0.16666666666666666,0.25,1.750468458491421,2.633598745033571,True
D1,24,120,Combination,h1,1,ARIMA,7.3534886837005615,5.099456548690796,1.1545089484726323,0.9777968384918343,2.374443638799349,2.402972249661449,0.39136845098734674,0.0,1.0,1.8940569593994487,2.912199203232585,True
D1,24,120,Combination,h1_6,1,ARIMA,7.3534886837005615,5.099456548690796,1.0816329663629236,1.0023290743690545,2.2260023907382744,2.2561605549691017,0.37679228858840885,0.8333333333333334,1.0,2.9186991407664507,4.494426171275,True
D1,24,120,Combination,h1_12,1,ARIMA,7.3534886837005615,5.099456548690796,1.1049649543048743,1.108641025103148,2.2758513775564637,2.30944200573736,0.4410036219050816,0.8333333333333334,1.0,3.7651395614975476,5.713109497758935,True
D1,24,121,Combination,h1,1,ARIMA,7.3534886837005615,5.099456548690796,1.292983152825182,0.9945900024134935,1.9672939458506642,1.9868374119098635,0.43845275785575505,0.0,1.0,2.149383205498506,3.309414996843211,True
D1,24,121,Combination,h1_6,1,ARIMA,7.3534886837005615,5.099456548690796,1.0808696511779265,0.9502017199216284,1.6436339664140032,1.65659046893618,0.4022796912368958,0.6666666666666666,1.0,3.2119748117684446,4.9572075262703965,True
D1,24,121,Combination,h1_12,1,ARIMA,7.3534886837005615,5.099456548690796,1.624833155602922,1.4397437280227552,2.489274629682954,2.5289235399346826,0.5625363850902207,0.5833333333333334,1.0,4.119422544523935,6.247788858031117,True
D1,24,122,Combination,h1,1,ARIMA,7.3534886837005615,5.099456548690796,0.1816885364478048,0.13713071222149942,0.29898573770701614,0.2994333692409992,0.16462126446747952,1.0,1.0,2.0890905040195507,3.2152318019972603,True
D1,24,122,Combination,h1_6,1,ARIMA,7.3534886837005615,5.099456548690796,0.5150745489316356,0.567109657034836,0.8380084706052079,0.8307998361429033,0.28316747934019015,0.8333333333333334,1.0,2.719326340898431,4.081852178513373,True
D1,24,122,Combination,h1_12,1,ARIMA,7.3534886837005615,5.099456548690796,0.8066391633087696,0.8313032279426227,1.325966086422012,1.3313593077569434,0.35942176326352504,0.8333333333333334,1.0,3.2429376366518405,4.8972888636889325,True
D1,24,123,Combination,h1,1,ARIMA,7.3534886837005615,5.099456548690796,2.0857778600249874,1.6660484011445498,3.1675871912075304,3.218562579207518,0.7981400129631486,0.0,0.0,2.1274608288701016,3.2752472444522187,True
D1,24,123,Combination,h1_6,1,ARIMA,7.3534886837005615,5.099456548690796,1.7874901785715076,1.7571344576461743,2.7039489956474307,2.739181357515878,0.7284302366514878,0.5,0.6666666666666666,3.2449199133010276,5.01290962321965,True
D1,24,123,Combination,h1_12,1,ARIMA,7.3534886837005615,5.099456548690796,1.323402767232314,1.3833168444102808,1.9919629809990989,2.0077659604982654,0.5998752186256031,0.75,0.8333333333333334,4.170754233036312,6.330083501971483,True
D1,24,124,Combination,h1,1,ARIMA,7.3534886837005615,5.099456548690796,0.5038582639431782,0.43567214672314675,1.1394208559084313,1.145949449420866,0.19691921042809812,1.0,1.0,1.946704707468009,2.996002060299231,True
D1,24,124,Combination,h1_6,1,ARIMA,7.3534886837005615,5.099456548690796,1.065289559702979,1.0502661619120441,2.4403930817365387,2.4800964650968984,0.38209693654591764,0.6666666666666666,1.0,2.8076819594262563,4.316886880117086,True
D1,24,124,Combination,h1_12,1,ARIMA,7.3534886837005615,5.099456548690796,0.9540157752060978,0.9539142488084759,2.1647991495921737,2.176258714751591,0.38862485369376837,0.8333333333333334,1.0,3.5379339468867497,5.348818641581784,True
D1,24,125,Combination,h1,1,ARIMA,7.3534886837005615,5.099456548690796,1.3783971440580804,1.1752858915246671,2.464018555316462,2.434031066752982,0.4623756870853482,0.0,1.0,1.9845655344542257,3.054199215121173,True
D1,24,125,Combination,h1_6,1,ARIMA,7.3534886837005615,5.099456548690796,1.119725050072596,1.0672382226345931,2.0071908430042775,1.9864688938694974,0.45312330956099994,0.5,1.0,3.5472082694480624,5.475678735587835,True
D1,24,125,Combination,h1_12,1,ARIMA,7.3534886837005615,5.099456548690796,1.0686631688637118,0.9812095149211586,1.9373071939423967,1.9361544320663227,0.48971052092413325,0.75,1.0,4.90681456840812,7.460123624937247,True
D1,24,126,Combination,h1,1,ARIMA,7.3534886837005615,5.099456548690796,0.8785635317863251,0.7594991002076592,2.091144130990547,2.113239573649619,0.2914638615798865,0.0,1.0,1.6609022865733198,2.55518251749743,True
D1,24,126,Combination,h1_6,1,ARIMA,7.3534886837005615,5.099456548690796,0.939623037128355,0.8406118482696967,2.2333360553009203,2.2604418496296406,0.3092132099132879,0.5,1.0,1.839859969786946,2.779325939938391,True
D1,24,126,Combination,h1_12,1,ARIMA,7.3534886837005615,5.099456548690796,1.1600675757878784,1.1240355443520496,2.76173262521711,2.8109364527750076,0.40689921259976963,0.4166666666666667,0.8333333333333334,2.0379795388457054,3.0761524843741306,True
D1,24,127,Combination,h1,1,ARIMA,7.3534886837005615,5.099456548690796,0.0033138857495984865,0.002566028928806937,0.005390525142320144,0.005390379857429403,0.12953586587364663,1.0,1.0,1.7486825716102503,2.691417123199698,True
D1,24,127,Combination,h1_6,1,ARIMA,7.3534886837005615,5.099456548690796,1.0388321793057624,0.9967476324686695,1.6840758893550516,1.6789464856205492,0.4117827480050754,0.3333333333333333,0.6666666666666666,1.8489733198306066,2.798698624722015,True
D1,24,127,Combination,h1_12,1,ARIMA,7.3534886837005615,5.099456548690796,0.8734016645934556,0.8291452049596456,1.4161006863839911,1.4118866189714834,0.3371891975101682,0.5833333333333334,0.8333333333333334,1.9864119947997358,2.996831867567908,True
D1,24,128,Combination,h1,1,ARIMA,7.3534886837005615,5.099456548690796,2.5574445194070745,1.8343797680433458,3.287554152065529,3.342497357393362,1.0004677896434548,0.0,0.0,2.4181946529247496,3.722525979203406,True
D1,24,128,Combination,h1_6,1,ARIMA,7.3534886837005615,5.099456548690796,3.845819090437938,2.9375247383550747,5.007392858745837,5.155297186729237,1.4742451555604283,0.0,0.5,4.1214161706011145,6.349140680534863,True
D1,24,128,Combination,h1_12,1,ARIMA,7.3534886837005615,5.099456548690796,2.8331813217353616,2.343756148244288,3.6561372631805615,3.727404517211539,1.1112736845862714,0.5,0.75,5.643780905435667,8.566748032279774,True
D1,24,129,Combination,h1,1,ARIMA,7.3534886837005615,5.099456548690796,1.3760936128802144,1.0918777903442873,1.7032798499755875,1.7179102596219897,0.475713906760946,0.0,1.0,1.989473601215561,3.0639073979403357,True
D1,24,129,Combination,h1_6,1,ARIMA,7.3534886837005615,5.099456548690796,1.346950940714103,1.3698906988191681,1.633095687868336,1.6166302250556441,0.5355498212083135,0.5,0.8333333333333334,2.3027603941339825,3.5296675080170004,True
D1,24,129,Combination,h1_12,1,ARIMA,7.3534886837005615,5.099456548690796,2.3191442890360965,2.1186137960906644,2.7901837827236564,2.7423037966345616,0.9471743328134561,0.25,0.4166666666666667,2.630020750146353,3.9774019520715136,True
D1,24,130,Combination,h1,1,ARIMA,7.3534886837005615,5.099456548690796,0.46523938909447476,0.33287664719819376,0.6326153132380257,0.6346226733444544,0.189681899783138,1.0,1.0,1.9380839018149987,2.9793571030110426,True
D1,24,130,Combination,h1_6,1,ARIMA,7.3534886837005615,5.099456548690796,1.472191084781452,1.3358878409776567,2.0073608510870935,2.0216266150322992,0.592034562878523,0.5,0.5,1.98988875986892,2.9813649290495796,True
D1,24,130,Combination,h1_12,1,ARIMA,7.3534886837005615,5.099456548690796,2.951190085487118,2.475668595939086,4.099000541719606,4.209729438183315,1.2655245800179817,0.25,0.25,2.063682666590278,3.108706039448703,True
D1,24,131,Combination,h1,1,ARIMA,7.3534886837005615,5.099456548690796,0.08884325217966026,0.07329989878073448,0.17598406553928456,0.17613905387328888,0.14979052207663643,1.0,1.0,1.9567038867821211,3.0143609715900634,True
D1,24,131,Combination,h1_6,1,ARIMA,7.3534886837005615,5.099456548690796,0.3520176385871796,0.3786300573205863,0.6994511932989282,0.7024742455552923,0.26833291850094365,1.0,1.0,3.2222620289877626,4.98455627247917,True
D1,24,131,Combination,h1_12,1,ARIMA,7.3534886837005615,5.099456548690796,0.4931438375854534,0.522513097482959,0.9803673660929322,0.9859475593283618,0.3530749757359871,1.0,1.0,4.259758715351347,6.468423604143543,True
D1,24,132,Combination,h1,1,ARIMA,7.3534886837005615,5.099456548690796,0.189038382259779,0.16604812002272842,0.37508218652797337,0.374380070051636,0.12361892835458806,1.0,1.0,1.5284248055416731,2.353803396298135,True
D1,24,132,Combination,h1_6,1,ARIMA,7.3534886837005615,5.099456548690796,0.49045251025663944,0.6252629472851394,0.9651119286588649,0.9554713470201353,0.22386099541577859,0.8333333333333334,0.8333333333333334,1.5528692921650744,2.3189393809524037,True
D1,24,132,Combination,h1_12,1,ARIMA,7.3534886837005615,5.099456548690796,0.9589002827404758,1.1538389580172697,1.931319117885752,1.9578669828254953,0.3944325127238727,0.5833333333333334,0.75,1.5944593298199825,2.3963100868202445,True
D1,24,133,Combination,h1,1,ARIMA,7.3534886837005615,5.099456548690796,1.5570927129272687,1.354116436779758,2.7023071663414266,2.739319581014805,0.5792107185502341,0.0,0.0,1.7323163598780624,2.6666777808531275,True
D1,24,133,Combination,h1_6,1,ARIMA,7.3534886837005615,5.099456548690796,0.628231457041564,0.6997105511703983,1.0847406449600585,1.0945498476113102,0.2643034594494591,0.8333333333333334,0.8333333333333334,2.023238802318599,3.0802059447766816,True
D1,24,133,Combination,h1_12,1,ARIMA,7.3534886837005615,5.099456548690796,0.6972378393837237,0.8130329311323803,1.2044317105596731,1.21641254748595,0.3021638358806429,0.8333333333333334,0.8333333333333334,2.3404023050833294,3.5325438183533344,True
D1,24,134,Combination,h1,1,ARIMA,7.3534886837005615,5.099456548690796,0.21275921494588015,0.16447166472063565,0.364848067722777,0.3641837091099525,0.16073028932925856,1.0,1.0,2.0126506352511124,3.0984784557403504,True
D1,24,134,Combination,h1_6,1,ARIMA,7.3534886837005615,5.099456548690796,0.7740758799635404,0.758521719573675,1.343252330395841,1.3570456951173866,0.3052595766694179,0.6666666666666666,1.0,2.1162723988084995,3.1641857104888818,True
D1,24,134,Combination,h1_12,1,ARIMA,7.3534886837005615,5.099456548690796,1.0777226087878111,1.0795639007669,1.880276589015012,1.9103025796097624,0.42385619202817176,0.5833333333333334,0.8333333333333334,2.2465568044543827,3.3805071740605417,True
D1,24,135,Combination,h1,1,ARIMA,7.3534886837005615,5.099456548690796,1.220410005728781,1.0078765806084395,1.8536701606725288,1.8710113502234733,0.4225668545869664,0.0,1.0,1.7217461975948039,2.648794657959415,True
D1,24,135,Combination,h1_6,1,ARIMA,7.3534886837005615,5.099456548690796,1.3120792099092582,1.1484098213465823,1.9827973527332492,1.9905525937657238,0.47081155244427775,0.16666666666666666,0.6666666666666666,1.970154008750171,2.953542861129665,True
D1,24,135,Combination,h1_12,1,ARIMA,7.3534886837005615,5.099456548690796,1.371471823120345,1.2462038178020858,2.0675564081031013,2.0729981587313437,0.4927306683945928,0.4166666666666667,0.6666666666666666,2.2600887371591276,3.4092391495519765,True
D1,24,136,Combination,h1,1,ARIMA,7.3534886837005615,5.099456548690796,0.9250370306639811,0.7718449073522757,1.6833165909483039,1.6976046210658573,0.31317073755802066,0.0,1.0,1.5454972123797708,2.378317201060935,True
D1,24,136,Combination,h1_6,1,ARIMA,7.3534886837005615,5.099456548690796,0.5537779350152702,0.5694466922942236,1.0015767589044466,1.0034155400540221,0.21787798351066043,0.6666666666666666,1.0,1.6206114063808366,2.4246543449137037,True
D1,24,136,Combination,h1_12,1,ARIMA,7.3534886837005615,5.099456548690796,0.8761484281213655,0.953660992179747,1.566878474068837,1.5511589260864043,0.3478330085441716,0.5833333333333334,0.75,1.7184508586814646,2.5868888897864433,True
D1,24,137,Combination,h1,1,ARIMA,7.3534886837005615,5.099456548690796,0.7593414301307754,0.6506569811601075,1.495285919990271,1.484189481816482,0.2506289124814953,1.0,1.0,1.9749406896050743,3.0407095998427174,True
D1,24,137,Combination,h1_6,1,ARIMA,7.3534886837005615,5.099456548690796,1.9203312557742822,1.899101268567662,3.703924904843,3.616093653854223,0.7106359524630349,0.3333333333333333,0.6666666666666666,3.0027221479798483,4.639496773332633,True
D1,24,137,Combination,h1_12,1,ARIMA,7.3534886837005615,5.099456548690796,1.4904084071969317,1.5321886037080805,2.898266061891528,2.853966016568331,0.5872614154066123,0.6666666666666666,0.8333333333333334,3.8721752557270026,5.877648303047321,True
D1,24,138,Combination,h1,1,ARIMA,7.3534886837005615,5.099456548690796,2.111719467941715,1.5848216921056897,2.9078892433160175,2.9507921267390476,0.8102840195833045,0.0,0.0,2.1328573013751937,3.282465095703765,True
D1,24,138,Combination,h1_6,1,ARIMA,7.3534886837005615,5.099456548690796,1.206326833000165,1.0419016792305174,1.6284264313574919,1.6251254578228518,0.4522844333444224,0.6666666666666666,0.8333333333333334,2.6911204716881962,4.079648806474443,True
D1,24,138,Combination,h1_12,1,ARIMA,7.3534886837005615,5.099456548690796,1.1657756362667338,1.0281918018142373,1.5752543623316315,1.5747924456432523,0.44805305298878034,0.6666666666666666,0.9166666666666666,3.1570351497871694,4.7749270952314795,True
D1,24,139,Combination,h1,1,ARIMA,7.3534886837005615,5.099456548690796,2.5494466491834418,2.0701373842812716,3.8873279591023526,3.8132119323100935,1.0377755999444516,0.0,0.0,1.927551667579955,2.9654637536518553,True
D1,24,139,Combination,h1_6,1,ARIMA,7.3534886837005615,5.099456548690796,2.072001939097739,1.8270523618092216,3.1706701464596594,3.112633493976527,0.8243430643645128,0.16666666666666666,0.3333333333333333,2.379249160358186,3.6344744035662617,True
D1,24,139,Combination,h1_12,1,ARIMA,7.3534886837005615,5.099456548690796,1.7792741031534427,1.5800455488781882,2.7612358268071904,2.7482041285350864,0.6662026774700928,0.4166666666666667,0.6666666666666666,2.8152561675014556,4.252885349925019,True
D1,24,140,Combination,h1,1,ARIMA,7.3534886837005615,5.099456548690796,0.7162862743049078,0.5835582769792519,1.1432115795675082,1.1367140562089322,0.239612713831502,1.0,1.0,2.0285770452635923,3.1245233735885893,True
D1,24,140,Combination,h1_6,1,ARIMA,7.3534886837005615,5.099456548690796,1.2255823366663996,1.2642641358282727,1.9415793352735997,1.912042124814668,0.4973474967060132,0.5,0.6666666666666666,2.4503606585549793,3.7964824131880293,True
D1,24,140,Combination,h1_12,1,ARIMA,7.3534886837005615,5.099456548690796,1.3935356551902132,1.3151394381467083,2.2149916205924383,2.1882252282781662,0.5181961073941931,0.5,0.8333333333333334,2.906751435356807,4.396460371184434,True
D1,24,141,Combination,h1,1,ARIMA,7.3534886837005615,5.099456548690796,0.7484631118637911,0.631200010336497,1.0181041153819401,1.0129476843514162,0.24861860231359764,1.0,1.0,2.01786979255178,3.105444791037822,True
D1,24,141,Combination,h1_6,1,ARIMA,7.3534886837005615,5.099456548690796,3.217455101432118,3.035225500299709,4.540727376279474,4.673115426411095,1.25895501885969,0.16666666666666666,0.3333333333333333,3.034928312939264,4.687091653261059,True
D1,24,141,Combination,h1_12,1,ARIMA,7.3534886837005615,5.099456548690796,2.0536369576216695,2.216095829149706,2.882257155133785,2.949234202784817,0.8401640271153965,0.5833333333333334,0.6666666666666666,3.9089173188512856,5.932483327161898,True
D1,24,142,Combination,h1,1,ARIMA,7.3534886837005615,5.099456548690796,1.9579472180318573,1.5334990416409269,3.758243881996015,3.6889244924711404,0.7587951637971759,0.0,0.0,1.7860363917107904,2.74983729870672,True
D1,24,142,Combination,h1_6,1,ARIMA,7.3534886837005615,5.099456548690796,0.8271489267839744,0.8207679486161203,1.597550035652157,1.5775014129980791,0.32984992704979277,0.6666666666666666,0.6666666666666666,1.8139589818438482,2.710015963745171,True
D1,24,142,Combination,h1_12,1,ARIMA,7.3534886837005615,5.099456548690796,0.8560355263027676,0.8085127847679134,1.65503845245769,1.6354836695460606,0.32654087625025346,0.5833333333333334,0.75,1.861463023348419,2.798388686602061,True
D1,24,143,Combination,h1,1,ARIMA,7.3534886837005615,5.099456548690796,0.9938917812726252,0.836606689772686,2.2178813534247372,2.1935561173726787,0.31574195793368687,0.0,1.0,1.912088305048227,2.9417055339576827,True
D1,24,143,Combination,h1_6,1,ARIMA,7.3534886837005615,5.099456548690796,1.699757300217393,1.577117572678294,3.7361367398168226,3.6538019126789063,0.5993721737223993,0.16666666666666666,0.8333333333333334,2.8297885004867287,4.369622348773972,True
D1,24,143,Combination,h1_12,1,ARIMA,7.3534886837005615,5.099456548690796,1.1343607005081244,1.2050225842729454,2.4992629396769357,2.4510123488261923,0.49467056157199896,0.5833333333333334,0.9166666666666666,3.627738133525296,5.507273160188045,True
D1,24,144,Combination,h1,1,ARIMA,7.3534886837005615,5.099456548690796,0.23363000661526215,0.1841813458688807,0.3643913242364304,0.3650564412366467,0.17187351072659962,1.0,1.0,2.147324325564254,3.3062785651381454,True
D1,24,144,Combination,h1_6,1,ARIMA,7.3534886837005615,5.099456548690796,1.101367496153987,1.191557363070764,1.687015635672684,1.6712532090433223,0.44864895075701444,0.8333333333333334,0.8333333333333334,3.37827871230014,5.225629667403298,True
D1,24,144,Combination,h1_12,1,ARIMA,7.3534886837005615,5.099456548690796,1.24668231138744,1.2946301311127688,1.8986697619472965,1.8733903919114299,0.5491070177008391,0.8333333333333334,0.9166666666666666,4.388483205995436,6.67367634511717,True
D1,24,145,Combination,h1,1,ARIMA,7.3534886837005615,5.099456548690796,0.651326238529026,0.5267282574183209,1.1659397602032444,1.1591820778339363,0.2262350993557288,1.0,1.0,2.116261266299414,3.257423714328956,True
D1,24,145,Combination,h1_6,1,ARIMA,7.3534886837005615,5.099456548690796,1.3162950272048892,1.3088432922197037,2.3210018801312042,2.2814300008542783,0.5072994489660194,0.6666666666666666,1.0,3.485272568750563,5.385268113118762,True
D1,24,145,Combination,h1_12,1,ARIMA,7.3534886837005615,5.099456548690796,1.0309232560768327,1.0337932563535097,1.8235469896910679,1.7986810908814463,0.4899474427111145,0.8333333333333334,1.0,4.5797847452224945,6.955683345347779,True
D1,24,146,Combination,h1,1,ARIMA,7.3534886837005615,5.099456548690796,3.3696949428366803,2.8665116068606595,5.162394944166098,5.032496277469384,1.43897908589771,0.0,0.0,1.9971601529713345,3.073766700201529,True
D1,24,146,Combination,h1_6,1,ARIMA,7.3534886837005615,5.099456548690796,1.3579877360791808,1.466217157631017,2.1107863920394903,2.0856648816865544,0.6021047613123162,0.6666666666666666,0.8333333333333334,3.5951756113716224,5.54748083010778,True
D1,24,146,Combination,h1_12,1,ARIMA,7.3534886837005615,5.099456548690796,1.442597732273221,1.412719414348732,2.253070624312015,2.2314505950171344,0.6104306149317565,0.8333333333333334,0.9166666666666666,4.979652607164421,7.565755929964311,True
D1,24,147,Combination,h1,1,ARIMA,7.3534886837005615,5.099456548690796,0.357660421395517,0.26883027422967437,0.5521657186411182,0.5536943739004796,0.17860645713526774,1.0,1.0,2.053593149549162,3.1588457435779,True
D1,24,147,Combination,h1_6,1,ARIMA,7.3534886837005615,5.099456548690796,1.0908007958366037,1.0206878860272264,1.6637367002417538,1.654790026424675,0.44032870331103724,0.6666666666666666,1.0,3.3926091273268666,5.2371178886831755,True
D1,24,147,Combination,h1_12,1,ARIMA,7.3534886837005615,5.099456548690796,1.5485200242137005,1.4922408845251545,2.3362135361586667,2.3012068143324296,0.6180427564433038,0.6666666666666666,0.9166666666666666,4.431250420055907,6.731135160419025,True
D1,24,148,Combination,h1,1,ARIMA,7.3534886837005615,5.099456548690796,1.1118802812978306,0.7934814130266653,1.6850967751010333,1.6710176428951358,0.35757509110742836,1.0,1.0,2.4194089982724667,3.7242610952225172,True
D1,24,148,Combination,h1_6,1,ARIMA,7.3534886837005615,5.099456548690796,1.0752024410187837,0.9569709606641053,1.6202080599849562,1.6001760306336192,0.4809592014078534,0.8333333333333334,1.0,3.8937326031075137,6.0194881660076,True
D1,24,148,Combination,h1_12,1,ARIMA,7.3534886837005615,5.099456548690796,1.1712779289150423,0.942632554676881,1.7853296615521503,1.785451642852749,0.5150981537417099,0.9166666666666666,1.0,5.078827580802864,7.724013028777082,True
D1,24,149,Combination,h1,1,ARIMA,7.3534886837005615,5.099456548690796,0.0968059332896918,0.07565723116945983,0.15418025149378767,0.15406148530104158,0.15985630854799443,1.0,1.0,2.087995700363327,3.2143103605161896,True
D1,24,149,Combination,h1_6,1,ARIMA,7.3534886837005615,5.099456548690796,1.7943488478513714,1.6081859778028065,2.9186480514222253,2.976125698963454,0.6430039805354235,0.3333333333333333,0.6666666666666666,2.896328613783278,4.4400121977313765,True
D1,24,149,Combination,h1_12,1,ARIMA,7.3534886837005615,5.099456548690796,2.4032945534079007,2.0738362697995365,3.9300854832888708,4.027191467913282,0.8559695853259967,0.25,0.5833333333333334,3.6037448771770175,5.443550030958116,True
D1,24,150,Combination,h1,1,ARIMA,7.3534886837005615,5.099456548690796,0.7822342097542634,0.6601879175138159,1.5995720900752939,1.5868804417507396,0.25418799473316267,1.0,1.0,1.8231935785331248,2.8047812732542474,True
D1,24,150,Combination,h1_6,1,ARIMA,7.3534886837005615,5.099456548690796,0.6607426746637356,0.7214656643800323,1.3731052844241918,1.382934943308848,0.2686175383649053,0.8333333333333334,0.8333333333333334,2.0473669333188504,3.068253948807934,True
D1,24,150,Combination,h1_12,1,ARIMA,7.3534886837005615,5.099456548690796,0.6782604186572913,0.7243254488973268,1.406922912019015,1.415018527713427,0.27924097005082144,0.8333333333333334,0.9166666666666666,2.2428895519968983,3.381148278664439,True
D1,24,151,Combination,h1,1,ARIMA,7.3534886837005615,5.099456548690796,1.1582717897494912,0.8792802537118737,1.694848447788782,1.6806065805171169,0.3746282095619398,0.0,1.0,2.042947754372949,3.1439346160103225,True
D1,24,151,Combination,h1_6,1,ARIMA,7.3534886837005615,5.099456548690796,1.4907855347271304,1.3164480522238733,2.195511671898619,2.1838262041006167,0.5321627598688883,0.3333333333333333,0.8333333333333334,2.6988145620655963,4.084822760668376,True
D1,24,151,Combination,h1_12,1,ARIMA,7.3534886837005615,5.099456548690796,1.9784868404256288,1.6411166621772757,2.902224775584511,2.863136860816561,0.685425284491634,0.25,0.8333333333333334,3.2581331729822662,4.928204438854716,True
D1,24,152,Combination,h1,1,ARIMA,7.3534886837005615,5.099456548690796,0.994911787026809,0.7607283390700126,1.7298240101610716,1.7149908484269938,0.3219229761267724,1.0,1.0,2.2611146783712766,3.480353867845087,True
D1,24,152,Combination,h1_6,1,ARIMA,7.3534886837005615,5.099456548690796,0.9640686375212789,0.8309674548061798,1.7010210095440914,1.7139888282361782,0.39772815926732186,1.0,1.0,4.028450463244175,6.223218042205237,True
D1,24,152,Combination,h1_12,1,ARIMA,7.3534886837005615,5.099456548690796,1.5980868619896398,1.4050774619050073,2.8442575336036344,2.8963916639569742,0.5938827370026157,1.0,1.0,5.572244328128012,8.47400578908632,True
D1,24,153,Combination,h1,1,ARIMA,7.3534886837005615,5.099456548690796,0.42632702841880143,0.3531531068745133,0.7401788848801485,0.7374496615394809,0.17989489287743657,1.0,1.0,1.9555878873935764,3.008481342222118,True
D1,24,153,Combination,h1_6,1,ARIMA,7.3534886837005615,5.099456548690796,2.6077894045030865,2.4182422996379973,4.423138955402837,4.304659816418296,0.9983382219323745,0.16666666666666666,0.5,3.157130928907745,4.845417716186509,True
D1,24,153,Combination,h1_12,1,ARIMA,7.3534886837005615,5.099456548690796,2.1213748756989976,1.9718299543769373,3.619182758495196,3.539461208888575,0.8000826380037414,0.5833333333333334,0.75,4.2458326745064445,6.426778272909141,True
D1,24,154,Combination,h1,1,ARIMA,7.3534886837005615,5.099456548690796,0.8763545580586506,0.7164468520849081,1.9367835677929273,1.9182078010495027,0.28031693899036597,1.0,1.0,1.8281218803145318,2.813417201265365,True
D1,24,154,Combination,h1_6,1,ARIMA,7.3534886837005615,5.099456548690796,1.0107073886943572,0.9227252872526785,2.224555594926735,2.1942579237082827,0.36453439851345515,0.5,0.8333333333333334,1.9685418785574755,2.9462680186471255,True
D1,24,154,Combination,h1_12,1,ARIMA,7.3534886837005615,5.099456548690796,0.9395007349418788,0.8584154005476572,2.077207045760779,2.058143026665173,0.3392122059129767,0.5,0.9166666666666666,2.128689679988125,3.2058985713054096,True
D1,24,155,Combination,h1,1,ARIMA,7.3534886837005615,5.099456548690796,1.0690423746050364,0.8868708254995091,1.7453114389787818,1.7302126394215416,0.349435585965667,0.0,1.0,1.7877949848234123,2.751093273313706,True
D1,24,155,Combination,h1_6,1,ARIMA,7.3534886837005615,5.099456548690796,1.2803669598260263,1.1608604609142046,2.083444782797119,2.057949688490933,0.4683299447022728,0.3333333333333333,0.5,1.9777170165254727,2.9977371149352017,True
D1,24,155,Combination,h1_12,1,ARIMA,7.3534886837005615,5.099456548690796,1.2302917026377371,1.1636563305832412,2.023048103930345,2.0188720260320094,0.45000055881924217,0.5,0.6666666666666666,2.198246269696165,3.32955094016944,True
D1,24,156,Combination,h1,1,ARIMA,7.3534886837005615,5.099456548690796,0.00876367452653497,0.007529706007577529,0.018730076920733387,0.018728323006080887,0.14598465727304646,1.0,1.0,1.9671730348226173,3.0273160548186278,True
D1,24,156,Combination,h1_6,1,ARIMA,7.3534886837005615,5.099456548690796,0.6499778988961263,0.6974273140965467,1.4015610387633242,1.4118364492590296,0.29170643511896877,1.0,1.0,2.909867724338377,4.429499363283909,True
D1,24,156,Combination,h1_12,1,ARIMA,7.3534886837005615,5.099456548690796,0.9173228681631586,1.0247251252875806,1.9946653123508167,2.024037947742934,0.40724095978405694,0.9166666666666666,1.0,3.7704873499773113,5.704677535807705,True
D1,24,157,Combination,h1,1,ARIMA,7.3534886837005615,5.099456548690796,1.3671484245544392,1.107068999877635,2.392256681741763,2.3639804417058747,0.45520848952407267,0.0,1.0,2.0647967601557253,3.1768161032407587,True
D1,24,157,Combination,h1_6,1,ARIMA,7.3534886837005615,5.099456548690796,0.5969804541616995,0.6904520531497685,1.0575265874634039,1.0595078037367507,0.32537259960855136,0.8333333333333334,1.0,3.233428132583817,4.95074802584211,True
D1,24,157,Combination,h1_12,1,ARIMA,7.3534886837005615,5.099456548690796,1.3628688705228353,1.4005762406518274,2.448543409445211,2.4936139698893034,0.5338097717906429,0.75,1.0,4.302366971476814,6.5164806701786935,True
D1,24,158,Combination,h1,1,ARIMA,7.3534886837005615,5.099456548690796,2.1865481797499857,1.6860803833573121,4.114684584828298,4.031737935168767,0.858238784293886,0.0,0.0,1.9077151244033657,2.9367000762811304,True
D1,24,158,Combination,h1_6,1,ARIMA,7.3534886837005615,5.099456548690796,2.055742669830842,1.7223329498012205,3.9805355112541068,4.049049364127403,0.7735732363970229,0.3333333333333333,0.3333333333333333,2.351395515014799,3.579952733732236,True
D1,24,158,Combination,h1_12,1,ARIMA,7.3534886837005615,5.099456548690796,2.1959984270393385,1.8853749117468228,4.279078053238034,4.382897555742857,0.8408804041152819,0.3333333333333333,0.5,2.692774004084273,4.070188180255098,True
D1,24,159,Combination,h1,1,ARIMA,7.3534886837005615,5.099456548690796,1.5315340310729275,1.229969269366845,2.824375416387019,2.8648322249278166,0.5592472850339504,0.0,0.0,1.7940500003689916,2.7612802458625003,True
D1,24,159,Combination,h1_6,1,ARIMA,7.3534886837005615,5.099456548690796,1.1641839644549032,0.983349730062832,2.117485065769949,2.1184285341559677,0.4148795730549413,0.3333333333333333,0.6666666666666666,1.8896261764326774,2.8630033177031975,True
D1,24,159,Combination,h1_12,1,ARIMA,7.3534886837005615,5.099456548690796,1.0405312054002624,1.0297461705230517,1.8848417844671783,1.8781555803611318,0.41117008703425495,0.5,0.75,2.0226693628936605,3.056828536438041,True
D1,24,160,Combination,h1,1,ARIMA,7.3534886837005615,5.099456548690796,0.5540660557965702,0.46462644119431207,0.7417761596600242,0.7390351663223826,0.20759350787007821,1.0,1.0,2.0726785105424823,3.190475717612638,True
D1,24,160,Combination,h1_6,1,ARIMA,7.3534886837005615,5.099456548690796,1.5309329567849213,1.4186575737250209,2.080269221545129,2.106292913316674,0.5197736723066209,0.8333333333333334,0.8333333333333334,3.730894844298467,5.757978399893102,True
D1,24,160,Combination,h1_12,1,ARIMA,7.3534886837005615,5.099456548690796,1.5382887266555794,1.4504823028958431,2.0761490784247276,2.0906434770323568,0.5887609338727845,0.9166666666666666,0.9166666666666666,5.169372310816495,7.853763336806047,True
D1,24,161,Combination,h1,1,ARIMA,7.3534886837005615,5.099456548690796,0.9641620149597255,0.7065324113048411,1.1301578352588406,1.1238074363612116,0.3137431735815725,1.0,1.0,2.285206934192204,3.5185711353834472,True
D1,24,161,Combination,h1_6,1,ARIMA,7.3534886837005615,5.099456548690796,1.9470795142948616,1.8307026983687473,2.2638225506502314,2.222943907845344,0.8047916140576981,0.6666666666666666,0.6666666666666666,3.67180003771189,5.677996271909472,True
D1,24,161,Combination,h1_12,1,ARIMA,7.3534886837005615,5.099456548690796,1.8438458747163105,1.630302028411587,2.167816037948071,2.151483469110472,0.7323691652761763,0.8333333333333334,0.8333333333333334,4.8340760569918695,7.340890524942575,True
D1,24,162,Combination,h1,1,ARIMA,7.3534886837005615,5.099456548690796,0.21039983137733664,0.17722130172477,0.3966335739272274,0.3974217279287509,0.15506674840614787,1.0,1.0,1.9373780770963958,2.9834805340702832,True
D1,24,162,Combination,h1_6,1,ARIMA,7.3534886837005615,5.099456548690796,1.357208976608296,1.4433210553490208,2.504272046299211,2.4566303428748575,0.5318664374699663,0.6666666666666666,0.6666666666666666,2.431976196142644,3.766810341101075,True
D1,24,162,Combination,h1_12,1,ARIMA,7.3534886837005615,5.099456548690796,1.3574087677129563,1.433647670035725,2.5048795240695867,2.457312731714771,0.5418068278222222,0.5833333333333334,0.8333333333333334,2.918575211590086,4.42204897218526,True
D1,24,163,Combination,h1,1,ARIMA,7.3534886837005615,5.099456548690796,1.5562532598487442,1.0572829013922436,2.3821756235742924,2.4108914578845733,0.5310939672507033,0.0,1.0,2.436696698117095,3.7465113082962627,True
D1,24,163,Combination,h1_6,1,ARIMA,7.3534886837005615,5.099456548690796,1.968054458765778,1.569888450528491,3.008568813737904,3.0400128830575546,0.7548115055662961,0.3333333333333333,0.8333333333333334,4.202471711855458,6.465431621201847,True
D1,24,163,Combination,h1_12,1,ARIMA,7.3534886837005615,5.099456548690796,2.1362534330365675,1.5956592073058748,3.2214795881497706,3.206255510889555,0.790389901776739,0.6666666666666666,0.9166666666666666,5.749584368732607,8.724843600076982,True
D1,24,164,Combination,h1,1,ARIMA,7.3534886837005615,5.099456548690796,1.9391638558563493,1.6125363858836028,2.886180270076608,2.9284403032026107,0.7474753699146728,0.0,0.0,1.9272835216371753,2.9650165651952864,True
D1,24,164,Combination,h1_6,1,ARIMA,7.3534886837005615,5.099456548690796,1.407182304395728,1.4038890806763618,2.0947173235797747,2.1271604054342435,0.5252273063976076,0.6666666666666666,0.6666666666666666,2.8348984204670415,4.386186279507227,True
D1,24,164,Combination,h1_12,1,ARIMA,7.3534886837005615,5.099456548690796,1.0244248924381145,1.0891275256118595,1.5203681944338912,1.5394552494487164,0.4483075670075496,0.8333333333333334,0.8333333333333334,3.63858259859123,5.533270381476709,True
D1,24,165,Combination,h1,1,ARIMA,7.3534886837005615,5.099456548690796,2.3371407747013078,1.7431943448239096,3.796104626719426,3.7253946866869843,0.891645872159938,0.0,0.0,2.246543172790542,3.458765303896144,True
D1,24,165,Combination,h1_6,1,ARIMA,7.3534886837005615,5.099456548690796,1.9040903418223067,1.5284815795990483,3.1015632615626747,3.047071050408635,0.679342563348994,0.5,0.8333333333333334,4.04381258557801,6.242387317297543,True
D1,24,165,Combination,h1_12,1,ARIMA,7.3534886837005615,5.099456548690796,2.936312463796151,2.411805792465738,4.742244666859428,4.610802583568423,1.0281806754147826,0.3333333333333333,0.9166666666666666,5.605732135560283,8.516387026780336,True
D1,24,166,Combination,h1,1,ARIMA,7.3534886837005615,5.099456548690796,1.0993930054059555,0.8447212356760325,1.3006513281720053,1.2922475109646894,0.34928442816229177,0.0,1.0,2.122525893030969,3.2640609120582025,True
D1,24,166,Combination,h1_6,1,ARIMA,7.3534886837005615,5.099456548690796,1.990983667490147,1.6707509356168335,2.347302771935654,2.316257478094402,0.7315099395621607,0.16666666666666666,0.6666666666666666,2.8800714043977016,4.330216414268883,True
D1,24,166,Combination,h1_12,1,ARIMA,7.3534886837005615,5.099456548690796,2.440734613280647,2.010056287802141,2.8709412513154158,2.8251454954526642,0.8912280193181655,0.16666666666666666,0.5833333333333334,3.4195820528672987,5.168756291484893,True
D1,24,167,Combination,h1,1,ARIMA,7.3534886837005615,5.099456548690796,1.0672845772867279,0.8280178985346229,2.158606187059679,2.13555705371484,0.33918491670249196,1.0,1.0,2.1164245940285173,3.256971732529454,True
D1,24,167,Combination,h1_6,1,ARIMA,7.3534886837005615,5.099456548690796,1.9398692201954408,1.798086624641625,3.8618598537959175,3.7596420942042026,0.7739939183285025,0.5,0.6666666666666666,3.2438537788342114,4.957245373422756,True
D1,24,167,Combination,h1_12,1,ARIMA,7.3534886837005615,5.099456548690796,1.5930170275816937,1.4909102995614667,3.197333198061034,3.132506708512027,0.6492133611695907,0.75,0.8333333333333334,4.2772590933196115,6.480836787695699,True
D1,24,168,Combination,h1,1,ARIMA,7.3534886837005615,5.099456548690796,0.29249731719404476,0.23774400665336293,0.5833877298952418,0.5850944144062159,0.16627864886648347,1.0,1.0,2.0239677269556067,3.116075435519535,True
D1,24,168,Combination,h1_6,1,ARIMA,7.3534886837005615,5.099456548690796,1.6062843295482478,1.5054055997213425,3.1087023009419577,3.047043634763702,0.5828043458785107,0.3333333333333333,0.8333333333333334,2.9616198168723593,4.577562084494131,True
D1,24,168,Combination,h1_12,1,ARIMA,7.3534886837005615,5.099456548690796,2.584732145529254,2.4142757181759387,4.9355349950524205,4.781997274545736,0.9744574972473766,0.25,0.5833333333333334,3.770284878309536,5.716999212398343,True
D1,24,169,Combination,h1,1,ARIMA,7.3534886837005615,5.099456548690796,0.3366606267896088,0.29712015773523004,0.6553307135547841,0.6531904347862061,0.1636867847968671,1.0,1.0,1.933638279363651,2.9754340875374803,True
D1,24,169,Combination,h1_6,1,ARIMA,7.3534886837005615,5.099456548690796,0.5628726168361464,0.7044760193466623,1.1115567313825536,1.123481565779176,0.3361557075100516,1.0,1.0,3.480673946846678,5.3695376250434235,True
D1,24,169,Combination,h1_12,1,ARIMA,7.3534886837005615,5.099456548690796,0.6593682202521559,0.7335744325403044,1.2892816765183877,1.2883384409990997,0.4220591594314269,1.0,1.0,4.8183495113329196,7.320964357678297,True
D1,24,170,Combination,h1,1,ARIMA,7.3534886837005615,5.099456548690796,1.2628846951482318,0.9971637467703887,1.9666075000713996,1.9861372622519797,0.4281575081944011,0.0,1.0,2.084303996895844,3.2067043139970344,True
D1,24,170,Combination,h1_6,1,ARIMA,7.3534886837005615,5.099456548690796,0.837599817801406,0.7131705601110788,1.2924400641957037,1.2944257128681746,0.3287586552211533,0.8333333333333334,1.0,2.9801397318717537,4.518682768390255,True
D1,24,170,Combination,h1_12,1,ARIMA,7.3534886837005615,5.099456548690796,0.9115546394483827,0.7871043430350855,1.4100333646790546,1.4172790850170673,0.379534964253582,0.9166666666666666,1.0,3.7808129063672955,5.727791217540147,True
D1,24,171,Combination,h1,1,ARIMA,7.3534886837005615,5.099456548690796,0.24323571445116693,0.19117388086140807,0.5024872712427169,0.5037529183894272,0.1642957838909047,1.0,1.0,2.038453245066775,3.1373183791077897,True
D1,24,171,Combination,h1_6,1,ARIMA,7.3534886837005615,5.099456548690796,0.5155450335489122,0.5176207410370764,1.051343415034798,1.044270288330045,0.2546243727499381,1.0,1.0,2.561828974570055,3.902853507139066,True
D1,24,171,Combination,h1_12,1,ARIMA,7.3534886837005615,5.099456548690796,0.47967296739664395,0.4579776028352568,0.982289449672565,0.9805877570160387,0.2706768229964894,1.0,1.0,3.048341273992577,4.6114179973439295,True
D1,24,172,Combination,h1,1,ARIMA,7.3534886837005615,5.099456548690796,0.149680245663164,0.12325986203885603,0.2523353878743331,0.2526541557963377,0.15933837492804342,1.0,1.0,2.041331569468313,3.1424019419818126,True
D1,24,172,Combination,h1_6,1,ARIMA,7.3534886837005615,5.099456548690796,1.2953000113757145,1.178311708027826,2.155070977803661,2.1272799545724013,0.4562195451124465,1.0,1.0,3.3389262852191646,5.123783107067229,True
D1,24,172,Combination,h1_12,1,ARIMA,7.3534886837005615,5.099456548690796,2.0623835153111596,1.9038916149490326,3.408039160003856,3.337122704865176,0.7135296409737617,0.6666666666666666,1.0,4.510355519260986,6.8241517550280095,True
D1,24,173,Combination,h1,1,ARIMA,7.3534886837005615,5.099456548690796,0.6994774252065163,0.5685261006422034,1.006154532386261,1.0112418602916167,0.23828799744023688,1.0,1.0,1.8732088132442242,2.8789178549713155,True
D1,24,173,Combination,h1_6,1,ARIMA,7.3534886837005615,5.099456548690796,1.12408372331226,1.204999525790794,1.5935620273441624,1.5778023078520165,0.4672878734654258,0.6666666666666666,0.8333333333333334,2.6948195401584605,4.098984803213983,True
D1,24,173,Combination,h1_12,1,ARIMA,7.3534886837005615,5.099456548690796,1.0001907816747935,1.1248988599886305,1.4187705659507737,1.4037378479894773,0.4520952915413812,0.75,0.9166666666666666,3.4326571657291187,5.2047494372826915,True
D1,24,174,Combination,h1,1,ARIMA,7.3534886837005615,5.099456548690796,2.354999502946612,1.9496918434499506,4.570009702990309,4.676876559268023,0.950641570835343,0.0,0.0,1.9684710355210229,3.0283568062120025,True
D1,24,174,Combination,h1_6,1,ARIMA,7.3534886837005615,5.099456548690796,1.6940405793219533,1.468933934789079,3.268971503205125,3.3288795110111744,0.6003089382892365,0.5,0.6666666666666666,2.8047175545319916,4.254176424189019,True
D1,24,174,Combination,h1_12,1,ARIMA,7.3534886837005615,5.099456548690796,2.1603483336932947,1.9197934717344856,4.18835946540066,4.292802019314134,0.7422289116139131,0.4166666666666667,0.75,3.552002820078579,5.382850204734795,True
D1,24,175,Combination,h1,1,ARIMA,7.3534886837005615,5.099456548690796,0.6219871014349103,0.5380975511768364,1.1206850793483196,1.127000140558054,0.20736606389812556,1.0,1.0,1.45713062988849,2.2429092634960157,True
D1,24,175,Combination,h1_6,1,ARIMA,7.3534886837005615,5.099456548690796,0.4109076213660562,0.40959890525237125,0.734915409976078,0.7358624877046935,0.16623589170825337,1.0,1.0,1.5221806184370283,2.276447544874741,True
D1,24,175,Combination,h1_12,1,ARIMA,7.3534886837005615,5.099456548690796,0.5946433810280873,0.65696383972565,1.0501773090413606,1.043665347903188,0.2457689256409683,0.8333333333333334,0.8333333333333334,1.6066798537872924,2.417789897222519,True
D1,24,176,Combination,h1,1,ARIMA,7.3534886837005615,5.099456548690796,0.8063773260533413,0.6575715076478718,1.3837104472910107,1.3933504149203233,0.2714396593026671,1.0,1.0,1.9823263163228289,3.054896932938321,True
D1,24,176,Combination,h1_6,1,ARIMA,7.3534886837005615,5.099456548690796,0.984684177156959,0.9068779205193869,1.695877156569428,1.7127579379771984,0.3864212430718923,0.8333333333333334,1.0,3.3127346124910027,5.125715819113588,True
D1,24,176,Combination,h1_12,1,ARIMA,7.3534886837005615,5.099456548690796,0.9131127254042639,0.9050320708110587,1.5742432807537152,1.5918081952792404,0.436624183002493,0.9166666666666666,1.0,4.385735517949653,6.659468864048875,True
D1,24,177,Combination,h1,1,ARIMA,7.3534886837005615,5.099456548690796,1.5214957122994268,1.3127760989689718,2.63081764846712,2.5966609413097053,0.5358769983441537,0.0,0.0,1.82950877479487,2.8145442415172863,True
D1,24,177,Combination,h1_6,1,ARIMA,7.3534886837005615,5.099456548690796,1.454018473032666,1.325506649720563,2.519390900980344,2.4853432789022842,0.5227823049768334,0.16666666666666666,0.6666666666666666,2.5023441572965894,3.8102609170370005,True
D1,24,177,Combination,h1_12,1,ARIMA,7.3534886837005615,5.099456548690796,1.1701460377321158,1.1334828246332074,2.0427183259652653,2.030948197567166,0.45213987630870267,0.5,0.8333333333333334,3.041699184988168,4.600312131862301,True
D1,24,178,Combination,h1,1,ARIMA,7.3534886837005615,5.099456548690796,0.9906767176046625,0.75819421666041,1.300270939633115,1.2918720213973744,0.3160588535402108,1.0,1.0,2.0265024803443623,3.1188742439596315,True
D1,24,178,Combination,h1_6,1,ARIMA,7.3534886837005615,5.099456548690796,3.4323476387829763,3.177100691433136,4.686897701824267,4.855446843733968,1.4711963971670372,0.16666666666666666,0.3333333333333333,2.132119274188753,3.189521990593303,True
D1,24,178,Combination,h1_12,1,ARIMA,7.3534886837005615,5.099456548690796,3.5087381312539776,2.998460973613855,4.769911729868734,4.9176672044830285,1.4815348939336241,0.08333333333333333,0.16666666666666666,2.264017509242249,3.407928845806924,True
D1,24,179,Combination,h1,1,ARIMA,7.3534886837005615,5.099456548690796,1.7186377150442451,1.2329860617189548,2.578305076089497,2.611977449675141,0.601825871347052,0.0,0.0,2.239544014329334,3.448605587225139,True
D1,24,179,Combination,h1_6,1,ARIMA,7.3534886837005615,5.099456548690796,1.5940577398692786,1.272068219442123,2.394757871150875,2.430652769826683,0.5762025260341227,0.3333333333333333,0.6666666666666666,2.6788406429401443,4.138039340804532,True
D1,24,179,Combination,h1_12,1,ARIMA,7.3534886837005615,5.099456548690796,0.9922137092819447,0.9313015438336957,1.4855909344006795,1.5028317039149077,0.4342831560899838,0.6666666666666666,0.8333333333333334,3.147829319162889,4.752245525578177,True
D1,24,180,Combination,h1,1,ARIMA,7.3534886837005615,5.099456548690796,0.05193448882746933,0.04591140181992681,0.0935885804400712,0.09354480681168596,0.14264805713230064,1.0,1.0,1.8898060874356142,2.907949306783877,True
D1,24,180,Combination,h1_6,1,ARIMA,7.3534886837005615,5.099456548690796,0.8525315555918307,0.8335290170824478,1.5337541522225309,1.5293386090332421,0.3293230877875561,1.0,1.0,2.9926734624958478,4.592927171518746,True
D1,24,180,Combination,h1_12,1,ARIMA,7.3534886837005615,5.099456548690796,0.7043197788824646,0.8058582668118541,1.2655062046705232,1.2595021409437996,0.37859896469312676,1.0,1.0,4.004967351847224,6.059698679836107,True
D1,24,181,Combination,h1,1,ARIMA,7.3534886837005615,5.099456548690796,1.972280323124885,1.5396604991196408,3.5187370771499187,3.581753318158972,0.7952150940860725,0.0,0.0,1.6597082392408429,2.5552031270460973,True
D1,24,181,Combination,h1_6,1,ARIMA,7.3534886837005615,5.099456548690796,2.241227408762618,1.824864974345268,4.0156811813828215,4.105667639499441,0.9244604252688917,0.0,0.16666666666666666,1.6855286294749807,2.5183803947935686,True
D1,24,181,Combination,h1_12,1,ARIMA,7.3534886837005615,5.099456548690796,2.443880717318508,2.200638730701882,4.411789238507718,4.547231516919587,1.0472945450772206,0.16666666666666666,0.25,1.7294759207729347,2.600129950744922,True
D1,24,182,Combination,h1,1,ARIMA,7.3534886837005615,5.099456548690796,1.3490522057299796,1.0773144387321396,2.285933037713003,2.2601008417988484,0.45070837956888504,0.0,1.0,1.9858523184217887,3.057141079598109,True
D1,24,182,Combination,h1_6,1,ARIMA,7.3534886837005615,5.099456548690796,1.1026401597507784,0.9813160483015088,1.869001331137549,1.8475916476720078,0.40985732011802944,0.3333333333333333,1.0,2.5311927159832592,3.8779969887544055,True
D1,24,182,Combination,h1_12,1,ARIMA,7.3534886837005615,5.099456548690796,1.1450823850314424,1.0294641467850723,1.9652319067738935,1.96837405522246,0.4164492402240422,0.6666666666666666,1.0,3.048309679319409,4.612922816774869,True
D1,24,183,Combination,h1,1,ARIMA,7.3534886837005615,5.099456548690796,1.0141242854035901,0.8710806754084057,1.4059627117516535,1.3961480512509359,0.33124692310024223,0.0,1.0,1.7184550950517197,2.641634644089894,True
D1,24,183,Combination,h1_6,1,ARIMA,7.3534886837005615,5.099456548690796,2.0709041114539635,1.9304413530993743,2.926280129823154,2.974616864229489,0.7779392970985783,0.16666666666666666,0.3333333333333333,2.320210427913538,3.5247737132804207,True
D1,24,183,Combination,h1_12,1,ARIMA,7.3534886837005615,5.099456548690796,1.8678100042932055,1.9114316017136552,2.629440573442704,2.671666451078249,0.7375901019491293,0.3333333333333333,0.5,2.8399765179656105,4.3074884900447135,True
D1,24,184,Combination,h1,1,ARIMA,7.3534886837005615,5.099456548690796,0.026228996539368363,0.020485008559499387,0.050345657981427094,0.050332987744496245,0.16164786654886623,1.0,1.0,2.1651895662661915,3.333178077079481,True
D1,24,184,Combination,h1_6,1,ARIMA,7.3534886837005615,5.099456548690796,1.5640477538039885,1.4854015486061958,3.085809672370114,3.1585189088439525,0.5490743520556967,0.5,1.0,3.32117349748899,5.135487307968281,True
D1,24,184,Combination,h1_12,1,ARIMA,7.3534886837005615,5.099456548690796,1.1799238856578036,1.1636408850995354,2.3176920473958456,2.361312701284729,0.4997751841275392,0.75,1.0,4.309015033357184,6.550540771691262,True
D1,24,185,Combination,h1,1,ARIMA,7.3534886837005615,5.099456548690796,0.24415010094690714,0.19848835490528066,0.36823513566589805,0.3675583960866575,0.1578720884838482,1.0,1.0,1.950170394103609,3.0027847753916745,True
D1,24,185,Combination,h1_6,1,ARIMA,7.3534886837005615,5.099456548690796,0.8110879329486216,0.8074201356270324,1.2155834241772574,1.2046920210500667,0.3148744236102493,0.8333333333333334,0.8333333333333334,2.3439642691640485,3.566022347378075,True
D1,24,185,Combination,h1_12,1,ARIMA,7.3534886837005615,5.099456548690796,1.058702179747139,1.0426669670250095,1.60953033616696,1.617882333578703,0.40069755659736506,0.6666666666666666,0.8333333333333334,2.743137513592084,4.133421506774328,True
D1,24,186,Combination,h1,1,ARIMA,7.3534886837005615,5.099456548690796,0.5131561899400908,0.3521992986647765,0.7603777795504468,0.7574978568583859,0.21074762557038318,1.0,1.0,2.2507400309627084,3.4633285162194265,True
D1,24,186,Combination,h1_6,1,ARIMA,7.3534886837005615,5.099456548690796,0.7931420093939714,0.7622228139423818,1.1854743269493186,1.1980711450200963,0.36795010288444635,0.8333333333333334,0.8333333333333334,2.863025881254104,4.380064976691024,True
D1,24,186,Combination,h1_12,1,ARIMA,7.3534886837005615,5.099456548690796,2.3457719516391204,2.257700714331309,3.366223339915434,3.274120218801953,0.9986833137059135,0.5,0.5833333333333334,3.4424591863065284,5.208137892586707,True
D1,24,187,Combination,h1,1,ARIMA,7.3534886837005615,5.099456548690796,2.472688243424554,2.048966948624611,3.79408027899102,3.723445032158914,1.0380545434775348,0.0,0.0,1.6102529507722625,2.4784673711988177,True
D1,24,187,Combination,h1_6,1,ARIMA,7.3534886837005615,5.099456548690796,0.6463496977270965,0.8734751457202109,0.9979427297050771,0.9854871214620001,0.2965796918809155,0.8333333333333334,0.8333333333333334,1.634754221720877,2.443522472302154,True
D1,24,187,Combination,h1_12,1,ARIMA,7.3534886837005615,5.099456548690796,1.0471005703411262,1.0530435306823214,1.6274588377823518,1.618488920437512,0.41715545845686725,0.4166666666666667,0.5,1.676440383682197,2.521071597339627,True
D1,24,188,Combination,h1,1,ARIMA,7.3534886837005615,5.099456548690796,0.9338244909165403,0.7445798638177082,1.2448635761076086,1.2371630798286892,0.3016151231779,1.0,1.0,2.088239400355993,3.212940893960684,True
D1,24,188,Combination,h1_6,1,ARIMA,7.3534886837005615,5.099456548690796,1.2911396961681163,1.3920978968863034,1.730756852928732,1.731763552205568,0.544699248331964,0.6666666666666666,0.8333333333333334,3.128600093577428,4.778896784991536,True
D1,24,188,Combination,h1_12,1,ARIMA,7.3534886837005615,5.099456548690796,2.1369581299345386,2.2715976105580467,2.8040233233518963,2.7510221914971513,0.8708638961022505,0.5833333333333334,0.75,4.085646333316649,6.185270840290026,True
D1,24,189,Combination,h1,1,ARIMA,7.3534886837005615,5.099456548690796,0.02410825841772999,0.02122391299176818,0.05089767314261674,0.05091062930546611,0.13437931076118118,1.0,1.0,1.7983434688283286,2.76820428667539,True
D1,24,189,Combination,h1_6,1,ARIMA,7.3534886837005615,5.099456548690796,1.0774342374738193,1.2581304613589124,2.327939529384308,2.37707352145954,0.4395592694333144,0.6666666666666666,0.6666666666666666,2.4255720906034086,3.7389163956715605,True
D1,24,189,Combination,h1_12,1,ARIMA,7.3534886837005615,5.099456548690796,1.0098257997550226,1.0914033392598252,2.150189905147138,2.163620545011033,0.4088563941194399,0.8333333333333334,0.8333333333333334,3.030332831786682,4.582205754743758,True
D1,24,190,Combination,h1,1,ARIMA,7.3534886837005615,5.099456548690796,0.7245760531695251,0.5963501668177199,1.1952898718244216,1.1881887220977245,0.2393007879120717,1.0,1.0,1.8879275605277608,2.906023527074198,True
D1,24,190,Combination,h1_6,1,ARIMA,7.3534886837005615,5.099456548690796,1.7581529574343562,1.530764240240613,2.871246992985701,2.825992383895817,0.6368113727012069,0.16666666666666666,0.5,2.4247619023922824,3.707960940720437,True
D1,24,190,Combination,h1_12,1,ARIMA,7.3534886837005615,5.099456548690796,1.4703704380754175,1.360312200063461,2.4276452128545403,2.416719916927328,0.5372238815483354,0.5,0.6666666666666666,2.94578107423064,4.456274125272645,True
D1,24,191,Combination,h1,1,ARIMA,7.3534886837005615,5.099456548690796,0.8104575010128242,0.6151444520972343,1.062671028934826,1.0570545228476524,0.26325955019058556,1.0,1.0,1.8636262664835832,2.8631956075511296,True
D1,24,191,Combination,h1_6,1,ARIMA,7.3534886837005615,5.099456548690796,0.8526040413361036,0.872667520486092,1.1152069057815288,1.1043136888348575,0.3466361390185965,0.8333333333333334,0.8333333333333334,2.1934951110442884,3.3395687353717616,True
D1,24,191,Combination,h1_12,1,ARIMA,7.3534886837005615,5.099456548690796,1.219012677429188,1.2125102932323961,1.621169258541337,1.6326271760044138,0.4864264421381761,0.6666666666666666,0.6666666666666666,2.516066356489421,3.8048878340986363,True
D1,24,192,Combination,h1,1,ARIMA,7.3534886837005615,5.099456548690796,0.3992581764315693,0.3218066836854486,0.8031966780879196,0.8064353088939016,0.18962260669622688,1.0,1.0,2.1181532141622736,3.261994050389528,True
D1,24,192,Combination,h1_6,1,ARIMA,7.3534886837005615,5.099456548690796,0.9180629723828616,0.8145167713589676,1.8619196201456887,1.8832418680720344,0.3598975858401597,0.8333333333333334,1.0,3.290803808570852,5.093082809696847,True
D1,24,192,Combination,h1_12,1,ARIMA,7.3534886837005615,5.099456548690796,1.066320890517491,0.9876025510878912,2.1562834870409233,2.175106768707208,0.44417240833132915,0.9166666666666666,1.0,4.2912840476687855,6.525742235945181,True
D1,24,193,Combination,h1,1,ARIMA,7.3534886837005615,5.099456548690796,2.6649353022020463,2.0952738565988587,3.9013365857695534,3.97895275556115,1.0739441144239357,0.0,0.0,2.2462406826192076,3.4575263072926052,True
D1,24,193,Combination,h1_6,1,ARIMA,7.3534886837005615,5.099456548690796,1.4283236073521877,1.2991931582024068,2.0783227320895525,2.1078036742187116,0.5789212735875001,0.6666666666666666,0.8333333333333334,4.0434775742495574,6.24013919916717,True
D1,24,193,Combination,h1_12,1,ARIMA,7.3534886837005615,5.099456548690796,2.514067046411668,2.4213632823442834,3.703568260200697,3.812020721239028,0.9067930235794535,0.6666666666666666,0.8333333333333334,5.602246726358552,8.51147822812958,True
D1,24,194,Combination,h1,1,ARIMA,7.3534886837005615,5.099456548690796,0.09511429908267872,0.07485691205047679,0.16601687153614603,0.16587917782536823,0.16211981308623352,1.0,1.0,2.1205174841603553,3.263206375837782,True
D1,24,194,Combination,h1_6,1,ARIMA,7.3534886837005615,5.099456548690796,0.8692100440273668,0.989190904123847,1.5443932160405345,1.5630817888017927,0.3747077116045098,0.8333333333333334,1.0,3.001045932062205,4.63310869558479,True
D1,24,194,Combination,h1_12,1,ARIMA,7.3534886837005615,5.099456548690796,1.0529906118266745,1.1668944566557848,1.8812714751050013,1.9132836007198644,0.4685636056713857,0.8333333333333334,0.9166666666666666,3.7729303145455364,5.719069600253785,True
D1,24,195,Combination,h1,1,ARIMA,7.3534886837005615,5.099456548690796,1.1791400942988675,0.9987728110796923,2.720020205222631,2.7575227938001228,0.40058483812915435,0.0,1.0,1.931901496753138,2.9740519811480213,True
D1,24,195,Combination,h1_6,1,ARIMA,7.3534886837005615,5.099456548690796,0.7805923390326537,0.7278356617022604,1.7602886407807157,1.754023985051345,0.3171781971510441,0.8333333333333334,1.0,2.73347568786844,4.192432694245248,True
D1,24,195,Combination,h1_12,1,ARIMA,7.3534886837005615,5.099456548690796,0.9932088607805909,0.9456027602056416,2.21535174821656,2.1911502216048664,0.40223520120297906,0.8333333333333334,1.0,3.403986951711458,5.14019418910478,True
D1,24,196,Combination,h1,1,ARIMA,7.3534886837005615,5.099456548690796,1.1096588024027818,0.8918508264559049,2.0131350212943473,1.9930733920664527,0.3516390208725122,1.0,1.0,2.158402412821399,3.323068605420398,True
D1,24,196,Combination,h1_6,1,ARIMA,7.3534886837005615,5.099456548690796,0.8206272712239886,0.8151703458940789,1.5208486037033393,1.5320733828455273,0.35190412065836846,0.8333333333333334,1.0,3.1955582388342445,4.939509252462729,True
D1,24,196,Combination,h1_12,1,ARIMA,7.3534886837005615,5.099456548690796,1.0997273791176436,1.0380962019603106,2.053037114438862,2.0793464509621824,0.4400095927768638,0.9166666666666666,1.0,4.096390881294331,6.2143812601648625,True
D1,24,197,Combination,h1,1,ARIMA,7.3534886837005615,5.099456548690796,0.6436463517162336,0.5154851100595759,1.1928371511152482,1.1999941390662423,0.2284014026354967,1.0,1.0,2.0851799044342303,3.2106513418673406,True
D1,24,197,Combination,h1_6,1,ARIMA,7.3534886837005615,5.099456548690796,1.03078344038676,1.026954333567881,1.9174618709719802,1.9381588438141453,0.4153917089378928,0.6666666666666666,0.8333333333333334,2.9299796140733925,4.511068002119687,True
D1,24,197,Combination,h1_12,1,ARIMA,7.3534886837005615,5.099456548690796,0.9078666631672598,0.9278654175709091,1.6762467007890403,1.682866257435875,0.41323104118214954,0.8333333333333334,0.9166666666666666,3.6830410511841327,5.566626548152887,True
D1,24,198,Combination,h1,1,ARIMA,7.3534886837005615,5.099456548690796,0.9572254036509338,0.7794466261070898,2.132985762856011,2.1559791267680657,0.31452701831248325,1.0,1.0,2.0490326613683467,3.153888782146331,True
D1,24,198,Combination,h1_6,1,ARIMA,7.3534886837005615,5.099456548690796,0.3457155383110895,0.36935641868495067,0.7673371990216115,0.7713252141802307,0.26489270923938063,1.0,1.0,3.0603499586418006,4.721584352402378,True
D1,24,198,Combination,h1_12,1,ARIMA,7.3534886837005615,5.099456548690796,1.0555259182976422,1.1199708756480857,2.372564048036013,2.409587639656072,0.4398363712072546,0.9166666666666666,1.0,3.9340889048569814,5.967749309514099,True
D1,24,199,Combination,h1,1,ARIMA,7.3534886837005615,5.099456548690796,0.7605892921251705,0.5820704216167142,1.1228089491344313,1.1165406400209918,0.25672002197257127,1.0,1.0,2.2598090446975037,3.4791422055737944,True
D1,24,199,Combination,h1_6,1,ARIMA,7.3534886837005615,5.099456548690796,3.3342632345744185,2.7232407039852,4.795296907640957,4.668266397720488,1.2828490630672864,0.16666666666666666,0.3333333333333333,3.7045964743689552,5.726250340011114,True
D1,24,199,Combination,h1_12,1,ARIMA,7.3534886837005615,5.099456548690796,2.871127112933141,2.4348133222671753,4.1347899842241524,4.033105001936837,1.0968546532222339,0.4166666666666667,0.5833333333333334,4.870864651476132,7.3972973900026595,True
D1,24,0,TimesFM3,h1,1,ARIMA,7.3534886837005615,5.099456548690796,1.2187128058050236,0.8322144092069311,1.9154069500102917,1.8972370449021787,0.40133179603153407,0.0,1.0,2.2526088865961196,3.5039746678228623,True
D1,24,0,TimesFM3,h1_6,1,ARIMA,7.3534886837005615,5.099456548690796,0.8915425277550647,0.6412490052890443,1.404249704387038,1.3934199079628506,0.32425602724533775,0.8333333333333334,1.0,2.689297309281156,4.2349647047876555,True
D1,24,0,TimesFM3,h1_12,1,ARIMA,7.3534886837005615,5.099456548690796,0.6936114751530063,0.5514244567095369,1.0958145398490748,1.0904798649351355,0.3038179059290614,0.9166666666666666,1.0,2.8934130336158805,4.610705738719543,True
D1,24,1,TimesFM3,h1,1,ARIMA,7.3534886837005615,5.099456548690796,0.13572153263929626,0.10534346382171404,0.1893151713808127,0.18913613967732612,0.16017728466855238,1.0,1.0,2.0690439711002044,3.3181362243858468,True
D1,24,1,TimesFM3,h1_6,1,ARIMA,7.3534886837005615,5.099456548690796,0.8629982988358846,0.7417328486357007,1.2066973944647148,1.2105019776421664,0.3306420797480826,1.0,1.0,2.94087721286769,4.714042569928064,True
D1,24,1,TimesFM3,h1_12,1,ARIMA,7.3534886837005615,5.099456548690796,1.328858508846535,1.2324489342292575,1.8259053369146552,1.8089957926816236,0.4911851168474226,0.75,1.0,3.394080969007422,5.46112247890717,True
D1,24,2,TimesFM3,h1,1,ARIMA,7.3534886837005615,5.099456548690796,0.06586813184804725,0.054176077974797,0.1258500774825755,0.1257709360723267,0.1653986377172628,1.0,1.0,2.2008590251462756,3.45687690093646,True
D1,24,2,TimesFM3,h1_6,1,ARIMA,7.3534886837005615,5.099456548690796,0.45824243135685616,0.5025261895413261,0.873200036048688,0.8735119803899833,0.25712242006620245,1.0,1.0,2.771825014563846,4.365146989483753,True
D1,24,2,TimesFM3,h1_12,1,ARIMA,7.3534886837005615,5.099456548690796,0.5901319486458148,0.6767488438801625,1.1313224013553136,1.140575223565763,0.3060533780442476,1.0,1.0,3.072283077447776,4.873521779094207,True
D1,24,3,TimesFM3,h1,1,ARIMA,7.3534886837005615,5.099456548690796,0.28148814341773654,0.2423138593830136,0.4775132649476553,0.4763758859245046,0.1912063519853402,1.0,1.0,2.3693214565409937,3.817900141515905,True
D1,24,3,TimesFM3,h1_6,1,ARIMA,7.3534886837005615,5.099456548690796,1.4018234112118733,1.844592765807063,2.293835135223815,2.239541344763254,0.6011542166322703,0.8333333333333334,0.8333333333333334,3.64458806857089,5.852454882678009,True
D1,24,3,TimesFM3,h1_12,1,ARIMA,7.3534886837005615,5.099456548690796,2.4729449545804667,2.580955526188351,4.003669886863794,3.892448188652522,0.9603472853740714,0.5,0.5833333333333334,4.232674733189494,6.927867268414622,True
D1,24,4,TimesFM3,h1,1,ARIMA,7.3534886837005615,5.099456548690796,1.1035532002827513,0.9103270145745705,1.792033195159435,1.7761188752444983,0.36353235102404347,0.0,1.0,1.9747595157656757,3.1270436122313603,True
D1,24,4,TimesFM3,h1_6,1,ARIMA,7.3534886837005615,5.099456548690796,0.7821267505972693,0.7258578281364093,1.2733834161320248,1.2632183992732284,0.29338733813353496,0.8333333333333334,1.0,2.313370529142923,3.6846340298049505,True
D1,24,4,TimesFM3,h1_12,1,ARIMA,7.3534886837005615,5.099456548690796,0.8152831936278043,0.7654545183552092,1.3282894530964935,1.318845296576012,0.3104540897129808,0.8333333333333334,1.0,2.5220154312027288,4.0291920502898,True
D1,24,5,TimesFM3,h1,1,ARIMA,7.3534886837005615,5.099456548690796,1.9994795214099033,1.582896428755147,3.739645546219824,3.6710042723338874,0.7500318883250034,0.0,0.0,2.307259225630226,3.743313079407964,True
D1,24,5,TimesFM3,h1_6,1,ARIMA,7.3534886837005615,5.099456548690796,1.115261276023973,1.0828097051692203,2.107962014589193,2.080799528515494,0.4832135145360124,0.6666666666666666,0.8333333333333334,3.341988216521618,5.423898637210445,True
D1,24,5,TimesFM3,h1_12,1,ARIMA,7.3534886837005615,5.099456548690796,1.2799025451198633,1.1459357739198186,2.4604199472948456,2.4692186391176785,0.5020406372794272,0.8333333333333334,0.9166666666666666,3.7840985739129978,6.25612554193779,True
D1,24,6,TimesFM3,h1,1,ARIMA,7.3534886837005615,5.099456548690796,0.20385191364780586,0.16785085420296475,0.38547639270559886,0.3847348616724709,0.13512154699983114,1.0,1.0,1.6792985883309512,2.6844643974863382,True
D1,24,6,TimesFM3,h1_6,1,ARIMA,7.3534886837005615,5.099456548690796,1.6378978301921896,1.5562153705396247,3.1611021994966273,3.229390629706418,0.6613069075621326,0.3333333333333333,0.5,2.269499506839497,3.640869998024867,True
D1,24,6,TimesFM3,h1_12,1,ARIMA,7.3534886837005615,5.099456548690796,1.611047899854712,1.551574606196382,3.1025015889351413,3.1647562332626866,0.6446507084967564,0.4166666666666667,0.5833333333333334,2.5606634351549302,4.121197971605705,True
D1,24,7,TimesFM3,h1,1,ARIMA,7.3534886837005615,5.099456548690796,0.7413540145381697,0.6034500359542038,1.0439962963267313,1.0494745339594456,0.25747032160483274,1.0,1.0,2.201351984606912,3.5613195283180974,True
D1,24,7,TimesFM3,h1_6,1,ARIMA,7.3534886837005615,5.099456548690796,1.0145136725805186,1.0253942032390704,1.4226813375559422,1.4214694208191159,0.39371213288072865,0.6666666666666666,1.0,3.006586515873196,4.858282532106841,True
D1,24,7,TimesFM3,h1_12,1,ARIMA,7.3534886837005615,5.099456548690796,1.268089730384859,1.2852864168797997,1.7939290626328108,1.8087221745314606,0.4857776295233487,0.6666666666666666,0.9166666666666666,3.419688777343454,5.5311009864156135,True
D1,24,8,TimesFM3,h1,1,ARIMA,7.3534886837005615,5.099456548690796,1.5442061212858424,1.078705941006874,2.5918931064584467,2.558733290572938,0.5172781751109647,0.0,1.0,2.840402250191137,4.615069857315895,True
D1,24,8,TimesFM3,h1_6,1,ARIMA,7.3534886837005615,5.099456548690796,1.0877361797213636,1.0183377574847834,1.8505885827622488,1.820600788409225,0.4387686678730357,0.6666666666666666,1.0,3.148898342476391,5.263792443022268,True
D1,24,8,TimesFM3,h1_12,1,ARIMA,7.3534886837005615,5.099456548690796,1.4750436429272469,1.2522940827519828,2.521018928490143,2.4753665967582466,0.5333988286737404,0.6666666666666666,1.0,3.354947169257307,5.663915370670313,True
D1,24,9,TimesFM3,h1,1,ARIMA,7.3534886837005615,5.099456548690796,1.295424575087771,1.0804027226082498,2.105658815780864,2.083720790519943,0.43316970224670664,0.0,1.0,2.3341512587342836,3.7117172868842156,True
D1,24,9,TimesFM3,h1_6,1,ARIMA,7.3534886837005615,5.099456548690796,1.357643462403842,1.249864452521657,2.301627344516602,2.3275165923795584,0.4941895787171839,0.6666666666666666,1.0,3.9572817949381713,6.273143778252603,True
D1,24,9,TimesFM3,h1_12,1,ARIMA,7.3534886837005615,5.099456548690796,1.1657117668402512,1.0800472481496988,1.993337402145943,2.009881589973324,0.5771102917525563,0.8333333333333334,1.0,5.8760616013471,9.210165143650736,True
D1,24,10,TimesFM3,h1,1,ARIMA,7.3534886837005615,5.099456548690796,0.04933175146699244,0.04021374271039332,0.09186315248224824,0.09190536606553232,0.14073620486302463,1.0,1.0,1.8796520607831355,3.0203277013911043,True
D1,24,10,TimesFM3,h1_6,1,ARIMA,7.3534886837005615,5.099456548690796,1.1250386223048963,1.0646827156849186,2.13247288751266,2.1620610432953438,0.4082899692539897,0.6666666666666666,1.0,2.7834050515464908,4.45050766773304,True
D1,24,10,TimesFM3,h1_12,1,ARIMA,7.3534886837005615,5.099456548690796,0.8919073582729293,0.8738803588916793,1.6896636692365408,1.7093971244034254,0.36772224765541167,0.8333333333333334,1.0,3.1622101061855377,5.0794855049074705,True
D1,24,11,TimesFM3,h1,1,ARIMA,7.3534886837005615,5.099456548690796,2.3764615106470917,1.7396013127611913,4.8077213414441395,4.694863367410813,0.9502528911209052,0.0,0.0,1.7922411463974361,2.902521958559113,True
D1,24,11,TimesFM3,h1_6,1,ARIMA,7.3534886837005615,5.099456548690796,1.5334487660129033,1.284294182700223,3.1418735023017286,3.112347940799727,0.5874424573069111,0.5,0.6666666666666666,2.388461232340082,3.8803074489395906,True
D1,24,11,TimesFM3,h1_12,1,ARIMA,7.3534886837005615,5.099456548690796,1.5190908842229391,1.2293429734663772,3.1073482274105917,3.0675429992836274,0.5499068728227879,0.5,0.8333333333333334,2.578595169715761,4.262832096355718,True
D1,24,12,TimesFM3,h1,1,ARIMA,7.3534886837005615,5.099456548690796,0.036522498781074095,0.02780869654061348,0.06881714176926138,0.06879347091905619,0.12831045779016234,1.0,1.0,1.7206194168918028,2.7724181878500005,True
D1,24,12,TimesFM3,h1_6,1,ARIMA,7.3534886837005615,5.099456548690796,0.7333531850051918,0.7571341294242192,1.4029068728813527,1.4174753965883435,0.3157038390638905,0.8333333333333334,1.0,2.511332905291493,4.080910815281047,True
D1,24,12,TimesFM3,h1_12,1,ARIMA,7.3534886837005615,5.099456548690796,0.6996047826613074,0.6656268291343725,1.3274893260184002,1.3341016207745275,0.3081455149869446,0.9166666666666666,1.0,2.83099892037518,4.67943072363705,True
D1,24,13,TimesFM3,h1,1,ARIMA,7.3534886837005615,5.099456548690796,0.5461188568109623,0.44690900672294703,0.8801828501155967,0.8763262135940357,0.2085453449993341,1.0,1.0,2.075275548195685,3.284567948034351,True
D1,24,13,TimesFM3,h1_6,1,ARIMA,7.3534886837005615,5.099456548690796,1.2088806219419999,1.2124949920161763,1.9737685756237953,1.9811510497437321,0.46443206585892377,0.5,0.8333333333333334,2.4027285230972018,3.802942694959766,True
D1,24,13,TimesFM3,h1_12,1,ARIMA,7.3534886837005615,5.099456548690796,1.314214397828364,1.412121444423803,2.1695161853597185,2.2000516987057144,0.5522790096816891,0.5,0.6666666666666666,2.519097582022938,3.9900541082550403,True
D1,24,14,TimesFM3,h1,1,ARIMA,7.3534886837005615,5.099456548690796,0.47737193130154665,0.3873127045730062,0.9268768150529039,0.9311923179019975,0.20403646063400166,1.0,1.0,2.1879575143197827,3.412477063238269,True
D1,24,14,TimesFM3,h1_6,1,ARIMA,7.3534886837005615,5.099456548690796,0.712034659735179,0.7622316008853505,1.392962761974592,1.4101689162266422,0.31329509755961643,0.6666666666666666,1.0,2.6415673797414243,4.160868039440622,True
D1,24,14,TimesFM3,h1_12,1,ARIMA,7.3534886837005615,5.099456548690796,0.5550912987006669,0.599731695220045,1.0833181602696982,1.0938424444498127,0.2881226889145495,0.8333333333333334,1.0,2.909078165722214,4.635087385845197,True
D1,24,15,TimesFM3,h1,1,ARIMA,7.3534886837005615,5.099456548690796,1.2209996070973466,0.9702709298352552,2.0757012239099364,2.0974698273486454,0.39545697296581706,0.0,1.0,2.2185243810706825,3.5185963441901604,True
D1,24,15,TimesFM3,h1_6,1,ARIMA,7.3534886837005615,5.099456548690796,0.7743898269831064,0.6613700827344196,1.316712411616884,1.3268156838022038,0.33279329894787174,0.8333333333333334,1.0,3.275194373411446,5.23471890427014,True
D1,24,15,TimesFM3,h1_12,1,ARIMA,7.3534886837005615,5.099456548690796,1.1541533726327518,1.0653261013140827,1.9677975580447944,1.9944529069180432,0.447641847771784,0.8333333333333334,1.0,3.7407203585264104,6.071986998538253,True
D1,24,16,TimesFM3,h1,1,ARIMA,7.3534886837005615,5.099456548690796,0.761505625221859,0.6601475152249243,1.5809906124701696,1.5685909744431692,0.2640484397570963,1.0,1.0,2.3049936147611807,3.637615924228924,True
D1,24,16,TimesFM3,h1_6,1,ARIMA,7.3534886837005615,5.099456548690796,0.5646481016695275,0.6138578517187768,1.2007744875852664,1.2079820467650688,0.28058707446147396,1.0,1.0,2.904542908859079,4.586981098081118,True
D1,24,16,TimesFM3,h1_12,1,ARIMA,7.3534886837005615,5.099456548690796,1.4567029069217523,1.6039906562053852,3.173823907388187,3.257266708177733,0.5663461646091681,0.5,0.9166666666666666,3.2090244414893854,5.102382232147354,True
D1,24,17,TimesFM3,h1,1,ARIMA,7.3534886837005615,5.099456548690796,0.21283208373381102,0.15145412903256028,0.34566132648029496,0.3450649484412946,0.2472231594807046,1.0,1.0,3.210418053946233,5.06056007957494,True
D1,24,17,TimesFM3,h1_6,1,ARIMA,7.3534886837005615,5.099456548690796,1.3914139208161,1.3218023820154985,2.2929762016908355,2.3407500120534293,0.5852027928525129,0.5,1.0,3.887297221172894,6.224746421465011,True
D1,24,17,TimesFM3,h1_12,1,ARIMA,7.3534886837005615,5.099456548690796,1.3651720458263639,1.296683653522662,2.2037269007306444,2.208677645179365,0.5839985092523637,0.6666666666666666,1.0,4.412520599804319,7.12886635577191,True
D1,24,18,TimesFM3,h1,1,ARIMA,7.3534886837005615,5.099456548690796,2.005412678304436,1.6275714397538208,3.750562013088004,3.6815231094646848,0.7460984854232252,0.0,0.0,2.0579186714366573,3.246293968679997,True
D1,24,18,TimesFM3,h1_6,1,ARIMA,7.3534886837005615,5.099456548690796,1.8551114410762801,1.707122422396622,3.4515111685637136,3.3769847672468276,0.7194756994651921,0.3333333333333333,0.5,2.5573212684891806,4.025720676372811,True
D1,24,18,TimesFM3,h1_12,1,ARIMA,7.3534886837005615,5.099456548690796,1.166381079138734,1.2637006735622232,2.1889879971811386,2.1553349361633365,0.49781999937452903,0.5833333333333334,0.75,2.7766715891939957,4.403073493331506,True
D1,24,19,TimesFM3,h1,1,ARIMA,7.3534886837005615,5.099456548690796,1.118030603250275,0.8679378769985896,2.14016835846081,2.117509227226515,0.3909433689044805,0.0,0.0,1.7168585584057838,2.645352493999114,True
D1,24,19,TimesFM3,h1_6,1,ARIMA,7.3534886837005615,5.099456548690796,1.3758737892474362,1.2211264014145182,2.6212920603168843,2.580185485034858,0.535840164710511,0.3333333333333333,0.5,1.9933317731592275,3.1417514287151915,True
D1,24,19,TimesFM3,h1_12,1,ARIMA,7.3534886837005615,5.099456548690796,2.008190232003125,1.8131864628141503,3.7921353600232113,3.699881927523912,0.8286441583874063,0.16666666666666666,0.3333333333333333,2.1233933149405373,3.39837805910206,True
D1,24,20,TimesFM3,h1,1,ARIMA,7.3534886837005615,5.099456548690796,0.5035118821032397,0.3802775337393601,0.9025435551290909,0.9066349427512659,0.23085473174948182,1.0,1.0,2.557223076428528,4.145724645281765,True
D1,24,20,TimesFM3,h1_6,1,ARIMA,7.3534886837005615,5.099456548690796,1.0250834879799107,0.873826186438761,1.8699264400182658,1.892620491421187,0.40647194190601643,1.0,1.0,3.6790982249474733,5.9340967977215,True
D1,24,20,TimesFM3,h1_12,1,ARIMA,7.3534886837005615,5.099456548690796,1.1511669056400966,0.9474710677783398,2.104767907816332,2.131526709647911,0.4626045664986514,1.0,1.0,4.356507536637872,7.099003473778399,True
D1,24,21,TimesFM3,h1,1,ARIMA,7.3534886837005615,5.099456548690796,1.934606411550539,1.5144970661342143,2.4764280837597044,2.4461396392623684,0.7350537187660032,0.0,0.0,1.6024898931622367,2.7515883119616826,True
D1,24,21,TimesFM3,h1_6,1,ARIMA,7.3534886837005615,5.099456548690796,4.108409108021574,3.4003261829802653,5.162126370285834,5.018427269633975,1.6659812329712473,0.0,0.0,2.4845096790759946,4.141778720437868,True
D1,24,21,TimesFM3,h1_12,1,ARIMA,7.3534886837005615,5.099456548690796,3.7780548817557054,3.1078369771946894,4.7497869146420975,4.62918446003634,1.4401624179334207,0.0,0.3333333333333333,3.163222108826369,5.243115158804263,True
D1,24,22,TimesFM3,h1,1,ARIMA,7.3534886837005615,5.099456548690796,1.1913638382132181,0.958022644525503,1.6796401066591693,1.665651630249721,0.4161813152670287,0.0,1.0,1.736284433769023,2.7066356421923734,True
D1,24,22,TimesFM3,h1_6,1,ARIMA,7.3534886837005615,5.099456548690796,2.1333651013820414,1.853541834589953,2.9836042425845606,2.9328345159686116,0.8433518578392083,0.0,0.5,2.273554226380227,3.6685387804642913,True
D1,24,22,TimesFM3,h1_12,1,ARIMA,7.3534886837005615,5.099456548690796,2.7685405648901984,2.4418076651020852,3.850462613388108,3.7639234437409352,1.1290832716931514,0.08333333333333333,0.3333333333333333,2.746473351385379,4.508097058366555,True
D1,24,23,TimesFM3,h1,1,ARIMA,7.3534886837005615,5.099456548690796,0.3974777147305691,0.31675173014652047,0.6634974933212711,0.6657059645149945,0.1938815528546304,1.0,1.0,2.2116148872801475,3.5893046036679372,True
D1,24,23,TimesFM3,h1_6,1,ARIMA,7.3534886837005615,5.099456548690796,1.1467977381701462,0.9801013097222605,1.8778447933372329,1.858600270479433,0.41807968673721724,1.0,1.0,3.627953060462761,5.887999317189571,True
D1,24,23,TimesFM3,h1_12,1,ARIMA,7.3534886837005615,5.099456548690796,1.7547603020268003,1.6236579463339444,2.8283911146228498,2.7767012770501696,0.6327375880070933,0.75,0.9166666666666666,4.383513122692056,7.185128016566895,True
D1,24,24,TimesFM3,h1,1,ARIMA,7.3534886837005615,5.099456548690796,1.6697997305923953,1.327175147847425,2.7489886352181614,2.787299914152916,0.5822452408034954,0.0,1.0,2.104166461199634,3.4383934071960667,True
D1,24,24,TimesFM3,h1_6,1,ARIMA,7.3534886837005615,5.099456548690796,1.6279659736641332,1.5134018909526898,2.7055953763009817,2.7571292826247515,0.6016847566968652,0.5,1.0,3.3976161113596253,5.524113386228019,True
D1,24,24,TimesFM3,h1_12,1,ARIMA,7.3534886837005615,5.099456548690796,1.7521466925138973,1.6114034932976617,2.9017452137965654,2.9595868153884073,0.6541951263040134,0.5,1.0,4.030177508542999,6.566023924455954,True
D1,24,25,TimesFM3,h1,1,ARIMA,7.3534886837005615,5.099456548690796,1.4584236730788849,1.1326443673307005,1.521826962916291,1.5103346231535852,0.5521092610788063,0.0,0.0,1.8447413956536876,2.9416685065938077,True
D1,24,25,TimesFM3,h1_6,1,ARIMA,7.3534886837005615,5.099456548690796,3.051753135846861,2.657820049130274,3.296727596953718,3.363478094902689,1.179529168266402,0.16666666666666666,0.3333333333333333,2.7985882112023095,4.355609849688083,True
D1,24,25,TimesFM3,h1_12,1,ARIMA,7.3534886837005615,5.099456548690796,2.6318532380439605,2.3486197408972034,2.8385902325458665,2.88921540065014,0.9949387089404871,0.3333333333333333,0.5,3.069834958942398,4.816272104230381,True
D1,24,26,TimesFM3,h1,1,ARIMA,7.3534886837005615,5.099456548690796,0.5563787671065296,0.46736023620336337,0.8602528399462492,0.8639689988707698,0.19342693361296395,1.0,1.0,1.6446422372752323,2.553295709563343,True
D1,24,26,TimesFM3,h1_6,1,ARIMA,7.3534886837005615,5.099456548690796,1.4317134337479087,1.5670356807041719,2.2261345151976095,2.2694462893349296,0.5877605751664849,0.5,0.6666666666666666,1.9613428781722524,3.065143937464235,True
D1,24,26,TimesFM3,h1_12,1,ARIMA,7.3534886837005615,5.099456548690796,1.3264196610075631,1.338332719718349,2.0477145199308615,2.0665456767750823,0.4999678040682396,0.4166666666666667,0.75,2.0774742144835217,3.2913855884893364,True
D1,24,27,TimesFM3,h1,1,ARIMA,7.3534886837005615,5.099456548690796,2.42701275157198,1.9622036461043004,5.303367189586703,5.166371367586316,0.9321197201852304,0.0,0.0,2.426618460286714,3.885179972698017,True
D1,24,27,TimesFM3,h1_6,1,ARIMA,7.3534886837005615,5.099456548690796,0.8195764105520202,0.9367457299856342,1.7898168088196083,1.7623273685598226,0.42716742021434023,0.8333333333333334,0.8333333333333334,3.608022222626364,5.775392809365325,True
D1,24,27,TimesFM3,h1_12,1,ARIMA,7.3534886837005615,5.099456548690796,1.5654408160729005,1.6044040799482502,3.3250200435348933,3.241308060203666,0.649170746261034,0.5833333333333334,0.9166666666666666,4.378112472235737,7.125746646502773,True
D1,24,28,TimesFM3,h1,1,ARIMA,7.3534886837005615,5.099456548690796,1.9430498888131431,1.679422120061573,3.4502591599027537,3.3917471269387813,0.726930091276505,0.0,0.0,2.1617688072413186,3.3302818561357874,True
D1,24,28,TimesFM3,h1_6,1,ARIMA,7.3534886837005615,5.099456548690796,2.6203462766415386,2.3189779609511882,4.607161856412398,4.498890710032932,1.0089364264727716,0.0,0.0,2.9324890485724864,4.518745038987053,True
D1,24,28,TimesFM3,h1_12,1,ARIMA,7.3534886837005615,5.099456548690796,1.711547577076953,1.732444658856224,3.0174321618278577,2.956754042865159,0.6958882939397552,0.5,0.5,3.4836470996546187,5.492079070957679,True
D1,24,29,TimesFM3,h1,1,ARIMA,7.3534886837005615,5.099456548690796,0.6176211261554171,0.5167811334708492,0.8096669870620639,0.8129581137950845,0.22440284561904514,1.0,1.0,2.0979420155150503,3.4416368995230107,True
D1,24,29,TimesFM3,h1_6,1,ARIMA,7.3534886837005615,5.099456548690796,1.0530758657917414,1.0142404682040487,1.384551386254698,1.38848855810881,0.41245710594587714,0.6666666666666666,1.0,3.304856136607362,5.402995038129869,True
D1,24,29,TimesFM3,h1_12,1,ARIMA,7.3534886837005615,5.099456548690796,1.6278933196876215,1.6983884455032965,2.172383825047937,2.2057494683379804,0.6344804605947739,0.6666666666666666,0.9166666666666666,4.1818587983812705,6.802622437986577,True
D1,24,30,TimesFM3,h1,1,ARIMA,7.3534886837005615,5.099456548690796,2.3324965065654455,1.9348461159907109,3.8659130207315555,3.94211233781121,0.8731181573352104,0.0,0.0,2.284815161905757,3.5804518185156637,True
D1,24,30,TimesFM3,h1_6,1,ARIMA,7.3534886837005615,5.099456548690796,1.5116445383086503,1.5923954638835518,2.5119980960587585,2.5641536636982667,0.6232807806485955,0.3333333333333333,0.6666666666666666,2.9201605750572956,4.71832289183349,True
D1,24,30,TimesFM3,h1_12,1,ARIMA,7.3534886837005615,5.099456548690796,1.7739950789658308,1.8725858471979673,2.966716414442165,3.0402745801827242,0.7128996339165425,0.4166666666666667,0.75,3.5106378437900734,5.765018405718828,True
D1,24,31,TimesFM3,h1,1,ARIMA,7.3534886837005615,5.099456548690796,1.8443661677601533,1.5003985831329893,3.00257870020978,2.958168038489727,0.6793709942730851,0.0,0.0,1.8889692469769,3.0112899867345213,True
D1,24,31,TimesFM3,h1_6,1,ARIMA,7.3534886837005615,5.099456548690796,1.9278781300677594,1.7152819042585397,3.2255966747689655,3.252708421795225,0.715849125088089,0.3333333333333333,0.5,2.627003636112969,4.183888563385781,True
D1,24,31,TimesFM3,h1_12,1,ARIMA,7.3534886837005615,5.099456548690796,1.7489488485928337,1.6011749004449958,2.9429125883966663,2.9802048578378675,0.6573150730466838,0.5,0.5833333333333334,3.0093432435619794,4.810428310872954,True
D1,24,32,TimesFM3,h1,1,ARIMA,7.3534886837005615,5.099456548690796,0.10437112522356431,0.09240741391200219,0.19270761813174983,0.19289347834557546,0.15368956870355102,1.0,1.0,2.0092261326930005,3.224247147638771,True
D1,24,32,TimesFM3,h1_6,1,ARIMA,7.3534886837005615,5.099456548690796,0.9386000948760361,0.9007169868710361,1.720141381009747,1.713466290151501,0.33441922148733827,1.0,1.0,2.6116604342647696,4.1901458567943575,True
D1,24,32,TimesFM3,h1_12,1,ARIMA,7.3534886837005615,5.099456548690796,1.4428415634538378,1.4335839277528069,2.6874706731885074,2.7221801232166976,0.5044675553207698,0.6666666666666666,0.9166666666666666,2.895188097635852,4.6947584514608565,True
D1,24,33,TimesFM3,h1,1,ARIMA,7.3534886837005615,5.099456548690796,1.108928226775683,0.9977268073032057,1.9827734193563344,1.9633094305915915,0.37083701487155907,0.0,1.0,1.7905177515866622,2.8621114318512717,True
D1,24,33,TimesFM3,h1_6,1,ARIMA,7.3534886837005615,5.099456548690796,1.440224134464835,1.4799021654263655,2.5946879700269587,2.605712713446434,0.5395604454159173,0.16666666666666666,0.6666666666666666,2.215654817204507,3.569408884356683,True
D1,24,33,TimesFM3,h1_12,1,ARIMA,7.3534886837005615,5.099456548690796,1.065917690610816,1.1523793154377502,1.9159576203885482,1.921125780645349,0.40962192469500075,0.5833333333333334,0.8333333333333334,2.4460444206780796,3.976349769851078,True
D1,24,34,TimesFM3,h1,1,ARIMA,7.3534886837005615,5.099456548690796,1.5274836604167346,1.2382400681989245,2.528279073731582,2.4967170859247245,0.5207084790661484,0.0,1.0,2.0013001694710177,3.237975012509366,True
D1,24,34,TimesFM3,h1_6,1,ARIMA,7.3534886837005615,5.099456548690796,1.7154432526993957,1.4553997585096838,2.8255758032859086,2.7826508485271533,0.5827524219979915,0.3333333333333333,1.0,3.166911393292697,5.080132236141284,True
D1,24,34,TimesFM3,h1_12,1,ARIMA,7.3534886837005615,5.099456548690796,2.179839246637626,1.8852227514471125,3.5585661150583,3.488491918780978,0.7438880102229527,0.3333333333333333,0.9166666666666666,3.809781386513063,6.161337729898403,True
D1,24,35,TimesFM3,h1,1,ARIMA,7.3534886837005615,5.099456548690796,0.42065852432776435,0.33272371147771324,0.6564116716335525,0.6585731471355737,0.17776928078493937,1.0,1.0,1.876669665676218,3.027529353628971,True
D1,24,35,TimesFM3,h1_6,1,ARIMA,7.3534886837005615,5.099456548690796,1.1111688267195456,1.336304848302038,1.6920778170368234,1.6637671799290543,0.46933717310688533,0.8333333333333334,0.8333333333333334,2.5275699088148533,4.071770427116388,True
D1,24,35,TimesFM3,h1_12,1,ARIMA,7.3534886837005615,5.099456548690796,2.090584674971209,2.038764782250883,3.1705254492940287,3.098330019499582,0.8346888683617547,0.5,0.5,2.8460364583682605,4.635383852870095,True
D1,24,36,TimesFM3,h1,1,ARIMA,7.3534886837005615,5.099456548690796,3.098768519903704,2.6624427886734345,4.308517448281853,4.217658179006169,1.3167905797509756,0.0,0.0,1.9773755145285041,3.108436521453567,True
D1,24,36,TimesFM3,h1_6,1,ARIMA,7.3534886837005615,5.099456548690796,2.1012582571751723,2.194649170324693,3.0386383027542356,3.0776423327471223,0.9109872477509358,0.3333333333333333,0.3333333333333333,2.289433090812668,3.595850022608555,True
D1,24,36,TimesFM3,h1_12,1,ARIMA,7.3534886837005615,5.099456548690796,1.736783965976122,1.813359134274418,2.513661413138416,2.544661491946372,0.7041516073824633,0.4166666666666667,0.5833333333333334,2.45189140413276,3.8668434723818192,True
D1,24,37,TimesFM3,h1,1,ARIMA,7.3534886837005615,5.099456548690796,0.7342989032782365,0.5811738643639216,1.124915165409762,1.1312781250053363,0.2664610472854699,1.0,1.0,2.5274349562608105,4.011558364846417,True
D1,24,37,TimesFM3,h1_6,1,ARIMA,7.3534886837005615,5.099456548690796,0.898986471779681,0.7668540865248824,1.3627590898373574,1.354318492237161,0.35143550911563537,1.0,1.0,3.2974911790791337,5.269660181104388,True
D1,24,37,TimesFM3,h1_12,1,ARIMA,7.3534886837005615,5.099456548690796,1.0626199223729487,0.9538590183137333,1.610603269367665,1.6041457324098587,0.41855222295934935,1.0,1.0,3.769575456044892,6.064534830784927,True
D1,24,38,TimesFM3,h1,1,ARIMA,7.3534886837005615,5.099456548690796,0.31114890740444956,0.2642888359606782,0.6817829980389253,0.6794667536371128,0.15690666092836034,1.0,1.0,1.843088148290352,3.005764129393264,True
D1,24,38,TimesFM3,h1_6,1,ARIMA,7.3534886837005615,5.099456548690796,0.509297267662499,0.471330889083886,1.121311622495077,1.128067330130984,0.22865080577111316,1.0,1.0,2.466277389786795,4.026402620519637,True
D1,24,38,TimesFM3,h1_12,1,ARIMA,7.3534886837005615,5.099456548690796,0.514583413956173,0.6335859273183619,1.1386867905046199,1.152291327503633,0.28145955697661007,0.9166666666666666,1.0,2.837242726000916,4.693404402412221,True
D1,24,39,TimesFM3,h1,1,ARIMA,7.3534886837005615,5.099456548690796,1.2559061760693278,1.0330708437080554,2.053524353971834,2.0748279021082316,0.42463713538534154,0.0,1.0,1.951557893641291,3.0517098160845184,True
D1,24,39,TimesFM3,h1_6,1,ARIMA,7.3534886837005615,5.099456548690796,0.632455029035879,0.6154782718004712,1.0270140384880506,1.0337495478468037,0.25629449838909707,0.8333333333333334,1.0,2.1517296175490976,3.398280758562161,True
D1,24,39,TimesFM3,h1_12,1,ARIMA,7.3534886837005615,5.099456548690796,1.053051108861542,1.2928615685872662,1.6732068683441834,1.650296004277096,0.4557501707905675,0.6666666666666666,0.8333333333333334,2.2716576774329558,3.597290297711121,True
D1,24,40,TimesFM3,h1,1,ARIMA,7.3534886837005615,5.099456548690796,0.010825311081172918,0.008783578933270246,0.016549892295215935,0.016551261903225173,0.17049572225961115,1.0,1.0,2.3079302395164443,3.672546064253787,True
D1,24,40,TimesFM3,h1_6,1,ARIMA,7.3534886837005615,5.099456548690796,1.2675628257775626,1.222417514655806,1.9777134803014744,1.997737730499065,0.4817795197541909,0.5,0.8333333333333334,2.819202009362811,4.489266279664064,True
D1,24,40,TimesFM3,h1_12,1,ARIMA,7.3534886837005615,5.099456548690796,2.3934425260662637,2.2680516480387376,3.6349312019475803,3.571780412516982,0.9073792407353315,0.3333333333333333,0.5,3.017883563949091,4.81731746459533,True
D1,24,41,TimesFM3,h1,1,ARIMA,7.3534886837005615,5.099456548690796,0.6335502965269679,0.5347086207737112,0.7057033435811861,0.708202247049559,0.21809564130572293,1.0,1.0,1.870562553761351,3.0139596160731084,True
D1,24,41,TimesFM3,h1_6,1,ARIMA,7.3534886837005615,5.099456548690796,1.8171505109001187,1.922784233328504,2.053530601738134,2.0851167237788792,0.6826412663677939,0.5,0.8333333333333334,2.9607227008115093,4.7228223624711765,True
D1,24,41,TimesFM3,h1_12,1,ARIMA,7.3534886837005615,5.099456548690796,1.9099895809129217,1.9287735623915363,2.1409320496114574,2.1561584074702838,0.7048632222461017,0.5,0.8333333333333334,3.5605553272735744,5.728996314395307,True
D1,24,42,TimesFM3,h1,1,ARIMA,7.3534886837005615,5.099456548690796,1.8047085216066823,1.5122856312280946,2.7406783890286177,2.703629494392508,0.676547882983286,0.0,0.0,1.9282388462411764,3.101079852537214,True
D1,24,42,TimesFM3,h1_6,1,ARIMA,7.3534886837005615,5.099456548690796,1.8380208282579467,1.6123452064953567,2.8714605719067516,2.8923763965918723,0.6454116722922406,0.3333333333333333,0.6666666666666666,2.7577632986944374,4.438226077654955,True
D1,24,42,TimesFM3,h1_12,1,ARIMA,7.3534886837005615,5.099456548690796,1.788848990027997,1.7130427014044027,2.8130346247325484,2.8532430838564067,0.6624372731084094,0.4166666666666667,0.75,3.220171995529424,5.236712429494262,True
D1,24,43,TimesFM3,h1,1,ARIMA,7.3534886837005615,5.099456548690796,1.7378400893080825,1.3631218556912068,2.7342711657870873,2.6973941308138487,0.6214874309732118,0.0,0.0,1.8533672156360728,2.9747369831635844,True
D1,24,43,TimesFM3,h1_6,1,ARIMA,7.3534886837005615,5.099456548690796,1.8892166233120742,1.5920262871652073,2.9556498727434533,2.90629161547562,0.6847845181003871,0.3333333333333333,0.3333333333333333,2.338536909061652,3.786815174955035,True
D1,24,43,TimesFM3,h1_12,1,ARIMA,7.3534886837005615,5.099456548690796,2.163441027811977,1.793936758165734,3.3794322451466208,3.3170407830958792,0.770079430625442,0.16666666666666666,0.4166666666666667,2.586864681713894,4.2000147339870395,True
D1,24,44,TimesFM3,h1,1,ARIMA,7.3534886837005615,5.099456548690796,0.8803406416949477,0.7499049262042731,2.1132566429597204,2.135824368130455,0.2866898947210811,1.0,1.0,1.8151051083877778,2.8357960081478883,True
D1,24,44,TimesFM3,h1_6,1,ARIMA,7.3534886837005615,5.099456548690796,0.868705628947519,0.9103166750197733,2.0875967109398785,2.1211067590488537,0.336936943076638,0.6666666666666666,0.8333333333333334,2.1269262830526987,3.3459412083134072,True
D1,24,44,TimesFM3,h1_12,1,ARIMA,7.3534886837005615,5.099456548690796,0.7438387287095314,0.7790818045910226,1.7641197111067406,1.7737813892904828,0.300298006116021,0.8333333333333334,0.9166666666666666,2.308938460573591,3.6617698461011505,True
D1,24,45,TimesFM3,h1,1,ARIMA,7.3534886837005615,5.099456548690796,1.2788542790416249,0.999204218891278,1.4406413714875723,1.4510939010262307,0.42284657171965623,0.0,1.0,2.1298818332746023,3.268774148898936,True
D1,24,45,TimesFM3,h1_6,1,ARIMA,7.3534886837005615,5.099456548690796,1.4975709258902234,1.3718118327397069,1.67235620132079,1.6749160319036127,0.5749762195573068,0.3333333333333333,0.6666666666666666,2.2676793566810485,3.51847255807188,True
D1,24,45,TimesFM3,h1_12,1,ARIMA,7.3534886837005615,5.099456548690796,2.1027908118281955,1.951756242643909,2.3168783415058143,2.2907785703884973,0.8538498842707128,0.25,0.5,2.37002031179465,3.7107077276731126,True
D1,24,46,TimesFM3,h1,1,ARIMA,7.3534886837005615,5.099456548690796,0.24121407426208727,0.18420426162169148,0.3831115653771296,0.38384684620770815,0.18315424830370358,1.0,1.0,2.311608079222645,3.825374698384011,True
D1,24,46,TimesFM3,h1_6,1,ARIMA,7.3534886837005615,5.099456548690796,0.9051365928045582,0.8582742699385931,1.425054175401727,1.409910446390245,0.36380829487262034,0.8333333333333334,1.0,3.127890501322856,5.214866399883863,True
D1,24,46,TimesFM3,h1_12,1,ARIMA,7.3534886837005615,5.099456548690796,0.6694225166584467,0.6999007956162405,1.0567891190310328,1.0476870655298216,0.3484721275688971,0.9166666666666666,1.0,3.564542538600023,5.960560610230241,True
D1,24,47,TimesFM3,h1,1,ARIMA,7.3534886837005615,5.099456548690796,0.31724712214798284,0.2605818600739689,0.4852813149330273,0.4864616687243426,0.1704282248986013,1.0,1.0,2.056719721249627,3.2582866953121474,True
D1,24,47,TimesFM3,h1_6,1,ARIMA,7.3534886837005615,5.099456548690796,1.1405649753246887,1.0934686914991312,1.7243073044929544,1.7048189699162224,0.43880122789945547,0.8333333333333334,0.8333333333333334,2.8720987637724034,4.585420683010202,True
D1,24,47,TimesFM3,h1_12,1,ARIMA,7.3534886837005615,5.099456548690796,0.946983402754192,0.9740956354318746,1.446879787535929,1.4414297044443591,0.41727779553856464,0.9166666666666666,0.9166666666666666,3.479359297265587,5.589204125405031,True
D1,24,48,TimesFM3,h1,1,ARIMA,7.3534886837005615,5.099456548690796,1.3053097836923897,1.1274186288634693,2.621855903992837,2.6566831054177245,0.45790119522742684,0.0,0.0,1.4129414003378853,2.2862822366179123,True
D1,24,48,TimesFM3,h1_6,1,ARIMA,7.3534886837005615,5.099456548690796,1.406007718203824,1.2770844628051365,2.816394927421204,2.837611494797046,0.5207183425364178,0.16666666666666666,0.3333333333333333,1.6298155656543454,2.7674210803591457,True
D1,24,48,TimesFM3,h1_12,1,ARIMA,7.3534886837005615,5.099456548690796,1.1239059004053604,1.1320431875867225,2.2241883066886943,2.2292202351490302,0.43154822555325356,0.5,0.5833333333333334,1.7187240720926074,2.982039904325885,True
D1,24,49,TimesFM3,h1,1,ARIMA,7.3534886837005615,5.099456548690796,1.9533733671810543,1.6298738383172888,3.632315222439482,3.699504046762135,0.7432907030290753,0.0,0.0,2.1063173227344754,3.368373396470034,True
D1,24,49,TimesFM3,h1_6,1,ARIMA,7.3534886837005615,5.099456548690796,1.5529547178679335,1.481520274466546,2.8181539920253265,2.7967733129823054,0.5698705234947907,0.3333333333333333,0.6666666666666666,2.3931929938749983,3.830271826019484,True
D1,24,49,TimesFM3,h1_12,1,ARIMA,7.3534886837005615,5.099456548690796,1.46483275120708,1.4148946528936297,2.6493778339461103,2.6183602700874076,0.5325349661334733,0.5,0.75,2.5489472715621297,4.058109470941944,True
D1,24,50,TimesFM3,h1,1,ARIMA,7.3534886837005615,5.099456548690796,0.748946209731653,0.584962573346115,1.15896310067935,1.1657182227088956,0.28270395039403584,1.0,1.0,2.7679250605160215,4.3995453610042015,True
D1,24,50,TimesFM3,h1_6,1,ARIMA,7.3534886837005615,5.099456548690796,1.2362765236971238,1.294547358585006,1.9436540974172578,1.9784000203016823,0.5352077128813683,0.6666666666666666,0.8333333333333334,3.795986250842695,5.931965522005651,True
D1,24,50,TimesFM3,h1_12,1,ARIMA,7.3534886837005615,5.099456548690796,1.2947801896183697,1.2626746972700393,2.041880940630379,2.0750562790953655,0.546687995550831,0.8333333333333334,0.9166666666666666,4.445999645627729,6.984011619001571,True
D1,24,51,TimesFM3,h1,1,ARIMA,7.3534886837005615,5.099456548690796,0.2923881940494571,0.24117240771793902,0.7090172257391729,0.7115396952427946,0.1747323471654343,1.0,1.0,2.1712672720493456,3.416131325154007,True
D1,24,51,TimesFM3,h1_6,1,ARIMA,7.3534886837005615,5.099456548690796,0.8897242348852064,0.9403276041254988,2.0981086904286808,2.063834102931972,0.3761048814842753,0.8333333333333334,1.0,3.29315840385128,5.224971554868735,True
D1,24,51,TimesFM3,h1_12,1,ARIMA,7.3534886837005615,5.099456548690796,0.6979769652283617,0.7466202206089539,1.6487374464845477,1.627792000897956,0.37708669629297015,0.9166666666666666,1.0,3.975583662631468,6.391808006737123,True
D1,24,52,TimesFM3,h1,1,ARIMA,7.3534886837005615,5.099456548690796,0.1688567324583934,0.13185329667978726,0.2832810400250704,0.28368284988883935,0.1359309022356874,1.0,1.0,1.7261707626797387,2.7823621433528696,True
D1,24,52,TimesFM3,h1_6,1,ARIMA,7.3534886837005615,5.099456548690796,0.8466255703571701,0.9808417586944093,1.402269886618019,1.3815589141804316,0.39198271658618833,0.8333333333333334,0.8333333333333334,2.471128858979339,4.0161459410409375,True
D1,24,52,TimesFM3,h1_12,1,ARIMA,7.3534886837005615,5.099456548690796,1.3669734825963293,1.3663167107851684,2.3104981315119515,2.3306741174240355,0.5312572662061894,0.6666666666666666,0.8333333333333334,2.944040605912541,4.851322591141944,True
D1,24,53,TimesFM3,h1,1,ARIMA,7.3534886837005615,5.099456548690796,0.42750972356762257,0.32464067486556775,0.7012533214694412,0.7037207540502649,0.2393629610406291,1.0,1.0,2.869607277938462,4.429847604082949,True
D1,24,53,TimesFM3,h1_6,1,ARIMA,7.3534886837005615,5.099456548690796,1.0607381198248396,0.9051475118148721,1.7344755756750323,1.7166035845372778,0.3836410154208551,0.8333333333333334,1.0,3.010332975384549,4.750941278518024,True
D1,24,53,TimesFM3,h1_12,1,ARIMA,7.3534886837005615,5.099456548690796,1.1120238279060999,1.1876123344465828,1.809238867597566,1.780009015024232,0.45282668922815206,0.8333333333333334,0.9166666666666666,3.108061723184316,4.949886820829098,True
D1,24,54,TimesFM3,h1,1,ARIMA,7.3534886837005615,5.099456548690796,3.495819511931132,2.72449026770793,3.776928317368101,3.7069243790796604,1.4808597691346024,0.0,0.0,1.993398358725206,3.3747909929349738,True
D1,24,54,TimesFM3,h1_6,1,ARIMA,7.3534886837005615,5.099456548690796,1.233977859295878,1.3169563323416384,1.3540433795041722,1.347505974911671,0.5481690954154793,0.6666666666666666,0.8333333333333334,3.170989135114946,5.400292937608128,True
D1,24,54,TimesFM3,h1_12,1,ARIMA,7.3534886837005615,5.099456548690796,2.7944616328902274,2.67415028345428,3.153306712475331,3.2192527841357155,1.0909980568788882,0.3333333333333333,0.6666666666666666,3.990304903816123,6.839387735645643,True
D1,24,55,TimesFM3,h1,1,ARIMA,7.3534886837005615,5.099456548690796,0.5316720987180923,0.410499575992066,0.7421130533144238,0.7448769679194553,0.20701235010088645,1.0,1.0,2.0798844603529374,3.2511027696213968,True
D1,24,55,TimesFM3,h1_6,1,ARIMA,7.3534886837005615,5.099456548690796,0.7127332846073468,0.6796869876479276,0.9956241209355017,1.0032725554645292,0.29257387553506503,0.8333333333333334,1.0,2.5600529503317504,4.0373406240182215,True
D1,24,55,TimesFM3,h1_12,1,ARIMA,7.3534886837005615,5.099456548690796,1.9641524236907801,1.8660906507729362,2.7730928150208123,2.833110512044006,0.752478608377786,0.4166666666666667,0.5833333333333334,2.8423418335864254,4.533272784432656,True
D1,24,56,TimesFM3,h1,1,ARIMA,7.3534886837005615,5.099456548690796,1.8415706526394495,1.4249034708273969,2.4273633059910926,2.398256111573086,0.6403436850415302,0.0,0.0,2.013624182371792,3.3172800149898207,True
D1,24,56,TimesFM3,h1_6,1,ARIMA,7.3534886837005615,5.099456548690796,1.3042519996788537,1.1714924538281264,1.7204259753055864,1.7018325883942753,0.4962394005479847,0.5,0.8333333333333334,3.3927010360962004,5.753649222038949,True
D1,24,56,TimesFM3,h1_12,1,ARIMA,7.3534886837005615,5.099456548690796,1.4034675366973497,1.2480010138497974,1.8454904777396062,1.8241364322527924,0.5839782102891214,0.75,0.9166666666666666,5.020278964963313,8.29456153832062,True
D1,24,57,TimesFM3,h1,1,ARIMA,7.3534886837005615,5.099456548690796,0.9339790180422715,0.740016683521809,1.2372210432688693,1.229614518481995,0.3021276488560229,1.0,1.0,1.980943515478154,3.1371288339635024,True
D1,24,57,TimesFM3,h1_6,1,ARIMA,7.3534886837005615,5.099456548690796,1.8050681290544452,1.6375897249173497,2.363919835077104,2.3281141204205897,0.6784582187112191,0.3333333333333333,0.6666666666666666,2.4748897890339983,4.014370453181564,True
D1,24,57,TimesFM3,h1_12,1,ARIMA,7.3534886837005615,5.099456548690796,1.5237135573256029,1.3880039435876657,2.0004359470813697,1.9771950624773205,0.5578432302185883,0.5833333333333334,0.8333333333333334,2.9037535959915663,4.749109000421701,True
D1,24,58,TimesFM3,h1,1,ARIMA,7.3534886837005615,5.099456548690796,1.8314466322194556,1.3794257778896926,3.268437711410251,3.3227385310097923,0.6400398040251303,0.0,1.0,2.4524615253308397,4.0165745845626635,True
D1,24,58,TimesFM3,h1_6,1,ARIMA,7.3534886837005615,5.099456548690796,1.2857887632520628,1.2905233346982694,2.3073388541648794,2.3557518039340137,0.5641409828967108,0.5,0.6666666666666666,3.2404479002393582,5.251731097347745,True
D1,24,58,TimesFM3,h1_12,1,ARIMA,7.3534886837005615,5.099456548690796,1.5392467631789726,1.3971075590471733,2.7077738880644615,2.707804578335346,0.5982779068188617,0.5833333333333334,0.8333333333333334,3.7167409277641013,6.031603743478616,True
D1,24,59,TimesFM3,h1,1,ARIMA,7.3534886837005615,5.099456548690796,0.2960081604173406,0.22783801451754024,0.39205828815069055,0.39129124327565556,0.1687776771616325,1.0,1.0,2.0670982428495064,3.2755168559408494,True
D1,24,59,TimesFM3,h1_6,1,ARIMA,7.3534886837005615,5.099456548690796,0.5140941749938288,0.5514405517410819,0.6805815651883553,0.6765455954649054,0.2806268021466523,0.8333333333333334,1.0,2.7429502517291238,4.376987814655866,True
D1,24,59,TimesFM3,h1_12,1,ARIMA,7.3534886837005615,5.099456548690796,0.7152832371769581,0.7092440368714353,0.9558826994315561,0.9573183052225128,0.33174770215078986,0.9166666666666666,1.0,3.1181709731265204,5.001439036436674,True
D1,24,60,TimesFM3,h1,1,ARIMA,7.3534886837005615,5.099456548690796,0.33912498034983657,0.3026315492790399,0.5822073450384018,0.5805174374583462,0.1586640970555409,1.0,1.0,1.8051218541995822,2.806275418013493,True
D1,24,60,TimesFM3,h1_6,1,ARIMA,7.3534886837005615,5.099456548690796,1.0345147950516556,1.0779989255664342,1.804568488683732,1.8237980783946486,0.3752921138328644,0.6666666666666666,0.8333333333333334,2.286641189757425,3.5937397618343185,True
D1,24,60,TimesFM3,h1_12,1,ARIMA,7.3534886837005615,5.099456548690796,0.9494183641280092,0.9839509162997818,1.6396850906625984,1.6436769316703892,0.35432064998944557,0.75,0.9166666666666666,2.5328272306930586,4.003707874501316,True
D1,24,61,TimesFM3,h1,1,ARIMA,7.3534886837005615,5.099456548690796,0.6640973938957132,0.467835060351035,0.8390748679936113,0.8355693418176854,0.2480772366310983,1.0,1.0,2.420757763998091,3.876474259450424,True
D1,24,61,TimesFM3,h1_6,1,ARIMA,7.3534886837005615,5.099456548690796,1.4298424560500753,1.2961163962617153,1.7853531986436193,1.7595082111406444,0.5738857555091926,0.5,0.8333333333333334,3.1666260989626305,5.092807819727134,True
D1,24,61,TimesFM3,h1_12,1,ARIMA,7.3534886837005615,5.099456548690796,1.7178673809809129,1.4531090134846165,2.182076602324167,2.189402026992172,0.6580800650570044,0.5,0.8333333333333334,3.517351679678271,5.726069750143996,True
D1,24,62,TimesFM3,h1,1,ARIMA,7.3534886837005615,5.099456548690796,0.9028931722456954,0.7341446036028846,2.0575082831442293,2.0788950015718353,0.29235084710656506,0.0,1.0,1.665925849628268,2.55160938280775,True
D1,24,62,TimesFM3,h1_6,1,ARIMA,7.3534886837005615,5.099456548690796,0.5541400984006358,0.47561227711287424,1.2535477576150644,1.2573756032232652,0.20317144460085143,0.8333333333333334,1.0,1.7799894083630332,2.7569242468607995,True
D1,24,62,TimesFM3,h1_12,1,ARIMA,7.3534886837005615,5.099456548690796,0.45601536462647746,0.42581782559005976,1.0285167856763335,1.0285632955581538,0.19322446502269633,0.9166666666666666,1.0,1.857408586493593,2.8942787278987168,True
D1,24,63,TimesFM3,h1,1,ARIMA,7.3534886837005615,5.099456548690796,0.12555335674932452,0.11183828189233284,0.26720364257348533,0.26756110908828223,0.16905409000506827,1.0,1.0,2.2226627854134353,3.47405850907867,True
D1,24,63,TimesFM3,h1_6,1,ARIMA,7.3534886837005615,5.099456548690796,1.6108775895848289,1.8106285892200926,3.310758189867094,3.227357205708804,0.6171683532216529,0.6666666666666666,0.8333333333333334,2.781688469826187,4.3900104888939,True
D1,24,63,TimesFM3,h1_12,1,ARIMA,7.3534886837005615,5.099456548690796,1.3758660172502746,1.6072647262896027,2.8349431823053517,2.7741890635734467,0.5528533530530585,0.75,0.8333333333333334,3.25632242870431,5.213558064698291,True
D1,24,64,TimesFM3,h1,1,ARIMA,7.3534886837005615,5.099456548690796,1.201475128056862,0.9998888015408688,1.963763101199039,1.9832361308729038,0.39173715244823865,0.0,1.0,2.035317532951745,3.1687005882016965,True
D1,24,64,TimesFM3,h1_6,1,ARIMA,7.3534886837005615,5.099456548690796,3.2707038702220492,2.8358305211563377,5.460979854991981,5.628301741005931,1.294320041484232,0.0,0.16666666666666666,2.556444800630982,4.055011037573928,True
D1,24,64,TimesFM3,h1_12,1,ARIMA,7.3534886837005615,5.099456548690796,2.783079576832376,2.4642147395414145,4.632825817819668,4.758283925875545,1.0367392005510607,0.16666666666666666,0.4166666666666667,2.9620376496062537,4.775599472089174,True
D1,24,65,TimesFM3,h1,1,ARIMA,7.3534886837005615,5.099456548690796,1.9579215338132072,1.5749532361604506,2.454411733122256,2.424656209870783,0.7171856690831439,0.0,0.0,2.473733048477279,4.046456076552776,True
D1,24,65,TimesFM3,h1_6,1,ARIMA,7.3534886837005615,5.099456548690796,1.9523737284928513,1.7249308224097843,2.457295998391715,2.4318920420262935,0.7498095796241919,0.5,0.8333333333333334,4.6225888076192545,7.529333140726562,True
D1,24,65,TimesFM3,h1_12,1,ARIMA,7.3534886837005615,5.099456548690796,1.524967847325748,1.4555935081427012,1.9408125779483987,1.936391182285518,0.685136570680114,0.75,0.9166666666666666,5.7081287504824845,9.50402413527613,True
D1,24,66,TimesFM3,h1,1,ARIMA,7.3534886837005615,5.099456548690796,0.41222473919057784,0.3436421002029943,0.6164364500835922,0.6183422937259972,0.18997943898398073,1.0,1.0,2.12096062732193,3.3404171617999068,True
D1,24,66,TimesFM3,h1_6,1,ARIMA,7.3534886837005615,5.099456548690796,0.7175082194748397,0.6292597666296529,1.077792397787751,1.0842729753947093,0.2713082457680367,1.0,1.0,2.500918327170383,3.9519808442180606,True
D1,24,66,TimesFM3,h1_12,1,ARIMA,7.3534886837005615,5.099456548690796,1.4296947760341137,1.4198460382799347,2.1723664096208846,2.2067833158382175,0.5383980081425629,0.5833333333333334,0.75,2.629205904483723,4.19252600946333,True
D1,24,67,TimesFM3,h1,1,ARIMA,7.3534886837005615,5.099456548690796,1.0623818516113548,0.9260579831238325,2.1796155723726436,2.203630913648392,0.34577711297084396,1.0,1.0,2.27214501729233,3.4825973345621852,True
D1,24,67,TimesFM3,h1_6,1,ARIMA,7.3534886837005615,5.099456548690796,1.2031958233600912,1.4103742894544904,2.4901990214821463,2.5480461449450953,0.5156025010348123,0.6666666666666666,0.6666666666666666,2.858745836822673,4.4218585378568624,True
D1,24,67,TimesFM3,h1_12,1,ARIMA,7.3534886837005615,5.099456548690796,1.3245108606012275,1.3903889938656921,2.7247267230486263,2.780166313227095,0.507987156595496,0.75,0.8333333333333334,3.157753101589174,4.966303667536305,True
D1,24,68,TimesFM3,h1,1,ARIMA,7.3534886837005615,5.099456548690796,0.3308540961049975,0.25708636433826204,0.5480526730801175,0.546554968522697,0.1700760162553703,1.0,1.0,1.9894047143731084,3.385713626489592,True
D1,24,68,TimesFM3,h1_6,1,ARIMA,7.3534886837005615,5.099456548690796,0.6956120307517354,0.5827160404290417,1.1471554713627272,1.14146309912831,0.27703743461477925,1.0,1.0,2.7008824219314174,4.502268064836566,True
D1,24,68,TimesFM3,h1_12,1,ARIMA,7.3534886837005615,5.099456548690796,1.1345346824231544,1.1053012135573652,1.900800339357937,1.9234304933557445,0.4447564651851423,0.8333333333333334,0.8333333333333334,3.1846308717742593,5.296205459987641,True
D1,24,69,TimesFM3,h1,1,ARIMA,7.3534886837005615,5.099456548690796,0.9039204485838652,0.6413853918471264,1.5241844682400503,1.5126566295374437,0.2997382674543534,1.0,1.0,2.228738275709529,3.4474446389327644,True
D1,24,69,TimesFM3,h1_6,1,ARIMA,7.3534886837005615,5.099456548690796,0.9756755011743873,0.8576119125583985,1.6451353632043388,1.6500948231789654,0.38103066409690056,0.6666666666666666,1.0,2.568394037948758,4.034920623919135,True
D1,24,69,TimesFM3,h1_12,1,ARIMA,7.3534886837005615,5.099456548690796,1.805884459220192,1.4942848502012112,3.0839082778598597,3.14249101574832,0.6718142342210268,0.3333333333333333,0.75,2.794239842134428,4.429162358225798,True
D1,24,70,TimesFM3,h1,1,ARIMA,7.3534886837005615,5.099456548690796,0.2556338083626787,0.21157548463367926,0.4927871413436736,0.4940043362670757,0.15528044248411704,1.0,1.0,1.9287314601453518,3.0171108777683022,True
D1,24,70,TimesFM3,h1_6,1,ARIMA,7.3534886837005615,5.099456548690796,0.8657643946254173,0.7763409282957464,1.6494984974090414,1.6359300412569753,0.3040543816081896,0.8333333333333334,1.0,2.392631849760608,3.7778955706751898,True
D1,24,70,TimesFM3,h1_12,1,ARIMA,7.3534886837005615,5.099456548690796,1.5358904941807572,1.4385211375938296,2.898778809735738,2.847460019980685,0.5395924788489596,0.5,0.8333333333333334,2.6758446247208343,4.268155727263406,True
D1,24,71,TimesFM3,h1,1,ARIMA,7.3534886837005615,5.099456548690796,0.9183107229021694,0.6819862616128766,1.3631395160549626,1.3724940202275695,0.3058970282793309,1.0,1.0,2.1218139404038703,3.372416738004111,True
D1,24,71,TimesFM3,h1_6,1,ARIMA,7.3534886837005615,5.099456548690796,0.7304907634581719,0.6701302076488148,1.07296182748356,1.0673961187796321,0.3044118056654832,1.0,1.0,2.606073409492443,4.162849130946441,True
D1,24,71,TimesFM3,h1_12,1,ARIMA,7.3534886837005615,5.099456548690796,1.3075595474970751,1.1070455818586946,1.910441409725338,1.8886492270447086,0.45993518636206354,0.75,1.0,2.8252320492086915,4.522113411724184,True
D1,24,72,TimesFM3,h1,1,ARIMA,7.3534886837005615,5.099456548690796,0.0866655931373011,0.06710158689023006,0.1474406858006965,0.14754945976838535,0.16229097510904308,1.0,1.0,2.135478896589305,3.4359764730133517,True
D1,24,72,TimesFM3,h1_6,1,ARIMA,7.3534886837005615,5.099456548690796,0.6473628644396435,0.7522747614571308,1.112230052712502,1.1257166270659753,0.32241533131501265,0.8333333333333334,1.0,2.9541895968169176,4.736564575612849,True
D1,24,72,TimesFM3,h1_12,1,ARIMA,7.3534886837005615,5.099456548690796,1.5480718626208951,1.4899573137886324,2.6885102493881097,2.745656384688661,0.5979826034136346,0.4166666666666667,0.8333333333333334,3.298524521413314,5.328165178004404,True
D1,24,73,TimesFM3,h1,1,ARIMA,7.3534886837005615,5.099456548690796,0.6294942309700311,0.4924694082287673,1.2643448586407948,1.2723885482365764,0.22388838391443522,1.0,1.0,1.9611731855394257,3.1768855990761993,True
D1,24,73,TimesFM3,h1_6,1,ARIMA,7.3534886837005615,5.099456548690796,1.0279467976135137,0.8686198247876424,2.0709982659505646,2.0963742241407775,0.37095741856439673,0.8333333333333334,1.0,2.7219051806057437,4.436706658089055,True
D1,24,73,TimesFM3,h1_12,1,ARIMA,7.3534886837005615,5.099456548690796,0.9833638634797748,0.9107771559291911,1.9792844403431848,2.007317538751889,0.39843620108486,0.8333333333333334,1.0,3.2245827775251668,5.262529734553668,True
D1,24,74,TimesFM3,h1,1,ARIMA,7.3534886837005615,5.099456548690796,0.9499946080036734,0.8041624713764465,1.8051011947893172,1.8215415287387404,0.3058431373422614,1.0,1.0,1.9376124243951987,3.0718278799319045,True
D1,24,74,TimesFM3,h1_6,1,ARIMA,7.3534886837005615,5.099456548690796,1.0880235891497203,1.034357296261884,2.0431934802055767,2.0377451223773777,0.39159058199431757,0.5,1.0,2.547730739728666,4.059743045692552,True
D1,24,74,TimesFM3,h1_12,1,ARIMA,7.3534886837005615,5.099456548690796,1.2294888078236657,1.216126672836792,2.341500670800369,2.3639746527370025,0.44700169063837286,0.5,0.9166666666666666,2.86227131502389,4.602113276330721,True
D1,24,75,TimesFM3,h1,1,ARIMA,7.3534886837005615,5.099456548690796,1.7348187442567147,1.5390730056598385,3.2577001938700065,3.2054876058941604,0.6239414888620989,0.0,0.0,1.887182015237728,2.9587310343170428,True
D1,24,75,TimesFM3,h1_6,1,ARIMA,7.3534886837005615,5.099456548690796,2.7111150357642053,2.4719615991156787,5.0224696108473585,4.893216612849154,1.0553045545500765,0.0,0.0,2.2948404223316143,3.6159845984450762,True
D1,24,75,TimesFM3,h1_12,1,ARIMA,7.3534886837005615,5.099456548690796,2.0414448648999115,1.9891923954371082,3.7913037435625054,3.7071192366792807,0.767871836316196,0.25,0.5,2.556861322797484,4.056608096195065,True
D1,24,76,TimesFM3,h1,1,ARIMA,7.3534886837005615,5.099456548690796,1.1825442603219944,0.9046719785369486,1.6849009894114322,1.6992160433749637,0.3833166344795777,0.0,1.0,2.222869487799897,3.5049451277212924,True
D1,24,76,TimesFM3,h1_6,1,ARIMA,7.3534886837005615,5.099456548690796,2.460520052552743,2.130399772138041,3.565335891031384,3.6494864073366684,0.9556120746956508,0.16666666666666666,0.3333333333333333,2.873241606328938,4.531273606791986,True
D1,24,76,TimesFM3,h1_12,1,ARIMA,7.3534886837005615,5.099456548690796,1.885871736418195,1.674379194361861,2.7171420607380496,2.762390062418449,0.7040384898572839,0.5833333333333334,0.6666666666666666,3.217439755674699,5.131130488662491,True
D1,24,77,TimesFM3,h1,1,ARIMA,7.3534886837005615,5.099456548690796,0.2616503481901908,0.19581496954510383,0.44693252999249994,0.4459360134389946,0.1511571589326425,1.0,1.0,1.872778260572179,2.8819874911469876,True
D1,24,77,TimesFM3,h1_6,1,ARIMA,7.3534886837005615,5.099456548690796,1.307139975284749,1.1885981790791413,2.2821021737097236,2.321390186243035,0.4758073439068721,0.5,0.8333333333333334,2.1837853887031224,3.364651662450964,True
D1,24,77,TimesFM3,h1_12,1,ARIMA,7.3534886837005615,5.099456548690796,1.870866396368361,1.5771794915887751,3.279343065437743,3.3495017840002155,0.67772313363018,0.25,0.5833333333333334,2.3358934165726315,3.5904606700724786,True
D1,24,78,TimesFM3,h1,1,ARIMA,7.3534886837005615,5.099456548690796,0.04642800114074172,0.03727471127841518,0.08460913711188713,0.08457335871736847,0.14530652392399576,1.0,1.0,1.9638792198097788,3.1514763829786014,True
D1,24,78,TimesFM3,h1_6,1,ARIMA,7.3534886837005615,5.099456548690796,0.7897182613618076,0.7245538915660258,1.4309119151418503,1.4283620044135068,0.31485092539795034,1.0,1.0,2.9428400031594006,4.726337519434388,True
D1,24,78,TimesFM3,h1_12,1,ARIMA,7.3534886837005615,5.099456548690796,0.9550430015224592,0.8830843600395911,1.7278587210301601,1.7278477634939566,0.38452943754099406,1.0,1.0,3.514796251034486,5.725539885353135,True
D1,24,79,TimesFM3,h1,1,ARIMA,7.3534886837005615,5.099456548690796,0.4096952685032825,0.33377228025138705,0.6661563639570692,0.6683826005717143,0.18444418267041732,1.0,1.0,2.046205638651498,3.2450019485147092,True
D1,24,79,TimesFM3,h1_6,1,ARIMA,7.3534886837005615,5.099456548690796,2.533876310708127,2.3230418232156866,3.9986346958049346,3.9014757260659456,1.009827097641772,0.16666666666666666,0.3333333333333333,2.586786388118014,4.162983024484208,True
D1,24,79,TimesFM3,h1_12,1,ARIMA,7.3534886837005615,5.099456548690796,2.350644701269705,2.16578893120678,3.716778360271731,3.6316172514413267,0.9169854908635758,0.25,0.5,2.8684584385956984,4.674243313477862,True
D1,24,80,TimesFM3,h1,1,ARIMA,7.3534886837005615,5.099456548690796,0.5122645035536896,0.4424355817388972,0.8959220850443551,0.8999535262427271,0.1987591856012588,1.0,1.0,1.9986970043654646,3.142736093536444,True
D1,24,80,TimesFM3,h1_6,1,ARIMA,7.3534886837005615,5.099456548690796,0.9578274621172502,1.031382964235315,1.681492747726708,1.7038340417712183,0.3607204279216634,0.6666666666666666,1.0,2.3462773160895196,3.758572296789472,True
D1,24,80,TimesFM3,h1_12,1,ARIMA,7.3534886837005615,5.099456548690796,0.8009044402807427,0.8584849544081833,1.3972947581855264,1.4077861928594746,0.3220793601868882,0.8333333333333334,1.0,2.576173666660278,4.174519431210428,True
D1,24,81,TimesFM3,h1,1,ARIMA,7.3534886837005615,5.099456548690796,0.20863314666359706,0.1706067556015828,0.3684067666823765,0.36908663675473896,0.14298571100901958,1.0,1.0,1.795536990016944,2.783871534047454,True
D1,24,81,TimesFM3,h1_6,1,ARIMA,7.3534886837005615,5.099456548690796,1.0562345625990832,1.0639772818209075,1.8811186556570294,1.9015825693639405,0.40174524963570457,0.5,0.8333333333333334,2.1603325946680343,3.3898236907299486,True
D1,24,81,TimesFM3,h1_12,1,ARIMA,7.3534886837005615,5.099456548690796,1.1011549081549383,1.0871201109128241,1.9638459728248872,1.9885625645678442,0.41239495924951,0.5833333333333334,0.8333333333333334,2.430719820599172,3.8426028371195087,True
D1,24,82,TimesFM3,h1,1,ARIMA,7.3534886837005615,5.099456548690796,1.9070320341256926,1.5043145702220702,3.2918110800523337,3.346897857304729,0.6828880989367554,0.0,0.0,2.1943194033807796,3.467486492682313,True
D1,24,82,TimesFM3,h1_6,1,ARIMA,7.3534886837005615,5.099456548690796,1.658814937693475,1.7544130187814746,2.7569377602037424,2.709271840250753,0.7181766199186678,0.5,0.5,2.6648380983971953,4.312525906549573,True
D1,24,82,TimesFM3,h1_12,1,ARIMA,7.3534886837005615,5.099456548690796,1.5353002578505912,1.5933445944353468,2.549996824766949,2.5071573563290857,0.6526447152232508,0.5833333333333334,0.5833333333333334,3.0281193126384855,4.968585273765911,True
D1,24,83,TimesFM3,h1,1,ARIMA,7.3534886837005615,5.099456548690796,0.28333204064231304,0.23554567289833195,0.4501718010194165,0.45118736015200067,0.19616917962255168,1.0,1.0,2.4779457067154187,3.796428587968317,True
D1,24,83,TimesFM3,h1_6,1,ARIMA,7.3534886837005615,5.099456548690796,1.2718655380876338,1.1437768571744227,2.016927222447024,2.032886695450497,0.4343928737268756,0.6666666666666666,1.0,3.0284746159401306,4.710406357604544,True
D1,24,83,TimesFM3,h1_12,1,ARIMA,7.3534886837005615,5.099456548690796,1.3728879398913627,1.2463043678392054,2.148297485536874,2.1434292998469715,0.49156898452693765,0.6666666666666666,0.9166666666666666,3.3617456491916733,5.3062618322542745,True
D1,24,84,TimesFM3,h1,1,ARIMA,7.3534886837005615,5.099456548690796,1.5340191442709805,1.1838728122718543,2.329554182128266,2.3027324817127837,0.5230272529328132,0.0,1.0,2.539311975638424,4.131373214257331,True
D1,24,84,TimesFM3,h1_6,1,ARIMA,7.3534886837005615,5.099456548690796,0.7367462296477947,0.7341023445783672,1.124842542437203,1.1176172565371096,0.383959642969589,0.8333333333333334,1.0,3.652869567685849,6.015802775310549,True
D1,24,84,TimesFM3,h1_12,1,ARIMA,7.3534886837005615,5.099456548690796,0.8537459867524099,0.9069112827338799,1.3233888165513852,1.3310013388195665,0.4570897756212543,0.9166666666666666,1.0,4.588164378299511,7.634365369224446,True
D1,24,85,TimesFM3,h1,1,ARIMA,7.3534886837005615,5.099456548690796,0.2665784767322015,0.21256732583367702,0.5086814052629687,0.5073909036734772,0.15659120830412354,1.0,1.0,1.9274811446374538,3.008340497454447,True
D1,24,85,TimesFM3,h1_6,1,ARIMA,7.3534886837005615,5.099456548690796,1.1736338738009573,1.162641307803721,2.2630040832464933,2.2681435045490836,0.4505194342662305,0.6666666666666666,0.8333333333333334,2.5811072024402595,4.054429059826391,True
D1,24,85,TimesFM3,h1_12,1,ARIMA,7.3534886837005615,5.099456548690796,1.0831542727173527,1.1386713713757943,2.0871241694269864,2.1079113200792787,0.4335011181053555,0.6666666666666666,0.9166666666666666,2.638654381906521,4.229862574551776,True
D1,24,86,TimesFM3,h1,1,ARIMA,7.3534886837005615,5.099456548690796,1.1667271740267189,0.9930595539118917,1.8439000609497522,1.8270555220078084,0.3795456262587967,0.0,1.0,2.0752079202518314,3.475597983963351,True
D1,24,86,TimesFM3,h1_6,1,ARIMA,7.3534886837005615,5.099456548690796,1.325066710169317,1.3285743952330038,2.0832384963611377,2.075584601545033,0.5058318323468229,0.5,0.8333333333333334,3.295782383722452,5.393831312680799,True
D1,24,86,TimesFM3,h1_12,1,ARIMA,7.3534886837005615,5.099456548690796,1.3507996846360755,1.3588755092787979,2.1096605216774296,2.0973652912106564,0.5291819747477319,0.6666666666666666,0.9166666666666666,3.9426366974222433,6.483948288052654,True
D1,24,87,TimesFM3,h1,1,ARIMA,7.3534886837005615,5.099456548690796,0.6806491315606327,0.5636987342840881,1.5081386243322712,1.5195974423132166,0.26067283724178614,1.0,1.0,2.5830364645397332,4.04268175901242,True
D1,24,87,TimesFM3,h1_6,1,ARIMA,7.3534886837005615,5.099456548690796,0.5073481622805411,0.44142315971600754,1.1072346756143188,1.1077702522685804,0.28277808490440504,1.0,1.0,3.3021806496342125,5.242502133806977,True
D1,24,87,TimesFM3,h1_12,1,ARIMA,7.3534886837005615,5.099456548690796,1.638057924566801,1.8640323045650538,3.474378258686416,3.370836082570134,0.6860758640487145,0.6666666666666666,0.75,3.852637684508233,6.481817690557905,True
D1,24,88,TimesFM3,h1,1,ARIMA,7.3534886837005615,5.099456548690796,0.07263557757114918,0.059508663395789876,0.11155550476605555,0.11161776264531932,0.13776941790909952,1.0,1.0,1.8329147912206236,2.8878737846555818,True
D1,24,88,TimesFM3,h1_6,1,ARIMA,7.3534886837005615,5.099456548690796,0.903673351686944,0.8798842387549554,1.3751176554619264,1.3619367598563092,0.35673533153218956,0.6666666666666666,0.8333333333333334,2.4982334415874843,4.004959389361717,True
D1,24,88,TimesFM3,h1_12,1,ARIMA,7.3534886837005615,5.099456548690796,0.8842968445820616,0.9182533280207441,1.3462149679950424,1.3319409614781847,0.3758140588650158,0.6666666666666666,0.9166666666666666,2.9003632707865923,4.700470847113754,True
D1,24,89,TimesFM3,h1,1,ARIMA,7.3534886837005615,5.099456548690796,0.5321412279372222,0.4427472852012843,0.918739303922526,0.9145381930082512,0.1863601546941567,1.0,1.0,1.6849132002157003,2.6355499902434194,True
D1,24,89,TimesFM3,h1_6,1,ARIMA,7.3534886837005615,5.099456548690796,1.3495670814428204,1.324003327101179,2.3808243046169504,2.419753978382012,0.5338498076130177,0.3333333333333333,0.5,1.8352824728971735,2.8990949033545155,True
D1,24,89,TimesFM3,h1_12,1,ARIMA,7.3534886837005615,5.099456548690796,1.2097324352928345,1.3417126065267564,2.1392884024807057,2.1801799316462604,0.5145031546545642,0.5,0.5833333333333334,1.9309345699256082,3.0651028230414705,True
D1,24,90,TimesFM3,h1,1,ARIMA,7.3534886837005615,5.099456548690796,1.9133906060171857,1.4537013348748336,3.3518302450445736,3.296582323360971,0.7681945502139667,0.0,0.0,1.7597538949225724,2.6445110279018302,True
D1,24,90,TimesFM3,h1_6,1,ARIMA,7.3534886837005615,5.099456548690796,1.0506457777408889,0.9365029036326892,1.8659306398015374,1.8633820237504293,0.4461840363481631,0.6666666666666666,0.8333333333333334,3.185094257291215,5.050344560473873,True
D1,24,90,TimesFM3,h1_12,1,ARIMA,7.3534886837005615,5.099456548690796,1.0854537253197445,0.9719692247559387,1.9376480637344233,1.9508325168024163,0.4867198698051948,0.8333333333333334,0.9166666666666666,4.303033657212765,7.042594523306762,True
D1,24,91,TimesFM3,h1,1,ARIMA,7.3534886837005615,5.099456548690796,1.0400386507114825,0.8513298217535393,1.5519575125865361,1.564094554054338,0.33970057217080374,0.0,1.0,1.8580173166823766,2.9438445352366562,True
D1,24,91,TimesFM3,h1_6,1,ARIMA,7.3534886837005615,5.099456548690796,0.7464797370059756,0.650240076983948,1.1106778964240316,1.1089875584478102,0.2883501827189955,0.8333333333333334,1.0,2.649451700130122,4.2973033921661346,True
D1,24,91,TimesFM3,h1_12,1,ARIMA,7.3534886837005615,5.099456548690796,1.1774690098539486,1.177822987513558,1.7680068116338186,1.784558821391995,0.4415075838528286,0.75,1.0,3.1004856282614526,5.084359253828451,True
D1,24,92,TimesFM3,h1,1,ARIMA,7.3534886837005615,5.099456548690796,0.5774782785982068,0.5009256530781844,1.1412516179339376,1.1347762915403699,0.2003176837138146,1.0,1.0,1.654766968244981,2.596261982727334,True
D1,24,92,TimesFM3,h1_6,1,ARIMA,7.3534886837005615,5.099456548690796,0.7768363084911728,0.7708300146824189,1.5319167594566205,1.5167930631136175,0.29392393471065614,0.6666666666666666,0.6666666666666666,1.9433251276772356,3.0797248392006944,True
D1,24,92,TimesFM3,h1_12,1,ARIMA,7.3534886837005615,5.099456548690796,1.147243825063612,1.102901613938485,2.2895521765202353,2.292787659281492,0.4078336137837461,0.4166666666666667,0.75,2.1495343615673828,3.4560687055026995,True
D1,24,93,TimesFM3,h1,1,ARIMA,7.3534886837005615,5.099456548690796,0.4584537714513741,0.3470287784160346,0.7870396599135098,0.7839546429356911,0.18061904908868648,1.0,1.0,1.8361190407665136,2.859876098919312,True
D1,24,93,TimesFM3,h1_6,1,ARIMA,7.3534886837005615,5.099456548690796,1.9430604678199679,1.8820042009391635,3.2420216386585605,3.1588939451684546,0.853804724590441,0.5,0.5,2.1796704142803325,3.453577254105267,True
D1,24,93,TimesFM3,h1_12,1,ARIMA,7.3534886837005615,5.099456548690796,1.7921358428374705,1.683245311533255,2.9985416546600527,2.9315231054284903,0.7565753142361863,0.4166666666666667,0.5833333333333334,2.341404600740642,3.7665043560238307,True
D1,24,94,TimesFM3,h1,1,ARIMA,7.3534886837005615,5.099456548690796,0.5184315393915337,0.4222326560273326,0.8981436230452725,0.8941283446904338,0.1959932611934169,1.0,1.0,1.9278024348822276,2.998375443636587,True
D1,24,94,TimesFM3,h1_6,1,ARIMA,7.3534886837005615,5.099456548690796,2.811217687791909,2.513594534146958,4.7452915426578315,4.6141007699331,1.2184619964143912,0.16666666666666666,0.16666666666666666,2.0434776389717806,3.243406304124025,True
D1,24,94,TimesFM3,h1_12,1,ARIMA,7.3534886837005615,5.099456548690796,2.878449793160555,2.5228902300946268,4.860746490993248,4.72857747623947,1.2332932872620113,0.08333333333333333,0.08333333333333333,2.1147924408905943,3.39415483761729,True
D1,24,95,TimesFM3,h1,1,ARIMA,7.3534886837005615,5.099456548690796,1.886283737084123,1.5231391001315417,4.030611597217342,4.113511431625317,0.701579016599479,0.0,0.0,1.968326067320186,3.097983634732256,True
D1,24,95,TimesFM3,h1_6,1,ARIMA,7.3534886837005615,5.099456548690796,1.8189307488120192,1.5692099636424095,3.8853103598885235,3.973867514997459,0.6628491625080863,0.16666666666666666,0.5,2.523542786080063,4.0140748088037475,True
D1,24,95,TimesFM3,h1_12,1,ARIMA,7.3534886837005615,5.099456548690796,1.3918715869121092,1.2922845779369514,2.9413129898608865,2.9822177442899913,0.520516828958162,0.5,0.75,2.7236556987572778,4.352488430903938,True
D1,24,96,TimesFM3,h1,1,ARIMA,7.3534886837005615,5.099456548690796,0.06133710246104307,0.05461525703545985,0.08311940422500066,0.0831539627642202,0.14224244861858787,1.0,1.0,1.8924141855043881,3.025540451864505,True
D1,24,96,TimesFM3,h1_6,1,ARIMA,7.3534886837005615,5.099456548690796,1.087598768357099,1.2219271126547753,1.4672937774168906,1.4637970178851938,0.43190278153188444,0.6666666666666666,0.8333333333333334,2.5495955193628603,4.087868296057467,True
D1,24,96,TimesFM3,h1_12,1,ARIMA,7.3534886837005615,5.099456548690796,1.6085372746736695,1.624463807244412,2.2001298246401606,2.2214081452119805,0.5808254985134357,0.4166666666666667,0.8333333333333334,2.8243680463584258,4.589515630723378,True
D1,24,97,TimesFM3,h1,1,ARIMA,7.3534886837005615,5.099456548690796,0.48986465000722845,0.4187639438011908,0.822330027504174,0.8257251203086455,0.16899117184045348,1.0,1.0,1.4417622238399472,2.349531183583195,True
D1,24,97,TimesFM3,h1_6,1,ARIMA,7.3534886837005615,5.099456548690796,1.1563400959775347,1.1590944111056276,1.9374918546312263,1.938049074942917,0.4414509030820551,0.5,0.6666666666666666,2.125400813098582,3.482195532257866,True
D1,24,97,TimesFM3,h1_12,1,ARIMA,7.3534886837005615,5.099456548690796,0.9758280899400938,1.0562466765528231,1.6458106383219941,1.655084261549973,0.3948889952245602,0.6666666666666666,0.8333333333333334,2.4905513153157237,4.100349729695091,True
D1,24,98,TimesFM3,h1,1,ARIMA,7.3534886837005615,5.099456548690796,1.3335821522798026,1.079510453050672,2.5079628234238918,2.4769029212058205,0.4447024876675654,0.0,1.0,2.217720192071774,3.5642058015741265,True
D1,24,98,TimesFM3,h1_6,1,ARIMA,7.3534886837005615,5.099456548690796,1.1238750346664137,1.026770465969367,2.110765282729908,2.083068505173524,0.42243207679973266,0.6666666666666666,1.0,3.072618958698679,4.965046076231289,True
D1,24,98,TimesFM3,h1_12,1,ARIMA,7.3534886837005615,5.099456548690796,1.3114853532603659,1.2262160494195926,2.45637008576865,2.4171983408651245,0.49051545499240345,0.6666666666666666,1.0,3.594577057884662,5.878350460688687,True
D1,24,99,TimesFM3,h1,1,ARIMA,7.3534886837005615,5.099456548690796,0.8086123267557223,0.6345134934701511,1.691516113109691,1.7059442742494921,0.27302217274484225,1.0,1.0,2.1078334149860694,3.2974055991032913,True
D1,24,99,TimesFM3,h1_6,1,ARIMA,7.3534886837005615,5.099456548690796,0.856950040835865,0.7627790036112105,1.7601663796834155,1.7550010086744856,0.32304459988186196,0.8333333333333334,1.0,2.5387486786366784,4.0431077750079245,True
D1,24,99,TimesFM3,h1_12,1,ARIMA,7.3534886837005615,5.099456548690796,0.9495663448129998,0.8801699692546178,1.966752597661245,1.9816319746373836,0.3637172043557521,0.8333333333333334,1.0,2.7547620025894703,4.444443965238048,True
D1,24,100,TimesFM3,h1,1,ARIMA,7.3534886837005615,5.099456548690796,0.15532731294609908,0.12097281748466582,0.2562786320996449,0.25660744712732675,0.199708566942416,1.0,1.0,2.6080317832123177,4.076914387716785,True
D1,24,100,TimesFM3,h1_6,1,ARIMA,7.3534886837005615,5.099456548690796,0.7979691953654757,0.8216807778902234,1.3133424344421278,1.3283260005783717,0.3506782109045872,0.8333333333333334,1.0,3.0397474734446956,4.848010291401212,True
D1,24,100,TimesFM3,h1_12,1,ARIMA,7.3534886837005615,5.099456548690796,1.081939048901418,1.1021399104007719,1.7421579447907791,1.7318082210064225,0.4458113884370492,0.75,0.9166666666666666,3.192080942579754,5.147033579622788,True
D1,24,101,TimesFM3,h1,1,ARIMA,7.3534886837005615,5.099456548690796,0.5938737060068441,0.5347683856249599,1.482476775237479,1.4935475228139043,0.20770794872456133,1.0,1.0,1.7177839428208286,2.83802009490423,True
D1,24,101,TimesFM3,h1_6,1,ARIMA,7.3534886837005615,5.099456548690796,0.7396877896952144,0.8433616731891524,1.8252549885543115,1.810422620774676,0.29001153191517803,0.8333333333333334,1.0,2.1570386330787366,3.5876201333540343,True
D1,24,101,TimesFM3,h1_12,1,ARIMA,7.3534886837005615,5.099456548690796,0.7242796975307145,0.7931823922432764,1.787036258673205,1.7695292118314356,0.28838359092895793,0.9166666666666666,1.0,2.3575329590813774,3.94399023051289,True
D1,24,102,TimesFM3,h1,1,ARIMA,7.3534886837005615,5.099456548690796,0.8172593468646638,0.6777669450398938,1.5634119968277516,1.551285504982776,0.261883383409846,1.0,1.0,1.624488847211085,2.6508800895715963,True
D1,24,102,TimesFM3,h1_6,1,ARIMA,7.3534886837005615,5.099456548690796,0.8335179657777415,0.7053610798028037,1.6114756747793526,1.6132281268177184,0.2817872748221481,0.6666666666666666,1.0,1.771860477432942,2.894089820392164,True
D1,24,102,TimesFM3,h1_12,1,ARIMA,7.3534886837005615,5.099456548690796,0.8363910308579584,0.7352800503206383,1.6099834649634603,1.6036134112222575,0.28415811915805494,0.6666666666666666,1.0,1.8305652092521938,2.985060260987375,True
D1,24,103,TimesFM3,h1,1,ARIMA,7.3534886837005615,5.099456548690796,0.7995826436262203,0.6388324939792313,1.2883765850494107,1.296729967686909,0.26640658425283203,1.0,1.0,1.8699065882543044,3.023253195040482,True
D1,24,103,TimesFM3,h1_6,1,ARIMA,7.3534886837005615,5.099456548690796,1.0956855105996437,1.1514059210950789,1.7285364696169685,1.706114025154926,0.43226861376016323,0.6666666666666666,1.0,2.7759780740877424,4.469687334110333,True
D1,24,103,TimesFM3,h1_12,1,ARIMA,7.3534886837005615,5.099456548690796,1.8877894885913853,1.908184927133993,2.9487721033100613,2.8835747522080806,0.7128757346725447,0.5,0.8333333333333334,3.442008919232579,5.586771677832429,True
D1,24,104,TimesFM3,h1,1,ARIMA,7.3534886837005615,5.099456548690796,0.1660596071756401,0.13447824425351448,0.31667357445848343,0.3171757803990365,0.1676698312836151,1.0,1.0,2.1540284891048125,3.416355214815699,True
D1,24,104,TimesFM3,h1_6,1,ARIMA,7.3534886837005615,5.099456548690796,0.4159359412938714,0.41579195981466527,0.7876328775571241,0.7924000711573804,0.24269435795756972,1.0,1.0,2.7542699996872213,4.410148129771513,True
D1,24,104,TimesFM3,h1_12,1,ARIMA,7.3534886837005615,5.099456548690796,0.8523187410911346,0.8658231432452231,1.585183706501898,1.5816996690907543,0.3548814283102553,0.75,1.0,3.023961677157363,4.877954207680398,True
D1,24,105,TimesFM3,h1,1,ARIMA,7.3534886837005615,5.099456548690796,0.7743721907027858,0.6502935831634703,1.0040197016246695,0.9990046001219886,0.2597517064465314,1.0,1.0,1.9808004196046296,3.1806314365931962,True
D1,24,105,TimesFM3,h1_6,1,ARIMA,7.3534886837005615,5.099456548690796,1.4969584589154257,1.5946611981696879,1.9839029803409032,2.012521967762949,0.5778207431534205,0.5,0.8333333333333334,2.4781518868434063,3.96571335048353,True
D1,24,105,TimesFM3,h1_12,1,ARIMA,7.3534886837005615,5.099456548690796,1.8010584775765444,1.862417271309596,2.346235726373776,2.3407602584043823,0.6898759800584572,0.4166666666666667,0.75,2.7178285756903127,4.345579754477502,True
D1,24,106,TimesFM3,h1,1,ARIMA,7.3534886837005615,5.099456548690796,0.5003996885325113,0.39853599985706845,0.9625672168708351,0.9579567281622857,0.19348706462536688,1.0,1.0,1.9469646412559258,3.0056124566568356,True
D1,24,106,TimesFM3,h1_6,1,ARIMA,7.3534886837005615,5.099456548690796,1.1188124227611858,1.1504241612042878,2.1216513750518082,2.0853506089194576,0.44405680177631385,0.6666666666666666,0.8333333333333334,2.3084493963806345,3.6346385771373666,True
D1,24,106,TimesFM3,h1_12,1,ARIMA,7.3534886837005615,5.099456548690796,1.5332394467318604,1.490121489093577,2.886888790977771,2.827280458118141,0.5862582978651508,0.4166666666666667,0.8333333333333334,2.502606864609171,4.004830394670502,True
D1,24,107,TimesFM3,h1,1,ARIMA,7.3534886837005615,5.099456548690796,0.3007100263087791,0.23221339465652768,0.4364962462040649,0.43554567594107146,0.2222701659972501,1.0,1.0,2.6997873946176716,4.396423401187261,True
D1,24,107,TimesFM3,h1_6,1,ARIMA,7.3534886837005615,5.099456548690796,2.0809350082947717,1.831086339049298,3.009806355825497,2.952432730386205,0.7142600305044241,0.5,0.8333333333333334,3.243825627988514,5.339389360515271,True
D1,24,107,TimesFM3,h1_12,1,ARIMA,7.3534886837005615,5.099456548690796,2.2252015884993033,1.9292317575962648,3.228844460232157,3.16470989346894,0.7592865319213802,0.4166666666666667,0.9166666666666666,3.5052852334804285,5.796335446458019,True
D1,24,108,TimesFM3,h1,1,ARIMA,7.3534886837005615,5.099456548690796,0.030417901959528895,0.025193842080102655,0.05457800902655491,0.05459290688737934,0.1756627963231088,1.0,1.0,2.363094825344083,3.709619269116581,True
D1,24,108,TimesFM3,h1_6,1,ARIMA,7.3534886837005615,5.099456548690796,0.7507289661523479,0.7833817412477542,1.3421187563393366,1.3357656911668019,0.319127984717512,1.0,1.0,3.0022355376208743,4.678531120389714,True
D1,24,108,TimesFM3,h1_12,1,ARIMA,7.3534886837005615,5.099456548690796,0.9395823268687586,0.9119789886118002,1.7016002626670697,1.7105840078579158,0.37643458947596664,1.0,1.0,3.4233912400912523,5.413004371380721,True
D1,24,109,TimesFM3,h1,1,ARIMA,7.3534886837005615,5.099456548690796,0.4539406653958344,0.36846360899161973,1.0543944111424397,1.0488648250943227,0.205210775325389,1.0,1.0,2.257383481053735,3.700484441208469,True
D1,24,109,TimesFM3,h1_6,1,ARIMA,7.3534886837005615,5.099456548690796,0.8685007757273367,0.8424702293251579,2.0137193090671897,2.0118049593576766,0.35188113672524884,0.8333333333333334,1.0,2.9174494532580098,4.8716184710336945,True
D1,24,109,TimesFM3,h1_12,1,ARIMA,7.3534886837005615,5.099456548690796,1.0849898098154553,1.019196071914018,2.4772590263518635,2.451974725610041,0.42059257008490436,0.75,1.0,3.2039765104834435,5.44738749179433,True
D1,24,110,TimesFM3,h1,1,ARIMA,7.3534886837005615,5.099456548690796,1.1319211021792257,0.9282242244027877,2.406389346112799,2.4356955046769464,0.38842468684396725,0.0,1.0,1.8229970187677993,2.969036697991264,True
D1,24,110,TimesFM3,h1_6,1,ARIMA,7.3534886837005615,5.099456548690796,1.3488894291202878,1.311445515087591,2.8690796904893845,2.8577486662393046,0.5054536072708833,0.5,0.6666666666666666,2.473792879732757,4.09404120915828,True
D1,24,110,TimesFM3,h1_12,1,ARIMA,7.3534886837005615,5.099456548690796,1.5135705846661165,1.355699518005443,3.1951008073538927,3.1580636607138035,0.5258553390928139,0.6666666666666666,0.8333333333333334,2.892097418042279,4.810131211610332,True
D1,24,111,TimesFM3,h1,1,ARIMA,7.3534886837005615,5.099456548690796,0.6181415411507302,0.5424372632015056,0.8348861972953558,0.8314155106251648,0.2277298578310829,1.0,1.0,2.1779498405409763,3.4689101071659305,True
D1,24,111,TimesFM3,h1_6,1,ARIMA,7.3534886837005615,5.099456548690796,0.6651326714032768,0.7024579441687453,0.9132590688721357,0.9182219730633452,0.3031375159670461,1.0,1.0,3.111376153318049,5.011472621296627,True
D1,24,111,TimesFM3,h1_12,1,ARIMA,7.3534886837005615,5.099456548690796,0.49575162549147317,0.5519648709137939,0.6805437254030638,0.6832891114188528,0.3255424491529987,1.0,1.0,3.7999317895831095,6.231408808481038,True
D1,24,112,TimesFM3,h1,1,ARIMA,7.3534886837005615,5.099456548690796,0.6964435341371611,0.564358865447266,1.2400212304735696,1.2323803415359553,0.23590814460263845,1.0,1.0,1.8504205751648988,2.8619885273419037,True
D1,24,112,TimesFM3,h1_6,1,ARIMA,7.3534886837005615,5.099456548690796,0.7648897389292946,0.7373278981598649,1.3799716552852332,1.3896554498360256,0.28772425528575774,0.8333333333333334,0.8333333333333334,2.059295397496235,3.2264362306438805,True
D1,24,112,TimesFM3,h1_12,1,ARIMA,7.3534886837005615,5.099456548690796,0.797284943169239,0.7260386873200144,1.4325926343012059,1.4364930560907327,0.29290815455496005,0.8333333333333334,0.9166666666666666,2.2186981498152165,3.5010596280072552,True
D1,24,113,TimesFM3,h1,1,ARIMA,7.3534886837005615,5.099456548690796,2.655726110021037,2.243773174806813,5.771376447373087,5.609503660825382,1.1019706045828956,0.0,0.0,1.759376301434048,2.8210213695978714,True
D1,24,113,TimesFM3,h1_6,1,ARIMA,7.3534886837005615,5.099456548690796,2.4680719857097815,2.128743332292634,5.347096728729742,5.202486992854763,0.9533377051391331,0.0,0.3333333333333333,2.290611607155727,3.7210083134751804,True
D1,24,113,TimesFM3,h1_12,1,ARIMA,7.3534886837005615,5.099456548690796,1.4338720821303659,1.5346415715854431,3.1136984011660562,3.0385360073878043,0.6084890421659571,0.5,0.6666666666666666,2.696907817047064,4.448729500143713,True
D1,24,114,TimesFM3,h1,1,ARIMA,7.3534886837005615,5.099456548690796,1.9396865886062862,1.6202147405911451,3.7501611129417474,3.8218233800436034,0.7230415818758165,0.0,0.0,2.09067252152188,3.234082659598945,True
D1,24,114,TimesFM3,h1_6,1,ARIMA,7.3534886837005615,5.099456548690796,1.5357997305839748,1.376156052447961,2.9512699013716444,3.00248412661393,0.5509483753546691,0.3333333333333333,0.6666666666666666,2.6119336072849557,4.083889487513119,True
D1,24,114,TimesFM3,h1_12,1,ARIMA,7.3534886837005615,5.099456548690796,1.9972539830737013,1.7894222611677342,3.8616257583331017,3.9500387314688017,0.7113923341126257,0.16666666666666666,0.6666666666666666,2.974523303179467,4.674726935551532,True
D1,24,115,TimesFM3,h1,1,ARIMA,7.3534886837005615,5.099456548690796,1.4125004374803731,1.2080194497311976,2.5366974537494285,2.5049262535039607,0.5049870243283867,0.0,0.0,1.505034303688836,2.381994114576116,True
D1,24,115,TimesFM3,h1_6,1,ARIMA,7.3534886837005615,5.099456548690796,0.7559862609850232,0.7857986352437422,1.3616006022901908,1.3488705319275816,0.29543242327696184,0.5,0.8333333333333334,1.8241856904461489,2.9155715595571525,True
D1,24,115,TimesFM3,h1_12,1,ARIMA,7.3534886837005615,5.099456548690796,0.9813926314752998,0.976666901777885,1.7623234412986906,1.7420277859803515,0.35604566149130523,0.4166666666666667,0.9166666666666666,2.024443274677102,3.247574109390413,True
D1,24,116,TimesFM3,h1,1,ARIMA,7.3534886837005615,5.099456548690796,1.2707269355444837,1.0533542559641762,2.0330010400830045,2.0125435246884846,0.4235759980469784,0.0,1.0,2.005993890287433,3.216740950465855,True
D1,24,116,TimesFM3,h1_6,1,ARIMA,7.3534886837005615,5.099456548690796,1.7010983053423994,1.8347447817164555,2.6969672869075074,2.637136762900269,0.6879077876134506,0.3333333333333333,0.6666666666666666,2.51790304402385,4.012713996421902,True
D1,24,116,TimesFM3,h1_12,1,ARIMA,7.3534886837005615,5.099456548690796,1.3285763283427008,1.4599813037981275,2.1119794986260545,2.0758768547871553,0.5365684779778777,0.5,0.8333333333333334,2.855477932670734,4.574885223558423,True
D1,24,117,TimesFM3,h1,1,ARIMA,7.3534886837005615,5.099456548690796,1.2512556580998855,0.9928612246052959,2.640299678913671,2.6058979216841487,0.4016289349275356,1.0,1.0,2.4495627586865587,3.866241562557906,True
D1,24,117,TimesFM3,h1_6,1,ARIMA,7.3534886837005615,5.099456548690796,0.9893793745850541,0.8193063977091685,2.073408835803165,2.0545985254911967,0.3583429313890999,1.0,1.0,3.0016083463053467,4.804116544624024,True
D1,24,117,TimesFM3,h1_12,1,ARIMA,7.3534886837005615,5.099456548690796,1.8249221882739577,1.8567677877517086,3.73529531574074,3.6287893377517983,0.7032993802034108,0.6666666666666666,0.75,3.3074343965537842,5.390024515360705,True
D1,24,118,TimesFM3,h1,1,ARIMA,7.3534886837005615,5.099456548690796,3.97036157257065,2.9020106538159163,4.730614012655889,4.845218300591667,1.7586807654008823,0.0,0.0,1.9722301682474312,3.296873287006624,True
D1,24,118,TimesFM3,h1_6,1,ARIMA,7.3534886837005615,5.099456548690796,2.0600376106235,1.7590959596680578,2.442858059815369,2.4845033776077843,0.8420541040318108,0.16666666666666666,0.5,2.5498015969363035,4.205657814276116,True
D1,24,118,TimesFM3,h1_12,1,ARIMA,7.3534886837005615,5.099456548690796,1.8471109070444984,1.6304677723400773,2.1887058484511344,2.2243656062985386,0.7474951523242137,0.3333333333333333,0.6666666666666666,2.9206853596398212,4.823063875570461,True
D1,24,119,TimesFM3,h1,1,ARIMA,7.3534886837005615,5.099456548690796,0.7796122896870414,0.6304574832739485,1.0819984411376875,1.0878838844733825,0.259377956191472,1.0,1.0,1.8681849562723372,2.859054232804129,True
D1,24,119,TimesFM3,h1_6,1,ARIMA,7.3534886837005615,5.099456548690796,1.1424428927063386,1.0767665065515364,1.5665961493425455,1.5525276757416522,0.4227705335664835,0.6666666666666666,0.8333333333333334,2.281459691827719,3.5514325484740836,True
D1,24,119,TimesFM3,h1_12,1,ARIMA,7.3534886837005615,5.099456548690796,1.5444023654159158,1.4559093477770217,2.1064159844675867,2.0788265815423523,0.5827476226468445,0.5,0.6666666666666666,2.69177419566352,4.269353315521046,True
D1,24,120,TimesFM3,h1,1,ARIMA,7.3534886837005615,5.099456548690796,1.4560004152838448,1.2331412457138609,2.985256704189207,3.0304906670938307,0.49557988802746294,0.0,1.0,2.24030988429074,3.4700583957521944,True
D1,24,120,TimesFM3,h1_6,1,ARIMA,7.3534886837005615,5.099456548690796,1.240876929048883,1.1433331161451348,2.548742500685174,2.5878868213244184,0.43883044861259235,0.5,1.0,2.6578124424103886,4.162376551792261,True
D1,24,120,TimesFM3,h1_12,1,ARIMA,7.3534886837005615,5.099456548690796,1.2089190431439054,1.1957150199467925,2.486649651676123,2.5263592245218303,0.45600074015111824,0.6666666666666666,0.9166666666666666,2.941418856953385,4.67970531562027,True
D1,24,121,TimesFM3,h1,1,ARIMA,7.3534886837005615,5.099456548690796,1.704770100952921,1.3113452368783214,2.5857338506076304,2.6196018160621555,0.6258041484017016,0.0,0.0,1.8548724013533429,2.9811951123461102,True
D1,24,121,TimesFM3,h1_6,1,ARIMA,7.3534886837005615,5.099456548690796,0.9988002343537392,0.8965935561199523,1.5182355296575383,1.527209453133955,0.3809923434785202,0.5,0.8333333333333334,2.3181725765980365,3.7754611278002574,True
D1,24,121,TimesFM3,h1_12,1,ARIMA,7.3534886837005615,5.099456548690796,1.3693374487941135,1.2576002959437986,2.100897224410718,2.129033267127191,0.5098447340076095,0.5,0.75,2.669876334963587,4.379779979856551,True
D1,24,122,TimesFM3,h1,1,ARIMA,7.3534886837005615,5.099456548690796,0.2771486253355404,0.20917989173406287,0.4578027206016003,0.45675719716402,0.1784522988421053,1.0,1.0,2.2293009948239666,3.4255564783598675,True
D1,24,122,TimesFM3,h1_6,1,ARIMA,7.3534886837005615,5.099456548690796,0.8591769191298804,0.7950273709306847,1.4046936119089686,1.3901262985134366,0.34592523076076287,0.8333333333333334,0.8333333333333334,2.656771081520744,4.114123535553728,True
D1,24,122,TimesFM3,h1_12,1,ARIMA,7.3534886837005615,5.099456548690796,0.9358900641910729,0.8410180569252902,1.5390420153231952,1.5306984645957147,0.37502180418774467,0.8333333333333334,0.9166666666666666,3.054093837926218,4.728870395895235,True
D1,24,123,TimesFM3,h1,1,ARIMA,7.3534886837005615,5.099456548690796,2.175720176907628,1.737891264236291,3.301923902472344,3.3573525150649366,0.7870952024308429,0.0,0.0,2.424831631393124,3.7836188404142255,True
D1,24,123,TimesFM3,h1_6,1,ARIMA,7.3534886837005615,5.099456548690796,1.885758922126629,1.8088120350669321,2.85036686576119,2.8983189188364564,0.7290712094966032,0.6666666666666666,0.6666666666666666,3.251287544943879,5.1516208274374335,True
D1,24,123,TimesFM3,h1_12,1,ARIMA,7.3534886837005615,5.099456548690796,1.5851254134922959,1.4948801952913917,2.3803914140604485,2.410437306712978,0.6146881714046243,0.8333333333333334,0.8333333333333334,3.918724112422245,6.355596255794614,True
D1,24,124,TimesFM3,h1,1,ARIMA,7.3534886837005615,5.099456548690796,0.5169489519831294,0.4469912984937561,1.1688510196558815,1.1757222403532264,0.2060938448097286,1.0,1.0,2.0969155080291753,3.3277764596340904,True
D1,24,124,TimesFM3,h1_6,1,ARIMA,7.3534886837005615,5.099456548690796,1.1885131800864335,1.1517197970693631,2.717859843769047,2.765483134592375,0.42428843385226045,0.6666666666666666,1.0,2.8863072297603325,4.516415563168038,True
D1,24,124,TimesFM3,h1_12,1,ARIMA,7.3534886837005615,5.099456548690796,1.043417704092355,1.0200473870363604,2.366097358631644,2.3840410922350728,0.4064643621718834,0.8333333333333334,1.0,3.422348904119427,5.393757012261102,True
D1,24,125,TimesFM3,h1,1,ARIMA,7.3534886837005615,5.099456548690796,1.3061806660435926,1.1137107438164007,2.3334184470785466,2.306508203130928,0.4435150536536885,0.0,1.0,1.8412084037111631,3.00546952097867,True
D1,24,125,TimesFM3,h1_6,1,ARIMA,7.3534886837005615,5.099456548690796,1.0740501366607613,0.9927521828029763,1.92486015420319,1.9074460917241285,0.39249426883708394,0.6666666666666666,1.0,2.7839625916457456,4.548875263693355,True
D1,24,125,TimesFM3,h1_12,1,ARIMA,7.3534886837005615,5.099456548690796,1.0781946398230386,0.972595445759086,1.9544263939414208,1.956304369981656,0.4076208733384656,0.8333333333333334,1.0,3.396726801565296,5.58565450263134,True
D1,24,126,TimesFM3,h1,1,ARIMA,7.3534886837005615,5.099456548690796,0.7581451779078278,0.65540004748093,1.8071158775734926,1.8235930977796477,0.24755250320333438,1.0,1.0,1.6959503365118376,2.6385388183270266,True
D1,24,126,TimesFM3,h1_6,1,ARIMA,7.3534886837005615,5.099456548690796,0.4361944099038653,0.4332169164152419,1.0436469306228027,1.0509032561704033,0.19791394662243394,1.0,1.0,1.9937240757086951,3.157615863536609,True
D1,24,126,TimesFM3,h1_12,1,ARIMA,7.3534886837005615,5.099456548690796,0.6350542676934511,0.7020217458878675,1.5252262696770305,1.5443476273672914,0.26452596661934946,0.8333333333333334,1.0,2.1858910953154904,3.4958222038336455,True
D1,24,127,TimesFM3,h1,1,ARIMA,7.3534886837005615,5.099456548690796,0.20070014530660896,0.15540740320782406,0.325927650522512,0.32645966167511276,0.13318210232745745,1.0,1.0,1.6685792358188538,2.559101329325781,True
D1,24,127,TimesFM3,h1_6,1,ARIMA,7.3534886837005615,5.099456548690796,1.058109742520469,0.9996722173969103,1.7153562105022828,1.7136928481981621,0.41474365294749704,0.3333333333333333,0.6666666666666666,1.8610003042357701,2.898678801099345,True
D1,24,127,TimesFM3,h1_12,1,ARIMA,7.3534886837005615,5.099456548690796,0.8686234999200744,0.8273456860598286,1.40830556092174,1.4065300786581276,0.3397422341079146,0.5833333333333334,0.8333333333333334,1.9688822967237474,3.0823566802365465,True
D1,24,128,TimesFM3,h1,1,ARIMA,7.3534886837005615,5.099456548690796,2.2886776370157103,1.6416011847202137,2.9471497456454756,2.9912277258017976,0.788295589444927,0.0,1.0,2.7405426748702935,4.371592416279607,True
D1,24,128,TimesFM3,h1_6,1,ARIMA,7.3534886837005615,5.099456548690796,3.3185055612798102,2.576645568344702,4.337770861331176,4.452241911202895,1.2220329578910893,0.16666666666666666,0.6666666666666666,3.848979920297913,6.1392022472265655,True
D1,24,128,TimesFM3,h1_12,1,ARIMA,7.3534886837005615,5.099456548690796,2.5437544830186525,2.1232701054781966,3.288607999734009,3.33521922998901,0.9595551847650623,0.5,0.75,4.580568794950117,7.351407272655562,True
D1,24,129,TimesFM3,h1,1,ARIMA,7.3534886837005615,5.099456548690796,1.0923608014167498,0.8667466275155654,1.354463843469506,1.3636992501076928,0.3606500542567561,0.0,1.0,2.193564780323476,3.4377349464130225,True
D1,24,129,TimesFM3,h1_6,1,ARIMA,7.3534886837005615,5.099456548690796,1.3533193190263737,1.3524722576428274,1.6408399759389236,1.6231668640155517,0.5088525486434798,0.6666666666666666,0.8333333333333334,2.518513375051295,3.9849372149149516,True
D1,24,129,TimesFM3,h1_12,1,ARIMA,7.3534886837005615,5.099456548690796,2.307861681858585,2.0963840176375683,2.7763772079832796,2.7286760380080977,0.8912470528757986,0.3333333333333333,0.5,2.671815122361319,4.259222418082389,True
D1,24,130,TimesFM3,h1,1,ARIMA,7.3534886837005615,5.099456548690796,1.1761732626767252,0.8415465701776248,1.5916237727281266,1.604391712681486,0.38552609845572544,0.0,1.0,1.9338228611112804,3.005902928983626,True
D1,24,130,TimesFM3,h1_6,1,ARIMA,7.3534886837005615,5.099456548690796,1.6124026118853534,1.4083063719661355,2.196337605680128,2.223003448456438,0.6016503799638276,0.16666666666666666,0.8333333333333334,2.292770366560478,3.5990998107383465,True
D1,24,130,TimesFM3,h1_12,1,ARIMA,7.3534886837005615,5.099456548690796,3.12419966745499,2.5867386731652235,4.332448188091735,4.458325073758288,1.281535827568093,0.08333333333333333,0.4166666666666667,2.479376126192355,3.9129361125920057,True
D1,24,131,TimesFM3,h1,1,ARIMA,7.3534886837005615,5.099456548690796,0.30632157895998785,0.25272983801534377,0.6054691914530974,0.6073077220302016,0.1539692588763652,1.0,1.0,1.7960065886205046,2.873913480527124,True
D1,24,131,TimesFM3,h1_6,1,ARIMA,7.3534886837005615,5.099456548690796,0.8083020098835134,0.8220079793485158,1.5987762644761674,1.6116683249009296,0.3154337930292945,0.6666666666666666,1.0,2.375517595657989,3.7870733470091444,True
D1,24,131,TimesFM3,h1_12,1,ARIMA,7.3534886837005615,5.099456548690796,0.7929376039052487,0.763894487410757,1.5709325492555926,1.5821614185672757,0.31084338016906055,0.75,1.0,2.576965430341406,4.1278575827488275,True
D1,24,132,TimesFM3,h1,1,ARIMA,7.3534886837005615,5.099456548690796,0.422712274210789,0.371303317369574,0.840677200027262,0.8371583005468456,0.1584360467381753,1.0,1.0,1.5534407120075802,2.394534262583633,True
D1,24,132,TimesFM3,h1_6,1,ARIMA,7.3534886837005615,5.099456548690796,0.5982443400346863,0.6866378854094127,1.1797066062470072,1.1680378892823142,0.24557943158791434,0.8333333333333334,0.8333333333333334,1.6603553911144018,2.569944154107204,True
D1,24,132,TimesFM3,h1_12,1,ARIMA,7.3534886837005615,5.099456548690796,1.0058127256242753,1.166678120079009,2.0247273407960176,2.0499802201289645,0.4005637889963452,0.5833333333333334,0.75,1.7390165967086075,2.698459425800191,True
D1,24,133,TimesFM3,h1,1,ARIMA,7.3534886837005615,5.099456548690796,1.5729119002047376,1.367873499112063,2.7293864273279795,2.7671495291644215,0.5807237695576036,0.0,0.0,1.8109689704777694,2.8272290573362016,True
D1,24,133,TimesFM3,h1_6,1,ARIMA,7.3534886837005615,5.099456548690796,0.6149355922883638,0.6947802505319451,1.0619880937869606,1.0716641285239552,0.2676171102585477,0.8333333333333334,0.8333333333333334,2.0713978389761847,3.247302355150991,True
D1,24,133,TimesFM3,h1_12,1,ARIMA,7.3534886837005615,5.099456548690796,0.7118050190196572,0.826247421016001,1.2293692690244264,1.2411120511280063,0.30382347387330916,0.8333333333333334,0.8333333333333334,2.2352457150646448,3.5285837962290225,True
D1,24,134,TimesFM3,h1,1,ARIMA,7.3534886837005615,5.099456548690796,1.0263669733119642,0.7934240815742762,1.7724198746650135,1.7568504910294356,0.35224032074944234,1.0,1.0,2.688004346555869,4.138313964550131,True
D1,24,134,TimesFM3,h1_6,1,ARIMA,7.3534886837005615,5.099456548690796,0.8735293888513099,0.7053156611560514,1.5157348497627947,1.518143670319282,0.3191035967108829,1.0,1.0,2.814454545115198,4.4306924578163125,True
D1,24,134,TimesFM3,h1_12,1,ARIMA,7.3534886837005615,5.099456548690796,1.0707788827444218,1.014670116686084,1.869062881270164,1.8908936324999892,0.40889854566277584,0.75,0.9166666666666666,2.8722385711667564,4.569626567034571,True
D1,24,135,TimesFM3,h1,1,ARIMA,7.3534886837005615,5.099456548690796,1.1315713724892091,0.9345091242002482,1.7198943123066925,1.7348127855203592,0.38554447988125,0.0,1.0,1.7565836607002545,2.8317300897486195,True
D1,24,135,TimesFM3,h1_6,1,ARIMA,7.3534886837005615,5.099456548690796,1.3822227221159695,1.179718541668618,2.0885166031323465,2.0930587317334797,0.4808305737273229,0.16666666666666666,0.8333333333333334,2.162904497088488,3.5187608137274085,True
D1,24,135,TimesFM3,h1_12,1,ARIMA,7.3534886837005615,5.099456548690796,1.408827118566112,1.285453309410407,2.12380188256386,2.1189513740372106,0.4967094896872251,0.4166666666666667,0.8333333333333334,2.5033838483576742,4.084927614534618,True
D1,24,136,TimesFM3,h1,1,ARIMA,7.3534886837005615,5.099456548690796,1.022306079217154,0.8530055714987462,1.858674928861501,1.8761103249856463,0.34193103223959953,0.0,1.0,1.644795818265834,2.5593065405962494,True
D1,24,136,TimesFM3,h1_6,1,ARIMA,7.3534886837005615,5.099456548690796,0.6501605100251624,0.6226882740382998,1.1752151833123936,1.1810215381410174,0.2447063788503893,0.6666666666666666,1.0,1.7976545831556188,2.8372002271922856,True
D1,24,136,TimesFM3,h1_12,1,ARIMA,7.3534886837005615,5.099456548690796,0.80891773613652,0.8347379906309222,1.445723184266265,1.437693547183126,0.31046055653482546,0.5833333333333334,0.8333333333333334,1.9322138884800575,3.0778639055799526,True
D1,24,137,TimesFM3,h1,1,ARIMA,7.3534886837005615,5.099456548690796,0.53454184066289,0.45803293031118275,1.0502886290994555,1.044801911264145,0.22271254913934066,1.0,1.0,2.357158320385412,3.5902820445336148,True
D1,24,137,TimesFM3,h1_6,1,ARIMA,7.3534886837005615,5.099456548690796,1.5374200799091653,1.5993411228985175,2.9499432342010636,2.888191552282224,0.585714604767778,0.6666666666666666,0.8333333333333334,3.4124230317582938,5.238237746950443,True
D1,24,137,TimesFM3,h1_12,1,ARIMA,7.3534886837005615,5.099456548690796,1.4829597026767367,1.4368831168188665,2.8826014758942224,2.8638560884726774,0.544608609087876,0.8333333333333334,0.9166666666666666,3.894805006951248,6.100401659501934,True
D1,24,138,TimesFM3,h1,1,ARIMA,7.3534886837005615,5.099456548690796,1.6381530380502622,1.2294154167273839,2.263155873617364,2.28905835289945,0.6980167669846605,0.0,0.0,1.2016846463972761,1.9842481525207618,True
D1,24,138,TimesFM3,h1_6,1,ARIMA,7.3534886837005615,5.099456548690796,1.0389342539248339,0.850659890884359,1.4037865540273697,1.4006534803393973,0.39777527077670305,0.6666666666666666,0.8333333333333334,2.367989472261724,3.873216831717602,True
D1,24,138,TimesFM3,h1_12,1,ARIMA,7.3534886837005615,5.099456548690796,1.2964687417809029,1.1955869565852861,1.7489285711940612,1.7642526277802633,0.48058674375024274,0.75,0.9166666666666666,3.21523348068513,5.242318466701043,True
D1,24,139,TimesFM3,h1,1,ARIMA,7.3534886837005615,5.099456548690796,2.6803404223888085,2.176422445539114,4.090993748812904,4.0089899839950185,1.0915445994898438,0.0,0.0,2.1756628663011957,3.373613118403776,True
D1,24,139,TimesFM3,h1_6,1,ARIMA,7.3534886837005615,5.099456548690796,2.2317644305790463,1.9348622594739435,3.420475394260225,3.355231307433141,0.8446176243973984,0.16666666666666666,0.3333333333333333,2.881932876454027,4.498874701847381,True
D1,24,139,TimesFM3,h1_12,1,ARIMA,7.3534886837005615,5.099456548690796,1.5520338294285299,1.4875686311788288,2.4042590371265824,2.3782815708663003,0.6282427537689133,0.5833333333333334,0.6666666666666666,3.5663133247894803,5.644887977046218,True
D1,24,140,TimesFM3,h1,1,ARIMA,7.3534886837005615,5.099456548690796,0.3998686011087587,0.32577286519635357,0.6365932861340734,0.6345734601127402,0.17996525404029415,1.0,1.0,1.9894043990601893,3.106568716241303,True
D1,24,140,TimesFM3,h1_6,1,ARIMA,7.3534886837005615,5.099456548690796,0.9936899441811872,1.0897000300926576,1.5694357625337552,1.5476802566691255,0.4243442921033473,0.6666666666666666,0.6666666666666666,2.4107075125007746,3.7801550918923663,True
D1,24,140,TimesFM3,h1_12,1,ARIMA,7.3534886837005615,5.099456548690796,1.2529566550102107,1.2040420949711865,1.9893237954427485,1.9693151644317664,0.474033052625751,0.5,0.8333333333333334,2.627178884007424,4.144481853683553,True
D1,24,141,TimesFM3,h1,1,ARIMA,7.3534886837005615,5.099456548690796,1.320540931622345,1.113649338862114,1.8032948368497435,1.7871807675961273,0.43018068261553377,0.0,1.0,2.4286465279016904,3.9134668763591685,True
D1,24,141,TimesFM3,h1_6,1,ARIMA,7.3534886837005615,5.099456548690796,2.595368066732226,2.4615901627495758,3.681159773670908,3.764577309051451,0.9896432662255488,0.16666666666666666,0.5,3.4095312880698234,5.451572575133166,True
D1,24,141,TimesFM3,h1_12,1,ARIMA,7.3534886837005615,5.099456548690796,1.827157100516995,1.9153711456788018,2.570051463797759,2.6034638351700643,0.7223535755464713,0.5833333333333334,0.75,3.7262306524851767,5.964652317291509,True
D1,24,142,TimesFM3,h1,1,ARIMA,7.3534886837005615,5.099456548690796,1.6820392139398566,1.317402991676183,3.2201166386005218,3.1690924027241487,0.6096100615707184,0.0,0.0,2.045476723314767,3.178906558190685,True
D1,24,142,TimesFM3,h1_6,1,ARIMA,7.3534886837005615,5.099456548690796,0.6861046812878064,0.6886092853656967,1.3222533927728422,1.3086405714170997,0.29341132438015344,0.6666666666666666,0.8333333333333334,2.2333782331277394,3.4958763971866147,True
D1,24,142,TimesFM3,h1_12,1,ARIMA,7.3534886837005615,5.099456548690796,0.6956688123104895,0.6836490106725961,1.3418983377006481,1.3281832671791443,0.29336893891883054,0.75,0.9166666666666666,2.3302104064053304,3.67050456345496,True
D1,24,143,TimesFM3,h1,1,ARIMA,7.3534886837005615,5.099456548690796,0.6483538353573391,0.5457507207728315,1.4412527610194925,1.4309410225216657,0.23332148650274356,1.0,1.0,2.205376933158625,3.489211597826655,True
D1,24,143,TimesFM3,h1_6,1,ARIMA,7.3534886837005615,5.099456548690796,1.4934251718446336,1.457319771641696,3.272967668841973,3.202958086616902,0.5448711003070023,0.5,0.8333333333333334,2.7806059605771463,4.456917202312567,True
D1,24,143,TimesFM3,h1_12,1,ARIMA,7.3534886837005615,5.099456548690796,0.9822867551868106,1.1065933387317932,2.157436748447652,2.119507252079922,0.42246694722071304,0.75,0.9166666666666666,3.052848588744173,4.967793357362083,True
D1,24,144,TimesFM3,h1,1,ARIMA,7.3534886837005615,5.099456548690796,0.5119613757712903,0.40360284446561395,0.7967736522079872,0.7999605898118214,0.24161966261046933,1.0,1.0,2.7334152108282854,4.334174605492527,True
D1,24,144,TimesFM3,h1_6,1,ARIMA,7.3534886837005615,5.099456548690796,1.0991457670037186,1.0136287946761855,1.6846033250016743,1.686456212979059,0.4351760788291592,1.0,1.0,3.90297412775702,6.116809321621959,True
D1,24,144,TimesFM3,h1_12,1,ARIMA,7.3534886837005615,5.099456548690796,1.0583445341981006,0.9638910665288559,1.608424634513796,1.6073185651141468,0.4640491087768938,1.0,1.0,4.5549744042567735,7.2748579478127615,True
D1,24,145,TimesFM3,h1,1,ARIMA,7.3534886837005615,5.099456548690796,0.32420779848828485,0.2621872091700696,0.5786704340584806,0.5770009670581819,0.18567436778447557,1.0,1.0,2.302797547607117,3.614469420787648,True
D1,24,145,TimesFM3,h1_6,1,ARIMA,7.3534886837005615,5.099456548690796,0.8583639953064418,0.9750175459165562,1.5026145050116793,1.4811222981878467,0.38251010322636664,0.6666666666666666,1.0,3.1520809677106905,4.991062465845221,True
D1,24,145,TimesFM3,h1_12,1,ARIMA,7.3534886837005615,5.099456548690796,0.5584342142659803,0.7127251863809158,0.979951109703592,0.9687133877399499,0.355197882918942,0.8333333333333334,1.0,3.6984226057379153,5.946786023581817,True
D1,24,146,TimesFM3,h1,1,ARIMA,7.3534886837005615,5.099456548690796,3.3253032816253785,2.8287487783943823,5.092654911033998,4.96619921687894,1.3559296373097824,0.0,0.0,2.161069494325446,3.530362564053244,True
D1,24,146,TimesFM3,h1_6,1,ARIMA,7.3534886837005615,5.099456548690796,1.4172550838691493,1.4641973522968939,2.2042222112415857,2.1832121956054773,0.564087976171304,0.5,0.8333333333333334,3.0277779882689746,5.210493953814686,True
D1,24,146,TimesFM3,h1_12,1,ARIMA,7.3534886837005615,5.099456548690796,1.3876426287828527,1.3498890707383793,2.166327190326624,2.1544989724699963,0.5428371072593041,0.6666666666666666,0.9166666666666666,3.793941135028276,6.579901829250687,True
D1,24,147,TimesFM3,h1,1,ARIMA,7.3534886837005615,5.099456548690796,0.06483680146749796,0.04873364251675879,0.10032355296894814,0.10037390230146935,0.08574394157742087,1.0,1.0,1.152162804720597,1.8384185313786412,True
D1,24,147,TimesFM3,h1_6,1,ARIMA,7.3534886837005615,5.099456548690796,1.2549849992758186,1.2777444413444194,1.9177023165721858,1.8892339232965585,0.4964333567801722,0.5,0.6666666666666666,2.465509752190259,3.9495115528590885,True
D1,24,147,TimesFM3,h1_12,1,ARIMA,7.3534886837005615,5.099456548690796,1.7136142332125017,1.7583620050136233,2.5905461141143045,2.5324267186067178,0.7067731685664086,0.5,0.6666666666666666,3.5949406071924224,5.865775383550541,True
D1,24,148,TimesFM3,h1,1,ARIMA,7.3534886837005615,5.099456548690796,0.9347772689061529,0.6670937516142356,1.4147917413469449,1.4048538631301652,0.31162984758295087,1.0,1.0,2.2740455838218607,3.582270556937826,True
D1,24,148,TimesFM3,h1_6,1,ARIMA,7.3534886837005615,5.099456548690796,1.0619788734652233,0.8832468625515159,1.5996296024280907,1.5837267656770266,0.4317476299845338,0.8333333333333334,1.0,3.374625956050561,5.362281654760985,True
D1,24,148,TimesFM3,h1_12,1,ARIMA,7.3534886837005615,5.099456548690796,1.3010036127358335,1.0146170496329283,1.9820414007612857,1.9890969792127715,0.5011226998999299,0.9166666666666666,1.0,4.359872621088877,7.069523023055174,True
D1,24,149,TimesFM3,h1,1,ARIMA,7.3534886837005615,5.099456548690796,0.02391569541409244,0.018690954521431716,0.038067799502975834,0.03806055509507418,0.16938449882046813,1.0,1.0,2.2921811490482122,3.5925573636383468,True
D1,24,149,TimesFM3,h1_6,1,ARIMA,7.3534886837005615,5.099456548690796,1.8892384240307794,1.7110145264779701,3.0698055258831918,3.13484806820321,0.7247370878738889,0.16666666666666666,0.6666666666666666,2.8221205063934143,4.459188711204039,True
D1,24,149,TimesFM3,h1_12,1,ARIMA,7.3534886837005615,5.099456548690796,2.6055610066618184,2.2732117005765407,4.25186030361722,4.368313245283172,1.021415337528683,0.16666666666666666,0.4166666666666667,3.065990516592826,4.9430364465169365,True
D1,24,150,TimesFM3,h1,1,ARIMA,7.3534886837005615,5.099456548690796,0.602901035197451,0.5088347887763286,1.2306015611072008,1.2230759651468885,0.21271900722004392,1.0,1.0,1.9524704832365254,3.0505505683264977,True
D1,24,150,TimesFM3,h1_6,1,ARIMA,7.3534886837005615,5.099456548690796,0.6284347986094159,0.6730928358868692,1.3067560853896563,1.3145415432499648,0.2654103042923425,0.8333333333333334,1.0,2.2673249615130913,3.557877662839395,True
D1,24,150,TimesFM3,h1_12,1,ARIMA,7.3534886837005615,5.099456548690796,0.7117622499092602,0.7293851252976657,1.4761638997440172,1.4819540200545758,0.28968686349794864,0.75,1.0,2.4847044252250994,3.9224450682810015,True
D1,24,151,TimesFM3,h1,1,ARIMA,7.3534886837005615,5.099456548690796,0.739707489378555,0.5615350340821289,1.0790771200899278,1.0732863264987769,0.25651292925085706,1.0,1.0,2.259812976973588,3.5509618132456486,True
D1,24,151,TimesFM3,h1_6,1,ARIMA,7.3534886837005615,5.099456548690796,1.6066735438664195,1.395396694844189,2.36559423153047,2.3882141009294506,0.575992622761461,0.3333333333333333,0.8333333333333334,2.846672355783942,4.5131139528697926,True
D1,24,151,TimesFM3,h1_12,1,ARIMA,7.3534886837005615,5.099456548690796,1.2046786727522016,1.1119890038890756,1.762027134410304,1.7686877187822403,0.4718223601427765,0.5833333333333334,0.9166666666666666,3.2232720279793994,5.188143632602789,True
D1,24,152,TimesFM3,h1,1,ARIMA,7.3534886837005615,5.099456548690796,0.7056607092933291,0.5395615031679347,1.2238342186872415,1.2163909145645198,0.2518706167989799,1.0,1.0,2.353484574321523,3.768056354380593,True
D1,24,152,TimesFM3,h1_6,1,ARIMA,7.3534886837005615,5.099456548690796,1.1019503021876855,0.9975124737343936,1.941397973543207,1.9658035978040789,0.4188717013347376,1.0,1.0,3.3801701769401524,5.3860510738079785,True
D1,24,152,TimesFM3,h1_12,1,ARIMA,7.3534886837005615,5.099456548690796,1.8492983329431643,1.6300735167847578,3.281725826664224,3.3541940890632995,0.6583596039380798,0.6666666666666666,1.0,3.9740241400713106,6.398393686966473,True
D1,24,153,TimesFM3,h1,1,ARIMA,7.3534886837005615,5.099456548690796,0.14569526608834296,0.12068842096838102,0.25233794041949975,0.2520199694193604,0.14687459721173277,1.0,1.0,1.896040988218693,3.1215327113318803,True
D1,24,153,TimesFM3,h1_6,1,ARIMA,7.3534886837005615,5.099456548690796,2.077703443141633,1.9946717339557722,3.50356624413833,3.4235485812870134,0.7702779060539471,0.5,0.6666666666666666,2.647999684194866,4.4010980766517065,True
D1,24,153,TimesFM3,h1_12,1,ARIMA,7.3534886837005615,5.099456548690796,1.3732410901192984,1.4720454117952797,2.322381106372994,2.278645060022007,0.5498831309518089,0.75,0.8333333333333334,3.2020347098453277,5.304015083555144,True
D1,24,154,TimesFM3,h1,1,ARIMA,7.3534886837005615,5.099456548690796,0.3798653273592248,0.31055160893509687,0.8349389677378037,0.8314678432241599,0.16535209408448745,1.0,1.0,1.7943719644694864,2.7830263399115958,True
D1,24,154,TimesFM3,h1_6,1,ARIMA,7.3534886837005615,5.099456548690796,0.7600208365224986,0.669270084753678,1.6675639981762331,1.6538148624036173,0.2751841941974564,0.6666666666666666,1.0,2.099259579087657,3.304123264490761,True
D1,24,154,TimesFM3,h1_12,1,ARIMA,7.3534886837005615,5.099456548690796,0.7697106370234115,0.7083986405527659,1.6998035593004703,1.6940926860622196,0.28915823962459786,0.75,1.0,2.2503505185599444,3.579912651386447,True
D1,24,155,TimesFM3,h1,1,ARIMA,7.3534886837005615,5.099456548690796,1.3698819359690837,1.1364454321454016,2.2419657895303176,2.217112339447384,0.4725324980308101,0.0,1.0,1.6949306036387757,2.69278496613522,True
D1,24,155,TimesFM3,h1_6,1,ARIMA,7.3534886837005615,5.099456548690796,1.4630864891642432,1.3092700609131158,2.3849945214090464,2.352486980976543,0.5169528419366359,0.3333333333333333,0.6666666666666666,2.065469961245254,3.322961363048763,True
D1,24,155,TimesFM3,h1_12,1,ARIMA,7.3534886837005615,5.099456548690796,1.3262710389694998,1.2438521756142003,2.181434848881624,2.1735688563014253,0.47999656456491036,0.5833333333333334,0.75,2.2857063648790885,3.703860409178509,True
D1,24,156,TimesFM3,h1,1,ARIMA,7.3534886837005615,5.099456548690796,0.21940267417518944,0.18850969748059446,0.4677756555008854,0.46887229071656605,0.1648041786999506,1.0,1.0,2.1010730783228153,3.33308929455226,True
D1,24,156,TimesFM3,h1_6,1,ARIMA,7.3534886837005615,5.099456548690796,0.7041851017611933,0.7202337280590483,1.5172174937303684,1.5211969399803118,0.29454517945512326,1.0,1.0,2.7399053302460783,4.4419527618674985,True
D1,24,156,TimesFM3,h1_12,1,ARIMA,7.3534886837005615,5.099456548690796,1.0167046598800977,1.028381692669973,2.208395116259794,2.229091550146588,0.3915406027454528,0.9166666666666666,1.0,3.1446811749858172,5.208299210338987,True
D1,24,157,TimesFM3,h1,1,ARIMA,7.3534886837005615,5.099456548690796,0.755317737349525,0.611629898450781,1.3146290831922696,1.3060442643231909,0.2577935106701573,1.0,1.0,2.0126348764412114,3.0769126287937465,True
D1,24,157,TimesFM3,h1_6,1,ARIMA,7.3534886837005615,5.099456548690796,0.5568194428226169,0.5074792267281212,0.9882959802541615,0.9889341528127137,0.24858901148494747,1.0,1.0,2.604240767906507,4.018297816445216,True
D1,24,157,TimesFM3,h1_12,1,ARIMA,7.3534886837005615,5.099456548690796,0.83575683281175,0.8776813723781858,1.5116985641691065,1.5286368482736057,0.363183000486463,0.8333333333333334,1.0,3.24295702986893,5.076741958152698,True
D1,24,158,TimesFM3,h1,1,ARIMA,7.3534886837005615,5.099456548690796,1.815759600526841,1.4001596999756372,3.4050486821222794,3.348047360853494,0.6699960283911617,0.0,0.0,2.085377987005669,3.2468536349062864,True
D1,24,158,TimesFM3,h1_6,1,ARIMA,7.3534886837005615,5.099456548690796,1.9540541823533926,1.66261575614913,3.786332469492636,3.8574171997639066,0.7316356976440433,0.16666666666666666,0.5,2.33094656403316,3.6735853749650182,True
D1,24,158,TimesFM3,h1_12,1,ARIMA,7.3534886837005615,5.099456548690796,2.185397042728056,1.8920083863190609,4.258466131316849,4.367710503694242,0.8347727608389761,0.16666666666666666,0.5833333333333334,2.539202354753317,4.042585385685182,True
D1,24,159,TimesFM3,h1,1,ARIMA,7.3534886837005615,5.099456548690796,1.938092955484442,1.5564752255307335,3.5607816764382885,3.6253266601511354,0.624140638442795,0.0,1.0,2.60732444593114,3.9532027158400433,True
D1,24,159,TimesFM3,h1_6,1,ARIMA,7.3534886837005615,5.099456548690796,1.4068726459857148,1.211899884259521,2.559587182827344,2.5576737064374377,0.4856532088793651,0.3333333333333333,0.6666666666666666,2.4063203127498625,3.8506907136109643,True
D1,24,159,TimesFM3,h1_12,1,ARIMA,7.3534886837005615,5.099456548690796,1.163841657685287,1.1244720727364843,2.109583595346347,2.1032105643657895,0.4394354118747629,0.5,0.75,2.3968977485693053,3.9120122469236165,True
D1,24,160,TimesFM3,h1,1,ARIMA,7.3534886837005615,5.099456548690796,0.8171912839088129,0.6852769160740072,1.0959750522566778,1.09000197738605,0.2699375533557173,1.0,1.0,1.925147146452062,3.0511830678536493,True
D1,24,160,TimesFM3,h1_6,1,ARIMA,7.3534886837005615,5.099456548690796,1.5336779339640678,1.3970294844071245,2.083263194105115,2.107307293781976,0.5255168594765217,0.5,0.8333333333333334,2.8437639628619302,4.518930611033902,True
D1,24,160,TimesFM3,h1_12,1,ARIMA,7.3534886837005615,5.099456548690796,1.4081411012879224,1.3592347166281082,1.9017702323321215,1.916780306869158,0.5203024443738687,0.6666666666666666,0.9166666666666666,3.4063302073536605,5.49013355374447,True
D1,24,161,TimesFM3,h1,1,ARIMA,7.3534886837005615,5.099456548690796,1.1186777869288074,0.8197606854538746,1.3124645095674032,1.303907845711191,0.3930762245619457,0.0,1.0,1.884087614529411,3.000380333879536,True
D1,24,161,TimesFM3,h1_6,1,ARIMA,7.3534886837005615,5.099456548690796,1.940276981832317,1.7754448160726481,2.255757876569592,2.217300553068013,0.8154997373302048,0.3333333333333333,0.6666666666666666,2.5903435177814296,4.148975944752351,True
D1,24,161,TimesFM3,h1_12,1,ARIMA,7.3534886837005615,5.099456548690796,1.8384873712215077,1.5915256124359254,2.1614683984204164,2.1442681128432635,0.7107651541801724,0.4166666666666667,0.75,2.966398085505034,4.775189455272421,True
D1,24,162,TimesFM3,h1,1,ARIMA,7.3534886837005615,5.099456548690796,0.24370142449752155,0.2052714747863798,0.4592676480999986,0.4603247093330872,0.1447242932476392,1.0,1.0,1.7908763649984127,2.8002866526132277,True
D1,24,162,TimesFM3,h1_6,1,ARIMA,7.3534886837005615,5.099456548690796,1.2352527046750876,1.3837299713942888,2.276796092464846,2.2351632589950823,0.49990763307392283,0.6666666666666666,0.6666666666666666,2.1945668172088646,3.446570692790908,True
D1,24,162,TimesFM3,h1_12,1,ARIMA,7.3534886837005615,5.099456548690796,1.2953469706440617,1.3632934973234503,2.3897925395705095,2.347858329354409,0.506655431800104,0.5833333333333334,0.5833333333333334,2.2926296283314453,3.6228586719253824,True
D1,24,163,TimesFM3,h1,1,ARIMA,7.3534886837005615,5.099456548690796,1.8546138266749175,1.2599822523871265,2.8324118687921325,2.8731008941563614,0.6143334397588245,0.0,1.0,2.3935068323200706,3.876324970461957,True
D1,24,163,TimesFM3,h1_6,1,ARIMA,7.3534886837005615,5.099456548690796,1.9418339320253928,1.656489957432327,2.9686048831518823,3.026138807006173,0.7915820537142098,0.3333333333333333,0.6666666666666666,2.4141804441738324,4.087648578466674,True
D1,24,163,TimesFM3,h1_12,1,ARIMA,7.3534886837005615,5.099456548690796,1.8834943998013507,1.5298596309501953,2.840962892250787,2.846962671531676,0.744588691677459,0.3333333333333333,0.6666666666666666,2.764881165593163,4.599575753630291,True
D1,24,164,TimesFM3,h1,1,ARIMA,7.3534886837005615,5.099456548690796,2.060253327850094,1.7132298775386021,3.0636446646699858,3.1113043190561918,0.7836092748587746,0.0,0.0,2.0272089118550554,3.140246656527822,True
D1,24,164,TimesFM3,h1_6,1,ARIMA,7.3534886837005615,5.099456548690796,1.5889726289531372,1.5307315013409704,2.3608394961974795,2.39929007242591,0.5880836097512551,0.6666666666666666,0.6666666666666666,2.5121464188611173,3.9481938019279306,True
D1,24,164,TimesFM3,h1_12,1,ARIMA,7.3534886837005615,5.099456548690796,1.107329282277076,1.167832923406427,1.6416872237769917,1.663355591149004,0.4396197776455172,0.8333333333333334,0.8333333333333334,2.7420399846186707,4.3527795675054906,True
D1,24,165,TimesFM3,h1,1,ARIMA,7.3534886837005615,5.099456548690796,1.6949073132306807,1.2641741034200251,2.738671694349965,2.7016766672702714,0.5532087621355279,0.0,1.0,3.194582841844658,5.03195928727072,True
D1,24,165,TimesFM3,h1_6,1,ARIMA,7.3534886837005615,5.099456548690796,0.6224341393503307,0.6362748259662651,1.0019886090358503,0.9931400899007623,0.40175049087853065,0.8333333333333334,1.0,4.399312787755252,7.117861297649757,True
D1,24,165,TimesFM3,h1_12,1,ARIMA,7.3534886837005615,5.099456548690796,1.2259780448496547,1.146369439148424,1.9444049794046754,1.9156665163105828,0.5580144795392368,0.9166666666666666,1.0,5.319369047879162,8.80262132834426,True
D1,24,166,TimesFM3,h1,1,ARIMA,7.3534886837005615,5.099456548690796,1.0055768325530552,0.7726373556904259,1.1890010344058313,1.181974191722834,0.3353290423225707,1.0,1.0,2.4070542394256362,3.892417364735429,True
D1,24,166,TimesFM3,h1_6,1,ARIMA,7.3534886837005615,5.099456548690796,2.0684811399376093,1.748360155787537,2.4402072871721905,2.406107346891136,0.7293470205409901,0.3333333333333333,0.6666666666666666,3.1441239118246975,5.027866974748046,True
D1,24,166,TimesFM3,h1_12,1,ARIMA,7.3534886837005615,5.099456548690796,2.696730565769696,2.235527431509925,3.1778628791086274,3.120980948604678,0.9608062847670912,0.25,0.5833333333333334,3.4709589435253907,5.5704593164736655,True
D1,24,167,TimesFM3,h1,1,ARIMA,7.3534886837005615,5.099456548690796,1.2337794062944447,0.9571874765138375,2.499554078596862,2.4687008225476896,0.4099429344178062,0.0,1.0,2.35088610243874,3.660948623574265,True
D1,24,167,TimesFM3,h1_6,1,ARIMA,7.3534886837005615,5.099456548690796,2.0021448299189144,1.823997336767679,3.989572605199036,3.8842257534316555,0.7912052452587954,0.3333333333333333,0.6666666666666666,2.971644480278313,4.678069689530389,True
D1,24,167,TimesFM3,h1_12,1,ARIMA,7.3534886837005615,5.099456548690796,1.5738349734377444,1.462328062394015,3.158196507010274,3.098991181055452,0.612591813980044,0.5833333333333334,0.8333333333333334,3.3568268987061103,5.352014921035994,True
D1,24,168,TimesFM3,h1,1,ARIMA,7.3534886837005615,5.099456548690796,0.05195559390871506,0.04222989524282879,0.10387493345787471,0.10392891150170767,0.12497663785218123,1.0,1.0,1.5616667498019712,3.2877037016213073,True
D1,24,168,TimesFM3,h1_6,1,ARIMA,7.3534886837005615,5.099456548690796,2.468055542761377,2.322255476193429,4.831262828663224,4.6809018420650075,0.9532236027479278,0.16666666666666666,0.5,4.358656469649283,10.410548968065287,True
D1,24,168,TimesFM3,h1_12,1,ARIMA,7.3534886837005615,5.099456548690796,3.4749727826579004,3.1279432758221026,6.709794619149126,6.44729946406725,1.4004650711666926,0.16666666666666666,0.4166666666666667,6.390478773043633,14.932531320192027,True
D1,24,169,TimesFM3,h1,1,ARIMA,7.3534886837005615,5.099456548690796,0.43930591259117996,0.38770985276125364,0.8559912635487588,0.8523432715786792,0.20357190466101555,1.0,1.0,2.278865974514304,3.7152750922475306,True
D1,24,169,TimesFM3,h1_6,1,ARIMA,7.3534886837005615,5.099456548690796,0.7306402573738853,0.8642660090104866,1.4389631623908261,1.4559457113191983,0.3784149923422052,0.8333333333333334,1.0,3.7246988094546634,6.0376804650449705,True
D1,24,169,TimesFM3,h1_12,1,ARIMA,7.3534886837005615,5.099456548690796,1.064789968794316,1.1158456989549483,2.088307373821258,2.0757507429404827,0.4653888186629815,0.9166666666666666,1.0,4.48459321546791,7.371566578025575,True
D1,24,170,TimesFM3,h1,1,ARIMA,7.3534886837005615,5.099456548690796,1.1967962549936397,0.9449808381834504,1.8646518121255597,1.882200050803124,0.3958898543800102,0.0,1.0,2.2224582267390933,3.5086673962659036,True
D1,24,170,TimesFM3,h1_6,1,ARIMA,7.3534886837005615,5.099456548690796,0.8973059732315035,0.7458417890602588,1.3845699645721763,1.383080726861588,0.324509271386676,0.8333333333333334,1.0,2.7145378746009463,4.304808635785166,True
D1,24,170,TimesFM3,h1_12,1,ARIMA,7.3534886837005615,5.099456548690796,0.7753380982496959,0.6948400115969838,1.1997612618478706,1.2004211494145691,0.3227529889600272,0.9166666666666666,1.0,3.001314779887972,4.797753790165732,True
D1,24,171,TimesFM3,h1,1,ARIMA,7.3534886837005615,5.099456548690796,0.3940376868501969,0.3096984090957905,0.8127547620339098,0.8160710903581438,0.1875772565820127,1.0,1.0,2.1278913241847373,3.34291478181297,True
D1,24,171,TimesFM3,h1_6,1,ARIMA,7.3534886837005615,5.099456548690796,0.537167182780265,0.46137970648206544,1.0960702701641059,1.0950579232244038,0.23915787452499582,1.0,1.0,2.547750704320821,4.020807306442188,True
D1,24,171,TimesFM3,h1_12,1,ARIMA,7.3534886837005615,5.099456548690796,0.5339016440589675,0.4568296101084363,1.0934888038106743,1.0962997637642289,0.2530809290828287,1.0,1.0,2.778666961053088,4.407957274497392,True
D1,24,172,TimesFM3,h1,1,ARIMA,7.3534886837005615,5.099456548690796,0.4822522480930167,0.39712886162440364,0.8107224148974767,0.8140221448929147,0.18052720557933064,1.0,1.0,1.727821158025946,2.8924381977900113,True
D1,24,172,TimesFM3,h1_6,1,ARIMA,7.3534886837005615,5.099456548690796,0.8021128259376353,0.7164290487836544,1.3285690066122966,1.3194056504920504,0.2886107481199854,1.0,1.0,2.445755996570663,4.061311097067795,True
D1,24,172,TimesFM3,h1_12,1,ARIMA,7.3534886837005615,5.099456548690796,1.3091597681946667,1.230886827501861,2.1465825157588307,2.1177616442026053,0.4501380397091697,0.6666666666666666,1.0,2.940049873436403,4.857927954799865,True
D1,24,173,TimesFM3,h1,1,ARIMA,7.3534886837005615,5.099456548690796,1.067330260545266,0.8675120729537079,1.5312366897118108,1.5430505679302882,0.34915406274902794,1.0,1.0,2.2656211907106028,3.497738022199102,True
D1,24,173,TimesFM3,h1_6,1,ARIMA,7.3534886837005615,5.099456548690796,1.4007803475384744,1.226733459419946,1.9878432354594033,1.9883610321673097,0.4853283952992646,0.6666666666666666,0.8333333333333334,2.7850724194350462,4.369265719284422,True
D1,24,173,TimesFM3,h1_12,1,ARIMA,7.3534886837005615,5.099456548690796,1.2782843791047298,1.1260449412869018,1.8138483479143623,1.8173260773300721,0.4590018647818914,0.8333333333333334,0.9166666666666666,3.2514958074759273,5.17877633885174,True
D1,24,174,TimesFM3,h1,1,ARIMA,7.3534886837005615,5.099456548690796,2.0888932291657754,1.729383843031184,4.064108843911867,4.148406726233001,0.82152544195085,0.0,0.0,1.6235430605899321,2.57044851597447,True
D1,24,174,TimesFM3,h1_6,1,ARIMA,7.3534886837005615,5.099456548690796,1.2289378847392889,1.119387852400903,2.3833746203472836,2.41841917361846,0.43952617240478914,0.6666666666666666,0.8333333333333334,2.1924115943002116,3.52674271651746,True
D1,24,174,TimesFM3,h1_12,1,ARIMA,7.3534886837005615,5.099456548690796,1.5197856398714662,1.3969595743264054,2.968211112079459,3.0240577234682737,0.527729835150297,0.5,0.8333333333333334,2.584124687120205,4.196237355450846,True
D1,24,175,TimesFM3,h1,1,ARIMA,7.3534886837005615,5.099456548690796,0.17669491566396084,0.15286346164547404,0.3196479935086349,0.32015968551401947,0.12663680753892467,1.0,1.0,1.5984260367914394,2.496665464817431,True
D1,24,175,TimesFM3,h1_6,1,ARIMA,7.3534886837005615,5.099456548690796,0.7746158051510841,0.8031435807011205,1.389026361295017,1.3755205407427074,0.2921747703021716,0.6666666666666666,1.0,1.9939218641099217,3.110735644298662,True
D1,24,175,TimesFM3,h1_12,1,ARIMA,7.3534886837005615,5.099456548690796,1.509494148152035,1.53559525566663,2.694420832587485,2.6455632374300735,0.5587647939743865,0.3333333333333333,0.75,2.41707332243381,3.7815279671640045,True
D1,24,176,TimesFM3,h1,1,ARIMA,7.3534886837005615,5.099456548690796,0.9883353805415023,0.8059517117442092,1.6932994961797712,1.7077582269058538,0.324688913301358,1.0,1.0,2.15075646788712,3.4305252555285706,True
D1,24,176,TimesFM3,h1_6,1,ARIMA,7.3534886837005615,5.099456548690796,1.1621007277907085,1.0443777460817607,1.9978425193378822,2.0197509170155867,0.42223405668953,0.5,1.0,2.8981131396620294,4.6170430496332155,True
D1,24,176,TimesFM3,h1_12,1,ARIMA,7.3534886837005615,5.099456548690796,1.006394191568429,0.9766759103065045,1.7330076714203606,1.7532068837111188,0.40458735035009935,0.6666666666666666,1.0,3.16545623303086,5.1078100841344565,True
D1,24,177,TimesFM3,h1,1,ARIMA,7.3534886837005615,5.099456548690796,1.527687259014901,1.3181182859222564,2.6416648551930875,2.607227745667023,0.5292017539643864,0.0,1.0,2.1021475006693704,3.3625515100512073,True
D1,24,177,TimesFM3,h1_6,1,ARIMA,7.3534886837005615,5.099456548690796,1.5112061465119042,1.4255855331862894,2.6202124175727772,2.5798384203711477,0.5462560776649491,0.16666666666666666,1.0,2.6327875674921675,4.226129527705929,True
D1,24,177,TimesFM3,h1_12,1,ARIMA,7.3534886837005615,5.099456548690796,1.1291523790504354,1.1643953370432902,1.970504567254051,1.951670981774508,0.44526948654875814,0.5,1.0,2.9107498512391023,4.729734628426579,True
D1,24,178,TimesFM3,h1,1,ARIMA,7.3534886837005615,5.099456548690796,0.03379025380836097,0.02586068145310989,0.04407321004368626,0.04406349994424475,0.12061123475056904,1.0,1.0,1.6356890744873018,2.556963038457543,True
D1,24,178,TimesFM3,h1_6,1,ARIMA,7.3534886837005615,5.099456548690796,3.371651436003959,3.254780027959548,4.607643094778754,4.787474296262963,1.493374269901909,0.16666666666666666,0.3333333333333333,1.8425301618631873,2.926100982147854,True
D1,24,178,TimesFM3,h1_12,1,ARIMA,7.3534886837005615,5.099456548690796,3.5541708335693687,3.1106076519637056,4.829749984661464,4.99010196281696,1.5288551977201874,0.08333333333333333,0.16666666666666666,2.0186027410062994,3.2343153065676367,True
D1,24,179,TimesFM3,h1,1,ARIMA,7.3534886837005615,5.099456548690796,1.77913172226705,1.276385707304717,2.6678477741838273,2.703915954994387,0.6557943872954805,0.0,0.0,1.8964915286970552,3.005535867508576,True
D1,24,179,TimesFM3,h1_6,1,ARIMA,7.3534886837005615,5.099456548690796,1.74586190196963,1.3630959086534402,2.61871176263946,2.6506896792878587,0.6567058709945383,0.16666666666666666,0.5,2.2728575676518346,3.6767740488260565,True
D1,24,179,TimesFM3,h1_12,1,ARIMA,7.3534886837005615,5.099456548690796,1.186697484575146,1.0349274552083352,1.7740666422835036,1.7893362001504203,0.4639112464356779,0.5,0.75,2.4096745498551146,3.9557645411451783,True
D1,24,180,TimesFM3,h1,1,ARIMA,7.3534886837005615,5.099456548690796,0.09236882836543042,0.08165638076865182,0.16623716600245037,0.16637545492304423,0.14035822013182203,1.0,1.0,1.8525438585518055,2.920069791730575,True
D1,24,180,TimesFM3,h1_6,1,ARIMA,7.3534886837005615,5.099456548690796,0.7753272531510398,0.7644236059852314,1.394674102937272,1.3926718394971034,0.2887054983707473,0.8333333333333334,1.0,2.376644056792562,3.8151012074676585,True
D1,24,180,TimesFM3,h1_12,1,ARIMA,7.3534886837005615,5.099456548690796,0.7044123686630557,0.7542388609994317,1.2655790630669472,1.2631363305334544,0.3035842668453617,0.9166666666666666,1.0,2.7620868372052523,4.484540932531442,True
D1,24,181,TimesFM3,h1,1,ARIMA,7.3534886837005615,5.099456548690796,1.8482872904397427,1.4428653466491792,3.301172978376955,3.3565761711573985,0.6510623964079834,0.0,0.0,1.9938636990763237,3.0783969495765366,True
D1,24,181,TimesFM3,h1_6,1,ARIMA,7.3534886837005615,5.099456548690796,2.2779532652231356,1.855577273993883,4.079942674317228,4.172954928539799,0.8685501104126173,0.16666666666666666,0.16666666666666666,1.994411685623736,3.132822659105601,True
D1,24,181,TimesFM3,h1_12,1,ARIMA,7.3534886837005615,5.099456548690796,2.511262650683767,2.248592282202226,4.529737093286941,4.671013429753535,1.0140312054250133,0.25,0.25,2.02930135323305,3.2050572169711438,True
D1,24,182,TimesFM3,h1,1,ARIMA,7.3534886837005615,5.099456548690796,1.3678047398104838,1.0922896751551154,2.318076999582006,2.2915174303350017,0.4604457575514017,0.0,1.0,2.1550632006456394,3.4348286532955226,True
D1,24,182,TimesFM3,h1_6,1,ARIMA,7.3534886837005615,5.099456548690796,1.2606169510359035,1.0864135232936287,2.1404957080929186,2.1142075784159253,0.4454449421620784,0.3333333333333333,1.0,2.7669277101090706,4.436135151708104,True
D1,24,182,TimesFM3,h1_12,1,ARIMA,7.3534886837005615,5.099456548690796,1.1027497440584095,0.9719323669850422,1.8925213650959547,1.8871255952864288,0.40814282334059376,0.6666666666666666,1.0,3.0270401554465547,4.906167892452584,True
D1,24,183,TimesFM3,h1,1,ARIMA,7.3534886837005615,5.099456548690796,1.0205616958312123,0.8766100803382392,1.4149505557814306,1.4050104541664232,0.33776756361514654,1.0,1.0,2.35832300104601,3.618112554528634,True
D1,24,183,TimesFM3,h1_6,1,ARIMA,7.3534886837005615,5.099456548690796,1.5822455072028236,1.483342139651659,2.244225663391251,2.2714865337324657,0.5520899633224166,0.3333333333333333,1.0,3.0205736492674906,4.6878412759059405,True
D1,24,183,TimesFM3,h1_12,1,ARIMA,7.3534886837005615,5.099456548690796,1.7460641867270246,1.6385158916771423,2.459941913897297,2.4690990746354666,0.6095389709509846,0.5,1.0,3.6159132910487894,5.6722715230360405,True
D1,24,184,TimesFM3,h1,1,ARIMA,7.3534886837005615,5.099456548690796,0.10205854953470168,0.07970835855845528,0.1960405511610241,0.19584857984334111,0.11919511355998152,1.0,1.0,1.522983381245923,2.6961261775454664,True
D1,24,184,TimesFM3,h1_6,1,ARIMA,7.3534886837005615,5.099456548690796,1.313182951236876,1.2757377779898147,2.6003747632397336,2.6542668896781456,0.46282796541681953,0.6666666666666666,1.0,2.335147708090788,4.002516159397439,True
D1,24,184,TimesFM3,h1_12,1,ARIMA,7.3534886837005615,5.099456548690796,0.9788727155049023,0.9980578175586253,1.928925388768795,1.9577366148985749,0.3762764012851196,0.8333333333333334,1.0,2.577143826134229,4.409356127024276,True
D1,24,185,TimesFM3,h1,1,ARIMA,7.3534886837005615,5.099456548690796,0.39276670770531025,0.3193102004530539,0.5930481973492573,0.5912948655785909,0.16495316699224052,1.0,1.0,1.7411679500759085,2.742703239953182,True
D1,24,185,TimesFM3,h1_6,1,ARIMA,7.3534886837005615,5.099456548690796,0.8935186601109734,0.8534230967082773,1.3403237021798875,1.3281345969463711,0.3333297125072971,0.6666666666666666,0.8333333333333334,2.093900490263288,3.3641212585185944,True
D1,24,185,TimesFM3,h1_12,1,ARIMA,7.3534886837005615,5.099456548690796,1.1428214324937853,1.0875791883102013,1.736752483314858,1.7454757335470559,0.4131207398881689,0.5833333333333334,0.8333333333333334,2.304824023633865,3.754205336419142,True
D1,24,186,TimesFM3,h1,1,ARIMA,7.3534886837005615,5.099456548690796,0.021490070139623698,0.014749481307661808,0.03172769776376737,0.031722665328078416,0.1690534125645131,1.0,1.0,2.2967046990183135,3.6491793155390324,True
D1,24,186,TimesFM3,h1_6,1,ARIMA,7.3534886837005615,5.099456548690796,1.0850487730365237,0.9885096014066809,1.6134367851245703,1.6369213395150355,0.42574024556138873,0.6666666666666666,0.8333333333333334,2.7807142145684463,4.5201901922453525,True
D1,24,186,TimesFM3,h1_12,1,ARIMA,7.3534886837005615,5.099456548690796,2.162805563174792,1.9939308918139622,3.09725573607955,3.0385961645644093,0.9307668383484694,0.5,0.5833333333333334,2.906734547091827,4.8136114620498605,True
D1,24,187,TimesFM3,h1,1,ARIMA,7.3534886837005615,5.099456548690796,2.085239506685858,1.7279116526425844,3.190098348306547,3.140013587510658,0.8602212061106095,0.0,0.0,1.6199257226518573,2.500263874384215,True
D1,24,187,TimesFM3,h1_6,1,ARIMA,7.3534886837005615,5.099456548690796,0.5690901874380353,0.7482972477550934,0.8774499773640905,0.8699223862096388,0.2742071713690504,0.8333333333333334,0.8333333333333334,1.7771511640331883,2.7928529697952142,True
D1,24,187,TimesFM3,h1_12,1,ARIMA,7.3534886837005615,5.099456548690796,0.9817279002582078,0.9839857342887802,1.5254751740379824,1.5215565522682952,0.37883774369095646,0.4166666666666667,0.8333333333333334,1.8759794160978556,2.9703714375392836,True
D1,24,188,TimesFM3,h1,1,ARIMA,7.3534886837005615,5.099456548690796,0.5955197416653816,0.47483441745542754,0.7920898690268017,0.7889652122685393,0.23211542283955672,1.0,1.0,2.3699513822557883,3.6645316308260876,True
D1,24,188,TimesFM3,h1_6,1,ARIMA,7.3534886837005615,5.099456548690796,1.3610227046070102,1.4440821135714799,1.8236854197510952,1.8362626697832083,0.5558838410176855,0.6666666666666666,0.8333333333333334,2.984809596222904,4.684670850782007,True
D1,24,188,TimesFM3,h1_12,1,ARIMA,7.3534886837005615,5.099456548690796,2.0258902160732,2.165950541887518,2.6555843173432403,2.615536550067822,0.832506575130829,0.5833333333333334,0.6666666666666666,3.5093852813825737,5.582641215150507,True
D1,24,189,TimesFM3,h1,1,ARIMA,7.3534886837005615,5.099456548690796,0.191664050310135,0.16873309788485377,0.40556743460118383,0.4047466742494902,0.13363244712295638,1.0,1.0,1.66409750937414,2.6435545671923824,True
D1,24,189,TimesFM3,h1_6,1,ARIMA,7.3534886837005615,5.099456548690796,0.9210929996071244,1.003880305934037,1.995639224790383,2.022846906489857,0.3439440527130316,0.6666666666666666,0.8333333333333334,2.1006379375521025,3.3652695179268455,True
D1,24,189,TimesFM3,h1_12,1,ARIMA,7.3534886837005615,5.099456548690796,1.106608581130427,1.0890601776722515,2.3564477336273066,2.3509073836470304,0.3952063025288373,0.5,0.8333333333333334,2.2528944217303764,3.6233254956911307,True
D1,24,190,TimesFM3,h1,1,ARIMA,7.3534886837005615,5.099456548690796,0.732372165273158,0.6027666261158073,1.2082283464855852,1.2009730977850326,0.24425415954090787,1.0,1.0,1.7950725393818399,2.8734024309124937,True
D1,24,190,TimesFM3,h1_6,1,ARIMA,7.3534886837005615,5.099456548690796,1.9668334693951655,1.7177559357366876,3.218224073051137,3.1611190460126615,0.7223244835819577,0.16666666666666666,0.5,2.28528813248206,3.662011792289975,True
D1,24,190,TimesFM3,h1_12,1,ARIMA,7.3534886837005615,5.099456548690796,1.6112001378263379,1.4850756992591523,2.661749288790069,2.6443894737798375,0.5900258716367848,0.5,0.6666666666666666,2.496092784990833,4.011047664121642,True
D1,24,191,TimesFM3,h1,1,ARIMA,7.3534886837005615,5.099456548690796,0.7968779174112312,0.6048374273564289,1.0447724794290012,1.0393430941218857,0.2716819089645862,1.0,1.0,2.3808063704746436,3.7673064333645323,True
D1,24,191,TimesFM3,h1_6,1,ARIMA,7.3534886837005615,5.099456548690796,0.96341287014872,1.005563049622138,1.2619573799964678,1.2472901929359987,0.3861400018160703,0.8333333333333334,1.0,2.857488305338643,4.563230730479533,True
D1,24,191,TimesFM3,h1_12,1,ARIMA,7.3534886837005615,5.099456548690796,1.1518021461199246,1.1000861229918786,1.5318555872893267,1.5331766093851598,0.4578132871266456,0.6666666666666666,0.8333333333333334,3.296797016446879,5.271700259359654,True
D1,24,192,TimesFM3,h1,1,ARIMA,7.3534886837005615,5.099456548690796,0.4560529949908111,0.36758396087090145,0.9169282753758625,0.9211514243101262,0.19724922243261447,1.0,1.0,2.1310122630279493,3.3851945623662436,True
D1,24,192,TimesFM3,h1_6,1,ARIMA,7.3534886837005615,5.099456548690796,1.009445690568763,0.896522282886072,2.044892036139208,2.07069347082005,0.3642924799914016,0.6666666666666666,1.0,2.6976816226146765,4.335354096107809,True
D1,24,192,TimesFM3,h1_12,1,ARIMA,7.3534886837005615,5.099456548690796,1.0972629094213182,1.014921363698388,2.2180571118481973,2.232459491964998,0.4096284341050079,0.6666666666666666,1.0,3.1017414023450183,5.027383977316853,True
D1,24,193,TimesFM3,h1,1,ARIMA,7.3534886837005615,5.099456548690796,1.572867166549138,1.2366482035229804,2.3211561419429425,2.3484112883720067,0.5357355634258816,0.0,1.0,2.614793826664669,4.374229853847579,True
D1,24,193,TimesFM3,h1_6,1,ARIMA,7.3534886837005615,5.099456548690796,1.532298422061772,1.3472612876335401,2.2582495781875536,2.2359117466435054,0.5328026832337983,0.6666666666666666,1.0,3.262317902390682,5.393813271711006,True
D1,24,193,TimesFM3,h1_12,1,ARIMA,7.3534886837005615,5.099456548690796,1.3477181078095308,1.3336848588680272,2.012209105610201,2.0109043990709856,0.535636949271972,0.75,0.9166666666666666,3.477979419128627,5.75415428965321,True
D1,24,194,TimesFM3,h1,1,ARIMA,7.3534886837005615,5.099456548690796,0.007830291548555838,0.006162600696561092,0.013656947804648836,0.013656015307207486,0.17369978175979237,1.0,1.0,2.359390499412066,3.723607911699734,True
D1,24,194,TimesFM3,h1_6,1,ARIMA,7.3534886837005615,5.099456548690796,0.7036160252733055,0.8047623478721284,1.2528898803388178,1.2643629446012337,0.3398914583421583,0.8333333333333334,1.0,3.0571003242628776,4.891059227561693,True
D1,24,194,TimesFM3,h1_12,1,ARIMA,7.3534886837005615,5.099456548690796,1.004711718205503,0.998089820033535,1.79917244654597,1.8072619769043008,0.4205156885229201,0.8333333333333334,1.0,3.5299063333579777,5.710751717570142,True
D1,24,195,TimesFM3,h1,1,ARIMA,7.3534886837005615,5.099456548690796,1.155475806815613,0.9787283337134113,2.6661595381017253,2.702181776689756,0.3985373024993563,0.0,1.0,1.765160710645924,2.830601692821004,True
D1,24,195,TimesFM3,h1_6,1,ARIMA,7.3534886837005615,5.099456548690796,0.92831095127932,0.8424484722793462,2.094734795711357,2.081742910477144,0.32699804000529303,0.8333333333333334,1.0,2.3812089872570246,3.873160756022166,True
D1,24,195,TimesFM3,h1_12,1,ARIMA,7.3534886837005615,5.099456548690796,1.006796108239345,0.9721748605869378,2.247650347865933,2.2214837844255304,0.38284930270449785,0.75,1.0,2.945640086973489,4.805834681498067,True
D1,24,196,TimesFM3,h1,1,ARIMA,7.3534886837005615,5.099456548690796,1.1915890427497435,0.9576994930973526,2.1633800686374154,2.140229420286618,0.3876020567858753,1.0,1.0,2.447837984329336,3.9690036214691675,True
D1,24,196,TimesFM3,h1_6,1,ARIMA,7.3534886837005615,5.099456548690796,0.7284277082089323,0.6648526647002613,1.3505042962840592,1.3529812890199187,0.33544902662343945,1.0,1.0,3.394830333989452,5.428382592406858,True
D1,24,196,TimesFM3,h1_12,1,ARIMA,7.3534886837005615,5.099456548690796,0.7948466099445701,0.7405264974292202,1.4878180436237545,1.4981475773751134,0.373714113400195,1.0,1.0,3.842544412421918,6.1373238877637055,True
D1,24,197,TimesFM3,h1,1,ARIMA,7.3534886837005615,5.099456548690796,0.5830325173827616,0.4669405498687057,1.0811118252531529,1.0869876009998753,0.20620684572763226,1.0,1.0,1.8805927982155508,2.988470687816987,True
D1,24,197,TimesFM3,h1_6,1,ARIMA,7.3534886837005615,5.099456548690796,0.9778805251441586,1.0401890163540775,1.820346344450672,1.8460434344137595,0.41646213796188697,0.6666666666666666,0.6666666666666666,2.495868880270869,4.0016100423792755,True
D1,24,197,TimesFM3,h1_12,1,ARIMA,7.3534886837005615,5.099456548690796,0.8921503152306529,0.9296835326222546,1.6473452103427568,1.659726918143992,0.384149923927952,0.75,0.8333333333333334,2.8718551055019437,4.612848140274831,True
D1,24,198,TimesFM3,h1,1,ARIMA,7.3534886837005615,5.099456548690796,0.7834179667169757,0.6379192284912438,1.7490776259521463,1.764508941504032,0.2638031695681691,1.0,1.0,2.037192084057227,3.2313477731234443,True
D1,24,198,TimesFM3,h1_6,1,ARIMA,7.3534886837005615,5.099456548690796,0.38143679284004983,0.3856439828809899,0.8472420650707774,0.8468417659117202,0.2432812682400346,1.0,1.0,2.8119755830482505,4.442408200641658,True
D1,24,198,TimesFM3,h1_12,1,ARIMA,7.3534886837005615,5.099456548690796,0.99092846735527,0.997935834688603,2.228850136107142,2.2471184043519234,0.39361862024098926,0.8333333333333334,1.0,3.1966938132994582,5.072069977841161,True
D1,24,199,TimesFM3,h1,1,ARIMA,7.3534886837005615,5.099456548690796,0.5792849021174791,0.4433202132909169,0.8540180828173544,0.8503868540635522,0.19466729954310977,1.0,1.0,1.6399100574044594,2.694770200689993,True
D1,24,199,TimesFM3,h1_6,1,ARIMA,7.3534886837005615,5.099456548690796,3.2644708815663224,2.7207584549595936,4.693713404151806,4.567006674980265,1.3227651517403338,0.16666666666666666,0.16666666666666666,2.688796465539431,4.339268342175044,True
D1,24,199,TimesFM3,h1_12,1,ARIMA,7.3534886837005615,5.099456548690796,2.5615173490018646,2.2531802072660083,3.683795059298076,3.5968453646556147,1.0166776712832342,0.3333333333333333,0.5833333333333334,3.603503148280731,5.842081444004273,True
