dgp,n,rep,Oracle_MASE,nonconverged
D1,24,0,0.5890215656294794,False
D1,24,1,1.2818364131455813,False
D1,24,2,0.7621282542597485,False
D1,24,3,2.125570498642227,False
D1,24,4,0.8301054373734322,False
D1,24,5,0.9603804160898326,False
D1,24,6,1.5923992864126095,False
D1,24,7,1.2789694106181122,False
D1,24,8,1.2334931250891645,False
D1,24,9,1.554847554478359,False
D1,24,10,0.9028214228961638,False
D1,24,11,1.4304825449344407,False
D1,24,12,0.7111752690154347,False
D1,24,13,1.3628447456505397,False
D1,24,14,0.7556221396021963,False
D1,24,15,1.2829050066401901,False
D1,24,16,1.0491918949819286,False
D1,24,17,1.1846167501152607,False
D1,24,18,1.4387452149513724,False
D1,24,19,2.2846093354887533,False
D1,24,20,0.771006912919902,False
D1,24,21,1.9501332554404718,False
D1,24,22,3.5730029334557862,False
D1,24,23,1.3439608455207646,False
D1,24,24,1.7796299338932713,False
D1,24,25,2.290794488124204,False
D1,24,26,1.390131730728733,False
D1,24,27,1.4683956156104392,False
D1,24,28,1.2094788050328156,False
D1,24,29,2.289096063678097,False
D1,24,30,2.4593201424416735,False
D1,24,31,1.5443308318057387,False
D1,24,32,1.4061034826870185,False
D1,24,33,1.1168036930985235,False
D1,24,34,1.312391601590029,False
D1,24,35,1.8829013331160669,False
D1,24,36,1.6525226210982427,False
D1,24,37,0.914824654139093,False
D1,24,38,0.801041565185532,False
D1,24,39,1.0828131219112174,False
D1,24,40,2.4690795393122236,False
D1,24,41,2.014254237191309,False
D1,24,42,1.8039286556442646,False
D1,24,43,1.5020212874573935,False
D1,24,44,0.8444267441464715,False
D1,24,45,1.990080362774012,False
D1,24,46,0.6649339842355876,False
D1,24,47,1.4113579802683816,False
D1,24,48,1.4663460536457253,False
D1,24,49,1.5665412875518168,False
D1,24,50,0.9223985217878136,False
D1,24,51,0.552614618349271,False
D1,24,52,1.3851721777930843,False
D1,24,53,1.373858471495648,False
D1,24,54,2.354328207756331,False
D1,24,55,2.322287112865125,False
D1,24,56,0.9767791607104661,False
D1,24,57,1.1500193725313053,False
D1,24,58,1.5815857318346491,False
D1,24,59,1.2832833495956888,False
D1,24,60,1.1447472218938404,False
D1,24,61,1.7823007682338015,False
D1,24,62,0.4692814062526327,False
D1,24,63,1.157561534282743,False
D1,24,64,1.9523357391800247,False
D1,24,65,1.5984546423309267,False
D1,24,66,1.1704291112168812,False
D1,24,67,1.263352561984871,False
D1,24,68,1.0734360246666514,False
D1,24,69,1.5242584884160142,False
D1,24,70,1.048613828582769,False
D1,24,71,1.431869478574755,False
D1,24,72,1.293505968543414,False
D1,24,73,1.5627095081882119,False
D1,24,74,1.0552538061046626,False
D1,24,75,1.2161643034868406,False
D1,24,76,1.7300865868305304,False
D1,24,77,1.4468299002105511,False
D1,24,78,1.2403652596738097,False
D1,24,79,2.3788544189396763,False
D1,24,80,0.7296485627840937,False
D1,24,81,0.9992097768852453,False
D1,24,82,1.4231566029299894,False
D1,24,83,1.4486238829055011,False
D1,24,84,0.8536719229360186,False
D1,24,85,1.1095616215908004,False
D1,24,86,1.3227154018075324,False
D1,24,87,1.4886729795281775,False
D1,24,88,1.332063928133332,False
D1,24,89,1.186517787627497,False
D1,24,90,0.9034503024483811,False
D1,24,91,0.9844250584399771,False
D1,24,92,1.2185661326663513,False
D1,24,93,2.077430388118179,False
D1,24,94,2.8724928338439497,False
D1,24,95,1.2941131155836505,False
D1,24,96,1.5599160957960072,False
D1,24,97,0.9020575587289893,False
D1,24,98,1.0683107763049757,False
D1,24,99,1.000931274768053,False
D1,24,100,1.1904020910194306,False
D1,24,101,0.5617992695841356,False
D1,24,102,0.7618137296911155,False
D1,24,103,1.9966026613795882,False
D1,24,104,0.9505313878515805,False
D1,24,105,1.8440614492317848,False
D1,24,106,0.9483261982667824,False
D1,24,107,1.8031016713271586,False
D1,24,108,0.8326704420500811,False
D1,24,109,0.9380384556799156,False
D1,24,110,0.7867045019370922,False
D1,24,111,0.6509777900751916,False
D1,24,112,0.7824843872821279,False
D1,24,113,1.2349466968594722,False
D1,24,114,1.346142154021016,False
D1,24,115,0.7552712016617821,False
D1,24,116,1.6317946944920554,False
D1,24,117,1.5449778747482177,False
D1,24,118,2.0136039133116594,False
D1,24,119,0.9865138958351133,False
D1,24,120,1.1917535714661966,False
D1,24,121,1.2728855651332505,False
D1,24,122,1.3630833579905068,False
D1,24,123,1.4018783899021805,False
D1,24,124,0.8608160380404982,False
D1,24,125,1.777625358392802,False
D1,24,126,0.49058078338018735,False
D1,24,127,0.926378875662669,False
D1,24,128,2.754374978704671,False
D1,24,129,1.9892218117641658,False
D1,24,130,2.695573215712053,False
D1,24,131,0.5072744548674792,False
D1,24,132,0.9715386427064544,False
D1,24,133,0.5743420435066863,False
D1,24,134,1.241713949013745,False
D1,24,135,1.4028000599546782,False
D1,24,136,0.8361321276117758,False
D1,24,137,1.514465767757494,False
D1,24,138,1.1887616215399328,False
D1,24,139,1.7918904783135075,False
D1,24,140,1.608874641779581,False
D1,24,141,1.9163564559307382,False
D1,24,142,0.7820506866760034,False
D1,24,143,1.0064422737743361,False
D1,24,144,1.0631097495053323,False
D1,24,145,0.6195045113726144,False
D1,24,146,1.4030350281977577,False
D1,24,147,1.5386996497324705,False
D1,24,148,1.7305538930534505,False
D1,24,149,2.155219063499802,False
D1,24,150,0.7308398088992759,False
D1,24,151,1.1658487812390839,False
D1,24,152,1.7134376039517494,False
D1,24,153,0.9260502301292699,False
D1,24,154,0.9642539920618312,False
D1,24,155,0.9876651838945932,False
D1,24,156,1.1024639029365515,False
D1,24,157,0.8505384539257955,False
D1,24,158,2.212047688875833,False
D1,24,159,1.0197791914202183,False
D1,24,160,1.459055546316103,False
D1,24,161,2.273686502044851,False
D1,24,162,1.3291931678755753,False
D1,24,163,2.5163047196506496,False
D1,24,164,1.072467857304775,False
D1,24,165,0.6558541178255896,False
D1,24,166,3.3426214956916738,False
D1,24,167,1.3856657440104814,False
D1,24,168,1.2953472271303854,False
D1,24,169,0.7808224220567743,False
D1,24,170,0.8145237904149008,False
D1,24,171,0.5258461325325469,False
D1,24,172,0.5834950347909761,False
D1,24,173,1.854931608496654,False
D1,24,174,0.9246139739739293,False
D1,24,175,1.8743230603084848,False
D1,24,176,0.907841292375077,False
D1,24,177,1.144937743694185,False
D1,24,178,3.0677110947039328,False
D1,24,179,0.9694452036637209,False
D1,24,180,0.7329638671156505,False
D1,24,181,2.505678823293529,False
D1,24,182,1.1067964287472745,False
D1,24,183,1.719055659691334,False
D1,24,184,0.8110350391103318,False
D1,24,185,1.0644805318556516,False
D1,24,186,2.1968614118477205,False
D1,24,187,1.0729533073077695,False
D1,24,188,2.1476598583655995,False
D1,24,189,1.312406656994561,False
D1,24,190,1.516726360824927,False
D1,24,191,1.5130443207276514,False
D1,24,192,0.967184779517463,False
D1,24,193,1.35933265516883,False
D1,24,194,1.0147499774108912,False
D1,24,195,0.5086192178725578,False
D1,24,196,0.6310385531960738,False
D1,24,197,0.9112436912605568,False
D1,24,198,1.0668794183225208,False
D1,24,199,1.640018516215249,False
D1,48,0,1.276927743142191,False
D1,48,1,0.8765786997395154,False
D1,48,2,1.541798357801021,False
D1,48,3,1.4367000446805924,False
D1,48,4,1.1537116669983052,False
D1,48,5,0.6833456161887197,False
D1,48,6,1.8684669303909323,False
D1,48,7,1.729456291502429,False
D1,48,8,1.5503282343927003,False
D1,48,9,1.181186231672169,False
D1,48,10,1.6494893268510122,False
D1,48,11,0.8541707959513334,False
D1,48,12,1.0366289472259624,False
D1,48,13,0.8386199092125304,False
D1,48,14,0.9754120489516128,False
D1,48,15,1.375185361713987,False
D1,48,16,1.8012725467990585,False
D1,48,17,1.662376976531407,False
D1,48,18,1.286806835731867,False
D1,48,19,1.1558054627164205,False
D1,48,20,1.3851334151599897,False
D1,48,21,1.0816655368784105,False
D1,48,22,0.8222434370624897,False
D1,48,23,1.8009780803558753,False
D1,48,24,1.5270678935286448,False
D1,48,25,1.5346870961947632,False
D1,48,26,1.1707778874405441,False
D1,48,27,1.041278989543644,False
D1,48,28,2.839370987674039,False
D1,48,29,1.8970652216995953,False
D1,48,30,1.1743438393124774,False
D1,48,31,0.8575760260847536,False
D1,48,32,2.9862874522016756,False
D1,48,33,1.3438757864567583,False
D1,48,34,0.7780791122324553,False
D1,48,35,1.4602935605683118,False
D1,48,36,2.436813597684497,False
D1,48,37,1.547225717160534,False
D1,48,38,1.5977627959323857,False
D1,48,39,1.747854982888391,False
D1,48,40,1.211544728080124,False
D1,48,41,1.2320338734946576,False
D1,48,42,1.5347894664249258,False
D1,48,43,2.319163446794541,False
D1,48,44,0.8127112326118803,False
D1,48,45,0.9942158580495013,False
D1,48,46,0.8954332465844551,False
D1,48,47,0.7510122916873286,False
D1,48,48,0.7413963468888731,False
D1,48,49,0.9597921839981324,False
D1,48,50,0.7820294626667235,False
D1,48,51,2.256465302256203,False
D1,48,52,0.6921373799412032,False
D1,48,53,1.6620168845865755,False
D1,48,54,0.8537140667539922,False
D1,48,55,1.0819828801108717,False
D1,48,56,1.4638077545043142,False
D1,48,57,1.110677193272272,False
D1,48,58,1.8481541770805174,False
D1,48,59,1.367010844113189,False
D1,48,60,1.0798659545572327,False
D1,48,61,1.3995448675617241,False
D1,48,62,1.7736987853716037,False
D1,48,63,2.115959502546237,False
D1,48,64,0.8400381588530376,False
D1,48,65,0.6446117806389559,False
D1,48,66,1.8148741624491862,False
D1,48,67,1.1523812026604259,False
D1,48,68,0.440008841995392,False
D1,48,69,0.7902914979010127,False
D1,48,70,0.9750549888831518,False
D1,48,71,1.2504901918727591,False
D1,48,72,0.9014913699213832,False
D1,48,73,1.0537501549043746,False
D1,48,74,1.1492501698047246,False
D1,48,75,1.4638832202460261,False
D1,48,76,2.5905455870059977,False
D1,48,77,1.495444689294576,False
D1,48,78,0.835694704094103,False
D1,48,79,1.4231703715099682,False
D1,48,80,0.7836717512551895,False
D1,48,81,0.9943559404403451,False
D1,48,82,3.0382181083822886,False
D1,48,83,2.126128861112424,False
D1,48,84,0.9373276681842868,False
D1,48,85,1.3074236805844581,False
D1,48,86,0.8794882277053462,False
D1,48,87,1.5569301919187204,False
D1,48,88,2.005610890297851,False
D1,48,89,0.7368856637235872,False
D1,48,90,0.6402711617890257,False
D1,48,91,0.7836778615808055,False
D1,48,92,1.6214870216730761,False
D1,48,93,2.444399299969741,False
D1,48,94,1.0974244549116903,False
D1,48,95,1.481012963170754,False
D1,48,96,1.065754037926141,False
D1,48,97,1.4509667661598238,False
D1,48,98,1.680111793070656,False
D1,48,99,1.7853524399892884,False
D1,48,100,1.1128400454243896,False
D1,48,101,1.2722583903561058,False
D1,48,102,0.8264236922076901,False
D1,48,103,1.3742142649424094,False
D1,48,104,1.7192469951223714,False
D1,48,105,1.3342282597945507,False
D1,48,106,1.0270710722358132,False
D1,48,107,0.5391913212268523,False
D1,48,108,1.3771452054428348,False
D1,48,109,1.0118969844921442,False
D1,48,110,0.6346086103311767,False
D1,48,111,0.73675522891488,False
D1,48,112,1.9757717992035233,False
D1,48,113,1.5385291722757242,False
D1,48,114,1.3393813024317092,False
D1,48,115,0.8115115795122532,False
D1,48,116,1.3737693214295803,False
D1,48,117,0.8394461861844912,False
D1,48,118,1.2919413403646658,False
D1,48,119,0.6664617391091886,False
D1,48,120,1.7232991697686526,False
D1,48,121,1.3739235288366025,False
D1,48,122,2.0056092066090425,False
D1,48,123,0.8480934255243506,False
D1,48,124,0.7689947841317044,False
D1,48,125,0.8725799511301683,False
D1,48,126,1.0124333300227752,False
D1,48,127,1.3169382239519598,False
D1,48,128,1.2491858494475732,False
D1,48,129,1.2828816305629043,False
D1,48,130,1.141379410614902,False
D1,48,131,1.5729546349012702,False
D1,48,132,0.7860523905534572,False
D1,48,133,1.1503610218660474,False
D1,48,134,1.7588466931419129,False
D1,48,135,1.235096942049314,False
D1,48,136,0.9579344926528734,False
D1,48,137,1.5054051450122716,False
D1,48,138,1.1470558543622595,False
D1,48,139,1.6863211498858122,False
D1,48,140,0.719424097474508,False
D1,48,141,0.956545013840695,False
D1,48,142,1.3769514409071233,False
D1,48,143,1.02821183998186,False
D1,48,144,1.8381602466835079,False
D1,48,145,1.1348141427289637,False
D1,48,146,1.8115116764416375,False
D1,48,147,0.7209145218817282,False
D1,48,148,1.083310488148504,False
D1,48,149,1.7860841524129554,False
D1,48,150,0.6623913060303857,False
D1,48,151,3.1879469742632414,False
D1,48,152,2.284014639650801,False
D1,48,153,1.0872673624961233,False
D1,48,154,0.8739062126193228,False
D1,48,155,0.7250001166960943,False
D1,48,156,1.4309356690301873,False
D1,48,157,1.463750318720944,False
D1,48,158,0.9733594088906004,False
D1,48,159,1.3207408249563086,False
D1,48,160,1.1046811094980877,False
D1,48,161,0.6348997892921987,False
D1,48,162,1.1345608066646125,False
D1,48,163,1.1249540140245218,False
D1,48,164,1.472198420015456,False
D1,48,165,1.0105876368355335,False
D1,48,166,0.5336806346592796,False
D1,48,167,0.847834694580553,False
D1,48,168,1.8384762521610463,False
D1,48,169,1.169624504603684,False
D1,48,170,2.2977025510313025,False
D1,48,171,1.1994251225668993,False
D1,48,172,1.2496212809247949,False
D1,48,173,1.0075803789213313,False
D1,48,174,0.9613282514348824,False
D1,48,175,0.7089662245105958,False
D1,48,176,1.0643384752824199,False
D1,48,177,1.1286947986802844,False
D1,48,178,1.0743829825688307,False
D1,48,179,1.252917791978514,False
D1,48,180,1.1569799380749666,False
D1,48,181,1.0006723763941745,False
D1,48,182,1.2828278780660867,False
D1,48,183,1.5174094529816617,False
D1,48,184,0.6377875965667669,False
D1,48,185,1.2158056345452368,False
D1,48,186,0.9768484161524171,False
D1,48,187,1.5948573267802795,False
D1,48,188,0.9922527369138621,False
D1,48,189,0.9787779774408193,False
D1,48,190,1.4765582391251793,False
D1,48,191,0.7883051330103343,False
D1,48,192,2.197894125073221,False
D1,48,193,2.4868734847610763,False
D1,48,194,1.5897535297170298,False
D1,48,195,1.5138191087708612,False
D1,48,196,1.1824609051750925,False
D1,48,197,1.308419194420216,False
D1,48,198,1.362692048924799,False
D1,48,199,2.4192575237501757,False
D1,96,0,1.4984334465106701,False
D1,96,1,0.8032134263508496,False
D1,96,2,1.1301354559740535,False
D1,96,3,1.2826092850836694,False
D1,96,4,1.053526124629869,False
D1,96,5,0.9890745206294389,False
D1,96,6,1.063284357027464,False
D1,96,7,2.2959260119937026,False
D1,96,8,1.0846905750877474,False
D1,96,9,1.730537735471598,False
D1,96,10,1.872190827442117,False
D1,96,11,1.2486018104077985,False
D1,96,12,0.8311909425449909,False
D1,96,13,1.508832008452302,False
D1,96,14,0.8112939683174485,False
D1,96,15,1.3382934304387157,False
D1,96,16,0.7166434129258056,False
D1,96,17,0.7129681041377179,False
D1,96,18,0.6904189197988883,False
D1,96,19,0.8137736781171573,False
D1,96,20,0.6005683588056437,False
D1,96,21,1.0499028253396618,False
D1,96,22,2.2204271781656137,False
D1,96,23,1.5019298893456523,False
D1,96,24,1.1632304466706571,False
D1,96,25,0.7456184209447553,False
D1,96,26,1.546619870205809,False
D1,96,27,1.2914709709671013,False
D1,96,28,0.55221818326333,False
D1,96,29,0.9940937116539925,False
D1,96,30,1.388570616224926,False
D1,96,31,1.5977584638384352,False
D1,96,32,1.7988196677538284,False
D1,96,33,1.6824007341115117,False
D1,96,34,2.5603446571914024,False
D1,96,35,1.5762023565774246,False
D1,96,36,0.7642207916335845,False
D1,96,37,1.4011037948844516,False
D1,96,38,0.7965778666686507,False
D1,96,39,1.323431748006224,False
D1,96,40,0.9074715727774387,False
D1,96,41,0.8027110081747606,False
D1,96,42,1.1392037333086829,False
D1,96,43,0.854557924527169,False
D1,96,44,1.4323279271282252,False
D1,96,45,0.8282287374744232,False
D1,96,46,0.6206163247362787,False
D1,96,47,0.7252121171851429,False
D1,96,48,2.019148438287737,False
D1,96,49,1.2310070209213384,False
D1,96,50,1.1118872963655144,False
D1,96,51,1.2233517472494517,False
D1,96,52,1.26202670655118,False
D1,96,53,0.7305881244933057,False
D1,96,54,0.8627506814770904,False
D1,96,55,1.0062045482159487,False
D1,96,56,1.2988696556787127,False
D1,96,57,0.6321233072998937,False
D1,96,58,1.2135417610670656,False
D1,96,59,1.103744116407175,False
D1,96,60,0.937362543510562,False
D1,96,61,1.0506705947322048,False
D1,96,62,1.2784762399482297,False
D1,96,63,1.288993991654453,False
D1,96,64,0.69579219478081,False
D1,96,65,1.4736470369060557,False
D1,96,66,1.2982328254807798,False
D1,96,67,1.5313826014259135,False
D1,96,68,0.6959364439409091,False
D1,96,69,1.375815016685525,False
D1,96,70,1.4206711730147596,False
D1,96,71,1.6806105017045558,False
D1,96,72,0.8558138025730532,False
D1,96,73,1.0307509079551849,False
D1,96,74,1.1932623246134335,False
D1,96,75,1.188696658627269,False
D1,96,76,1.2389388560604586,False
D1,96,77,1.8286306937263022,False
D1,96,78,0.7354597745703458,False
D1,96,79,1.2303789170127908,False
D1,96,80,1.1982145735368934,False
D1,96,81,1.1116028314437674,False
D1,96,82,1.7759475024045313,False
D1,96,83,1.4166138856659214,False
D1,96,84,1.600365274440022,False
D1,96,85,1.6294894866596985,False
D1,96,86,2.138155503413512,False
D1,96,87,0.9532367967235253,False
D1,96,88,1.4127338913167116,False
D1,96,89,1.2342723702975555,False
D1,96,90,0.995480774611509,False
D1,96,91,0.950840004362647,False
D1,96,92,1.2118241355721553,False
D1,96,93,1.430892656133871,False
D1,96,94,0.6683731276443903,False
D1,96,95,1.1001840294090919,False
D1,96,96,1.3263247414062953,False
D1,96,97,1.4807464515921767,False
D1,96,98,1.649572052448479,False
D1,96,99,1.798475784062713,False
D1,96,100,1.0431307926545639,False
D1,96,101,1.1848760575239987,False
D1,96,102,0.8425637589168411,False
D1,96,103,2.0904382780594313,False
D1,96,104,1.0418893965417022,False
D1,96,105,0.8932173136586212,False
D1,96,106,1.2047393309129244,False
D1,96,107,2.699565847877333,False
D1,96,108,1.3661598950252372,False
D1,96,109,1.7161212785898592,False
D1,96,110,1.0656170489118484,False
D1,96,111,1.2060522084775713,False
D1,96,112,1.0555899966339477,False
D1,96,113,0.8248749682770984,False
D1,96,114,0.6259533470382931,False
D1,96,115,2.348639219596674,False
D1,96,116,0.7789895273629607,False
D1,96,117,1.2952398216579386,False
D1,96,118,1.2980243439770927,False
D1,96,119,1.026828563608216,False
D1,96,120,1.0359031619286256,False
D1,96,121,1.5980789902094017,False
D1,96,122,1.2533179597011213,False
D1,96,123,1.3590108203669253,False
D1,96,124,1.5264410051120847,False
D1,96,125,1.5448147826548666,False
D1,96,126,0.6700539633025266,False
D1,96,127,1.6997024427874272,False
D1,96,128,1.1836896556557401,False
D1,96,129,1.6318635016557952,False
D1,96,130,1.0004192214974308,False
D1,96,131,0.6735178137328824,False
D1,96,132,0.8278444971114839,False
D1,96,133,0.6828091021134551,False
D1,96,134,0.7918449127462834,False
D1,96,135,1.1993518434180532,False
D1,96,136,0.8704436880114977,False
D1,96,137,1.0060185731594178,False
D1,96,138,0.9604674033404533,False
D1,96,139,1.067566896739878,False
D1,96,140,1.1359576340754522,False
D1,96,141,1.3030847613150698,False
D1,96,142,1.2582224047960278,False
D1,96,143,1.6446322236843438,False
D1,96,144,1.693837614771957,False
D1,96,145,1.2083066692230133,False
D1,96,146,1.898382572343152,False
D1,96,147,1.0477219408968657,False
D1,96,148,1.1965242584223101,False
D1,96,149,0.8605445687382423,False
D1,96,150,0.9563282186168454,False
D1,96,151,1.8373824235470466,False
D1,96,152,0.9696727460589143,False
D1,96,153,1.574337471034587,False
D1,96,154,1.081709322055316,False
D1,96,155,1.644257801290929,False
D1,96,156,1.3722690548545362,False
D1,96,157,1.5003693431111402,False
D1,96,158,1.2802834678890587,False
D1,96,159,0.9295729163565956,False
D1,96,160,0.753370314484246,False
D1,96,161,0.7582282490020809,False
D1,96,162,0.8501838688029558,False
D1,96,163,1.7852234250136216,False
D1,96,164,0.6261085280541546,False
D1,96,165,2.253800309665155,False
D1,96,166,0.8443541214515431,False
D1,96,167,1.5860726271327208,False
D1,96,168,2.21381056128287,False
D1,96,169,1.51182828884396,False
D1,96,170,3.0497800871627083,False
D1,96,171,0.9649856908081828,False
D1,96,172,1.8887170896089025,False
D1,96,173,0.6704492401106634,False
D1,96,174,2.397120244915678,False
D1,96,175,1.4483883238433344,False
D1,96,176,1.0344466105577816,False
D1,96,177,1.4931901333922561,False
D1,96,178,0.9191556225349574,False
D1,96,179,1.5344091245198557,False
D1,96,180,1.6735882151998276,False
D1,96,181,0.998657584227617,False
D1,96,182,0.5876527688027458,False
D1,96,183,1.0452866896869402,False
D1,96,184,1.195844295805137,False
D1,96,185,1.3648040390839935,False
D1,96,186,0.9637670623505653,False
D1,96,187,2.056596866846065,False
D1,96,188,1.4563970091601304,False
D1,96,189,1.2711098504240366,False
D1,96,190,0.8626431779489502,False
D1,96,191,1.8071971791196362,False
D1,96,192,0.8076952248553505,False
D1,96,193,1.5137305844548643,False
D1,96,194,0.48250372259870455,False
D1,96,195,1.192035665538548,False
D1,96,196,1.9184577111406882,False
D1,96,197,1.1908689789769333,False
D1,96,198,1.1232784551017418,False
D1,96,199,0.9461564410113252,False
D1,200,0,0.9700690831458967,False
D1,200,1,1.8074593474779101,False
D1,200,2,0.7181876936945124,False
D1,200,3,0.6753152890231865,False
D1,200,4,0.7740913712549329,False
D1,200,5,0.8060923571359785,False
D1,200,6,1.061310082705491,False
D1,200,7,1.6005179161006589,False
D1,200,8,1.1985000396860241,False
D1,200,9,1.3595178355623236,False
D1,200,10,0.8662245049736795,False
D1,200,11,0.917361686428524,False
D1,200,12,2.0850827787660156,False
D1,200,13,0.8044585581513275,False
D1,200,14,2.6740142761640064,False
D1,200,15,2.673161674749575,False
D1,200,16,1.3099497023100655,False
D1,200,17,1.3303489111543878,False
D1,200,18,1.7433061986717973,False
D1,200,19,1.4665511397629811,False
D1,200,20,1.1852772655497699,False
D1,200,21,0.9724619130958603,False
D1,200,22,2.2040679137550017,False
D1,200,23,1.3805032641700217,False
D1,200,24,1.3570317856381926,False
D1,200,25,0.6807553412770774,False
D1,200,26,0.8186777281512165,False
D1,200,27,0.7973780586476735,False
D1,200,28,0.8213800677510973,False
D1,200,29,0.8438655946406485,False
D1,200,30,1.345412325384176,False
D1,200,31,1.1539237849756463,False
D1,200,32,1.0120010601533171,False
D1,200,33,1.095564002527983,False
D1,200,34,0.6283104718458161,False
D1,200,35,1.5646032406342412,False
D1,200,36,1.7479872213909309,False
D1,200,37,0.7908291403030575,False
D1,200,38,1.1686728320099466,False
D1,200,39,0.8467836264515867,False
D1,200,40,1.1253362151519437,False
D1,200,41,1.1629477971644286,False
D1,200,42,1.1865343501372017,False
D1,200,43,0.8191087659444118,False
D1,200,44,1.2736268524818315,False
D1,200,45,1.0642164675034647,False
D1,200,46,1.1960658656113536,False
D1,200,47,1.0922046063868345,False
D1,200,48,1.6091046568406953,False
D1,200,49,0.6414419967329165,False
D1,200,50,1.2487238107512275,False
D1,200,51,1.150297756735366,False
D1,200,52,1.7591057457108767,False
D1,200,53,1.494475554789922,False
D1,200,54,1.272432218699759,False
D1,200,55,1.0697484453521349,False
D1,200,56,2.325846340932533,False
D1,200,57,0.8435973956622905,False
D1,200,58,1.5201176782571193,False
D1,200,59,2.570835210264717,False
D1,200,60,1.7389353427136693,False
D1,200,61,2.599315722814506,False
D1,200,62,2.325282173122364,False
D1,200,63,0.4762073319864505,False
D1,200,64,1.1564977037714834,False
D1,200,65,1.2147796713443662,False
D1,200,66,1.3036187249844053,False
D1,200,67,1.1441614017699717,False
D1,200,68,0.9765953192898248,False
D1,200,69,1.0353940942010367,False
D1,200,70,1.0083216615127282,False
D1,200,71,1.3781164986706638,False
D1,200,72,0.653787473675034,False
D1,200,73,1.3493742050695756,False
D1,200,74,0.7559765165416652,False
D1,200,75,1.7508717445945543,False
D1,200,76,0.8967343486830376,False
D1,200,77,1.6501775279333653,False
D1,200,78,1.2028808394145514,False
D1,200,79,2.2506665397662737,False
D1,200,80,1.5915950847457592,False
D1,200,81,0.765426974886942,False
D1,200,82,0.7503544163205654,False
D1,200,83,1.0509778313730762,False
D1,200,84,1.0561212752697402,False
D1,200,85,0.7670755473260782,False
D1,200,86,0.8469245837518372,False
D1,200,87,1.0357573568568625,False
D1,200,88,1.7330305607786898,False
D1,200,89,1.151404272798155,False
D1,200,90,0.6083097770574796,False
D1,200,91,1.412394601819071,False
D1,200,92,1.5122557492476878,False
D1,200,93,1.1585581784476509,False
D1,200,94,2.2278717075338488,False
D1,200,95,1.4335311896571947,False
D1,200,96,1.2481010091312128,False
D1,200,97,1.1423562137628602,False
D1,200,98,1.3978949641484275,False
D1,200,99,1.0243782332833413,False
D1,200,100,0.7170737329715166,False
D1,200,101,1.457179208111323,False
D1,200,102,1.8407084868112118,False
D1,200,103,1.568252557073709,False
D1,200,104,0.8307340055339124,False
D1,200,105,1.0638287903465522,False
D1,200,106,1.0123665863193092,False
D1,200,107,0.59224044891311,False
D1,200,108,0.4358103101719766,False
D1,200,109,1.2226780753000932,False
D1,200,110,1.2376156407544645,False
D1,200,111,1.2056251450669313,False
D1,200,112,1.8534127588388283,False
D1,200,113,1.511327967855125,False
D1,200,114,1.0336788106449328,False
D1,200,115,2.0052157162585935,False
D1,200,116,1.254180083872626,False
D1,200,117,0.8216173701613866,False
D1,200,118,1.0897537873781098,False
D1,200,119,1.7839956053883208,False
D1,200,120,1.2452163085308923,False
D1,200,121,0.7418348473713271,False
D1,200,122,0.8375116501944779,False
D1,200,123,0.9573673824986348,False
D1,200,124,0.7463132736773062,False
D1,200,125,1.3522655226008173,False
D1,200,126,1.72105612422193,False
D1,200,127,0.9588292284422503,False
D1,200,128,1.091821189575792,False
D1,200,129,1.066676595734108,False
D1,200,130,1.2536078535868735,False
D1,200,131,1.9852224641710825,False
D1,200,132,0.8216855979963907,False
D1,200,133,1.4699010685371692,False
D1,200,134,0.848221501297443,False
D1,200,135,0.6274886713091671,False
D1,200,136,0.7222269979443727,False
D1,200,137,1.410665604950657,False
D1,200,138,0.600514338281469,False
D1,200,139,1.2784199200243345,False
D1,200,140,1.8106826473443773,False
D1,200,141,1.3163735784466566,False
D1,200,142,1.1672467243038667,False
D1,200,143,0.9470438201686184,False
D1,200,144,1.0783732086774054,False
D1,200,145,1.178800497199324,False
D1,200,146,1.1252445850675035,False
D1,200,147,0.7407161241484603,False
D1,200,148,0.9992369790022223,False
D1,200,149,1.656768385986883,False
D1,200,150,0.8246946068520767,False
D1,200,151,1.0177293379287187,False
D1,200,152,1.2942400965778116,False
D1,200,153,1.3153917749439112,False
D1,200,154,0.7534596241073284,False
D1,200,155,1.8733810210758552,False
D1,200,156,1.2053321057379234,False
D1,200,157,1.2209924904216491,False
D1,200,158,1.047205777329433,False
D1,200,159,1.2203617486743195,False
D1,200,160,1.3231034305135778,False
D1,200,161,1.158820509835926,False
D1,200,162,0.829860086005151,False
D1,200,163,1.6044374568691953,False
D1,200,164,0.824958085107573,False
D1,200,165,1.222390882064654,False
D1,200,166,1.5494368435627122,False
D1,200,167,1.8901559896316704,False
D1,200,168,0.899617848863015,False
D1,200,169,1.1395482703705668,False
D1,200,170,2.2396422990953546,False
D1,200,171,1.1005663903022,False
D1,200,172,0.9135280664643504,False
D1,200,173,1.127638713562354,False
D1,200,174,1.4389740731990195,False
D1,200,175,1.2586104211204718,False
D1,200,176,1.2739968723312949,False
D1,200,177,1.2514063046833737,False
D1,200,178,1.3119136448189848,False
D1,200,179,0.8630036875053241,False
D1,200,180,1.0880751113080838,False
D1,200,181,0.6272802005341387,False
D1,200,182,1.027184336055872,False
D1,200,183,1.7520204570363453,False
D1,200,184,1.3959414826458056,False
D1,200,185,0.639718522157669,False
D1,200,186,1.3001909791307995,False
D1,200,187,0.7339624552821613,False
D1,200,188,1.226389043487192,False
D1,200,189,2.3132498799019228,False
D1,200,190,0.8057042815068651,False
D1,200,191,1.3302470954139094,False
D1,200,192,1.129506931013628,False
D1,200,193,1.0709583236464268,False
D1,200,194,1.1432589360142849,False
D1,200,195,1.0004288938550157,False
D1,200,196,1.229039494285573,False
D1,200,197,0.9254072456371341,False
D1,200,198,0.7849131164155976,False
D1,200,199,0.793456215170849,False
D2,24,0,1.7371230201543593,False
D2,24,1,1.6742790526758016,False
D2,24,2,2.5397962049096514,False
D2,24,3,2.0399508790993535,False
D2,24,4,1.0698113072312634,False
D2,24,5,0.7510972778650009,False
D2,24,6,1.7093271769450489,False
D2,24,7,0.7086883732355008,False
D2,24,8,0.9302312899494798,False
D2,24,9,0.9647540078593787,False
D2,24,10,0.7542275149275649,False
D2,24,11,1.596194379475817,False
D2,24,12,1.0678032922161766,False
D2,24,13,0.7043838774130999,False
D2,24,14,2.1624395189385837,False
D2,24,15,2.8634584538951837,False
D2,24,16,1.048149145344852,False
D2,24,17,1.3637738866328173,False
D2,24,18,0.8151820645832969,False
D2,24,19,2.3320204453711404,False
D2,24,20,0.5916446467363629,False
D2,24,21,1.7352457307597764,False
D2,24,22,1.7784056529615173,False
D2,24,23,1.4105008257646277,False
D2,24,24,1.770928174330427,False
D2,24,25,0.9796789061089686,False
D2,24,26,1.700776859714539,False
D2,24,27,1.4067915419057289,False
D2,24,28,0.6160451657332724,False
D2,24,29,1.9963020711104251,False
D2,24,30,0.9867185561570239,False
D2,24,31,1.527826704267223,False
D2,24,32,1.4883536976515799,False
D2,24,33,1.0007909520986575,False
D2,24,34,2.0470441353490547,False
D2,24,35,1.5056610419485104,False
D2,24,36,1.7613651548287779,False
D2,24,37,1.5651546446119855,False
D2,24,38,1.5286675092170532,False
D2,24,39,1.5909582315740243,False
D2,24,40,1.3206280786296143,False
D2,24,41,1.2590393691402033,False
D2,24,42,1.027491918571017,False
D2,24,43,3.556974989203831,False
D2,24,44,1.4015263542177208,False
D2,24,45,3.5784049551535957,False
D2,24,46,0.8170656506516016,False
D2,24,47,1.0476283466907588,False
D2,24,48,0.6742179403190961,False
D2,24,49,0.8161927642263217,False
D2,24,50,1.1144100329748858,False
D2,24,51,1.018635089188407,False
D2,24,52,1.3012542855736224,False
D2,24,53,0.879880501353694,False
D2,24,54,1.8573047204967685,False
D2,24,55,1.006252407555321,False
D2,24,56,1.6497330475189937,False
D2,24,57,1.1676679513397281,False
D2,24,58,1.2116342029923517,False
D2,24,59,1.719908920065783,False
D2,24,60,0.9058466031154893,False
D2,24,61,2.3838492262610513,False
D2,24,62,1.4547760845751025,False
D2,24,63,1.75861518929036,False
D2,24,64,1.6883076794097447,False
D2,24,65,2.1685134505603534,False
D2,24,66,1.6737928874745536,False
D2,24,67,1.3368156378278333,False
D2,24,68,1.4708858307579975,False
D2,24,69,0.6683839279359773,False
D2,24,70,2.8446494834964957,False
D2,24,71,1.449245872901571,False
D2,24,72,2.651820276940608,False
D2,24,73,2.2882066440970936,False
D2,24,74,0.7963070846464682,False
D2,24,75,0.6934724782973265,False
D2,24,76,1.783044690499897,False
D2,24,77,0.9082038213114543,False
D2,24,78,1.859220322659676,False
D2,24,79,1.2804569915311108,False
D2,24,80,1.9306314424130366,False
D2,24,81,0.7166239675362623,False
D2,24,82,1.2096638861848699,False
D2,24,83,0.9150229367907289,False
D2,24,84,2.608450943881833,False
D2,24,85,2.6984639709656446,False
D2,24,86,1.7855124533044509,False
D2,24,87,1.5653157851886945,False
D2,24,88,1.4197817291324646,False
D2,24,89,1.279795644559365,False
D2,24,90,1.430904856117493,False
D2,24,91,1.519714769025488,False
D2,24,92,1.5932460026941577,False
D2,24,93,1.4835836650725256,False
D2,24,94,1.8819780205660155,False
D2,24,95,0.867396995377568,False
D2,24,96,1.763352427202489,False
D2,24,97,1.0558590363570932,False
D2,24,98,1.4710232054065444,False
D2,24,99,1.9304694669983875,False
D2,24,100,1.5226183702873937,False
D2,24,101,0.7329456910149104,False
D2,24,102,2.365920405127693,False
D2,24,103,1.554051303764704,False
D2,24,104,1.0058602436694841,False
D2,24,105,1.0163663238751113,False
D2,24,106,1.5736265249277714,False
D2,24,107,0.8956970902849872,False
D2,24,108,0.9809075534429278,False
D2,24,109,2.432847812425865,False
D2,24,110,3.8859285512152213,False
D2,24,111,0.890935231155888,False
D2,24,112,2.2728030305856266,False
D2,24,113,1.8648837849666773,False
D2,24,114,1.4270802919642058,False
D2,24,115,1.9092800417888254,False
D2,24,116,3.5093976535462894,False
D2,24,117,1.184345514179438,False
D2,24,118,1.6269721008015723,False
D2,24,119,0.7944674408882014,False
D2,24,120,0.6644061711575815,False
D2,24,121,1.541789799013666,False
D2,24,122,1.0160364849666943,False
D2,24,123,1.0925793736341824,False
D2,24,124,2.566256663620316,False
D2,24,125,1.1414735380895769,False
D2,24,126,1.0841832220902734,False
D2,24,127,1.7399113230235235,False
D2,24,128,0.797883358909695,False
D2,24,129,0.7436085584008572,False
D2,24,130,1.7708742363656105,False
D2,24,131,1.8459157351455293,False
D2,24,132,1.408290038097504,False
D2,24,133,2.0184542351479293,False
D2,24,134,1.3022725071059087,False
D2,24,135,3.6464110609906952,False
D2,24,136,2.1402418159125984,False
D2,24,137,3.5548037693547854,False
D2,24,138,1.2045833207543346,False
D2,24,139,2.3675606224810513,False
D2,24,140,1.3115570631896094,False
D2,24,141,0.8947531222561511,False
D2,24,142,0.8423521308479058,False
D2,24,143,0.8245698566554079,False
D2,24,144,0.9344307749885153,False
D2,24,145,2.962945584342793,False
D2,24,146,0.9936272554110505,False
D2,24,147,1.6243587388765408,False
D2,24,148,2.127913479802765,False
D2,24,149,1.887422810551387,False
D2,24,150,1.755864557959072,False
D2,24,151,1.390644258341479,False
D2,24,152,1.0608882894632514,False
D2,24,153,0.7675694257378568,False
D2,24,154,1.6019843506013824,False
D2,24,155,1.9602274707141125,False
D2,24,156,1.711245416540204,False
D2,24,157,0.9862535320215156,False
D2,24,158,1.5992372736219536,False
D2,24,159,2.4028109690807704,False
D2,24,160,1.6511072938488378,False
D2,24,161,1.4880327845051586,False
D2,24,162,1.303328875352677,False
D2,24,163,2.8918381024334257,False
D2,24,164,1.642397464209,False
D2,24,165,1.8678245675620073,False
D2,24,166,0.9376481516159084,False
D2,24,167,1.7214247492318941,False
D2,24,168,1.224511560092297,False
D2,24,169,1.5800505831073663,False
D2,24,170,2.5268702673418226,False
D2,24,171,1.456452462194565,False
D2,24,172,1.1721124945916446,False
D2,24,173,0.5303726150009679,False
D2,24,174,1.432837612506957,False
D2,24,175,2.6081586407720034,False
D2,24,176,1.483890104250561,False
D2,24,177,2.5954624133991553,False
D2,24,178,2.107574517904763,False
D2,24,179,1.6758285334569363,False
D2,24,180,2.1685448377269467,False
D2,24,181,1.1223673357758066,False
D2,24,182,1.6288274272538261,False
D2,24,183,1.7605838507149776,False
D2,24,184,1.8688097934411612,False
D2,24,185,1.9905727934561483,False
D2,24,186,1.522787355136956,False
D2,24,187,1.1588926938952515,False
D2,24,188,0.6804700606680588,False
D2,24,189,1.2673818862884167,False
D2,24,190,2.192658736891338,False
D2,24,191,0.7620882339705043,False
D2,24,192,0.8764490554950823,False
D2,24,193,3.615242730698265,False
D2,24,194,1.4386821321112746,False
D2,24,195,0.8533695324450701,False
D2,24,196,1.6804917308276446,False
D2,24,197,1.3893398295108854,False
D2,24,198,0.8606800015514995,False
D2,24,199,1.209144740537921,False
D2,48,0,2.1759564741473456,False
D2,48,1,1.206460764484527,False
D2,48,2,1.7353433095710593,False
D2,48,3,1.480425205000421,False
D2,48,4,1.5823363841217155,False
D2,48,5,1.497150464403062,False
D2,48,6,0.8937597342577329,False
D2,48,7,1.902590358709562,False
D2,48,8,1.692298851939811,False
D2,48,9,1.4438992628150702,False
D2,48,10,1.1415393767457935,False
D2,48,11,1.4444106093873175,False
D2,48,12,1.3105235780164182,False
D2,48,13,0.6588667033280023,False
D2,48,14,1.0735295332329795,False
D2,48,15,1.6426291434289957,False
D2,48,16,1.5162727877706588,False
D2,48,17,0.769760627037773,False
D2,48,18,0.6962023212497905,False
D2,48,19,0.7693550629534867,False
D2,48,20,2.703060682666096,False
D2,48,21,1.1304981993485743,False
D2,48,22,2.11667248909186,False
D2,48,23,2.695512153866476,False
D2,48,24,1.166197736623168,False
D2,48,25,1.362383100982497,False
D2,48,26,1.2712856072786316,False
D2,48,27,1.1129120561123969,False
D2,48,28,1.541485846510685,False
D2,48,29,0.9199797753945025,False
D2,48,30,1.9746006754003833,False
D2,48,31,1.5125637362861712,False
D2,48,32,1.3415595554805597,False
D2,48,33,0.998116885101296,False
D2,48,34,1.8883639001109112,False
D2,48,35,1.5887822783338206,False
D2,48,36,2.0027036183916445,False
D2,48,37,1.0412538533625588,False
D2,48,38,1.4544870552751692,False
D2,48,39,1.4393905990770106,False
D2,48,40,1.285163692305349,False
D2,48,41,1.2329940390088419,False
D2,48,42,1.2887420874629694,False
D2,48,43,1.1344480625037963,False
D2,48,44,1.160038620440954,False
D2,48,45,2.655987312234633,False
D2,48,46,1.429071534756799,False
D2,48,47,1.5457969035301724,False
D2,48,48,1.2561325128109073,False
D2,48,49,0.9249790980850366,False
D2,48,50,0.974498471103688,False
D2,48,51,1.4075544745130875,False
D2,48,52,1.3827257726823687,False
D2,48,53,0.7515321356587926,False
D2,48,54,0.808956799611925,False
D2,48,55,0.7017335411385104,False
D2,48,56,0.672944030965242,False
D2,48,57,1.5419094872243342,False
D2,48,58,2.0152638686251914,False
D2,48,59,2.201106679223693,False
D2,48,60,1.0017159370182778,False
D2,48,61,0.8555435451220054,False
D2,48,62,0.9557330042884893,False
D2,48,63,1.6537186388985545,False
D2,48,64,1.253562441582619,False
D2,48,65,1.1895093939499952,False
D2,48,66,0.6712830698812654,False
D2,48,67,1.2308740543802978,False
D2,48,68,1.4769765916254127,False
D2,48,69,0.9200757075078541,False
D2,48,70,1.1132829419874717,False
D2,48,71,1.2568135946691013,False
D2,48,72,1.8076289575028073,False
D2,48,73,1.3971315524186423,False
D2,48,74,1.7950784707177516,False
D2,48,75,1.1416500554515412,False
D2,48,76,1.0921631044603484,False
D2,48,77,0.8301572865421649,False
D2,48,78,2.0494759050973568,False
D2,48,79,1.9365094735920434,False
D2,48,80,1.4541220522562834,False
D2,48,81,0.5662584120225651,False
D2,48,82,2.282606609400845,False
D2,48,83,1.7563036432674886,False
D2,48,84,1.1100102989232836,False
D2,48,85,1.6260357467529505,False
D2,48,86,1.1355070215333887,False
D2,48,87,1.2939952048254328,False
D2,48,88,1.4644181085270918,False
D2,48,89,1.42982898449812,False
D2,48,90,1.1416631010066736,False
D2,48,91,1.6741783601320044,False
D2,48,92,1.8063063952778542,False
D2,48,93,0.9399975650220117,False
D2,48,94,1.4163515353825982,False
D2,48,95,0.8207861184737221,False
D2,48,96,0.9012735161265139,False
D2,48,97,0.9262962888984807,False
D2,48,98,1.4013153860949545,False
D2,48,99,2.1107227146079657,False
D2,48,100,0.8701438044544337,False
D2,48,101,1.1560772802524562,False
D2,48,102,2.258183567277531,False
D2,48,103,0.8035025259847941,False
D2,48,104,1.3289420905595815,False
D2,48,105,2.358686074090782,False
D2,48,106,1.3421319641011251,False
D2,48,107,1.709684498373017,False
D2,48,108,0.8119307128070512,False
D2,48,109,1.585957763569666,False
D2,48,110,1.4773115271834003,False
D2,48,111,1.6196941016454756,False
D2,48,112,0.7100563869771105,False
D2,48,113,2.1023070675831965,False
D2,48,114,2.5670647762733427,False
D2,48,115,1.8960658930543708,False
D2,48,116,1.9225546551004447,False
D2,48,117,1.293666421092261,False
D2,48,118,1.3463895183590273,False
D2,48,119,1.5509332527386723,False
D2,48,120,1.4312589961620106,False
D2,48,121,1.02892990330763,False
D2,48,122,2.0156400721862657,False
D2,48,123,0.7749117558417943,False
D2,48,124,2.16138943139334,False
D2,48,125,0.7833512329716591,False
D2,48,126,1.6747343716554277,False
D2,48,127,1.3289278314154713,False
D2,48,128,0.7054838336427939,False
D2,48,129,1.3960824740737539,False
D2,48,130,1.0826446129078526,False
D2,48,131,1.2386643647471016,False
D2,48,132,1.1361230402965288,False
D2,48,133,2.2620213757962686,False
D2,48,134,1.2094240968682068,False
D2,48,135,1.302258865226177,False
D2,48,136,0.9735864231442807,False
D2,48,137,1.976372344787918,False
D2,48,138,3.5453128691112994,False
D2,48,139,1.1151723727920244,False
D2,48,140,1.428006532589988,False
D2,48,141,0.9491427403768309,False
D2,48,142,1.522916528508641,False
D2,48,143,1.4650819223836196,False
D2,48,144,1.246764121193363,False
D2,48,145,1.4879605349422151,False
D2,48,146,1.2130603805282614,False
D2,48,147,1.3189392730664191,False
D2,48,148,0.8135178297994683,False
D2,48,149,1.5130963480898592,False
D2,48,150,3.7798023241094345,False
D2,48,151,1.1819039825166828,False
D2,48,152,2.32041627572694,False
D2,48,153,1.9039734801316262,False
D2,48,154,1.1010181584000631,False
D2,48,155,2.4268497661983175,False
D2,48,156,1.3290510494168957,False
D2,48,157,2.064351664554124,False
D2,48,158,1.4522502364874161,False
D2,48,159,2.0348438636323207,False
D2,48,160,1.0364657092517904,False
D2,48,161,1.2049524018468563,False
D2,48,162,1.7785830619283107,False
D2,48,163,1.8945578226519282,False
D2,48,164,2.07661140014576,False
D2,48,165,1.0400054017931368,False
D2,48,166,1.7570550709687953,False
D2,48,167,0.938527375060251,False
D2,48,168,1.8380737776392277,False
D2,48,169,1.7782208621320965,False
D2,48,170,1.829131680447555,False
D2,48,171,2.2213199676024686,False
D2,48,172,3.3869645597012883,False
D2,48,173,1.153109191317943,False
D2,48,174,1.154641047059841,False
D2,48,175,1.3047764769863484,False
D2,48,176,0.8198518038977377,False
D2,48,177,0.9442588287046957,False
D2,48,178,1.2351399686539064,False
D2,48,179,1.2481944255948552,False
D2,48,180,1.3877485781564158,False
D2,48,181,1.5027191079185989,False
D2,48,182,1.364244447597728,False
D2,48,183,0.9873975597521122,False
D2,48,184,2.0406263307749204,False
D2,48,185,0.5695178819552366,False
D2,48,186,1.1515266090417786,False
D2,48,187,1.4793999093709516,False
D2,48,188,2.951144156804418,False
D2,48,189,1.1350177755490838,False
D2,48,190,1.574637643278388,False
D2,48,191,0.9894030496177386,False
D2,48,192,0.9684439714834501,False
D2,48,193,1.529299106834594,False
D2,48,194,1.5003474728652126,False
D2,48,195,2.3735975576570985,False
D2,48,196,1.2259117512018294,False
D2,48,197,1.5896041904717615,False
D2,48,198,2.0089417627319484,False
D2,48,199,0.9948892764888373,False
D2,96,0,0.837457444103119,False
D2,96,1,1.6172929936479103,False
D2,96,2,1.8411890132925715,False
D2,96,3,0.6504102590039322,False
D2,96,4,1.5373534133824598,False
D2,96,5,1.6059303473721682,False
D2,96,6,1.791852169252784,False
D2,96,7,1.4818366673767525,False
D2,96,8,1.696027299659028,False
D2,96,9,0.6907886415384414,False
D2,96,10,1.6647132086331626,False
D2,96,11,1.5354127061591571,False
D2,96,12,1.538126459745588,False
D2,96,13,0.966625779900189,False
D2,96,14,1.2228587546079515,False
D2,96,15,1.643775658445263,False
D2,96,16,1.953090850416816,False
D2,96,17,1.181265348009855,False
D2,96,18,1.6934030904250932,False
D2,96,19,0.629350105032153,False
D2,96,20,2.048574758902639,False
D2,96,21,1.4622330641750745,False
D2,96,22,1.469406754884143,False
D2,96,23,1.5878900421037838,False
D2,96,24,0.693120937891248,False
D2,96,25,1.1628160233460672,False
D2,96,26,1.718316947560203,False
D2,96,27,1.4948641104730636,False
D2,96,28,1.1499951226244471,False
D2,96,29,1.6719963529915651,False
D2,96,30,1.4426706916546814,False
D2,96,31,1.8820446333343017,False
D2,96,32,2.3890820571608535,False
D2,96,33,1.3271648022949105,False
D2,96,34,1.8499370863199396,False
D2,96,35,1.739836306631107,False
D2,96,36,1.1054258132528005,False
D2,96,37,1.4094458924038078,False
D2,96,38,1.3554970000504065,False
D2,96,39,1.1100310486871678,False
D2,96,40,0.9385526867317153,False
D2,96,41,0.49774471117396263,False
D2,96,42,1.8584693943971282,False
D2,96,43,1.3448636986958284,False
D2,96,44,0.9062187283452864,False
D2,96,45,1.1054838626435959,False
D2,96,46,2.799284183579478,False
D2,96,47,1.4278036248528836,False
D2,96,48,1.0085456886969135,False
D2,96,49,0.6795924954919506,False
D2,96,50,1.0398076693004725,False
D2,96,51,0.9454930578407069,False
D2,96,52,1.7328435507415096,False
D2,96,53,0.9868924765919224,False
D2,96,54,2.1285425858630456,False
D2,96,55,2.745364159424541,False
D2,96,56,1.8103466710647673,False
D2,96,57,1.3529843429724768,False
D2,96,58,1.4214491514057153,False
D2,96,59,1.3218744380557181,False
D2,96,60,1.337938823949104,False
D2,96,61,1.2880035839667012,False
D2,96,62,1.9685921725361597,False
D2,96,63,1.5777308899405438,False
D2,96,64,1.619564405378178,False
D2,96,65,1.9747638863987496,False
D2,96,66,1.214504597983335,False
D2,96,67,1.9176596187091999,False
D2,96,68,2.4257811860938703,False
D2,96,69,1.600651116257175,False
D2,96,70,3.3891137645909133,False
D2,96,71,1.6285181992137368,False
D2,96,72,1.3987694944010218,False
D2,96,73,2.02906783285515,False
D2,96,74,1.5063641406850583,False
D2,96,75,0.658783558029305,False
D2,96,76,0.6413061689776826,False
D2,96,77,0.7645809021366968,False
D2,96,78,1.5740880052631856,False
D2,96,79,1.5654083633344467,False
D2,96,80,1.854956623692816,False
D2,96,81,1.4605757039433773,False
D2,96,82,0.6709462806350808,False
D2,96,83,0.7409922956634559,False
D2,96,84,1.4251680113472613,False
D2,96,85,1.4975452011626322,False
D2,96,86,1.123713395559667,False
D2,96,87,1.1193747280130575,False
D2,96,88,0.9851873649336573,False
D2,96,89,1.4444997257711998,False
D2,96,90,1.9440137371329944,False
D2,96,91,1.5262891268693717,False
D2,96,92,1.2199580448676517,False
D2,96,93,1.1975922033086215,False
D2,96,94,1.0017759823970893,False
D2,96,95,1.5405374000457066,False
D2,96,96,1.3078401130176438,False
D2,96,97,1.8185093087130342,False
D2,96,98,0.7430795215055076,False
D2,96,99,0.6987110052119273,False
D2,96,100,1.7529805528871345,False
D2,96,101,1.046439344361545,False
D2,96,102,0.9886421462629232,False
D2,96,103,1.493957195527524,False
D2,96,104,1.066286182513038,False
D2,96,105,0.8856855134837589,False
D2,96,106,1.5118446800280265,False
D2,96,107,2.279830192170747,False
D2,96,108,1.3671486925880547,False
D2,96,109,0.9974591549116156,False
D2,96,110,0.9776484291826172,False
D2,96,111,1.1939060725865385,False
D2,96,112,1.5280251341154274,False
D2,96,113,1.3732678330315158,False
D2,96,114,1.2066876531350281,False
D2,96,115,1.6995767501041108,False
D2,96,116,1.7235691363301702,False
D2,96,117,1.6897130396155282,False
D2,96,118,1.5599303804924216,False
D2,96,119,1.3737156886998556,False
D2,96,120,1.371835613375701,False
D2,96,121,0.7627533374127633,False
D2,96,122,1.9348724625121916,False
D2,96,123,0.9586285995764873,False
D2,96,124,1.9596635194342087,False
D2,96,125,1.6456399213145219,False
D2,96,126,0.8293294390827292,False
D2,96,127,1.368259374449021,False
D2,96,128,1.0924842155446963,False
D2,96,129,2.0872286590083933,False
D2,96,130,1.7739725887979942,False
D2,96,131,0.8579660516414378,False
D2,96,132,1.2503676102997272,False
D2,96,133,0.706514895836202,False
D2,96,134,1.0909925629508017,False
D2,96,135,1.781325661747719,False
D2,96,136,0.8418918320290404,False
D2,96,137,1.7410885755070644,False
D2,96,138,1.3138909863157702,False
D2,96,139,1.0430096575297039,False
D2,96,140,1.8884813209470739,False
D2,96,141,0.9276346707653844,False
D2,96,142,1.711241081021021,False
D2,96,143,1.7428438959692505,False
D2,96,144,1.2055226674823016,False
D2,96,145,1.2558217407403798,False
D2,96,146,1.3845535114607357,False
D2,96,147,1.472657669565784,False
D2,96,148,2.066105587155714,False
D2,96,149,1.515744531410719,False
D2,96,150,1.7471988755113776,False
D2,96,151,1.8596821274198474,False
D2,96,152,1.7182725195410733,False
D2,96,153,1.3537549322800397,False
D2,96,154,1.9750830919797597,False
D2,96,155,1.0602588448088375,False
D2,96,156,0.8154035894017095,False
D2,96,157,2.0822645360409235,False
D2,96,158,0.7728198903991382,False
D2,96,159,0.9566972107341202,False
D2,96,160,2.1215845968542433,False
D2,96,161,1.4428548034375737,False
D2,96,162,2.2345962826865375,False
D2,96,163,1.4319694222824833,False
D2,96,164,0.8804983107025439,False
D2,96,165,2.068149734543514,False
D2,96,166,0.7707853511572436,False
D2,96,167,1.0792499056310751,False
D2,96,168,1.3553549572050443,False
D2,96,169,1.606422411652031,False
D2,96,170,1.496226554421761,False
D2,96,171,1.380020195808529,False
D2,96,172,1.0640013872481326,False
D2,96,173,1.1090277704574716,False
D2,96,174,2.0079419354977692,False
D2,96,175,1.06321618718483,False
D2,96,176,1.4148467986748339,False
D2,96,177,0.5366607412974046,False
D2,96,178,1.30677286448885,False
D2,96,179,1.9410256360856817,False
D2,96,180,1.9186566390390083,False
D2,96,181,2.1254316042698655,False
D2,96,182,1.8614388341587251,False
D2,96,183,0.7634806852050373,False
D2,96,184,0.6931882732777206,False
D2,96,185,1.924991296646944,False
D2,96,186,2.9369358494106446,False
D2,96,187,1.4237879686283377,False
D2,96,188,1.0778636561469799,False
D2,96,189,1.4113402086426117,False
D2,96,190,1.2014415238819263,False
D2,96,191,0.63212813893742,False
D2,96,192,1.4898833587795142,False
D2,96,193,0.7526809440524816,False
D2,96,194,1.6565785869989007,False
D2,96,195,1.3447557739765565,False
D2,96,196,2.9170644021503973,False
D2,96,197,1.4518994053292835,False
D2,96,198,1.643599588412554,False
D2,96,199,1.0152955161877626,False
D2,200,0,1.0691097468586426,False
D2,200,1,1.2064712674441085,False
D2,200,2,1.0780319003756134,False
D2,200,3,1.7096091118503072,False
D2,200,4,2.044703485353309,False
D2,200,5,1.4088033549368832,False
D2,200,6,1.2779178162677722,False
D2,200,7,0.9520911357257661,False
D2,200,8,1.5527792305752168,False
D2,200,9,1.6532832247371885,False
D2,200,10,0.5952545793700623,False
D2,200,11,1.0492438041826035,False
D2,200,12,1.2724813772919055,False
D2,200,13,1.4437820019198597,False
D2,200,14,1.8437524115842485,False
D2,200,15,1.789856972557799,False
D2,200,16,2.2309515293362123,False
D2,200,17,1.0087529311307333,False
D2,200,18,1.1460229676951423,False
D2,200,19,1.4733258803087772,False
D2,200,20,0.8598506788741297,False
D2,200,21,0.9586529655867557,False
D2,200,22,1.0834613581565073,False
D2,200,23,1.6800482304218776,False
D2,200,24,1.1069808089978384,False
D2,200,25,1.13470135799834,False
D2,200,26,1.059338230120616,False
D2,200,27,1.52338128673264,False
D2,200,28,1.4287331980515117,False
D2,200,29,1.2359704925037476,False
D2,200,30,1.0149218569715988,False
D2,200,31,1.331187829619707,False
D2,200,32,0.6220239059146849,False
D2,200,33,0.7794357425799668,False
D2,200,34,0.9920457265683928,False
D2,200,35,0.8874770319052263,False
D2,200,36,0.9514141505605195,False
D2,200,37,0.913712564507303,False
D2,200,38,2.3063721081851396,False
D2,200,39,0.9538822207329206,False
D2,200,40,1.230333100441815,False
D2,200,41,0.8937948362525162,False
D2,200,42,0.8362938875383271,False
D2,200,43,1.8217296656113258,False
D2,200,44,1.444515810975501,False
D2,200,45,0.6411170990540671,False
D2,200,46,1.0503484873552753,False
D2,200,47,1.4177597001316409,False
D2,200,48,0.755915951019977,False
D2,200,49,0.7411240488793994,False
D2,200,50,0.7988406517494417,False
D2,200,51,1.5665962083429399,False
D2,200,52,1.7744231118783675,False
D2,200,53,0.9421323284709364,False
D2,200,54,1.286225208897564,False
D2,200,55,1.1895725306976115,False
D2,200,56,1.4866917608898196,False
D2,200,57,1.3577814821648244,False
D2,200,58,1.5553924721871042,False
D2,200,59,1.4021262268063992,False
D2,200,60,0.9144869729841902,False
D2,200,61,1.6895995617835886,False
D2,200,62,1.4799443177247766,False
D2,200,63,0.6440756719458651,False
D2,200,64,1.2080249605059517,False
D2,200,65,0.46021290279646593,False
D2,200,66,1.4946853651737015,False
D2,200,67,1.4792664397841104,False
D2,200,68,0.8590343319895601,False
D2,200,69,0.6646964158739526,False
D2,200,70,1.9668550946307655,False
D2,200,71,3.3324558998994016,False
D2,200,72,1.1793054898419493,False
D2,200,73,1.6272634768348901,False
D2,200,74,0.9076164485499637,False
D2,200,75,1.9987312279636558,False
D2,200,76,2.4798466283575507,False
D2,200,77,1.1848092533031775,False
D2,200,78,1.3419251902976497,False
D2,200,79,2.424701130905598,False
D2,200,80,1.686732243022866,False
D2,200,81,0.9723578398929014,False
D2,200,82,0.9298262384853138,False
D2,200,83,1.904662322169151,False
D2,200,84,1.3910318480988886,False
D2,200,85,1.2445872206811925,False
D2,200,86,1.4883598993746168,False
D2,200,87,1.257533170920135,False
D2,200,88,1.7286648428128564,False
D2,200,89,1.488079947167522,False
D2,200,90,1.17610341086523,False
D2,200,91,1.2713837135740242,False
D2,200,92,2.3654014220753874,False
D2,200,93,1.106424523267019,False
D2,200,94,1.2411334638713691,False
D2,200,95,1.2875823304045375,False
D2,200,96,1.009619862090693,False
D2,200,97,1.186770940952265,False
D2,200,98,2.064868580253322,False
D2,200,99,2.2706620634493717,False
D2,200,100,2.3933469273736825,False
D2,200,101,1.9115137326497047,False
D2,200,102,1.2928348642909158,False
D2,200,103,1.0597845036468945,False
D2,200,104,1.720646327332131,False
D2,200,105,1.615014546876972,False
D2,200,106,1.3105642441366594,False
D2,200,107,1.3399975219127653,False
D2,200,108,1.0995301429306947,False
D2,200,109,1.425495369544535,False
D2,200,110,1.9678490248466423,False
D2,200,111,0.9063753806897755,False
D2,200,112,1.1824693964080282,False
D2,200,113,1.24656983911256,False
D2,200,114,1.3890140189706655,False
D2,200,115,1.6108821511642228,False
D2,200,116,0.9208234140049846,False
D2,200,117,2.0442619229563466,False
D2,200,118,1.4129792635859373,False
D2,200,119,1.2204633896353816,False
D2,200,120,1.6432025799888454,False
D2,200,121,1.292225669977765,False
D2,200,122,2.048386960801805,False
D2,200,123,1.2080732110394659,False
D2,200,124,1.3796083217616337,False
D2,200,125,1.1020764054782588,False
D2,200,126,1.7708317893934766,False
D2,200,127,1.9827641433363719,False
D2,200,128,1.7411905893350652,False
D2,200,129,0.7501900221535344,False
D2,200,130,2.152734783356426,False
D2,200,131,0.9629929201376608,False
D2,200,132,1.559017351192399,False
D2,200,133,1.533579159701614,False
D2,200,134,1.1859359422836906,False
D2,200,135,1.3801271015214271,False
D2,200,136,0.7625803218662829,False
D2,200,137,1.248926122701678,False
D2,200,138,1.9003460428808705,False
D2,200,139,1.5457319176693343,False
D2,200,140,1.2359570155650854,False
D2,200,141,1.0176777331227824,False
D2,200,142,2.2769171948960323,False
D2,200,143,1.9135591515076469,False
D2,200,144,0.7462377733994089,False
D2,200,145,1.2042665306991944,False
D2,200,146,2.0271610368022652,False
D2,200,147,0.5910592891983001,False
D2,200,148,1.1500922886623606,False
D2,200,149,1.5003269450344268,False
D2,200,150,1.5432421023932272,False
D2,200,151,0.901897987176928,False
D2,200,152,1.5924807450332124,False
D2,200,153,1.5057232943524175,False
D2,200,154,0.9291725472118413,False
D2,200,155,1.1428190492022738,False
D2,200,156,2.095989834171107,False
D2,200,157,0.8846630134048536,False
D2,200,158,1.7296226036008548,False
D2,200,159,1.8697495276244123,False
D2,200,160,1.326012162335713,False
D2,200,161,0.9330983681646993,False
D2,200,162,0.8215797210003809,False
D2,200,163,1.0738063140346967,False
D2,200,164,1.916919289817549,False
D2,200,165,1.0427364186629522,False
D2,200,166,1.1483703122135862,False
D2,200,167,1.833023007240954,False
D2,200,168,1.4403239790669458,False
D2,200,169,1.028586765900834,False
D2,200,170,1.8150407635108015,False
D2,200,171,0.8271666504243333,False
D2,200,172,0.9724795100319613,False
D2,200,173,1.2207348664459114,False
D2,200,174,1.5943324456124,False
D2,200,175,1.9221398384748436,False
D2,200,176,2.507967440946673,False
D2,200,177,0.7923885974402559,False
D2,200,178,0.7995062912404497,False
D2,200,179,1.5564353908355322,False
D2,200,180,1.8036169702191605,False
D2,200,181,0.8718521546245458,False
D2,200,182,1.6823575298817415,False
D2,200,183,1.1378717366143667,False
D2,200,184,1.05518362506551,False
D2,200,185,1.2581233685529547,False
D2,200,186,1.3256587722994424,False
D2,200,187,0.6505012453662017,False
D2,200,188,0.8498379822767764,False
D2,200,189,1.1788344616336075,False
D2,200,190,1.401694235685263,False
D2,200,191,1.0338707193420358,False
D2,200,192,0.8505132659561376,False
D2,200,193,2.1651047470138187,False
D2,200,194,0.9669880429472473,False
D2,200,195,1.5311550380589212,False
D2,200,196,1.182561559851768,False
D2,200,197,1.4104943615428325,False
D2,200,198,1.1658181539223775,False
D2,200,199,1.7151989949359507,False
D3,24,0,3.1647443855914097,False
D3,24,1,0.9131523458649112,False
D3,24,2,8.100047080013288,False
D3,24,3,11.094259037226825,False
D3,24,4,2.995662030454361,False
D3,24,5,2.424007002393139,False
D3,24,6,5.150181617959058,False
D3,24,7,1.9568754871596303,False
D3,24,8,7.768709777332227,False
D3,24,9,3.2790712066230157,False
D3,24,10,1.2898821375941039,False
D3,24,11,1.103696232183484,False
D3,24,12,2.7240152922124024,False
D3,24,13,3.2911143127177516,False
D3,24,14,12.476277763994451,False
D3,24,15,7.808970773000462,False
D3,24,16,2.3206584782136397,False
D3,24,17,5.411682533804542,False
D3,24,18,6.265717326996162,False
D3,24,19,1.750347194423164,False
D3,24,20,2.8347898608677067,False
D3,24,21,5.911441507222283,False
D3,24,22,4.562872384338678,False
D3,24,23,12.500408720987139,False
D3,24,24,4.549832171112776,False
D3,24,25,5.9339785346445755,False
D3,24,26,2.3790508506737202,False
D3,24,27,8.974081076427915,False
D3,24,28,4.513009347348292,False
D3,24,29,13.034284474400213,False
D3,24,30,9.753625778947963,False
D3,24,31,2.0667704109317704,False
D3,24,32,1.8268815827728062,False
D3,24,33,2.5010430576445715,False
D3,24,34,5.609735109836218,False
D3,24,35,1.4421208961620269,False
D3,24,36,2.422600558042807,False
D3,24,37,6.083231276198564,False
D3,24,38,8.64735308256301,False
D3,24,39,8.626034295148171,False
D3,24,40,6.466996691934311,False
D3,24,41,3.58617231902479,False
D3,24,42,2.6923446803887328,False
D3,24,43,1.6387199925350606,False
D3,24,44,3.7280910794874713,False
D3,24,45,2.314804360091156,False
D3,24,46,10.129270247993883,False
D3,24,47,2.2643582314674484,False
D3,24,48,3.29579828799413,False
D3,24,49,2.2253444582861093,False
D3,24,50,16.268800558202503,False
D3,24,51,5.833483204689948,False
D3,24,52,11.553609432080693,False
D3,24,53,4.495142633747553,False
D3,24,54,0.937394452787493,False
D3,24,55,3.583966479229132,False
D3,24,56,3.2966691616194765,False
D3,24,57,2.4238440093418934,False
D3,24,58,0.8573299858865844,False
D3,24,59,4.384670117268207,False
D3,24,60,5.999826164271608,False
D3,24,61,7.4143758511812194,False
D3,24,62,4.537709124735744,False
D3,24,63,2.703750252757064,False
D3,24,64,2.2057268565144477,False
D3,24,65,3.974640440819103,False
D3,24,66,5.628237094794171,False
D3,24,67,5.952158361997865,False
D3,24,68,1.4786162638921296,False
D3,24,69,8.680893622058575,False
D3,24,70,5.150814045312465,False
D3,24,71,5.69364493023265,False
D3,24,72,3.7690479810663304,False
D3,24,73,5.055495685311946,False
D3,24,74,6.016057855509553,False
D3,24,75,4.983572104447527,False
D3,24,76,2.0602108762307565,False
D3,24,77,0.9110671042710621,False
D3,24,78,2.027384834464445,False
D3,24,79,11.642336461011093,False
D3,24,80,4.237610582383446,False
D3,24,81,1.2164313965230797,False
D3,24,82,1.3007309555371036,False
D3,24,83,2.8648329787216005,False
D3,24,84,0.6438901561177655,False
D3,24,85,3.97677115459493,False
D3,24,86,1.3421562587771017,False
D3,24,87,8.555919194560047,False
D3,24,88,6.339916976595004,False
D3,24,89,3.4981846056465367,False
D3,24,90,1.3549174685866419,False
D3,24,91,6.378394347406162,False
D3,24,92,7.371749582599344,False
D3,24,93,4.430129762231938,False
D3,24,94,1.7095390219355848,False
D3,24,95,7.062243908407773,False
D3,24,96,8.205753138155762,False
D3,24,97,1.7961911162513478,False
D3,24,98,9.745928379843352,False
D3,24,99,5.035059486703684,False
D3,24,100,2.5412134803150805,False
D3,24,101,3.2932049918523343,False
D3,24,102,2.9247115780070603,False
D3,24,103,1.0020474391026788,False
D3,24,104,3.5964102498522017,False
D3,24,105,6.0825420147777525,False
D3,24,106,4.892481823077482,False
D3,24,107,1.4973235252778765,False
D3,24,108,7.591442910365516,False
D3,24,109,1.9595570456169222,False
D3,24,110,1.696979197748573,False
D3,24,111,3.158986147850993,False
D3,24,112,4.621861310973244,False
D3,24,113,5.400188208860365,False
D3,24,114,8.31342094525808,False
D3,24,115,2.3240120133846554,False
D3,24,116,1.9577033694244048,False
D3,24,117,5.747958613614445,False
D3,24,118,0.9741652652415925,False
D3,24,119,5.862104337493614,False
D3,24,120,8.500716643156247,False
D3,24,121,2.138556555715162,False
D3,24,122,13.586295646445139,False
D3,24,123,2.5221733930566175,False
D3,24,124,20.628389404131585,False
D3,24,125,0.7326957997722984,False
D3,24,126,2.505583803947175,False
D3,24,127,5.941101088278925,False
D3,24,128,12.553717267912234,False
D3,24,129,1.4168205575758919,False
D3,24,130,4.362024835113653,False
D3,24,131,4.452659581909878,False
D3,24,132,1.6502189705799908,False
D3,24,133,11.53761367226449,False
D3,24,134,1.4031396939218603,False
D3,24,135,2.7944052038622993,False
D3,24,136,5.897870254090241,False
D3,24,137,4.248487735225377,False
D3,24,138,11.13249097653426,False
D3,24,139,6.58362770227564,False
D3,24,140,1.9491297361002984,False
D3,24,141,2.3650688486292513,False
D3,24,142,1.5974173956473712,False
D3,24,143,3.4133848508241496,False
D3,24,144,3.835626229184445,False
D3,24,145,3.329318479759184,False
D3,24,146,2.064065543036412,False
D3,24,147,3.977902068951511,False
D3,24,148,9.022801281729532,False
D3,24,149,3.166644877609055,False
D3,24,150,14.575659003384995,False
D3,24,151,3.649581308774703,False
D3,24,152,2.5918168409016245,False
D3,24,153,12.011442794515983,False
D3,24,154,7.3374851557621135,False
D3,24,155,2.601822930439263,False
D3,24,156,5.235724300221589,False
D3,24,157,1.6553505926862546,False
D3,24,158,3.323596065490791,False
D3,24,159,3.3795521516517475,False
D3,24,160,3.608799076356937,False
D3,24,161,5.2717886564154774,False
D3,24,162,3.0993004952264336,False
D3,24,163,1.8522328952014075,False
D3,24,164,4.770715025903092,False
D3,24,165,0.5942284628539034,False
D3,24,166,5.078585480769597,False
D3,24,167,3.41550667462533,False
D3,24,168,6.966609601508671,False
D3,24,169,2.948529048345994,False
D3,24,170,1.4254904074107215,False
D3,24,171,4.104159805712788,False
D3,24,172,3.3725009937068986,False
D3,24,173,4.461252310372383,False
D3,24,174,1.6052494942694908,False
D3,24,175,2.7096341094000027,False
D3,24,176,3.09391959393679,False
D3,24,177,5.279287737638861,False
D3,24,178,12.871572138045908,False
D3,24,179,7.407503201509025,False
D3,24,180,2.3052712262494737,False
D3,24,181,1.988817913116541,False
D3,24,182,2.9678794132708415,False
D3,24,183,3.3142934759869553,False
D3,24,184,4.329883374082263,False
D3,24,185,1.210607877565609,False
D3,24,186,0.6267840160566435,False
D3,24,187,4.4134476680828865,False
D3,24,188,4.06333600924164,False
D3,24,189,3.1464449005808053,False
D3,24,190,3.353098585603861,False
D3,24,191,7.742010492720176,False
D3,24,192,4.646983881914152,False
D3,24,193,2.788739234278822,False
D3,24,194,2.1543545100129426,False
D3,24,195,0.9069456071634474,False
D3,24,196,9.251801509917225,False
D3,24,197,3.061403242927547,False
D3,24,198,6.552530869388698,False
D3,24,199,2.2455649048905824,False
D3,48,0,3.7334590209519543,False
D3,48,1,7.89842482538168,False
D3,48,2,1.5478833927854745,False
D3,48,3,0.77853600132491,False
D3,48,4,4.8269368219625255,False
D3,48,5,6.565960432632435,False
D3,48,6,7.3173038218686415,False
D3,48,7,2.4348797253639396,False
D3,48,8,5.6270839212728205,False
D3,48,9,1.7502231958176855,False
D3,48,10,5.325838965024113,False
D3,48,11,2.4870158643805746,False
D3,48,12,0.7955985565457379,False
D3,48,13,1.450106998115375,False
D3,48,14,0.8875138592711969,False
D3,48,15,4.873791356646945,False
D3,48,16,1.20518841540824,False
D3,48,17,2.1659699243888726,False
D3,48,18,7.508002502668815,False
D3,48,19,4.063256916442037,False
D3,48,20,2.5432624831147193,False
D3,48,21,1.6861373658304597,False
D3,48,22,5.591309666065549,False
D3,48,23,2.1463221694559165,False
D3,48,24,8.343285282310365,False
D3,48,25,3.0450754550944277,False
D3,48,26,2.1530386629035134,False
D3,48,27,2.5587180107412633,False
D3,48,28,9.904480510292368,False
D3,48,29,0.5787373972925375,False
D3,48,30,8.305726532727498,False
D3,48,31,7.687535833127416,False
D3,48,32,1.8913405576039373,False
D3,48,33,9.216010054073966,False
D3,48,34,4.656612808783363,False
D3,48,35,1.2396525225073634,False
D3,48,36,9.198407229812258,False
D3,48,37,4.482717005224175,False
D3,48,38,2.0699287181036903,False
D3,48,39,2.6902471947375144,False
D3,48,40,0.7774495360693724,False
D3,48,41,4.110150189746971,False
D3,48,42,7.958270795504377,False
D3,48,43,1.0079439881398244,False
D3,48,44,5.818294059634623,False
D3,48,45,1.7044069561262007,False
D3,48,46,1.1287929589322119,False
D3,48,47,2.7862953204809635,False
D3,48,48,5.359036236442682,False
D3,48,49,8.130239716369502,False
D3,48,50,2.171178738736679,False
D3,48,51,2.88122262102686,False
D3,48,52,3.940298230360908,False
D3,48,53,1.9790428772487363,False
D3,48,54,1.7319800056270518,False
D3,48,55,2.8011336682388235,False
D3,48,56,13.489218562772821,False
D3,48,57,2.658182665674717,False
D3,48,58,2.9040005592579416,False
D3,48,59,21.61372888301321,False
D3,48,60,3.642915493616333,False
D3,48,61,10.428111814844062,False
D3,48,62,5.4896518359569235,False
D3,48,63,2.3856356467220388,False
D3,48,64,7.547854826448348,False
D3,48,65,2.661612971670067,False
D3,48,66,1.8504420262603642,False
D3,48,67,2.25853445196667,False
D3,48,68,1.3685027783785355,False
D3,48,69,7.2415072856840235,False
D3,48,70,3.477444784893516,False
D3,48,71,2.9414886194024374,False
D3,48,72,4.961299947772549,False
D3,48,73,4.52296293371042,False
D3,48,74,3.2944940628316277,False
D3,48,75,6.701248446462103,False
D3,48,76,1.681758390818151,False
D3,48,77,10.947838047486277,False
D3,48,78,3.9061770517654133,False
D3,48,79,4.757609894957951,False
D3,48,80,3.7577068927432307,False
D3,48,81,1.5752993620097293,False
D3,48,82,1.0573326663989413,False
D3,48,83,5.47925346412406,False
D3,48,84,3.1211848048847415,False
D3,48,85,1.8100410521042254,False
D3,48,86,5.094162820742257,False
D3,48,87,1.8260083679098107,False
D3,48,88,2.734010773269102,False
D3,48,89,1.551691611552174,False
D3,48,90,6.5503732648522135,False
D3,48,91,4.647905267658775,False
D3,48,92,1.661329328716173,False
D3,48,93,6.740847371203616,False
D3,48,94,0.9246019463540786,False
D3,48,95,0.8503114850388238,False
D3,48,96,1.704759175164444,False
D3,48,97,3.6020492835870304,False
D3,48,98,1.96363127368044,False
D3,48,99,4.822456949552221,False
D3,48,100,4.064576357737633,False
D3,48,101,2.8802931943767796,False
D3,48,102,3.274945783991509,False
D3,48,103,7.464438979215264,False
D3,48,104,3.3865911683507064,False
D3,48,105,3.1970517533285077,False
D3,48,106,4.852471260321362,False
D3,48,107,5.4371170509381015,False
D3,48,108,2.573908115426778,False
D3,48,109,8.394843746462318,False
D3,48,110,4.945650696162956,False
D3,48,111,2.761988521963861,False
D3,48,112,4.556510928975812,False
D3,48,113,3.8832071654178506,False
D3,48,114,2.4354997096003594,False
D3,48,115,7.041862720340267,False
D3,48,116,2.5519385364607166,False
D3,48,117,1.9415158332675295,False
D3,48,118,9.814478784237306,False
D3,48,119,7.165982445603973,False
D3,48,120,2.2734205087891866,False
D3,48,121,3.5211733072108924,False
D3,48,122,3.264065756758736,False
D3,48,123,5.362664155718636,False
D3,48,124,1.6885870506163874,False
D3,48,125,10.334736879693816,False
D3,48,126,3.3392603873619757,False
D3,48,127,1.9254763760003577,False
D3,48,128,1.2425832483533106,False
D3,48,129,5.225754987740428,False
D3,48,130,3.713607539966466,False
D3,48,131,0.8197469465505186,False
D3,48,132,2.213778219333127,False
D3,48,133,2.1426885306443983,False
D3,48,134,6.798496595641275,False
D3,48,135,4.6393919850958545,False
D3,48,136,1.9425771385837787,False
D3,48,137,2.1618714408521367,False
D3,48,138,8.009349536765496,False
D3,48,139,5.932043742859302,False
D3,48,140,6.058193923481749,False
D3,48,141,4.014036824631186,False
D3,48,142,1.6106635487972125,False
D3,48,143,1.4309506433295673,False
D3,48,144,4.959480476646255,False
D3,48,145,10.708882317457803,False
D3,48,146,4.069349601570642,False
D3,48,147,2.888182625828896,False
D3,48,148,4.710961863634211,False
D3,48,149,7.499229256653003,False
D3,48,150,3.0587907210028895,False
D3,48,151,3.515478401291113,False
D3,48,152,3.6386839518591576,False
D3,48,153,8.01018293757827,False
D3,48,154,6.331583047193101,False
D3,48,155,2.3785026155637348,False
D3,48,156,1.4947281043479008,False
D3,48,157,4.0787146569954675,False
D3,48,158,1.8849989872034334,False
D3,48,159,5.1147152494662596,False
D3,48,160,2.8847735549716713,False
D3,48,161,15.630748467156101,False
D3,48,162,4.214635155724308,False
D3,48,163,4.95032239087184,False
D3,48,164,2.4943239426186925,False
D3,48,165,4.281536480145322,False
D3,48,166,1.1432172509790095,False
D3,48,167,6.004381229866284,False
D3,48,168,0.5873625542508951,False
D3,48,169,3.5243328401020824,False
D3,48,170,3.4402453406294766,False
D3,48,171,5.045734237203404,False
D3,48,172,3.2296037468248167,False
D3,48,173,5.615866420618878,False
D3,48,174,2.985684128809024,False
D3,48,175,4.01500574709594,False
D3,48,176,4.501203023881248,False
D3,48,177,1.2782056875032393,False
D3,48,178,4.164487426146553,False
D3,48,179,6.943268447882459,False
D3,48,180,0.8670786264491396,False
D3,48,181,8.812053989253036,False
D3,48,182,3.4751484554089047,False
D3,48,183,1.8284205216118796,False
D3,48,184,3.7016128661085697,False
D3,48,185,3.518035634207756,False
D3,48,186,3.850424553301378,False
D3,48,187,2.515497623951333,False
D3,48,188,9.542018545395582,False
D3,48,189,6.732384638630622,False
D3,48,190,10.713360528774917,False
D3,48,191,5.368326334302034,False
D3,48,192,5.179934546504715,False
D3,48,193,1.6637015117987506,False
D3,48,194,3.7476090168406526,False
D3,48,195,5.284722144870419,False
D3,48,196,7.688041218494687,False
D3,48,197,12.075773950996554,False
D3,48,198,3.9085638233659914,False
D3,48,199,4.873959389442213,False
D3,96,0,1.1459946610925331,False
D3,96,1,5.054326528037105,False
D3,96,2,1.4619226401539007,False
D3,96,3,2.6673289943138556,False
D3,96,4,1.82477638157043,False
D3,96,5,4.381438762255431,False
D3,96,6,9.729848496613315,False
D3,96,7,4.7452255424954615,False
D3,96,8,2.2147633886891027,False
D3,96,9,0.5517628519668918,False
D3,96,10,8.197486346487242,False
D3,96,11,8.380909668848542,False
D3,96,12,4.950428799133146,False
D3,96,13,5.674102483022237,False
D3,96,14,1.6711337208398767,False
D3,96,15,5.810294652636089,False
D3,96,16,1.9492153714922544,False
D3,96,17,2.8642291036398673,False
D3,96,18,2.2051649752087576,False
D3,96,19,2.5754076160324093,False
D3,96,20,7.311171456595819,False
D3,96,21,4.341803231180776,False
D3,96,22,3.947007973113667,False
D3,96,23,11.261113711020885,False
D3,96,24,4.359966590197579,False
D3,96,25,2.4684243601122473,False
D3,96,26,3.5518336671581827,False
D3,96,27,5.964193992612403,False
D3,96,28,4.621381000457859,False
D3,96,29,2.9767503833721305,False
D3,96,30,2.4140092676353944,False
D3,96,31,0.97958714419936,False
D3,96,32,6.05562140781384,False
D3,96,33,3.5971113015999374,False
D3,96,34,1.745080148658169,False
D3,96,35,8.116958064202949,False
D3,96,36,5.0734201507492696,False
D3,96,37,2.8160254776478975,False
D3,96,38,4.315691039529503,False
D3,96,39,4.858251283418064,False
D3,96,40,1.1316857932620363,False
D3,96,41,1.0653542702582348,False
D3,96,42,4.679781103289137,False
D3,96,43,1.3267310807860146,False
D3,96,44,10.978844566967187,False
D3,96,45,1.4131675870798763,False
D3,96,46,3.5334094838110572,False
D3,96,47,3.6346527938152278,False
D3,96,48,1.9412038076988032,False
D3,96,49,6.651257784167018,False
D3,96,50,9.517817351189999,False
D3,96,51,5.435633881327662,False
D3,96,52,8.876571316812212,False
D3,96,53,6.3961974819304075,False
D3,96,54,2.0773653544103086,False
D3,96,55,1.5028156768373684,False
D3,96,56,13.815893365073496,False
D3,96,57,1.9874224443814088,False
D3,96,58,1.3828327162181935,False
D3,96,59,5.527839679453447,False
D3,96,60,6.951296661706675,False
D3,96,61,2.562498807079976,False
D3,96,62,4.09133296064673,False
D3,96,63,4.7340295189373265,False
D3,96,64,2.677509285682065,False
D3,96,65,2.757157485050048,False
D3,96,66,5.894411256686267,False
D3,96,67,3.6604595078233864,False
D3,96,68,1.3314262232913672,False
D3,96,69,4.037687990756986,False
D3,96,70,0.8684759055454019,False
D3,96,71,5.55404381918791,False
D3,96,72,3.130648037916942,False
D3,96,73,8.09174424636911,False
D3,96,74,4.816849264451178,False
D3,96,75,7.36434840023079,False
D3,96,76,3.150336996869827,False
D3,96,77,1.33889262737218,False
D3,96,78,11.096301160980083,False
D3,96,79,2.1896478609485306,False
D3,96,80,1.977231619202306,False
D3,96,81,2.027987761014421,False
D3,96,82,3.832765194611985,False
D3,96,83,3.6800845788584873,False
D3,96,84,2.333013998733079,False
D3,96,85,3.1742739178808104,False
D3,96,86,2.24401025678197,False
D3,96,87,1.138772052308421,False
D3,96,88,2.095856179037509,False
D3,96,89,6.610889747103164,False
D3,96,90,2.108074220886135,False
D3,96,91,4.912899315138764,False
D3,96,92,2.1903712578262353,False
D3,96,93,1.497580247780059,False
D3,96,94,1.558384105266581,False
D3,96,95,2.1301546831682177,False
D3,96,96,1.1684551699390584,False
D3,96,97,3.2332112054659556,False
D3,96,98,4.074425411425167,False
D3,96,99,1.2122578572063858,False
D3,96,100,4.9689696491881605,False
D3,96,101,10.325171870406075,False
D3,96,102,0.8882424406285176,False
D3,96,103,2.0758233962830146,False
D3,96,104,8.370588599008995,False
D3,96,105,3.2320490041498657,False
D3,96,106,4.424715605738241,False
D3,96,107,2.7841372872193695,False
D3,96,108,2.927045440024914,False
D3,96,109,4.570760544001689,False
D3,96,110,3.1862039178393893,False
D3,96,111,2.4198594471856856,False
D3,96,112,3.00036138965135,False
D3,96,113,0.7749660558946562,False
D3,96,114,2.061550127876873,False
D3,96,115,1.2239365979739176,False
D3,96,116,2.798652603964878,False
D3,96,117,2.7799919892607226,False
D3,96,118,2.3053522087720424,False
D3,96,119,2.3244383145418714,False
D3,96,120,0.9551458489159457,False
D3,96,121,2.252247508101628,False
D3,96,122,4.225976374507685,False
D3,96,123,2.505650343833054,False
D3,96,124,3.8331075749302994,False
D3,96,125,3.679728925426524,False
D3,96,126,5.3684595606194385,False
D3,96,127,4.818247782679502,False
D3,96,128,1.0942664799603234,False
D3,96,129,0.7551012310105503,False
D3,96,130,1.709744098012316,False
D3,96,131,5.575033576492846,False
D3,96,132,6.45427120281457,False
D3,96,133,3.587469345654345,False
D3,96,134,7.926893238477239,False
D3,96,135,4.346948444736836,False
D3,96,136,1.9923911355640687,False
D3,96,137,1.549326708485678,False
D3,96,138,2.800665551136074,False
D3,96,139,3.9173660657047984,False
D3,96,140,2.623731352270415,False
D3,96,141,2.773162671983705,False
D3,96,142,6.575700394107832,False
D3,96,143,2.898830406314871,False
D3,96,144,8.122199522790707,False
D3,96,145,0.734084125278459,False
D3,96,146,6.316311131864034,False
D3,96,147,6.078494025770164,False
D3,96,148,1.5802093452043562,False
D3,96,149,2.901624368946377,False
D3,96,150,5.080135044568649,False
D3,96,151,5.6463092583856245,False
D3,96,152,2.153181988925763,False
D3,96,153,4.505666758264846,False
D3,96,154,2.5022056927739813,False
D3,96,155,5.130715067248959,False
D3,96,156,4.63309332833509,False
D3,96,157,3.3998407036522535,False
D3,96,158,0.6446866522603749,False
D3,96,159,7.167574382618667,False
D3,96,160,3.4259612615765658,False
D3,96,161,5.802877870732448,False
D3,96,162,1.8354110481190486,False
D3,96,163,7.0007788436851595,False
D3,96,164,3.1189139219317257,False
D3,96,165,4.199692054910678,False
D3,96,166,1.2701672156449169,False
D3,96,167,4.472383045043541,False
D3,96,168,5.642557887273139,False
D3,96,169,1.2403904886305868,False
D3,96,170,4.839640621131478,False
D3,96,171,2.2658930794114354,False
D3,96,172,3.90459387013048,False
D3,96,173,3.3492291576825166,False
D3,96,174,6.072956266462943,False
D3,96,175,2.084914988666136,False
D3,96,176,5.661128549385131,False
D3,96,177,1.9893148220326076,False
D3,96,178,10.472772178865508,False
D3,96,179,1.7651198943082582,False
D3,96,180,2.9106180578135037,False
D3,96,181,3.041137527195791,False
D3,96,182,3.233887302193992,False
D3,96,183,2.5852793699443692,False
D3,96,184,4.939228798563101,False
D3,96,185,3.8006494250353944,False
D3,96,186,3.005615444159371,False
D3,96,187,1.059501191629462,False
D3,96,188,1.645796997537557,False
D3,96,189,6.354580893793577,False
D3,96,190,7.7973795932357755,False
D3,96,191,6.6245152934026565,False
D3,96,192,12.553536554233425,False
D3,96,193,2.932804002614074,False
D3,96,194,6.43400413109806,False
D3,96,195,4.9061656441660935,False
D3,96,196,2.4059967743323623,False
D3,96,197,1.4173457491455277,False
D3,96,198,1.6434145991752203,False
D3,96,199,4.978945786379248,False
D3,200,0,2.001385277627069,False
D3,200,1,9.550228342376043,False
D3,200,2,2.6456825663535906,False
D3,200,3,3.3958534349560106,False
D3,200,4,5.855379886198325,False
D3,200,5,3.6482820936644638,False
D3,200,6,1.4992948722058967,False
D3,200,7,2.8635426956859833,False
D3,200,8,1.658650111200998,False
D3,200,9,2.8431976282449214,False
D3,200,10,0.8702697351051492,False
D3,200,11,3.521677450614527,False
D3,200,12,1.5259698512253295,False
D3,200,13,1.0916932702824305,False
D3,200,14,7.635814893750687,False
D3,200,15,4.942386012896398,False
D3,200,16,1.9766708258970116,False
D3,200,17,4.482853649654592,False
D3,200,18,6.5037702296229245,False
D3,200,19,7.574104834185015,False
D3,200,20,2.3616820929130515,False
D3,200,21,1.8102506352257561,False
D3,200,22,2.621083356360361,False
D3,200,23,4.358766638950431,False
D3,200,24,7.171380692733288,False
D3,200,25,9.184867998203332,False
D3,200,26,9.091569319495482,False
D3,200,27,2.086327249154594,False
D3,200,28,1.9787114600520357,False
D3,200,29,3.9192450059995863,False
D3,200,30,3.076245779643743,False
D3,200,31,6.516424138321915,False
D3,200,32,3.767815103421221,False
D3,200,33,8.505703637725174,False
D3,200,34,5.49865579688629,False
D3,200,35,1.4477813368514345,False
D3,200,36,3.378083837792489,False
D3,200,37,2.0176165026316983,False
D3,200,38,2.17823803130457,False
D3,200,39,6.4663522945820056,False
D3,200,40,5.448736917941799,False
D3,200,41,1.093334778249851,False
D3,200,42,4.627965254632987,False
D3,200,43,1.6336958883856656,False
D3,200,44,2.110030916724981,False
D3,200,45,4.247602736512361,False
D3,200,46,1.350948309210418,False
D3,200,47,1.761963067420991,False
D3,200,48,4.0617976619348,False
D3,200,49,12.666727434586189,False
D3,200,50,3.1995946288158357,False
D3,200,51,4.232581491139345,False
D3,200,52,2.9706329464167553,False
D3,200,53,6.89489880636705,False
D3,200,54,1.2946555644457634,False
D3,200,55,1.8726512048290151,False
D3,200,56,3.5760609909554137,False
D3,200,57,1.1734619155310424,False
D3,200,58,2.53339863270525,False
D3,200,59,2.5328683130001806,False
D3,200,60,2.034397946317734,False
D3,200,61,6.883191999099895,False
D3,200,62,5.973919842644039,False
D3,200,63,7.647539357258492,False
D3,200,64,1.838485594988818,False
D3,200,65,2.530213205120535,False
D3,200,66,7.596463339369745,False
D3,200,67,5.06618665381813,False
D3,200,68,5.592245269058784,False
D3,200,69,1.792808141652471,False
D3,200,70,5.477813156247602,False
D3,200,71,2.7841174160056634,False
D3,200,72,3.123397710964072,False
D3,200,73,2.4594698026490645,False
D3,200,74,6.520584368691809,False
D3,200,75,9.40409602693311,False
D3,200,76,8.447320724460598,False
D3,200,77,2.9184635913328587,False
D3,200,78,1.4926253927177302,False
D3,200,79,10.368904286099902,False
D3,200,80,3.8098338822968896,False
D3,200,81,1.249576788382219,False
D3,200,82,2.4443707380329145,False
D3,200,83,1.2448378209253321,False
D3,200,84,13.571661448100025,False
D3,200,85,3.044159235322812,False
D3,200,86,5.66891790830844,False
D3,200,87,3.785314782158504,False
D3,200,88,3.2215529571105597,False
D3,200,89,2.9697300363689045,False
D3,200,90,7.3236752141260855,False
D3,200,91,3.154313567517388,False
D3,200,92,1.8218886752767218,False
D3,200,93,1.0539765120599347,False
D3,200,94,4.201645664987468,False
D3,200,95,3.1906301122682756,False
D3,200,96,2.413961384530728,False
D3,200,97,1.447751014944027,False
D3,200,98,2.9606092753030198,False
D3,200,99,4.284123399673846,False
D3,200,100,8.030324145448956,False
D3,200,101,6.850568688824016,False
D3,200,102,1.46390851817507,False
D3,200,103,9.060436764545715,False
D3,200,104,2.9010208146701273,False
D3,200,105,2.0791546191408505,False
D3,200,106,9.221018534733629,False
D3,200,107,6.3194312468223925,False
D3,200,108,4.760705092047724,False
D3,200,109,6.772164867176708,False
D3,200,110,3.3500275072699828,False
D3,200,111,3.3606010000268687,False
D3,200,112,1.4363430687283398,False
D3,200,113,3.271703467624697,False
D3,200,114,5.128554028761368,False
D3,200,115,2.3521126430138963,False
D3,200,116,2.5290447116467845,False
D3,200,117,1.2436977134099818,False
D3,200,118,7.237030155941173,False
D3,200,119,3.829131298349204,False
D3,200,120,0.8668991369382502,False
D3,200,121,5.584605701595055,False
D3,200,122,9.763465256184487,False
D3,200,123,1.7961241951302334,False
D3,200,124,3.1346321995858597,False
D3,200,125,6.605971701893083,False
D3,200,126,5.4892616848272935,False
D3,200,127,2.3352540146727794,False
D3,200,128,2.45813362566383,False
D3,200,129,2.3410306055785663,False
D3,200,130,4.005769920968277,False
D3,200,131,1.9187610394326746,False
D3,200,132,1.9526227483104295,False
D3,200,133,4.569277603064104,False
D3,200,134,5.446600549270129,False
D3,200,135,2.3460484334211147,False
D3,200,136,1.4639260638592304,False
D3,200,137,1.3824800219330797,False
D3,200,138,3.6108022115581186,False
D3,200,139,4.177607524953725,False
D3,200,140,8.03536332136511,False
D3,200,141,5.191958071016418,False
D3,200,142,0.9392050666502125,False
D3,200,143,5.93563920519324,False
D3,200,144,2.611907114607819,False
D3,200,145,3.23166956768298,False
D3,200,146,5.9343032663116695,False
D3,200,147,5.130142550656143,False
D3,200,148,3.2431258306049475,False
D3,200,149,1.334414932252763,False
D3,200,150,11.247114197755137,False
D3,200,151,3.751959226535593,False
D3,200,152,3.816017598941669,False
D3,200,153,3.550713673036704,False
D3,200,154,4.192219336286521,False
D3,200,155,13.662140366852157,False
D3,200,156,1.1449995378002766,False
D3,200,157,7.118937095444799,False
D3,200,158,2.5389669599998363,False
D3,200,159,0.4654686330212384,False
D3,200,160,5.754887719043599,False
D3,200,161,1.8249332224671373,False
D3,200,162,8.11887945322049,False
D3,200,163,2.5192305957343883,False
D3,200,164,5.987054832598811,False
D3,200,165,0.982154781175913,False
D3,200,166,3.150515525372114,False
D3,200,167,3.528652238244024,False
D3,200,168,1.9624705311380728,False
D3,200,169,8.087511499945464,False
D3,200,170,5.352160093165284,False
D3,200,171,0.7194121337149018,False
D3,200,172,3.892719017675011,False
D3,200,173,7.443607261723554,False
D3,200,174,3.026504128392353,False
D3,200,175,1.7994166614954852,False
D3,200,176,3.883926167620182,False
D3,200,177,8.133598607604103,False
D3,200,178,4.490419075310993,False
D3,200,179,7.674807481606096,False
D3,200,180,2.1775250714940984,False
D3,200,181,4.571091788096357,False
D3,200,182,1.2094509864208156,False
D3,200,183,1.7347477819288348,False
D3,200,184,3.4258358818309613,False
D3,200,185,4.1356905796565835,False
D3,200,186,2.8584531404810343,False
D3,200,187,1.803812963514008,False
D3,200,188,11.809157182791306,False
D3,200,189,1.7914460833423036,False
D3,200,190,4.911959167695299,False
D3,200,191,4.103486934310078,False
D3,200,192,15.0144041581296,False
D3,200,193,0.6240343741684814,False
D3,200,194,2.5857760626714392,False
D3,200,195,2.8722607661083654,False
D3,200,196,2.499639980830149,False
D3,200,197,2.7092555621755037,False
D3,200,198,4.240562767561121,False
D3,200,199,2.369702658670716,False
D4,24,0,1.8097486905664342,True
D4,24,1,2.208826522945616,True
D4,24,2,1.5719470513562306,False
D4,24,3,0.9649508375244192,True
D4,24,4,1.0913058096567625,True
D4,24,5,1.8618993607503218,True
D4,24,6,1.3980718255430613,True
D4,24,7,1.5722209679413746,True
D4,24,8,1.0470400276406315,True
D4,24,9,1.5214378075944657,True
D4,24,10,2.08154650957389,True
D4,24,11,1.50668266151022,True
D4,24,12,1.81624005997439,True
D4,24,13,1.5783920077834401,True
D4,24,14,1.1066502267726286,False
D4,24,15,1.5778912361627881,True
D4,24,16,2.764603462215692,True
D4,24,17,0.5993417690206554,True
D4,24,18,0.7979781114299187,True
D4,24,19,2.1084172674149957,True
D4,24,20,1.309033513691981,True
D4,24,21,0.7068905051465463,True
D4,24,22,0.5856810977893324,True
D4,24,23,1.3319325456287558,True
D4,24,24,1.6376766516450796,True
D4,24,25,0.44916539893334206,False
D4,24,26,0.7725830058243764,True
D4,24,27,1.5016292583935482,False
D4,24,28,1.8011394415002577,True
D4,24,29,0.8422634464814501,True
D4,24,30,1.3650326903165018,True
D4,24,31,0.8232548608647515,True
D4,24,32,1.1880207480764002,True
D4,24,33,0.8579886283906186,True
D4,24,34,1.2743588221319586,True
D4,24,35,0.6053572088648096,True
D4,24,36,2.0572813071579454,True
D4,24,37,0.8025189842471141,False
D4,24,38,1.5275861616574333,True
D4,24,39,1.2255504849010157,False
D4,24,40,1.638195221059353,False
D4,24,41,0.5410766943451849,True
D4,24,42,1.1425327710780162,True
D4,24,43,1.2736321408047968,False
D4,24,44,1.7726167709616045,True
D4,24,45,0.9398007528919204,False
D4,24,46,0.9192927630766595,True
D4,24,47,0.7946383097991196,False
D4,24,48,1.3216417689642086,True
D4,24,49,0.7850327429433376,True
D4,24,50,0.7238847286718924,True
D4,24,51,1.880408981011828,True
D4,24,52,0.9733955269981835,False
D4,24,53,0.8827932629448462,False
D4,24,54,0.3075476317044934,True
D4,24,55,1.0857516039199664,True
D4,24,56,1.6943607920750094,False
D4,24,57,1.2318371481341788,True
D4,24,58,0.9757083055537853,False
D4,24,59,0.8777653701160621,True
D4,24,60,1.7478306859628479,False
D4,24,61,1.3875419244198937,True
D4,24,62,2.041203806235451,True
D4,24,63,1.3768750777723266,True
D4,24,64,1.3880881828906637,True
D4,24,65,1.5556477537127595,True
D4,24,66,1.6894394038279366,True
D4,24,67,1.488048047991397,True
D4,24,68,1.0621584565794493,True
D4,24,69,0.9107604882422096,False
D4,24,70,1.0157201104396154,True
D4,24,71,1.5431207684103991,True
D4,24,72,1.0493489328047092,False
D4,24,73,0.6570014715338824,False
D4,24,74,0.795042418521071,True
D4,24,75,0.7233575976663861,True
D4,24,76,1.100207614223241,True
D4,24,77,0.7324126785626013,True
D4,24,78,1.1514662180936157,True
D4,24,79,1.5671900381716934,False
D4,24,80,1.7009356546732544,True
D4,24,81,2.3004307651431213,True
D4,24,82,1.158010247820108,True
D4,24,83,1.4428805516425232,False
D4,24,84,1.092111591296959,True
D4,24,85,1.2577338066574328,True
D4,24,86,2.205397681228829,True
D4,24,87,0.9923949121710094,True
D4,24,88,0.609433507243347,False
D4,24,89,1.0808919514992097,True
D4,24,90,1.8209093319967231,True
D4,24,91,0.46116367820320625,True
D4,24,92,1.4720739674637997,True
D4,24,93,2.568042714214065,True
D4,24,94,1.0941664235845014,True
D4,24,95,0.9538892153838598,True
D4,24,96,0.7462090758390094,True
D4,24,97,1.9718654521286918,True
D4,24,98,1.2786758421290885,True
D4,24,99,1.210823866075024,False
D4,24,100,1.6359367048947528,True
D4,24,101,0.619655249925516,True
D4,24,102,1.1696502769484187,True
D4,24,103,1.0653864579570476,True
D4,24,104,0.677341450222662,True
D4,24,105,0.5448900201941699,True
D4,24,106,0.6263784051648118,True
D4,24,107,1.7713437045491525,True
D4,24,108,1.8439898029616086,True
D4,24,109,0.9421075124476721,True
D4,24,110,2.3295692612063092,True
D4,24,111,1.862533152566967,True
D4,24,112,1.2977831273489477,True
D4,24,113,0.7417869363256405,True
D4,24,114,1.0515565055530072,True
D4,24,115,0.664222342337936,True
D4,24,116,1.151311906056637,False
D4,24,117,2.6474305846141903,True
D4,24,118,0.5405126444911611,True
D4,24,119,1.4962942964261154,True
D4,24,120,0.9300524188058623,True
D4,24,121,0.7137077525085789,True
D4,24,122,0.46512682910675796,False
D4,24,123,1.2652711418851714,True
D4,24,124,1.6202948022957169,True
D4,24,125,2.4412027563137646,True
D4,24,126,1.4268841641816765,False
D4,24,127,0.5847235471153985,True
D4,24,128,1.7071714500556252,True
D4,24,129,2.067663028051891,True
D4,24,130,0.8778282069446416,False
D4,24,131,1.2422355208559013,False
D4,24,132,1.2271898091482938,True
D4,24,133,1.239154164771416,True
D4,24,134,0.6840753554155472,True
D4,24,135,1.4497224473585189,False
D4,24,136,0.8640417850205409,True
D4,24,137,1.4509133151501208,False
D4,24,138,0.6272448932618011,True
D4,24,139,0.483038960997568,True
D4,24,140,1.3308457914535015,True
D4,24,141,2.08799427441227,True
D4,24,142,0.784541067308184,False
D4,24,143,1.8828484760832103,True
D4,24,144,1.3119671598584257,True
D4,24,145,1.2330840681850486,True
D4,24,146,1.592989589278738,False
D4,24,147,2.2611985249988136,True
D4,24,148,0.9114263472540219,True
D4,24,149,0.9756125332874528,True
D4,24,150,1.9799821531710273,True
D4,24,151,0.5949965142264202,True
D4,24,152,1.4873264311291519,True
D4,24,153,1.0578351036822538,False
D4,24,154,0.7866414016722075,False
D4,24,155,1.9766908682926945,False
D4,24,156,1.0740342285442903,False
D4,24,157,1.9828198559264831,True
D4,24,158,2.1363320016176703,True
D4,24,159,1.3819574949684532,True
D4,24,160,1.4678423290158544,True
D4,24,161,0.703477545703839,True
D4,24,162,0.768058351861,True
D4,24,163,1.215605172681448,False
D4,24,164,1.0335835124188224,True
D4,24,165,1.4105186300195962,True
D4,24,166,0.6648295514929897,True
D4,24,167,1.6400899164997307,True
D4,24,168,1.0747087434871017,True
D4,24,169,1.8202009966125314,True
D4,24,170,0.9862669482775319,False
D4,24,171,1.1754057899763708,True
D4,24,172,0.803498082369257,True
D4,24,173,1.7368537075171457,True
D4,24,174,0.6236021418541594,True
D4,24,175,0.5251443136106132,True
D4,24,176,1.8386054750209453,True
D4,24,177,0.8633382774348336,True
D4,24,178,1.481903696261161,False
D4,24,179,1.7323280357984427,True
D4,24,180,0.5222882976521733,False
D4,24,181,1.3196712545693183,True
D4,24,182,1.5018976882407469,True
D4,24,183,1.2150340033176037,False
D4,24,184,1.6220014324981096,True
D4,24,185,1.3200157382172664,True
D4,24,186,0.9440629354709249,True
D4,24,187,1.3905156309799496,True
D4,24,188,1.0688507835575838,False
D4,24,189,1.4224460103362098,True
D4,24,190,1.673179732129432,True
D4,24,191,1.489017023828361,True
D4,24,192,2.2268810060713,True
D4,24,193,0.8704962922520766,False
D4,24,194,1.0843798954625792,False
D4,24,195,1.0888508705692412,True
D4,24,196,0.7010691297406256,True
D4,24,197,0.927628592051773,True
D4,24,198,0.6346420000534388,True
D4,24,199,0.7678410249729642,False
D4,48,0,1.3520741293985281,False
D4,48,1,0.8244283409528168,False
D4,48,2,1.0712270921282978,False
D4,48,3,0.8420401554117176,False
D4,48,4,1.364430810391159,False
D4,48,5,1.5526528146414607,False
D4,48,6,1.1101998948000817,False
D4,48,7,0.7178489671797738,False
D4,48,8,0.834383133162936,False
D4,48,9,0.8413990467328574,False
D4,48,10,0.3779665898827671,False
D4,48,11,1.1612675828501187,False
D4,48,12,0.7706288817563737,False
D4,48,13,1.0536439883186353,False
D4,48,14,0.41199729194580503,False
D4,48,15,0.9143187931036861,False
D4,48,16,1.2368982265543247,False
D4,48,17,1.1673078619025925,False
D4,48,18,0.5192226757375541,False
D4,48,19,1.3276152695607073,False
D4,48,20,0.5778294661589176,False
D4,48,21,1.425403534538681,False
D4,48,22,1.1731290934245104,False
D4,48,23,1.1290238663357448,False
D4,48,24,1.0610152595065072,False
D4,48,25,0.8711958220114949,False
D4,48,26,0.9159825828280135,False
D4,48,27,0.7083323914326206,False
D4,48,28,1.2454928935525824,False
D4,48,29,0.5627675963907504,False
D4,48,30,1.2894319777224261,False
D4,48,31,1.435807653646906,False
D4,48,32,1.0803602043438014,False
D4,48,33,0.6831189083682466,False
D4,48,34,0.5785802496782882,False
D4,48,35,1.3642862978330754,False
D4,48,36,0.9574926012011458,False
D4,48,37,0.8846657548744996,False
D4,48,38,0.6573988567184051,False
D4,48,39,0.4509621794634193,False
D4,48,40,1.6199223902275293,False
D4,48,41,0.7167506753049055,False
D4,48,42,0.6285654500880458,False
D4,48,43,1.0096280620598705,False
D4,48,44,0.7047016328273047,False
D4,48,45,1.2563107643172933,False
D4,48,46,1.0177783412673072,False
D4,48,47,0.5134988042184279,False
D4,48,48,0.7358837168002255,False
D4,48,49,1.2352672886573877,False
D4,48,50,0.9282013776381631,False
D4,48,51,0.5536513780090832,False
D4,48,52,0.36509988731529963,False
D4,48,53,1.1816250536084032,False
D4,48,54,1.3601643916395958,False
D4,48,55,1.2617851141874217,False
D4,48,56,0.7474199877833473,False
D4,48,57,1.6672252669958556,False
D4,48,58,0.8160477398501138,False
D4,48,59,0.9553987701747146,False
D4,48,60,0.454897208122176,False
D4,48,61,0.7995928213072947,False
D4,48,62,0.3092327861208343,False
D4,48,63,1.0419415352989014,False
D4,48,64,0.7735763637879703,False
D4,48,65,0.8680960429370022,False
D4,48,66,1.0269075099193963,False
D4,48,67,0.7201351025640589,False
D4,48,68,1.3964532338006581,False
D4,48,69,0.6974807070174458,False
D4,48,70,0.6155612736444723,False
D4,48,71,0.9628388615782609,False
D4,48,72,1.245213099695513,False
D4,48,73,1.0731556821724777,False
D4,48,74,0.6794896804156407,False
D4,48,75,0.8441448178756085,False
D4,48,76,0.41566700366486653,False
D4,48,77,0.8780721500798123,False
D4,48,78,0.6721276798806323,False
D4,48,79,1.6990641891088585,False
D4,48,80,0.738782104581017,False
D4,48,81,0.7419631552603386,False
D4,48,82,0.7845789665391306,False
D4,48,83,1.19798861734473,False
D4,48,84,1.389773347541886,False
D4,48,85,0.8956052521492265,False
D4,48,86,1.0251087942681272,False
D4,48,87,0.45484100021677265,False
D4,48,88,0.6805028332834433,False
D4,48,89,0.9135003243846366,False
D4,48,90,0.8566991824476896,False
D4,48,91,1.10894091706602,False
D4,48,92,0.5001925387309474,False
D4,48,93,1.1481672380664365,False
D4,48,94,1.2206626005292327,False
D4,48,95,1.423469613736124,False
D4,48,96,1.024888779228897,False
D4,48,97,1.0543087211424922,False
D4,48,98,0.5897354794067979,False
D4,48,99,0.5906153966427405,False
D4,48,100,0.7203149195647212,False
D4,48,101,1.4373243238667952,False
D4,48,102,0.7468654597896186,False
D4,48,103,1.064053412125516,False
D4,48,104,0.9501182330219393,False
D4,48,105,0.6065589229362451,False
D4,48,106,0.36478510388184354,False
D4,48,107,1.4610396147987785,False
D4,48,108,0.6528319462045612,False
D4,48,109,0.5251463603603831,False
D4,48,110,1.2335811142763868,False
D4,48,111,1.4918507689455027,False
D4,48,112,1.4883986069058779,False
D4,48,113,1.1796420022050527,False
D4,48,114,0.5436206796132658,False
D4,48,115,0.8916987721955679,False
D4,48,116,0.9992728193462456,False
D4,48,117,1.66206935972225,False
D4,48,118,0.7769748071909146,False
D4,48,119,1.5412205661365763,False
D4,48,120,0.8052738093814386,False
D4,48,121,1.7214867965002423,False
D4,48,122,0.9011852168080794,False
D4,48,123,1.3058010996424294,False
D4,48,124,0.809397561117653,False
D4,48,125,0.5196516212878954,False
D4,48,126,1.0494366468545957,False
D4,48,127,0.8863879873404652,False
D4,48,128,0.720860876504381,False
D4,48,129,0.8314919057299915,False
D4,48,130,0.8220550866403575,False
D4,48,131,0.6213899622035686,False
D4,48,132,0.8688901978492422,False
D4,48,133,0.8084673506702422,False
D4,48,134,0.5369425947973135,False
D4,48,135,0.5662634120370881,False
D4,48,136,0.9212705935593571,False
D4,48,137,1.540671096481923,False
D4,48,138,0.9407538891257403,False
D4,48,139,0.9026590931503202,False
D4,48,140,1.0015110772817637,False
D4,48,141,0.6599286310004082,False
D4,48,142,0.7362555499259374,False
D4,48,143,0.46766737611437154,False
D4,48,144,0.7801017210138931,False
D4,48,145,0.8540658664797939,False
D4,48,146,0.5544522849191136,False
D4,48,147,1.009358251381646,False
D4,48,148,1.0183899330545454,False
D4,48,149,0.8942426981786339,False
D4,48,150,0.4248110602667234,False
D4,48,151,1.767086691328589,False
D4,48,152,1.0057325668359334,False
D4,48,153,0.46742149798787674,False
D4,48,154,0.8677112045154047,False
D4,48,155,0.9538089853472459,False
D4,48,156,0.7610769086485846,False
D4,48,157,0.6834806320263092,False
D4,48,158,1.017247632769468,False
D4,48,159,1.3095483460071096,False
D4,48,160,0.8859044338745531,False
D4,48,161,1.5583125261652622,False
D4,48,162,0.7079158576178968,False
D4,48,163,0.6543793746900217,False
D4,48,164,0.6676532079300141,False
D4,48,165,0.5806146251680483,False
D4,48,166,0.8532718119620666,False
D4,48,167,0.7883781248735389,False
D4,48,168,0.6152502213474502,False
D4,48,169,0.9870371664510783,False
D4,48,170,0.7083031050727655,False
D4,48,171,0.596011803322863,False
D4,48,172,1.113611412974587,False
D4,48,173,0.5903558677815265,False
D4,48,174,1.0510699071989082,False
D4,48,175,0.46130274530327603,False
D4,48,176,0.9780731601361309,False
D4,48,177,0.8401149887983587,False
D4,48,178,0.7107092823103852,False
D4,48,179,0.7845422729163145,False
D4,48,180,0.6946633273479178,False
D4,48,181,0.8029698170201945,False
D4,48,182,0.759538034093948,False
D4,48,183,0.5352229797878106,False
D4,48,184,0.8025181979882524,False
D4,48,185,1.0130178004421169,False
D4,48,186,0.8802157930279499,False
D4,48,187,0.8003155738038294,False
D4,48,188,1.22224406617527,False
D4,48,189,1.1235203894265144,False
D4,48,190,1.002487064380993,False
D4,48,191,0.5651094979126984,False
D4,48,192,0.7218616606531982,False
D4,48,193,0.9090380368148102,False
D4,48,194,1.8414194544464626,False
D4,48,195,0.4969252125791121,False
D4,48,196,1.0428137735909964,False
D4,48,197,0.43990642136343394,False
D4,48,198,1.2881019665207354,False
D4,48,199,1.8062573658531096,False
D4,96,0,0.7794649415952062,False
D4,96,1,1.1145477606972543,False
D4,96,2,0.8800081572673298,False
D4,96,3,0.675440632889757,False
D4,96,4,0.8718837930987717,False
D4,96,5,0.6332796937637694,False
D4,96,6,1.3590490207135724,False
D4,96,7,0.5918289001397918,False
D4,96,8,0.8483566157236826,False
D4,96,9,0.5923596166456413,False
D4,96,10,1.3353035122640007,False
D4,96,11,0.74160079433188,False
D4,96,12,1.216882929495436,False
D4,96,13,0.6249640899208218,False
D4,96,14,0.756189310799047,False
D4,96,15,0.7663749611624046,False
D4,96,16,1.470553891285392,False
D4,96,17,0.936015012217374,False
D4,96,18,0.7576952291097775,False
D4,96,19,0.6887790585446455,False
D4,96,20,1.3118647994143784,False
D4,96,21,0.6317180976933252,False
D4,96,22,0.6613214316656957,False
D4,96,23,0.8118802826557305,False
D4,96,24,0.7750298063996056,False
D4,96,25,0.8728338000341854,False
D4,96,26,0.364034950350171,False
D4,96,27,0.7838370024210444,False
D4,96,28,0.4962526882676185,False
D4,96,29,0.5958629933237541,False
D4,96,30,1.0536647123723502,False
D4,96,31,1.0666672491863176,False
D4,96,32,0.6153989654944233,False
D4,96,33,0.418662082339319,False
D4,96,34,0.6406047213498312,False
D4,96,35,1.4403290147662775,False
D4,96,36,0.7590160607737149,False
D4,96,37,0.9793985826203205,False
D4,96,38,1.0225027002297262,False
D4,96,39,0.8581575405655697,False
D4,96,40,0.7814578653293651,False
D4,96,41,0.9325854757430296,False
D4,96,42,0.77690843429687,False
D4,96,43,0.7280874060833484,False
D4,96,44,0.8877140320046777,False
D4,96,45,1.0015616800772962,False
D4,96,46,0.8818308016034498,False
D4,96,47,1.5344175598176097,False
D4,96,48,1.2656602435219413,False
D4,96,49,1.0091771111121555,False
D4,96,50,0.7435698673778539,False
D4,96,51,0.5354797146704303,False
D4,96,52,0.7151465863258711,False
D4,96,53,1.0122479080715223,False
D4,96,54,0.9430571730366583,False
D4,96,55,0.9998625797113067,False
D4,96,56,0.7477709406939078,False
D4,96,57,1.2211666393113283,False
D4,96,58,0.7289438624290441,False
D4,96,59,0.7972221217224432,False
D4,96,60,0.47851560588727954,False
D4,96,61,0.7615620550009585,False
D4,96,62,0.9658421525009462,False
D4,96,63,1.279641423680811,False
D4,96,64,0.8005943373730372,False
D4,96,65,0.6680825296693832,False
D4,96,66,0.518041229977267,False
D4,96,67,0.6066085135747522,False
D4,96,68,0.8388040300930564,False
D4,96,69,0.8124738407500014,False
D4,96,70,1.2790944890649776,False
D4,96,71,1.0334979158233095,False
D4,96,72,0.9781174158454586,False
D4,96,73,0.35517761221825617,False
D4,96,74,0.9003198841965158,False
D4,96,75,0.6898395496962675,False
D4,96,76,0.5104544773795879,False
D4,96,77,0.952539216201017,False
D4,96,78,0.5755393904120468,False
D4,96,79,0.7266787375977234,False
D4,96,80,0.6316301292238606,False
D4,96,81,1.0031714601572723,False
D4,96,82,0.34632659436811253,False
D4,96,83,0.4689813926769686,False
D4,96,84,0.9300010052038186,False
D4,96,85,1.0841462458979163,False
D4,96,86,0.6383792900722565,False
D4,96,87,0.9628165787970105,False
D4,96,88,1.1598205566262085,False
D4,96,89,0.7455992916825105,False
D4,96,90,0.8191790517264226,False
D4,96,91,0.8535432488103916,False
D4,96,92,0.5898402127946468,False
D4,96,93,0.5513118621473346,False
D4,96,94,1.0154748556706574,False
D4,96,95,1.0739043095120713,False
D4,96,96,0.7111498157881553,False
D4,96,97,1.1758771994980395,False
D4,96,98,1.636972819589937,False
D4,96,99,1.3844967459584747,False
D4,96,100,0.9179855032339455,False
D4,96,101,0.6798437514855133,False
D4,96,102,0.5331067498361203,False
D4,96,103,0.5001427272086635,False
D4,96,104,1.3573456393420702,False
D4,96,105,0.6173097017079492,False
D4,96,106,0.8334291248868999,False
D4,96,107,0.9593170819806709,False
D4,96,108,0.6031977020455764,False
D4,96,109,0.4876605829149558,False
D4,96,110,1.075529962245032,False
D4,96,111,0.6666586763073923,False
D4,96,112,0.2807114932966546,False
D4,96,113,1.0460512139174487,False
D4,96,114,0.4700920299098416,False
D4,96,115,0.8449604370989163,False
D4,96,116,0.8922712974718906,False
D4,96,117,1.1443046380239814,False
D4,96,118,0.7598331717307529,False
D4,96,119,0.6989788304671414,False
D4,96,120,0.7307308145965747,False
D4,96,121,0.5325517199941371,False
D4,96,122,0.6877299438049359,False
D4,96,123,0.8084936145116501,False
D4,96,124,1.1115213798600247,False
D4,96,125,0.5988706090632687,False
D4,96,126,0.8226455585564836,False
D4,96,127,0.45801795850470317,False
D4,96,128,0.7526541224432372,False
D4,96,129,1.050684575392828,False
D4,96,130,0.7961422298398748,False
D4,96,131,0.4874811520920631,False
D4,96,132,0.7401709089913507,False
D4,96,133,0.6835634473415962,False
D4,96,134,1.085524017159244,False
D4,96,135,0.6558858682148311,False
D4,96,136,0.8901482792038641,False
D4,96,137,0.7110954580935874,False
D4,96,138,0.5773034589373462,False
D4,96,139,0.8148403305475329,False
D4,96,140,0.658856850189445,False
D4,96,141,0.4914632573819634,False
D4,96,142,0.5362719192450739,False
D4,96,143,0.9710286186969799,False
D4,96,144,0.6929615083719165,False
D4,96,145,0.7417992092441326,False
D4,96,146,1.4243049433766901,False
D4,96,147,0.8760479760483126,False
D4,96,148,0.5885139310855785,False
D4,96,149,0.8281855801391094,False
D4,96,150,1.0788851941330397,False
D4,96,151,1.068781230125659,False
D4,96,152,0.4849089610468063,False
D4,96,153,0.7699701170515734,False
D4,96,154,1.0373092917133053,False
D4,96,155,0.8087646666032582,False
D4,96,156,0.9129607722811488,False
D4,96,157,0.5666492164868681,False
D4,96,158,0.5816470514848323,False
D4,96,159,0.6886705683621527,False
D4,96,160,0.5086873875528807,False
D4,96,161,0.8001687284988487,False
D4,96,162,0.723495784453306,False
D4,96,163,0.6996919626879227,False
D4,96,164,1.2241345517295377,False
D4,96,165,0.819016384832231,False
D4,96,166,1.0019784846962503,False
D4,96,167,0.7717851650653368,False
D4,96,168,0.757878418030233,False
D4,96,169,1.8707845090680921,False
D4,96,170,0.4908788161828601,False
D4,96,171,1.1438816053579752,False
D4,96,172,0.7444253437478154,False
D4,96,173,0.7931950230618816,False
D4,96,174,0.8904050031931062,False
D4,96,175,0.8978986062506649,False
D4,96,176,1.3313083605315814,False
D4,96,177,0.9531913760056852,False
D4,96,178,0.5921101739030984,False
D4,96,179,0.788608884915487,False
D4,96,180,0.8145282323415967,False
D4,96,181,0.8375704524346852,False
D4,96,182,1.0528151296870962,False
D4,96,183,0.9780178432346202,False
D4,96,184,0.7526695013044877,False
D4,96,185,0.8877084843673457,False
D4,96,186,1.4236130060522503,False
D4,96,187,1.6424153780697535,False
D4,96,188,0.6946200017611406,False
D4,96,189,0.8916480780461998,False
D4,96,190,0.6872361800407338,False
D4,96,191,0.9440968344273465,False
D4,96,192,0.979035079203604,False
D4,96,193,1.3799131313552189,False
D4,96,194,1.4325600753067607,False
D4,96,195,0.840126384896306,False
D4,96,196,1.2012874178078994,False
D4,96,197,0.3053328496983064,False
D4,96,198,1.0448561022281089,False
D4,96,199,1.2989040738601068,False
D4,200,0,1.1424511327333025,False
D4,200,1,0.8834133362437464,False
D4,200,2,0.995261086623258,False
D4,200,3,0.8435353222671622,False
D4,200,4,0.7763349243301008,False
D4,200,5,0.7067554058838403,False
D4,200,6,1.360791234918322,False
D4,200,7,0.45760153770016976,False
D4,200,8,0.8549946089712956,False
D4,200,9,0.904078451810141,False
D4,200,10,0.6871400373643474,False
D4,200,11,0.7903384766962679,False
D4,200,12,1.165542856717723,False
D4,200,13,0.5196465506144141,False
D4,200,14,0.8337051961334689,False
D4,200,15,0.7546167211888258,False
D4,200,16,1.0219095071564963,False
D4,200,17,0.6825404909831261,False
D4,200,18,0.4410793915081718,False
D4,200,19,1.0049179098417722,False
D4,200,20,0.9413236932412277,False
D4,200,21,1.0388604737663996,False
D4,200,22,0.9565294364788525,False
D4,200,23,0.8371394155579274,False
D4,200,24,0.7601176558918823,False
D4,200,25,1.389578333029862,False
D4,200,26,0.563413297814232,False
D4,200,27,0.6857684900577047,False
D4,200,28,0.5059170442683845,False
D4,200,29,1.2253227989835394,False
D4,200,30,1.0799592604354584,False
D4,200,31,1.3249331320328692,False
D4,200,32,0.5422217304409703,False
D4,200,33,0.5757060444001931,False
D4,200,34,0.7793912399519539,False
D4,200,35,0.8090712817862931,False
D4,200,36,1.1224314100249684,False
D4,200,37,0.5071788960089256,False
D4,200,38,1.0500624821838689,False
D4,200,39,0.7838799863051136,False
D4,200,40,0.7311610684051256,False
D4,200,41,1.0700467612477023,False
D4,200,42,1.497020199365512,False
D4,200,43,0.77188812607993,False
D4,200,44,1.252522129094753,False
D4,200,45,0.642626291920269,False
D4,200,46,1.5384878312986248,False
D4,200,47,0.6364238420056529,False
D4,200,48,1.094787712357581,False
D4,200,49,0.7856729965550472,False
D4,200,50,0.9576154553609875,False
D4,200,51,0.9878259462822301,False
D4,200,52,0.35966258322491884,False
D4,200,53,0.6359043584156403,False
D4,200,54,1.6457655661047106,False
D4,200,55,0.661849084744654,False
D4,200,56,0.5071922539580662,False
D4,200,57,0.6413729183246479,False
D4,200,58,0.7833847231235426,False
D4,200,59,0.4326478708214055,False
D4,200,60,1.0509391998953368,False
D4,200,61,0.8012981360554283,False
D4,200,62,0.9857023255329017,False
D4,200,63,1.0929023419153208,False
D4,200,64,0.7553182199975934,False
D4,200,65,0.5613104010890239,False
D4,200,66,0.3523271650631348,False
D4,200,67,0.7617422542593155,False
D4,200,68,0.8420544920806735,False
D4,200,69,0.7340961125631214,False
D4,200,70,0.745213180403744,False
D4,200,71,0.8449027482258868,False
D4,200,72,1.1716358194202303,False
D4,200,73,0.5199499079775529,False
D4,200,74,0.9804224660486003,False
D4,200,75,1.024860871772603,False
D4,200,76,0.6850013843100218,False
D4,200,77,0.9993664824044457,False
D4,200,78,0.50973645377706,False
D4,200,79,0.8470692031987085,False
D4,200,80,1.1243379642689233,False
D4,200,81,1.328987595147764,False
D4,200,82,1.6554769697406724,False
D4,200,83,1.0701413773972361,False
D4,200,84,0.9903250374817664,False
D4,200,85,1.8793384735613659,False
D4,200,86,0.6063227180169741,False
D4,200,87,1.157913410260536,False
D4,200,88,0.9182893189852915,False
D4,200,89,1.013611514762663,False
D4,200,90,0.9968913972887193,False
D4,200,91,0.5642228314128902,False
D4,200,92,0.8257200733509398,False
D4,200,93,0.6628818576652564,False
D4,200,94,1.0050142437444969,False
D4,200,95,0.5579318346740031,False
D4,200,96,0.7395968178059273,False
D4,200,97,0.8540999463554705,False
D4,200,98,0.9009041109625964,False
D4,200,99,0.701277855482061,False
D4,200,100,0.6473482234618914,False
D4,200,101,1.0380319878485944,False
D4,200,102,1.2606529134467273,False
D4,200,103,0.717928994638157,False
D4,200,104,0.6575007955626592,False
D4,200,105,1.1134206980865629,False
D4,200,106,0.904417334194518,False
D4,200,107,1.4254126791564332,False
D4,200,108,0.8574955856700243,False
D4,200,109,0.8032966382325758,False
D4,200,110,0.7461965449068103,False
D4,200,111,1.1477953159558947,False
D4,200,112,0.8421515910949815,False
D4,200,113,0.6245934431819241,False
D4,200,114,0.7598173367759828,False
D4,200,115,1.0877402212057552,False
D4,200,116,0.6747666093718656,False
D4,200,117,0.5937528459415622,False
D4,200,118,0.5422814182378513,False
D4,200,119,0.8553120164936424,False
D4,200,120,1.129252001628745,False
D4,200,121,0.488326291452307,False
D4,200,122,0.6495011088174862,False
D4,200,123,0.7678708859449228,False
D4,200,124,0.7902593764678608,False
D4,200,125,0.7155824295353445,False
D4,200,126,0.797579574484784,False
D4,200,127,0.8214105270756799,False
D4,200,128,0.7893013402847849,False
D4,200,129,0.5978374221090061,False
D4,200,130,1.4183883302703644,False
D4,200,131,0.706207200112927,False
D4,200,132,0.9882162518106942,False
D4,200,133,0.4996551391034093,False
D4,200,134,0.7040615718875498,False
D4,200,135,0.5014347420954771,False
D4,200,136,0.9924955103758148,False
D4,200,137,0.9180987482011278,False
D4,200,138,0.9260700574032842,False
D4,200,139,0.833465919494691,False
D4,200,140,0.6314666099098433,False
D4,200,141,0.8028913274375897,False
D4,200,142,0.6743061178464114,False
D4,200,143,1.1741130385908451,False
D4,200,144,0.6788516233509709,False
D4,200,145,1.487612001201497,False
D4,200,146,0.5740070547311693,False
D4,200,147,0.662467981082292,False
D4,200,148,1.343919146001996,False
D4,200,149,0.8447328711520351,False
D4,200,150,0.6020760366466227,False
D4,200,151,0.6267689982984805,False
D4,200,152,0.9341977424558296,False
D4,200,153,1.0024255353310219,False
D4,200,154,0.9392605625789979,False
D4,200,155,0.7166702274247289,False
D4,200,156,0.8547211787769822,False
D4,200,157,0.6635312701800627,False
D4,200,158,0.8167395832135497,False
D4,200,159,0.6087049182358629,False
D4,200,160,0.6577763300175016,False
D4,200,161,0.7766482571689971,False
D4,200,162,0.3773704651128767,False
D4,200,163,1.0684099927440556,False
D4,200,164,0.6429116403161079,False
D4,200,165,1.1165517756845833,False
D4,200,166,0.8377917048870565,False
D4,200,167,0.8176282188966403,False
D4,200,168,0.5070603606949902,False
D4,200,169,0.9496333813894572,False
D4,200,170,0.7915802452746346,False
D4,200,171,0.9745951040635915,False
D4,200,172,0.8979408668578865,False
D4,200,173,1.173362390081736,False
D4,200,174,0.45034855970545007,False
D4,200,175,1.4021724174301489,False
D4,200,176,2.0193920349768986,False
D4,200,177,0.8171765664916014,False
D4,200,178,0.7628986160125067,False
D4,200,179,0.9704185669894716,False
D4,200,180,0.5631357148866973,False
D4,200,181,1.2473307977649941,False
D4,200,182,0.8636047703590728,False
D4,200,183,0.6577873144610649,False
D4,200,184,0.8809994561924596,False
D4,200,185,1.0177558460005867,False
D4,200,186,0.8275304653666719,False
D4,200,187,0.9586741718420981,False
D4,200,188,0.8627067906492643,False
D4,200,189,0.7997211577724496,False
D4,200,190,1.3316369877727332,False
D4,200,191,0.787533257681648,False
D4,200,192,1.0180925763182518,False
D4,200,193,0.9019569964498101,False
D4,200,194,1.2975807420958538,False
D4,200,195,0.5960125616484999,False
D4,200,196,0.9206627133374321,False
D4,200,197,0.46846440931759986,False
D4,200,198,0.5853914032101266,False
D4,200,199,0.8041610890000362,False
